step,speed_mps,applied_power_w,power_deficit_w,friction_braking_w,soc,temperature_c,reward,rc_tracking_error,rc_energy_cost,rc_regen_recovery,rc_thermal_stress,rc_safety_penalty,cycle_id,controller
1,0.0,0.0,0.0,0.0,0.5,25.0,0.0,0.0,0.0,0.0,0.0,0.0,epa_udds,RuleBasedEMS
2,0.0,0.0,0.0,0.0,0.5,25.0,0.0,0.0,0.0,0.0,0.0,0.0,epa_udds,RuleBasedEMS
3,0.0,0.0,0.0,0.0,0.5,25.0,0.0,0.0,0.0,0.0,0.0,0.0,epa_udds,RuleBasedEMS
4,0.0,0.0,0.0,0.0,0.5,25.0,0.0,0.0,0.0,0.0,0.0,0.0,epa_udds,RuleBasedEMS
5,0.0,0.0,0.0,0.0,0.5,25.0,0.0,0.0,0.0,0.0,0.0,0.0,epa_udds,RuleBasedEMS
6,0.0,0.0,0.0,0.0,0.5,25.0,0.0,0.0,0.0,0.0,0.0,0.0,epa_udds,RuleBasedEMS
7,0.0,0.0,0.0,0.0,0.5,25.0,0.0,0.0,0.0,0.0,0.0,0.0,epa_udds,RuleBasedEMS
8,0.0,0.0,0.0,0.0,0.5,25.0,0.0,0.0,0.0,0.0,0.0,0.0,epa_udds,RuleBasedEMS
9,0.0,0.0,0.0,0.0,0.5,25.0,0.0,0.0,0.0,0.0,0.0,0.0,epa_udds,RuleBasedEMS
10,0.0,0.0,0.0,0.0,0.5,25.0,0.0,0.0,0.0,0.0,0.0,0.0,epa_udds,RuleBasedEMS
11,0.0,0.0,0.0,0.0,0.5,25.0,0.0,0.0,0.0,0.0,0.0,0.0,epa_udds,RuleBasedEMS
12,0.0,0.0,0.0,0.0,0.5,25.0,0.0,0.0,0.0,0.0,0.0,0.0,epa_udds,RuleBasedEMS
13,0.0,0.0,0.0,0.0,0.5,25.0,0.0,0.0,0.0,0.0,0.0,0.0,epa_udds,RuleBasedEMS
14,0.0,0.0,0.0,0.0,0.5,25.0,0.0,0.0,0.0,0.0,0.0,0.0,epa_udds,RuleBasedEMS
15,0.0,0.0,0.0,0.0,0.5,25.0,0.0,0.0,0.0,0.0,0.0,0.0,epa_udds,RuleBasedEMS
16,0.0,0.0,0.0,0.0,0.5,25.0,0.0,0.0,0.0,0.0,0.0,0.0,epa_udds,RuleBasedEMS
17,0.0,0.0,0.0,0.0,0.5,25.0,0.0,0.0,0.0,0.0,0.0,0.0,epa_udds,RuleBasedEMS
18,0.0,0.0,0.0,0.0,0.5,25.0,0.0,0.0,0.0,0.0,0.0,0.0,epa_udds,RuleBasedEMS
19,0.0,0.0,0.0,0.0,0.5,25.0,0.0,0.0,0.0,0.0,0.0,0.0,epa_udds,RuleBasedEMS
20,0.0,0.0,0.0,0.0,0.5,25.0,0.0,0.0,0.0,0.0,0.0,0.0,epa_udds,RuleBasedEMS
21,0.0,0.0,0.0,0.0,0.5,25.0,0.0,0.0,0.0,0.0,0.0,0.0,epa_udds,RuleBasedEMS
22,0.3353,-226.07389744843724,0.0,0.0,0.4999985780979317,25.000000048309246,-0.0004249509350534535,0.0,0.0021247546752672674,0.0,0.0,0.0,epa_udds,RuleBasedEMS
23,0.6706,-452.28032625416466,0.0,0.0,0.49999573345800014,25.000000241670623,-0.0008501509891995578,0.0,0.004250754945997789,0.0,0.0,0.0,epa_udds,RuleBasedEMS
24,1.0058,-678.5277643686871,0.0,0.0,0.49999146581679005,25.000000676977383,-0.0012754281285125698,0.0,0.006377140642562849,0.0,0.0,0.0,epa_udds,RuleBasedEMS
25,1.3411,-905.5531694028277,0.0,0.0,0.49998577027261154,25.000001452638365,-0.0017021676116594508,0.0,0.008510838058297254,0.0,0.0,0.0,epa_udds,RuleBasedEMS
26,1.6764,-1132.9522025621486,0.0,0.0,0.4999786444638391,25.00000266749328,-0.0021296094033123095,0.0,0.010648047016561546,0.0,0.0,0.0,epa_udds,RuleBasedEMS
27,2.0117,-1361.013852981718,0.0,0.0,0.49997008420827793,25.000004421985608,-0.002558296716131049,0.0,0.012791483580655244,0.0,0.0,0.0,epa_udds,RuleBasedEMS
28,2.7894,-3812.872009899653,0.0,0.0,0.49994610259931166,25.000018170912927,-0.007167052650187318,0.0,0.03583526325093659,0.0,0.0,0.0,epa_udds,RuleBasedEMS
29,3.1247,-2124.4801819076883,0.0,0.0,0.49993274020385936,25.000022459662794,-0.003993383800578362,0.0,0.019966919002891808,0.0,0.0,0.0,epa_udds,RuleBasedEMS
30,3.4242,-2141.3554372566655,0.0,0.0,0.4999192715798026,25.000026828725375,-0.0040251042053696725,0.0,0.02012552102684836,0.0,0.0,0.0,epa_udds,RuleBasedEMS
31,3.6907,-2122.658311047381,0.0,0.0,0.49990592047095705,25.00003113691406,-0.00398995923129207,0.0,0.01994979615646035,0.0,0.0,0.0,epa_udds,RuleBasedEMS
32,3.9298,-2096.8724302685746,0.0,0.0,0.4998927314693416,25.00003535844169,-0.003941489530580027,0.0,0.019707447652900136,0.0,0.0,0.0,epa_udds,RuleBasedEMS
33,4.1493,-2091.7978440989486,0.0,0.0,0.49987957430887203,25.000039577406508,-0.0039319508347724595,0.0,0.019659754173862298,0.0,0.0,0.0,epa_udds,RuleBasedEMS
34,4.3586,-2132.7042083472033,0.0,0.0,0.4998661597760342,25.000043978573576,-0.0040088424968932395,0.0,0.0200442124844662,0.0,0.0,0.0,epa_udds,RuleBasedEMS
35,4.568,-2240.879475773714,0.0,0.0,0.4998520647499987,25.00004884757275,-0.0042121794657400645,0.0,0.021060897328700322,0.0,0.0,0.0,epa_udds,RuleBasedEMS
36,4.7875,-2429.5351310395786,0.0,0.0,0.4998367829991323,25.00005457278903,-0.004566795359096952,0.0,0.02283397679548476,0.0,0.0,0.0,epa_udds,RuleBasedEMS
37,5.0266,-2711.0392619135573,0.0,0.0,0.4998197304818524,25.000061693454956,-0.005095938462243529,0.0,0.025479692311217644,0.0,0.0,0.0,epa_udds,RuleBasedEMS
38,5.2931,-3088.9065201897806,0.0,0.0,0.4998003010294584,25.000070919670364,-0.005806215263514626,0.0,0.029031076317573127,0.0,0.0,0.0,epa_udds,RuleBasedEMS
39,5.5926,-3561.4572179881384,0.0,0.0,0.49977789901306097,25.000083159490984,-0.006694468454864922,0.0,0.03347234227432461,0.0,0.0,0.0,epa_udds,RuleBasedEMS
40,5.9278,-4117.521620780175,0.0,0.0,0.49975199903119344,25.000099491125763,-0.0077397022946995775,0.0,0.038698511473497885,0.0,0.0,0.0,epa_udds,RuleBasedEMS
41,6.299,-4744.857342168054,0.0,0.0,0.49972215265279196,25.000121150341617,-0.00891890477851138,0.0,0.0445945238925569,0.0,0.0,0.0,epa_udds,RuleBasedEMS
42,6.5168,-3364.525294672221,0.0,0.0,0.49970098864115364,25.0001323189773,-0.006324295666677107,0.0,0.031621478333385536,0.0,0.0,0.0,epa_udds,RuleBasedEMS
43,6.7619,-3791.117457751502,0.0,0.0,0.4996771410290928,25.000146433486453,-0.007126160634871244,0.0,0.03563080317435622,0.0,0.0,0.0,epa_udds,RuleBasedEMS
44,7.0267,-4169.942543994067,0.0,0.0,0.49965091021689007,25.000163473397684,-0.007838237864650502,0.0,0.03919118932325251,0.0,0.0,0.0,epa_udds,RuleBasedEMS
45,7.3017,-4465.85146121698,0.0,0.0,0.4996228177157738,25.000183017692525,-0.008394457633866505,0.0,0.041972288169332524,0.0,0.0,0.0,epa_udds,RuleBasedEMS
46,7.5766,-4650.964726309857,0.0,0.0,0.49959356043477593,25.0002042588924,-0.008742414899078678,0.0,0.04371207449539339,0.0,0.0,0.0,epa_udds,RuleBasedEMS
47,7.8414,-4709.07636144006,0.0,0.0,0.4995639372616718,25.00022612561936,-0.008851647295939962,0.0,0.044258236479699814,0.0,0.0,0.0,epa_udds,RuleBasedEMS
48,8.0865,-4626.960664789205,0.0,0.0,0.49953483032345314,25.000247384194072,-0.008697294482686475,0.0,0.04348647241343238,0.0,0.0,0.0,epa_udds,RuleBasedEMS
49,8.3043,-4416.297377401688,0.0,0.0,0.49950704831515946,25.00026695756898,-0.00830131085977761,0.0,0.04150655429888805,0.0,0.0,0.0,epa_udds,RuleBasedEMS
50,8.4892,-4095.6162225741837,0.0,0.0,0.4994812833983888,25.000284058964,-0.007698526734161999,0.0,0.038492633670809996,0.0,0.0,0.0,epa_udds,RuleBasedEMS
51,8.6382,-3698.0230017357394,0.0,0.0,0.49945801949105245,25.00029832592368,-0.006951171055894247,0.0,0.03475585527947123,0.0,0.0,0.0,epa_udds,RuleBasedEMS
52,8.7514,-3269.222699936502,0.0,0.0,0.49943745298958914,25.00030984511899,-0.006145155451008463,0.0,0.030725777255042313,0.0,0.0,0.0,epa_udds,RuleBasedEMS
53,8.8316,-2853.1246902356,0.0,0.0,0.49941950404953755,25.000319011668672,-0.005363016335029324,0.0,0.026815081675146617,0.0,0.0,0.0,epa_udds,RuleBasedEMS
54,8.8845,-2497.798310354601,0.0,0.0,0.4994037904066246,25.00032641561745,-0.004695109605929702,0.0,0.023475548029648508,0.0,0.0,0.0,epa_udds,RuleBasedEMS
55,8.9177,-2236.9426178465133,0.0,0.0,0.49938971777748176,25.000332668861414,-0.004204779356854349,0.0,0.02102389678427174,0.0,0.0,0.0,epa_udds,RuleBasedEMS
56,8.9408,-2104.428414366497,0.0,0.0,0.49937647878204533,25.000338382073217,-0.003955692508207701,0.0,0.019778462541038502,0.0,0.0,0.0,epa_udds,RuleBasedEMS
57,8.9639,-2112.0379597347664,0.0,0.0,0.4993631919065175,25.000344122989638,-0.003969996164914975,0.0,0.019849980824574873,0.0,0.0,0.0,epa_udds,RuleBasedEMS
58,8.9971,-2264.358524312865,0.0,0.0,0.4993489467697586,25.00035049208367,-0.004256313015625686,0.0,0.02128156507812843,0.0,0.0,0.0,epa_udds,RuleBasedEMS
59,9.05,-2560.0670886267517,0.0,0.0,0.49933284130382694,25.000358215537318,-0.004812156181629233,0.0,0.024060780908146163,0.0,0.0,0.0,epa_udds,RuleBasedEMS
60,9.1302,-2978.2837090653843,0.0,0.0,0.49931410478220384,25.00036814891051,-0.005598277648619143,0.0,0.027991388243095716,0.0,0.0,0.0,epa_udds,RuleBasedEMS
61,9.2434,-3500.9694437381763,0.0,0.0,0.49929207994076596,25.000381324573368,-0.006580769631086798,0.0,0.032903848155433985,0.0,0.0,0.0,epa_udds,RuleBasedEMS
62,9.3924,-4095.7379341578094,0.0,0.0,0.4992663132319572,25.00039883818311,-0.007698755515334228,0.0,0.03849377757667114,0.0,0.0,0.0,epa_udds,RuleBasedEMS
63,9.5773,-4730.889879110793,0.0,0.0,0.4992365505005984,25.000421748413864,-0.008892650148704499,0.0,0.04446325074352249,0.0,0.0,0.0,epa_udds,RuleBasedEMS
64,9.7951,-5363.984600278708,0.0,0.0,0.4992028045631228,25.00045083070779,-0.01008267782007276,0.0,0.0504133891003638,0.0,0.0,0.0,epa_udds,RuleBasedEMS
65,10.0402,-5953.181543529833,0.0,0.0,0.49916535144534646,25.000486382328322,-0.01119019087129668,0.0,0.055950954356483396,0.0,0.0,0.0,epa_udds,RuleBasedEMS
66,10.305,-6458.5124092281285,0.0,0.0,0.49912471862426394,25.000528064110295,-0.012140060919601747,0.0,0.06070030459800873,0.0,0.0,0.0,epa_udds,RuleBasedEMS
67,10.5799,-6832.616314390632,0.0,0.0,0.4990817315642472,25.000574679877673,-0.012843263748854573,0.0,0.06421631874427286,0.0,0.0,0.0,epa_udds,RuleBasedEMS
68,10.8549,-7049.395417934584,0.0,0.0,0.4990373799732249,25.000624400273676,-0.01325074326679433,0.0,0.06625371633397165,0.0,0.0,0.0,epa_udds,RuleBasedEMS
69,11.1197,-7082.84333989062,0.0,0.0,0.4989928172491862,25.000674844295528,-0.013313615300546278,0.0,0.06656807650273139,0.0,0.0,0.0,epa_udds,RuleBasedEMS
70,11.3648,-6927.394189948056,0.0,0.0,0.49894923189107365,25.00072351060907,-0.0130214176502783,0.0,0.0651070882513915,0.0,0.0,0.0,epa_udds,RuleBasedEMS
71,11.5826,-6602.200039180926,0.0,0.0,0.4989076919764303,25.000768288576477,-0.012410150449588209,0.0,0.062050752247941036,0.0,0.0,0.0,epa_udds,RuleBasedEMS
72,11.246,2403.973189987638,0.0,0.0,0.4989228175579852,25.000777550912193,0.1301037520415866,0.0,0.02259373298860562,0.09615892759950552,0.0,0.0,epa_udds,RuleBasedEMS
73,10.8734,2800.548512893884,0.0,0.0,0.49894043802277516,25.000788326395735,0.1515665277880464,0.0,0.026320944670055302,0.11202194051575536,0.0,0.0,epa_udds,RuleBasedEMS
74,10.465,3153.441471270662,0.0,0.0,0.49896027842607443,25.00080066133539,0.17066520082861822,0.0,0.029637607812694193,0.12613765885082648,0.0,0.0,epa_udds,RuleBasedEMS
75,10.0237,3428.0531481419553,0.0,0.0,0.49898184615752883,25.00081429512035,0.1855272673708706,0.0,0.032218544625394314,0.1371221259256782,0.0,0.0,epa_udds,RuleBasedEMS
76,9.555,3597.9761094039272,0.0,0.0,0.49900448250018103,25.000828671991247,0.19472354913901854,0.0,0.03381556493800684,0.1439190443761571,0.0,0.0,epa_udds,RuleBasedEMS
77,9.0667,3647.9188528594877,0.0,0.0,0.4990274325821455,25.00084303655319,0.19742646543520748,0.0,0.034284951624619246,0.14591675411437952,0.0,0.0,epa_udds,RuleBasedEMS
78,8.5683,3576.088162227267,0.0,0.0,0.49904993030595557,25.000856592935108,0.19353896685497643,0.0,0.033609851148752506,0.14304352648909066,0.0,0.0,epa_udds,RuleBasedEMS
79,8.0698,3397.1745147456113,0.0,0.0,0.4990713020465386,25.000868692480022,0.18385610644465344,0.0,0.031928331905503864,0.13588698058982446,0.0,0.0,epa_udds,RuleBasedEMS
80,7.5815,3129.447026232218,0.0,0.0,0.4990909891509013,25.000878903684168,0.16936661424676322,0.0,0.029412096111205054,0.12517788104928873,0.0,0.0,epa_udds,RuleBasedEMS
81,7.1128,2800.5069055807267,0.0,0.0,0.49910860662885204,25.000887073810006,0.15156427598774486,0.0,0.02632055362387901,0.11202027622322906,0.0,0.0,epa_udds,RuleBasedEMS
82,6.6715,2439.141329724869,0.0,0.0,0.4991239505946788,25.000893292886694,0.13200706234104967,0.0,0.022924260617714937,0.09756565318899477,0.0,0.0,epa_udds,RuleBasedEMS
83,6.2631,2073.003207789813,0.0,0.0,0.4991369911157744,25.00089782050723,0.11219155706519604,0.0,0.019483112855167416,0.08292012831159253,0.0,0.0,epa_udds,RuleBasedEMS
84,5.8906,1724.1124559596453,0.0,0.0,0.4991478367662824,25.00090099246368,0.09330948464659794,0.0,0.016204064435710954,0.06896449823838581,0.0,0.0,epa_udds,RuleBasedEMS
85,5.5539,1411.9039229883783,0.0,0.0,0.4991567183596652,25.00090315702276,0.07641266494488982,0.0,0.01326977371229679,0.056476156919535135,0.0,0.0,epa_udds,RuleBasedEMS
86,5.2501,1148.4867484243637,0.0,0.0,0.4991639428640721,25.000904619109967,0.06215644823427497,0.0,0.010794048387447026,0.04593946993697455,0.0,0.0,epa_udds,RuleBasedEMS
87,4.9738,940.7793266050029,0.0,0.0,0.49916986075123354,25.000905619089423,0.05091526009701361,0.0,0.008841910964332733,0.037631173064200114,0.0,0.0,epa_udds,RuleBasedEMS
88,4.717,794.1395442425942,0.0,0.0,0.4991748561825577,25.000906336447716,0.042979070973369865,0.0,0.007463717521077013,0.03176558176970377,0.0,0.0,epa_udds,RuleBasedEMS
89,4.4704,705.8258651070141,0.0,0.0,0.4991792960632846,25.00090689352089,0.03819950809804727,0.0,0.006633701739727577,0.028233034604280564,0.0,0.0,epa_udds,RuleBasedEMS
90,4.2238,670.7110441352636,0.0,0.0,0.4991835150384224,25.000907374821466,0.03629908342620772,0.0,0.006303675226835184,0.026828441765410542,0.0,0.0,epa_udds,RuleBasedEMS
91,3.967,678.7722636629396,0.0,0.0,0.49918778470040037,25.00090783974815,0.036735359051472474,0.0,0.0063794385682607105,0.027150890546517585,0.0,0.0,epa_udds,RuleBasedEMS
92,3.6907,715.3954112458864,0.0,0.0,0.49919228471071214,25.00090832863881,0.038717414813142025,0.0,0.00672364108313803,0.028615816449835456,0.0,0.0,epa_udds,RuleBasedEMS
93,3.3869,763.8965355050304,0.0,0.0,0.49919708978228855,25.000908862801616,0.04134231024485119,0.0,0.007179478717152542,0.030555861420201218,0.0,0.0,epa_udds,RuleBasedEMS
94,3.0502,803.1385647052998,0.0,0.0,0.49920214167076177,25.000909434077194,0.04346610066728382,0.0,0.007548294781064848,0.03212554258821199,0.0,0.0,epa_udds,RuleBasedEMS
95,2.2352,1789.9932827383768,0.0,0.0,0.4992134010029904,25.000912405299257,0.09687497480564539,0.0,0.01682324513851858,0.07159973130953508,0.0,0.0,epa_udds,RuleBasedEMS
96,1.8627,569.7332245099134,0.0,0.0,0.49921698468373743,25.000912625103442,0.030834133458814708,0.0,0.005354635568702194,0.022789328980396536,0.0,0.0,epa_udds,RuleBasedEMS
97,1.4901,456.7204723861345,0.0,0.0,0.49921985749257064,25.000912723760756,0.024717849325078166,0.0,0.004292485642726828,0.01826881889544538,0.0,0.0,epa_udds,RuleBasedEMS
98,1.1176,342.8808499422972,0.0,0.0,0.4992220142344824,25.000912727200472,0.018556814720937256,0.0,0.0032225643791569283,0.013715233997691888,0.0,0.0,epa_udds,RuleBasedEMS
99,0.7451,228.81557371726987,0.0,0.0,0.4992234534950943,25.000912661791027,0.012383567666292545,0.0,0.002150522309372837,0.009152622948690795,0.0,0.0,epa_udds,RuleBasedEMS
100,0.3725,114.49959389681858,0.0,0.0,0.49922417370140953,25.00091255374166,0.00619675245766391,0.0,0.0010761240027896484,0.004579983755872743,0.0,0.0,epa_udds,RuleBasedEMS
101,0.0,0.0,0.0,0.0,0.49922417370140953,25.000912429180943,0.0,0.0,0.0,0.0,0.0,0.0,epa_udds,RuleBasedEMS
102,0.0,0.0,0.0,0.0,0.49922417370140953,25.00091230173061,0.0,0.0,0.0,0.0,0.0,0.0,epa_udds,RuleBasedEMS
103,0.0,0.0,0.0,0.0,0.49922417370140953,25.000912171582147,0.0,0.0,0.0,0.0,0.0,0.0,epa_udds,RuleBasedEMS
104,0.0,0.0,0.0,0.0,0.49922417370140953,25.00091203891447,0.0,0.0,0.0,0.0,0.0,0.0,epa_udds,RuleBasedEMS
105,0.0,0.0,0.0,0.0,0.49922417370140953,25.000911903894778,0.0,0.0,0.0,0.0,0.0,0.0,epa_udds,RuleBasedEMS
106,0.0,0.0,0.0,0.0,0.49922417370140953,25.0009117666793,0.0,0.0,0.0,0.0,0.0,0.0,epa_udds,RuleBasedEMS
107,0.0,0.0,0.0,0.0,0.49922417370140953,25.000911627414034,0.0,0.0,0.0,0.0,0.0,0.0,epa_udds,RuleBasedEMS
108,0.0,0.0,0.0,0.0,0.49922417370140953,25.000911486235395,0.0,0.0,0.0,0.0,0.0,0.0,epa_udds,RuleBasedEMS
109,0.0,0.0,0.0,0.0,0.49922417370140953,25.000911343270865,0.0,0.0,0.0,0.0,0.0,0.0,epa_udds,RuleBasedEMS
110,0.0,0.0,0.0,0.0,0.49922417370140953,25.00091119863956,0.0,0.0,0.0,0.0,0.0,0.0,epa_udds,RuleBasedEMS
111,0.0,0.0,0.0,0.0,0.49922417370140953,25.000911052452793,0.0,0.0,0.0,0.0,0.0,0.0,epa_udds,RuleBasedEMS
112,0.0,0.0,0.0,0.0,0.49922417370140953,25.000910904814575,0.0,0.0,0.0,0.0,0.0,0.0,epa_udds,RuleBasedEMS
113,0.0,0.0,0.0,0.0,0.49922417370140953,25.0009107558221,0.0,0.0,0.0,0.0,0.0,0.0,epa_udds,RuleBasedEMS
114,0.0,0.0,0.0,0.0,0.49922417370140953,25.000910605566194,0.0,0.0,0.0,0.0,0.0,0.0,epa_udds,RuleBasedEMS
115,0.0,0.0,0.0,0.0,0.49922417370140953,25.00091045413172,0.0,0.0,0.0,0.0,0.0,0.0,epa_udds,RuleBasedEMS
116,0.0,0.0,0.0,0.0,0.49922417370140953,25.000910301597983,0.0,0.0,0.0,0.0,0.0,0.0,epa_udds,RuleBasedEMS
117,0.0,0.0,0.0,0.0,0.49922417370140953,25.00091014803909,0.0,0.0,0.0,0.0,0.0,0.0,epa_udds,RuleBasedEMS
118,0.0,0.0,0.0,0.0,0.49922417370140953,25.000909993524285,0.0,0.0,0.0,0.0,0.0,0.0,epa_udds,RuleBasedEMS
119,0.0,0.0,0.0,0.0,0.49922417370140953,25.000909838118275,0.0,0.0,0.0,0.0,0.0,0.0,epa_udds,RuleBasedEMS
120,0.0,0.0,0.0,0.0,0.49922417370140953,25.000909681881527,0.0,0.0,0.0,0.0,0.0,0.0,epa_udds,RuleBasedEMS
121,0.0,0.0,0.0,0.0,0.49922417370140953,25.000909524870536,0.0,0.0,0.0,0.0,0.0,0.0,epa_udds,RuleBasedEMS
122,0.0,0.0,0.0,0.0,0.49922417370140953,25.000909367138103,0.0,0.0,0.0,0.0,0.0,0.0,epa_udds,RuleBasedEMS
123,0.0,0.0,0.0,0.0,0.49922417370140953,25.00090920873356,0.0,0.0,0.0,0.0,0.0,0.0,epa_udds,RuleBasedEMS
124,0.0,0.0,0.0,0.0,0.49922417370140953,25.000909049703004,0.0,0.0,0.0,0.0,0.0,0.0,epa_udds,RuleBasedEMS
125,0.0,0.0,0.0,0.0,0.49922417370140953,25.000908890089516,0.0,0.0,0.0,0.0,0.0,0.0,epa_udds,RuleBasedEMS
126,0.0,0.0,0.0,0.0,0.49922417370140953,25.00090872993335,0.0,0.0,0.0,0.0,0.0,0.0,epa_udds,RuleBasedEMS
127,0.3576,-253.51751533958927,0.0,0.0,0.49922257910151113,25.000908630028842,-0.00047653668296915276,0.0,0.0023826834148457637,0.0,0.0,0.0,epa_udds,RuleBasedEMS
128,0.7153,-507.37804820209,0.0,0.0,0.4992193877428371,25.00090871310818,-0.0009537181357182142,0.0,0.004768590678591071,0.0,0.0,0.0,epa_udds,RuleBasedEMS
129,1.0729,-761.2667231682425,0.0,0.0,0.49921459944287555,25.000909101954495,-0.0014309524871583506,0.0,0.007154762435791753,0.0,0.0,0.0,epa_udds,RuleBasedEMS
130,1.4305,-1015.749028094516,0.0,0.0,0.4992082104582335,25.000909920627855,-0.0019093026843881881,0.0,0.00954651342194094,0.0,0.0,0.0,epa_udds,RuleBasedEMS
131,1.7882,-1271.2240793177561,0.0,0.0,0.49920021453120444,25.000911295283657,-0.002389518946086008,0.0,0.011947594730430038,0.0,0.0,0.0,epa_udds,RuleBasedEMS
132,2.1458,-1526.875505345942,0.0,0.0,0.49919061053521796,25.00091335155334,-0.0028700667393720715,0.0,0.014350333696860357,0.0,0.0,0.0,epa_udds,RuleBasedEMS
133,2.5034,-1783.7698179610359,0.0,0.0,0.4991793906317349,25.000916219412222,-0.003352950785641045,0.0,0.016764753928205225,0.0,0.0,0.0,epa_udds,RuleBasedEMS
134,2.987,-2718.4528269136085,0.0,0.0,0.4991622914862153,25.00092307585544,-0.005109873734800017,0.0,0.02554936867400008,0.0,0.0,0.0,epa_udds,RuleBasedEMS
135,3.4604,-3100.5754301940688,0.0,0.0,0.49914278861522826,25.00093205413677,-0.00582814930487607,0.0,0.029140746524380347,0.0,0.0,0.0,epa_udds,RuleBasedEMS
136,3.9142,-3395.523706907999,0.0,0.0,0.4991214302936216,25.00094287108484,-0.006382563358849622,0.0,0.03191281679424811,0.0,0.0,0.0,epa_udds,RuleBasedEMS
137,4.3406,-3589.3672254756193,0.0,0.0,0.4990988524386405,25.000955003507897,-0.0067469308749541716,0.0,0.033734654374770856,0.0,0.0,0.0,epa_udds,RuleBasedEMS
138,4.7341,-3682.3886062812194,0.0,0.0,0.49907568921514206,25.000967818679744,-0.0069217830945135705,0.0,0.03460891547256785,0.0,0.0,0.0,epa_udds,RuleBasedEMS
139,5.0917,-3686.6854874880473,0.0,0.0,0.49905249871754764,25.000980713672213,-0.006929859938887308,0.0,0.03464929969443654,0.0,0.0,0.0,epa_udds,RuleBasedEMS
140,5.4135,-3628.938979526856,0.0,0.0,0.49902967123004416,25.00099326398426,-0.006821313871291083,0.0,0.03410656935645542,0.0,0.0,0.0,epa_udds,RuleBasedEMS
141,5.7023,-3540.544370918016,0.0,0.0,0.4990073995621454,25.001005272763535,-0.006655158591951158,0.0,0.03327579295975579,0.0,0.0,0.0,epa_udds,RuleBasedEMS
142,5.9638,-3460.3071221527507,0.0,0.0,0.49898563242353056,25.001016809440962,-0.006504336695775848,0.0,0.03252168347887924,0.0,0.0,0.0,epa_udds,RuleBasedEMS
143,6.2057,-3422.161574131287,0.0,0.0,0.49896410505399436,25.001028157561805,-0.006432634537840766,0.0,0.03216317268920383,0.0,0.0,0.0,epa_udds,RuleBasedEMS
144,6.4374,-3458.843377673775,0.0,0.0,0.4989423467547194,25.0010398050799,-0.006501585296379277,0.0,0.03250792648189638,0.0,0.0,0.0,epa_udds,RuleBasedEMS
145,6.6691,-3595.2039664976965,0.0,0.0,0.49891973047693683,25.001052425599436,-0.006757902192664843,0.0,0.033789510963324214,0.0,0.0,0.0,epa_udds,RuleBasedEMS
146,6.911,-3848.5657823821016,0.0,0.0,0.4988955201775003,25.001066898574337,-0.007234146207485154,0.0,0.03617073103742577,0.0,0.0,0.0,epa_udds,RuleBasedEMS
147,7.1724,-4227.167732290934,0.0,0.0,0.49886892795369814,25.001084341560748,-0.007945804008065665,0.0,0.03972902004032832,0.0,0.0,0.0,epa_udds,RuleBasedEMS
148,7.4613,-4735.096809410442,0.0,0.0,0.4988391401537748,25.001106182910075,-0.008900557912425644,0.0,0.04450278956212821,0.0,0.0,0.0,epa_udds,RuleBasedEMS
149,7.783,-5358.725479323577,0.0,0.0,0.4988054288068383,25.001134091753897,-0.010072792254367626,0.0,0.05036396127183813,0.0,0.0,0.0,epa_udds,RuleBasedEMS
150,8.1407,-6088.057214058489,0.0,0.0,0.4987671287738318,25.00117003857498,-0.011443716567779115,0.0,0.057218582838895575,0.0,0.0,0.0,epa_udds,RuleBasedEMS
151,8.5342,-6890.410347261121,0.0,0.0,0.4987237804539325,25.001216012653142,-0.01295189914898707,0.0,0.06475949574493535,0.0,0.0,0.0,epa_udds,RuleBasedEMS
152,8.8265,-5763.167890091489,0.0,0.0,0.49868752308958386,25.00124872170943,-0.010833022349796034,0.0,0.054165111748980165,0.0,0.0,0.0,epa_udds,RuleBasedEMS
153,9.1462,-6392.53773019936,0.0,0.0,0.4986473056785123,25.001288844149364,-0.012016048365036391,0.0,0.06008024182518196,0.0,0.0,0.0,epa_udds,RuleBasedEMS
154,9.4854,-6952.463973289699,0.0,0.0,0.49860356493191454,25.00133624858801,-0.013068541303176126,0.0,0.06534270651588063,0.0,0.0,0.0,epa_udds,RuleBasedEMS
155,9.8349,-7405.12538183981,0.0,0.0,0.4985569755283119,25.001390051792477,-0.013919408612480847,0.0,0.06959704306240423,0.0,0.0,0.0,epa_udds,RuleBasedEMS
156,10.1843,-7708.3611150216175,0.0,0.0,0.4985084774476063,25.001448475573696,-0.0144894005921459,0.0,0.07244700296072949,0.0,0.0,0.0,epa_udds,RuleBasedEMS
157,10.5236,-7843.161558483112,0.0,0.0,0.4984591303445618,25.001509195199198,-0.01474278488436675,0.0,0.07371392442183375,0.0,0.0,0.0,epa_udds,RuleBasedEMS
158,10.8433,-7794.233706343193,0.0,0.0,0.4984100901819268,25.001569521026465,-0.014650815237487206,0.0,0.07325407618743603,0.0,0.0,0.0,epa_udds,RuleBasedEMS
159,11.1356,-7571.6362130980115,0.0,0.0,0.4983624497276234,25.00162694475909,-0.014232398896800775,0.0,0.07116199448400387,0.0,0.0,0.0,epa_udds,RuleBasedEMS
160,11.395,-7203.8673978572315,0.0,0.0,0.4983171225175415,25.0016795501289,-0.013541104131310586,0.0,0.06770552065655293,0.0,0.0,0.0,epa_udds,RuleBasedEMS
161,11.6185,-6731.351251692931,0.0,0.0,0.49827476778910335,25.001726222875195,-0.012652915886640848,0.0,0.06326457943320424,0.0,0.0,0.0,epa_udds,RuleBasedEMS
162,11.8062,-6213.040802224045,0.0,0.0,0.49823567385879536,25.00176680769427,-0.01167864812448129,0.0,0.058393240622406445,0.0,0.0,0.0,epa_udds,RuleBasedEMS
163,11.9609,-5706.2281506115805,0.0,0.0,0.4981997685381119,25.00180189279558,-0.010725992764307482,0.0,0.05362996382153741,0.0,0.0,0.0,epa_udds,RuleBasedEMS
164,12.0882,-5273.418466687833,0.0,0.0,0.49816658630748084,25.001832652206943,-0.00991244072685683,0.0,0.049562203634284145,0.0,0.0,0.0,epa_udds,RuleBasedEMS
165,12.196,-4969.20833119524,0.0,0.0,0.49813531806554545,25.001860593906343,-0.009340617163900828,0.0,0.046703085819504137,0.0,0.0,0.0,epa_udds,RuleBasedEMS
166,12.2936,-4831.134369447992,0.0,0.0,0.49810491847298805,25.001887356415235,-0.009081079641819534,0.0,0.04540539820909767,0.0,0.0,0.0,epa_udds,RuleBasedEMS
167,12.3912,-4886.981989376034,0.0,0.0,0.49807416731259185,25.00191471885248,-0.009186056371007582,0.0,0.04593028185503791,0.0,0.0,0.0,epa_udds,RuleBasedEMS
168,12.499,-5147.46604601801,0.0,0.0,0.49804177690431056,25.00194464332157,-0.009675688056424832,0.0,0.04837844028212416,0.0,0.0,0.0,epa_udds,RuleBasedEMS
169,12.6263,-5606.5534926818145,0.0,0.0,0.4980064974865446,25.001979348757978,-0.010538634384740253,0.0,0.052693171923701265,0.0,0.0,0.0,epa_udds,RuleBasedEMS
170,12.781,-6249.436859320825,0.0,0.0,0.4979671724200257,25.00202141434878,-0.01174706176564065,0.0,0.05873530882820324,0.0,0.0,0.0,epa_udds,RuleBasedEMS
171,12.9687,-7043.670023887754,0.0,0.0,0.4979228491677577,25.00207367391301,-0.01323998124790931,0.0,0.06619990623954655,0.0,0.0,0.0,epa_udds,RuleBasedEMS
172,12.5217,4064.7768928034297,0.0,0.0,0.4979484276318108,25.00209490026147,0.21998694792781268,0.0,0.038202790345896895,0.16259107571213718,0.0,0.0,epa_udds,RuleBasedEMS
173,12.1105,3497.461975966826,0.0,0.0,0.497970435550818,25.002111299649627,0.18928369400758804,0.0,0.03287088323277092,0.13989847903867303,0.0,0.0,epa_udds,RuleBasedEMS
174,11.7322,3000.5471626315993,0.0,0.0,0.4979893161551933,25.002123999990424,0.16239051486182143,0.0,0.028200631227740594,0.12002188650526398,0.0,0.0,epa_udds,RuleBasedEMS
175,11.3814,2599.2152148247364,0.0,0.0,0.4980056710673847,25.002134031309613,0.14067030914517634,0.0,0.024428714425044514,0.10396860859298945,0.0,0.0,epa_udds,RuleBasedEMS
176,11.0501,2316.8661119517606,0.0,0.0,0.4980202490813301,25.00214228724536,0.12538949078066744,0.0,0.021775057443155645,0.09267464447807042,0.0,0.0,epa_udds,RuleBasedEMS
177,10.729,2158.627958865211,0.0,0.0,0.4980338311952274,25.00214947293607,0.1168255943452014,0.0,0.020287856756251985,0.08634511835460844,0.0,0.0,epa_udds,RuleBasedEMS
178,10.4079,2123.8259398802725,0.0,0.0,0.49804719410778625,25.00215616368857,0.11494209861096391,0.0,0.019960770111656697,0.0849530375952109,0.0,0.0,epa_udds,RuleBasedEMS
179,10.0766,2200.187208632744,0.0,0.0,0.4980610372526621,25.002162846531395,0.11907479344164278,0.0,0.02067845120895436,0.08800748834530976,0.0,0.0,epa_udds,RuleBasedEMS
180,9.7257,2365.5795341528024,0.0,0.0,0.4980759207747357,25.00216994772718,0.12802587584084113,0.0,0.02223289035857897,0.0946231813661121,0.0,0.0,epa_udds,RuleBasedEMS
181,9.3474,2588.8730182932163,0.0,0.0,0.49809220893057415,25.002177817570225,0.1401105863584554,0.0,0.024331513329823463,0.10355492073172866,0.0,0.0,epa_udds,RuleBasedEMS
182,8.9362,2832.6117888841873,0.0,0.0,0.4981100303017011,25.002186674691526,0.15330180192773216,0.0,0.026622291248911533,0.11330447155536749,0.0,0.0,epa_udds,RuleBasedEMS
183,8.4892,3059.2008573465873,0.0,0.0,0.49812927693599945,25.00219654688081,0.1655648704600055,0.0,0.028751887757016797,0.12236803429386349,0.0,0.0,epa_udds,RuleBasedEMS
184,8.0063,3234.0047486749763,0.0,0.0,0.4981496229850607,25.002207228638262,0.1750253096312968,0.0,0.030394781472509177,0.12936018994699905,0.0,0.0,epa_udds,RuleBasedEMS
185,7.4905,3326.9263143175835,0.0,0.0,0.4981705532735787,25.0022182757132,0.18005425271021025,0.0,0.03126810445787202,0.13307705257270333,0.0,0.0,epa_udds,RuleBasedEMS
186,6.9473,3321.847943061721,0.0,0.0,0.4981914512613679,25.002229102259,0.1797794097305133,0.0,0.031220375404715422,0.13287391772246884,0.0,0.0,epa_udds,RuleBasedEMS
187,6.3845,3213.108079886475,0.0,0.0,0.4982116648294133,25.002239093101696,0.17389437563175072,0.0,0.03019838420945935,0.128524323195459,0.0,0.0,epa_udds,RuleBasedEMS
188,5.8115,3008.2607017499868,0.0,0.0,0.49823058941703463,25.00224774092374,0.16280797391876994,0.0,0.028273126896146493,0.12033042806999947,0.0,0.0,epa_udds,RuleBasedEMS
189,5.2385,2725.6467863027,0.0,0.0,0.49824773587242027,25.002254743753035,0.1475128238180965,0.0,0.025616981074273498,0.109025871452108,0.0,0.0,epa_udds,RuleBasedEMS
190,4.6758,2389.9331176796927,0.0,0.0,0.4982627702331778,25.00226003323315,0.12934389910570246,0.0,0.022461777421801624,0.09559732470718771,0.0,0.0,epa_udds,RuleBasedEMS
191,4.1325,2030.7896365224112,0.0,0.0,0.498275545185202,25.00226375228909,0.10990694589239336,0.0,0.019086368764308376,0.08123158546089645,0.0,0.0,epa_udds,RuleBasedEMS
192,3.6167,1672.0201567678816,0.0,0.0,0.49828606314872387,25.00226616283469,0.0904902337474828,0.0,0.01571447515759287,0.06688080627071527,0.0,0.0,epa_udds,RuleBasedEMS
193,3.1338,1337.6084526695722,0.0,0.0,0.4982944774031328,25.00226758271225,0.07239177174673368,0.0,0.01257150801381177,0.05350433810678289,0.0,0.0,epa_udds,RuleBasedEMS
194,2.6868,1041.7325999611735,0.0,0.0,0.49830103040038587,25.00226830814454,0.05637888161293629,0.0,0.00979071992444712,0.04166930399844694,0.0,0.0,epa_udds,RuleBasedEMS
195,2.2756,793.0177082022551,0.0,0.0,0.4983060188345938,25.002268580906637,0.042918356869472415,0.0,0.007453173949269315,0.0317207083280902,0.0,0.0,epa_udds,RuleBasedEMS
196,2.2352,-207.16520508558773,0.0,0.0,0.4983047156790399,25.00226828396334,-0.00038940828023606715,0.0,0.0019470414011803357,0.0,0.0,0.0,epa_udds,RuleBasedEMS
197,1.7882,696.3589476912149,0.0,0.0,0.4983090960637621,25.00226840183701,0.03768715568031101,0.0,0.006544726951985103,0.027854357907648595,0.0,0.0,epa_udds,RuleBasedEMS
198,1.3411,523.1915548299639,0.0,0.0,0.49831238714134607,25.002268307536838,0.028315284298241202,0.0,0.004917213861183872,0.020927662193198557,0.0,0.0,epa_udds,RuleBasedEMS
199,0.8941,349.0841200614019,0.0,0.0,0.4983145830087041,25.00226806023677,0.01889253756542835,0.0,0.0032808657900507696,0.013963364802456076,0.0,0.0,epa_udds,RuleBasedEMS
200,0.447,174.68567905370253,0.0,0.0,0.4983156818430687,25.002267719712837,0.009454041487432714,0.0,0.001641782697873144,0.006987427162148101,0.0,0.0,epa_udds,RuleBasedEMS
201,0.0,0.0,0.0,0.0,0.4983156818430687,25.00226734560009,0.0,0.0,0.0,0.0,0.0,0.0,epa_udds,RuleBasedEMS
202,0.0,0.0,0.0,0.0,0.4983156818430687,25.002266968551858,0.0,0.0,0.0,0.0,0.0,0.0,epa_udds,RuleBasedEMS
203,0.0,0.0,0.0,0.0,0.4983156818430687,25.002266588765668,0.0,0.0,0.0,0.0,0.0,0.0,epa_udds,RuleBasedEMS
204,0.0,0.0,0.0,0.0,0.4983156818430687,25.002266206426093,0.0,0.0,0.0,0.0,0.0,0.0,epa_udds,RuleBasedEMS
205,0.0,0.0,0.0,0.0,0.4983156818430687,25.002265821705603,0.0,0.0,0.0,0.0,0.0,0.0,epa_udds,RuleBasedEMS
206,0.0,0.0,0.0,0.0,0.4983156818430687,25.002265434765363,0.0,0.0,0.0,0.0,0.0,0.0,epa_udds,RuleBasedEMS
207,0.0,0.0,0.0,0.0,0.4983156818430687,25.002265045755973,0.0,0.0,0.0,0.0,0.0,0.0,epa_udds,RuleBasedEMS
208,0.0,0.0,0.0,0.0,0.4983156818430687,25.002264654818156,0.0,0.0,0.0,0.0,0.0,0.0,epa_udds,RuleBasedEMS
209,0.0,0.0,0.0,0.0,0.4983156818430687,25.00226426208341,0.0,0.0,0.0,0.0,0.0,0.0,epa_udds,RuleBasedEMS
210,0.0,0.0,0.0,0.0,0.4983156818430687,25.002263867674618,0.0,0.0,0.0,0.0,0.0,0.0,epa_udds,RuleBasedEMS
211,0.0,0.0,0.0,0.0,0.4983156818430687,25.002263471706595,0.0,0.0,0.0,0.0,0.0,0.0,epa_udds,RuleBasedEMS
212,0.0,0.0,0.0,0.0,0.4983156818430687,25.002263074286635,0.0,0.0,0.0,0.0,0.0,0.0,epa_udds,RuleBasedEMS
213,0.0,0.0,0.0,0.0,0.4983156818430687,25.002262675515,0.0,0.0,0.0,0.0,0.0,0.0,epa_udds,RuleBasedEMS
214,0.0,0.0,0.0,0.0,0.4983156818430687,25.002262275485368,0.0,0.0,0.0,0.0,0.0,0.0,epa_udds,RuleBasedEMS
215,0.0,0.0,0.0,0.0,0.4983156818430687,25.00226187428529,0.0,0.0,0.0,0.0,0.0,0.0,epa_udds,RuleBasedEMS
216,0.0,0.0,0.0,0.0,0.4983156818430687,25.00226147199656,0.0,0.0,0.0,0.0,0.0,0.0,epa_udds,RuleBasedEMS
217,0.0,0.0,0.0,0.0,0.4983156818430687,25.002261068695624,0.0,0.0,0.0,0.0,0.0,0.0,epa_udds,RuleBasedEMS
218,0.0,0.0,0.0,0.0,0.4983156818430687,25.002260664453907,0.0,0.0,0.0,0.0,0.0,0.0,epa_udds,RuleBasedEMS
219,0.0,0.0,0.0,0.0,0.4983156818430687,25.00226025933815,0.0,0.0,0.0,0.0,0.0,0.0,epa_udds,RuleBasedEMS
220,0.0,0.0,0.0,0.0,0.4983156818430687,25.002259853410724,0.0,0.0,0.0,0.0,0.0,0.0,epa_udds,RuleBasedEMS
221,0.0,0.0,0.0,0.0,0.4983156818430687,25.002259446729905,0.0,0.0,0.0,0.0,0.0,0.0,epa_udds,RuleBasedEMS
222,0.0,0.0,0.0,0.0,0.4983156818430687,25.00225903935015,0.0,0.0,0.0,0.0,0.0,0.0,epa_udds,RuleBasedEMS
223,0.0,0.0,0.0,0.0,0.4983156818430687,25.002258631322345,0.0,0.0,0.0,0.0,0.0,0.0,epa_udds,RuleBasedEMS
224,0.0,0.0,0.0,0.0,0.4983156818430687,25.00225822269404,0.0,0.0,0.0,0.0,0.0,0.0,epa_udds,RuleBasedEMS
225,0.0,0.0,0.0,0.0,0.4983156818430687,25.00225781350966,0.0,0.0,0.0,0.0,0.0,0.0,epa_udds,RuleBasedEMS
226,0.0,0.0,0.0,0.0,0.4983156818430687,25.00225740381073,0.0,0.0,0.0,0.0,0.0,0.0,epa_udds,RuleBasedEMS
227,0.0,0.0,0.0,0.0,0.4983156818430687,25.002256993636042,0.0,0.0,0.0,0.0,0.0,0.0,epa_udds,RuleBasedEMS
228,0.0,0.0,0.0,0.0,0.4983156818430687,25.002256583021843,0.0,0.0,0.0,0.0,0.0,0.0,epa_udds,RuleBasedEMS
229,0.0,0.0,0.0,0.0,0.4983156818430687,25.00225617200201,0.0,0.0,0.0,0.0,0.0,0.0,epa_udds,RuleBasedEMS
230,0.0,0.0,0.0,0.0,0.4983156818430687,25.002255760608193,0.0,0.0,0.0,0.0,0.0,0.0,epa_udds,RuleBasedEMS
231,0.0,0.0,0.0,0.0,0.4983156818430687,25.002255348869966,0.0,0.0,0.0,0.0,0.0,0.0,epa_udds,RuleBasedEMS
232,0.3912,-297.7904402979551,0.0,0.0,0.49831380868134795,25.00225502065307,-0.0005597564667254796,0.0,0.0027987823336273975,0.0,0.0,0.0,epa_udds,RuleBasedEMS
233,0.7823,-595.5934503446737,0.0,0.0,0.4983100622764536,25.00225494453968,-0.001119536560798259,0.0,0.005597682803991294,0.0,0.0,0.0,epa_udds,RuleBasedEMS
234,1.1735,-894.136892613464,0.0,0.0,0.49830443796280877,25.00225529041928,-0.0016807084447621507,0.0,0.008403542223810753,0.0,0.0,0.0,epa_udds,RuleBasedEMS
235,1.5646,-1192.8701094240566,0.0,0.0,0.498296934533061,25.002256228442945,-0.0022422370477895802,0.0,0.0112111852389479,0.0,0.0,0.0,epa_udds,RuleBasedEMS
236,1.9558,-1493.0082656118075,0.0,0.0,0.4982875431308501,25.002257932932025,-0.002806406514307909,0.0,0.014032032571539545,0.0,0.0,0.0,epa_udds,RuleBasedEMS
237,1.9045,-142.69531257534473,0.0,0.0,0.4982866455369211,25.002257555738996,-0.00026822427175816676,0.0,0.0013411213587908339,0.0,0.0,0.0,epa_udds,RuleBasedEMS
238,2.2956,-1753.9891036345764,0.0,0.0,0.4982756124518645,25.002260067354822,-0.0032969719993131137,0.0,0.016484859996565567,0.0,0.0,0.0,epa_udds,RuleBasedEMS
239,2.7226,-2235.7056479998273,0.0,0.0,0.4982615491593483,25.00226440506781,-0.004202454225563586,0.0,0.021012271127817925,0.0,0.0,0.0,epa_udds,RuleBasedEMS
240,3.1826,-2781.8810426404875,0.0,0.0,0.4982440501319744,25.002271347825378,-0.005229099704211444,0.0,0.026145498521057214,0.0,0.0,0.0,epa_udds,RuleBasedEMS
241,3.6699,-3370.8545518322985,0.0,0.0,0.49822284606952727,25.00228173814616,-0.006336192766602066,0.0,0.03168096383301033,0.0,0.0,0.0,epa_udds,RuleBasedEMS
242,4.1768,-3973.5299296102166,0.0,0.0,0.4981978506728328,25.00229634508049,-0.007469041221071836,0.0,0.03734520610535918,0.0,0.0,0.0,epa_udds,RuleBasedEMS
243,4.6939,-4552.557378550887,0.0,0.0,0.49816921257067137,25.002315665012237,-0.00855743868148663,0.0,0.042787193407433144,0.0,0.0,0.0,epa_udds,RuleBasedEMS
244,5.211,-5069.725598508196,0.0,0.0,0.498137320755522,25.00233975219037,-0.009529559395692097,0.0,0.047647796978460485,0.0,0.0,0.0,epa_udds,RuleBasedEMS
245,5.7179,-5490.72014680167,0.0,0.0,0.4981027800919951,25.00236812449616,-0.010320902531582087,0.0,0.05160451265791043,0.0,0.0,0.0,epa_udds,RuleBasedEMS
246,6.2053,-5791.658063735842,0.0,0.0,0.49806634571864805,25.00239980913061,-0.01088657530777414,0.0,0.054432876538870696,0.0,0.0,0.0,epa_udds,RuleBasedEMS
247,6.6652,-5958.896321750583,0.0,0.0,0.4980288586491552,25.002433473677367,-0.011200932935621398,0.0,0.05600466467810699,0.0,0.0,0.0,epa_udds,RuleBasedEMS
248,7.0922,-6002.097063612516,0.0,0.0,0.4979910991707275,25.00246776567322,-0.011282137337617511,0.0,0.056410686688087554,0.0,0.0,0.0,epa_udds,RuleBasedEMS
249,7.4834,-5941.428573080327,0.0,0.0,0.49795372074427097,25.002501524237964,-0.011168098821579563,0.0,0.055840494107897806,0.0,0.0,0.0,epa_udds,RuleBasedEMS
250,7.8387,-5810.775212510447,0.0,0.0,0.49791716370029065,25.002533990506485,-0.010922509797951969,0.0,0.05461254898975984,0.0,0.0,0.0,epa_udds,RuleBasedEMS
251,8.1611,-5656.768679875971,0.0,0.0,0.49788157502018104,25.00256494960452,-0.01063302383435333,0.0,0.053165119171766646,0.0,0.0,0.0,epa_udds,RuleBasedEMS
252,8.456,-5523.726921176728,0.0,0.0,0.49784682286770915,25.002594665004583,-0.01038294534055776,0.0,0.051914726702788794,0.0,0.0,0.0,epa_udds,RuleBasedEMS
253,8.7315,-5464.42143411139,0.0,0.0,0.49781244338257397,25.0026239260726,-0.010271468861111637,0.0,0.05135734430555818,0.0,0.0,0.0,epa_udds,RuleBasedEMS
254,8.9967,-5511.028977280773,0.0,0.0,0.49777777023250447,25.002653833783313,-0.010359077024963859,0.0,0.05179538512481929,0.0,0.0,0.0,epa_udds,RuleBasedEMS
255,9.2619,-5699.759134989453,0.0,0.0,0.49774190922824546,25.002685910768047,-0.010713832960506492,0.0,0.05356916480253245,0.0,0.0,0.0,epa_udds,RuleBasedEMS
256,9.5373,-6049.498169291543,0.0,0.0,0.49770384730161404,25.002722055104382,-0.011371237160322449,0.0,0.056856185801612245,0.0,0.0,0.0,epa_udds,RuleBasedEMS
257,9.8323,-6569.312580548575,0.0,0.0,0.49766251427640296,25.0027646068154,-0.012348331918324391,0.0,0.06174165959162195,0.0,0.0,0.0,epa_udds,RuleBasedEMS
258,10.1547,-7255.877625200633,0.0,0.0,0.4976168608179046,25.002816373902174,-0.013638867716542545,0.0,0.06819433858271272,0.0,0.0,0.0,epa_udds,RuleBasedEMS
259,10.51,-8092.8461413894265,0.0,0.0,0.49756594035547985,25.00288057724581,-0.015212116807122984,0.0,0.07606058403561491,0.0,0.0,0.0,epa_udds,RuleBasedEMS
260,10.9012,-9056.350379138777,0.0,0.0,0.49750895639257675,25.002960757716615,-0.01702321499838116,0.0,0.08511607499190581,0.0,0.0,0.0,epa_udds,RuleBasedEMS
261,11.3282,-10104.948687104205,0.0,0.0,0.4974453730818796,25.003060370358742,-0.018994264449443993,0.0,0.09497132224721996,0.0,0.0,0.0,epa_udds,RuleBasedEMS
262,11.7881,-11191.909307222997,0.0,0.0,0.49737494852738895,25.00318240095299,-0.021037423509817663,0.0,0.10518711754908831,0.0,0.0,0.0,epa_udds,RuleBasedEMS
263,12.2754,-12262.113285349591,0.0,0.0,0.49729778759270066,25.00332880490103,-0.023049085122837577,0.0,0.11524542561418788,0.0,0.0,0.0,epa_udds,RuleBasedEMS
264,12.7823,-13253.317511000578,0.0,0.0,0.4972143867858124,25.00349988263238,-0.024912250960527405,0.0,0.12456125480263701,0.0,0.0,0.0,epa_udds,RuleBasedEMS
265,13.2994,-14105.590951347463,0.0,0.0,0.4971256197866941,25.003693892597045,-0.026514268705540345,0.0,0.13257134352770172,0.0,0.0,0.0,epa_udds,RuleBasedEMS
266,13.8165,-14767.554463020615,0.0,0.0,0.49703268371658804,25.003906980259593,-0.027758561020715444,0.0,0.13879280510357722,0.0,0.0,0.0,epa_udds,RuleBasedEMS
267,14.3234,-15201.799668684229,0.0,0.0,0.4969370112979309,25.004133486231193,-0.028574811407301184,0.0,0.1428740570365059,0.0,0.0,0.0,epa_udds,RuleBasedEMS
268,14.8108,-15393.064069104998,0.0,0.0,0.49684013153944556,25.00436672268402,-0.028934330956964283,0.0,0.1446716547848214,0.0,0.0,0.0,epa_udds,RuleBasedEMS
269,15.2707,-15341.58858630162,0.0,0.0,0.49674357218574633,25.004599714339054,-0.028837572530642144,0.0,0.1441878626532107,0.0,0.0,0.0,epa_udds,RuleBasedEMS
270,15.6977,-15088.829809425639,0.0,0.0,0.49664860029342184,25.004826702548186,-0.028362462047792553,0.0,0.14181231023896276,0.0,0.0,0.0,epa_udds,RuleBasedEMS
271,16.0889,-14686.112539776059,0.0,0.0,0.496556160050994,25.005043605800275,-0.027605474698827178,0.0,0.13802737349413588,0.0,0.0,0.0,epa_udds,RuleBasedEMS
272,16.1648,-6850.28700126377,0.0,0.0,0.4965130402585034,25.00510196679671,-0.01287647932568378,0.0,0.0643823966284189,0.0,0.0,0.0,epa_udds,RuleBasedEMS
273,16.2078,-6052.250433564044,0.0,0.0,0.49647494365657785,25.005150616740735,-0.011376410589406099,0.0,0.05688205294703049,0.0,0.0,0.0,epa_udds,RuleBasedEMS
274,16.2234,-5371.407820819865,0.0,0.0,0.4964411326802167,25.005191819298815,-0.010096631242142605,0.0,0.05048315621071302,0.0,0.0,0.0,epa_udds,RuleBasedEMS
275,16.2194,-4874.338644258289,0.0,0.0,0.4964104506203746,25.00522801754878,-0.00916229068469603,0.0,0.045811453423480156,0.0,0.0,0.0,epa_udds,RuleBasedEMS
276,16.2052,-4608.576639811826,0.0,0.0,0.49638144152677477,25.005261580467092,-0.008662738044759071,0.0,0.04331369022379535,0.0,0.0,0.0,epa_udds,RuleBasedEMS
277,16.191,-4600.173936821349,0.0,0.0,0.496352485444551,25.005294791871307,-0.008646943490265695,0.0,0.043234717451328473,0.0,0.0,0.0,epa_udds,RuleBasedEMS
278,16.187,-4854.642784016771,0.0,0.0,0.49632192771377664,25.005330013127438,-0.009125268391008967,0.0,0.045626341955044836,0.0,0.0,0.0,epa_udds,RuleBasedEMS
279,16.2026,-5358.117782311019,0.0,0.0,0.49628820093877934,25.005369882015223,-0.010071649966750036,0.0,0.05035824983375018,0.0,0.0,0.0,epa_udds,RuleBasedEMS
280,16.2456,-6078.043179227541,0.0,0.0,0.4962499426179283,25.005417405772608,-0.011424893194036733,0.0,0.05712446597018366,0.0,0.0,0.0,epa_udds,RuleBasedEMS
281,16.3215,-6965.378115936766,0.0,0.0,0.4962060988859286,25.005475854774353,-0.013092816007399938,0.0,0.06546408003699969,0.0,0.0,0.0,epa_udds,RuleBasedEMS
282,16.4333,-7966.060602280121,0.0,0.0,0.4961559560994879,25.005548545046377,-0.014973798124586693,0.0,0.07486899062293347,0.0,0.0,0.0,epa_udds,RuleBasedEMS
283,16.5809,-9008.325441002255,0.0,0.0,0.496099252262874,25.005638221492905,-0.016932942558274915,0.0,0.08466471279137458,0.0,0.0,0.0,epa_udds,RuleBasedEMS
284,16.7614,-10023.309930786212,0.0,0.0,0.4960361587726746,25.00574656894897,-0.01884080814057559,0.0,0.09420404070287794,0.0,0.0,0.0,epa_udds,RuleBasedEMS
285,16.9694,-10943.36974961212,0.0,0.0,0.49596727278444686,25.005873706089456,-0.02057024389024835,0.0,0.10285121945124173,0.0,0.0,0.0,epa_udds,RuleBasedEMS
286,17.1969,-11690.04541901786,0.0,0.0,0.4958936853484205,25.00601750130393,-0.02197376958462004,0.0,0.1098688479231002,0.0,0.0,0.0,epa_udds,RuleBasedEMS
287,17.4346,-12212.353986254155,0.0,0.0,0.49581680852360077,25.006173882645513,-0.022955552605740892,0.0,0.11477776302870446,0.0,0.0,0.0,epa_udds,RuleBasedEMS
288,17.6723,-12465.268359326543,0.0,0.0,0.495738337949709,25.006337014850832,-0.02343095556264388,0.0,0.11715477781321938,0.0,0.0,0.0,epa_udds,RuleBasedEMS
289,17.8998,-12426.606847987858,0.0,0.0,0.49566010908347474,25.00650011055974,-0.02335828354884936,0.0,0.11679141774424678,0.0,0.0,0.0,epa_udds,RuleBasedEMS
290,18.1077,-12098.282650389081,0.0,0.0,0.495583945533015,25.006656440979672,-0.022741132801483238,0.0,0.11370566400741618,0.0,0.0,0.0,epa_udds,RuleBasedEMS
291,18.2882,-11509.795384041741,0.0,0.0,0.49551148537087575,25.00680040811186,-0.02163495372940177,0.0,0.10817476864700884,0.0,0.0,0.0,epa_udds,RuleBasedEMS
292,18.4358,-10717.740255264345,0.0,0.0,0.4954440104991918,25.00692838131115,-0.02014612829936907,0.0,0.10073064149684535,0.0,0.0,0.0,epa_udds,RuleBasedEMS
293,18.5476,-9794.777381417194,0.0,0.0,0.495382345437026,25.007038950526265,-0.01841123567935563,0.0,0.09205617839677814,0.0,0.0,0.0,epa_udds,RuleBasedEMS
294,18.6235,-8825.627857122001,0.0,0.0,0.4953267813162685,25.0071327774703,-0.016589526047221807,0.0,0.08294763023610903,0.0,0.0,0.0,epa_udds,RuleBasedEMS
295,18.6665,-7908.233875676899,0.0,0.0,0.49527699259007096,25.007212229525916,-0.01486510127006936,0.0,0.07432550635034679,0.0,0.0,0.0,epa_udds,RuleBasedEMS
296,18.6821,-7124.948441355976,0.0,0.0,0.4952321351504716,25.007280522641068,-0.013392760228112735,0.0,0.06696380114056368,0.0,0.0,0.0,epa_udds,RuleBasedEMS
297,18.6781,-6552.312844369111,0.0,0.0,0.49519088291968594,25.007341250067462,-0.012316377527009608,0.0,0.06158188763504804,0.0,0.0,0.0,epa_udds,RuleBasedEMS
298,18.6639,-6245.398551523445,0.0,0.0,0.4951515630382824,25.00739801193216,-0.011739470961510236,0.0,0.05869735480755118,0.0,0.0,0.0,epa_udds,RuleBasedEMS
299,18.6497,-6234.856676478531,0.0,0.0,0.4951123096330608,25.007454358116377,-0.011719655406914532,0.0,0.05859827703457266,0.0,0.0,0.0,epa_udds,RuleBasedEMS
300,18.6458,-6530.710838517682,0.0,0.0,0.49507119369582714,25.00751399945753,-0.012275772252852785,0.0,0.06137886126426392,0.0,0.0,0.0,epa_udds,RuleBasedEMS
301,18.6613,-7105.619419833794,0.0,0.0,0.4950264583216268,25.007580846600185,-0.01335642748089059,0.0,0.06678213740445295,0.0,0.0,0.0,epa_udds,RuleBasedEMS
302,18.7043,-7939.730382135103,0.0,0.0,0.494976471537189,25.007659468791072,-0.014924305229577262,0.0,0.07462152614788631,0.0,0.0,0.0,epa_udds,RuleBasedEMS
303,18.7802,-8964.386209477107,0.0,0.0,0.4949200335387453,25.007754534621707,-0.01685035001781411,0.0,0.08425175008907056,0.0,0.0,0.0,epa_udds,RuleBasedEMS
304,18.892,-10119.388924031664,0.0,0.0,0.494856323412478,25.007870694035507,-0.01902140775193922,0.0,0.09510703875969609,0.0,0.0,0.0,epa_udds,RuleBasedEMS
305,19.0396,-11321.205618526797,0.0,0.0,0.49478504604099904,25.00801167490857,-0.021280461688960146,0.0,0.10640230844480073,0.0,0.0,0.0,epa_udds,RuleBasedEMS
306,19.2201,-12489.950586351268,0.0,0.0,0.4947064091666006,25.008179636905023,-0.02347735072622419,0.0,0.11738675363112094,0.0,0.0,0.0,epa_udds,RuleBasedEMS
307,19.4281,-13547.722276212555,0.0,0.0,0.4946211109523574,25.00837451136363,-0.025465643376339386,0.0,0.12732821688169693,0.0,0.0,0.0,epa_udds,RuleBasedEMS
308,19.6556,-14404.99095374746,0.0,0.0,0.4945304132750771,25.00859309533475,-0.027077050664938835,0.0,0.13538525332469417,0.0,0.0,0.0,epa_udds,RuleBasedEMS
309,19.8933,-15004.415887466892,0.0,0.0,0.494435939159186,25.00882954243042,-0.02820378926215581,0.0,0.14101894631077905,0.0,0.0,0.0,epa_udds,RuleBasedEMS
310,20.131,-15295.92366070072,0.0,0.0,0.49433962710520923,25.00907562757775,-0.028751736204324665,0.0,0.1437586810216233,0.0,0.0,0.0,epa_udds,RuleBasedEMS
311,20.3585,-15255.645505278459,0.0,0.0,0.494243566158271,25.009321864637762,-0.028676025385861767,0.0,0.14338012692930882,0.0,0.0,0.0,epa_udds,RuleBasedEMS
312,20.5854,-15518.519795383318,0.0,0.0,0.49414584748864887,25.009577062381947,-0.029170149991322027,0.0,0.14585074995661013,0.0,0.0,0.0,epa_udds,RuleBasedEMS
313,20.785,-14886.89035216629,0.0,0.0,0.4940521037379821,25.009815401456553,-0.027982876601816337,0.0,0.13991438300908168,0.0,0.0,0.0,epa_udds,RuleBasedEMS
314,20.9516,-14016.063445672704,0.0,0.0,0.4939638416434007,25.010031075982205,-0.026345983920437417,0.0,0.13172991960218708,0.0,0.0,0.0,epa_udds,RuleBasedEMS
315,21.0823,-12994.036150568289,0.0,0.0,0.4938820139111558,25.01022156617962,-0.02442487998227122,0.0,0.1221243999113561,0.0,0.0,0.0,epa_udds,RuleBasedEMS
316,21.1772,-11922.958060065384,0.0,0.0,0.49380692998380443,25.0103874923948,-0.022411575300874786,0.0,0.11205787650437392,0.0,0.0,0.0,epa_udds,RuleBasedEMS
317,21.2392,-10903.618394421153,0.0,0.0,0.4937382645201687,25.010531835953472,-0.020495523297784125,0.0,0.10247761648892062,0.0,0.0,0.0,epa_udds,RuleBasedEMS
318,21.2738,-10032.980660801328,0.0,0.0,0.49367508143947175,25.01065912829646,-0.018858986204513775,0.0,0.09429493102256888,0.0,0.0,0.0,epa_udds,RuleBasedEMS
319,21.2888,-9398.947095327328,0.0,0.0,0.49361589097178465,25.01077476276137,-0.017667193788209266,0.0,0.08833596894104633,0.0,0.0,0.0,epa_udds,RuleBasedEMS
320,21.2936,-9065.758104983357,0.0,0.0,0.49355879868074815,25.010884439723373,-0.01704089869357774,0.0,0.08520449346788869,0.0,0.0,0.0,epa_udds,RuleBasedEMS
321,21.2984,-9070.353132815326,0.0,0.0,0.4935016774133744,25.010993996746365,-0.017049535963938583,0.0,0.08524767981969292,0.0,0.0,0.0,epa_udds,RuleBasedEMS
322,21.3135,-9426.309210007059,0.0,0.0,0.4934423144382743,25.01110960154663,-0.017718626334599735,0.0,0.08859313167299868,0.0,0.0,0.0,epa_udds,RuleBasedEMS
323,21.3481,-10107.635335298086,0.0,0.0,0.49337866062125046,25.01123771306001,-0.018999314540033996,0.0,0.09499657270016998,0.0,0.0,0.0,epa_udds,RuleBasedEMS
324,21.41,-11079.35847423295,0.0,0.0,0.4933088869688518,25.011385385147975,-0.02082586179367096,0.0,0.10412930896835479,0.0,0.0,0.0,epa_udds,RuleBasedEMS
325,21.5049,-12283.705056040557,0.0,0.0,0.49323152818488636,25.01155998894839,-0.023089671157970976,0.0,0.11544835578985486,0.0,0.0,0.0,epa_udds,RuleBasedEMS
326,21.6357,-13638.189454685462,0.0,0.0,0.4931456382749786,25.011768398801966,-0.025635694463694476,0.0,0.12817847231847238,0.0,0.0,0.0,epa_udds,RuleBasedEMS
327,21.8023,-15049.80407606881,0.0,0.0,0.4930508568169571,25.01201601688309,-0.028289105406144384,0.0,0.1414455270307219,0.0,0.0,0.0,epa_udds,RuleBasedEMS
328,22.0019,-16429.736439242235,0.0,0.0,0.4929473825847498,25.0123059457008,-0.03088296323165834,0.0,0.1544148161582917,0.0,0.0,0.0,epa_udds,RuleBasedEMS
329,22.2288,-17673.874879193496,0.0,0.0,0.4928360699842871,25.012637538559574,-0.03322156932179229,0.0,0.16610784660896144,0.0,0.0,0.0,epa_udds,RuleBasedEMS
330,22.4753,-18700.234336208272,0.0,0.0,0.4927182898248127,25.01300624971278,-0.035150816421444124,0.0,0.1757540821072206,0.0,0.0,0.0,epa_udds,RuleBasedEMS
331,22.732,-19429.073611052878,0.0,0.0,0.4925959153211973,25.013403272521806,-0.03652081505837007,0.0,0.18260407529185035,0.0,0.0,0.0,epa_udds,RuleBasedEMS
332,22.9887,-19806.57111408412,0.0,0.0,0.4924711589753059,25.013816472969516,-0.03723039683098519,0.0,0.18615198415492593,0.0,0.0,0.0,epa_udds,RuleBasedEMS
333,23.2352,-19805.41536596951,0.0,0.0,0.4923464056908958,25.014231846384803,-0.03722822437212314,0.0,0.1861411218606157,0.0,0.0,0.0,epa_udds,RuleBasedEMS
334,23.4621,-19429.155504330072,0.0,0.0,0.4922240184196602,25.014635417516793,-0.036520968993101637,0.0,0.1826048449655082,0.0,0.0,0.0,epa_udds,RuleBasedEMS
335,23.6617,-18720.023146491294,0.0,0.0,0.4921060944587221,25.01501540283673,-0.03518801343325431,0.0,0.17594006716627156,0.0,0.0,0.0,epa_udds,RuleBasedEMS
336,23.8283,-17739.1112764684,0.0,0.0,0.49199434653439716,25.015363312944654,-0.0333441941287,0.0,0.1667209706435,0.0,0.0,0.0,epa_udds,RuleBasedEMS
337,23.959,-16586.11921443531,0.0,0.0,0.4918898594687357,25.01567521807847,-0.031176915816607732,0.0,0.15588457908303865,0.0,0.0,0.0,epa_udds,RuleBasedEMS
338,24.0539,-15376.501661171462,0.0,0.0,0.4917929907756532,25.015951618700754,-0.02890319861122455,0.0,0.14451599305612275,0.0,0.0,0.0,epa_udds,RuleBasedEMS
339,24.1159,-14224.139469255571,0.0,0.0,0.4917033804541632,25.016196449491847,-0.026737104265517994,0.0,0.13368552132758996,0.0,0.0,0.0,epa_udds,RuleBasedEMS
340,24.1505,-13238.832134626533,0.0,0.0,0.49161997662866236,25.016416037343607,-0.024885022809448373,0.0,0.12442511404724185,0.0,0.0,0.0,epa_udds,RuleBasedEMS
341,24.1655,-12520.537898123677,0.0,0.0,0.49154109752200736,25.016618194125662,-0.023534845673164807,0.0,0.11767422836582403,0.0,0.0,0.0,epa_udds,RuleBasedEMS
342,24.1703,-12142.808697389306,0.0,0.0,0.4914645978206702,25.016811416668606,-0.022824828378551328,0.0,0.11412414189275663,0.0,0.0,0.0,epa_udds,RuleBasedEMS
343,24.1751,-12148.507387852218,0.0,0.0,0.49138806203630975,25.017004562967408,-0.022835540202729737,0.0,0.11417770101364867,0.0,0.0,0.0,epa_udds,RuleBasedEMS
344,24.1902,-12554.028049945005,0.0,0.0,0.49130897127178325,25.01720700962227,-0.023597797086362796,0.0,0.11798898543181396,0.0,0.0,0.0,epa_udds,RuleBasedEMS
345,24.2248,-13330.581821140324,0.0,0.0,0.49122498786524144,25.017428443529617,-0.02505748462620362,0.0,0.1252874231310181,0.0,0.0,0.0,epa_udds,RuleBasedEMS
346,24.2867,-14438.753462175273,0.0,0.0,0.4911340223117286,25.017679214496564,-0.027140514026645253,0.0,0.13570257013322626,0.0,0.0,0.0,epa_udds,RuleBasedEMS
347,24.3816,-15812.745932918706,0.0,0.0,0.49103439943237037,25.017969877176366,-0.029723206640824635,0.0,0.14861603320412317,0.0,0.0,0.0,epa_udds,RuleBasedEMS
348,24.5124,-17358.315717447465,0.0,0.0,0.4909250375664316,25.01831002619546,-0.032628413002720805,0.0,0.163142065013604,0.0,0.0,0.0,epa_udds,RuleBasedEMS
349,24.679,-18969.149590708552,0.0,0.0,0.4908055246286581,25.01870697777182,-0.035656296223136374,0.0,0.17828148111568187,0.0,0.0,0.0,epa_udds,RuleBasedEMS
350,24.8786,-20543.870062715505,0.0,0.0,0.49067608707795,25.019164707354324,-0.038616297110367494,0.0,0.19308148555183746,0.0,0.0,0.0,epa_udds,RuleBasedEMS
351,25.1055,-21964.22366890784,0.0,0.0,0.49053769635946876,25.019681921000057,-0.041286134715992184,0.0,0.20643067357996092,0.0,0.0,0.0,epa_udds,RuleBasedEMS
352,24.9228,-5791.20265632759,0.0,0.0,0.49050120628358196,25.019775924497594,-0.01088571927881126,0.0,0.0544285963940563,0.0,0.0,0.0,epa_udds,RuleBasedEMS
353,24.7504,-6023.503012843875,0.0,0.0,0.490463253365658,25.019869998221896,-0.011322374084293,0.0,0.05661187042146499,0.0,0.0,0.0,epa_udds,RuleBasedEMS
354,24.5779,-5855.153144476164,0.0,0.0,0.4904263619733234,25.01995984348444,-0.011005926963301061,0.0,0.0550296348165053,0.0,0.0,0.0,epa_udds,RuleBasedEMS
355,24.3953,-5300.545561442506,0.0,0.0,0.49039296568577934,25.02004155667129,-0.009963431506470877,0.0,0.049817157532354384,0.0,0.0,0.0,epa_udds,RuleBasedEMS
356,24.193,-4375.866669660067,0.0,0.0,0.49036539598653717,25.020112472080307,-0.008225313288834713,0.0,0.04112656644417356,0.0,0.0,0.0,epa_udds,RuleBasedEMS
357,23.9634,-3161.4390683684874,0.0,0.0,0.4903454781556284,25.020172249127796,-0.00594255463979039,0.0,0.02971277319895195,0.0,0.0,0.0,epa_udds,RuleBasedEMS
358,23.7009,-1740.0869055992584,0.0,0.0,0.4903345154946507,25.020222754086383,-0.003270840048118907,0.0,0.016354200240594533,0.0,0.0,0.0,epa_udds,RuleBasedEMS
359,23.4025,-218.53554074139925,0.0,0.0,0.4903331387505859,25.02026753162444,-0.00041078109161917154,0.0,0.0020539054580958577,0.0,0.0,0.0,epa_udds,RuleBasedEMS
360,23.0682,923.6201483409083,0.0,0.0,0.49033895722054177,25.02030994447349,0.0499866002087057,0.0,0.00868064049192583,0.03694480593363633,0.0,0.0,epa_udds,RuleBasedEMS
361,22.701,1906.365229304579,0.0,0.0,0.4903509661575414,25.02035177664877,0.10317305955288991,0.0,0.01791696644083251,0.07625460917218316,0.0,0.0,epa_udds,RuleBasedEMS
362,22.3065,2722.374445048575,0.0,0.0,0.4903681147489307,25.02039394934308,0.14733572372526046,0.0,0.02558622598729864,0.108894977801943,0.0,0.0,epa_udds,RuleBasedEMS
363,21.8923,3323.942908385145,0.0,0.0,0.49038905180595305,25.02043636745067,0.17989278988388174,0.0,0.031240064928431815,0.1329577163354058,0.0,0.0,epa_udds,RuleBasedEMS
364,21.468,3668.9979027237405,0.0,0.0,0.49041216131533116,25.02047797088291,0.1985672699534247,0.0,0.034483062995523873,0.14675991610894962,0.0,0.0,epa_udds,RuleBasedEMS
365,21.0436,3759.0002343920323,0.0,0.0,0.49043583669140395,25.020517268183983,0.20343822321168306,0.0,0.035328949571353685,0.15036000937568128,0.0,0.0,epa_udds,RuleBasedEMS
366,20.6295,3597.2407452977686,0.0,0.0,0.4904584923024434,25.020552708720526,0.1946837510124311,0.0,0.03380865362121963,0.14388962981191075,0.0,0.0,epa_udds,RuleBasedEMS
367,20.2349,3224.1610275126823,0.0,0.0,0.4904787974232582,25.02058325575904,0.17449256448147582,0.0,0.030302265296171825,0.12896644110050728,0.0,0.0,epa_udds,RuleBasedEMS
368,19.8677,2679.3830039833806,0.0,0.0,0.4904956710080205,25.020608539451647,0.14500901400505545,0.0,0.025182171090069365,0.10717532015933523,0.0,0.0,epa_udds,RuleBasedEMS
369,19.5335,2020.8705655385472,0.0,0.0,0.4905083971309611,25.020628945320166,0.10937012278756739,0.0,0.01899314441295627,0.08083482262154189,0.0,0.0,epa_udds,RuleBasedEMS
370,19.2351,1312.6284298616602,0.0,0.0,0.49051666295127117,25.020645430776522,0.07103984539958068,0.0,0.012336733363361468,0.05250513719446641,0.0,0.0,epa_udds,RuleBasedEMS
371,18.9725,614.296651603161,0.0,0.0,0.4905205311639939,25.020659198969923,0.03324591953563573,0.0,0.0057734647707064005,0.024571866064126438,0.0,0.0,epa_udds,RuleBasedEMS
372,18.7429,-24.167828835588143,0.0,0.0,0.4905203789833798,25.020671381011624,-4.542824969095516e-05,0.0,0.00022714124845477578,0.0,0.0,0.0,epa_udds,RuleBasedEMS
373,18.5407,-732.2514403099702,0.0,0.0,0.4905157682210332,25.020683022524665,-0.0013764124817856585,0.0,0.006882062408928292,0.0,0.0,0.0,epa_udds,RuleBasedEMS
374,18.358,-1209.3778556044376,0.0,0.0,0.49050815327728275,25.020694666586305,-0.0022732666458730034,0.0,0.011366333229365016,0.0,0.0,0.0,epa_udds,RuleBasedEMS
375,18.1856,-1422.260243881331,0.0,0.0,0.49049919804350656,25.02070608876888,-0.0026734215110551336,0.0,0.013367107555275667,0.0,0.0,0.0,epa_udds,RuleBasedEMS
376,18.0131,-1340.0594493413557,0.0,0.0,0.49049076050733365,25.020716617619907,-0.002518908739363451,0.0,0.012594543696817253,0.0,0.0,0.0,epa_udds,RuleBasedEMS
377,17.8305,-977.9560759846163,0.0,0.0,0.4904846030026799,25.02072570135765,-0.001838263300722963,0.0,0.009191316503614815,0.0,0.0,0.0,epa_udds,RuleBasedEMS
378,17.6282,-352.5582902603571,0.0,0.0,0.49048238322329524,25.020733336893272,-0.000662703553120972,0.0,0.00331351776560486,0.0,0.0,0.0,epa_udds,RuleBasedEMS
379,17.3986,340.4755914256543,0.0,0.0,0.4904845268917905,25.02074026386796,0.018426641406630518,0.0,0.0031999585660305854,0.01361902365702617,0.0,0.0,epa_udds,RuleBasedEMS
380,17.1361,1032.308163058137,0.0,0.0,0.49049102628720936,25.020747348269268,0.05586882825332685,0.0,0.009702144389644146,0.041292326522325486,0.0,0.0,epa_udds,RuleBasedEMS
381,16.8377,1763.357603040691,0.0,0.0,0.490502128132484,25.02075559374696,0.09543344380967589,0.0,0.016572909803014013,0.07053430412162764,0.0,0.0,epa_udds,RuleBasedEMS
382,16.5034,2469.5210244840678,0.0,0.0,0.49051767553582,25.020765867548807,0.1336512205581678,0.0,0.023209784064699885,0.09878084097936271,0.0,0.0,epa_udds,RuleBasedEMS
383,16.1362,3090.753055675104,0.0,0.0,0.49053713357404743,25.02077859468484,0.16727248492292782,0.0,0.029048430974390076,0.12363012222700416,0.0,0.0,epa_udds,RuleBasedEMS
384,15.7417,3580.0275662926765,0.0,0.0,0.4905596713013168,25.020793597683586,0.19375216858777958,0.0,0.03364687562305147,0.14320110265170707,0.0,0.0,epa_udds,RuleBasedEMS
385,15.3275,3907.2315871198,0.0,0.0,0.4905842682659915,25.020810129196665,0.2114605486021678,0.0,0.03672210138270489,0.156289263484792,0.0,0.0,epa_udds,RuleBasedEMS
386,14.9032,4048.304731595879,0.0,0.0,0.4906097526443184,25.02082697532863,0.21909546960922657,0.0,0.038047976800713146,0.16193218926383515,0.0,0.0,epa_udds,RuleBasedEMS
387,14.4789,4009.2015339028244,0.0,0.0,0.4906349902046809,25.02084283546002,0.21697919278971825,0.0,0.03768046554419948,0.16036806135611298,0.0,0.0,epa_udds,RuleBasedEMS
388,14.0647,3805.5632068118666,0.0,0.0,0.490658945276414,25.020856573248977,0.205958225282946,0.0,0.035766571492592734,0.15222252827247468,0.0,0.0,epa_udds,RuleBasedEMS
389,13.6701,3461.8260529698546,0.0,0.0,0.49068073609194773,25.020867408455214,0.18735506713742114,0.0,0.03253595914445352,0.1384730421187942,0.0,0.0,epa_udds,RuleBasedEMS
390,13.303,3014.702011458993,0.0,0.0,0.4906997120268903,25.020875043672863,0.16315657953745738,0.0,0.02833366552123114,0.12058808045835973,0.0,0.0,epa_udds,RuleBasedEMS
391,12.9687,2510.5783508008203,0.0,0.0,0.4907155144648731,25.02087965895856,0.13587325540649853,0.0,0.023595661191737033,0.10042313403203282,0.0,0.0,epa_udds,RuleBasedEMS
392,12.6334,2505.5718194208275,0.0,0.0,0.49073128511957875,25.020883935677254,0.13560230042248958,0.0,0.023548607325383716,0.1002228727768331,0.0,0.0,epa_udds,RuleBasedEMS
393,12.334,1989.1646831932442,0.0,0.0,0.4907438051793662,25.02088573112655,0.10765419089943587,0.0,0.018695156796928986,0.07956658732772977,0.0,0.0,epa_udds,RuleBasedEMS
394,12.0675,1534.629477341783,0.0,0.0,0.4907534641979592,25.02088578115528,0.08305460885643726,0.0,0.014423209373513,0.061385179093671326,0.0,0.0,epa_udds,RuleBasedEMS
395,11.8284,1169.745116259563,0.0,0.0,0.490760826529881,25.020884711497207,0.06330695749501003,0.0,0.010993845077627473,0.04678980465038252,0.0,0.0,epa_udds,RuleBasedEMS
396,11.6089,918.395592378141,0.0,0.0,0.4907666068161874,25.020882992712764,0.0497038456687057,0.0,0.008631537522350949,0.03673582369512564,0.0,0.0,epa_udds,RuleBasedEMS
397,11.3995,796.0497134694991,0.0,0.0,0.49077161702335137,25.020880946924585,0.04308244990641695,0.0,0.007481670239374991,0.03184198853877997,0.0,0.0,epa_udds,RuleBasedEMS
398,11.1902,802.5017371807019,0.0,0.0,0.4907766677948836,25.02087879797842,0.043431635370125496,0.0,0.007542309559969002,0.03210006948722807,0.0,0.0,epa_udds,RuleBasedEMS
399,10.9706,935.8341292394325,0.0,0.0,0.49078255768216145,25.020876764262525,0.05064762452831154,0.0,0.008795433545483388,0.0374333651695773,0.0,0.0,epa_udds,RuleBasedEMS
400,10.7315,1173.3070812436786,0.0,0.0,0.49078994209676186,25.020875103842712,0.06349973211121804,0.0,0.011027322192139836,0.046932283249747145,0.0,0.0,epa_udds,RuleBasedEMS
401,10.465,1490.259951270666,0.0,0.0,0.49079932122445963,25.02087414168943,0.08065331676125002,0.0,0.014006202549536335,0.05961039805082664,0.0,0.0,epa_udds,RuleBasedEMS
402,10.1656,1848.6970132268846,0.0,0.0,0.4908109561027178,25.020874209931208,0.10005203835494073,0.0,0.017374971928824104,0.07394788052907539,0.0,0.0,epa_udds,RuleBasedEMS
403,9.8303,2210.7828121058624,0.0,0.0,0.49082486963705113,25.020875565894894,0.11964823068825561,0.0,0.02077803394836337,0.0884313124842345,0.0,0.0,epa_udds,RuleBasedEMS
404,9.4592,2535.1675165710035,0.0,0.0,0.49084082449450156,25.020878276397433,0.13720402845321866,0.0,0.023826762373787627,0.10140670066284015,0.0,0.0,epa_udds,RuleBasedEMS
405,9.0551,2790.1225963664956,0.0,0.0,0.49085838366942275,25.020882173493376,0.1510022740499702,0.0,0.026222956732767817,0.11160490385465982,0.0,0.0,epa_udds,RuleBasedEMS
406,8.6237,2948.6223976909696,0.0,0.0,0.49087694009461746,25.020886840707576,0.15958033096676388,0.0,0.02771261651965197,0.11794489590763878,0.0,0.0,epa_udds,RuleBasedEMS
407,8.1727,2999.9422873429858,0.0,0.0,0.4908958192398288,25.020891716932894,0.1623577788292843,0.0,0.028194946309614527,0.11999769149371943,0.0,0.0,epa_udds,RuleBasedEMS
408,7.7114,2943.4106891120923,0.0,0.0,0.4909143423820184,25.020896208222545,0.15929827173104388,0.0,0.027663634296166282,0.11773642756448369,0.0,0.0,epa_udds,RuleBasedEMS
409,7.2502,2787.666978520826,0.0,0.0,0.4909318851983876,25.02089980158985,0.15086937527363084,0.0,0.026199877617676937,0.11150667914083304,0.0,0.0,epa_udds,RuleBasedEMS
410,6.7992,2554.7612992766644,0.0,0.0,0.4909479621529321,25.020902177480306,0.138264449866116,0.0,0.024010914466885944,0.10219045197106658,0.0,0.0,epa_udds,RuleBasedEMS
411,6.3677,2268.820244242853,0.0,0.0,0.49096223955124907,25.02090321988496,0.12278923397037636,0.0,0.02132349853611704,0.09075280976971412,0.0,0.0,epa_udds,RuleBasedEMS
412,5.9637,1953.7270807716905,0.0,0.0,0.49097453399780366,25.020902984523442,0.10573629719845586,0.0,0.018362096623794084,0.07814908323086762,0.0,0.0,epa_udds,RuleBasedEMS
413,5.5926,1636.196070248542,0.0,0.0,0.4909848302015143,25.020901659006483,0.08855142341089477,0.0,0.015377782615117875,0.06544784280994168,0.0,0.0,epa_udds,RuleBasedEMS
414,5.2573,1335.3715308155308,0.0,0.0,0.49099323333318007,25.020899481217363,0.07227070886323451,0.0,0.01255048431217604,0.053414861232621236,0.0,0.0,epa_udds,RuleBasedEMS
415,4.9578,1066.908824176831,0.0,0.0,0.49099994706784184,25.020896690113034,0.05774142643928443,0.0,0.010027338573090518,0.04267635296707324,0.0,0.0,epa_udds,RuleBasedEMS
416,4.6913,841.2576152121816,0.0,0.0,0.4910052408267322,25.02089349053568,0.04552911514509235,0.0,0.007906556533949075,0.033650304608487266,0.0,0.0,epa_udds,RuleBasedEMS
417,4.4522,665.8588357628705,0.0,0.0,0.4910094308457145,25.020890040905897,0.03603648044978302,0.0,0.006258071764688632,0.02663435343051482,0.0,0.0,epa_udds,RuleBasedEMS
418,4.2327,543.5189944867741,0.0,0.0,0.491012851014422,25.020886451927158,0.029415411445983457,0.0,0.005108261226379455,0.021740759779470965,0.0,0.0,epa_udds,RuleBasedEMS
419,4.0234,473.6127252253064,0.0,0.0,0.49101583128270376,25.020882796587205,0.025632063129110948,0.0,0.004451247417531075,0.018944509009012258,0.0,0.0,epa_udds,RuleBasedEMS
420,3.814,452.03122424411606,0.0,0.0,0.49101867574222374,25.020879123398846,0.024464065805331933,0.0,0.00424841376169282,0.01808124896976464,0.0,0.0,epa_udds,RuleBasedEMS
421,3.5945,469.1433553563291,0.0,0.0,0.49102162787760434,25.0208754662841,0.0253901794876305,0.0,0.004409242061619635,0.018765734214253163,0.0,0.0,epa_udds,RuleBasedEMS
422,3.3554,513.9468300360732,0.0,0.0,0.4910248619390113,25.02087185213347,0.027814957012027474,0.0,0.004830327349963094,0.020557873201442926,0.0,0.0,epa_udds,RuleBasedEMS
423,3.0889,570.1572536476368,0.0,0.0,0.4910284497044757,25.020868297113353,0.030857082043275856,0.0,0.005358620804958992,0.02280629014590547,0.0,0.0,epa_udds,RuleBasedEMS
424,2.7894,620.0428344722509,0.0,0.0,0.4910323513727335,25.020864799981467,0.03355690468068618,0.0,0.0058274702487993504,0.024801713378890037,0.0,0.0,epa_udds,RuleBasedEMS
425,2.0117,1527.7747778531639,0.0,0.0,0.4910419649979292,25.020863149423484,0.08268363045854941,0.0,0.014358785506138758,0.06111099111412655,0.0,0.0,epa_udds,RuleBasedEMS
426,1.6764,443.3715149552526,0.0,0.0,0.49104475492913474,25.020859481485093,0.0239953997341948,0.0,0.0041670255164967356,0.017734860598210105,0.0,0.0,epa_udds,RuleBasedEMS
427,1.3411,355.2643772299638,0.0,0.0,0.49104699044072625,25.020855748750293,0.019227014942114883,0.0,0.0033389509138154493,0.014210575089198553,0.0,0.0,epa_udds,RuleBasedEMS
428,1.0058,266.7755776545454,0.0,0.0,0.49104866913278156,25.02085196537347,0.014437974495920432,0.0,0.002507289263670539,0.010671023106181815,0.0,0.0,epa_udds,RuleBasedEMS
429,0.6706,177.9519410970015,0.0,0.0,0.4910497888994603,25.02084814568538,0.009630812571550502,0.0,0.001672480649407909,0.00711807764388006,0.0,0.0,epa_udds,RuleBasedEMS
430,0.3353,89.06123543712516,0.0,0.0,0.49105034931930786,25.02084430422126,0.00482002084719118,0.0,0.0008370416864391463,0.0035624494174850067,0.0,0.0,epa_udds,RuleBasedEMS
431,0.0,0.0,0.0,0.0,0.49105034931930786,25.020840455561345,0.0,0.0,0.0,0.0,0.0,0.0,epa_udds,RuleBasedEMS
432,0.0,0.0,0.0,0.0,0.49105034931930786,25.020836606867046,0.0,0.0,0.0,0.0,0.0,0.0,epa_udds,RuleBasedEMS
433,0.0,0.0,0.0,0.0,0.49105034931930786,25.020832758187346,0.0,0.0,0.0,0.0,0.0,0.0,epa_udds,RuleBasedEMS
434,0.0,0.0,0.0,0.0,0.49105034931930786,25.020828909568007,0.0,0.0,0.0,0.0,0.0,0.0,epa_udds,RuleBasedEMS
435,0.0,0.0,0.0,0.0,0.49105034931930786,25.020825061051784,0.0,0.0,0.0,0.0,0.0,0.0,epa_udds,RuleBasedEMS
436,0.0,0.0,0.0,0.0,0.49105034931930786,25.020821212678623,0.0,0.0,0.0,0.0,0.0,0.0,epa_udds,RuleBasedEMS
437,0.0,0.0,0.0,0.0,0.49105034931930786,25.020817364485836,0.0,0.0,0.0,0.0,0.0,0.0,epa_udds,RuleBasedEMS
438,0.0,0.0,0.0,0.0,0.49105034931930786,25.020813516508284,0.0,0.0,0.0,0.0,0.0,0.0,epa_udds,RuleBasedEMS
439,0.0,0.0,0.0,0.0,0.49105034931930786,25.020809668778536,0.0,0.0,0.0,0.0,0.0,0.0,epa_udds,RuleBasedEMS
440,0.0,0.0,0.0,0.0,0.49105034931930786,25.020805821327016,0.0,0.0,0.0,0.0,0.0,0.0,epa_udds,RuleBasedEMS
441,0.0,0.0,0.0,0.0,0.49105034931930786,25.02080197418214,0.0,0.0,0.0,0.0,0.0,0.0,epa_udds,RuleBasedEMS
442,0.0,0.0,0.0,0.0,0.49105034931930786,25.020798127370462,0.0,0.0,0.0,0.0,0.0,0.0,epa_udds,RuleBasedEMS
443,0.0,0.0,0.0,0.0,0.49105034931930786,25.02079428091678,0.0,0.0,0.0,0.0,0.0,0.0,epa_udds,RuleBasedEMS
444,0.0,0.0,0.0,0.0,0.49105034931930786,25.020790434844255,0.0,0.0,0.0,0.0,0.0,0.0,epa_udds,RuleBasedEMS
445,0.0,0.0,0.0,0.0,0.49105034931930786,25.020786589174527,0.0,0.0,0.0,0.0,0.0,0.0,epa_udds,RuleBasedEMS
446,0.0,0.0,0.0,0.0,0.49105034931930786,25.02078274392781,0.0,0.0,0.0,0.0,0.0,0.0,epa_udds,RuleBasedEMS
447,0.0,0.0,0.0,0.0,0.49105034931930786,25.020778899122977,0.0,0.0,0.0,0.0,0.0,0.0,epa_udds,RuleBasedEMS
448,0.0,0.0,0.0,0.0,0.49105034931930786,25.020775054777662,0.0,0.0,0.0,0.0,0.0,0.0,epa_udds,RuleBasedEMS
449,0.0,0.0,0.0,0.0,0.49105034931930786,25.02077121090833,0.0,0.0,0.0,0.0,0.0,0.0,epa_udds,RuleBasedEMS
450,0.0,0.0,0.0,0.0,0.49105034931930786,25.020767367530357,0.0,0.0,0.0,0.0,0.0,0.0,epa_udds,RuleBasedEMS
451,0.0,0.0,0.0,0.0,0.49105034931930786,25.02076352465811,0.0,0.0,0.0,0.0,0.0,0.0,epa_udds,RuleBasedEMS
452,0.0,0.0,0.0,0.0,0.49105034931930786,25.020759682305002,0.0,0.0,0.0,0.0,0.0,0.0,epa_udds,RuleBasedEMS
453,0.0,0.0,0.0,0.0,0.49105034931930786,25.02075584048355,0.0,0.0,0.0,0.0,0.0,0.0,epa_udds,RuleBasedEMS
454,0.0,0.0,0.0,0.0,0.49105034931930786,25.02075199920545,0.0,0.0,0.0,0.0,0.0,0.0,epa_udds,RuleBasedEMS
455,0.0,0.0,0.0,0.0,0.49105034931930786,25.020748158481627,0.0,0.0,0.0,0.0,0.0,0.0,epa_udds,RuleBasedEMS
456,0.0,0.0,0.0,0.0,0.49105034931930786,25.02074431832227,0.0,0.0,0.0,0.0,0.0,0.0,epa_udds,RuleBasedEMS
457,0.0,0.0,0.0,0.0,0.49105034931930786,25.020740478736894,0.0,0.0,0.0,0.0,0.0,0.0,epa_udds,RuleBasedEMS
458,0.0,0.0,0.0,0.0,0.49105034931930786,25.020736639734388,0.0,0.0,0.0,0.0,0.0,0.0,epa_udds,RuleBasedEMS
459,0.0,0.0,0.0,0.0,0.49105034931930786,25.020732801323046,0.0,0.0,0.0,0.0,0.0,0.0,epa_udds,RuleBasedEMS
460,0.0,0.0,0.0,0.0,0.49105034931930786,25.02072896351061,0.0,0.0,0.0,0.0,0.0,0.0,epa_udds,RuleBasedEMS
461,0.0,0.0,0.0,0.0,0.49105034931930786,25.020725126304306,0.0,0.0,0.0,0.0,0.0,0.0,epa_udds,RuleBasedEMS
462,0.0,0.0,0.0,0.0,0.49105034931930786,25.020721289710874,0.0,0.0,0.0,0.0,0.0,0.0,epa_udds,RuleBasedEMS
463,0.0,0.0,0.0,0.0,0.49105034931930786,25.02071745373661,0.0,0.0,0.0,0.0,0.0,0.0,epa_udds,RuleBasedEMS
464,0.0,0.0,0.0,0.0,0.49105034931930786,25.020713618387383,0.0,0.0,0.0,0.0,0.0,0.0,epa_udds,RuleBasedEMS
465,0.0,0.0,0.0,0.0,0.49105034931930786,25.02070978366867,0.0,0.0,0.0,0.0,0.0,0.0,epa_udds,RuleBasedEMS
466,0.0,0.0,0.0,0.0,0.49105034931930786,25.020705949585587,0.0,0.0,0.0,0.0,0.0,0.0,epa_udds,RuleBasedEMS
467,0.0,0.0,0.0,0.0,0.49105034931930786,25.020702116142896,0.0,0.0,0.0,0.0,0.0,0.0,epa_udds,RuleBasedEMS
468,0.0,0.0,0.0,0.0,0.49105034931930786,25.02069828334504,0.0,0.0,0.0,0.0,0.0,0.0,epa_udds,RuleBasedEMS
469,0.0,0.0,0.0,0.0,0.49105034931930786,25.02069445119617,0.0,0.0,0.0,0.0,0.0,0.0,epa_udds,RuleBasedEMS
470,0.0,0.0,0.0,0.0,0.49105034931930786,25.02069061970015,0.0,0.0,0.0,0.0,0.0,0.0,epa_udds,RuleBasedEMS
471,0.0,0.0,0.0,0.0,0.49105034931930786,25.020686788860584,0.0,0.0,0.0,0.0,0.0,0.0,epa_udds,RuleBasedEMS
472,0.3193,-207.3370171758427,0.0,0.0,0.49104904462941346,25.02068299935376,-0.0003897312352929374,0.0,0.001948656176464687,0.0,0.0,0.0,epa_udds,RuleBasedEMS
473,0.6386,-414.7884840734083,0.0,0.0,0.4910464345271885,25.020679332418307,-0.000779677601641745,0.0,0.003898388008208725,0.0,0.0,0.0,epa_udds,RuleBasedEMS
474,0.9579,-622.4688504144196,0.0,0.0,0.4910425175672859,25.020675869672143,-0.0011700542301022925,0.0,0.0058502711505114624,0.0,0.0,0.0,epa_udds,RuleBasedEMS
475,1.2773,-830.7564726946257,0.0,0.0,0.49103728992087375,25.020672693792548,-0.0015615723170951611,0.0,0.007807861585475805,0.0,0.0,0.0,epa_udds,RuleBasedEMS
476,1.5966,-1039.0394572799585,0.0,0.0,0.491030751606993,25.020669887242313,-0.0019530816866164633,0.0,0.009765408433082316,0.0,0.0,0.0,epa_udds,RuleBasedEMS
477,1.9159,-1248.0934174289641,0.0,0.0,0.49102289776157393,25.020667534648656,-0.0023460402583251206,0.0,0.011730201291625603,0.0,0.0,0.0,epa_udds,RuleBasedEMS
478,2.2352,-1457.8341117522539,0.0,0.0,0.49101372404823473,25.020665721720466,-0.0027402896837448384,0.0,0.01370144841872419,0.0,0.0,0.0,epa_udds,RuleBasedEMS
479,2.112,55.39805798596548,0.0,0.0,0.4910140726532743,25.020661905059082,0.0029981595592705225,0.0,0.0005206584397177207,0.002215922319438619,0.0,0.0,epa_udds,RuleBasedEMS
480,2.4313,-1587.0374385056955,0.0,0.0,0.4910040858611447,25.020660468637665,-0.002983153079897924,0.0,0.01491576539948962,0.0,0.0,0.0,epa_udds,RuleBasedEMS
481,2.7865,-1977.531832778604,0.0,0.0,0.49099164173148063,25.02066035502201,-0.0037171650992079024,0.0,0.018585825496039512,0.0,0.0,0.0,epa_udds,RuleBasedEMS
482,3.1746,-2419.732339295894,0.0,0.0,0.49097641484523463,25.02066209034002,-0.004548369058826868,0.0,0.02274184529413434,0.0,0.0,0.0,epa_udds,RuleBasedEMS
483,3.5901,-2895.36410927903,0.0,0.0,0.4909581947653173,25.0206662317353,-0.005442413739246297,0.0,0.027212068696231485,0.0,0.0,0.0,epa_udds,RuleBasedEMS
484,4.0251,-3376.0929951145554,0.0,0.0,0.490936949340097,25.020673246903073,-0.006346039464501044,0.0,0.03173019732250522,0.0,0.0,0.0,epa_udds,RuleBasedEMS
485,4.4704,-3831.128147351365,0.0,0.0,0.4909128401705632,25.020683395582104,-0.007201368698028882,0.0,0.03600684349014441,0.0,0.0,0.0,epa_udds,RuleBasedEMS
486,4.9157,-4224.7887717866015,0.0,0.0,0.49088625339498676,25.02069658679468,-0.007941332277794364,0.0,0.03970666138897182,0.0,0.0,0.0,epa_udds,RuleBasedEMS
487,5.3507,-4526.92039760354,0.0,0.0,0.4908577649287543,25.02071233469292,-0.008509248867675828,0.0,0.042546244338379134,0.0,0.0,0.0,epa_udds,RuleBasedEMS
488,5.7662,-4719.149754193481,0.0,0.0,0.49082806634063675,25.020729832389502,-0.00887058224472459,0.0,0.04435291122362295,0.0,0.0,0.0,epa_udds,RuleBasedEMS
489,6.1543,-4791.150381863096,0.0,0.0,0.4907979142243883,25.02074805830033,-0.009005921770419353,0.0,0.04502960885209677,0.0,0.0,0.0,epa_udds,RuleBasedEMS
490,6.5095,-4751.690839418933,0.0,0.0,0.49076801003331844,25.020766017974957,-0.00893174969815589,0.0,0.04465874849077945,0.0,0.0,0.0,epa_udds,RuleBasedEMS
491,6.8288,-4620.458927092923,0.0,0.0,0.4907389313557939,25.020782910187346,-0.008685073171227298,0.0,0.04342536585613649,0.0,0.0,0.0,epa_udds,RuleBasedEMS
492,7.1122,-4431.499466183216,0.0,0.0,0.49071104154740974,25.02079828254507,-0.008329886214630105,0.0,0.04164943107315053,0.0,0.0,0.0,epa_udds,RuleBasedEMS
493,7.3628,-4227.627770709264,0.0,0.0,0.49068443451585847,25.020812081895745,-0.007946668741934707,0.0,0.03973334370967353,0.0,0.0,0.0,epa_udds,RuleBasedEMS
494,7.5859,-4046.0454493476477,0.0,0.0,0.49065897003389564,25.020824553646573,-0.007605348588999338,0.0,0.03802674294499669,0.0,0.0,0.0,epa_udds,RuleBasedEMS
495,7.7895,-3932.645144298794,0.0,0.0,0.4906342190279097,25.020836259101685,-0.0073921901208623955,0.0,0.036960950604311975,0.0,0.0,0.0,epa_udds,RuleBasedEMS
496,7.9829,-3917.892613054132,0.0,0.0,0.4906095606590555,25.020847942135,-0.0073644597989739324,0.0,0.03682229899486966,0.0,0.0,0.0,epa_udds,RuleBasedEMS
497,8.1762,-4026.4542963020635,0.0,0.0,0.4905842188166601,25.020860528990937,-0.007568523113349744,0.0,0.03784261556674872,0.0,0.0,0.0,epa_udds,RuleBasedEMS
498,8.3798,-4277.533596907023,0.0,0.0,0.49055729649554325,25.02087518194235,-0.008040476685915458,0.0,0.040202383429577285,0.0,0.0,0.0,epa_udds,RuleBasedEMS
499,8.6029,-4671.4706679936435,0.0,0.0,0.49052789451179,25.02089327587746,-0.00878095990224369,0.0,0.04390479951121845,0.0,0.0,0.0,epa_udds,RuleBasedEMS
500,8.8535,-5208.976654949728,0.0,0.0,0.49049510916064776,25.020916519593403,-0.009791309501785203,0.0,0.048956547508926015,0.0,0.0,0.0,epa_udds,RuleBasedEMS
501,9.1369,-5869.197081609829,0.0,0.0,0.49045816794095437,25.020946836454755,-0.01103232534137186,0.0,0.0551616267068593,0.0,0.0,0.0,epa_udds,RuleBasedEMS
502,9.4563,-6636.826441446978,0.0,0.0,0.4904163946240894,25.02098642626154,-0.012475237671892816,0.0,0.062376188359464076,0.0,0.0,0.0,epa_udds,RuleBasedEMS
503,9.8114,-7470.245124258344,0.0,0.0,0.4903693748753001,25.021037376515075,-0.014041814143342752,0.0,0.07020907071671376,0.0,0.0,0.0,epa_udds,RuleBasedEMS
504,10.1995,-8335.727408602781,0.0,0.0,0.4903169065782892,25.021101561971065,-0.01566866054248643,0.0,0.07834330271243216,0.0,0.0,0.0,epa_udds,RuleBasedEMS
505,10.615,-9181.530000701148,0.0,0.0,0.49025911326249944,25.021180121674245,-0.017258515038911935,0.0,0.08629257519455967,0.0,0.0,0.0,epa_udds,RuleBasedEMS
506,11.0501,-9955.814062289206,0.0,0.0,0.4901964447425244,25.02127312680102,-0.01871393620731054,0.0,0.0935696810365527,0.0,0.0,0.0,epa_udds,RuleBasedEMS
507,11.3037,-7030.436979910021,0.0,0.0,0.4901521893734831,25.021319572868777,-0.013215107105094027,0.0,0.06607553552547013,0.0,0.0,0.0,epa_udds,RuleBasedEMS
508,11.5574,-7229.303331479497,0.0,0.0,0.4901066815205681,25.021368986917672,-0.013588916036615595,0.0,0.06794458018307797,0.0,0.0,0.0,epa_udds,RuleBasedEMS
509,11.8009,-7233.704616776825,0.0,0.0,0.4900611452931362,25.021418760831253,-0.013597189129279747,0.0,0.06798594564639873,0.0,0.0,0.0,epa_udds,RuleBasedEMS
510,12.0248,-7041.915417210019,0.0,0.0,0.4900168157464583,25.021466243023536,-0.013236683115056429,0.0,0.06618341557528214,0.0,0.0,0.0,epa_udds,RuleBasedEMS
511,12.2213,-6670.208393581705,0.0,0.0,0.4899748255760533,25.021509183574135,-0.012537985702221253,0.0,0.06268992851110626,0.0,0.0,0.0,epa_udds,RuleBasedEMS
512,12.3848,-6152.8867809993,0.0,0.0,0.48993609159023105,25.02154609385453,-0.011565576656013724,0.0,0.05782788328006861,0.0,0.0,0.0,epa_udds,RuleBasedEMS
513,12.5126,-5544.841815873003,0.0,0.0,0.48990118507121305,25.02157647200425,-0.010422634992242488,0.0,0.052113174961212434,0.0,0.0,0.0,epa_udds,RuleBasedEMS
514,12.6044,-4896.705128892894,0.0,0.0,0.48987035855664673,25.021600587083704,-0.009204332949046793,0.0,0.04602166474523397,0.0,0.0,0.0,epa_udds,RuleBasedEMS
515,12.6634,-4284.5734044746205,0.0,0.0,0.4898433855043229,25.021619463633556,-0.00805370940690718,0.0,0.040268547034535904,0.0,0.0,0.0,epa_udds,RuleBasedEMS
516,12.6949,-3758.113518244579,0.0,0.0,0.48981972666311596,25.021634355998266,-0.007064123154595075,0.0,0.03532061577297537,0.0,0.0,0.0,epa_udds,RuleBasedEMS
517,12.7069,-3378.4928993066865,0.0,0.0,0.48979845767425095,25.021646659363693,-0.006350550562606554,0.0,0.03175275281303277,0.0,0.0,0.0,epa_udds,RuleBasedEMS
518,12.7087,-3177.667449505533,0.0,0.0,0.4897784529774373,25.021657658722585,-0.005973059115611905,0.0,0.02986529557805952,0.0,0.0,0.0,epa_udds,RuleBasedEMS
519,12.7105,-3178.4582911361435,0.0,0.0,0.48975844332874124,25.021668589654315,-0.005974545660030345,0.0,0.029872728300151724,0.0,0.0,0.0,epa_udds,RuleBasedEMS
520,12.7225,-3385.597936408895,0.0,0.0,0.48973712968101224,25.021680737870614,-0.006363905895505441,0.0,0.031819529477527204,0.0,0.0,0.0,epa_udds,RuleBasedEMS
521,12.754,-3786.849174284614,0.0,0.0,0.4897132900124987,25.02169556227749,-0.007118137545647771,0.0,0.035590687728238854,0.0,0.0,0.0,epa_udds,RuleBasedEMS
522,12.813,-4363.804094375905,0.0,0.0,0.4896858181640794,25.021714828133803,-0.008202639275142679,0.0,0.04101319637571339,0.0,0.0,0.0,epa_udds,RuleBasedEMS
523,12.9048,-5071.352885456363,0.0,0.0,0.4896538919239617,25.02174045576628,-0.009532618205745044,0.0,0.047663091028725214,0.0,0.0,0.0,epa_udds,RuleBasedEMS
524,13.0326,-5876.7152417495,0.0,0.0,0.48961689539786446,25.021774535239434,-0.011046457221333648,0.0,0.055232286106668235,0.0,0.0,0.0,epa_udds,RuleBasedEMS
525,13.1961,-6716.424189551302,0.0,0.0,0.4895746121893221,25.021818801696668,-0.012624857499156584,0.0,0.06312428749578292,0.0,0.0,0.0,epa_udds,RuleBasedEMS
526,13.3927,-7547.085038812704,0.0,0.0,0.4895270990461945,25.021874536282677,-0.014186250072956211,0.0,0.07093125036478105,0.0,0.0,0.0,epa_udds,RuleBasedEMS
527,13.6166,-8299.75990719461,0.0,0.0,0.4894748466899951,25.021941890679965,-0.015601052457132725,0.0,0.07800526228566362,0.0,0.0,0.0,epa_udds,RuleBasedEMS
528,13.86,-8922.854329696987,0.0,0.0,0.4894186706702552,25.02201980417068,-0.016772282574618397,0.0,0.08386141287309198,0.0,0.0,0.0,epa_udds,RuleBasedEMS
529,14.1137,-9371.00719314252,0.0,0.0,0.48935967216597187,25.022105940516056,-0.017614675175079923,0.0,0.08807337587539961,0.0,0.0,0.0,epa_udds,RuleBasedEMS
530,14.3674,-9600.285798383,0.0,0.0,0.48929922903804424,25.02219670179181,-0.018045649996960525,0.0,0.09022824998480262,0.0,0.0,0.0,epa_udds,RuleBasedEMS
531,14.6108,-9589.21351566992,0.0,0.0,0.4892388544859355,25.022287792169646,-0.018024837435469777,0.0,0.09012418717734888,0.0,0.0,0.0,epa_udds,RuleBasedEMS
532,14.8347,-9343.4838475015,0.0,0.0,0.4891800259966285,25.022375004545456,-0.017562939562972748,0.0,0.08781469781486373,0.0,0.0,0.0,epa_udds,RuleBasedEMS
533,15.0312,-8878.273263083942,0.0,0.0,0.4891241256241773,25.022454685595275,-0.016688483577225455,0.0,0.08344241788612727,0.0,0.0,0.0,epa_udds,RuleBasedEMS
534,15.1948,-8241.29620888587,0.0,0.0,0.48907223508856457,25.022524476204378,-0.015491158287379453,0.0,0.07745579143689726,0.0,0.0,0.0,epa_udds,RuleBasedEMS
535,15.3225,-7489.87028371183,0.0,0.0,0.48902507525871064,25.022583425529504,-0.014078703540811711,0.0,0.07039351770405855,0.0,0.0,0.0,epa_udds,RuleBasedEMS
536,15.4144,-6701.895023082153,0.0,0.0,0.4889828765086907,25.022632038684986,-0.01259754703586871,0.0,0.06298773517934354,0.0,0.0,0.0,epa_udds,RuleBasedEMS
537,15.4733,-5949.702515842301,0.0,0.0,0.48894541373209127,25.02267178975799,-0.011183651345568237,0.0,0.055918256727841176,0.0,0.0,0.0,epa_udds,RuleBasedEMS
538,15.5049,-5312.305370542763,0.0,0.0,0.48891196425807465,25.022704794804593,-0.009985536410794667,0.0,0.049927682053973334,0.0,0.0,0.0,epa_udds,RuleBasedEMS
539,15.5169,-4846.708481425383,0.0,0.0,0.4888814464227798,25.022733291227546,-0.009110354288393577,0.0,0.045551771441967884,0.0,0.0,0.0,epa_udds,RuleBasedEMS
540,15.5187,-4601.548661464306,0.0,0.0,0.4888524722721045,25.022759508019472,-0.008649527559143434,0.0,0.043247637795717164,0.0,0.0,0.0,epa_udds,RuleBasedEMS
541,15.5205,-4602.590498277147,0.0,0.0,0.4888234915929432,25.022785621043436,-0.008651485899017194,0.0,0.04325742949508597,0.0,0.0,0.0,epa_udds,RuleBasedEMS
542,14.8832,7597.148744036761,0.0,0.0,0.4888713277650105,25.02284623424363,0.4111599748840346,0.0,0.07140177391011994,0.30388594976147043,0.0,0.0,epa_udds,RuleBasedEMS
543,14.2655,7077.050221274539,0.0,0.0,0.4889158871548082,25.022898037803326,0.38301208641153484,0.0,0.06651362989919679,0.28308200885098156,0.0,0.0,epa_udds,RuleBasedEMS
544,13.6751,6461.198160866118,0.0,0.0,0.488956567306405,25.022940598081902,0.3496819876835663,0.0,0.06072554662468156,0.2584479264346447,0.0,0.0,epa_udds,RuleBasedEMS
545,13.1177,5795.657985607568,0.0,0.0,0.48899305582850405,25.022974299912317,0.3136627532361148,0.0,0.05447046978954481,0.2318263194243027,0.0,0.0,epa_udds,RuleBasedEMS
546,12.5962,5130.043512225042,0.0,0.0,0.48902535267375935,25.02300017088369,0.27763949775184843,0.0,0.04821469466376919,0.20520174048900167,0.0,0.0,epa_udds,RuleBasedEMS
547,12.1105,4507.962095966832,0.0,0.0,0.4890537322756458,25.023019582053347,0.24397226441179892,0.0,0.04236806481171834,0.18031848383867327,0.0,0.0,epa_udds,RuleBasedEMS
548,11.6577,3962.7823548031733,0.0,0.0,0.4890786790616254,25.0230339726546,0.21446697285618976,0.0,0.0372441950639396,0.15851129419212692,0.0,0.0,epa_udds,RuleBasedEMS
549,11.2323,3519.623597174428,0.0,0.0,0.4891008355091856,25.023044685077423,0.19048308761249272,0.0,0.0330791691463762,0.14078494388697713,0.0,0.0,epa_udds,RuleBasedEMS
550,10.8265,3195.690097904617,0.0,0.0,0.48912095231818487,25.02305288597788,0.17295170920840172,0.0,0.030034681371283994,0.12782760391618467,0.0,0.0,epa_udds,RuleBasedEMS
551,10.4309,2996.7643750627562,0.0,0.0,0.48913981651624455,25.023059535849438,0.16218578926091518,0.0,0.02816507871299583,0.11987057500251025,0.0,0.0,epa_udds,RuleBasedEMS
552,10.0353,2917.38835495503,0.0,0.0,0.489158180710768,25.023065407700418,0.15788993518019778,0.0,0.027419063486419457,0.11669553419820121,0.0,0.0,epa_udds,RuleBasedEMS
553,9.6295,2941.843949873226,0.0,0.0,0.48917669851701323,25.023071120382458,0.15921347933223667,0.0,0.027648909303319792,0.11767375799492903,0.0,0.0,epa_udds,RuleBasedEMS
554,9.2041,3045.0420676464437,0.0,0.0,0.48919586558448996,25.0230771529307,0.16479859250315113,0.0,0.02861881642524853,0.12180168270585774,0.0,0.0,epa_udds,RuleBasedEMS
555,8.7514,3192.866987245728,0.0,0.0,0.48921596279368146,25.023083817445812,0.17279892161048682,0.0,0.030008148376369625,0.12771467948982912,0.0,0.0,epa_udds,RuleBasedEMS
556,8.2657,3349.9866847116537,0.0,0.0,0.4892370486172894,25.02309123538177,0.18130228689138708,0.0,0.03148483726232757,0.13399946738846616,0.0,0.0,epa_udds,RuleBasedEMS
557,7.7441,3477.2464815644234,0.0,0.0,0.48925893507721213,25.02309927659015,0.18818962537068212,0.0,0.03268088798462804,0.13908985926257694,0.0,0.0,epa_udds,RuleBasedEMS
558,7.1867,3540.3549015313592,0.0,0.0,0.4892812183738041,25.02310755923828,0.19160507203926858,0.0,0.03327401223243759,0.14161419606125436,0.0,0.0,epa_udds,RuleBasedEMS
559,6.5964,3515.2645312260543,0.0,0.0,0.4893033433791054,25.023115519354622,0.19024717365236943,0.0,0.03303820048144788,0.14061058124904216,0.0,0.0,epa_udds,RuleBasedEMS
560,5.9787,3389.1552569020423,0.0,0.0,0.48932467431097587,25.023122524222817,0.18342210179835267,0.0,0.031852962940808666,0.1355662102760817,0.0,0.0,epa_udds,RuleBasedEMS
561,5.3414,3161.39970025204,0.0,0.0,0.4893445714746188,25.02312800986118,0.1710959025745427,0.0,0.02971240319785752,0.1264559880100816,0.0,0.0,epa_udds,RuleBasedEMS
562,4.6939,2844.656540243362,0.0,0.0,0.4893624748760128,25.02313161067487,0.15395366749377232,0.0,0.026735493799279718,0.11378626160973448,0.0,0.0,epa_udds,RuleBasedEMS
563,4.0464,2461.911683898777,0.0,0.0,0.4893779692056606,25.02313322545218,0.1332394007571684,0.0,0.023138267705815573,0.09847646735595109,0.0,0.0,epa_udds,RuleBasedEMS
564,3.4091,2042.0536617463051,0.0,0.0,0.4893908209721836,25.023133004155994,0.11051655832518725,0.0,0.019192233663029183,0.08168214646985221,0.0,0.0,epa_udds,RuleBasedEMS
565,2.7914,1615.284558217357,0.0,0.0,0.4894009867555184,25.02313127320547,0.08741968609059049,0.0,0.01518124584790749,0.06461138232869428,0.0,0.0,epa_udds,RuleBasedEMS
566,2.2011,1208.888163883145,0.0,0.0,0.4894085948312643,25.023128434107704,0.06542539100474344,0.0,0.011361730863563391,0.048355526555325795,0.0,0.0,epa_udds,RuleBasedEMS
567,2.0862,35.423336991808235,0.0,0.0,0.48940881776499123,25.023124198815655,0.0019171216516318472,0.0,0.00033292609954706985,0.0014169334796723294,0.0,0.0,epa_udds,RuleBasedEMS
568,1.5646,740.505191614679,0.0,0.0,0.4894134780648602,25.023120478719555,0.04007636367851473,0.0,0.006959635259536457,0.02962020766458716,0.0,0.0,epa_udds,RuleBasedEMS
569,1.0431,494.16753952397613,0.0,0.0,0.4894165880504153,25.023116463001237,0.026744495860853985,0.0,0.0046444317624433845,0.019766701580959046,0.0,0.0,epa_udds,RuleBasedEMS
570,0.5215,247.29804405287015,0.0,0.0,0.48941814438748926,25.023112269113327,0.013383844519492928,0.0,0.002324229737339005,0.009891921762114807,0.0,0.0,epa_udds,RuleBasedEMS
571,0.0,0.0,0.0,0.0,0.48941814438748926,25.023108014641952,0.0,0.0,0.0,0.0,0.0,0.0,epa_udds,RuleBasedEMS
572,0.0,0.0,0.0,0.0,0.48941814438748926,25.023103759281636,0.0,0.0,0.0,0.0,0.0,0.0,epa_udds,RuleBasedEMS
573,0.0,0.0,0.0,0.0,0.48941814438748926,25.02309950314246,0.0,0.0,0.0,0.0,0.0,0.0,epa_udds,RuleBasedEMS
574,0.0,0.0,0.0,0.0,0.48941814438748926,25.023095246327294,0.0,0.0,0.0,0.0,0.0,0.0,epa_udds,RuleBasedEMS
575,0.0,0.0,0.0,0.0,0.48941814438748926,25.023090988932243,0.0,0.0,0.0,0.0,0.0,0.0,epa_udds,RuleBasedEMS
576,0.0,0.0,0.0,0.0,0.48941814438748926,25.023086731047105,0.0,0.0,0.0,0.0,0.0,0.0,epa_udds,RuleBasedEMS
577,0.0,0.0,0.0,0.0,0.48941814438748926,25.023082472755785,0.0,0.0,0.0,0.0,0.0,0.0,epa_udds,RuleBasedEMS
578,0.0,0.0,0.0,0.0,0.48941814438748926,25.023078214136675,0.0,0.0,0.0,0.0,0.0,0.0,epa_udds,RuleBasedEMS
579,0.0,0.0,0.0,0.0,0.48941814438748926,25.02307395526302,0.0,0.0,0.0,0.0,0.0,0.0,epa_udds,RuleBasedEMS
580,0.0,0.0,0.0,0.0,0.48941814438748926,25.023069696203255,0.0,0.0,0.0,0.0,0.0,0.0,epa_udds,RuleBasedEMS
581,0.0,0.0,0.0,0.0,0.48941814438748926,25.023065437021316,0.0,0.0,0.0,0.0,0.0,0.0,epa_udds,RuleBasedEMS
582,0.0,0.0,0.0,0.0,0.48941814438748926,25.02306117777694,0.0,0.0,0.0,0.0,0.0,0.0,epa_udds,RuleBasedEMS
583,0.0,0.0,0.0,0.0,0.48941814438748926,25.023056918525935,0.0,0.0,0.0,0.0,0.0,0.0,epa_udds,RuleBasedEMS
584,0.0,0.0,0.0,0.0,0.48941814438748926,25.023052659320445,0.0,0.0,0.0,0.0,0.0,0.0,epa_udds,RuleBasedEMS
585,0.0,0.0,0.0,0.0,0.48941814438748926,25.023048400209188,0.0,0.0,0.0,0.0,0.0,0.0,epa_udds,RuleBasedEMS
586,0.0,0.0,0.0,0.0,0.48941814438748926,25.023044141237673,0.0,0.0,0.0,0.0,0.0,0.0,epa_udds,RuleBasedEMS
587,0.0,0.0,0.0,0.0,0.48941814438748926,25.02303988244842,0.0,0.0,0.0,0.0,0.0,0.0,epa_udds,RuleBasedEMS
588,0.0,0.0,0.0,0.0,0.48941814438748926,25.023035623881146,0.0,0.0,0.0,0.0,0.0,0.0,epa_udds,RuleBasedEMS
589,0.0,0.0,0.0,0.0,0.48941814438748926,25.023031365572965,0.0,0.0,0.0,0.0,0.0,0.0,epa_udds,RuleBasedEMS
590,0.0,0.0,0.0,0.0,0.48941814438748926,25.02302710755854,0.0,0.0,0.0,0.0,0.0,0.0,epa_udds,RuleBasedEMS
591,0.0,0.0,0.0,0.0,0.48941814438748926,25.023022849870255,0.0,0.0,0.0,0.0,0.0,0.0,epa_udds,RuleBasedEMS
592,0.0,0.0,0.0,0.0,0.48941814438748926,25.02301859253836,0.0,0.0,0.0,0.0,0.0,0.0,epa_udds,RuleBasedEMS
593,0.0,0.0,0.0,0.0,0.48941814438748926,25.023014335591114,0.0,0.0,0.0,0.0,0.0,0.0,epa_udds,RuleBasedEMS
594,0.0,0.0,0.0,0.0,0.48941814438748926,25.023010079054917,0.0,0.0,0.0,0.0,0.0,0.0,epa_udds,RuleBasedEMS
595,0.0,0.0,0.0,0.0,0.48941814438748926,25.02300582295442,0.0,0.0,0.0,0.0,0.0,0.0,epa_udds,RuleBasedEMS
596,0.0,0.0,0.0,0.0,0.48941814438748926,25.023001567312658,0.0,0.0,0.0,0.0,0.0,0.0,epa_udds,RuleBasedEMS
597,0.0,0.0,0.0,0.0,0.48941814438748926,25.02299731215114,0.0,0.0,0.0,0.0,0.0,0.0,epa_udds,RuleBasedEMS
598,0.0,0.0,0.0,0.0,0.48941814438748926,25.02299305748996,0.0,0.0,0.0,0.0,0.0,0.0,epa_udds,RuleBasedEMS
599,0.0,0.0,0.0,0.0,0.48941814438748926,25.02298880334788,0.0,0.0,0.0,0.0,0.0,0.0,epa_udds,RuleBasedEMS
600,0.0,0.0,0.0,0.0,0.48941814438748926,25.022984549742425,0.0,0.0,0.0,0.0,0.0,0.0,epa_udds,RuleBasedEMS
601,0.0,0.0,0.0,0.0,0.48941814438748926,25.022980296689962,0.0,0.0,0.0,0.0,0.0,0.0,epa_udds,RuleBasedEMS
602,0.1676,-69.27370082251481,0.0,0.0,0.48941770843073523,25.02297604874705,-0.00013021372335059175,0.0,0.0006510686167529588,0.0,0.0,0.0,epa_udds,RuleBasedEMS
603,0.3353,-138.65746189288168,0.0,0.0,0.4894168358246393,25.022971815187628,-0.00026063432686631894,0.0,0.0013031716343315947,0.0,0.0,0.0,epa_udds,RuleBasedEMS
604,0.5029,-207.9286844349747,0.0,0.0,0.48941552727716436,25.02296760523024,-0.00039084339179506523,0.0,0.001954216958975326,0.0,0.0,0.0,epa_udds,RuleBasedEMS
605,0.6706,-277.44745514305345,0.0,0.0,0.48941378122985124,25.0229634282381,-0.0005215177728252885,0.0,0.0026075888641264424,0.0,0.0,0.0,epa_udds,RuleBasedEMS
606,0.8382,-346.78244532026855,0.0,0.0,0.4894115988384052,25.02295929339998,-0.0006518467017298281,0.0,0.0032592335086491404,0.0,0.0,0.0,epa_udds,RuleBasedEMS
607,1.0058,-416.30452881313147,0.0,0.0,0.4894089789242455,25.02295521014372,-0.0007825273097991193,0.0,0.003912636548995596,0.0,0.0,0.0,epa_udds,RuleBasedEMS
608,1.1735,-486.15005928013096,0.0,0.0,0.48940591945040424,25.022951188124868,-0.0009138159009025019,0.0,0.004569079504512509,0.0,0.0,0.0,epa_udds,RuleBasedEMS
609,1.3411,-555.7048827361612,0.0,0.0,0.48940242224468206,25.022947236517073,-0.001044558050255942,0.0,0.00522279025127971,0.0,0.0,0.0,epa_udds,RuleBasedEMS
610,1.5088,-625.8511265607407,0.0,0.0,0.48939848358315613,25.022943365464176,-0.0011764118920314674,0.0,0.005882059460157337,0.0,0.0,0.0,epa_udds,RuleBasedEMS
611,1.6764,-695.6353225621489,0.0,0.0,0.48939410574209435,25.022939584138612,-0.0013075851927859942,0.0,0.0065379259639299706,0.0,0.0,0.0,epa_udds,RuleBasedEMS
612,1.844,-765.8197763059641,0.0,0.0,0.4893892862001212,25.022935902724793,-0.0014395108577179778,0.0,0.007197554288589888,0.0,0.0,0.0,epa_udds,RuleBasedEMS
613,2.0117,-836.5413107594951,0.0,0.0,0.489384021574542,25.02293233184134,-0.001572446072856194,0.0,0.00786223036428097,0.0,0.0,0.0,epa_udds,RuleBasedEMS
614,2.1793,-906.7937227100676,0.0,0.0,0.4893783148147873,25.02292888065762,-0.0017044994787783225,0.0,0.008522497393891612,0.0,0.0,0.0,epa_udds,RuleBasedEMS
615,2.1053,-84.3931084976774,0.0,0.0,0.48937778369909446,25.022924662413963,-0.00015863366258961917,0.0,0.0007931683129480958,0.0,0.0,0.0,epa_udds,RuleBasedEMS
616,2.3887,-1425.5471537423073,0.0,0.0,0.48936881223073775,25.02292236046779,-0.00267959991304945,0.0,0.013397999565247249,0.0,0.0,0.0,epa_udds,RuleBasedEMS
617,2.6822,-1645.1838441115112,0.0,0.0,0.48935845846813397,25.022920704396906,-0.003092450834796074,0.0,0.015462254173980368,0.0,0.0,0.0,epa_udds,RuleBasedEMS
618,2.9758,-1828.629094410702,0.0,0.0,0.4893469501596466,25.022919661334488,-0.003437272733854703,0.0,0.017186363669273515,0.0,0.0,0.0,epa_udds,RuleBasedEMS
619,3.2592,-1954.4402897604493,0.0,0.0,0.48933465000436727,25.022919081164762,-0.0036737599431587394,0.0,0.018368799715793697,0.0,0.0,0.0,epa_udds,RuleBasedEMS
620,3.523,-2008.9139288800577,0.0,0.0,0.48932200695141725,25.02291872019679,-0.003776154001654244,0.0,0.01888077000827122,0.0,0.0,0.0,epa_udds,RuleBasedEMS
621,3.7594,-1987.2742318778382,0.0,0.0,0.48930950001683204,25.02291829417323,-0.0037354778794696213,0.0,0.018677389397348105,0.0,0.0,0.0,epa_udds,RuleBasedEMS
622,3.9629,-1895.6840581495078,0.0,0.0,0.48929756944167396,25.022917549373982,-0.0035633158987772705,0.0,0.01781657949388635,0.0,0.0,0.0,epa_udds,RuleBasedEMS
623,4.1306,-1749.1612393197154,0.0,0.0,0.4892865609604115,25.022916316842764,-0.0032878970663904428,0.0,0.016439485331952212,0.0,0.0,0.0,epa_udds,RuleBasedEMS
624,4.2624,-1569.705287588775,0.0,0.0,0.48927668185680356,25.022914537097336,-0.002950573848851081,0.0,0.014752869244255404,0.0,0.0,0.0,epa_udds,RuleBasedEMS
625,4.3612,-1384.392527265929,0.0,0.0,0.4892679690075992,25.0229122535661,-0.00260224159260513,0.0,0.013011207963025647,0.0,0.0,0.0,epa_udds,RuleBasedEMS
626,4.4327,-1220.4801916254976,0.0,0.0,0.4892602877399912,25.022909577642196,-0.0022941356985441684,0.0,0.011470678492720841,0.0,0.0,0.0,epa_udds,RuleBasedEMS
627,4.4846,-1099.2558003722047,0.0,0.0,0.4892533694007336,25.022906644735553,-0.002066270301451513,0.0,0.010331351507257563,0.0,0.0,0.0,epa_udds,RuleBasedEMS
628,4.5263,-1038.6565089664002,0.0,0.0,0.4892468324418015,25.02290359636856,-0.001952361858959399,0.0,0.009761809294796994,0.0,0.0,0.0,epa_udds,RuleBasedEMS
629,4.568,-1049.2405424403812,0.0,0.0,0.4892402288611967,25.02290057499062,-0.001972256658722521,0.0,0.009861283293612605,0.0,0.0,0.0,epa_udds,RuleBasedEMS
630,4.6199,-1135.7549268801704,0.0,0.0,0.48923308077697686,25.022897738670842,-0.0021348776821055837,0.0,0.010674388410527917,0.0,0.0,0.0,epa_udds,RuleBasedEMS
631,4.6913,-1297.4381766497436,0.0,0.0,0.4892249150955799,25.022895282186017,-0.002438793565131097,0.0,0.012193967825655485,0.0,0.0,0.0,epa_udds,RuleBasedEMS
632,4.7902,-1532.3363774805873,0.0,0.0,0.48921527101517837,25.022893464975066,-0.0028803315366176456,0.0,0.014401657683088227,0.0,0.0,0.0,epa_udds,RuleBasedEMS
633,4.922,-1830.0867096842467,0.0,0.0,0.4892037529466116,25.02289260953162,-0.003440012612188434,0.0,0.01720006306094217,0.0,0.0,0.0,epa_udds,RuleBasedEMS
634,5.0896,-2180.8416467799652,0.0,0.0,0.48919002726814853,25.0228931052769,-0.0040993264037217396,0.0,0.020496632018608695,0.0,0.0,0.0,epa_udds,RuleBasedEMS
635,5.2931,-2570.1827201897827,0.0,0.0,0.4891738510920249,25.0228953783526,-0.004831170526672524,0.0,0.024155852633362618,0.0,0.0,0.0,epa_udds,RuleBasedEMS
636,5.5295,-2976.2490969700175,0.0,0.0,0.48915511910497644,25.022899818144374,-0.005594453189793266,0.0,0.02797226594896633,0.0,0.0,0.0,epa_udds,RuleBasedEMS
637,5.7934,-3376.265566960591,0.0,0.0,0.4891338693262316,25.022906707992252,-0.006346363847670284,0.0,0.031731819238351416,0.0,0.0,0.0,epa_udds,RuleBasedEMS
638,6.0767,-3736.7217482674105,0.0,0.0,0.4891103506797442,25.022916080584388,-0.007023913060653027,0.0,0.035119565303265134,0.0,0.0,0.0,epa_udds,RuleBasedEMS
639,6.3703,-4032.9714649268067,0.0,0.0,0.4890849672149868,25.022927699361436,-0.007580773430313547,0.0,0.03790386715156773,0.0,0.0,0.0,epa_udds,RuleBasedEMS
640,6.6639,-4233.78953345673,0.0,0.0,0.4890583195271829,25.022940968167948,-0.007958251002738215,0.0,0.039791255013691074,0.0,0.0,0.0,epa_udds,RuleBasedEMS
641,6.9473,-4319.31502574761,0.0,0.0,0.4890311332441337,25.02295501745537,-0.0081190132062925,0.0,0.0405950660314625,0.0,0.0,0.0,epa_udds,RuleBasedEMS
642,7.1552,-3620.525780664489,0.0,0.0,0.48900834497814377,25.02296390901707,-0.006805499587715206,0.0,0.034027497938576026,0.0,0.0,0.0,epa_udds,RuleBasedEMS
643,7.3358,-3411.6316954228882,0.0,0.0,0.48898687135791447,25.022971483443126,-0.00641284153274979,0.0,0.03206420766374895,0.0,0.0,0.0,epa_udds,RuleBasedEMS
644,7.4834,-3105.7188664136625,0.0,0.0,0.4889673230871372,25.02297723740197,-0.0058378174180707945,0.0,0.02918908709035397,0.0,0.0,0.0,epa_udds,RuleBasedEMS
645,7.5951,-2735.4275252204043,0.0,0.0,0.48895010543420336,25.022980999684563,-0.00514178106244437,0.0,0.025708905312221846,0.0,0.0,0.0,epa_udds,RuleBasedEMS
646,7.671,-2340.7821771181148,0.0,0.0,0.48893537174035895,25.022982907065575,-0.004399966498342321,0.0,0.021999832491711606,0.0,0.0,0.0,epa_udds,RuleBasedEMS
647,7.714,-1962.108400995877,0.0,0.0,0.48892302151468575,25.022983297693678,-0.003688173686082476,0.0,0.01844086843041238,0.0,0.0,0.0,epa_udds,RuleBasedEMS
648,7.7296,-1637.7148195379152,0.0,0.0,0.4889127131249465,25.022982593252202,-0.0030784113149208933,0.0,0.015392056574604466,0.0,0.0,0.0,epa_udds,RuleBasedEMS
649,7.7256,-1401.0425012018138,0.0,0.0,0.48890389443621224,25.022981205419633,-0.002633538536093635,0.0,0.013167692680468175,0.0,0.0,0.0,epa_udds,RuleBasedEMS
650,7.7114,-1275.1226162332143,0.0,0.0,0.4888958683383419,25.022979486913847,-0.002396847022994764,0.0,0.01198423511497382,0.0,0.0,0.0,epa_udds,RuleBasedEMS
651,7.6973,-1273.008541884639,0.0,0.0,0.48888785555421704,25.022977747256206,-0.0023928731990312765,0.0,0.011964365995156382,0.0,0.0,0.0,epa_udds,RuleBasedEMS
652,7.6933,-1392.9397774693468,0.0,0.0,0.48887908788608103,25.022976294819152,-0.00261830785238599,0.0,0.013091539261929951,0.0,0.0,0.0,epa_udds,RuleBasedEMS
653,7.7089,-1631.885432267138,0.0,0.0,0.48886881621118017,25.022975516342974,-0.0030674538200510114,0.0,0.015337269100255057,0.0,0.0,0.0,epa_udds,RuleBasedEMS
654,7.7518,-1973.1726743056429,0.0,0.0,0.4888563963453823,25.02297590178898,-0.00370897119230384,0.0,0.0185448559615192,0.0,0.0,0.0,epa_udds,RuleBasedEMS
655,7.8278,-2400.99368483509,0.0,0.0,0.4888412835933809,25.022978070951616,-0.004513146024126109,0.0,0.022565730120630543,0.0,0.0,0.0,epa_udds,RuleBasedEMS
656,7.9395,-2884.3554523381326,0.0,0.0,0.4888231283248707,25.022982686846625,-0.005421720775071678,0.0,0.02710860387535839,0.0,0.0,0.0,epa_udds,RuleBasedEMS
657,8.0871,-3400.8064599378786,0.0,0.0,0.4888017222091164,25.022990422233605,-0.006392493345747892,0.0,0.03196246672873946,0.0,0.0,0.0,epa_udds,RuleBasedEMS
658,8.2677,-3915.4705694925556,0.0,0.0,0.4887770764216941,25.023001789168756,-0.007359907085512323,0.0,0.03679953542756161,0.0,0.0,0.0,epa_udds,RuleBasedEMS
659,8.4756,-4391.147190940658,0.0,0.0,0.48874943628335155,25.023016984922535,-0.008254036073196726,0.0,0.04127018036598363,0.0,0.0,0.0,epa_udds,RuleBasedEMS
660,8.7031,-4794.291382284113,0.0,0.0,0.4887192582629119,25.023035795664118,-0.009011825906549085,0.0,0.04505912953274542,0.0,0.0,0.0,epa_udds,RuleBasedEMS
661,8.9408,-5089.066138810952,0.0,0.0,0.4886872244217952,25.023057493268634,-0.009565913794757429,0.0,0.047829568973787144,0.0,0.0,0.0,epa_udds,RuleBasedEMS
662,9.1785,-5247.527748614876,0.0,0.0,0.4886541927479847,25.023080886032947,-0.009863773963561799,0.0,0.04931886981780899,0.0,0.0,0.0,epa_udds,RuleBasedEMS
663,9.406,-5251.654655223703,0.0,0.0,0.48862113471464647,25.023104474114387,-0.009871531306811473,0.0,0.04935765653405736,0.0,0.0,0.0,epa_udds,RuleBasedEMS
664,9.6139,-5096.889974172317,0.0,0.0,0.48858905053094664,25.02312670210563,-0.009580620252203603,0.0,0.047903101261018016,0.0,0.0,0.0,epa_udds,RuleBasedEMS
665,9.7945,-4796.813505292057,0.0,0.0,0.488558854971443,25.023146268146625,-0.009016566739270785,0.0,0.04508283369635392,0.0,0.0,0.0,epa_udds,RuleBasedEMS
666,9.9421,-4375.7096745234585,0.0,0.0,0.488531309977575,25.023162309308248,-0.008225018185194471,0.0,0.04112509092597236,0.0,0.0,0.0,epa_udds,RuleBasedEMS
667,10.0538,-3876.5801571608836,0.0,0.0,0.488506906813507,25.02317455766016,-0.007286804806693391,0.0,0.036434024033466954,0.0,0.0,0.0,epa_udds,RuleBasedEMS
668,10.1298,-3352.447946401108,0.0,0.0,0.4884858029598469,25.02318329467242,-0.006301593884212609,0.0,0.03150796942106304,0.0,0.0,0.0,epa_udds,RuleBasedEMS
669,10.1727,-2848.056344070287,0.0,0.0,0.48846787421850857,25.02318911361156,-0.005353489368553172,0.0,0.026767446842765857,0.0,0.0,0.0,epa_udds,RuleBasedEMS
670,10.1883,-2421.6569795581977,0.0,0.0,0.48845262967031683,25.02319281645525,-0.004551986803680823,0.0,0.022759934018404114,0.0,0.0,0.0,epa_udds,RuleBasedEMS
671,10.1843,-2109.7119283549428,0.0,0.0,0.4884393488426283,25.023195166156405,-0.0039656239254792156,0.0,0.019828119627396078,0.0,0.0,0.0,epa_udds,RuleBasedEMS
672,10.1702,-1945.29561008557,0.0,0.0,0.4884271030420653,25.02319685158248,-0.003656570695649568,0.0,0.01828285347824784,0.0,0.0,0.0,epa_udds,RuleBasedEMS
673,10.156,-1939.2820487793879,0.0,0.0,0.4884148951151561,25.02319847338217,-0.0036452670089838117,0.0,0.018226335044919058,0.0,0.0,0.0,epa_udds,RuleBasedEMS
674,10.152,-2099.113430546475,0.0,0.0,0.4884016810562124,25.02320066620919,-0.003945701937117434,0.0,0.01972850968558717,0.0,0.0,0.0,epa_udds,RuleBasedEMS
675,10.1676,-2414.226379802241,0.0,0.0,0.4883864833521214,25.023204176591978,-0.004538019510906468,0.0,0.02269009755453234,0.0,0.0,0.0,epa_udds,RuleBasedEMS
676,10.2106,-2864.8775619770795,0.0,0.0,0.48836844876443336,25.023209930085745,-0.0053851081992050374,0.0,0.026925540996025184,0.0,0.0,0.0,epa_udds,RuleBasedEMS
677,10.2865,-3421.9908018292126,0.0,0.0,0.4883469070712588,25.02321901719101,-0.006432313537272956,0.0,0.03216156768636478,0.0,0.0,0.0,epa_udds,RuleBasedEMS
678,10.3982,-4052.291594506367,0.0,0.0,0.488321397488188,25.023232614648858,-0.0076170894633578335,0.0,0.038085447316789166,0.0,0.0,0.0,epa_udds,RuleBasedEMS
679,10.5458,-4717.839851421505,0.0,0.0,0.48829169803497985,25.023251825265312,-0.008868120021468995,0.0,0.044340600107344974,0.0,0.0,0.0,epa_udds,RuleBasedEMS
680,10.7264,-5373.402461764411,0.0,0.0,0.4882578714499374,25.023277425783036,-0.010100380567226336,0.0,0.05050190283613168,0.0,0.0,0.0,epa_udds,RuleBasedEMS
681,10.9343,-5970.746062953707,0.0,0.0,0.4882202840910992,25.023309609085317,-0.01122320688525133,0.0,0.05611603442625665,0.0,0.0,0.0,epa_udds,RuleBasedEMS
682,10.7707,262.9924250695523,0.0,0.0,0.4882219397148733,25.02330830405591,0.014233229140230357,0.0,0.00247173331832286,0.010519697002782094,0.0,0.0,epa_udds,RuleBasedEMS
683,10.6172,153.84829047697045,0.0,0.0,0.48822290823072545,25.023306745916617,0.008326315750776189,0.0,0.001445942579670775,0.006153931619078818,0.0,0.0,epa_udds,RuleBasedEMS
684,10.4637,165.90906130779302,0.0,0.0,0.4882239526626009,25.02330500270352,0.008979048295439804,0.0,0.0015592956889830172,0.006636362452311721,0.0,0.0,epa_udds,RuleBasedEMS
685,10.3001,294.5913143465923,0.0,0.0,0.4882258071591037,25.02330313891137,0.015943370531329108,0.0,0.0027687153604003035,0.011783652573863691,0.0,0.0,epa_udds,RuleBasedEMS
686,10.1169,527.4026550005126,0.0,0.0,0.48822912720736805,25.023301284105106,0.02854319030596759,0.0,0.004956791870305569,0.021096106200020504,0.0,0.0,epa_udds,RuleBasedEMS
687,9.9062,839.1616679675905,0.0,0.0,0.488234409756048,25.023299659379877,0.045415681849855005,0.0,0.007886857781650287,0.03356646671870362,0.0,0.0,epa_udds,RuleBasedEMS
688,9.6627,1192.9286396662926,0.0,0.0,0.48824191920012466,25.02329853784193,0.06456165675427047,0.0,0.011211735335209517,0.0477171455866517,0.0,0.0,epa_udds,RuleBasedEMS
689,9.3833,1556.7846028075276,0.0,0.0,0.4882517189934086,25.02329818170043,0.08425365090983898,0.0,0.014631434236912853,0.062271384112301105,0.0,0.0,epa_udds,RuleBasedEMS
690,9.068,1891.3360268615693,0.0,0.0,0.48826362460627204,25.023298733292293,0.10235967459661334,0.0,0.017775714538172643,0.07565344107446277,0.0,0.0,epa_udds,RuleBasedEMS
691,8.7199,2161.8454140190747,0.0,0.0,0.4882772328486377,25.02330013970783,0.1169997239857842,0.0,0.020318095996419875,0.08647381656076299,0.0,0.0,epa_udds,RuleBasedEMS
692,8.3443,2348.293963935349,0.0,0.0,0.4882920145345781,25.02330216512675,0.1270903755820048,0.0,0.02207043199187358,0.09393175855741395,0.0,0.0,epa_udds,RuleBasedEMS
693,7.9491,2433.1681125436403,0.0,0.0,0.48830733026235706,25.023304408509688,0.13168379003074526,0.0,0.02286812135849286,0.0973267245017456,0.0,0.0,epa_udds,RuleBasedEMS
694,7.5438,2414.428618697401,0.0,0.0,0.48832252782582364,25.023306414749854,0.13066960298784883,0.0,0.022691998296028203,0.09657714474789604,0.0,0.0,epa_udds,RuleBasedEMS
695,7.1385,2302.632054903777,0.0,0.0,0.4883370214978185,25.023307788583985,0.12461913933231117,0.0,0.021641278711501663,0.09210528219615108,0.0,0.0,epa_udds,RuleBasedEMS
696,6.7433,2114.4815966244487,0.0,0.0,0.4883503307123752,25.023308261711662,0.11443637994362993,0.0,0.019872947336695947,0.08457926386497795,0.0,0.0,epa_udds,RuleBasedEMS
697,6.3677,1870.1512826428502,0.0,0.0,0.48836210190162493,25.023307718283448,0.10121314986814463,0.0,0.017576609799274907,0.07480605130571401,0.0,0.0,epa_udds,RuleBasedEMS
698,6.0196,1593.4637827526442,0.0,0.0,0.48837213145070196,25.023306190443375,0.08623873915980099,0.0,0.014976163371735378,0.06373855131010576,0.0,0.0,epa_udds,RuleBasedEMS
699,5.7043,1309.3428040450067,0.0,0.0,0.48838037261817435,25.023303820317018,0.07086202634222526,0.0,0.012305853421475627,0.05237371216180027,0.0,0.0,epa_udds,RuleBasedEMS
700,5.4249,1034.2027806589701,0.0,0.0,0.4883868819706272,25.023300791446186,0.05597136552769373,0.0,0.009719950946042952,0.041368111226358806,0.0,0.0,epa_udds,RuleBasedEMS
701,5.1814,785.0938049970771,0.0,0.0,0.4883918233803729,25.023297295986247,0.0424895128448794,0.0,0.007378701174784559,0.03140375219988308,0.0,0.0,epa_udds,RuleBasedEMS
702,4.9707,575.0503494619276,0.0,0.0,0.4883954427495438,25.023293501008624,0.031121897860353045,0.0,0.005404608547574507,0.023002013978477103,0.0,0.0,epa_udds,RuleBasedEMS
703,4.7875,410.01210565150524,0.0,0.0,0.4883980233559728,25.023289529520184,0.022189978469770933,0.0,0.0038534972335667783,0.01640048422606021,0.0,0.0,epa_udds,RuleBasedEMS
704,4.6239,297.5008078738514,0.0,0.0,0.48839989581205084,25.02328546481903,0.016100833196060014,0.0,0.0027960602243783023,0.011900032314954056,0.0,0.0,epa_udds,RuleBasedEMS
705,4.4704,239.6883163070155,0.0,0.0,0.48840140439422086,25.023281356145525,0.01297200376524735,0.0,0.0022527097397275894,0.00958753265228062,0.0,0.0,epa_udds,RuleBasedEMS
706,4.3169,233.9147487079067,0.0,0.0,0.4884028766336992,25.023277232376067,0.012659536550372273,0.0,0.0021984468863525067,0.009356589948316268,0.0,0.0,epa_udds,RuleBasedEMS
707,4.1533,274.4601952008367,0.0,0.0,0.4884046040579751,25.02327311672147,0.014853868308688891,0.0,0.002579513112789819,0.010978407808033469,0.0,0.0,epa_udds,RuleBasedEMS
708,3.9701,351.9981929189513,0.0,0.0,0.4884068194921938,25.023269036059684,0.019050248064891813,0.0,0.0033082536928472866,0.014079927716758053,0.0,0.0,epa_udds,RuleBasedEMS
709,3.7594,451.68962184795583,0.0,0.0,0.4884096623637275,25.02326502022402,0.024445578180914182,0.0,0.004245203212856727,0.018067584873918234,0.0,0.0,epa_udds,RuleBasedEMS
710,3.5159,554.2211069707735,0.0,0.0,0.48841315054280177,25.023261090831603,0.029994612992297946,0.0,0.005208844990326819,0.022168844278830938,0.0,0.0,epa_udds,RuleBasedEMS
711,3.2365,642.8877793411577,0.0,0.0,0.4884171967615643,25.02325725070747,0.034793279967651525,0.0,0.00604217837726652,0.02571551117364631,0.0,0.0,epa_udds,RuleBasedEMS
712,2.9212,700.1060090906365,0.0,0.0,0.4884216030851479,25.02325347243117,0.037889947770183466,0.0,0.006579943694460869,0.02800424036362546,0.0,0.0,epa_udds,RuleBasedEMS
713,2.2352,1467.0515867383765,0.0,0.0,0.4884308363719021,25.023251257170745,0.07939727309280327,0.0,0.013788078822729102,0.05868206346953506,0.0,0.0,epa_udds,RuleBasedEMS
714,1.9558,393.98066635949823,0.0,0.0,0.4884333159802971,25.023247136528465,0.021322352153802016,0.0,0.0037028258116494194,0.01575922665437993,0.0,0.0,epa_udds,RuleBasedEMS
715,1.6764,338.41546375525286,0.0,0.0,0.4884354458711167,25.023242972756396,0.018315146677521127,0.0,0.0031805964638651585,0.013536618550210114,0.0,0.0,epa_udds,RuleBasedEMS
716,1.397,282.51899204354885,0.0,0.0,0.48843722396161454,25.023238772463237,0.01529001281751477,0.0,0.00265525368461982,0.011300759681741953,0.0,0.0,epa_udds,RuleBasedEMS
717,1.1176,226.34646274229723,0.0,0.0,0.48843864851624785,25.02323454225128,0.012249938637737257,0.0,0.0021273163791569287,0.009053858509691889,0.0,0.0,epa_udds,RuleBasedEMS
718,0.8382,169.95308736940657,0.0,0.0,0.488439718146682,25.02323028871185,0.00919791220214277,0.0,0.0015973034527199865,0.006798123494776263,0.0,0.0,epa_udds,RuleBasedEMS
719,0.5588,113.39407744278711,0.0,0.0,0.48844043181179625,25.023226018419074,0.006136921574685576,0.0,0.0010657338105525104,0.004535763097711485,0.0,0.0,epa_udds,RuleBasedEMS
720,0.2794,56.72464448034838,0.0,0.0,0.48844078881768993,25.023221737922093,0.0030699548193199072,0.0,0.0005331263578980111,0.0022689857792139354,0.0,0.0,epa_udds,RuleBasedEMS
721,0.0,0.0,0.0,0.0,0.48844078881768993,25.02321745373586,0.0,0.0,0.0,0.0,0.0,0.0,epa_udds,RuleBasedEMS
722,0.0,0.0,0.0,0.0,0.48844078881768993,25.023213169285217,0.0,0.0,0.0,0.0,0.0,0.0,epa_udds,RuleBasedEMS
723,0.0,0.0,0.0,0.0,0.48844078881768993,25.023208884639555,0.0,0.0,0.0,0.0,0.0,0.0,epa_udds,RuleBasedEMS
724,0.0,0.0,0.0,0.0,0.48844078881768993,25.023204599863707,0.0,0.0,0.0,0.0,0.0,0.0,epa_udds,RuleBasedEMS
725,0.0,0.0,0.0,0.0,0.48844078881768993,25.02320031501825,0.0,0.0,0.0,0.0,0.0,0.0,epa_udds,RuleBasedEMS
726,0.0,0.0,0.0,0.0,0.48844078881768993,25.023196030159774,0.0,0.0,0.0,0.0,0.0,0.0,epa_udds,RuleBasedEMS
727,0.0,0.0,0.0,0.0,0.48844078881768993,25.023191745341155,0.0,0.0,0.0,0.0,0.0,0.0,epa_udds,RuleBasedEMS
728,0.0,0.0,0.0,0.0,0.48844078881768993,25.023187460611787,0.0,0.0,0.0,0.0,0.0,0.0,epa_udds,RuleBasedEMS
729,0.0,0.0,0.0,0.0,0.48844078881768993,25.023183176017824,0.0,0.0,0.0,0.0,0.0,0.0,epa_udds,RuleBasedEMS
730,0.0,0.0,0.0,0.0,0.48844078881768993,25.023178891602377,0.0,0.0,0.0,0.0,0.0,0.0,epa_udds,RuleBasedEMS
731,0.0,0.0,0.0,0.0,0.48844078881768993,25.023174607405725,0.0,0.0,0.0,0.0,0.0,0.0,epa_udds,RuleBasedEMS
732,0.0,0.0,0.0,0.0,0.48844078881768993,25.0231703234655,0.0,0.0,0.0,0.0,0.0,0.0,epa_udds,RuleBasedEMS
733,0.0,0.0,0.0,0.0,0.48844078881768993,25.02316603981685,0.0,0.0,0.0,0.0,0.0,0.0,epa_udds,RuleBasedEMS
734,0.0,0.0,0.0,0.0,0.48844078881768993,25.023161756492616,0.0,0.0,0.0,0.0,0.0,0.0,epa_udds,RuleBasedEMS
735,0.0,0.0,0.0,0.0,0.48844078881768993,25.023157473523472,0.0,0.0,0.0,0.0,0.0,0.0,epa_udds,RuleBasedEMS
736,0.0,0.0,0.0,0.0,0.48844078881768993,25.02315319093808,0.0,0.0,0.0,0.0,0.0,0.0,epa_udds,RuleBasedEMS
737,0.0,0.0,0.0,0.0,0.48844078881768993,25.023148908763197,0.0,0.0,0.0,0.0,0.0,0.0,epa_udds,RuleBasedEMS
738,0.0,0.0,0.0,0.0,0.48844078881768993,25.023144627023832,0.0,0.0,0.0,0.0,0.0,0.0,epa_udds,RuleBasedEMS
739,0.0,0.0,0.0,0.0,0.48844078881768993,25.023140345743336,0.0,0.0,0.0,0.0,0.0,0.0,epa_udds,RuleBasedEMS
740,0.0,0.0,0.0,0.0,0.48844078881768993,25.023136064943525,0.0,0.0,0.0,0.0,0.0,0.0,epa_udds,RuleBasedEMS
741,0.0,0.0,0.0,0.0,0.48844078881768993,25.02313178464477,0.0,0.0,0.0,0.0,0.0,0.0,epa_udds,RuleBasedEMS
742,0.0,0.0,0.0,0.0,0.48844078881768993,25.023127504866103,0.0,0.0,0.0,0.0,0.0,0.0,epa_udds,RuleBasedEMS
743,0.0,0.0,0.0,0.0,0.48844078881768993,25.023123225625294,0.0,0.0,0.0,0.0,0.0,0.0,epa_udds,RuleBasedEMS
744,0.0,0.0,0.0,0.0,0.48844078881768993,25.02311894693894,0.0,0.0,0.0,0.0,0.0,0.0,epa_udds,RuleBasedEMS
745,0.0,0.0,0.0,0.0,0.48844078881768993,25.02311466882254,0.0,0.0,0.0,0.0,0.0,0.0,epa_udds,RuleBasedEMS
746,0.0,0.0,0.0,0.0,0.48844078881768993,25.02311039129057,0.0,0.0,0.0,0.0,0.0,0.0,epa_udds,RuleBasedEMS
747,0.0,0.0,0.0,0.0,0.48844078881768993,25.02310611435654,0.0,0.0,0.0,0.0,0.0,0.0,epa_udds,RuleBasedEMS
748,0.0,0.0,0.0,0.0,0.48844078881768993,25.023101838033075,0.0,0.0,0.0,0.0,0.0,0.0,epa_udds,RuleBasedEMS
749,0.0,0.0,0.0,0.0,0.48844078881768993,25.023097562331955,0.0,0.0,0.0,0.0,0.0,0.0,epa_udds,RuleBasedEMS
750,0.0,0.0,0.0,0.0,0.48844078881768993,25.02309328726418,0.0,0.0,0.0,0.0,0.0,0.0,epa_udds,RuleBasedEMS
751,0.0,0.0,0.0,0.0,0.48844078881768993,25.023089012840025,0.0,0.0,0.0,0.0,0.0,0.0,epa_udds,RuleBasedEMS
752,0.0,0.0,0.0,0.0,0.48844078881768993,25.02308473906907,0.0,0.0,0.0,0.0,0.0,0.0,epa_udds,RuleBasedEMS
753,0.0,0.0,0.0,0.0,0.48844078881768993,25.02308046596027,0.0,0.0,0.0,0.0,0.0,0.0,epa_udds,RuleBasedEMS
754,0.0,0.0,0.0,0.0,0.48844078881768993,25.023076193521973,0.0,0.0,0.0,0.0,0.0,0.0,epa_udds,RuleBasedEMS
755,0.0,0.0,0.0,0.0,0.48844078881768993,25.02307192176198,0.0,0.0,0.0,0.0,0.0,0.0,epa_udds,RuleBasedEMS
756,0.0,0.0,0.0,0.0,0.48844078881768993,25.023067650687562,0.0,0.0,0.0,0.0,0.0,0.0,epa_udds,RuleBasedEMS
757,0.0,0.0,0.0,0.0,0.48844078881768993,25.02306338030551,0.0,0.0,0.0,0.0,0.0,0.0,epa_udds,RuleBasedEMS
758,0.0,0.0,0.0,0.0,0.48844078881768993,25.023059110622153,0.0,0.0,0.0,0.0,0.0,0.0,epa_udds,RuleBasedEMS
759,0.0,0.0,0.0,0.0,0.48844078881768993,25.023054841643408,0.0,0.0,0.0,0.0,0.0,0.0,epa_udds,RuleBasedEMS
760,0.0,0.0,0.0,0.0,0.48844078881768993,25.023050573374782,0.0,0.0,0.0,0.0,0.0,0.0,epa_udds,RuleBasedEMS
761,0.0,0.0,0.0,0.0,0.48844078881768993,25.023046305821417,0.0,0.0,0.0,0.0,0.0,0.0,epa_udds,RuleBasedEMS
762,0.3353,-226.07389744843726,0.0,0.0,0.48843936600727467,25.023042087359098,-0.0004249509350534535,0.0,0.0021247546752672674,0.0,0.0,0.0,epa_udds,RuleBasedEMS
763,0.6706,-452.2803262541646,0.0,0.0,0.4884365195505906,25.02303801513067,-0.0008501509891995576,0.0,0.004250754945997788,0.0,0.0,0.0,epa_udds,RuleBasedEMS
764,1.0058,-678.5277643686871,0.0,0.0,0.4884322491845015,25.0230341863933,-0.0012754281285125698,0.0,0.006377140642562849,0.0,0.0,0.0,epa_udds,RuleBasedEMS
765,1.3411,-905.5531694028277,0.0,0.0,0.4884265500046093,25.0230306998886,-0.0017021676116594508,0.0,0.008510838058297254,0.0,0.0,0.0,epa_udds,RuleBasedEMS
766,1.6764,-1132.9522025621486,0.0,0.0,0.4884194196481774,25.02302765476037,-0.0021296094033123095,0.0,0.010648047016561546,0.0,0.0,0.0,epa_udds,RuleBasedEMS
767,2.0117,-1361.013852981718,0.0,0.0,0.48841085393071515,25.02302515173122,-0.002558296716131049,0.0,0.012791483580655244,0.0,0.0,0.0,epa_udds,RuleBasedEMS
768,2.0091,-303.21491156415294,0.0,0.0,0.4884089456001732,25.023020987898768,-0.0005699528412860018,0.0,0.002849764206430009,0.0,0.0,0.0,epa_udds,RuleBasedEMS
769,2.4406,-2019.1388866518919,0.0,0.0,0.48839623782762537,25.02302059691813,-0.0037953738470900226,0.0,0.01897686923545011,0.0,0.0,0.0,epa_udds,RuleBasedEMS
770,2.8916,-2484.043318270725,0.0,0.0,0.4883806040048229,25.02302219714988,-0.004669254357651739,0.0,0.023346271788258696,0.0,0.0,0.0,epa_udds,RuleBasedEMS
771,3.3528,-2939.0951138305245,0.0,0.0,0.48836210607784963,25.02302614814534,-0.005524614875621287,0.0,0.027623074378106433,0.0,0.0,0.0,epa_udds,RuleBasedEMS
772,3.814,-3350.7741441053936,0.0,0.0,0.4883410169528333,25.023032572142135,-0.006298447639295853,0.0,0.03149223819647926,0.0,0.0,0.0,epa_udds,RuleBasedEMS
773,4.265,-3688.4328593301243,0.0,0.0,0.4883178024291325,25.02304127672298,-0.006933144472425046,0.0,0.03466572236212523,0.0,0.0,0.0,epa_udds,RuleBasedEMS
774,4.6965,-3929.781209787244,0.0,0.0,0.4882930686126916,25.02305176224388,-0.007386806785314368,0.0,0.03693403392657184,0.0,0.0,0.0,epa_udds,RuleBasedEMS
775,5.1006,-4062.3441154998327,0.0,0.0,0.4882675001534582,25.02306330100561,-0.007635985179510964,0.0,0.03817992589755482,0.0,0.0,0.0,epa_udds,RuleBasedEMS
776,5.4717,-4089.6031148416537,0.0,0.0,0.48824175982114143,25.02307510924057,-0.007687223900078297,0.0,0.03843611950039148,0.0,0.0,0.0,epa_udds,RuleBasedEMS
777,5.807,-4029.692302082949,0.0,0.0,0.488216396279264,25.023086522815955,-0.007574609590381483,0.0,0.037873047951907414,0.0,0.0,0.0,epa_udds,RuleBasedEMS
778,6.1064,-3909.211141878216,0.0,0.0,0.48819179079408953,25.023097100827297,-0.007348141244131985,0.0,0.036740706220659926,0.0,0.0,0.0,epa_udds,RuleBasedEMS
779,6.3729,-3766.0880827015526,0.0,0.0,0.4881680859148427,25.023106710280015,-0.007079112937408934,0.0,0.03539556468704467,0.0,0.0,0.0,epa_udds,RuleBasedEMS
780,6.612,-3637.595625116942,0.0,0.0,0.48814518958796715,25.02311549007695,-0.006837585761498011,0.0,0.03418792880749005,0.0,0.0,0.0,epa_udds,RuleBasedEMS
781,6.8315,-3561.881002523517,0.0,0.0,0.4881227696392477,25.023123823557626,-0.006695265042337438,0.0,0.03347632521168719,0.0,0.0,0.0,epa_udds,RuleBasedEMS
782,7.0409,-3572.424456513702,0.0,0.0,0.4881002831399097,25.023132297451603,-0.006715083564875379,0.0,0.033575417824376896,0.0,0.0,0.0,epa_udds,RuleBasedEMS
783,7.2502,-3690.1989076099703,0.0,0.0,0.48807705512615085,25.02314165199868,-0.006936464112048817,0.0,0.03468232056024408,0.0,0.0,0.0,epa_udds,RuleBasedEMS
784,7.4698,-3935.8021499717042,0.0,0.0,0.4880522809547231,25.02315285575749,-0.007398124342052077,0.0,0.03699062171026038,0.0,0.0,0.0,epa_udds,RuleBasedEMS
785,7.7089,-4312.012998933799,0.0,0.0,0.48802513845810286,25.023167083162605,-0.008105287591980826,0.0,0.04052643795990413,0.0,0.0,0.0,epa_udds,RuleBasedEMS
786,7.9754,-4820.543987686397,0.0,0.0,0.4879947946493818,25.023185809169895,-0.009061172909184956,0.0,0.04530586454592478,0.0,0.0,0.0,epa_udds,RuleBasedEMS
787,8.2748,-5448.585560074555,0.0,0.0,0.48796049712497375,25.023210765528308,-0.01024170218059127,0.0,0.05120851090295635,0.0,0.0,0.0,epa_udds,RuleBasedEMS
788,8.6101,-6178.755066467429,0.0,0.0,0.4879216028443916,25.023243914344313,-0.011614201252758326,0.0,0.05807100626379163,0.0,0.0,0.0,epa_udds,RuleBasedEMS
789,8.9812,-6979.570827453229,0.0,0.0,0.48787766687785844,25.02328723273631,-0.013119494036566221,0.0,0.0655974701828311,0.0,0.0,0.0,epa_udds,RuleBasedEMS
790,9.3853,-7816.204255374108,0.0,0.0,0.4878284634810192,25.023342511139667,-0.014692113261981405,0.0,0.07346056630990702,0.0,0.0,0.0,epa_udds,RuleBasedEMS
791,9.8167,-8640.01206900975,0.0,0.0,0.48777407307547543,25.023410920385825,-0.016240624189867953,0.0,0.08120312094933976,0.0,0.0,0.0,epa_udds,RuleBasedEMS
792,10.2677,-9404.500637098796,0.0,0.0,0.4877148687494162,25.023492747770398,-0.017677632776501497,0.0,0.08838816388250748,0.0,0.0,0.0,epa_udds,RuleBasedEMS
793,10.729,-10059.813879353887,0.0,0.0,0.4876515374681321,25.02358707461269,-0.01890942458525167,0.0,0.09454712292625835,0.0,0.0,0.0,epa_udds,RuleBasedEMS
794,11.1902,-10556.792853915702,0.0,0.0,0.4875850757385093,25.023691590109745,-0.019843595590067112,0.0,0.09921797795033555,0.0,0.0,0.0,epa_udds,RuleBasedEMS
795,11.6412,-10867.79576006384,0.0,0.0,0.48751665419880497,25.023802960338216,-0.020428187518916993,0.0,0.10214093759458497,0.0,0.0,0.0,epa_udds,RuleBasedEMS
796,12.0727,-10976.809099721093,0.0,0.0,0.4874475444437053,25.02391717761572,-0.020633099811505816,0.0,0.10316549905752907,0.0,0.0,0.0,epa_udds,RuleBasedEMS
797,12.4767,-10882.91924786729,0.0,0.0,0.4873790239724401,25.024030073081118,-0.020456615127570094,0.0,0.10228307563785047,0.0,0.0,0.0,epa_udds,RuleBasedEMS
798,12.8478,-10619.843014862186,0.0,0.0,0.48731215814126316,25.024138242182097,-0.01996211093019208,0.0,0.09981055465096039,0.0,0.0,0.0,epa_udds,RuleBasedEMS
799,13.1831,-10230.268765508077,0.0,0.0,0.4872477436333137,25.024239337733444,-0.019229828506594132,0.0,0.09614914253297065,0.0,0.0,0.0,epa_udds,RuleBasedEMS
800,13.4826,-9774.948224207415,0.0,0.0,0.48718619467168484,25.024332395375826,-0.01837396282745755,0.0,0.09186981413728774,0.0,0.0,0.0,epa_udds,RuleBasedEMS
801,13.7491,-9320.842131741547,0.0,0.0,0.48712750386553855,25.02441778605637,-0.017520379946882606,0.0,0.08760189973441303,0.0,0.0,0.0,epa_udds,RuleBasedEMS
802,13.7646,-3960.4779750959456,0.0,0.0,0.48710256536961666,25.02443622814116,-0.00744450747198486,0.0,0.0372225373599243,0.0,0.0,0.0,epa_udds,RuleBasedEMS
803,13.7607,-3543.2229109146883,0.0,0.0,0.48708025429187984,25.024451604131436,-0.006660193441568964,0.0,0.03330096720784482,0.0,0.0,0.0,epa_udds,RuleBasedEMS
804,13.7465,-3316.170842800874,0.0,0.0,0.4870593729791216,25.02446536297598,-0.006233403839851268,0.0,0.031167019199256338,0.0,0.0,0.0,epa_udds,RuleBasedEMS
805,13.7323,-3309.605513131907,0.0,0.0,0.48703853307701533,25.024478920221355,-0.006221062994608849,0.0,0.03110531497304424,0.0,0.0,0.0,epa_udds,RuleBasedEMS
806,13.7283,-3525.5802422955935,0.0,0.0,0.48701633329839356,25.024493721743298,-0.006627030530630815,0.0,0.033135152653154074,0.0,0.0,0.0,epa_udds,RuleBasedEMS
807,13.7439,-3952.074131677116,0.0,0.0,0.48699144804262273,25.02451141977439,-0.0074287107738291655,0.0,0.03714355386914583,0.0,0.0,0.0,epa_udds,RuleBasedEMS
808,13.7869,-4561.630729669635,0.0,0.0,0.4869627245772565,25.02453395943894,-0.008574493852762472,0.0,0.04287246926381236,0.0,0.0,0.0,epa_udds,RuleBasedEMS
809,13.8628,-5313.257911227642,0.0,0.0,0.4869292682517728,25.024563522748853,-0.009987326900803839,0.0,0.04993663450401919,0.0,0.0,0.0,epa_udds,RuleBasedEMS
810,13.9746,-6161.996303046766,0.0,0.0,0.486890467463544,25.02460238453312,-0.01158269981775708,0.0,0.057913499088785396,0.0,0.0,0.0,epa_udds,RuleBasedEMS
811,14.1222,-7047.846292544945,0.0,0.0,0.4868460883563532,25.024652492345275,-0.013247831376964182,0.0,0.0662391568848209,0.0,0.0,0.0,epa_udds,RuleBasedEMS
812,14.3027,-7912.90654874725,0.0,0.0,0.4867962616173413,25.02471511321528,-0.01487388449012641,0.0,0.07436942245063205,0.0,0.0,0.0,epa_udds,RuleBasedEMS
813,14.5106,-8697.333376740085,0.0,0.0,0.48674149473276623,25.02479042144054,-0.016348371008909936,0.0,0.08174185504454967,0.0,0.0,0.0,epa_udds,RuleBasedEMS
814,14.7381,-9340.504195178151,0.0,0.0,0.48668267693323625,25.02487714877791,-0.017557338712740886,0.0,0.08778669356370443,0.0,0.0,0.0,epa_udds,RuleBasedEMS
815,14.9758,-9790.74550843813,0.0,0.0,0.4866210228922479,25.024972535922565,-0.018403656970748368,0.0,0.09201828485374183,0.0,0.0,0.0,epa_udds,RuleBasedEMS
816,15.2135,-10010.11716065812,0.0,0.0,0.48655798629518354,25.02507258821885,-0.01881600970048519,0.0,0.09408004850242593,0.0,0.0,0.0,epa_udds,RuleBasedEMS
817,15.441,-9977.907809899798,0.0,0.0,0.48649515138157334,25.025172604001355,-0.01875546580808233,0.0,0.09377732904041164,0.0,0.0,0.0,epa_udds,RuleBasedEMS
818,15.649,-9696.92781862911,0.0,0.0,0.4864340848335305,25.025267947231008,-0.018227307929753966,0.0,0.09113653964876983,0.0,0.0,0.0,epa_udds,RuleBasedEMS
819,15.8295,-9184.325864228807,0.0,0.0,0.48637624546604474,25.025354643496364,-0.01726377042148272,0.0,0.08631885210741361,0.0,0.0,0.0,epa_udds,RuleBasedEMS
820,15.9771,-8496.242329452241,0.0,0.0,0.48632273863590103,25.02543026123823,-0.015970380318519252,0.0,0.07985190159259625,0.0,0.0,0.0,epa_udds,RuleBasedEMS
821,16.0889,-7693.519068664928,0.0,0.0,0.48627428657529337,25.025493913089534,-0.014461502008768662,0.0,0.07230751004384331,0.0,0.0,0.0,epa_udds,RuleBasedEMS
822,16.1648,-6850.28700126377,0.0,0.0,0.4862311446486989,25.025546175369385,-0.01287647932568378,0.0,0.0643823966284189,0.0,0.0,0.0,epa_udds,RuleBasedEMS
823,16.2078,-6052.250433564045,0.0,0.0,0.4861930284260609,25.025588789813245,-0.0113764105894061,0.0,0.0568820529470305,0.0,0.0,0.0,epa_udds,RuleBasedEMS
824,16.2234,-5371.407820819865,0.0,0.0,0.4861591999804381,25.025624029832198,-0.010096631242142605,0.0,0.05048315621071302,0.0,0.0,0.0,epa_udds,RuleBasedEMS
825,16.2194,-4874.338644258289,0.0,0.0,0.4861285020191282,25.025654345911516,-0.00916229068469603,0.0,0.045811453423480156,0.0,0.0,0.0,epa_udds,RuleBasedEMS
826,16.2052,-4608.576639811826,0.0,0.0,0.48609947784651675,25.02568211143601,-0.008662738044759071,0.0,0.04331369022379535,0.0,0.0,0.0,epa_udds,RuleBasedEMS
827,16.191,-4600.173936821349,0.0,0.0,0.4860705066698419,25.02570961153626,-0.008646943490265695,0.0,0.043234717451328473,0.0,0.0,0.0,epa_udds,RuleBasedEMS
828,16.187,-4854.642784016771,0.0,0.0,0.4860399329658348,25.02573920616108,-0.009125268391008967,0.0,0.045626341955044836,0.0,0.0,0.0,epa_udds,RuleBasedEMS
829,16.2026,-5358.117782311019,0.0,0.0,0.4860061885142415,25.02577352955838,-0.010071649966750036,0.0,0.05035824983375018,0.0,0.0,0.0,epa_udds,RuleBasedEMS
830,16.2456,-6078.04317922754,0.0,0.0,0.485967910090333,25.02581558397571,-0.01142489319403673,0.0,0.05712446597018365,0.0,0.0,0.0,epa_udds,RuleBasedEMS
831,16.3215,-6965.378115936766,0.0,0.0,0.4859240432633008,25.025868633888052,-0.013092816007399938,0.0,0.06546408003699969,0.0,0.0,0.0,epa_udds,RuleBasedEMS
832,16.4333,-7966.060602280121,0.0,0.0,0.48587387400046833,25.02593598899136,-0.014973798124586693,0.0,0.07486899062293347,0.0,0.0,0.0,epa_udds,RuleBasedEMS
833,16.5809,-9008.325441002255,0.0,0.0,0.48581714015370353,25.02602038740901,-0.016932942558274915,0.0,0.08466471279137458,0.0,0.0,0.0,epa_udds,RuleBasedEMS
834,16.7614,-10023.309930786212,0.0,0.0,0.4857540131967774,25.02612350688743,-0.01884080814057559,0.0,0.09420404070287794,0.0,0.0,0.0,epa_udds,RuleBasedEMS
835,16.9694,-10943.36974961212,0.0,0.0,0.4856850905899916,25.0262454586715,-0.02057024389024835,0.0,0.10285121945124173,0.0,0.0,0.0,epa_udds,RuleBasedEMS
836,17.1969,-11690.04541901786,0.0,0.0,0.48561146395403504,25.02638410303203,-0.02197376958462004,0.0,0.1098688479231002,0.0,0.0,0.0,epa_udds,RuleBasedEMS
837,17.4346,-12212.353986254158,0.0,0.0,0.48553454609382407,25.02653535991044,-0.022955552605740902,0.0,0.1147777630287045,0.0,0.0,0.0,epa_udds,RuleBasedEMS
838,17.6723,-12465.268359326545,0.0,0.0,0.4854560335515555,25.026693386196825,-0.023430955562643883,0.0,0.11715477781321941,0.0,0.0,0.0,epa_udds,RuleBasedEMS
839,17.8998,-12426.606847987858,0.0,0.0,0.4853777627668391,25.02685138780283,-0.02335828354884936,0.0,0.11679141774424678,0.0,0.0,0.0,epa_udds,RuleBasedEMS
840,18.1077,-12098.282650389081,0.0,0.0,0.4853015583298712,25.027002631215097,-0.022741132801483238,0.0,0.11370566400741618,0.0,0.0,0.0,epa_udds,RuleBasedEMS
841,18.2882,-11509.795384041741,0.0,0.0,0.48522905920065645,25.027141516532726,-0.02163495372940177,0.0,0.10817476864700884,0.0,0.0,0.0,epa_udds,RuleBasedEMS
842,18.4358,-10717.740255264345,0.0,0.0,0.48516154798119576,25.027264414454983,-0.02014612829936907,0.0,0.10073064149684535,0.0,0.0,0.0,epa_udds,RuleBasedEMS
843,18.5476,-9794.777381417194,0.0,0.0,0.4850998496466212,25.02736991922808,-0.01841123567935563,0.0,0.09205617839677814,0.0,0.0,0.0,epa_udds,RuleBasedEMS
844,18.6235,-8825.627857122001,0.0,0.0,0.48504425549820834,25.027458699087596,-0.016589526047221807,0.0,0.08294763023610903,0.0,0.0,0.0,epa_udds,RuleBasedEMS
845,18.6665,-7908.233875676898,0.0,0.0,0.48499443982482865,25.027533129231845,-0.014865101270069356,0.0,0.07432550635034678,0.0,0.0,0.0,epa_udds,RuleBasedEMS
846,18.6821,-7124.948441355975,0.0,0.0,0.4849495580717702,25.02759643328086,-0.013392760228112735,0.0,0.06696380114056368,0.0,0.0,0.0,epa_udds,RuleBasedEMS
847,18.6781,-6552.312844369112,0.0,0.0,0.48490828345039627,25.027652211181966,-0.01231637752700961,0.0,0.061581887635048044,0.0,0.0,0.0,epa_udds,RuleBasedEMS
848,18.6639,-6245.398551523445,0.0,0.0,0.4848689421985548,25.027704068162606,-0.011739470961510236,0.0,0.05869735480755118,0.0,0.0,0.0,epa_udds,RuleBasedEMS
849,18.6497,-6234.856676478532,0.0,0.0,0.4848296674313935,25.02775555749941,-0.011719655406914534,0.0,0.05859827703457267,0.0,0.0,0.0,epa_udds,RuleBasedEMS
850,18.6458,-6530.7108385176825,0.0,0.0,0.48478852909063885,25.02781039205435,-0.012275772252852788,0.0,0.06137886126426394,0.0,0.0,0.0,epa_udds,RuleBasedEMS
851,18.6613,-7105.619419833795,0.0,0.0,0.48474376931125224,25.0278724833744,-0.013356427480890594,0.0,0.06678213740445296,0.0,0.0,0.0,epa_udds,RuleBasedEMS
852,18.7043,-7939.730382135103,0.0,0.0,0.4846937552247848,25.027946401348075,-0.014924305229577262,0.0,0.07462152614788631,0.0,0.0,0.0,epa_udds,RuleBasedEMS
853,18.7802,-8964.386209477107,0.0,0.0,0.48463728636568876,25.02803681461572,-0.01685035001781411,0.0,0.08425175008907056,0.0,0.0,0.0,epa_udds,RuleBasedEMS
854,18.892,-10119.388924031664,0.0,0.0,0.4845735413638018,25.02814837289425,-0.01902140775193922,0.0,0.09510703875969609,0.0,0.0,0.0,epa_udds,RuleBasedEMS
855,19.0396,-11321.205618526797,0.0,0.0,0.4845022249323254,25.028284802903194,-0.021280461688960146,0.0,0.10640230844480073,0.0,0.0,0.0,epa_udds,RuleBasedEMS
856,19.2201,-12489.950586351268,0.0,0.0,0.4844235449197724,25.028448261875482,-0.02347735072622419,0.0,0.11738675363112094,0.0,0.0,0.0,epa_udds,RuleBasedEMS
857,19.4281,-13547.722276212555,0.0,0.0,0.48433819986539745,25.028638676995044,-0.025465643376339386,0.0,0.12732821688169693,0.0,0.0,0.0,epa_udds,RuleBasedEMS
858,19.6556,-14404.990953747461,0.0,0.0,0.48424745233350364,25.028852838643566,-0.027077050664938842,0.0,0.1353852533246942,0.0,0.0,0.0,epa_udds,RuleBasedEMS
859,19.8933,-15004.415887466892,0.0,0.0,0.4841529262370426,25.029084891984155,-0.02820378926215581,0.0,0.14101894631077905,0.0,0.0,0.0,epa_udds,RuleBasedEMS
860,20.131,-15295.923660700719,0.0,0.0,0.4840565611416015,25.02932660203733,-0.028751736204324658,0.0,0.14375868102162329,0.0,0.0,0.0,epa_udds,RuleBasedEMS
861,20.3585,-15255.64550527846,0.0,0.0,0.4839604472434957,25.02956847251664,-0.02867602538586177,0.0,0.14338012692930885,0.0,0.0,0.0,epa_udds,RuleBasedEMS
862,20.5664,-14886.922539937083,0.0,0.0,0.4838666539648484,25.02980110882936,-0.027982937105144892,0.0,0.13991468552572445,0.0,0.0,0.0,epa_udds,RuleBasedEMS
863,20.747,-14227.298231358425,0.0,0.0,0.4837770144378439,25.030016745454855,-0.02674304178826772,0.0,0.1337152089413386,0.0,0.0,0.0,epa_udds,RuleBasedEMS
864,20.8946,-13331.177166680542,0.0,0.0,0.4836930191957668,25.030210015435518,-0.025058603696767934,0.0,0.12529301848383967,0.0,0.0,0.0,epa_udds,RuleBasedEMS
865,21.0063,-12286.968201096886,0.0,0.0,0.4836156018283721,25.03037875618023,-0.023095804889279863,0.0,0.1154790244463993,0.0,0.0,0.0,epa_udds,RuleBasedEMS
866,21.0822,-11196.782002055876,0.0,0.0,0.4835450525455,25.030523810173417,-0.021046582710631347,0.0,0.10523291355315673,0.0,0.0,0.0,epa_udds,RuleBasedEMS
867,21.1252,-10160.944504437293,0.0,0.0,0.4834810293424477,25.030648220948073,-0.019099519745182883,0.0,0.09549759872591441,0.0,0.0,0.0,epa_udds,RuleBasedEMS
868,21.1408,-9275.547802077432,0.0,0.0,0.4834225846360239,25.030756410492675,-0.017435240229468858,0.0,0.08717620114734428,0.0,0.0,0.0,epa_udds,RuleBasedEMS
869,21.1368,-8627.260770937482,0.0,0.0,0.4833682246334748,25.030853494195377,-0.016216655584468952,0.0,0.08108327792234477,0.0,0.0,0.0,epa_udds,RuleBasedEMS
870,21.1226,-8278.892390959536,0.0,0.0,0.4833160596895853,25.03094475495049,-0.01556182780255552,0.0,0.0778091390127776,0.0,0.0,0.0,epa_udds,RuleBasedEMS
871,21.1085,-8269.284465732413,0.0,0.0,0.4832639553470801,25.031035560712503,-0.015543767792730102,0.0,0.0777188389636505,0.0,0.0,0.0,epa_udds,RuleBasedEMS
872,21.1045,-8597.20452034833,0.0,0.0,0.48320978485614074,25.0311313178888,-0.016160158872835208,0.0,0.08080079436417603,0.0,0.0,0.0,epa_udds,RuleBasedEMS
873,21.1201,-9255.639561761744,0.0,0.0,0.4831514655933232,25.03123801266155,-0.01739781872511606,0.0,0.0869890936255803,0.0,0.0,0.0,epa_udds,RuleBasedEMS
874,21.163,-10195.656129193985,0.0,0.0,0.4830872231741048,25.031361989362576,-0.01916476716013907,0.0,0.09582383580069535,0.0,0.0,0.0,epa_udds,RuleBasedEMS
875,21.239,-11365.948212493875,0.0,0.0,0.4830156063714463,25.03151004606218,-0.021364564309199016,0.0,0.10682282154599507,0.0,0.0,0.0,epa_udds,RuleBasedEMS
876,21.3507,-12670.915861325253,0.0,0.0,0.4829357661841534,25.03168825314132,-0.023817511017528673,0.0,0.11908755508764335,0.0,0.0,0.0,epa_udds,RuleBasedEMS
877,21.4983,-14038.742638142498,0.0,0.0,0.48284730598215064,25.031901790238216,-0.02638861398147086,0.0,0.1319430699073543,0.0,0.0,0.0,epa_udds,RuleBasedEMS
878,21.6789,-15368.582554874773,0.0,0.0,0.482750464454631,25.032153390312175,-0.02888831307307288,0.0,0.1444415653653644,0.0,0.0,0.0,epa_udds,RuleBasedEMS
879,21.8868,-16561.583989865754,0.0,0.0,0.48264610312484224,25.03244237787647,-0.03113079697343187,0.0,0.15565398486715934,0.0,0.0,0.0,epa_udds,RuleBasedEMS
880,22.1143,-17537.68544462146,0.0,0.0,0.4825355880611425,25.03276445161956,-0.0329655741440253,0.0,0.1648278707201265,0.0,0.0,0.0,epa_udds,RuleBasedEMS
881,22.352,-18219.27868558775,0.0,0.0,0.48242077454184573,25.033111370588713,-0.03424676444659352,0.0,0.17123382223296757,0.0,0.0,0.0,epa_udds,RuleBasedEMS
882,22.1427,-2531.2893116903974,0.0,0.0,0.4824048224741812,25.03315124238854,-0.004758062615959394,0.0,0.023790313079796968,0.0,0.0,0.0,epa_udds,RuleBasedEMS
883,21.9231,-2030.6194610328496,0.0,0.0,0.48239202592156344,25.03318693330578,-0.003816953874121898,0.0,0.01908476937060949,0.0,0.0,0.0,epa_udds,RuleBasedEMS
884,21.684,-1218.2471657654314,0.0,0.0,0.4823843489715865,25.03321810497684,-0.002289938281513969,0.0,0.011449691407569844,0.0,0.0,0.0,epa_udds,RuleBasedEMS
885,21.4175,-146.25978664835407,0.0,0.0,0.4823834273211204,25.033245807355293,-0.00027492441099314675,0.0,0.0013746220549657336,0.0,0.0,0.0,epa_udds,RuleBasedEMS
886,21.1181,787.7889026479431,0.0,0.0,0.48238839139188694,25.033271887515458,0.04263537234029995,0.0,0.007404031039924278,0.03151155610591772,0.0,0.0,epa_udds,RuleBasedEMS
887,20.7828,1734.1013762651398,0.0,0.0,0.4823993180765471,25.033297983684715,0.09385008801771787,0.0,0.01629794526564981,0.0693640550506056,0.0,0.0,epa_udds,RuleBasedEMS
888,20.4117,2653.210873551748,0.0,0.0,0.4824160355465921,25.033325615651552,0.14359257043477805,0.0,0.024936192420599138,0.10612843494206993,0.0,0.0,epa_udds,RuleBasedEMS
889,20.0076,3478.035572912808,0.0,0.0,0.4824379492999329,25.033355737951204,0.1882323312317774,0.0,0.03268830425669932,0.13912142291651233,0.0,0.0,epa_udds,RuleBasedEMS
890,19.5762,4142.639197031123,0.0,0.0,0.4824640494555916,25.03338837573961,0.2242008792498498,0.0,0.038934578919465446,0.16570556788124494,0.0,0.0,epa_udds,RuleBasedEMS
891,19.1251,4610.01980336493,0.0,0.0,0.48249309312955757,25.033422666663014,0.24949565823023132,0.0,0.043327253791023784,0.1844007921345972,0.0,0.0,epa_udds,RuleBasedEMS
892,18.6639,4847.207938903103,0.0,0.0,0.4825236298950836,25.03345696232364,0.2623323514603348,0.0,0.04555646559119458,0.19388831755612412,0.0,0.0,epa_udds,RuleBasedEMS
893,18.2027,4858.003743512004,0.0,0.0,0.4825542334620944,25.03348937799749,0.2629166236526271,0.0,0.045657929920225604,0.19432014974048015,0.0,0.0,epa_udds,RuleBasedEMS
894,17.7517,4656.285459191044,0.0,0.0,0.48258356515666984,25.0335181664622,0.25199956943802354,0.0,0.04376208138337447,0.18625141836764175,0.0,0.0,epa_udds,RuleBasedEMS
895,17.3202,4275.413470550774,0.0,0.0,0.48261049661479305,25.033542111985163,0.23138666286484563,0.0,0.04018245742998848,0.17101653882203097,0.0,0.0,epa_udds,RuleBasedEMS
896,16.9162,3753.3812795102335,0.0,0.0,0.4826341389135051,25.033560662436322,0.20313412368356887,0.0,0.03527613984502099,0.15013525118040935,0.0,0.0,epa_udds,RuleBasedEMS
897,16.545,3149.9212565188645,0.0,0.0,0.4826539794423441,25.033574034908714,0.17047468574753974,0.0,0.029604523087583313,0.12599685026075458,0.0,0.0,epa_udds,RuleBasedEMS
898,16.2098,2507.610500231749,0.0,0.0,0.4826697737829678,25.033582913715797,0.13571263444111376,0.0,0.02356776785932095,0.10030442000926997,0.0,0.0,epa_udds,RuleBasedEMS
899,15.9103,1889.6943091208211,0.0,0.0,0.4826816758449889,25.033588330243365,0.10227082433873436,0.0,0.017760284860158092,0.07558777236483284,0.0,0.0,epa_udds,RuleBasedEMS
900,15.6438,1335.34698100049,0.0,0.0,0.48269008621876963,25.033591305086322,0.0722693802198611,0.0,0.012550253580831672,0.0534138792400196,0.0,0.0,epa_udds,RuleBasedEMS
901,15.4047,890.4453528361527,0.0,0.0,0.48269569437495763,25.033592710292666,0.04819117029860621,0.0,0.00836884730109166,0.035617814113446104,0.0,0.0,epa_udds,RuleBasedEMS
902,15.1852,587.4282057884969,0.0,0.0,0.48269939402144985,25.03359315162652,0.03179179116741053,0.0,0.005520941783726475,0.023497128231539877,0.0,0.0,epa_udds,RuleBasedEMS
903,14.9758,449.8250355245564,0.0,0.0,0.48270222699395965,25.033592986182104,0.024344666208313964,0.0,0.0042276789053059816,0.017993001420982258,0.0,0.0,epa_udds,RuleBasedEMS
904,14.7665,480.6656270411638,0.0,0.0,0.48270525415507887,25.033592422200773,0.02601376829655862,0.0,0.004517534088732743,0.01922662508164655,0.0,0.0,epa_udds,RuleBasedEMS
905,14.547,679.19447638268,0.0,0.0,0.4827095315614183,25.033591677497885,0.036758209330846094,0.0,0.006383406732919925,0.0271677790553072,0.0,0.0,epa_udds,RuleBasedEMS
906,14.3079,1023.764093817785,0.0,0.0,0.48271597889366813,25.033591100845953,0.055406420656394104,0.0,0.009621842987009258,0.0409505637527114,0.0,0.0,epa_udds,RuleBasedEMS
907,14.0414,1480.3536583070181,0.0,0.0,0.48272530153799975,25.033591219283387,0.08011718520672118,0.0,0.013913098292359193,0.059214146332280726,0.0,0.0,epa_udds,RuleBasedEMS
908,13.7419,2004.920813345529,0.0,0.0,0.4827379274819725,25.033592675262323,0.10850691740196329,0.0,0.018843240726931665,0.08019683253382116,0.0,0.0,epa_udds,RuleBasedEMS
909,13.4066,2545.039086487748,0.0,0.0,0.48275395452940295,25.033596057537476,0.13773828078600608,0.0,0.023919540286538987,0.10180156345950993,0.0,0.0,epa_udds,RuleBasedEMS
910,13.0355,3051.228008172066,0.0,0.0,0.4827731688744715,25.033601718195943,0.16513337746483106,0.0,0.028676954964023175,0.12204912032688264,0.0,0.0,epa_udds,RuleBasedEMS
911,12.6315,3477.3689445943337,0.0,0.0,0.48279506629942714,25.03360961339536,0.1881962531066918,0.0,0.03268203895295426,0.13909475778377334,0.0,0.0,epa_udds,RuleBasedEMS
912,12.2,3789.4894872800205,0.0,0.0,0.48281892869071813,25.03361927013353,0.2050883107476811,0.0,0.03561550270000019,0.15157957949120082,0.0,0.0,epa_udds,RuleBasedEMS
913,11.749,3959.539018224408,0.0,0.0,0.48284386135423346,25.033629811940543,0.21429144250510745,0.0,0.03721371257729707,0.15838156072897633,0.0,0.0,epa_udds,RuleBasedEMS
914,11.2878,3983.657941823898,0.0,0.0,0.4828689453612399,25.033640204900372,0.21559676590412344,0.0,0.03744039419007423,0.15934631767295593,0.0,0.0,epa_udds,RuleBasedEMS
915,10.8265,3868.6653379046215,0.0,0.0,0.4828933047905286,25.033649451233398,0.2093733315957704,0.0,0.03635963663444193,0.15474661351618485,0.0,0.0,epa_udds,RuleBasedEMS
916,10.3755,3629.6727804192105,0.0,0.0,0.482916158933868,25.033656750815343,0.19643898250719904,0.0,0.03411346598138356,0.1451869112167684,0.0,0.0,epa_udds,RuleBasedEMS
917,9.9441,3297.2383728117015,0.0,0.0,0.4829369195370733,25.033661662002356,0.1784475323872077,0.0,0.030989082451237795,0.13188953491246805,0.0,0.0,epa_udds,RuleBasedEMS
918,9.54,2903.2425273650556,0.0,0.0,0.48295519910118967,25.033664091368735,0.15712435873664415,0.0,0.027286113978994882,0.11612970109460223,0.0,0.0,epa_udds,RuleBasedEMS
919,9.1689,2478.28256222235,0.0,0.0,0.48297080278179033,25.033664221636,0.1341253976156126,0.0,0.023292129344195018,0.099131302488894,0.0,0.0,epa_udds,RuleBasedEMS
920,8.8336,2055.957444988076,0.0,0.0,0.48298374727051646,25.03366243480149,0.11126903525582084,0.0,0.019322908317557105,0.08223829779952305,0.0,0.0,epa_udds,RuleBasedEMS
921,8.5342,1661.8533915719918,0.0,0.0,0.4829942103336354,25.033659180911684,0.0899400053574075,0.0,0.015618922853120224,0.06647413566287967,0.0,0.0,epa_udds,RuleBasedEMS
922,8.3794,283.90471599954486,0.0,0.0,0.4829959977875008,25.033653327210562,0.015365008614772361,0.0,0.00266827740601076,0.011356188639981795,0.0,0.0,epa_udds,RuleBasedEMS
923,8.2521,32.79790152141633,0.0,0.0,0.4829962042810996,25.033647373485227,0.0017750322943695842,0.0,0.0003082509541486497,0.001311916060856653,0.0,0.0,epa_udds,RuleBasedEMS
924,8.1443,-193.65114338614083,0.0,0.0,0.48299498506879485,25.033641436523187,-0.0003640059086205655,0.0,0.0018200295431028274,0.0,0.0,0.0,epa_udds,RuleBasedEMS
925,8.0467,-311.55387744561057,0.0,0.0,0.4829930235541631,25.03363554388774,-0.0005856275891834785,0.0,0.0029281379459173925,0.0,0.0,0.0,epa_udds,RuleBasedEMS
926,7.9491,-300.5032036893996,0.0,0.0,0.48299113161648555,25.03362963576054,-0.000564855646032706,0.0,0.00282427823016353,0.0,0.0,0.0,epa_udds,RuleBasedEMS
927,7.8414,-165.4206947733983,0.0,0.0,0.4829900901461702,25.03362365927821,-0.0003109411555890946,0.0,0.0015547057779454728,0.0,0.0,0.0,epa_udds,RuleBasedEMS
928,7.714,59.48342328296742,0.0,0.0,0.48299046464646583,25.03361764956296,0.00321926075782556,0.0,0.0005590547301030773,0.0023793369313186968,0.0,0.0,epa_udds,RuleBasedEMS
929,7.5593,296.95903301119574,0.0,0.0,0.482992334258932,25.033611706087687,0.016071512177553284,0.0,0.002790968355368381,0.01187836132044783,0.0,0.0,epa_udds,RuleBasedEMS
930,7.3716,570.7556550301396,0.0,0.0,0.48299592764435506,25.033605970713623,0.03088946770606725,0.0,0.005364244878102815,0.022830226201205582,0.0,0.0,epa_udds,RuleBasedEMS
931,7.1481,849.8475427379917,0.0,0.0,0.4830012781245315,25.033600590976253,0.04599400460622605,0.0,0.007987288935507441,0.033993901709519665,0.0,0.0,epa_udds,RuleBasedEMS
932,6.8887,1106.5701322665802,0.0,0.0,0.4830082448464355,25.033595664819256,0.05988790836131462,0.0,0.010400095228069364,0.04426280529066321,0.0,0.0,epa_udds,RuleBasedEMS
933,6.5964,1313.6500672260545,0.0,0.0,0.4830165152499493,25.03359119019817,0.07109513672100105,0.0,0.012346335218289985,0.05254600268904218,0.0,0.0,epa_udds,RuleBasedEMS
934,6.2767,1453.5005365588258,0.0,0.0,0.48302566605799074,25.033587059431024,0.07866388618158215,0.0,0.013660719328560392,0.05814002146235303,0.0,0.0,epa_udds,RuleBasedEMS
935,5.9375,1515.0049563598632,0.0,0.0,0.48303520401626604,25.03358308080569,0.08199252387878417,0.0,0.014238768386840819,0.06060019825439453,0.0,0.0,epa_udds,RuleBasedEMS
936,5.588,1499.7866267871377,0.0,0.0,0.4830446461022987,25.033579040935084,0.08116890330536704,0.0,0.014095738973563324,0.059991465071485506,0.0,0.0,epa_udds,RuleBasedEMS
937,5.2385,1414.3454663027023,0.0,0.0,0.4830535502263658,25.03357475102421,0.07654480200335978,0.0,0.013292720547957729,0.056573818652108095,0.0,0.0,epa_udds,RuleBasedEMS
938,4.8993,1273.354110066961,0.0,0.0,0.4830615666808708,25.033570091644194,0.06891430740046606,0.0,0.011967613816418808,0.05093416440267844,0.0,0.0,epa_udds,RuleBasedEMS
939,4.5796,1096.0989229989398,0.0,0.0,0.48306846718178764,25.033565027226633,0.05932120336651405,0.0,0.010301681607132893,0.04384395691995759,0.0,0.0,epa_udds,RuleBasedEMS
940,4.2873,899.2580224589709,0.0,0.0,0.48307412844378567,25.033559586281434,0.0486681146290201,0.0,0.008451673143411382,0.03597032089835884,0.0,0.0,epa_udds,RuleBasedEMS
941,4.0279,700.0943973088079,0.0,0.0,0.4830785358589129,25.033553841170274,0.037889319337058636,0.0,0.006579834561173006,0.028003775892352315,0.0,0.0,epa_udds,RuleBasedEMS
942,3.8044,511.0899143621312,0.0,0.0,0.48308175339508713,25.03354787819777,0.02766033987653098,0.0,0.004803476638741835,0.02044359657448525,0.0,0.0,epa_udds,RuleBasedEMS
943,3.6167,342.98417436788014,0.0,0.0,0.4830839126270669,25.03354177912551,0.01856240666992482,0.0,0.003223535473382332,0.013719366974715206,0.0,0.0,epa_udds,RuleBasedEMS
944,3.462,201.95736608876663,0.0,0.0,0.4830851840331832,25.033535607716676,0.010929993391781521,0.0,0.0018980955459470547,0.008078294643550666,0.0,0.0,epa_udds,RuleBasedEMS
945,3.3346,93.78485814126368,0.0,0.0,0.48308577444757134,25.033529406791114,0.005075664728577563,0.0,0.0008814366366660121,0.0037513943256505472,0.0,0.0,epa_udds,RuleBasedEMS
946,3.2269,20.51956194764495,0.0,0.0,0.4830859036266182,25.033523198903236,0.001110524863903371,0.0,0.00019285302582373073,0.000820782477905798,0.0,0.0,epa_udds,RuleBasedEMS
947,3.1293,-20.389847850899447,0.0,0.0,0.4830857752642039,25.033516992080624,-3.832678167462302e-05,0.0,0.0001916339083731151,0.0,0.0,0.0,epa_udds,RuleBasedEMS
948,3.0317,-18.6857037051238,0.0,0.0,0.48308565763008166,25.033510786314864,-3.512350320511992e-05,0.0,0.00017561751602559962,0.0,0.0,0.0,epa_udds,RuleBasedEMS
949,2.9239,21.219273632314763,0.0,0.0,0.4830857912140486,25.03350458176428,0.0011483934707173056,0.0,0.00019942926346160493,0.0008487709452925905,0.0,0.0,epa_udds,RuleBasedEMS
950,2.7966,82.23237386889535,0.0,0.0,0.48308630890021076,25.033498384270885,0.004450440805325629,0.0,0.0007728606566625503,0.0032892949547558142,0.0,0.0,epa_udds,RuleBasedEMS
951,2.2352,1155.1249563383778,0.0,0.0,0.48309358087747445,25.03349344496135,0.06251571004303491,0.0,0.010856437559571221,0.046204998253535114,0.0,0.0,epa_udds,RuleBasedEMS
952,2.0117,279.1045410531629,0.0,0.0,0.4830953379457992,25.033487316239707,0.015105221703012527,0.0,0.00262316297982296,0.011164181642126516,0.0,0.0,epa_udds,RuleBasedEMS
953,1.7882,248.73672369121496,0.0,0.0,0.48309690383574583,25.033481173507603,0.013461706294205752,0.0,0.0023377511625114187,0.009949468947648598,0.0,0.0,epa_udds,RuleBasedEMS
954,1.5646,218.30429561467932,0.0,0.0,0.4830982781411221,25.033475018530527,0.011814694134093699,0.0,0.002051732101641723,0.008732171824587173,0.0,0.0,epa_udds,RuleBasedEMS
955,1.3411,187.337199629964,0.0,0.0,0.48309945749647465,25.033468852896544,0.010138745585988576,0.0,0.0017606879664470302,0.00749348798519856,0.0,0.0,epa_udds,RuleBasedEMS
956,1.1176,156.37576194229715,0.0,0.0,0.4831004419378254,25.033462678429885,0.008463103266621464,0.0,0.0014696970107358754,0.006255030477691886,0.0,0.0,epa_udds,RuleBasedEMS
957,0.8941,125.27300806140181,0.0,0.0,0.4831012305758614,25.033456496905316,0.006779812872375716,0.0,0.0011773778953139268,0.0050109203224560726,0.0,0.0,epa_udds,RuleBasedEMS
958,0.6706,94.0571986970015,0.0,0.0,0.4831018226991066,25.033450310117523,0.005090403881361028,0.0,0.0008839962283552772,0.00376228794788006,0.0,0.0,epa_udds,RuleBasedEMS
959,0.447,62.79263905370252,0.0,0.0,0.4831022180008368,25.033444119882045,0.003398356510590607,0.0,0.0005901563820836704,0.002511705562148101,0.0,0.0,epa_udds,RuleBasedEMS
960,0.2235,31.385417881712822,0.0,0.0,0.4831024155830533,25.03343792801364,0.001698588254981721,0.0,0.0002949757319709852,0.001255416715268513,0.0,0.0,epa_udds,RuleBasedEMS
961,0.0,0.0,0.0,0.0,0.4831024155830533,25.033431736351222,0.0,0.0,0.0,0.0,0.0,0.0,epa_udds,RuleBasedEMS
962,0.0,0.0,0.0,0.0,0.4831024155830533,25.03342554579958,0.0,0.0,0.0,0.0,0.0,0.0,epa_udds,RuleBasedEMS
963,0.0,0.0,0.0,0.0,0.4831024155830533,25.033419356360863,0.0,0.0,0.0,0.0,0.0,0.0,epa_udds,RuleBasedEMS
964,0.0,0.0,0.0,0.0,0.4831024155830533,25.033413168037058,0.0,0.0,0.0,0.0,0.0,0.0,epa_udds,RuleBasedEMS
965,0.0,0.0,0.0,0.0,0.4831024155830533,25.03340698083001,0.0,0.0,0.0,0.0,0.0,0.0,epa_udds,RuleBasedEMS
966,0.0,0.0,0.0,0.0,0.4831024155830533,25.03340079474142,0.0,0.0,0.0,0.0,0.0,0.0,epa_udds,RuleBasedEMS
967,0.0,0.0,0.0,0.0,0.4831024155830533,25.033394609772884,0.0,0.0,0.0,0.0,0.0,0.0,epa_udds,RuleBasedEMS
968,0.0,0.0,0.0,0.0,0.4831024155830533,25.03338842592586,0.0,0.0,0.0,0.0,0.0,0.0,epa_udds,RuleBasedEMS
969,0.0,0.0,0.0,0.0,0.4831024155830533,25.033382243201707,0.0,0.0,0.0,0.0,0.0,0.0,epa_udds,RuleBasedEMS
970,0.0,0.0,0.0,0.0,0.4831024155830533,25.033376061601675,0.0,0.0,0.0,0.0,0.0,0.0,epa_udds,RuleBasedEMS
971,0.0,0.0,0.0,0.0,0.4831024155830533,25.033369881126923,0.0,0.0,0.0,0.0,0.0,0.0,epa_udds,RuleBasedEMS
972,0.0,0.0,0.0,0.0,0.4831024155830533,25.03336370177852,0.0,0.0,0.0,0.0,0.0,0.0,epa_udds,RuleBasedEMS
973,0.0,0.0,0.0,0.0,0.4831024155830533,25.03335752355745,0.0,0.0,0.0,0.0,0.0,0.0,epa_udds,RuleBasedEMS
974,0.0,0.0,0.0,0.0,0.4831024155830533,25.033351346464613,0.0,0.0,0.0,0.0,0.0,0.0,epa_udds,RuleBasedEMS
975,0.0,0.0,0.0,0.0,0.4831024155830533,25.033345170500844,0.0,0.0,0.0,0.0,0.0,0.0,epa_udds,RuleBasedEMS
976,0.0,0.0,0.0,0.0,0.4831024155830533,25.03333899566691,0.0,0.0,0.0,0.0,0.0,0.0,epa_udds,RuleBasedEMS
977,0.0,0.0,0.0,0.0,0.4831024155830533,25.033332821963505,0.0,0.0,0.0,0.0,0.0,0.0,epa_udds,RuleBasedEMS
978,0.0,0.0,0.0,0.0,0.4831024155830533,25.03332664939127,0.0,0.0,0.0,0.0,0.0,0.0,epa_udds,RuleBasedEMS
979,0.0,0.0,0.0,0.0,0.4831024155830533,25.03332047795079,0.0,0.0,0.0,0.0,0.0,0.0,epa_udds,RuleBasedEMS
980,0.0,0.0,0.0,0.0,0.4831024155830533,25.033314307642602,0.0,0.0,0.0,0.0,0.0,0.0,epa_udds,RuleBasedEMS
981,0.0,0.0,0.0,0.0,0.4831024155830533,25.033308138467184,0.0,0.0,0.0,0.0,0.0,0.0,epa_udds,RuleBasedEMS
982,0.0,0.0,0.0,0.0,0.4831024155830533,25.033301970424976,0.0,0.0,0.0,0.0,0.0,0.0,epa_udds,RuleBasedEMS
983,0.0,0.0,0.0,0.0,0.4831024155830533,25.03329580351637,0.0,0.0,0.0,0.0,0.0,0.0,epa_udds,RuleBasedEMS
984,0.0,0.0,0.0,0.0,0.4831024155830533,25.033289637741724,0.0,0.0,0.0,0.0,0.0,0.0,epa_udds,RuleBasedEMS
985,0.0,0.0,0.0,0.0,0.4831024155830533,25.033283473101356,0.0,0.0,0.0,0.0,0.0,0.0,epa_udds,RuleBasedEMS
986,0.0,0.0,0.0,0.0,0.4831024155830533,25.03327730959555,0.0,0.0,0.0,0.0,0.0,0.0,epa_udds,RuleBasedEMS
987,0.0,0.0,0.0,0.0,0.4831024155830533,25.033271147224557,0.0,0.0,0.0,0.0,0.0,0.0,epa_udds,RuleBasedEMS
988,0.0,0.0,0.0,0.0,0.4831024155830533,25.0332649859886,0.0,0.0,0.0,0.0,0.0,0.0,epa_udds,RuleBasedEMS
989,0.0,0.0,0.0,0.0,0.4831024155830533,25.033258825887867,0.0,0.0,0.0,0.0,0.0,0.0,epa_udds,RuleBasedEMS
990,0.0,0.0,0.0,0.0,0.4831024155830533,25.03325266692253,0.0,0.0,0.0,0.0,0.0,0.0,epa_udds,RuleBasedEMS
991,0.0,0.0,0.0,0.0,0.4831024155830533,25.033246509092724,0.0,0.0,0.0,0.0,0.0,0.0,epa_udds,RuleBasedEMS
992,0.0,0.0,0.0,0.0,0.4831024155830533,25.033240352398572,0.0,0.0,0.0,0.0,0.0,0.0,epa_udds,RuleBasedEMS
993,0.0,0.0,0.0,0.0,0.4831024155830533,25.03323419684017,0.0,0.0,0.0,0.0,0.0,0.0,epa_udds,RuleBasedEMS
994,0.0,0.0,0.0,0.0,0.4831024155830533,25.033228042417594,0.0,0.0,0.0,0.0,0.0,0.0,epa_udds,RuleBasedEMS
995,0.0,0.0,0.0,0.0,0.4831024155830533,25.033221889130903,0.0,0.0,0.0,0.0,0.0,0.0,epa_udds,RuleBasedEMS
996,0.0,0.0,0.0,0.0,0.4831024155830533,25.03321573698014,0.0,0.0,0.0,0.0,0.0,0.0,epa_udds,RuleBasedEMS
997,0.0,0.0,0.0,0.0,0.4831024155830533,25.033209585965324,0.0,0.0,0.0,0.0,0.0,0.0,epa_udds,RuleBasedEMS
998,0.0,0.0,0.0,0.0,0.4831024155830533,25.033203436086463,0.0,0.0,0.0,0.0,0.0,0.0,epa_udds,RuleBasedEMS
999,0.0,0.0,0.0,0.0,0.4831024155830533,25.033197287343555,0.0,0.0,0.0,0.0,0.0,0.0,epa_udds,RuleBasedEMS
1000,0.0,0.0,0.0,0.0,0.4831024155830533,25.03319113973658,0.0,0.0,0.0,0.0,0.0,0.0,epa_udds,RuleBasedEMS
1001,0.0,0.0,0.0,0.0,0.4831024155830533,25.033184993265504,0.0,0.0,0.0,0.0,0.0,0.0,epa_udds,RuleBasedEMS
1002,0.2235,-111.81614183095442,0.0,0.0,0.48310171165923244,25.033178859770025,-0.00021018071772735793,0.0,0.0010509035886367897,0.0,0.0,0.0,epa_udds,RuleBasedEMS
1003,0.447,-223.67153464763538,0.0,0.0,0.48310030356390016,25.033172762924128,-0.0004204352155030741,0.0,0.0021021760775153703,0.0,0.0,0.0,epa_udds,RuleBasedEMS
1004,0.6706,-335.75985069860906,0.0,0.0,0.4830981898293306,25.033166726576937,-0.0006311275389071599,0.0,0.0031556376945357993,0.0,0.0,0.0,epa_udds,RuleBasedEMS
1005,0.8941,-447.707244359164,0.0,0.0,0.4830953713405288,25.03316077446102,-0.0008415549705999323,0.0,0.004207774852999661,0.0,0.0,0.0,epa_udds,RuleBasedEMS
1006,1.1176,-559.9159750801427,0.0,0.0,0.4830918464493879,25.033154930720308,-0.0010524736373686895,0.0,0.005262368186843447,0.0,0.0,0.0,epa_udds,RuleBasedEMS
1007,1.3411,-672.3209782917169,0.0,0.0,0.4830876139166907,25.033149219676933,-0.0012637612373904454,0.0,0.006318806186952226,0.0,0.0,0.0,epa_udds,RuleBasedEMS
1008,1.5646,-784.961504979612,0.0,0.0,0.4830826722554265,25.033143665948824,-0.0014754915507135564,0.0,0.0073774577535677816,0.0,0.0,0.0,epa_udds,RuleBasedEMS
1009,1.7882,-898.2055593177565,0.0,0.0,0.48307701766116634,25.03313829505829,-0.0016883563145070613,0.0,0.008441781572535306,0.0,0.0,0.0,epa_udds,RuleBasedEMS
1010,2.0117,-1011.1568707594953,0.0,0.0,0.48307065197123067,25.033133131341145,-0.0019006708096982996,0.0,0.009503354048491498,0.0,0.0,0.0,epa_udds,RuleBasedEMS
1011,2.2352,-1124.7396406411433,0.0,0.0,0.4830635712040646,25.033128201065896,-0.0021141722568442547,0.0,0.010570861284221272,0.0,0.0,0.0,epa_udds,RuleBasedEMS
1012,2.3328,-717.5948978678551,0.0,0.0,0.48305905358971996,25.033122565071753,-0.0013488625899771714,0.0,0.006744312949885856,0.0,0.0,0.0,epa_udds,RuleBasedEMS
1013,2.6822,-1878.4160352226218,0.0,0.0,0.4830472280100449,25.03311978627961,-0.0035308572090650783,0.0,0.01765428604532539,0.0,0.0,0.0,epa_udds,RuleBasedEMS
1014,3.0317,-2127.1993681495696,0.0,0.0,0.4830338361341424,25.03311796056548,-0.003998495052912725,0.0,0.019992475264563624,0.0,0.0,0.0,epa_udds,RuleBasedEMS
1015,3.371,-2316.074608495172,0.0,0.0,0.48301925508964666,25.033116942394454,-0.004353523700178895,0.0,0.021767618500894474,0.0,0.0,0.0,epa_udds,RuleBasedEMS
1016,3.6907,-2428.0842399362696,0.0,0.0,0.48300396877096174,25.03311644394567,-0.004564068120180958,0.0,0.02282034060090479,0.0,0.0,0.0,epa_udds,RuleBasedEMS
1017,3.983,-2455.856865002465,0.0,0.0,0.4829885074940506,25.03311609390973,-0.004616272302636212,0.0,0.023081361513181062,0.0,0.0,0.0,epa_udds,RuleBasedEMS
1018,4.2423,-2403.2676662495096,0.0,0.0,0.4829733771937472,25.03311552454117,-0.004517420425281033,0.0,0.022587102126405165,0.0,0.0,0.0,epa_udds,RuleBasedEMS
1019,4.4658,-2286.2781457185424,0.0,0.0,0.48295898332970494,25.033114459785818,-0.00429751531150102,0.0,0.0214875765575051,0.0,0.0,0.0,epa_udds,RuleBasedEMS
1020,4.6535,-2127.890783720251,0.0,0.0,0.4829455865526718,25.033112757237546,-0.0039997947062410735,0.0,0.019998973531205368,0.0,0.0,0.0,epa_udds,RuleBasedEMS
1021,4.8083,-1956.7242675670836,0.0,0.0,0.4829332673393717,25.033110415793864,-0.0036780531345245934,0.0,0.018390265672622967,0.0,0.0,0.0,epa_udds,RuleBasedEMS
1022,4.9356,-1800.9819491153642,0.0,0.0,0.48292192860124306,25.033107541407006,-0.003385304415630384,0.0,0.01692652207815192,0.0,0.0,0.0,epa_udds,RuleBasedEMS
1023,5.0434,-1690.51367147911,0.0,0.0,0.48291128531404426,25.033104320860314,-0.003177657277216372,0.0,0.01588828638608186,0.0,0.0,0.0,epa_udds,RuleBasedEMS
1024,5.141,-1644.6523296211906,0.0,0.0,0.48290093072870577,25.033100972827995,-0.003091451747408253,0.0,0.015457258737041265,0.0,0.0,0.0,epa_udds,RuleBasedEMS
1025,5.2385,-1678.13496346847,0.0,0.0,0.4828903653055654,25.033097746766288,-0.0031543890290760715,0.0,0.015771945145380356,0.0,0.0,0.0,epa_udds,RuleBasedEMS
1026,5.3463,-1801.9024700285036,0.0,0.0,0.48287902061371757,25.033094945887367,-0.003387034718098691,0.0,0.016935173590493454,0.0,0.0,0.0,epa_udds,RuleBasedEMS
1027,5.4737,-2016.1492953430713,0.0,0.0,0.48286632698843174,25.033092939457376,-0.0037897543145546456,0.0,0.018948771572773228,0.0,0.0,0.0,epa_udds,RuleBasedEMS
1028,5.6284,-2317.814248721214,0.0,0.0,0.4828517340262546,25.03309219547567,-0.004356793700603786,0.0,0.02178396850301893,0.0,0.0,0.0,epa_udds,RuleBasedEMS
1029,5.8161,-2700.9910330644475,0.0,0.0,0.48283472849443276,25.033093303794185,-0.005077050814030917,0.0,0.025385254070154583,0.0,0.0,0.0,epa_udds,RuleBasedEMS
1030,6.0396,-3150.500162763071,0.0,0.0,0.48281489271156824,25.03309694346392,-0.005921992787148629,0.0,0.029609963935743146,0.0,0.0,0.0,epa_udds,RuleBasedEMS
1031,6.299,-3649.3912532791687,0.0,0.0,0.48279191569539764,25.033103848213344,-0.006859757994885656,0.0,0.03429878997442828,0.0,0.0,0.0,epa_udds,RuleBasedEMS
1032,6.5913,-4170.618622696466,0.0,0.0,0.48276565672445315,25.03311468026427,-0.007839508689279072,0.0,0.03919754344639536,0.0,0.0,0.0,epa_udds,RuleBasedEMS
1033,6.911,-4684.950360159878,0.0,0.0,0.48273615910886913,25.033129910477474,-0.008806297669473455,0.0,0.044031488347367274,0.0,0.0,0.0,epa_udds,RuleBasedEMS
1034,7.2502,-5155.222654276638,0.0,0.0,0.48270370014292197,25.03314962759557,-0.00969026814713654,0.0,0.04845134073568269,0.0,0.0,0.0,epa_udds,RuleBasedEMS
1035,7.5997,-5548.60897274437,0.0,0.0,0.4826687638142638,25.033173457747,-0.010429716114181148,0.0,0.05214858057090573,0.0,0.0,0.0,epa_udds,RuleBasedEMS
1036,7.9491,-5827.777403689389,0.0,0.0,0.48263206919249835,25.03320044138243,-0.010954468803927423,0.0,0.05477234401963711,0.0,0.0,0.0,epa_udds,RuleBasedEMS
1037,8.2884,-5973.067919804721,0.0,0.0,0.482594459180806,25.033229212307976,-0.011227571277828424,0.0,0.056137856389142114,0.0,0.0,0.0,epa_udds,RuleBasedEMS
1038,8.6081,-5968.256242131077,0.0,0.0,0.4825568788964706,25.033258105321224,-0.011218526770923077,0.0,0.05609263385461538,0.0,0.0,0.0,epa_udds,RuleBasedEMS
1039,8.9004,-5818.252185973072,0.0,0.0,0.48252024260286197,25.033285506388157,-0.010936564259347881,0.0,0.0546828212967394,0.0,0.0,0.0,epa_udds,RuleBasedEMS
1040,9.1598,-5544.190156573668,0.0,0.0,0.48248533153879003,25.033310138507677,-0.010421410068747496,0.0,0.05210705034373748,0.0,0.0,0.0,epa_udds,RuleBasedEMS
1041,9.3833,-5178.250493878414,0.0,0.0,0.48245272434543157,25.033331224245995,-0.009733553559921832,0.0,0.04866776779960916,0.0,0.0,0.0,epa_udds,RuleBasedEMS
1042,9.4592,-3056.23107142915,0.0,0.0,0.48243347919810464,25.033335907942785,-0.005744795247047275,0.0,0.02872397623523637,0.0,0.0,0.0,epa_udds,RuleBasedEMS
1043,9.5022,-2588.362452956264,0.0,0.0,0.4824171801779539,25.033338125378588,-0.004865342956684707,0.0,0.024326714783423534,0.0,0.0,0.0,epa_udds,RuleBasedEMS
1044,9.5178,-2188.5968188086567,0.0,0.0,0.4824033984782041,25.033338542450263,-0.004113903794753114,0.0,0.02056951897376557,0.0,0.0,0.0,epa_udds,RuleBasedEMS
1045,9.5138,-1897.1874555348786,0.0,0.0,0.4823914517971841,25.033337817915765,-0.0035661418337121775,0.0,0.017830709168560888,0.0,0.0,0.0,epa_udds,RuleBasedEMS
1046,9.4996,-1742.1259205372005,0.0,0.0,0.48238048155690877,25.03333652959995,-0.003274672782964663,0.0,0.016373363914823313,0.0,0.0,0.0,epa_udds,RuleBasedEMS
1047,9.4854,-1738.0234132897172,0.0,0.0,0.4823695371663493,25.033335191346072,-0.00326696130317616,0.0,0.0163348065158808,0.0,0.0,0.0,epa_udds,RuleBasedEMS
1048,9.4814,-1887.3072050917208,0.0,0.0,0.4823576527476303,25.033334330777055,-0.0035475699343829343,0.0,0.01773784967191467,0.0,0.0,0.0,epa_udds,RuleBasedEMS
1049,9.497,-2181.6129650012294,0.0,0.0,0.48234391508982744,25.0333345792216,-0.004100776250002311,0.0,0.020503881250011555,0.0,0.0,0.0,epa_udds,RuleBasedEMS
1050,9.54,-2602.682711992989,0.0,0.0,0.48232752594385836,25.033336727535822,-0.004892260736828927,0.0,0.024461303684144634,0.0,0.0,0.0,epa_udds,RuleBasedEMS
1051,9.6159,-3123.7021922598115,0.0,0.0,0.482307855893591,25.03334171670686,-0.005871620662142503,0.0,0.029358103310712515,0.0,0.0,0.0,epa_udds,RuleBasedEMS
1052,9.7277,-3715.585118634307,0.0,0.0,0.4822844586557856,25.03335058302196,-0.006984182553823885,0.0,0.034920912769119426,0.0,0.0,0.0,epa_udds,RuleBasedEMS
1053,9.8753,-4338.649506998312,0.0,0.0,0.4822571377981481,25.03336427728892,-0.008155356216162242,0.0,0.0407767810808112,0.0,0.0,0.0,epa_udds,RuleBasedEMS
1054,10.0558,-4953.782369315318,0.0,0.0,0.48222594316007883,25.033383494534778,-0.009311620994953605,0.0,0.046558104974768026,0.0,0.0,0.0,epa_udds,RuleBasedEMS
1055,10.2638,-5520.730536890113,0.0,0.0,0.4821911780436627,25.0334084803119,-0.01037731303926713,0.0,0.05188656519633565,0.0,0.0,0.0,epa_udds,RuleBasedEMS
1056,10.4913,-5990.362182548401,0.0,0.0,0.4821534551435303,25.03343876389002,-0.011260079290504514,0.0,0.056300396452522564,0.0,0.0,0.0,epa_udds,RuleBasedEMS
1057,10.729,-6328.029257131646,0.0,0.0,0.48211360536592723,25.03347319414593,-0.01189479183671362,0.0,0.0594739591835681,0.0,0.0,0.0,epa_udds,RuleBasedEMS
1058,10.9667,-6501.365627593258,0.0,0.0,0.4820726634836977,25.033509960113648,-0.012220612081942216,0.0,0.06110306040971107,0.0,0.0,0.0,epa_udds,RuleBasedEMS
1059,11.1942,-6491.688906058072,0.0,0.0,0.48203178198537516,25.033546848680885,-0.012202422755748255,0.0,0.06101211377874127,0.0,0.0,0.0,epa_udds,RuleBasedEMS
1060,11.4021,-6296.002493594342,0.0,0.0,0.48199213230330523,25.033581608239203,-0.011834591153372825,0.0,0.05917295576686412,0.0,0.0,0.0,epa_udds,RuleBasedEMS
1061,11.5826,-5930.151848069812,0.0,0.0,0.48195478614865234,25.033612357499656,-0.011146901970056038,0.0,0.05573450985028019,0.0,0.0,0.0,epa_udds,RuleBasedEMS
1062,11.7302,-5429.046890680755,0.0,0.0,0.4819205954297532,25.03363791279644,-0.010204975358422472,0.0,0.05102487679211236,0.0,0.0,0.0,epa_udds,RuleBasedEMS
1063,11.842,-4839.609697673303,0.0,0.0,0.4818901165738494,25.033657891976898,-0.009097010709912225,0.0,0.04548505354956112,0.0,0.0,0.0,epa_udds,RuleBasedEMS
1064,11.9179,-4217.67382658328,0.0,0.0,0.48186355437589556,25.033672644074997,-0.007927958320645264,0.0,0.03963979160322632,0.0,0.0,0.0,epa_udds,RuleBasedEMS
1065,11.9609,-3627.955326167155,0.0,0.0,0.48184070603661866,25.033683071065365,-0.006819464898810442,0.0,0.03409732449405221,0.0,0.0,0.0,epa_udds,RuleBasedEMS
1066,11.9765,-3124.842626166448,0.0,0.0,0.4818210261939626,25.033690289332085,-0.005873764334899338,0.0,0.02936882167449669,0.0,0.0,0.0,epa_udds,RuleBasedEMS
1067,11.9725,-2758.0986999739757,0.0,0.0,0.4818036560558959,25.033695433525924,-0.005184396052582661,0.0,0.025921980262913306,0.0,0.0,0.0,epa_udds,RuleBasedEMS
1068,11.9583,-2562.70797072625,0.0,0.0,0.4817875164828,25.033699535149218,-0.004817120245726034,0.0,0.02408560122863017,0.0,0.0,0.0,epa_udds,RuleBasedEMS
1069,11.9441,-2557.289385573416,0.0,0.0,0.48177141106511373,25.03370354013058,-0.004806934935288377,0.0,0.02403467467644188,0.0,0.0,0.0,epa_udds,RuleBasedEMS
1070,11.9402,-2747.111202936907,0.0,0.0,0.4817541102095254,25.033708431474302,-0.00516374286266336,0.0,0.025818714313316796,0.0,0.0,0.0,epa_udds,RuleBasedEMS
1071,11.9557,-3114.0685417141794,0.0,0.0,0.48173449833714294,25.033715310677916,-0.005853512296455225,0.0,0.029267561482276123,0.0,0.0,0.0,epa_udds,RuleBasedEMS
1072,11.9987,-3645.788292559515,0.0,0.0,0.48171153777741615,25.033725575906164,-0.006852985512329915,0.0,0.034264927561649575,0.0,0.0,0.0,epa_udds,RuleBasedEMS
1073,12.0746,-4299.729167267978,0.0,0.0,0.48168445874920357,25.03374078647651,-0.008082197682834543,0.0,0.04041098841417272,0.0,0.0,0.0,epa_udds,RuleBasedEMS
1074,12.1864,-5039.451904539202,0.0,0.0,0.48165272092117173,25.033762615244367,-0.009472653955900755,0.0,0.047363269779503774,0.0,0.0,0.0,epa_udds,RuleBasedEMS
1075,12.334,-5813.512606676035,0.0,0.0,0.4816161079042429,25.03379253290041,-0.010927655275706834,0.0,0.05463827637853416,0.0,0.0,0.0,epa_udds,RuleBasedEMS
1076,12.5145,-6571.943377040147,0.0,0.0,0.4815747179633324,25.033831539958644,-0.012353277024511555,0.0,0.061766385122557776,0.0,0.0,0.0,epa_udds,RuleBasedEMS
1077,12.7225,-7264.54682529778,0.0,0.0,0.48152896548163965,25.03387987651216,-0.013655163205446956,0.0,0.06827581602723477,0.0,0.0,0.0,epa_udds,RuleBasedEMS
1078,12.95,-7831.5845833871335,0.0,0.0,0.48147964108114233,25.033936630320017,-0.014721023652983334,0.0,0.07360511826491667,0.0,0.0,0.0,epa_udds,RuleBasedEMS
1079,13.1877,-8232.58989211321,0.0,0.0,0.48142779028957894,25.033999843151044,-0.01547479303028799,0.0,0.07737396515143995,0.0,0.0,0.0,epa_udds,RuleBasedEMS
1080,13.4254,-8430.741530395871,0.0,0.0,0.4813746906171217,25.034066575787705,-0.015847258515781712,0.0,0.07923629257890856,0.0,0.0,0.0,epa_udds,RuleBasedEMS
1081,13.6529,-8406.26126907904,0.0,0.0,0.4813217442445145,25.034133327134434,-0.015801242986990673,0.0,0.07900621493495337,0.0,0.0,0.0,epa_udds,RuleBasedEMS
1082,13.4138,1100.0566093412804,0.0,0.0,0.4813286730024093,25.034134647763654,0.059535394541643125,0.0,0.01033887790734286,0.04400226437365121,0.0,0.0,epa_udds,RuleBasedEMS
1083,13.1473,1520.9280698385594,0.0,0.0,0.4813382524724405,25.03413648178379,0.08231308456163872,0.0,0.014294436746603002,0.06083712279354238,0.0,0.0,epa_udds,RuleBasedEMS
1084,12.8478,2003.335870899229,0.0,0.0,0.48135087012722727,25.034139395586163,0.1084211398400951,0.0,0.018828344651308542,0.08013343483596916,0.0,0.0,epa_udds,RuleBasedEMS
1085,12.5126,2496.2477485714267,0.0,0.0,0.4813665919955059,25.034143878747738,0.13509767890388819,0.0,0.02346097508055852,0.09984990994285707,0.0,0.0,epa_udds,RuleBasedEMS
1086,12.1414,2958.6124527191587,0.0,0.0,0.48138522554822816,25.034150222311204,0.16012099574941732,0.0,0.02780650801427781,0.11834449810876635,0.0,0.0,epa_udds,RuleBasedEMS
1087,11.7374,3339.1220622675482,0.0,0.0,0.48140625512749485,25.03415831706059,0.18071429025715646,0.0,0.03138272614913109,0.13356488249070192,0.0,0.0,epa_udds,RuleBasedEMS
1088,11.3059,3612.0156748546874,0.0,0.0,0.4814290028718298,25.034167710058323,0.19548337464363935,0.0,0.033947515741115486,0.14448062699418748,0.0,0.0,epa_udds,RuleBasedEMS
1089,10.8549,3750.771587087089,0.0,0.0,0.48145262394599453,25.034177602422414,0.20299288634475834,0.0,0.03525161266059294,0.15003086348348355,0.0,0.0,epa_udds,RuleBasedEMS
1090,10.3937,3753.1198087706507,0.0,0.0,0.4814762592864793,25.034187082735826,0.20311997280850486,0.0,0.035273682413258,0.15012479235082604,0.0,0.0,epa_udds,RuleBasedEMS
1091,9.9325,3625.865375161594,0.0,0.0,0.481499092751233,25.034195291049098,0.19623292458957256,0.0,0.0340776820973834,0.14503461500646375,0.0,0.0,epa_udds,RuleBasedEMS
1092,9.4814,3388.96882513395,0.0,0.0,0.48152043395465194,25.03420159237818,0.18341201205499377,0.0,0.03185121076253712,0.135558753005358,0.0,0.0,epa_udds,RuleBasedEMS
1093,9.05,3065.61649618875,0.0,0.0,0.48153973856233734,25.034205633659926,0.1659120867636588,0.0,0.02881218511455592,0.12262465984754999,0.0,0.0,epa_udds,RuleBasedEMS
1094,8.6459,2690.457558284854,0.0,0.0,0.4815566804528238,25.03420739375524,0.14560837221454417,0.0,0.0252862552470381,0.10761830233139415,0.0,0.0,epa_udds,RuleBasedEMS
1095,8.2748,2291.062204746317,0.0,0.0,0.4815711071187126,25.03420707628906,0.12399297556213526,0.0,0.021532539518292454,0.09164248818985268,0.0,0.0,epa_udds,RuleBasedEMS
1096,7.9395,1898.0953543165529,0.0,0.0,0.481583059138381,25.034205043659806,0.1027254914313575,0.0,0.017839242051847302,0.07592381417266211,0.0,0.0,epa_udds,RuleBasedEMS
1097,7.6401,1534.3597916819747,0.0,0.0,0.4815927206579661,25.03420170358648,0.08304001338741995,0.0,0.014420674733853146,0.06137439166727899,0.0,0.0,epa_udds,RuleBasedEMS
1098,7.3736,1221.5832090594656,0.0,0.0,0.4816004126167587,25.034197447299775,0.0661124506677446,0.0,0.011481045197927309,0.048863328362378625,0.0,0.0,epa_udds,RuleBasedEMS
1099,7.1345,973.4692713411202,0.0,0.0,0.4816065422207296,25.034192595051245,0.05268444973769461,0.0,0.009149147287040605,0.03893877085364481,0.0,0.0,epa_udds,RuleBasedEMS
1100,6.9149,801.4851373781406,0.0,0.0,0.4816115888617084,25.03418738839096,0.04337661668306658,0.0,0.007532755050546435,0.03205940549512563,0.0,0.0,epa_udds,RuleBasedEMS
1101,6.7056,707.9349091361797,0.0,0.0,0.4816160464237398,25.034181993378468,0.03831365019520467,0.0,0.006653523582106953,0.028317396365447188,0.0,0.0,epa_udds,RuleBasedEMS
1102,6.4963,693.4113892084738,0.0,0.0,0.48162041251089965,25.034176531753012,0.03752763292874131,0.0,0.006517024334666107,0.027736455568338952,0.0,0.0,epa_udds,RuleBasedEMS
1103,6.2767,749.8071461588237,0.0,0.0,0.4816251336682559,25.0341711044095,0.04057978825602416,0.0,0.0070470596443498465,0.029992285846352947,0.0,0.0,epa_udds,RuleBasedEMS
1104,6.0376,860.6055825397171,0.0,0.0,0.48163055243585007,25.034165805790998,0.04657623295579612,0.0,0.0080883983321402,0.03442422330158869,0.0,0.0,epa_udds,RuleBasedEMS
1105,5.7711,1007.384185433327,0.0,0.0,0.48163689535058773,25.034160727933415,0.05451993508833901,0.0,0.009467896479636532,0.04029536741733308,0.0,0.0,epa_udds,RuleBasedEMS
1106,5.4717,1164.513589314008,0.0,0.0,0.48164422757157654,25.03415593524748,0.06302382568332504,0.0,0.010944676591297067,0.04658054357256032,0.0,0.0,epa_udds,RuleBasedEMS
1107,5.1364,1307.385575564152,0.0,0.0,0.4816524593138305,25.0341514400942,0.07075610054820124,0.0,0.012287458416956316,0.05229542302256608,0.0,0.0,epa_udds,RuleBasedEMS
1108,4.7653,1411.3850596175032,0.0,0.0,0.4816613458099463,25.03414717758409,0.07638458390320892,0.0,0.013264897176856234,0.05645540238470013,0.0,0.0,epa_udds,RuleBasedEMS
1109,4.3612,1459.6745579685285,0.0,0.0,0.48167053628541934,25.034143014017314,0.0789980260771238,0.0,0.013718745845568876,0.05838698231874114,0.0,0.0,epa_udds,RuleBasedEMS
1110,3.9298,1441.3744582066267,0.0,0.0,0.4816796114746533,25.034138771534675,0.07800761917422029,0.0,0.013546752426754011,0.05765497832826507,0.0,0.0,epa_udds,RuleBasedEMS
1111,3.4787,1357.578537495348,0.0,0.0,0.4816881590094946,25.03413428271113,0.07347255874354522,0.0,0.012759196780971316,0.05430314149981392,0.0,0.0,epa_udds,RuleBasedEMS
1112,3.0175,1215.54122187962,0.0,0.0,0.48169581220616875,25.03412942823011,0.06578545650443236,0.0,0.011424259604131766,0.0486216488751848,0.0,0.0,epa_udds,RuleBasedEMS
1113,2.5563,1032.5281399771281,0.0,0.0,0.48170231309358125,25.03412416912563,0.05588073347034111,0.0,0.009704211841890301,0.04130112559908512,0.0,0.0,epa_udds,RuleBasedEMS
1114,2.1053,828.178833881672,0.0,0.0,0.4817075273548939,25.034118538985773,0.0448212875660171,0.0,0.0077836356567826314,0.03312715335526688,0.0,0.0,epa_udds,RuleBasedEMS
1115,2.0117,-18.852317426161594,0.0,0.0,0.4817074086600923,25.034112251995314,-3.54366868912812e-05,0.0,0.00017718343445640596,0.0,0.0,0.0,epa_udds,RuleBasedEMS
1116,1.6764,443.3715149552526,0.0,0.0,0.4817102001390985,25.034106150123055,0.0239953997341948,0.0,0.0041670255164967356,0.017734860598210105,0.0,0.0,epa_udds,RuleBasedEMS
1117,1.3411,355.2643772299638,0.0,0.0,0.4817124368877171,25.034099978034003,0.019227014942114883,0.0,0.0033389509138154493,0.014210575089198553,0.0,0.0,epa_udds,RuleBasedEMS
1118,1.0058,266.7755776545454,0.0,0.0,0.48171411650636514,25.034093751300222,0.014437974495920432,0.0,0.002507289263670539,0.010671023106181815,0.0,0.0,epa_udds,RuleBasedEMS
1119,0.6706,177.9519410970015,0.0,0.0,0.4817152368896315,25.034087485518754,0.009630812571550502,0.0,0.001672480649407909,0.00711807764388006,0.0,0.0,epa_udds,RuleBasedEMS
1120,0.3353,89.06123543712516,0.0,0.0,0.481715797617346,25.03408119635197,0.00482002084719118,0.0,0.0008370416864391463,0.0035624494174850067,0.0,0.0,epa_udds,RuleBasedEMS
1121,0.0,0.0,0.0,0.0,0.481715797617346,25.034074899377323,0.0,0.0,0.0,0.0,0.0,0.0,epa_udds,RuleBasedEMS
1122,0.0,0.0,0.0,0.0,0.481715797617346,25.034068602627535,0.0,0.0,0.0,0.0,0.0,0.0,epa_udds,RuleBasedEMS
1123,0.0,0.0,0.0,0.0,0.481715797617346,25.034062306164266,0.0,0.0,0.0,0.0,0.0,0.0,epa_udds,RuleBasedEMS
1124,0.0,0.0,0.0,0.0,0.481715797617346,25.034056010045127,0.0,0.0,0.0,0.0,0.0,0.0,epa_udds,RuleBasedEMS
1125,0.0,0.0,0.0,0.0,0.481715797617346,25.03404971432393,0.0,0.0,0.0,0.0,0.0,0.0,epa_udds,RuleBasedEMS
1126,0.0,0.0,0.0,0.0,0.481715797617346,25.03404341905095,0.0,0.0,0.0,0.0,0.0,0.0,epa_udds,RuleBasedEMS
1127,0.0,0.0,0.0,0.0,0.481715797617346,25.034037124273148,0.0,0.0,0.0,0.0,0.0,0.0,epa_udds,RuleBasedEMS
1128,0.0,0.0,0.0,0.0,0.481715797617346,25.034030830034396,0.0,0.0,0.0,0.0,0.0,0.0,epa_udds,RuleBasedEMS
1129,0.0,0.0,0.0,0.0,0.481715797617346,25.034024536375675,0.0,0.0,0.0,0.0,0.0,0.0,epa_udds,RuleBasedEMS
1130,0.0,0.0,0.0,0.0,0.481715797617346,25.034018243335264,0.0,0.0,0.0,0.0,0.0,0.0,epa_udds,RuleBasedEMS
1131,0.0,0.0,0.0,0.0,0.481715797617346,25.03401195094892,0.0,0.0,0.0,0.0,0.0,0.0,epa_udds,RuleBasedEMS
1132,0.0,0.0,0.0,0.0,0.481715797617346,25.03400565925004,0.0,0.0,0.0,0.0,0.0,0.0,epa_udds,RuleBasedEMS
1133,0.0,0.0,0.0,0.0,0.481715797617346,25.03399936826982,0.0,0.0,0.0,0.0,0.0,0.0,epa_udds,RuleBasedEMS
1134,0.0,0.0,0.0,0.0,0.481715797617346,25.033993078037398,0.0,0.0,0.0,0.0,0.0,0.0,epa_udds,RuleBasedEMS
1135,0.0,0.0,0.0,0.0,0.481715797617346,25.03398678857998,0.0,0.0,0.0,0.0,0.0,0.0,epa_udds,RuleBasedEMS
1136,0.0,0.0,0.0,0.0,0.481715797617346,25.033980499922983,0.0,0.0,0.0,0.0,0.0,0.0,epa_udds,RuleBasedEMS
1137,0.0,0.0,0.0,0.0,0.481715797617346,25.03397421209014,0.0,0.0,0.0,0.0,0.0,0.0,epa_udds,RuleBasedEMS
1138,0.0,0.0,0.0,0.0,0.481715797617346,25.03396792510361,0.0,0.0,0.0,0.0,0.0,0.0,epa_udds,RuleBasedEMS
1139,0.0,0.0,0.0,0.0,0.481715797617346,25.033961638984096,0.0,0.0,0.0,0.0,0.0,0.0,epa_udds,RuleBasedEMS
1140,0.0,0.0,0.0,0.0,0.481715797617346,25.03395535375092,0.0,0.0,0.0,0.0,0.0,0.0,epa_udds,RuleBasedEMS
1141,0.0,0.0,0.0,0.0,0.481715797617346,25.033949069422125,0.0,0.0,0.0,0.0,0.0,0.0,epa_udds,RuleBasedEMS
1142,0.0,0.0,0.0,0.0,0.481715797617346,25.03394278601456,0.0,0.0,0.0,0.0,0.0,0.0,epa_udds,RuleBasedEMS
1143,0.0,0.0,0.0,0.0,0.481715797617346,25.033936503543956,0.0,0.0,0.0,0.0,0.0,0.0,epa_udds,RuleBasedEMS
1144,0.0,0.0,0.0,0.0,0.481715797617346,25.033930222024992,0.0,0.0,0.0,0.0,0.0,0.0,epa_udds,RuleBasedEMS
1145,0.0,0.0,0.0,0.0,0.481715797617346,25.03392394147138,0.0,0.0,0.0,0.0,0.0,0.0,epa_udds,RuleBasedEMS
1146,0.0,0.0,0.0,0.0,0.481715797617346,25.03391766189591,0.0,0.0,0.0,0.0,0.0,0.0,epa_udds,RuleBasedEMS
1147,0.0,0.0,0.0,0.0,0.481715797617346,25.033911383310524,0.0,0.0,0.0,0.0,0.0,0.0,epa_udds,RuleBasedEMS
1148,0.0,0.0,0.0,0.0,0.481715797617346,25.033905105726372,0.0,0.0,0.0,0.0,0.0,0.0,epa_udds,RuleBasedEMS
1149,0.0,0.0,0.0,0.0,0.481715797617346,25.03389882915385,0.0,0.0,0.0,0.0,0.0,0.0,epa_udds,RuleBasedEMS
1150,0.0,0.0,0.0,0.0,0.481715797617346,25.03389255360266,0.0,0.0,0.0,0.0,0.0,0.0,epa_udds,RuleBasedEMS
1151,0.0,0.0,0.0,0.0,0.481715797617346,25.03388627908186,0.0,0.0,0.0,0.0,0.0,0.0,epa_udds,RuleBasedEMS
1152,0.0,0.0,0.0,0.0,0.481715797617346,25.03388000559989,0.0,0.0,0.0,0.0,0.0,0.0,epa_udds,RuleBasedEMS
1153,0.0,0.0,0.0,0.0,0.481715797617346,25.033873733164636,0.0,0.0,0.0,0.0,0.0,0.0,epa_udds,RuleBasedEMS
1154,0.0,0.0,0.0,0.0,0.481715797617346,25.03386746178344,0.0,0.0,0.0,0.0,0.0,0.0,epa_udds,RuleBasedEMS
1155,0.0,0.0,0.0,0.0,0.481715797617346,25.03386119146316,0.0,0.0,0.0,0.0,0.0,0.0,epa_udds,RuleBasedEMS
1156,0.0,0.0,0.0,0.0,0.481715797617346,25.03385492221018,0.0,0.0,0.0,0.0,0.0,0.0,epa_udds,RuleBasedEMS
1157,0.0,0.0,0.0,0.0,0.481715797617346,25.033848654030454,0.0,0.0,0.0,0.0,0.0,0.0,epa_udds,RuleBasedEMS
1158,0.0,0.0,0.0,0.0,0.481715797617346,25.03384238692954,0.0,0.0,0.0,0.0,0.0,0.0,epa_udds,RuleBasedEMS
1159,0.0,0.0,0.0,0.0,0.481715797617346,25.033836120912607,0.0,0.0,0.0,0.0,0.0,0.0,epa_udds,RuleBasedEMS
1160,0.0,0.0,0.0,0.0,0.481715797617346,25.03382985598448,0.0,0.0,0.0,0.0,0.0,0.0,epa_udds,RuleBasedEMS
1161,0.0,0.0,0.0,0.0,0.481715797617346,25.03382359214964,0.0,0.0,0.0,0.0,0.0,0.0,epa_udds,RuleBasedEMS
1162,0.3129,-200.06535078413893,0.0,0.0,0.4817145380292835,25.03381736732177,-0.0003760626894438702,0.0,0.0018803134472193507,0.0,0.0,0.0,epa_udds,RuleBasedEMS
1163,0.6259,-400.3997706825606,0.0,0.0,0.4817120171577756,25.033811257763457,-0.0007526311478995499,0.0,0.0037631557394977497,0.0,0.0,0.0,epa_udds,RuleBasedEMS
1164,0.9388,-600.6909594180937,0.0,0.0,0.48170823527106815,25.033805339734712,-0.0011291183447708528,0.0,0.005645591723854264,0.0,0.0,0.0,epa_udds,RuleBasedEMS
1165,1.2517,-801.4026589117963,0.0,0.0,0.48170318971525816,25.03379969028077,-0.0015063959753981134,0.0,0.007531979876990566,0.0,0.0,0.0,epa_udds,RuleBasedEMS
1166,1.5646,-1002.5452116462787,0.0,0.0,0.4816968777689223,25.033794387152792,-0.0018844834805381181,0.0,0.00942241740269059,0.0,0.0,0.0,epa_udds,RuleBasedEMS
1167,1.8776,-1204.5829464558608,0.0,0.0,0.4816892937849215,25.033789509927836,-0.002264253658751618,0.0,0.01132126829375809,0.0,0.0,0.0,epa_udds,RuleBasedEMS
1168,2.1905,-1406.6184724311956,0.0,0.0,0.481680437763757,25.033785137154673,-0.0026440196850210443,0.0,0.013220098425105221,0.0,0.0,0.0,epa_udds,RuleBasedEMS
1169,2.7451,-2799.251609068337,0.0,0.0,0.48166281369597913,25.033786318462155,-0.005261751144865295,0.0,0.026308755724326477,0.0,0.0,0.0,epa_udds,RuleBasedEMS
1170,3.1542,-2506.981703371724,0.0,0.0,0.48164702961431693,25.033786046256864,-0.004712371622879181,0.0,0.023561858114395904,0.0,0.0,0.0,epa_udds,RuleBasedEMS
1171,3.5359,-2664.9425985040393,0.0,0.0,0.48163025087247874,25.03378656531636,-0.005009290598691804,0.0,0.025046452993459017,0.0,0.0,0.0,epa_udds,RuleBasedEMS
1172,3.8847,-2734.9080980985436,0.0,0.0,0.48161303148150486,25.033787464199246,-0.005140804695673955,0.0,0.02570402347836977,0.0,0.0,0.0,epa_udds,RuleBasedEMS
1173,4.1976,-2727.0037021224143,0.0,0.0,0.48159586171868013,25.033788348073085,-0.0051259468085007795,0.0,0.025629734042503894,0.0,0.0,0.0,epa_udds,RuleBasedEMS
1174,4.4747,-2664.1336992739475,0.0,0.0,0.4815790876665716,25.03378893963804,-0.005007770111417195,0.0,0.025038850557085972,0.0,0.0,0.0,epa_udds,RuleBasedEMS
1175,4.7188,-2573.4385785964732,0.0,0.0,0.48156288453392243,25.03378911165166,-0.004837290561271567,0.0,0.024186452806357832,0.0,0.0,0.0,epa_udds,RuleBasedEMS
1176,4.9356,-2488.1271491153657,0.0,0.0,0.4815472184399216,25.033788905678307,-0.004676930731419861,0.0,0.0233846536570993,0.0,0.0,0.0,epa_udds,RuleBasedEMS
1177,5.1328,-2437.0175125710107,0.0,0.0,0.4815318740519538,25.033788492426094,-0.0045808599860357345,0.0,0.022904299930178673,0.0,0.0,0.0,epa_udds,RuleBasedEMS
1178,5.3198,-2447.489265418238,0.0,0.0,0.48151646363739187,25.033788159054026,-0.004600543731989169,0.0,0.023002718659945846,0.0,0.0,0.0,epa_udds,RuleBasedEMS
1179,5.5068,-2540.0554731761836,0.0,0.0,0.48150047029353515,25.03378829560533,-0.004774540363113127,0.0,0.023872701815565636,0.0,0.0,0.0,epa_udds,RuleBasedEMS
1180,5.7039,-2727.969156161371,0.0,0.0,0.4814832936563209,25.03378940527531,-0.0051277615717319,0.0,0.0256388078586595,0.0,0.0,0.0,epa_udds,RuleBasedEMS
1181,5.9207,-3021.8366547442815,0.0,0.0,0.4814642665609054,25.03379215600526,-0.0056801440878651915,0.0,0.028400720439325955,0.0,0.0,0.0,epa_udds,RuleBasedEMS
1182,6.1648,-3418.876734400459,0.0,0.0,0.48144273933137266,25.03379737769721,-0.006426460027068533,0.0,0.03213230013534266,0.0,0.0,0.0,epa_udds,RuleBasedEMS
1183,6.4419,-3916.421309681882,0.0,0.0,0.4814180790629214,25.033806116848062,-0.0073616941911313575,0.0,0.036808470955656786,0.0,0.0,0.0,epa_udds,RuleBasedEMS
1184,6.7549,-4500.285891396241,0.0,0.0,0.4813897421300302,25.033819587338726,-0.008459184006383912,0.0,0.04229592003191956,0.0,0.0,0.0,epa_udds,RuleBasedEMS
1185,7.1036,-5147.199964722908,0.0,0.0,0.48135733139519404,25.033839066938953,-0.009675187903614489,0.0,0.04837593951807244,0.0,0.0,0.0,epa_udds,RuleBasedEMS
1186,7.4853,-5832.445716067125,0.0,0.0,0.48132060532392007,25.033865796773423,-0.010963243827193846,0.0,0.05481621913596922,0.0,0.0,0.0,epa_udds,RuleBasedEMS
1187,7.8944,-6516.792544716309,0.0,0.0,0.48127956937719196,25.033900686852437,-0.012249610046459228,0.0,0.06124805023229614,0.0,0.0,0.0,epa_udds,RuleBasedEMS
1188,8.3231,-7158.35157386321,0.0,0.0,0.4812344927703051,25.03394407865185,-0.013455548071171448,0.0,0.06727774035585724,0.0,0.0,0.0,epa_udds,RuleBasedEMS
1189,8.762,-7713.354235596499,0.0,0.0,0.4811859203382466,25.033995519391116,-0.014498786157136276,0.0,0.07249393078568138,0.0,0.0,0.0,epa_udds,RuleBasedEMS
1190,9.2009,-8142.23111031945,0.0,0.0,0.4811346461287442,25.034053671998173,-0.015304945696089194,0.0,0.07652472848044596,0.0,0.0,0.0,epa_udds,RuleBasedEMS
1191,9.6295,-8412.768647398278,0.0,0.0,0.481081667116386,25.034116374739135,-0.015813474901124582,0.0,0.07906737450562291,0.0,0.0,0.0,epa_udds,RuleBasedEMS
1192,10.0386,-8513.002276167595,0.0,0.0,0.48102805571456536,25.034181022593156,-0.01600188397775864,0.0,0.08000941988879319,0.0,0.0,0.0,epa_udds,RuleBasedEMS
1193,10.4203,-8440.239443640163,0.0,0.0,0.4809749013953435,25.034244860371068,-0.01586511173616572,0.0,0.07932555868082859,0.0,0.0,0.0,epa_udds,RuleBasedEMS
1194,10.7691,-8218.260169608373,0.0,0.0,0.4809231439683524,25.03430556138829,-0.015447857461669873,0.0,0.07723928730834936,0.0,0.0,0.0,epa_udds,RuleBasedEMS
1195,11.082,-7882.574519961857,0.0,0.0,0.480873499680617,25.034361503028045,-0.014816869398424543,0.0,0.07408434699212271,0.0,0.0,0.0,epa_udds,RuleBasedEMS
1196,11.3591,-7488.488399043334,0.0,0.0,0.480826336507062,25.0344120493474,-0.014076106013239349,0.0,0.07038053006619674,0.0,0.0,0.0,epa_udds,RuleBasedEMS
1197,11.6033,-7093.771294960878,0.0,0.0,0.4807816585927673,25.03445746011322,-0.013334156569475335,0.0,0.06667078284737667,0.0,0.0,0.0,epa_udds,RuleBasedEMS
1198,11.82,-6755.774591157658,0.0,0.0,0.480739108851826,25.03449872399045,-0.012698824419469283,0.0,0.06349412209734641,0.0,0.0,0.0,epa_udds,RuleBasedEMS
1199,12.0172,-6537.06373060073,0.0,0.0,0.48069793610208583,25.034537493981247,-0.012287713779324682,0.0,0.061438568896623406,0.0,0.0,0.0,epa_udds,RuleBasedEMS
1200,12.2042,-6477.53764067961,0.0,0.0,0.4806571378077638,25.034575771329312,-0.01217582263285641,0.0,0.06087911316428205,0.0,0.0,0.0,epa_udds,RuleBasedEMS
1201,12.3912,-6610.184869376024,0.0,0.0,0.48061550359530125,25.03461592855655,-0.012425159528902302,0.0,0.0621257976445115,0.0,0.0,0.0,epa_udds,RuleBasedEMS
1202,12.3425,-2050.185009523025,0.0,0.0,0.4806025903748246,25.034618894564417,-0.003853731220907942,0.0,0.01926865610453971,0.0,0.0,0.0,epa_udds,RuleBasedEMS
1203,12.3134,-2415.59639175043,0.0,0.0,0.48058737566664206,25.034623236102323,-0.004540594721335395,0.0,0.022702973606676974,0.0,0.0,0.0,epa_udds,RuleBasedEMS
1204,12.3116,-2937.756123568951,0.0,0.0,0.48056887218832484,25.034630096453405,-0.005522097976633367,0.0,0.027610489883166833,0.0,0.0,0.0,epa_udds,RuleBasedEMS
1205,12.3429,-3586.3282000825166,0.0,0.0,0.48054628371379077,25.034640888174888,-0.006741218421207739,0.0,0.03370609210603869,0.0,0.0,0.0,epa_udds,RuleBasedEMS
1206,12.4099,-4307.018333359123,0.0,0.0,0.48051915595912825,25.03465705205316,-0.008095899122855495,0.0,0.04047949561427747,0.0,0.0,0.0,epa_udds,RuleBasedEMS
1207,12.5128,-5060.304687815177,0.0,0.0,0.4804872835308715,25.03467994772125,-0.009511850916945822,0.0,0.04755925458472911,0.0,0.0,0.0,epa_udds,RuleBasedEMS
1208,12.6487,-5789.90759321888,0.0,0.0,0.4804508154768458,25.034710455198375,-0.010883284949659549,0.0,0.05441642474829774,0.0,0.0,0.0,epa_udds,RuleBasedEMS
1209,12.8119,-6439.8844865150495,0.0,0.0,0.48041025317871794,25.03474866798086,-0.012105046027283928,0.0,0.06052523013641964,0.0,0.0,0.0,epa_udds,RuleBasedEMS
1210,12.9947,-6963.882929309595,0.0,0.0,0.4803663899748972,25.03479376482043,-0.013090005506221046,0.0,0.06545002753110522,0.0,0.0,0.0,epa_udds,RuleBasedEMS
1211,13.1877,-7315.605152113198,0.0,0.0,0.48032031084856364,25.034843894539357,-0.013751137503972178,0.0,0.06875568751986089,0.0,0.0,0.0,epa_udds,RuleBasedEMS
1212,13.3807,-7462.871838665068,0.0,0.0,0.480273303533015,25.03489638995885,-0.014027954583956895,0.0,0.07013977291978447,0.0,0.0,0.0,epa_udds,RuleBasedEMS
1213,13.5635,-7388.763420411623,0.0,0.0,0.4802267624170138,25.034948156111646,-0.01388865304588651,0.0,0.06944326522943255,0.0,0.0,0.0,epa_udds,RuleBasedEMS
1214,13.7267,-7094.978170646516,0.0,0.0,0.4801820712804092,25.03499619190844,-0.013336425132794205,0.0,0.06668212566397103,0.0,0.0,0.0,epa_udds,RuleBasedEMS
1215,13.8625,-6604.752310804096,0.0,0.0,0.4801404676152381,25.035038130491653,-0.012414947952639279,0.0,0.06207473976319639,0.0,0.0,0.0,epa_udds,RuleBasedEMS
1216,13.9654,-5962.492966368813,0.0,0.0,0.48010290924020643,25.035072631351632,-0.011207693545806039,0.0,0.05603846772903019,0.0,0.0,0.0,epa_udds,RuleBasedEMS
1217,14.0325,-5225.134011774746,0.0,0.0,0.48006999535587597,25.035099453628867,-0.009821680473260801,0.0,0.049108402366304,0.0,0.0,0.0,epa_udds,RuleBasedEMS
1218,14.0637,-4458.595959837486,0.0,0.0,0.48004190990273066,25.035119298714594,-0.008380819473378733,0.0,0.04190409736689366,0.0,0.0,0.0,epa_udds,RuleBasedEMS
1219,14.062,-3738.001127340137,0.0,0.0,0.48001836357575933,25.03513352092299,-0.007026317908534092,0.0,0.03513158954267046,0.0,0.0,0.0,epa_udds,RuleBasedEMS
1220,14.0329,-3125.4297403974406,0.0,0.0,0.47999867597352947,25.035143658396603,-0.005874867933077896,0.0,0.02937433966538948,0.0,0.0,0.0,epa_udds,RuleBasedEMS
1221,13.9842,-2677.04010075827,0.0,0.0,0.4799818129121798,25.035151170124276,-0.0050320302645832145,0.0,0.02516015132291607,0.0,0.0,0.0,epa_udds,RuleBasedEMS
1222,13.9253,-2431.403199268881,0.0,0.0,0.47996649722902124,25.035157293615566,-0.00457030676554301,0.0,0.022851533827715046,0.0,0.0,0.0,epa_udds,RuleBasedEMS
1223,13.8664,-2407.818782923716,0.0,0.0,0.47995133019197933,25.035163094508803,-0.004525975155871646,0.0,0.02262987577935823,0.0,0.0,0.0,epa_udds,RuleBasedEMS
1224,13.8177,-2607.6871962050623,0.0,0.0,0.4799349042584213,25.035169639294324,-0.004901667662039592,0.0,0.024508338310197955,0.0,0.0,0.0,epa_udds,RuleBasedEMS
1225,13.7886,-3016.1038660382874,0.0,0.0,0.47991590577772164,25.035178184773372,-0.005669368169244901,0.0,0.028346840846224505,0.0,0.0,0.0,epa_udds,RuleBasedEMS
1226,13.7869,-3602.9816163362884,0.0,0.0,0.47989321061330226,25.03519028424195,-0.006772521835218587,0.0,0.033862609176092934,0.0,0.0,0.0,epa_udds,RuleBasedEMS
1227,13.8181,-4325.288485033933,0.0,0.0,0.479865965662968,25.035207746454358,-0.00813024151322168,0.0,0.0406512075661084,0.0,0.0,0.0,epa_udds,RuleBasedEMS
1228,13.8851,-5134.607872214439,0.0,0.0,0.47983362275982655,25.035232473063456,-0.00965151855679406,0.0,0.04825759278397029,0.0,0.0,0.0,epa_udds,RuleBasedEMS
1229,13.988,-5977.320020863464,0.0,0.0,0.47979597143846203,25.035266161985533,-0.011235563948991474,0.0,0.05617781974495737,0.0,0.0,0.0,epa_udds,RuleBasedEMS
1230,14.1239,-6792.037117934089,0.0,0.0,0.47975318787102555,25.035309879264638,-0.012766987063785882,0.0,0.0638349353189294,0.0,0.0,0.0,epa_udds,RuleBasedEMS
1231,14.2871,-7516.060419889346,0.0,0.0,0.47970584314679016,25.035363661485675,-0.014127933120092757,0.0,0.07063966560046378,0.0,0.0,0.0,epa_udds,RuleBasedEMS
1232,14.4699,-8097.968738886456,0.0,0.0,0.4796548322695393,25.035426371866816,-0.015221745749786573,0.0,0.07610872874893286,0.0,0.0,0.0,epa_udds,RuleBasedEMS
1233,14.6629,-8486.939846014651,0.0,0.0,0.4796013704264139,25.03549557000652,-0.01595289444739596,0.0,0.0797644722369798,0.0,0.0,0.0,epa_udds,RuleBasedEMS
1234,14.8559,-8648.242099719415,0.0,0.0,0.4795468916713709,25.03556779889677,-0.016256094172404915,0.0,0.08128047086202457,0.0,0.0,0.0,epa_udds,RuleBasedEMS
1235,15.0387,-8564.19911013547,0.0,0.0,0.47949294151686206,25.035639080968462,-0.016098118628074195,0.0,0.08049059314037096,0.0,0.0,0.0,epa_udds,RuleBasedEMS
1236,15.2019,-8237.610544064799,0.0,0.0,0.47944104795382814,25.03570557154466,-0.015484230345986463,0.0,0.07742115172993232,0.0,0.0,0.0,epa_udds,RuleBasedEMS
1237,15.3378,-7697.207286861795,0.0,0.0,0.47939255807998016,25.035764265727643,-0.014468434749740217,0.0,0.07234217374870108,0.0,0.0,0.0,epa_udds,RuleBasedEMS
1238,15.4407,-6984.879342878966,0.0,0.0,0.4793485551643836,25.035813342209515,-0.013129472449020614,0.0,0.06564736224510306,0.0,0.0,0.0,epa_udds,RuleBasedEMS
1239,15.5077,-6168.0111167524465,0.0,0.0,0.47930969799405837,25.03585243849483,-0.01159400585855723,0.0,0.05797002929278615,0.0,0.0,0.0,epa_udds,RuleBasedEMS
1240,15.5389,-5323.896223228598,0.0,0.0,0.479276158402756,25.03588244007697,-0.010007323727873304,0.0,0.050036618639366516,0.0,0.0,0.0,epa_udds,RuleBasedEMS
1241,15.5372,-4527.673438296385,0.0,0.0,0.47924763481679106,25.035905001617223,-0.008510664357699973,0.0,0.04255332178849986,0.0,0.0,0.0,epa_udds,RuleBasedEMS
1242,15.2287,2098.60769881863,0.0,0.0,0.4792608556835214,25.03591220145255,0.11357727982027442,0.0,0.019723756567844267,0.0839443079527452,0.0,0.0,epa_udds,RuleBasedEMS
1243,14.9006,2442.6353547628214,0.0,0.0,0.4792762434983668,25.03592000050399,0.13219616002693826,0.0,0.022957099198898698,0.09770541419051286,0.0,0.0,epa_udds,RuleBasedEMS
1244,14.5623,2614.773988246352,0.0,0.0,0.47929271533138884,25.03592777370771,0.1415123546420845,0.0,0.02457494349855594,0.10459095952985407,0.0,0.0,epa_udds,RuleBasedEMS
1245,14.224,2612.469410908532,0.0,0.0,0.4793091722503344,25.035934735353273,0.14138763022345574,0.0,0.024553283937110263,0.10449877643634128,0.0,0.0,epa_udds,RuleBasedEMS
1246,13.896,2445.995327034783,0.0,0.0,0.47932458012792134,25.03594016564592,0.13237800273681477,0.0,0.022988677885665252,0.09783981308139131,0.0,0.0,epa_udds,RuleBasedEMS
1247,13.5874,2145.0665991226006,0.0,0.0,0.47933809209049383,25.03594363111511,0.11609164947732689,0.0,0.020160400367693614,0.08580266396490402,0.0,0.0,epa_udds,RuleBasedEMS
1248,13.3063,1733.2940843387405,0.0,0.0,0.4793490100411163,25.035945010158365,0.09380639713586658,0.0,0.016290357935514477,0.06933176337354963,0.0,0.0,epa_udds,RuleBasedEMS
1249,13.0581,1255.847865986689,0.0,0.0,0.4793569204334889,25.035944546817166,0.06796686420580592,0.0,0.011803081447243317,0.05023391463946756,0.0,0.0,epa_udds,RuleBasedEMS
1250,12.8458,748.7302967377263,0.0,0.0,0.4793616364954246,25.03594270890875,0.04052150884148988,0.0,0.0070369388791139695,0.029949211869509055,0.0,0.0,epa_udds,RuleBasedEMS
1251,12.6693,254.52554851343046,0.0,0.0,0.47936323966537975,25.0359400615143,0.013774999234584005,0.0,0.002392157410840512,0.01018102194053722,0.0,0.0,epa_udds,RuleBasedEMS
1252,12.5257,-264.98214865958334,0.0,0.0,0.4793615706519503,25.035937141780384,-0.0004980867456007206,0.0,0.002490433728003603,0.0,0.0,0.0,epa_udds,RuleBasedEMS
1253,12.4095,-770.3755855769464,0.0,0.0,0.47935671841829874,25.035934497391207,-0.0014480744089792226,0.0,0.007240372044896113,0.0,0.0,0.0,epa_udds,RuleBasedEMS
1254,12.3129,-1122.5549661499094,0.0,0.0,0.47934964802308067,25.03593231401487,-0.0021100657258456947,0.0,0.010550328629228473,0.0,0.0,0.0,epa_udds,RuleBasedEMS
1255,12.2265,-1293.4821551247785,0.0,0.0,0.4793415010920948,25.0359303854643,-0.0024313574344450722,0.0,0.012156787172225361,0.0,0.0,0.0,epa_udds,RuleBasedEMS
1256,12.1401,-1269.3655477745206,0.0,0.0,0.4793335060975798,25.03592828068764,-0.0023860254657415802,0.0,0.0119301273287079,0.0,0.0,0.0,epa_udds,RuleBasedEMS
1257,12.0435,-1051.6887932995317,0.0,0.0,0.4793268821541002,25.035925583863065,-0.001976858634021676,0.0,0.00988429317010838,0.0,0.0,0.0,epa_udds,RuleBasedEMS
1258,11.9274,-660.3022314256696,0.0,0.0,0.4793227233372744,25.03592213042294,-0.001241169607942988,0.0,0.00620584803971494,0.0,0.0,0.0,epa_udds,RuleBasedEMS
1259,11.7838,-124.7573382945547,0.0,0.0,0.4793219375766262,25.035918138557182,-0.00023450627498976446,0.0,0.0011725313749488223,0.0,0.0,0.0,epa_udds,RuleBasedEMS
1260,11.6073,359.4433499512747,0.0,0.0,0.4793242014444316,25.035914089427745,0.019453182202626127,0.0,0.003378226973226266,0.014377733998050988,0.0,0.0,epa_udds,RuleBasedEMS
1261,11.395,833.2395535427968,0.0,0.0,0.479329449353614,25.035910392589543,0.04509517523609813,0.0,0.00783119881149245,0.033329582141711875,0.0,0.0,epa_udds,RuleBasedEMS
1262,11.1468,1289.5920434283626,0.0,0.0,0.47933757137300825,25.035907416339636,0.06979310923757408,0.0,0.012120225972071077,0.051583681737134505,0.0,0.0,epa_udds,RuleBasedEMS
1263,10.8656,1687.0271044555657,0.0,0.0,0.47934819636095094,25.035905353912042,0.09130241426970798,0.0,0.015855517899018474,0.06748108417822263,0.0,0.0,epa_udds,RuleBasedEMS
1264,10.5571,1991.357940964933,0.0,0.0,0.47936073787570704,25.03590414174896,0.10777289066966607,0.0,0.018715770121850876,0.07965431763859732,0.0,0.0,epa_udds,RuleBasedEMS
1265,10.229,2183.4477605229417,0.0,0.0,0.47937448897660895,25.035903483059737,0.1181688494755198,0.0,0.02052112556882464,0.08733791042091767,0.0,0.0,epa_udds,RuleBasedEMS
1266,9.8908,2251.535548781689,0.0,0.0,0.4793886686873278,25.035902915113116,0.12185378105361352,0.0,0.021161048390805348,0.09006142195126757,0.0,0.0,epa_udds,RuleBasedEMS
1267,9.5525,2202.103716754545,0.0,0.0,0.47940253689452766,25.035901960012797,0.11917851543758806,0.0,0.02069646350333219,0.0880841486701818,0.0,0.0,epa_udds,RuleBasedEMS
1268,9.2244,2045.0639391471059,0.0,0.0,0.47941541594056664,25.0359002150268,0.11067947544346517,0.0,0.01922052574386378,0.08180255756588424,0.0,0.0,epa_udds,RuleBasedEMS
1269,8.9159,1801.9977481661035,0.0,0.0,0.4794267641076119,25.03589744870983,0.09752466008495948,0.0,0.0169360690617115,0.07207990992664413,0.0,0.0,epa_udds,RuleBasedEMS
1270,8.6347,1499.128178023509,0.0,0.0,0.4794362048348373,25.035893622428183,0.08113326786024976,0.0,0.01408955054533373,0.05996512712094036,0.0,0.0,epa_udds,RuleBasedEMS
1271,8.3866,1160.0876974876755,0.0,0.0,0.47944351039158006,25.035888850585383,0.06278429508658863,0.0,0.010903079863605973,0.04640350789950702,0.0,0.0,epa_udds,RuleBasedEMS
1272,8.1742,816.000514775216,0.0,0.0,0.47944864904573264,25.03588336233191,0.04416219327332334,0.0,0.007669177770443759,0.03264002059100864,0.0,0.0,epa_udds,RuleBasedEMS
1273,7.9977,486.4406146659856,0.0,0.0,0.47945171231996003,25.03587741155405,0.026326312363652363,0.0,0.00457181028821415,0.019457624586639424,0.0,0.0,epa_udds,RuleBasedEMS
1274,7.8542,194.95896783689398,0.0,0.0,0.4794529400332252,25.035871230269137,0.010551237973608742,0.0,0.0018323211262865975,0.007798358713475759,0.0,0.0,epa_udds,RuleBasedEMS
1275,7.738,-53.62173204854327,0.0,0.0,0.47945260236299964,25.035864984038867,-0.00010079272941455502,0.0,0.0005039636470727751,0.0,0.0,0.0,epa_udds,RuleBasedEMS
1276,7.6414,-279.278061697566,0.0,0.0,0.4794508436807322,25.03585878560552,-0.0005249587625894098,0.0,0.002624793812947049,0.0,0.0,0.0,epa_udds,RuleBasedEMS
1277,7.555,-390.1805769341273,0.0,0.0,0.4794483866237424,25.035852640942664,-0.0007334221370942244,0.0,0.0036671106854711216,0.0,0.0,0.0,epa_udds,RuleBasedEMS
1278,7.4686,-380.0378259737515,0.0,0.0,0.47944599344228006,25.03584647582464,-0.0007143568157401345,0.0,0.003571784078700672,0.0,0.0,0.0,epa_udds,RuleBasedEMS
1279,7.372,-251.96058404463753,0.0,0.0,0.47944440679407074,25.035840221484747,-0.00047361012038465706,0.0,0.002368050601923285,0.0,0.0,0.0,epa_udds,RuleBasedEMS
1280,7.2558,-19.541162004439492,0.0,0.0,0.47944428373957276,25.035833892766842,-3.6731507527141906e-05,0.0,0.00018365753763570952,0.0,0.0,0.0,epa_udds,RuleBasedEMS
1281,7.1122,210.65891234808143,0.0,0.0,0.47944561029589755,25.035827587128452,0.011400923692342031,0.0,0.001979876995752645,0.008426356493923258,0.0,0.0,epa_udds,RuleBasedEMS
1282,6.9804,119.9720967061197,0.0,0.0,0.4794463657786415,25.035821231068848,0.0064929259555687934,0.0,0.001127557299869546,0.004798883868244788,0.0,0.0,epa_udds,RuleBasedEMS
1283,6.8128,396.90210990285897,0.0,0.0,0.4794488651243903,25.03581499209009,0.021480461556998336,0.0,0.003730282987808825,0.01587608439611436,0.0,0.0,epa_udds,RuleBasedEMS
1284,6.6093,658.4095030908212,0.0,0.0,0.47945301120058553,25.03580899224666,0.03563332032517091,0.0,0.006188059239575387,0.026336380123632847,0.0,0.0,epa_udds,RuleBasedEMS
1285,6.3729,877.9397596548846,0.0,0.0,0.4794585396561643,25.035803286902404,0.04751436383455533,0.0,0.00825131353059102,0.035117590386195385,0.0,0.0,epa_udds,RuleBasedEMS
1286,6.1091,1037.560990865895,0.0,0.0,0.47946507322384974,25.0357978450009,0.05615311287408054,0.0,0.009751513072047887,0.041502439634635804,0.0,0.0,epa_udds,RuleBasedEMS
1287,5.8257,1125.627585309631,0.0,0.0,0.4794721613097506,25.03579255777776,0.06091930345156935,0.0,0.010579206628849916,0.04502510341238524,0.0,0.0,epa_udds,RuleBasedEMS
1288,5.5321,1139.880483209116,0.0,0.0,0.47947933910379925,25.03578727721672,0.06169067457247531,0.0,0.010713162436175901,0.04559521932836464,0.0,0.0,epa_udds,RuleBasedEMS
1289,5.2385,1086.3734583027006,0.0,0.0,0.47948617992612835,25.035781862809305,0.05879485829220179,0.0,0.010210276863747186,0.04345493833210802,0.0,0.0,epa_udds,RuleBasedEMS
1290,4.9552,976.4960418828239,0.0,0.0,0.4794923288242821,25.035776216180295,0.05284825946971854,0.0,0.009177594378597968,0.039059841675312956,0.0,0.0,epa_udds,RuleBasedEMS
1291,4.6913,827.5965496121808,0.0,0.0,0.47949754009183526,25.03577030120284,0.04478977416622915,0.0,0.007778163060264857,0.03310386198448723,0.0,0.0,epa_udds,RuleBasedEMS
1292,4.4549,652.7458228863779,0.0,0.0,0.479501650329917,25.0357641305365,0.035326800249143975,0.0,0.006134829162465958,0.026109832915455117,0.0,0.0,epa_udds,RuleBasedEMS
1293,4.2514,469.45060149443634,0.0,0.0,0.4795046063765153,25.035757757496786,0.02540680774102972,0.0,0.004412129713293574,0.018778024059777455,0.0,0.0,epa_udds,RuleBasedEMS
1294,4.0838,289.14922102343536,0.0,0.0,0.4795064270925843,25.03575124981972,0.015648842803960058,0.0,0.0027175678667616106,0.011565968840937415,0.0,0.0,epa_udds,RuleBasedEMS
1295,3.952,123.12374480293953,0.0,0.0,0.4795072023771649,25.0357446741886,0.006663494098432771,0.0,0.001157178052659206,0.004924949792117581,0.0,0.0,epa_udds,RuleBasedEMS
1296,3.8531,-28.72453455804527,0.0,0.0,0.47950702150499824,25.035738083374948,-5.39934860113633e-05,0.0,0.00026996743005681646,0.0,0.0,0.0,epa_udds,RuleBasedEMS
1297,3.7817,-188.75702379787782,0.0,0.0,0.47950583294387533,25.035731525115533,-0.00035480643571029666,0.0,0.0017740321785514833,0.0,0.0,0.0,epa_udds,RuleBasedEMS
1298,3.7298,-298.45177843324547,0.0,0.0,0.47950395365958637,25.035725018163454,-0.000560999583521138,0.0,0.0028049979176056903,0.0,0.0,0.0,epa_udds,RuleBasedEMS
1299,3.6881,-352.96439701435304,0.0,0.0,0.4795017311210762,25.03571854623064,-0.0006634669116811149,0.0,0.003317334558405574,0.0,0.0,0.0,epa_udds,RuleBasedEMS
1300,3.6464,-348.32006947076354,0.0,0.0,0.4794995378260427,25.035712072924373,-0.0006547369726894052,0.0,0.003273684863447026,0.0,0.0,0.0,epa_udds,RuleBasedEMS
1301,3.5945,-285.5380953384329,0.0,0.0,0.479497739854691,25.035705563587108,-0.0005367257431173551,0.0,0.0026836287155867756,0.0,0.0,0.0,epa_udds,RuleBasedEMS
1302,3.523,-171.39541776894592,0.0,0.0,0.47949666061484725,25.035699006097218,-0.0003221718379115525,0.0,0.0016108591895577624,0.0,0.0,0.0,epa_udds,RuleBasedEMS
1303,3.4242,-19.7972105899973,0.0,0.0,0.47949653595613173,25.035692421682818,-3.721280186089718e-05,0.0,0.0001860640093044859,0.0,0.0,0.0,epa_udds,RuleBasedEMS
1304,3.2924,109.21139552025114,0.0,0.0,0.4794972236359171,25.035685847824233,0.005910553571088479,0.0,0.0010264228902279243,0.004368455820810046,0.0,0.0,epa_udds,RuleBasedEMS
1305,3.1247,230.705261026465,0.0,0.0,0.4794986763336993,25.035679312052352,0.012485838111793195,0.0,0.00216828252844422,0.0092282104410586,0.0,0.0,epa_udds,RuleBasedEMS
1306,2.9212,334.3250298906362,0.0,0.0,0.47950078149789094,25.03567283020721,0.0180937711665624,0.0,0.0031421525365661297,0.013373001195625447,0.0,0.0,epa_udds,RuleBasedEMS
1307,2.6848,407.7001782378844,0.0,0.0,0.47950334868282635,25.0356663981277,0.022064856262829263,0.0,0.0038317685924613197,0.016308007129515377,0.0,0.0,epa_udds,RuleBasedEMS
1308,2.1793,990.0217692487519,0.0,0.0,0.4795095825864786,25.03566073531638,0.05358027590265049,0.0,0.009304715876398044,0.03960087076995007,0.0,0.0,epa_udds,RuleBasedEMS
1309,2.0117,153.15602745316332,0.0,0.0,0.479510546965313,25.03565416232952,0.008288850267728342,0.0,0.0014394363482440162,0.006126241098126533,0.0,0.0,epa_udds,RuleBasedEMS
1310,1.844,141.09814505970573,0.0,0.0,0.47951143541826685,25.035647586100634,0.007636274046163623,0.0,0.00132611038589949,0.005643925802388229,0.0,0.0,epa_udds,RuleBasedEMS
1311,1.6764,128.50336135525308,0.0,0.0,0.4795122445648523,25.0356410069208,0.006954640564173771,0.0,0.0012077383586020026,0.005140134454210123,0.0,0.0,epa_udds,RuleBasedEMS
1312,1.5088,115.9959056762665,0.0,0.0,0.4795129749551518,25.0356344252407,0.006277733301186212,0.0,0.0010901870834235574,0.00463983622705066,0.0,0.0,epa_udds,RuleBasedEMS
1313,1.3411,103.52381402996387,0.0,0.0,0.47951362681202636,25.03562784147849,0.0056027399502833084,0.0,0.0009729681769733447,0.004140952561198555,0.0,0.0,epa_udds,RuleBasedEMS
1314,1.1735,90.66345331830564,0.0,0.0,0.47951419769083586,25.035621255962692,0.004906733360790706,0.0,0.0008521001251720455,0.0036265381327322257,0.0,0.0,epa_udds,RuleBasedEMS
1315,1.0058,77.97484805454536,0.0,0.0,0.4795146886732217,25.035614669121134,0.004220022227794116,0.0,0.0007328463163021181,0.0031189939221818144,0.0,0.0,epa_udds,RuleBasedEMS
1316,0.8382,64.99703616940667,0.0,0.0,0.47951509793827846,25.03560808130062,0.0035176591454690914,0.0,0.0006108744000884085,0.0025998814467762667,0.0,0.0,epa_udds,RuleBasedEMS
1317,0.6706,52.07227389700145,0.0,0.0,0.4795154258201617,25.035601492893754,0.0028181671241399734,0.0,0.00048940107046054,0.0020828909558800583,0.0,0.0,epa_udds,RuleBasedEMS
1318,0.5029,39.148401606818155,0.0,0.0,0.47951567232457865,25.03559490427654,0.002118723268916369,0.0,0.0003679361053272383,0.0015659360642727262,0.0,0.0,epa_udds,RuleBasedEMS
1319,0.3353,26.083848237125192,0.0,0.0,0.4795158365657955,25.03558831581033,0.0014116657113596026,0.0,0.0002451489495970413,0.0010433539294850077,0.0,0.0,epa_udds,RuleBasedEMS
1320,0.1676,13.06276900778934,0.0,0.0,0.4795159188176277,25.035581727865203,0.0007069609873538922,0.0,0.00012277038541155395,0.0005225107603115736,0.0,0.0,epa_udds,RuleBasedEMS
1321,0.0,0.0,0.0,0.0,0.4795159188176277,25.035575140802315,0.0,0.0,0.0,0.0,0.0,0.0,epa_udds,RuleBasedEMS
1322,0.0,0.0,0.0,0.0,0.4795159188176277,25.035568554818575,0.0,0.0,0.0,0.0,0.0,0.0,epa_udds,RuleBasedEMS
1323,0.0,0.0,0.0,0.0,0.4795159188176277,25.035561969923002,0.0,0.0,0.0,0.0,0.0,0.0,epa_udds,RuleBasedEMS
1324,0.0,0.0,0.0,0.0,0.4795159188176277,25.035555386124013,0.0,0.0,0.0,0.0,0.0,0.0,epa_udds,RuleBasedEMS
1325,0.0,0.0,0.0,0.0,0.4795159188176277,25.03554880342946,0.0,0.0,0.0,0.0,0.0,0.0,epa_udds,RuleBasedEMS
1326,0.0,0.0,0.0,0.0,0.4795159188176277,25.03554222184666,0.0,0.0,0.0,0.0,0.0,0.0,epa_udds,RuleBasedEMS
1327,0.0,0.0,0.0,0.0,0.4795159188176277,25.03553564138244,0.0,0.0,0.0,0.0,0.0,0.0,epa_udds,RuleBasedEMS
1328,0.0,0.0,0.0,0.0,0.4795159188176277,25.035529062043167,0.0,0.0,0.0,0.0,0.0,0.0,epa_udds,RuleBasedEMS
1329,0.0,0.0,0.0,0.0,0.4795159188176277,25.035522483834768,0.0,0.0,0.0,0.0,0.0,0.0,epa_udds,RuleBasedEMS
1330,0.0,0.0,0.0,0.0,0.4795159188176277,25.03551590676277,0.0,0.0,0.0,0.0,0.0,0.0,epa_udds,RuleBasedEMS
1331,0.0,0.0,0.0,0.0,0.4795159188176277,25.035509330832333,0.0,0.0,0.0,0.0,0.0,0.0,epa_udds,RuleBasedEMS
1332,0.0,0.0,0.0,0.0,0.4795159188176277,25.035502756048245,0.0,0.0,0.0,0.0,0.0,0.0,epa_udds,RuleBasedEMS
1333,0.0,0.0,0.0,0.0,0.4795159188176277,25.03549618241498,0.0,0.0,0.0,0.0,0.0,0.0,epa_udds,RuleBasedEMS
1334,0.0,0.0,0.0,0.0,0.4795159188176277,25.0354896099367,0.0,0.0,0.0,0.0,0.0,0.0,epa_udds,RuleBasedEMS
1335,0.0,0.0,0.0,0.0,0.4795159188176277,25.035483038617276,0.0,0.0,0.0,0.0,0.0,0.0,epa_udds,RuleBasedEMS
1336,0.0,0.0,0.0,0.0,0.4795159188176277,25.035476468460317,0.0,0.0,0.0,0.0,0.0,0.0,epa_udds,RuleBasedEMS
1337,0.0,0.0,0.0,0.0,0.4795159188176277,25.035469899469174,0.0,0.0,0.0,0.0,0.0,0.0,epa_udds,RuleBasedEMS
1338,0.0,0.0,0.0,0.0,0.4795159188176277,25.035463331646966,0.0,0.0,0.0,0.0,0.0,0.0,epa_udds,RuleBasedEMS
1339,0.0,0.0,0.0,0.0,0.4795159188176277,25.035456764996596,0.0,0.0,0.0,0.0,0.0,0.0,epa_udds,RuleBasedEMS
1340,0.0,0.0,0.0,0.0,0.4795159188176277,25.035450199520756,0.0,0.0,0.0,0.0,0.0,0.0,epa_udds,RuleBasedEMS
1341,0.0,0.0,0.0,0.0,0.4795159188176277,25.035443635221956,0.0,0.0,0.0,0.0,0.0,0.0,epa_udds,RuleBasedEMS
1342,0.0,0.0,0.0,0.0,0.4795159188176277,25.035437072102514,0.0,0.0,0.0,0.0,0.0,0.0,epa_udds,RuleBasedEMS
1343,0.0,0.0,0.0,0.0,0.4795159188176277,25.03543051016459,0.0,0.0,0.0,0.0,0.0,0.0,epa_udds,RuleBasedEMS
1344,0.0,0.0,0.0,0.0,0.4795159188176277,25.03542394941019,0.0,0.0,0.0,0.0,0.0,0.0,epa_udds,RuleBasedEMS
1345,0.0,0.0,0.0,0.0,0.4795159188176277,25.035417389841168,0.0,0.0,0.0,0.0,0.0,0.0,epa_udds,RuleBasedEMS
1346,0.0,0.0,0.0,0.0,0.4795159188176277,25.03541083145924,0.0,0.0,0.0,0.0,0.0,0.0,epa_udds,RuleBasedEMS
1347,0.0,0.0,0.0,0.0,0.4795159188176277,25.035404274266003,0.0,0.0,0.0,0.0,0.0,0.0,epa_udds,RuleBasedEMS
1348,0.0,0.0,0.0,0.0,0.4795159188176277,25.035397718262924,0.0,0.0,0.0,0.0,0.0,0.0,epa_udds,RuleBasedEMS
1349,0.0,0.0,0.0,0.0,0.4795159188176277,25.03539116345137,0.0,0.0,0.0,0.0,0.0,0.0,epa_udds,RuleBasedEMS
1350,0.0,0.0,0.0,0.0,0.4795159188176277,25.035384609832594,0.0,0.0,0.0,0.0,0.0,0.0,epa_udds,RuleBasedEMS
1351,0.0,0.0,0.0,0.0,0.4795159188176277,25.035378057407762,0.0,0.0,0.0,0.0,0.0,0.0,epa_udds,RuleBasedEMS
1352,0.0,0.0,0.0,0.0,0.4795159188176277,25.03537150617794,0.0,0.0,0.0,0.0,0.0,0.0,epa_udds,RuleBasedEMS
1353,0.0,0.0,0.0,0.0,0.4795159188176277,25.03536495614411,0.0,0.0,0.0,0.0,0.0,0.0,epa_udds,RuleBasedEMS
1354,0.0,0.0,0.0,0.0,0.4795159188176277,25.035358407307186,0.0,0.0,0.0,0.0,0.0,0.0,epa_udds,RuleBasedEMS
1355,0.0,0.0,0.0,0.0,0.4795159188176277,25.035351859667994,0.0,0.0,0.0,0.0,0.0,0.0,epa_udds,RuleBasedEMS
1356,0.0,0.0,0.0,0.0,0.4795159188176277,25.0353453132273,0.0,0.0,0.0,0.0,0.0,0.0,epa_udds,RuleBasedEMS
1357,0.0,0.0,0.0,0.0,0.4795159188176277,25.0353387679858,0.0,0.0,0.0,0.0,0.0,0.0,epa_udds,RuleBasedEMS
1358,0.0,0.0,0.0,0.0,0.4795159188176277,25.035332223944128,0.0,0.0,0.0,0.0,0.0,0.0,epa_udds,RuleBasedEMS
1359,0.0,0.0,0.0,0.0,0.4795159188176277,25.03532568110287,0.0,0.0,0.0,0.0,0.0,0.0,epa_udds,RuleBasedEMS
1360,0.0,0.0,0.0,0.0,0.4795159188176277,25.03531913946255,0.0,0.0,0.0,0.0,0.0,0.0,epa_udds,RuleBasedEMS
1361,0.0,0.0,0.0,0.0,0.4795159188176277,25.03531259902365,0.0,0.0,0.0,0.0,0.0,0.0,epa_udds,RuleBasedEMS
1362,0.0,0.0,0.0,0.0,0.4795159188176277,25.035306059786606,0.0,0.0,0.0,0.0,0.0,0.0,epa_udds,RuleBasedEMS
1363,0.0,0.0,0.0,0.0,0.4795159188176277,25.0352995217518,0.0,0.0,0.0,0.0,0.0,0.0,epa_udds,RuleBasedEMS
1364,0.0,0.0,0.0,0.0,0.4795159188176277,25.035292984919586,0.0,0.0,0.0,0.0,0.0,0.0,epa_udds,RuleBasedEMS
1365,0.0,0.0,0.0,0.0,0.4795159188176277,25.035286449290275,0.0,0.0,0.0,0.0,0.0,0.0,epa_udds,RuleBasedEMS
1366,0.0,0.0,0.0,0.0,0.4795159188176277,25.035279914864145,0.0,0.0,0.0,0.0,0.0,0.0,epa_udds,RuleBasedEMS
1367,0.0,0.0,0.0,0.0,0.4795159188176277,25.03527338164144,0.0,0.0,0.0,0.0,0.0,0.0,epa_udds,RuleBasedEMS
1368,0.0,0.0,0.0,0.0,0.4795159188176277,25.03526684962237,0.0,0.0,0.0,0.0,0.0,0.0,epa_udds,RuleBasedEMS
1369,0.0,0.0,0.0,0.0,0.4795159188176277,25.035260318807122,0.0,0.0,0.0,0.0,0.0,0.0,epa_udds,RuleBasedEMS
1370,0.0,0.0,0.0,0.0,0.4795159188176277,25.035253789195856,0.0,0.0,0.0,0.0,0.0,0.0,epa_udds,RuleBasedEMS
1371,0.0,0.0,0.0,0.0,0.4795159188176277,25.0352472607887,0.0,0.0,0.0,0.0,0.0,0.0,epa_udds,RuleBasedEMS
1,0.0,0.0,0.0,0.0,0.5,25.0,0.0,0.0,0.0,0.0,0.0,0.0,epa_hwfet,RuleBasedEMS
2,1.3113,-2876.215333244662,0.0,0.0,0.4999819099127436,25.000007819378187,-0.005406419799332072,0.0,0.027032098996660356,0.0,0.0,0.0,epa_hwfet,RuleBasedEMS
3,3.0754,-8925.726037109984,0.0,0.0,0.49992577059190935,25.0000831263655,-0.01677768052088343,0.0,0.08388840260441714,0.0,0.0,0.0,epa_hwfet,RuleBasedEMS
4,4.3685,-9502.672219679598,0.0,0.0,0.4998660006710746,25.0001685242464,-0.01786216582646541,0.0,0.08931082913232705,0.0,0.0,0.0,epa_hwfet,RuleBasedEMS
5,5.6312,-12024.7573802557,0.0,0.0,0.49979036493202755,25.00030535299315,-0.02260292740649568,0.0,0.11301463703247838,0.0,0.0,0.0,epa_hwfet,RuleBasedEMS
6,6.8781,-14581.179199799011,0.0,0.0,0.4996986456655807,25.000506702958727,-0.027408231578569572,0.0,0.13704115789284785,0.0,0.0,0.0,epa_hwfet,RuleBasedEMS
7,8.1248,-17310.630732175046,0.0,0.0,0.4995897523165804,25.00079074485726,-0.0325387795717576,0.0,0.16269389785878802,0.0,0.0,0.0,epa_hwfet,RuleBasedEMS
8,9.3853,-20319.092353151867,0.0,0.0,0.49946192701926456,25.00118246980835,-0.03819378261870652,0.0,0.1909689130935326,0.0,0.0,0.0,epa_hwfet,RuleBasedEMS
9,10.6706,-23674.58033093917,0.0,0.0,0.4993129831376766,25.001714778877332,-0.04450109084763002,0.0,0.2225054542381501,0.0,0.0,0.0,epa_hwfet,RuleBasedEMS
10,11.9862,-27367.76600649664,0.0,0.0,0.49914079158711355,25.0024268395064,-0.05144316918514406,0.0,0.2572158459257203,0.0,0.0,0.0,epa_hwfet,RuleBasedEMS
11,13.3321,-31335.412165774673,0.0,0.0,0.4989436198616936,25.003361325016996,-0.05890115068754638,0.0,0.2945057534377319,0.0,0.0,0.0,epa_hwfet,RuleBasedEMS
12,14.7022,-35440.01044487642,0.0,0.0,0.4987205994000263,25.004558067144092,-0.06661656098660981,0.0,0.33308280493304904,0.0,0.0,0.0,epa_hwfet,RuleBasedEMS
13,16.0856,-39508.9720042311,0.0,0.0,0.49847194667882916,25.006047391985238,-0.07426498497035922,0.0,0.3713249248517961,0.0,0.0,0.0,epa_hwfet,RuleBasedEMS
14,17.4679,-43348.977582825966,0.0,0.0,0.498199094302381,25.007843133961817,-0.08148304056922175,0.0,0.4074152028461087,0.0,0.0,0.0,epa_hwfet,RuleBasedEMS
15,18.8332,-46786.06112988012,0.0,0.0,0.49790457005273464,25.00993888474878,-0.0879437239283461,0.0,0.4397186196417305,0.0,0.0,0.0,epa_hwfet,RuleBasedEMS
16,20.1668,-49719.189170799735,0.0,0.0,0.4975915386751931,25.012310963692297,-0.09345712250150327,0.0,0.4672856125075163,0.0,0.0,0.0,epa_hwfet,RuleBasedEMS
17,20.2264,-9810.42935081361,0.0,0.0,0.49752976352376016,25.01244204733814,-0.018440656674461677,0.0,0.09220328337230838,0.0,0.0,0.0,epa_hwfet,RuleBasedEMS
18,20.2364,-8258.726927807646,0.0,0.0,0.4974777592833898,25.01254623841833,-0.015523922796630913,0.0,0.07761961398315456,0.0,0.0,0.0,epa_hwfet,RuleBasedEMS
19,20.1966,-6658.876514857556,0.0,0.0,0.4974358293505444,25.012627112596704,-0.012516685178303677,0.0,0.06258342589151838,0.0,0.0,0.0,epa_hwfet,RuleBasedEMS
20,20.1132,-5227.636453284168,0.0,0.0,0.49740291207800985,25.01269079589199,-0.009826384310684527,0.0,0.04913192155342263,0.0,0.0,0.0,epa_hwfet,RuleBasedEMS
21,19.9988,-4179.742252848014,0.0,0.0,0.4973765935706504,25.01274376688024,-0.007856658370015064,0.0,0.03928329185007532,0.0,0.0,0.0,epa_hwfet,RuleBasedEMS
22,19.8702,-3654.2582502150294,0.0,0.0,0.49735358429518106,25.01279128261584,-0.006868906485366597,0.0,0.03434453242683298,0.0,0.0,0.0,epa_hwfet,RuleBasedEMS
23,19.7474,-3753.5458274854536,0.0,0.0,0.49732995031434774,25.012837898563447,-0.0070555372697095,0.0,0.0352776863485475,0.0,0.0,0.0,epa_hwfet,RuleBasedEMS
24,19.6503,-4476.61660042226,0.0,0.0,0.4973017640864118,25.012888663825837,-0.008414692857936579,0.0,0.042073464289682894,0.0,0.0,0.0,epa_hwfet,RuleBasedEMS
25,19.5966,-5763.170565718505,0.0,0.0,0.49726547785919667,25.012950661272495,-0.010833027379170123,0.0,0.05416513689585061,0.0,0.0,0.0,epa_hwfet,RuleBasedEMS
26,19.5999,-7503.484395151968,0.0,0.0,0.4972182347142617,25.013033627862708,-0.014104293975849565,0.0,0.07052146987924782,0.0,0.0,0.0,epa_hwfet,RuleBasedEMS
27,19.6674,-9523.98887711022,0.0,0.0,0.4971582703850263,25.013148702819418,-0.01790223473141019,0.0,0.08951117365705094,0.0,0.0,0.0,epa_hwfet,RuleBasedEMS
28,19.7997,-11644.444014938043,0.0,0.0,0.4970849551401978,25.01330627425032,-0.021888052659657976,0.0,0.10944026329828987,0.0,0.0,0.0,epa_hwfet,RuleBasedEMS
29,19.9901,-13651.821582440258,0.0,0.0,0.49699900021404225,25.013512389284823,-0.025661318763985447,0.0,0.12830659381992723,0.0,0.0,0.0,epa_hwfet,RuleBasedEMS
30,20.226,-15356.91170162342,0.0,0.0,0.49690230797252916,25.013766236255478,-0.02886637537899139,0.0,0.14433187689495694,0.0,0.0,0.0,epa_hwfet,RuleBasedEMS
31,20.4904,-16595.324525046944,0.0,0.0,0.49679781587267724,25.01405881470217,-0.03119421903204313,0.0,0.15597109516021565,0.0,0.0,0.0,epa_hwfet,RuleBasedEMS
32,20.7637,-17241.310110840608,0.0,0.0,0.49668925344316905,25.014373615121666,-0.03240847765195603,0.0,0.16204238825978015,0.0,0.0,0.0,epa_hwfet,RuleBasedEMS
33,21.0269,-17265.025408522233,0.0,0.0,0.4965805386185309,25.014690840098734,-0.03245305527917713,0.0,0.16226527639588564,0.0,0.0,0.0,epa_hwfet,RuleBasedEMS
34,21.2632,-16693.81087845844,0.0,0.0,0.4964754177334315,25.01499132177387,-0.03137934375650083,0.0,0.15689671878250414,0.0,0.0,0.0,epa_hwfet,RuleBasedEMS
35,21.4605,-15652.773963614529,0.0,0.0,0.49637684980473673,25.01526136881958,-0.029422507450403253,0.0,0.14711253725201626,0.0,0.0,0.0,epa_hwfet,RuleBasedEMS
36,21.6126,-14327.073843721239,0.0,0.0,0.49628662815510777,25.015494941504063,-0.026930589931806845,0.0,0.1346529496590342,0.0,0.0,0.0,epa_hwfet,RuleBasedEMS
37,21.7197,-12936.755688923024,0.0,0.0,0.496205160472059,25.015693419077945,-0.024317209941584633,0.0,0.12158604970792315,0.0,0.0,0.0,epa_hwfet,RuleBasedEMS
38,21.7879,-11696.849036095795,0.0,0.0,0.49613150019572283,25.015863399915894,-0.021986558338525933,0.0,0.10993279169262965,0.0,0.0,0.0,epa_hwfet,RuleBasedEMS
39,21.8286,-10807.625712900697,0.0,0.0,0.49606343936167047,25.01601453182644,-0.02031508592650507,0.0,0.10157542963252535,0.0,0.0,0.0,epa_hwfet,RuleBasedEMS
40,21.8561,-10387.847876461745,0.0,0.0,0.49599802189910364,25.016157113977666,-0.019526029842973205,0.0,0.09763014921486603,0.0,0.0,0.0,epa_hwfet,RuleBasedEMS
41,21.8853,-10475.979898827718,0.0,0.0,0.4959320493456103,25.016301215886127,-0.019691691539149847,0.0,0.09845845769574924,0.0,0.0,0.0,epa_hwfet,RuleBasedEMS
42,21.9131,-10457.199370313978,0.0,0.0,0.49586619495773165,25.0164447520813,-0.019656389793823267,0.0,0.09828194896911634,0.0,0.0,0.0,epa_hwfet,RuleBasedEMS
43,21.9668,-11398.173703960278,0.0,0.0,0.4957944146537649,25.01660758423167,-0.02142513854127872,0.0,0.10712569270639359,0.0,0.0,0.0,epa_hwfet,RuleBasedEMS
44,22.0515,-12553.670310080595,0.0,0.0,0.4957153571886215,25.016796696178638,-0.02359712464300864,0.0,0.11798562321504319,0.0,0.0,0.0,epa_hwfet,RuleBasedEMS
45,22.1666,-13733.535378682303,0.0,0.0,0.495628868682853,25.01701554499106,-0.025814916125342674,0.0,0.12907458062671337,0.0,0.0,0.0,epa_hwfet,RuleBasedEMS
46,22.3056,-14729.72175863142,0.0,0.0,0.49553610538475834,25.01726190254557,-0.027687446914720717,0.0,0.13843723457360357,0.0,0.0,0.0,epa_hwfet,RuleBasedEMS
47,22.4568,-15344.807721008623,0.0,0.0,0.49543946690887725,25.01752667045884,-0.028843623535730497,0.0,0.14421811767865247,0.0,0.0,0.0,epa_hwfet,RuleBasedEMS
48,22.6055,-15447.26218171672,0.0,0.0,0.4953421814585986,25.017795447997017,-0.029036207108490076,0.0,0.14518103554245038,0.0,0.0,0.0,epa_hwfet,RuleBasedEMS
49,22.7352,-14942.281856510317,0.0,0.0,0.4952480746538051,25.01805070428274,-0.028086995970884057,0.0,0.14043497985442027,0.0,0.0,0.0,epa_hwfet,RuleBasedEMS
50,22.831,-13859.688139399408,0.0,0.0,0.49516078468326236,25.018277270562987,-0.026052045374810918,0.0,0.13026022687405459,0.0,0.0,0.0,epa_hwfet,RuleBasedEMS
51,22.881,-12290.54054360319,0.0,0.0,0.49508337650095996,25.018465491684616,-0.023102519818802993,0.0,0.11551259909401496,0.0,0.0,0.0,epa_hwfet,RuleBasedEMS
52,22.8784,-10415.587477164672,0.0,0.0,0.4950177767510338,25.018613465351585,-0.019578171949557657,0.0,0.09789085974778827,0.0,0.0,0.0,epa_hwfet,RuleBasedEMS
53,22.823,-8481.977727009129,0.0,0.0,0.49496435535779865,25.01872639696028,-0.0159435671560322,0.0,0.07971783578016099,0.0,0.0,0.0,epa_hwfet,RuleBasedEMS
54,22.7209,-6731.577748407554,0.0,0.0,0.494921958686741,25.01881317544973,-0.012653341632345029,0.0,0.06326670816172514,0.0,0.0,0.0,epa_hwfet,RuleBasedEMS
55,22.5848,-5415.169370832719,0.0,0.0,0.4948878534359927,25.018883459703183,-0.010178889794798345,0.0,0.05089444897399172,0.0,0.0,0.0,epa_hwfet,RuleBasedEMS
56,22.4316,-4691.108323830208,0.0,0.0,0.49485830889770327,25.018945188960974,-0.008817872789154527,0.0,0.04408936394577263,0.0,0.0,0.0,epa_hwfet,RuleBasedEMS
57,22.2815,-4679.5396189432995,0.0,0.0,0.49482883778054304,25.019005091789285,-0.00879612710327688,0.0,0.04398063551638439,0.0,0.0,0.0,epa_hwfet,RuleBasedEMS
58,22.1548,-5386.276420214367,0.0,0.0,0.49479491635351863,25.019070099088154,-0.010124579737245051,0.0,0.05062289868622526,0.0,0.0,0.0,epa_hwfet,RuleBasedEMS
59,22.0696,-6741.551657368631,0.0,0.0,0.49475246038934867,25.01914930339161,-0.012672089581519982,0.0,0.06336044790759991,0.0,0.0,0.0,epa_hwfet,RuleBasedEMS
60,22.0399,-8618.338677604777,0.0,0.0,0.4946981856108335,25.019254842124283,-0.016199884732339808,0.0,0.08099942366169903,0.0,0.0,0.0,epa_hwfet,RuleBasedEMS
61,22.0735,-10824.152500478573,0.0,0.0,0.49463001972500203,25.019400532477405,-0.020346151316689046,0.0,0.10173075658344523,0.0,0.0,0.0,epa_hwfet,RuleBasedEMS
62,22.1714,-13146.06602726023,0.0,0.0,0.49454723102007575,25.019599024191347,-0.02471065042718089,0.0,0.12355325213590443,0.0,0.0,0.0,epa_hwfet,RuleBasedEMS
63,22.3276,-15354.483654579113,0.0,0.0,0.4944505333321836,25.019857780592954,-0.028861811380787805,0.0,0.14430905690393903,0.0,0.0,0.0,epa_hwfet,RuleBasedEMS
64,22.53,-17232.68831331049,0.0,0.0,0.4943420051025109,25.020175685146302,-0.03239227126562122,0.0,0.1619613563281061,0.0,0.0,0.0,epa_hwfet,RuleBasedEMS
65,22.762,-18598.35143348636,0.0,0.0,0.49422487309912877,25.020541558559472,-0.03495930720580143,0.0,0.17479653602900716,0.0,0.0,0.0,epa_hwfet,RuleBasedEMS
66,23.0047,-19329.284832796864,0.0,0.0,0.49410313399150657,25.020935627793776,-0.0363332421669114,0.0,0.181666210834557,0.0,0.0,0.0,epa_hwfet,RuleBasedEMS
67,23.2394,-19385.081309464917,0.0,0.0,0.4939810395420002,25.021333834602146,-0.0364381227621521,0.0,0.1821906138107605,0.0,0.0,0.0,epa_hwfet,RuleBasedEMS
68,23.4497,-18805.37063610179,0.0,0.0,0.49386259259412024,25.021713136452714,-0.03534844104530412,0.0,0.1767422052265206,0.0,0.0,0.0,epa_hwfet,RuleBasedEMS
69,23.6238,-17728.153511372308,0.0,0.0,0.4937509273732945,25.02205702651007,-0.0333235968258878,0.0,0.16661798412943898,0.0,0.0,0.0,epa_hwfet,RuleBasedEMS
70,23.7557,-16354.696411800418,0.0,0.0,0.49364791072594594,25.02235810254378,-0.030741910548497026,0.0,0.15370955274248513,0.0,0.0,0.0,epa_hwfet,RuleBasedEMS
71,23.8457,-14922.307818978772,0.0,0.0,0.49355391478901645,25.02261784929378,-0.02804945078755408,0.0,0.1402472539377704,0.0,0.0,0.0,epa_hwfet,RuleBasedEMS
72,23.8999,-13661.507157328293,0.0,0.0,0.493467859512099,25.022844136896424,-0.0256795247318201,0.0,0.12839762365910048,0.0,0.0,0.0,epa_hwfet,RuleBasedEMS
73,23.9295,-12782.575929889323,0.0,0.0,0.49338734001498263,25.023048715446667,-0.024027398364453615,0.0,0.12013699182226807,0.0,0.0,0.0,epa_hwfet,RuleBasedEMS
74,23.9486,-12414.450907234692,0.0,0.0,0.4933091389655065,25.02324456406514,-0.02333543403615544,0.0,0.11667717018077718,0.0,0.0,0.0,epa_hwfet,RuleBasedEMS
75,23.9721,-12606.526966547272,0.0,0.0,0.4932297276585012,25.02344492513058,-0.023696479260427204,0.0,0.11848239630213601,0.0,0.0,0.0,epa_hwfet,RuleBasedEMS
76,24.0134,-13321.03594148893,0.0,0.0,0.4931458150928849,25.023662861913152,-0.025039541243400243,0.0,0.12519770621700121,0.0,0.0,0.0,epa_hwfet,RuleBasedEMS
77,24.0822,-14436.078128971176,0.0,0.0,0.493054877928058,25.023910358505123,-0.02713548520483304,0.0,0.1356774260241652,0.0,0.0,0.0,epa_hwfet,RuleBasedEMS
78,24.1833,-15780.905521098006,0.0,0.0,0.49295546818767766,25.02419691297428,-0.029663356242665424,0.0,0.14831678121332711,0.0,0.0,0.0,epa_hwfet,RuleBasedEMS
79,24.3155,-17134.85380248768,0.0,0.0,0.49284752774308166,25.02452662692326,-0.03220837180918737,0.0,0.16104185904593685,0.0,0.0,0.0,epa_hwfet,RuleBasedEMS
80,24.4717,-18267.81052417003,0.0,0.0,0.49273244797481436,25.02489565024854,-0.03433798970708652,0.0,0.1716899485354326,0.0,0.0,0.0,epa_hwfet,RuleBasedEMS
81,24.6398,-18968.599214449314,0.0,0.0,0.4926129507187977,25.025291003277815,-0.0356552616812957,0.0,0.1782763084064785,0.0,0.0,0.0,epa_hwfet,RuleBasedEMS
82,24.8043,-19074.548526249033,0.0,0.0,0.4924927829646305,25.025691942800332,-0.0358544145230245,0.0,0.17927207261512249,0.0,0.0,0.0,epa_hwfet,RuleBasedEMS
83,24.9484,-18498.472722493283,0.0,0.0,0.4923762415072002,25.02607411674971,-0.03477156526784452,0.0,0.1738578263392226,0.0,0.0,0.0,epa_hwfet,RuleBasedEMS
84,25.0567,-17262.90619149245,0.0,0.0,0.4922674817478611,25.02641593053308,-0.03244907178851964,0.0,0.1622453589425982,0.0,0.0,0.0,epa_hwfet,RuleBasedEMS
85,25.1168,-15465.489705267855,0.0,0.0,0.49217004435426326,25.026703072008683,-0.029070469370804243,0.0,0.1453523468540212,0.0,0.0,0.0,epa_hwfet,RuleBasedEMS
86,25.1217,-13315.013874033564,0.0,0.0,0.49208615470625405,25.026932033885664,-0.025028221567732264,0.0,0.1251411078386613,0.0,0.0,0.0,epa_hwfet,RuleBasedEMS
87,25.0708,-11074.359273789267,0.0,0.0,0.4920163818038242,25.027108988896224,-0.020816464800355764,0.0,0.10408232400177882,0.0,0.0,0.0,epa_hwfet,RuleBasedEMS
88,24.9704,-9033.778217908792,0.0,0.0,0.49195946563420784,25.02724615190471,-0.016980786123888706,0.0,0.08490393061944353,0.0,0.0,0.0,epa_hwfet,RuleBasedEMS
89,24.8326,-7439.359041563823,0.0,0.0,0.4919125954292625,25.027356928608103,-0.01398375759692448,0.0,0.0699187879846224,0.0,0.0,0.0,epa_hwfet,RuleBasedEMS
90,24.6749,-6515.40794844938,0.0,0.0,0.49187154706691844,25.02745357732052,-0.01224700742189733,0.0,0.06123503710948665,0.0,0.0,0.0,epa_hwfet,RuleBasedEMS
91,24.5173,-6366.231410715676,0.0,0.0,0.49183143930687195,25.027546315605367,-0.011966600396082099,0.0,0.05983300198041049,0.0,0.0,0.0,epa_hwfet,RuleBasedEMS
92,24.3805,-7023.992261758665,0.0,0.0,0.49178718843237273,25.027645377416654,-0.013202992973230574,0.0,0.06601496486615287,0.0,0.0,0.0,epa_hwfet,RuleBasedEMS
93,24.2828,-8405.129832009357,0.0,0.0,0.4917342372813817,25.027762910183093,-0.0157991162255815,0.0,0.0789955811279075,0.0,0.0,0.0,epa_hwfet,RuleBasedEMS
94,24.2387,-10380.442944333432,0.0,0.0,0.49166884260989957,25.02791437336434,-0.019512110797619234,0.0,0.09756055398809617,0.0,0.0,0.0,epa_hwfet,RuleBasedEMS
95,24.2565,-12735.966515032642,0.0,0.0,0.49158860886489836,25.028116831432207,-0.023939786682392186,0.0,0.11969893341196092,0.0,0.0,0.0,epa_hwfet,RuleBasedEMS
96,24.3376,-15231.192347685517,0.0,0.0,0.4914926552377626,25.028385520456105,-0.028630060803920145,0.0,0.14315030401960072,0.0,0.0,0.0,epa_hwfet,RuleBasedEMS
97,24.4765,-17616.073573106823,0.0,0.0,0.49138167575203867,25.02872926626368,-0.033112920250200795,0.0,0.16556460125100397,0.0,0.0,0.0,epa_hwfet,RuleBasedEMS
98,24.6618,-19661.049593710373,0.0,0.0,0.49125781039130323,25.029146748148435,-0.03695686013855334,0.0,0.18478430069276666,0.0,0.0,0.0,epa_hwfet,RuleBasedEMS
99,24.8774,-21161.179630491053,0.0,0.0,0.49112449033413413,25.029624328089156,-0.039776653440772664,0.0,0.1988832672038633,0.0,0.0,0.0,epa_hwfet,RuleBasedEMS
100,25.105,-21990.75347560296,0.0,0.0,0.49098593918684014,25.030138301867005,-0.041336002773689776,0.0,0.20668001386844886,0.0,0.0,0.0,epa_hwfet,RuleBasedEMS
101,25.3262,-22097.924430739236,0.0,0.0,0.4908467079175841,25.03065942195007,-0.04153745193747977,0.0,0.20768725968739885,0.0,0.0,0.0,epa_hwfet,RuleBasedEMS
102,25.4803,-19689.698808879763,0.0,0.0,0.49072264573496993,25.031087742164388,-0.037010712046766474,0.0,0.18505356023383235,0.0,0.0,0.0,epa_hwfet,RuleBasedEMS
103,25.6008,-18537.081000235983,0.0,0.0,0.49060584308266486,25.031476109420453,-0.03484413721848869,0.0,0.17422068609244346,0.0,0.0,0.0,epa_hwfet,RuleBasedEMS
104,25.6818,-17080.237393087744,0.0,0.0,0.49049821781116043,25.031816680916936,-0.03210570938550328,0.0,0.1605285469275164,0.0,0.0,0.0,epa_hwfet,RuleBasedEMS
105,25.7239,-15584.276112679709,0.0,0.0,0.4904000173379069,25.032111810879037,-0.029293752091503214,0.0,0.14646876045751606,0.0,0.0,0.0,epa_hwfet,RuleBasedEMS
106,25.7333,-14288.297212789475,0.0,0.0,0.49030998228725,25.03237061002846,-0.026857701527799767,0.0,0.13428850763899883,0.0,0.0,0.0,epa_hwfet,RuleBasedEMS
107,25.7212,-13411.96395898306,0.0,0.0,0.4902254688658733,25.032606337563067,-0.025210458569517032,0.0,0.12605229284758515,0.0,0.0,0.0,epa_hwfet,RuleBasedEMS
108,25.7015,-13082.58662434199,0.0,0.0,0.49014303080527655,25.032833457046564,-0.024591328241244343,0.0,0.12295664120622171,0.0,0.0,0.0,epa_hwfet,RuleBasedEMS
109,25.6891,-13358.39651294233,0.0,0.0,0.49005885469386135,25.03306706958714,-0.025109767881470547,0.0,0.12554883940735273,0.0,0.0,0.0,epa_hwfet,RuleBasedEMS
110,25.6968,-14171.811537540907,0.0,0.0,0.4899695527835432,25.033321606302923,-0.026638743491618246,0.0,0.13319371745809122,0.0,0.0,0.0,epa_hwfet,RuleBasedEMS
111,25.7344,-15418.644035221156,0.0,0.0,0.48987239363841,25.033611100620067,-0.028982413600039766,0.0,0.14491206800019882,0.0,0.0,0.0,epa_hwfet,RuleBasedEMS
112,25.8059,-16878.037592607325,0.0,0.0,0.4897660372792137,25.033945675706786,-0.03172563457257016,0.0,0.1586281728628508,0.0,0.0,0.0,epa_hwfet,RuleBasedEMS
113,25.9097,-18329.2434171454,0.0,0.0,0.4896505345587622,25.034329557046366,-0.034453465069822185,0.0,0.1722673253491109,0.0,0.0,0.0,epa_hwfet,RuleBasedEMS
114,26.0381,-19518.235736562663,0.0,0.0,0.48952753700553664,25.034757423116364,-0.03668841303865163,0.0,0.18344206519325812,0.0,0.0,0.0,epa_hwfet,RuleBasedEMS
115,26.1786,-20228.83229691098,0.0,0.0,0.4894000586115368,25.035213742617394,-0.03802412085885523,0.0,0.19012060429427613,0.0,0.0,0.0,epa_hwfet,RuleBasedEMS
116,26.3151,-20281.057827280256,0.0,0.0,0.4892722479522484,25.035673926001945,-0.03812228914902304,0.0,0.19061144574511518,0.0,0.0,0.0,epa_hwfet,RuleBasedEMS
117,26.4303,-19588.22209829709,0.0,0.0,0.48914880053214405,25.036109728259124,-0.0368199663501825,0.0,0.1840998317509125,0.0,0.0,0.0,epa_hwfet,RuleBasedEMS
118,26.5081,-18167.67232303623,0.0,0.0,0.4890343031607363,25.036496178667214,-0.0341497600057072,0.0,0.17074880002853599,0.0,0.0,0.0,epa_hwfet,RuleBasedEMS
119,26.5359,-16145.750898028477,0.0,0.0,0.4889325468516141,25.036817794062625,-0.030349155823361798,0.0,0.15174577911680898,0.0,0.0,0.0,epa_hwfet,RuleBasedEMS
120,26.5061,-13728.122704443547,0.0,0.0,0.4888460265705259,25.037071131277433,-0.025804741925645764,0.0,0.12902370962822882,0.0,0.0,0.0,epa_hwfet,RuleBasedEMS
121,26.4179,-11210.26437813989,0.0,0.0,0.4887753748741921,25.037264283170117,-0.02107192552281934,0.0,0.1053596276140967,0.0,0.0,0.0,epa_hwfet,RuleBasedEMS
122,26.2772,-8890.428914125256,0.0,0.0,0.48871934422179014,25.037411732020768,-0.016711332545348227,0.0,0.08355666272674113,0.0,0.0,0.0,epa_hwfet,RuleBasedEMS
123,26.0962,-7048.293912009633,0.0,0.0,0.4886749240874735,25.037529130393555,-0.0132486727669354,0.0,0.066243363834677,0.0,0.0,0.0,epa_hwfet,RuleBasedEMS
124,25.8922,-5905.924373574736,0.0,0.0,0.4886377042792135,25.037629778042803,-0.011101361604463789,0.0,0.05550680802231894,0.0,0.0,0.0,epa_hwfet,RuleBasedEMS
125,25.6852,-5578.15756593754,0.0,0.0,0.4886025509839282,25.037723903693998,-0.010485258582589363,0.0,0.05242629291294681,0.0,0.0,0.0,epa_hwfet,RuleBasedEMS
126,25.496,-6098.356854786626,0.0,0.0,0.48856412039737784,25.037820890831103,-0.011463076794711704,0.0,0.057315383973558516,0.0,0.0,0.0,epa_hwfet,RuleBasedEMS
127,25.3434,-7389.531847179595,0.0,0.0,0.48851755415405684,25.037931818486953,-0.013890097457104504,0.0,0.06945048728552251,0.0,0.0,0.0,epa_hwfet,RuleBasedEMS
128,25.242,-9294.483961358354,0.0,0.0,0.4884589845922951,25.03807085322363,-0.017470834513831492,0.0,0.08735417256915746,0.0,0.0,0.0,epa_hwfet,RuleBasedEMS
129,25.2006,-11600.458624511595,0.0,0.0,0.48838588458183824,25.038254240889707,-0.021805373354345105,0.0,0.10902686677172552,0.0,0.0,0.0,epa_hwfet,RuleBasedEMS
130,25.221,-14049.629176782957,0.0,0.0,0.48829735133067753,25.038496634944153,-0.026409077399967965,0.0,0.1320453869998398,0.0,0.0,0.0,epa_hwfet,RuleBasedEMS
131,25.2984,-16393.834557176015,0.0,0.0,0.4881940454224431,25.038806916013556,-0.030815478490932358,0.0,0.1540773924546618,0.0,0.0,0.0,epa_hwfet,RuleBasedEMS
132,25.4216,-18377.898906092356,0.0,0.0,0.4880782351592747,25.039183549564957,-0.0345449227558127,0.0,0.1727246137790635,0.0,0.0,0.0,epa_hwfet,RuleBasedEMS
133,25.5753,-19819.882399817423,0.0,0.0,0.48795333536923097,25.039613937776792,-0.037255418044769596,0.0,0.18627709022384797,0.0,0.0,0.0,epa_hwfet,RuleBasedEMS
134,25.7417,-20586.178434253412,0.0,0.0,0.48782360317204765,25.04007562298295,-0.03869582412453649,0.0,0.19347912062268244,0.0,0.0,0.0,epa_hwfet,RuleBasedEMS
135,25.9029,-20631.92646149447,0.0,0.0,0.4876935789967585,25.040541223241323,-0.038781816656944496,0.0,0.19390908328472245,0.0,0.0,0.0,epa_hwfet,RuleBasedEMS
136,26.0436,-20025.030782733644,0.0,0.0,0.4875673760286415,25.040985506909287,-0.03764103530589031,0.0,0.18820517652945154,0.0,0.0,0.0,epa_hwfet,RuleBasedEMS
137,26.1527,-18910.63425791632,0.0,0.0,0.48744819330503275,25.041390466228624,-0.035546304996083314,0.0,0.17773152498041656,0.0,0.0,0.0,epa_hwfet,RuleBasedEMS
138,26.2249,-17515.643431842942,0.0,0.0,0.4873378001379436,25.041748635684915,-0.03292414178917846,0.0,0.1646207089458923,0.0,0.0,0.0,epa_hwfet,RuleBasedEMS
139,26.2608,-16085.75537982265,0.0,0.0,0.4872364173730161,25.042062130830182,-0.030236382292899724,0.0,0.1511819114644986,0.0,0.0,0.0,epa_hwfet,RuleBasedEMS
140,26.2672,-14889.477302082403,0.0,0.0,0.4871425733967699,25.042340868985,-0.02798773928962858,0.0,0.13993869644814289,0.0,0.0,0.0,epa_hwfet,RuleBasedEMS
141,26.2551,-14117.277935047961,0.0,0.0,0.487053595872363,25.042598339083277,-0.02653623672001497,0.0,0.13268118360007483,0.0,0.0,0.0,epa_hwfet,RuleBasedEMS
142,26.2385,-13911.285282009434,0.0,0.0,0.48696591641770876,25.042850057671096,-0.026149032484980142,0.0,0.1307451624249007,0.0,0.0,0.0,epa_hwfet,RuleBasedEMS
143,26.2321,-14318.946342175068,0.0,0.0,0.48687566737742455,25.04311236674298,-0.026915312673261405,0.0,0.13457656336630702,0.0,0.0,0.0,epa_hwfet,RuleBasedEMS
144,26.2487,-15280.527035102681,0.0,0.0,0.4867793573587019,25.043401507223816,-0.02872279517876444,0.0,0.1436139758938222,0.0,0.0,0.0,epa_hwfet,RuleBasedEMS
145,26.2976,-16669.896593722853,0.0,0.0,0.4866742896848931,25.04373292974593,-0.03133439209346401,0.0,0.15667196046732004,0.0,0.0,0.0,epa_hwfet,RuleBasedEMS
146,26.3826,-18274.530202424994,0.0,0.0,0.48655910689646625,25.0441181907362,-0.03435062068124999,0.0,0.17175310340624994,0.0,0.0,0.0,epa_hwfet,RuleBasedEMS
147,26.5015,-19852.045210907287,0.0,0.0,0.4864339790067149,25.04456168855343,-0.037315874456592645,0.0,0.18657937228296323,0.0,0.0,0.0,epa_hwfet,RuleBasedEMS
148,26.6464,-21158.530387905637,0.0,0.0,0.4863006133237301,25.04505770923395,-0.03977167366147677,0.0,0.19885836830738382,0.0,0.0,0.0,epa_hwfet,RuleBasedEMS
149,26.804,-21945.50448681869,0.0,0.0,0.4861622835563528,25.04558801334771,-0.04125094828349378,0.0,0.20625474141746888,0.0,0.0,0.0,epa_hwfet,RuleBasedEMS
150,26.8224,-16168.13380122894,0.0,0.0,0.486060367555821,25.045911575772966,-0.030391228949678457,0.0,0.15195614474839228,0.0,0.0,0.0,epa_hwfet,RuleBasedEMS
151,26.8224,-15400.417107895615,0.0,0.0,0.48596329011729816,25.04621231444396,-0.028948152458450407,0.0,0.14474076229225202,0.0,0.0,0.0,epa_hwfet,RuleBasedEMS
152,26.8224,-15400.417107895615,0.0,0.0,0.48586621219728493,25.046512956976418,-0.028948152458450407,0.0,0.14474076229225202,0.0,0.0,0.0,epa_hwfet,RuleBasedEMS
153,26.8224,-15400.417107895613,0.0,0.0,0.48576913379454906,25.046813504854413,-0.0289481524584504,0.0,0.144740762292252,0.0,0.0,0.0,epa_hwfet,RuleBasedEMS
154,26.8224,-15400.417107895615,0.0,0.0,0.48567205490789905,25.04711395951223,-0.028948152458450407,0.0,0.14474076229225202,0.0,0.0,0.0,epa_hwfet,RuleBasedEMS
155,26.8224,-15400.417107895615,0.0,0.0,0.48557497553618273,25.047414322336103,-0.028948152458450407,0.0,0.14474076229225202,0.0,0.0,0.0,epa_hwfet,RuleBasedEMS
156,26.8224,-15400.417107895615,0.0,0.0,0.485477895678286,25.047714594665823,-0.028948152458450407,0.0,0.14474076229225202,0.0,0.0,0.0,epa_hwfet,RuleBasedEMS
157,26.8205,-15318.45495389246,0.0,0.0,0.4853813320018779,25.048012387194888,-0.028794088259196354,0.0,0.14397044129598177,0.0,0.0,0.0,epa_hwfet,RuleBasedEMS
158,26.618,-6728.018433783853,0.0,0.0,0.4853389200694123,25.048130238775382,-0.012646651191323034,0.0,0.06323325595661516,0.0,0.0,0.0,epa_hwfet,RuleBasedEMS
159,26.4095,-6257.735151468811,0.0,0.0,0.48529947369224674,25.04823913910687,-0.0117626600591519,0.0,0.0588133002957595,0.0,0.0,0.0,epa_hwfet,RuleBasedEMS
160,26.2157,-6654.6135344165195,0.0,0.0,0.4852575266323969,25.04834975135779,-0.01250867205717391,0.0,0.06254336028586954,0.0,0.0,0.0,epa_hwfet,RuleBasedEMS
161,26.0557,-7856.260783183106,0.0,0.0,0.48520800621143884,25.04847406194364,-0.014767407487186288,0.0,0.07383703743593144,0.0,0.0,0.0,epa_hwfet,RuleBasedEMS
162,25.9442,-9691.844986143728,0.0,0.0,0.48514691667341164,25.048626639433127,-0.01821775373335287,0.0,0.09108876866676435,0.0,0.0,0.0,epa_hwfet,RuleBasedEMS
163,25.8902,-11944.943708996705,0.0,0.0,0.4850716262877568,25.048823895256227,-0.022452901708640425,0.0,0.11226450854320212,0.0,0.0,0.0,epa_hwfet,RuleBasedEMS
164,25.8963,-14373.567854327106,0.0,0.0,0.4849810282781326,25.04908103021618,-0.027017984688584785,0.0,0.13508992344292392,0.0,0.0,0.0,epa_hwfet,RuleBasedEMS
165,25.9578,-16693.19424377799,0.0,0.0,0.48487580884410086,25.04940659737723,-0.031378184668755624,0.0,0.1568909233437781,0.0,0.0,0.0,epa_hwfet,RuleBasedEMS
166,26.0642,-18666.594191164724,0.0,0.0,0.48475814919581894,25.049799187706878,-0.035087583066099104,0.0,0.17543791533049552,0.0,0.0,0.0,epa_hwfet,RuleBasedEMS
167,26.2007,-20100.65472656837,0.0,0.0,0.48463144777550987,25.050245968387003,-0.03778318557625634,0.0,0.18891592788128167,0.0,0.0,0.0,epa_hwfet,RuleBasedEMS
168,26.35,-20860.99195761633,0.0,0.0,0.48449995041742133,25.050724176239534,-0.03921239089777506,0.0,0.19606195448887528,0.0,0.0,0.0,epa_hwfet,RuleBasedEMS
169,26.4948,-20908.959863028023,0.0,0.0,0.48436814714693827,25.051206363560482,-0.03930255613351133,0.0,0.19651278066755662,0.0,0.0,0.0,epa_hwfet,RuleBasedEMS
170,26.6203,-20312.778401213185,0.0,0.0,0.4842400986269532,25.051667266493915,-0.038181914287994716,0.0,0.19090957143997356,0.0,0.0,0.0,epa_hwfet,RuleBasedEMS
171,26.7159,-19222.96123625658,0.0,0.0,0.4841189172682199,25.052089053437435,-0.03613338578243718,0.0,0.1806669289121859,0.0,0.0,0.0,epa_hwfet,RuleBasedEMS
172,26.6797,-13696.765051786757,0.0,0.0,0.4840325713251415,25.052339458583532,-0.025745798969523982,0.0,0.1287289948476199,0.0,0.0,0.0,epa_hwfet,RuleBasedEMS
173,26.6099,-12212.123198388948,0.0,0.0,0.4839555847576474,25.05255271409302,-0.02295511879396419,0.0,0.11477559396982094,0.0,0.0,0.0,epa_hwfet,RuleBasedEMS
174,26.5132,-10978.507798713072,0.0,0.0,0.48388637540807966,25.052737682411127,-0.02063629285472382,0.0,0.1031814642736191,0.0,0.0,0.0,epa_hwfet,RuleBasedEMS
175,26.401,-10203.646609635096,0.0,0.0,0.4838220514433597,25.052905559676717,-0.019179786860216347,0.0,0.09589893430108173,0.0,0.0,0.0,epa_hwfet,RuleBasedEMS
176,26.2874,-10010.298484017316,0.0,0.0,0.4837589470809876,25.05306801682528,-0.018816350533867137,0.0,0.09408175266933567,0.0,0.0,0.0,epa_hwfet,RuleBasedEMS
177,26.1871,-10433.124715029424,0.0,0.0,0.48369317802021033,25.053236980510338,-0.019611136682386135,0.0,0.09805568341193067,0.0,0.0,0.0,epa_hwfet,RuleBasedEMS
178,26.1128,-11400.182822833516,0.0,0.0,0.48362131345477893,25.053424506084685,-0.02142891508051413,0.0,0.10714457540257064,0.0,0.0,0.0,epa_hwfet,RuleBasedEMS
179,26.0735,-12771.248718399422,0.0,0.0,0.4835408064339478,25.053642396260905,-0.02400610661353275,0.0,0.12003053306766374,0.0,0.0,0.0,epa_hwfet,RuleBasedEMS
180,26.0728,-14335.87496918609,0.0,0.0,0.4834504364461917,25.05389995164413,-0.026947133400725732,0.0,0.13473566700362866,0.0,0.0,0.0,epa_hwfet,RuleBasedEMS
181,26.1082,-15849.718954757802,0.0,0.0,0.4833505230648585,25.054200829421315,-0.029792704802176318,0.0,0.1489635240108816,0.0,0.0,0.0,epa_hwfet,RuleBasedEMS
182,26.1713,-17066.306444706224,0.0,0.0,0.4832429394830915,25.05454016824663,-0.03207952339230493,0.0,0.16039761696152466,0.0,0.0,0.0,epa_hwfet,RuleBasedEMS
183,26.2483,-17746.144816177337,0.0,0.0,0.4831310687134017,25.05490280923712,-0.033357415068002515,0.0,0.16678707534001255,0.0,0.0,0.0,epa_hwfet,RuleBasedEMS
184,26.322,-17720.610514582513,0.0,0.0,0.48301935709554156,25.055265624345818,-0.03330941826049345,0.0,0.16654709130246723,0.0,0.0,0.0,epa_hwfet,RuleBasedEMS
185,26.3743,-16920.44114690446,0.0,0.0,0.48291268809767585,25.055603113913133,-0.03180534050170011,0.0,0.15902670250850057,0.0,0.0,0.0,epa_hwfet,RuleBasedEMS
186,26.3878,-15347.4652578557,0.0,0.0,0.48281593414587914,25.05589309775603,-0.028848618905743795,0.0,0.14424309452871897,0.0,0.0,0.0,epa_hwfet,RuleBasedEMS
187,26.3488,-13141.209287940801,0.0,0.0,0.4827330883597257,25.0561235273508,-0.024701521217933838,0.0,0.12350760608966918,0.0,0.0,0.0,epa_hwfet,RuleBasedEMS
188,26.2489,-10523.920965657877,0.0,0.0,0.482666742726899,25.056294512756494,-0.01978180632642458,0.0,0.0989090316321229,0.0,0.0,0.0,epa_hwfet,RuleBasedEMS
189,26.0863,-7784.371322809268,0.0,0.0,0.4826176684295376,25.056416380268814,-0.014632276922573812,0.0,0.07316138461286906,0.0,0.0,0.0,epa_hwfet,RuleBasedEMS
190,25.8662,-5231.792849782389,0.0,0.0,0.48258468673903127,25.056504359211985,-0.009834197086057123,0.0,0.049170985430285606,0.0,0.0,0.0,epa_hwfet,RuleBasedEMS
191,25.6003,-3148.8479461160027,0.0,0.0,0.4825648366557976,25.056572702543967,-0.005918887116759404,0.0,0.029594435583797016,0.0,0.0,0.0,epa_hwfet,RuleBasedEMS
192,25.3053,-1744.4041403332103,0.0,0.0,0.48255384043924776,25.05663096109043,-0.0032789551510022754,0.0,0.016394775755011377,0.0,0.0,0.0,epa_hwfet,RuleBasedEMS
193,25.0013,-1149.3887082646231,0.0,0.0,0.4825465952955276,25.05668379748197,-0.0021605050907229756,0.0,0.010802525453614879,0.0,0.0,0.0,epa_hwfet,RuleBasedEMS
194,24.709,-1375.2781131891697,0.0,0.0,0.4825379265918396,25.056733441687204,-0.0025851092353179886,0.0,0.012925546176589942,0.0,0.0,0.0,epa_hwfet,RuleBasedEMS
195,24.4474,-2344.005183773348,0.0,0.0,0.4825231523011576,25.056783072542135,-0.00440602478152885,0.0,0.02203012390764425,0.0,0.0,0.0,epa_hwfet,RuleBasedEMS
196,24.2314,-3892.8163812438556,0.0,0.0,0.4824986166025309,25.056838925938358,-0.007317324024894466,0.0,0.03658662012447233,0.0,0.0,0.0,epa_hwfet,RuleBasedEMS
197,24.0703,-5812.788586213844,0.0,0.0,0.48246198058279044,25.056910121872242,-0.010926294334988429,0.0,0.05463147167494214,0.0,0.0,0.0,epa_hwfet,RuleBasedEMS
198,23.9669,-7869.225484285116,0.0,0.0,0.48241238439693435,25.057006325753033,-0.014791777226099843,0.0,0.07395888613049921,0.0,0.0,0.0,epa_hwfet,RuleBasedEMS
199,23.917,-9809.781328088853,0.0,0.0,0.482350558341369,25.05713402602618,-0.018439438586633185,0.0,0.09219719293316592,0.0,0.0,0.0,epa_hwfet,RuleBasedEMS
200,23.9106,-11420.818305932085,0.0,0.0,0.4822785788997171,25.05729368400643,-0.02146770358257911,0.0,0.10733851791289555,0.0,0.0,0.0,epa_hwfet,RuleBasedEMS
201,23.9333,-12530.272364697938,0.0,0.0,0.4821996068663105,25.05747850255432,-0.0235531435426653,0.0,0.11776571771332649,0.0,0.0,0.0,epa_hwfet,RuleBasedEMS
202,23.9683,-13030.736343216282,0.0,0.0,0.4821174800456393,25.0576756986236,-0.02449386530679752,0.0,0.12246932653398761,0.0,0.0,0.0,epa_hwfet,RuleBasedEMS
203,23.999,-12907.608483966174,0.0,0.0,0.4820361285029539,25.057870224738355,-0.024262421962342434,0.0,0.12131210981171217,0.0,0.0,0.0,epa_hwfet,RuleBasedEMS
204,24.0111,-12227.568468508072,0.0,0.0,0.4819590623259129,25.05804884362862,-0.022984151256594122,0.0,0.1149207562829706,0.0,0.0,0.0,epa_hwfet,RuleBasedEMS
205,23.9946,-11140.536095738951,0.0,0.0,0.48188884691890416,25.058203475138036,-0.02094085732281758,0.0,0.10470428661408789,0.0,0.0,0.0,epa_hwfet,RuleBasedEMS
206,23.945,-9851.243266458478,0.0,0.0,0.4818267573971988,25.058332244061088,-0.018517374561012177,0.0,0.09258687280506088,0.0,0.0,0.0,epa_hwfet,RuleBasedEMS
207,23.8637,-8586.699660302089,0.0,0.0,0.48177263804884374,25.058438369314867,-0.01614041289530468,0.0,0.0807020644765234,0.0,0.0,0.0,epa_hwfet,RuleBasedEMS
208,23.7582,-7584.431905673433,0.0,0.0,0.4817248359984873,25.058528281110945,-0.014256450950513972,0.0,0.07128225475256986,0.0,0.0,0.0,epa_hwfet,RuleBasedEMS
209,23.6399,-6998.298966458471,0.0,0.0,0.48168072856764327,25.05860902156449,-0.013154697305373067,0.0,0.06577348652686534,0.0,0.0,0.0,epa_hwfet,RuleBasedEMS
210,23.5233,-6950.187464161956,0.0,0.0,0.48163692485904147,25.058687960943185,-0.013064262150680371,0.0,0.06532131075340185,0.0,0.0,0.0,epa_hwfet,RuleBasedEMS
211,23.423,-7449.829395854691,0.0,0.0,0.4815899726632362,25.058772605084066,-0.014003438714012578,0.0,0.07001719357006289,0.0,0.0,0.0,epa_hwfet,RuleBasedEMS
212,23.3517,-8434.939415090117,0.0,0.0,0.481536812327336,25.058871153479366,-0.015855149276485184,0.0,0.07927574638242592,0.0,0.0,0.0,epa_hwfet,RuleBasedEMS
213,23.3185,-9783.785726303155,0.0,0.0,0.48147515133544116,25.058992364611854,-0.01839057467350217,0.0,0.09195287336751085,0.0,0.0,0.0,epa_hwfet,RuleBasedEMS
214,23.3266,-11290.952989290168,0.0,0.0,0.48140399162779196,25.059143423137346,-0.02122359584453039,0.0,0.10611797922265195,0.0,0.0,0.0,epa_hwfet,RuleBasedEMS
215,23.3734,-12750.61770880828,0.0,0.0,0.4813236321521032,25.059327874789265,-0.02396732652031632,0.0,0.11983663260158159,0.0,0.0,0.0,epa_hwfet,RuleBasedEMS
216,23.45,-13928.725661460037,0.0,0.0,0.48123584686019055,25.059542607085024,-0.02618181515312037,0.0,0.13090907576560185,0.0,0.0,0.0,epa_hwfet,RuleBasedEMS
217,23.5511,-14951.909994529262,0.0,0.0,0.4811416116403105,25.059786120153,-0.028105093974679064,0.0,0.14052546987339531,0.0,0.0,0.0,epa_hwfet,RuleBasedEMS
218,23.6502,-15006.070315007351,0.0,0.0,0.48104703341397453,25.060032150072452,-0.028206899088359685,0.0,0.1410344954417984,0.0,0.0,0.0,epa_hwfet,RuleBasedEMS
219,23.7285,-14339.582995403814,0.0,0.0,0.48095665426914913,25.060260583378525,-0.0269541033748192,0.0,0.134770516874096,0.0,0.0,0.0,epa_hwfet,RuleBasedEMS
220,23.7681,-12958.869437685655,0.0,0.0,0.48087497625812775,25.060454009919678,-0.02435877713850687,0.0,0.12179388569253435,0.0,0.0,0.0,epa_hwfet,RuleBasedEMS
221,23.7549,-10991.871721075398,0.0,0.0,0.4808056953145025,25.060603103405338,-0.020661413009540223,0.0,0.10330706504770111,0.0,0.0,0.0,epa_hwfet,RuleBasedEMS
222,23.6798,-8627.590913795366,0.0,0.0,0.48075131612372146,25.060708021646303,-0.01621727615375069,0.0,0.08108638076875344,0.0,0.0,0.0,epa_hwfet,RuleBasedEMS
223,23.5405,-6135.194166059174,0.0,0.0,0.4807126465841721,25.060777255244986,-0.011532319861013485,0.0,0.057661599305067424,0.0,0.0,0.0,epa_hwfet,RuleBasedEMS
224,23.3418,-3799.214796043616,0.0,0.0,0.4806887008375801,25.06082309085619,-0.007141381195570707,0.0,0.03570690597785353,0.0,0.0,0.0,epa_hwfet,RuleBasedEMS
225,23.095,-1875.9323319696937,0.0,0.0,0.4806768774412795,25.060856671228652,-0.003526188593927996,0.0,0.01763094296963998,0.0,0.0,0.0,epa_hwfet,RuleBasedEMS
226,22.8164,-553.6436628276065,0.0,0.0,0.4806733881005717,25.060884936728765,-0.001040683576743621,0.0,0.005203417883718106,0.0,0.0,0.0,epa_hwfet,RuleBasedEMS
227,22.526,29.29035511920377,0.0,0.0,0.4806735726973238,25.060910466352645,0.0015852028281806672,0.0,0.00027528529247371967,0.0011716142047681509,0.0,0.0,epa_hwfet,RuleBasedEMS
228,22.2442,-92.96353245123156,0.0,0.0,0.4806729868317414,25.060933579178688,-0.00017474348205118715,0.0,0.0008737174102559357,0.0,0.0,0.0,epa_hwfet,RuleBasedEMS
229,21.9899,-887.638046082275,0.0,0.0,0.4806673930195727,25.060955193856632,-0.001668492567823825,0.0,0.008342462839119125,0.0,0.0,0.0,epa_hwfet,RuleBasedEMS
230,21.7783,-2207.4740078417453,0.0,0.0,0.4806534821005464,25.060978764913575,-0.004149387232785236,0.0,0.02074693616392618,0.0,0.0,0.0,epa_hwfet,RuleBasedEMS
231,21.6187,-3852.271149721268,0.0,0.0,0.48062920662648106,25.06101027035621,-0.007241111183686594,0.0,0.03620555591843297,0.0,0.0,0.0,epa_hwfet,RuleBasedEMS
232,21.5141,-5617.407056850279,0.0,0.0,0.4805938085040214,25.06105653810587,-0.010559035821147143,0.0,0.05279517910573571,0.0,0.0,0.0,epa_hwfet,RuleBasedEMS
233,21.4606,-7280.405461240699,0.0,0.0,0.48054793137120205,25.06112247251108,-0.013684972671505076,0.0,0.06842486335752537,0.0,0.0,0.0,epa_hwfet,RuleBasedEMS
234,21.4488,-8661.3509087182,0.0,0.0,0.4804933523967411,25.06120897414353,-0.016280734790823686,0.0,0.08140367395411842,0.0,0.0,0.0,epa_hwfet,RuleBasedEMS
235,21.4645,-9594.368234982227,0.0,0.0,0.4804328939042144,25.061311604987615,-0.01803452675748539,0.0,0.09017263378742695,0.0,0.0,0.0,epa_hwfet,RuleBasedEMS
236,21.4917,-10005.702985957874,0.0,0.0,0.4803698430247347,25.06142204182308,-0.018807712379620065,0.0,0.09403856189810032,0.0,0.0,0.0,epa_hwfet,RuleBasedEMS
237,21.5141,-9867.63703462802,0.0,0.0,0.4803076617097134,25.06153010959665,-0.018548189914714325,0.0,0.09274094957357162,0.0,0.0,0.0,epa_hwfet,RuleBasedEMS
238,21.5181,-9255.746153020387,0.0,0.0,0.4802493358565423,25.06162727359724,-0.01739801908462479,0.0,0.08699009542312394,0.0,0.0,0.0,epa_hwfet,RuleBasedEMS
239,21.4941,-8296.234018000687,0.0,0.0,0.48019705621349257,25.061708525682647,-0.015594424845865954,0.0,0.07797212422932977,0.0,0.0,0.0,epa_hwfet,RuleBasedEMS
240,21.4382,-7180.69928415866,0.0,0.0,0.4801518061864917,25.061773265878426,-0.013497555045411015,0.0,0.06748777522705507,0.0,0.0,0.0,epa_hwfet,RuleBasedEMS
241,21.3525,-6116.304819669637,0.0,0.0,0.4801132636719706,25.061824225276496,-0.01149681357080759,0.0,0.057484067854037944,0.0,0.0,0.0,epa_hwfet,RuleBasedEMS
242,21.2445,-5291.1521928096945,0.0,0.0,0.4800799211488249,25.061865701913764,-0.009945774798514464,0.0,0.049728873992572316,0.0,0.0,0.0,epa_hwfet,RuleBasedEMS
243,21.1264,-4867.873497427711,0.0,0.0,0.48004924621406597,25.06190240713136,-0.009150138153059607,0.0,0.04575069076529804,0.0,0.0,0.0,epa_hwfet,RuleBasedEMS
244,21.0126,-4923.159408415366,0.0,0.0,0.48001822320408594,25.06193888339087,-0.009254059038374748,0.0,0.046270295191873735,0.0,0.0,0.0,epa_hwfet,RuleBasedEMS
245,20.9181,-5480.458023577883,0.0,0.0,0.4799836887326964,25.061980163454646,-0.010301612826274217,0.0,0.05150806413137108,0.0,0.0,0.0,epa_hwfet,RuleBasedEMS
246,20.8558,-6476.975163369491,0.0,0.0,0.4799428751128048,25.062032189668695,-0.012174765344679496,0.0,0.06087382672339747,0.0,0.0,0.0,epa_hwfet,RuleBasedEMS
247,20.8346,-7791.626661018653,0.0,0.0,0.4798937775896523,25.062101665566274,-0.014645914776350853,0.0,0.07322957388175426,0.0,0.0,0.0,epa_hwfet,RuleBasedEMS
248,20.8578,-9252.703313866563,0.0,0.0,0.4798354732715497,25.06219468102934,-0.017392299462155196,0.0,0.08696149731077597,0.0,0.0,0.0,epa_hwfet,RuleBasedEMS
249,20.9224,-10661.85182050577,0.0,0.0,0.4797682890034562,25.062314511175188,-0.020041074850574755,0.0,0.10020537425287378,0.0,0.0,0.0,epa_hwfet,RuleBasedEMS
250,21.0192,-11814.012363497914,0.0,0.0,0.4796938436978272,25.06245936209,-0.022206790156950967,0.0,0.11103395078475482,0.0,0.0,0.0,epa_hwfet,RuleBasedEMS
251,21.1337,-12520.018120504663,0.0,0.0,0.4796149483428458,25.062621175172062,-0.023533868647565157,0.0,0.11766934323782578,0.0,0.0,0.0,epa_hwfet,RuleBasedEMS
252,21.248,-12641.433978841776,0.0,0.0,0.4795352865075359,25.062786672905847,-0.023762093945191312,0.0,0.11881046972595655,0.0,0.0,0.0,epa_hwfet,RuleBasedEMS
253,21.3427,-12097.500922008063,0.0,0.0,0.479459051031253,25.062940197443,-0.0227396633872332,0.0,0.113698316936166,0.0,0.0,0.0,epa_hwfet,RuleBasedEMS
254,21.3995,-10898.519138631473,0.0,0.0,0.47939037021893977,25.063068228859812,-0.020485938230510287,0.0,0.10242969115255143,0.0,0.0,0.0,epa_hwfet,RuleBasedEMS
255,21.4034,-9141.336928438901,0.0,0.0,0.4793327623040868,25.063163255672283,-0.017182964151200943,0.0,0.0859148207560047,0.0,0.0,0.0,epa_hwfet,RuleBasedEMS
256,21.3451,-7020.008879482029,0.0,0.0,0.4792885226366794,25.063225789748426,-0.013195505412560204,0.0,0.06597752706280102,0.0,0.0,0.0,epa_hwfet,RuleBasedEMS
257,21.2217,-4765.056051632919,0.0,0.0,0.4792584936461068,25.06326271315021,-0.008956872277505487,0.0,0.04478436138752743,0.0,0.0,0.0,epa_hwfet,RuleBasedEMS
258,21.0374,-2634.7235358175335,0.0,0.0,0.47924189001906303,25.063283847726613,-0.004952487849281078,0.0,0.02476243924640539,0.0,0.0,0.0,epa_hwfet,RuleBasedEMS
259,20.803,-864.5710986544391,0.0,0.0,0.4792364417218661,25.063297895491395,-0.0016251336440872917,0.0,0.008125668220436458,0.0,0.0,0.0,epa_hwfet,RuleBasedEMS
260,20.5347,261.2834530532727,0.0,0.0,0.47923808822186836,25.063309818508067,0.014140739060732755,0.0,0.002455671551252563,0.010451338122130907,0.0,0.0,epa_hwfet,RuleBasedEMS
261,20.2517,689.7259895290948,0.0,0.0,0.47924243447297377,25.063320531827134,0.037328177989702435,0.0,0.00648238711963435,0.027589039581163793,0.0,0.0,epa_hwfet,RuleBasedEMS
262,19.9322,1601.6365098389608,0.0,0.0,0.4792525267767738,25.06333166131651,0.08668104960767548,0.0,0.015052974716531586,0.06406546039355843,0.0,0.0,epa_hwfet,RuleBasedEMS
263,19.6373,1133.5686398887715,0.0,0.0,0.4792596694588833,25.06333996080387,0.06134907571367952,0.0,0.010653840600458379,0.04534274559555086,0.0,0.0,epa_hwfet,RuleBasedEMS
264,19.3819,342.85856786409147,0.0,0.0,0.4792618297723829,25.063345731627752,0.018555608808163385,0.0,0.0032223549611286794,0.01371434271456366,0.0,0.0,epa_hwfet,RuleBasedEMS
265,19.1755,-901.0585753938935,0.0,0.0,0.47925615243566433,25.06335096572061,-0.0016937191266802511,0.0,0.008468595633401256,0.0,0.0,0.0,epa_hwfet,RuleBasedEMS
266,19.0212,-2369.68102066057,0.0,0.0,0.47924122196173863,25.06335983180448,-0.004454287632820621,0.0,0.022271438164103104,0.0,0.0,0.0,epa_hwfet,RuleBasedEMS
267,18.9154,-3739.075884995392,0.0,0.0,0.47921766373765506,25.063375984260794,-0.007028338129690587,0.0,0.03514169064845293,0.0,0.0,0.0,epa_hwfet,RuleBasedEMS
268,18.8489,-4850.489908447587,0.0,0.0,0.4791871032200507,25.06340077937761,-0.009117462233924038,0.0,0.045587311169620184,0.0,0.0,0.0,epa_hwfet,RuleBasedEMS
269,18.808,-5571.967517206304,0.0,0.0,0.47915199714204737,25.063432475263955,-0.01047362315264343,0.0,0.05236811576321715,0.0,0.0,0.0,epa_hwfet,RuleBasedEMS
270,18.7771,-5842.123261205161,0.0,0.0,0.4791151889698528,25.063466978105247,-0.010981434701513462,0.0,0.054907173507567304,0.0,0.0,0.0,epa_hwfet,RuleBasedEMS
271,18.7405,-5649.491423533228,0.0,0.0,0.4790795944505762,25.06349930666097,-0.010619344781077497,0.0,0.05309672390538748,0.0,0.0,0.0,epa_hwfet,RuleBasedEMS
272,18.685,-5060.679882525142,0.0,0.0,0.4790477097299144,25.063525553770756,-0.009512556170160042,0.0,0.04756278085080021,0.0,0.0,0.0,epa_hwfet,RuleBasedEMS
273,18.6017,-4199.843925146371,0.0,0.0,0.4790212487446193,25.0635440587569,-0.007894443468320246,0.0,0.03947221734160123,0.0,0.0,0.0,epa_hwfet,RuleBasedEMS
274,18.4872,-3230.7438471189416,0.0,0.0,0.4790008936442447,25.063555437480563,-0.006072826780298763,0.0,0.03036413390149381,0.0,0.0,0.0,epa_hwfet,RuleBasedEMS
275,18.3441,-2332.9750803029174,0.0,0.0,0.47898619499892137,25.063561659532937,-0.004385291504328793,0.0,0.02192645752164396,0.0,0.0,0.0,epa_hwfet,RuleBasedEMS
276,18.1804,-1665.8804671385653,0.0,0.0,0.4789756994221501,25.06356482929103,-0.003131354261538657,0.0,0.015656771307693284,0.0,0.0,0.0,epa_hwfet,RuleBasedEMS
277,18.0087,-1360.470440066643,0.0,0.0,0.4789671281357487,25.063566538387683,-0.002557275263283164,0.0,0.012786376316415817,0.0,0.0,0.0,epa_hwfet,RuleBasedEMS
278,17.8439,-1477.767045416952,0.0,0.0,0.4789578179782115,25.06356797221644,-0.002777757604167203,0.0,0.013888788020836014,0.0,0.0,0.0,epa_hwfet,RuleBasedEMS
279,17.7011,-2019.064834732116,0.0,0.0,0.4789450977222115,25.063570659421284,-0.003795234651752098,0.0,0.018976173258760488,0.0,0.0,0.0,epa_hwfet,RuleBasedEMS
280,17.5935,-2930.982676488224,0.0,0.0,0.4789266325066678,25.063577184201073,-0.005509365933248542,0.0,0.02754682966624271,0.0,0.0,0.0,epa_hwfet,RuleBasedEMS
281,17.5301,-4102.838483810354,0.0,0.0,0.47890078476336945,25.063591217798333,-0.007712102413177358,0.0,0.03856051206588679,0.0,0.0,0.0,epa_hwfet,RuleBasedEMS
282,17.5141,-5384.712455401094,0.0,0.0,0.4788668613382622,25.063616633375176,-0.010121639953761455,0.0,0.050608199768807274,0.0,0.0,0.0,epa_hwfet,RuleBasedEMS
283,17.5425,-6615.280061483448,0.0,0.0,0.4788251853052247,25.06365606210595,-0.012434736957675654,0.0,0.062173684788378265,0.0,0.0,0.0,epa_hwfet,RuleBasedEMS
284,17.6059,-7620.720642205841,0.0,0.0,0.4787771747202208,25.06370922323188,-0.014324662861289176,0.0,0.07162331430644588,0.0,0.0,0.0,epa_hwfet,RuleBasedEMS
285,17.6896,-8246.170194847036,0.0,0.0,0.4787252232876028,25.063772073699266,-0.015500319915126008,0.0,0.07750159957563003,0.0,0.0,0.0,epa_hwfet,RuleBasedEMS
286,17.7752,-8370.228334364143,0.0,0.0,0.4786724896585882,25.063837229597524,-0.015733511906699516,0.0,0.07866755953349758,0.0,0.0,0.0,epa_hwfet,RuleBasedEMS
287,17.8428,-7927.635980456884,0.0,0.0,0.4786225438288024,25.063895904345554,-0.014901571391836246,0.0,0.07450785695918123,0.0,0.0,0.0,epa_hwfet,RuleBasedEMS
288,17.8738,-6935.390598960936,0.0,0.0,0.47857884892008035,25.063940888007924,-0.013036448494287473,0.0,0.06518224247143736,0.0,0.0,0.0,epa_hwfet,RuleBasedEMS
289,17.8526,-5469.610389506792,0.0,0.0,0.4785443886185105,25.06396878593846,-0.010281222536666903,0.0,0.05140611268333451,0.0,0.0,0.0,epa_hwfet,RuleBasedEMS
290,17.7693,-3696.6791003588887,0.0,0.0,0.4785210983267256,25.063981233490743,-0.006948644925486633,0.0,0.034743224627433164,0.0,0.0,0.0,epa_hwfet,RuleBasedEMS
291,17.6205,-1816.0191325413837,0.0,0.0,0.4785096568674099,25.063983581531065,-0.0034135697980101198,0.0,0.017067848990050597,0.0,0.0,0.0,epa_hwfet,RuleBasedEMS
292,17.4098,-42.63800952129162,0.0,0.0,0.47850938823835,25.063982308547615,-8.01466344385181e-05,0.0,0.00040073317219259044,0.0,0.0,0.0,epa_hwfet,RuleBasedEMS
293,17.1476,1024.3870958831162,0.0,0.0,0.4785158419971225,25.06398134137504,0.05544013771553887,0.0,0.00962769826957816,0.04097548383532465,0.0,0.0,epa_hwfet,RuleBasedEMS
294,16.8495,1756.1062003674842,0.0,0.0,0.47852690544766857,25.063981533550557,0.09504099571612896,0.0,0.016504757522250793,0.07024424801469938,0.0,0.0,epa_hwfet,RuleBasedEMS
295,16.5344,2111.4597239941854,0.0,0.0,0.4785402073268581,25.06398223070996,0.1142728352880462,0.0,0.01984454627814084,0.08445838895976741,0.0,0.0,epa_hwfet,RuleBasedEMS
296,16.2224,2085.2400439849175,0.0,0.0,0.47855334372804514,25.063982047936147,0.11285381832032658,0.0,0.019598120714143963,0.0834096017593967,0.0,0.0,epa_hwfet,RuleBasedEMS
297,15.9321,1723.4532845573392,0.0,0.0,0.47856420074135897,25.06397984774002,0.09327381009205811,0.0,0.016197869215764465,0.06893813138229357,0.0,0.0,epa_hwfet,RuleBasedEMS
298,15.6782,1109.905645260745,0.0,0.0,0.47857119252974656,25.06397538138654,0.06006842732772061,0.0,0.010431444034405497,0.0443962258104298,0.0,0.0,epa_hwfet,RuleBasedEMS
299,15.4703,340.42378872228227,0.0,0.0,0.4785733369736231,25.0639693455377,0.018423837828744266,0.0,0.0031994716985176905,0.01361695154889129,0.0,0.0,epa_hwfet,RuleBasedEMS
300,15.3114,-655.2313100937829,0.0,0.0,0.4785692095086122,25.06396320333278,-0.0012316378009281635,0.0,0.006158189004640817,0.0,0.0,0.0,epa_hwfet,RuleBasedEMS
301,15.1981,-1697.6509630736396,0.0,0.0,0.4785585156892798,25.063959097985194,-0.0031910732388602246,0.0,0.015955366194301122,0.0,0.0,0.0,epa_hwfet,RuleBasedEMS
302,15.3494,-8073.933746743042,0.0,0.0,0.47850765678213864,25.06401388351203,-0.01517656719312602,0.0,0.0758828359656301,0.0,0.0,0.0,epa_hwfet,RuleBasedEMS
303,15.5241,-8779.967642306912,0.0,0.0,0.47845234955296456,25.064080326874443,-0.016503698575764874,0.0,0.08251849287882436,0.0,0.0,0.0,epa_hwfet,RuleBasedEMS
304,15.7068,-9131.273999343046,0.0,0.0,0.4783948282950573,25.064153177626054,-0.017164048870945577,0.0,0.08582024435472788,0.0,0.0,0.0,epa_hwfet,RuleBasedEMS
305,15.8823,-9107.014012343958,0.0,0.0,0.47833745876033396,25.06422608619505,-0.01711844739162398,0.0,0.0855922369581199,0.0,0.0,0.0,epa_hwfet,RuleBasedEMS
306,16.038,-8749.028987430027,0.0,0.0,0.47828234332614167,25.064293411138173,-0.01644554320945494,0.0,0.08222771604727469,0.0,0.0,0.0,epa_hwfet,RuleBasedEMS
307,16.1655,-8148.348815704604,0.0,0.0,0.478231011078547,25.06435155338207,-0.015316445142301889,0.0,0.07658222571150944,0.0,0.0,0.0,epa_hwfet,RuleBasedEMS
308,16.2619,-7440.012446484155,0.0,0.0,0.47818414047850766,25.064399602267937,-0.013984985801661945,0.0,0.06992492900830972,0.0,0.0,0.0,epa_hwfet,RuleBasedEMS
309,16.3303,-6781.362926079311,0.0,0.0,0.4781414187529984,25.06443906608927,-0.012746922793382166,0.0,0.06373461396691082,0.0,0.0,0.0,epa_hwfet,RuleBasedEMS
310,16.3795,-6328.038578172158,0.0,0.0,0.4781015525624521,25.064473115148925,-0.011894809357466464,0.0,0.05947404678733231,0.0,0.0,0.0,epa_hwfet,RuleBasedEMS
311,16.4223,-6194.590354350687,0.0,0.0,0.47806252681271166,25.064505745612323,-0.011643966831486255,0.0,0.058219834157431274,0.0,0.0,0.0,epa_hwfet,RuleBasedEMS
312,16.4741,-6461.216293594962,0.0,0.0,0.47802182106706975,25.06454172343927,-0.012145143409013086,0.0,0.06072571704506543,0.0,0.0,0.0,epa_hwfet,RuleBasedEMS
313,16.5505,-7148.981765380682,0.0,0.0,0.47797678206721045,25.064586752223263,-0.013437935649211807,0.0,0.06718967824605904,0.0,0.0,0.0,epa_hwfet,RuleBasedEMS
314,16.6648,-8217.908593070808,0.0,0.0,0.4779250082795828,25.06464760744494,-0.015447196603516556,0.0,0.07723598301758278,0.0,0.0,0.0,epa_hwfet,RuleBasedEMS
315,16.8263,-9586.3016310658,0.0,0.0,0.47786461267660146,25.06473193685966,-0.0180193639681688,0.0,0.09009681984084399,0.0,0.0,0.0,epa_hwfet,RuleBasedEMS
316,17.0383,-11117.211843067913,0.0,0.0,0.47779457082177756,25.06484685428198,-0.02089701474260886,0.0,0.10448507371304429,0.0,0.0,0.0,epa_hwfet,RuleBasedEMS
317,17.2978,-12654.958665943212,0.0,0.0,0.4777148389192266,25.06499715787886,-0.023787516289366942,0.0,0.1189375814468347,0.0,0.0,0.0,epa_hwfet,RuleBasedEMS
318,17.5953,-14019.711634380923,0.0,0.0,0.477626506082349,25.065182906387626,-0.026352841418009254,0.0,0.13176420709004627,0.0,0.0,0.0,epa_hwfet,RuleBasedEMS
319,17.9158,-15035.5494447522,0.0,0.0,0.4775317699083878,25.065397759982023,-0.028262310986376316,0.0,0.14131155493188158,0.0,0.0,0.0,epa_hwfet,RuleBasedEMS
320,18.2407,-15558.622029354892,0.0,0.0,0.47743373465634764,25.06562906056946,-0.029245530130366338,0.0,0.1462276506518317,0.0,0.0,0.0,epa_hwfet,RuleBasedEMS
321,18.5498,-15489.96600443841,0.0,0.0,0.4773361286403338,25.065859700184735,-0.0291164774519519,0.0,0.1455823872597595,0.0,0.0,0.0,epa_hwfet,RuleBasedEMS
322,18.8239,-14806.988756979788,0.0,0.0,0.47724282312258975,25.066072074268188,-0.02783268563342066,0.0,0.13916342816710328,0.0,0.0,0.0,epa_hwfet,RuleBasedEMS
323,19.0471,-13568.792268033083,0.0,0.0,0.4771573174759507,25.06625237656966,-0.025505248624122335,0.0,0.12752624312061167,0.0,0.0,0.0,epa_hwfet,RuleBasedEMS
324,19.2089,-11919.0623726794,0.0,0.0,0.4770822059676874,25.06639383806858,-0.022404252580224437,0.0,0.11202126290112219,0.0,0.0,0.0,epa_hwfet,RuleBasedEMS
325,19.3053,-10056.884969272665,0.0,0.0,0.47701882835544274,25.06649723310085,-0.018903919115174184,0.0,0.09451959557587092,0.0,0.0,0.0,epa_hwfet,RuleBasedEMS
326,19.3395,-8218.474167573806,0.0,0.0,0.47696703565456056,25.06656917508628,-0.015448259713484597,0.0,0.07724129856742298,0.0,0.0,0.0,epa_hwfet,RuleBasedEMS
327,19.3211,-6621.706097438746,0.0,0.0,0.4769253055626272,25.06661872658502,-0.012446815972629222,0.0,0.06223407986314611,0.0,0.0,0.0,epa_hwfet,RuleBasedEMS
328,19.2653,-5457.46418182358,0.0,0.0,0.47689091257010424,25.066654746503637,-0.010258391319217255,0.0,0.05129195659608628,0.0,0.0,0.0,epa_hwfet,RuleBasedEMS
329,19.1907,-4842.850460397962,0.0,0.0,0.47686039302588024,25.06668437746056,-0.009103102369169102,0.0,0.045515511845845506,0.0,0.0,0.0,epa_hwfet,RuleBasedEMS
330,19.1169,-4816.34829774446,0.0,0.0,0.4768300407018281,25.06671329472981,-0.009053286273955753,0.0,0.04526643136977876,0.0,0.0,0.0,epa_hwfet,RuleBasedEMS
331,19.062,-5339.527894392114,0.0,0.0,0.47679639155280684,25.06674679960082,-0.010036706568406231,0.0,0.05018353284203115,0.0,0.0,0.0,epa_hwfet,RuleBasedEMS
332,19.0407,-6319.7004639954575,0.0,0.0,0.476756565635074,25.066790801994475,-0.011879136210517777,0.0,0.05939568105258888,0.0,0.0,0.0,epa_hwfet,RuleBasedEMS
333,19.0623,-7608.153379763616,0.0,0.0,0.47670862009620835,25.06685166358323,-0.014301040187525593,0.0,0.07150520093762797,0.0,0.0,0.0,epa_hwfet,RuleBasedEMS
334,19.1299,-9032.924695006199,0.0,0.0,0.47665169562890697,25.06693507460943,-0.016979181757530448,0.0,0.08489590878765224,0.0,0.0,0.0,epa_hwfet,RuleBasedEMS
335,19.24,-10404.517083687975,0.0,0.0,0.4765861269710056,25.06704407174278,-0.019557362939263113,0.0,0.09778681469631556,0.0,0.0,0.0,epa_hwfet,RuleBasedEMS
336,19.3838,-11561.506491425238,0.0,0.0,0.4765132660643549,25.067177698289427,-0.02173215505907,0.0,0.10866077529534998,0.0,0.0,0.0,epa_hwfet,RuleBasedEMS
337,19.5484,-12365.585327965551,0.0,0.0,0.47643533650674136,25.06733028406117,-0.02324358144354427,0.0,0.11621790721772135,0.0,0.0,0.0,epa_hwfet,RuleBasedEMS
338,19.7186,-12722.23843796505,0.0,0.0,0.47635515771987,25.067492193139497,-0.023913982026250096,0.0,0.11956991013125047,0.0,0.0,0.0,epa_hwfet,RuleBasedEMS
339,19.8797,-12619.080544021856,0.0,0.0,0.4762756274598606,25.067652505644457,-0.0237200762105674,0.0,0.11860038105283699,0.0,0.0,0.0,epa_hwfet,RuleBasedEMS
340,20.0196,-12113.162717183883,0.0,0.0,0.4761992842180557,25.067801795749574,-0.022769102851849406,0.0,0.11384551425924702,0.0,0.0,0.0,epa_hwfet,RuleBasedEMS
341,20.1302,-11314.971676869682,0.0,0.0,0.4761279703663859,25.067934082068618,-0.021268743753514438,0.0,0.10634371876757219,0.0,0.0,0.0,epa_hwfet,RuleBasedEMS
342,20.2094,-10410.20577556289,0.0,0.0,0.47606235799738955,25.068048291062205,-0.019568055969103177,0.0,0.09784027984551588,0.0,0.0,0.0,epa_hwfet,RuleBasedEMS
343,20.2608,-9585.211475849856,0.0,0.0,0.47600194469541846,25.06814723515652,-0.01801731480422905,0.0,0.09008657402114525,0.0,0.0,0.0,epa_hwfet,RuleBasedEMS
344,20.2935,-9026.135352459378,0.0,0.0,0.47594505470771037,25.06823652592355,-0.01696641983544996,0.0,0.08483209917724979,0.0,0.0,0.0,epa_hwfet,RuleBasedEMS
345,20.3211,-8890.544872458368,0.0,0.0,0.47588901903400277,25.068323618912764,-0.01671155051213979,0.0,0.08355775256069894,0.0,0.0,0.0,epa_hwfet,RuleBasedEMS
346,20.3595,-9268.020580475857,0.0,0.0,0.4758306039243571,25.068417296311534,-0.017421091316683943,0.0,0.08710545658341971,0.0,0.0,0.0,epa_hwfet,RuleBasedEMS
347,20.4245,-10174.456643731155,0.0,0.0,0.47576647529327276,25.06852785074569,-0.019124918503254054,0.0,0.09562459251627026,0.0,0.0,0.0,epa_hwfet,RuleBasedEMS
348,20.53,-11572.378255246662,0.0,0.0,0.475693535045146,25.068667583024116,-0.02175259070535087,0.0,0.10876295352675434,0.0,0.0,0.0,epa_hwfet,RuleBasedEMS
349,20.6854,-13343.253128215756,0.0,0.0,0.4756094318971876,25.068849786642566,-0.02508130287258601,0.0,0.12540651436293004,0.0,0.0,0.0,epa_hwfet,RuleBasedEMS
350,20.8944,-15326.594596021216,0.0,0.0,0.47551282577473053,25.06908689925951,-0.028809388338385745,0.0,0.14404694169192872,0.0,0.0,0.0,epa_hwfet,RuleBasedEMS
351,21.1539,-17313.95284977983,0.0,0.0,0.4754036901710911,25.069386917475864,-0.032545024153721486,0.0,0.16272512076860743,0.0,0.0,0.0,epa_hwfet,RuleBasedEMS
352,21.4008,-17228.333289557493,0.0,0.0,0.4752950907661181,25.06968585859482,-0.03238408513074717,0.0,0.16192042565373585,0.0,0.0,0.0,epa_hwfet,RuleBasedEMS
353,21.6737,-18473.89487886159,0.0,0.0,0.4751786363134343,25.070028725908234,-0.03472536631364961,0.0,0.173626831568248,0.0,0.0,0.0,epa_hwfet,RuleBasedEMS
354,21.9538,-19115.7238010942,0.0,0.0,0.47505813178901535,25.070396475435274,-0.0359318116561921,0.0,0.17965905828096052,0.0,0.0,0.0,epa_hwfet,RuleBasedEMS
355,22.2206,-19041.76800077719,0.0,0.0,0.4749380891820121,25.070763659677528,-0.03579279699394208,0.0,0.17896398496971042,0.0,0.0,0.0,epa_hwfet,RuleBasedEMS
356,22.4546,-18234.156909648453,0.0,0.0,0.47482313392234643,25.071104341731882,-0.034274731033173786,0.0,0.17137365516586892,0.0,0.0,0.0,epa_hwfet,RuleBasedEMS
357,22.6393,-16758.44677597346,0.0,0.0,0.47471747886099613,25.071397854477446,-0.031500839804461396,0.0,0.15750419902230697,0.0,0.0,0.0,epa_hwfet,RuleBasedEMS
358,22.7638,-14794.30200732756,0.0,0.0,0.47462420460024063,25.071633987587397,-0.027808838359638273,0.0,0.13904419179819136,0.0,0.0,0.0,epa_hwfet,RuleBasedEMS
359,22.8237,-12576.222596387377,0.0,0.0,0.4745449133813826,25.07181341501599,-0.023639516158622892,0.0,0.11819758079311445,0.0,0.0,0.0,epa_hwfet,RuleBasedEMS
360,22.8214,-10365.454140831598,0.0,0.0,0.4744795601272346,25.071945035908065,-0.019483936354946614,0.0,0.09741968177473306,0.0,0.0,0.0,epa_hwfet,RuleBasedEMS
361,22.7662,-8433.40769877599,0.0,0.0,0.47442638818022626,25.07204195031949,-0.01585227011048119,0.0,0.07926135055240593,0.0,0.0,0.0,epa_hwfet,RuleBasedEMS
362,22.6726,-6987.922063436929,0.0,0.0,0.474382330136558,25.07211700088522,-0.013135191848565656,0.0,0.06567595924282828,0.0,0.0,0.0,epa_hwfet,RuleBasedEMS
363,22.5588,-6175.960026459915,0.0,0.0,0.4743433918128785,25.072180874280836,-0.011608947418157736,0.0,0.058044737090788674,0.0,0.0,0.0,epa_hwfet,RuleBasedEMS
364,22.4438,-6034.520154287684,0.0,0.0,0.47430534571810123,25.072241927590284,-0.011343082996781361,0.0,0.0567154149839068,0.0,0.0,0.0,epa_hwfet,RuleBasedEMS
365,22.3454,-6527.364681048806,0.0,0.0,0.4742641928804391,25.07230770196531,-0.012269482483174448,0.0,0.061347412415872236,0.0,0.0,0.0,epa_hwfet,RuleBasedEMS
366,22.2779,-7539.152138496267,0.0,0.0,0.47421666155317477,25.072386006841032,-0.014171338606195991,0.0,0.07085669303097995,0.0,0.0,0.0,epa_hwfet,RuleBasedEMS
367,22.2505,-8901.909125276079,0.0,0.0,0.4741605389470022,25.072484888233024,-0.01673291188961669,0.0,0.08366455944808344,0.0,0.0,0.0,epa_hwfet,RuleBasedEMS
368,22.2659,-10399.428779019296,0.0,0.0,0.47409497522613836,25.072610868372283,-0.019547798456803187,0.0,0.09773899228401593,0.0,0.0,0.0,epa_hwfet,RuleBasedEMS
369,22.3209,-11832.157894745278,0.0,0.0,0.4740203784892301,25.072767112242282,-0.02224089829839338,0.0,0.1112044914919669,0.0,0.0,0.0,epa_hwfet,RuleBasedEMS
370,22.4065,-12994.350877876024,0.0,0.0,0.4739384538770634,25.07295111023266,-0.024425471574954935,0.0,0.12212735787477466,0.0,0.0,0.0,epa_hwfet,RuleBasedEMS
371,22.5099,-13738.848867468976,0.0,0.0,0.47385183435747996,25.073154628853242,-0.025824903886219882,0.0,0.1291245194310994,0.0,0.0,0.0,epa_hwfet,RuleBasedEMS
372,22.6163,-13972.962041849392,0.0,0.0,0.4737637374770515,25.073365090333773,-0.026264966244077804,0.0,0.13132483122038902,0.0,0.0,0.0,epa_hwfet,RuleBasedEMS
373,22.7114,-13689.867488629261,0.0,0.0,0.47367742409690033,25.07356893240716,-0.025732833625242976,0.0,0.12866416812621487,0.0,0.0,0.0,epa_hwfet,RuleBasedEMS
374,22.7832,-12950.990275775113,0.0,0.0,0.47359576809710957,25.07375480629832,-0.02434396668378781,0.0,0.12171983341893904,0.0,0.0,0.0,epa_hwfet,RuleBasedEMS
375,22.8243,-11909.435532863352,0.0,0.0,0.4735206782386502,25.073916611030192,-0.022386157016660437,0.0,0.11193078508330218,0.0,0.0,0.0,epa_hwfet,RuleBasedEMS
376,22.833,-10768.506345107442,0.0,0.0,0.4734527815051017,25.074054089557947,-0.020241553280277148,0.0,0.10120776640138573,0.0,0.0,0.0,epa_hwfet,RuleBasedEMS
377,22.8135,-9746.658815429768,0.0,0.0,0.4733913274277752,25.07417161280844,-0.01832078724704844,0.0,0.09160393623524218,0.0,0.0,0.0,epa_hwfet,RuleBasedEMS
378,22.7755,-9051.876225391594,0.0,0.0,0.47333425405657675,25.074276433586217,-0.017014804934946608,0.0,0.08507402467473303,0.0,0.0,0.0,epa_hwfet,RuleBasedEMS
379,22.7331,-8853.726309782101,0.0,0.0,0.47327843018035115,25.07437742635019,-0.016642342687560343,0.0,0.0832117134378017,0.0,0.0,0.0,epa_hwfet,RuleBasedEMS
380,22.7026,-9243.663164919708,0.0,0.0,0.4732201478693122,25.074484632831307,-0.017375306700976895,0.0,0.08687653350488447,0.0,0.0,0.0,epa_hwfet,RuleBasedEMS
381,22.7006,-10248.03423426355,0.0,0.0,0.47315553297277685,25.074610059545083,-0.0192632222448563,0.0,0.09631611122428149,0.0,0.0,0.0,epa_hwfet,RuleBasedEMS
382,22.7411,-11794.280879356927,0.0,0.0,0.47308116865942046,25.07476774431428,-0.02216970090104686,0.0,0.11084850450523429,0.0,0.0,0.0,epa_hwfet,RuleBasedEMS
383,22.834,-13760.335557261425,0.0,0.0,0.47299440746712457,25.074973418780143,-0.02586529240086734,0.0,0.1293264620043367,0.0,0.0,0.0,epa_hwfet,RuleBasedEMS
384,22.9832,-15955.125534580113,0.0,0.0,0.47289380629993977,25.07524178861542,-0.029990837471015247,0.0,0.14995418735507623,0.0,0.0,0.0,epa_hwfet,RuleBasedEMS
385,23.186,-18156.31565350799,0.0,0.0,0.4727793235610922,25.075582761499927,-0.034128412882533814,0.0,0.17064206441266908,0.0,0.0,0.0,epa_hwfet,RuleBasedEMS
386,23.4329,-20115.196384302177,0.0,0.0,0.4726524856280692,25.075996772139376,-0.037810519519364996,0.0,0.18905259759682497,0.0,0.0,0.0,epa_hwfet,RuleBasedEMS
387,23.7089,-21606.09858542092,0.0,0.0,0.47251624191631625,25.076472189285603,-0.0406129672658288,0.0,0.203064836329144,0.0,0.0,0.0,epa_hwfet,RuleBasedEMS
388,23.9951,-22439.598366488986,0.0,0.0,0.4723747367546813,25.076985183538508,-0.04217969617761088,0.0,0.21089848088805438,0.0,0.0,0.0,epa_hwfet,RuleBasedEMS
389,24.2707,-22486.312249214094,0.0,0.0,0.47223293117079845,25.077503083973866,-0.042267504227846045,0.0,0.2113375211392302,0.0,0.0,0.0,epa_hwfet,RuleBasedEMS
390,24.516,-21729.972554083626,0.0,0.0,0.4720958897807265,25.0779921114772,-0.04084581307158577,0.0,0.2042290653579288,0.0,0.0,0.0,epa_hwfet,RuleBasedEMS
391,24.7142,-20236.22389253321,0.0,0.0,0.4719682641443371,25.07842422331973,-0.038038014835588746,0.0,0.1901900741779437,0.0,0.0,0.0,epa_hwfet,RuleBasedEMS
392,24.854,-18193.764745922046,0.0,0.0,0.4718535163876085,25.07878391256396,-0.0341988059133873,0.0,0.17099402956693652,0.0,0.0,0.0,epa_hwfet,RuleBasedEMS
393,24.9302,-15838.53379979197,0.0,0.0,0.47175362078856065,25.079068934956723,-0.029771680074796938,0.0,0.14885840037398468,0.0,0.0,0.0,epa_hwfet,RuleBasedEMS
394,24.945,-13476.201180349766,0.0,0.0,0.4716686235508886,25.079288892353066,-0.025331205226221367,0.0,0.12665602613110682,0.0,0.0,0.0,epa_hwfet,RuleBasedEMS
395,24.907,-11382.329854716068,0.0,0.0,0.47159683242924666,25.079459384032173,-0.021395356869767047,0.0,0.10697678434883523,0.0,0.0,0.0,epa_hwfet,RuleBasedEMS
396,24.8303,-9796.990161385731,0.0,0.0,0.4715350405637711,25.07959732733031,-0.018415395040198745,0.0,0.09207697520099371,0.0,0.0,0.0,epa_hwfet,RuleBasedEMS
397,24.7323,-8868.469880531504,0.0,0.0,0.47147910550773536,25.079717705691294,-0.0166700561664126,0.0,0.083350280832063,0.0,0.0,0.0,epa_hwfet,RuleBasedEMS
398,24.6316,-8657.162211231886,0.0,0.0,0.4714245037738458,25.079833238661365,-0.016272861299308057,0.0,0.08136430649654028,0.0,0.0,0.0,epa_hwfet,RuleBasedEMS
399,24.5457,-9131.310353896582,0.0,0.0,0.47136691214606335,25.07995545741066,-0.017164117206572526,0.0,0.08582058603286262,0.0,0.0,0.0,epa_hwfet,RuleBasedEMS
400,24.4884,-10159.13950126116,0.0,0.0,0.4713028384965329,25.080095387329113,-0.01909612688206985,0.0,0.09548063441034924,0.0,0.0,0.0,epa_hwfet,RuleBasedEMS
401,24.4684,-11556.51501389812,0.0,0.0,0.47122995193864814,25.08026337156958,-0.021722772582515266,0.0,0.10861386291257633,0.0,0.0,0.0,epa_hwfet,RuleBasedEMS
402,24.4527,-11701.656255544041,0.0,0.0,0.47115614993702415,25.080434212874806,-0.02199559446530835,0.0,0.10997797232654175,0.0,0.0,0.0,epa_hwfet,RuleBasedEMS
403,24.4734,-13111.823902044454,0.0,0.0,0.47107345395032396,25.080638014169626,-0.02464628553015875,0.0,0.12323142765079374,0.0,0.0,0.0,epa_hwfet,RuleBasedEMS
404,24.5217,-14224.502330012043,0.0,0.0,0.4709837397671984,25.080870845973056,-0.026737786334609104,0.0,0.13368893167304552,0.0,0.0,0.0,epa_hwfet,RuleBasedEMS
405,24.5848,-14871.73968454276,0.0,0.0,0.4708899425043577,25.081122016971467,-0.027954397903275863,0.0,0.1397719895163793,0.0,0.0,0.0,epa_hwfet,RuleBasedEMS
406,24.648,-14958.743162491308,0.0,0.0,0.4707955953583767,25.081376269880707,-0.028117938275359602,0.0,0.140589691376798,0.0,0.0,0.0,epa_hwfet,RuleBasedEMS
407,24.6971,-14481.914094727295,0.0,0.0,0.4707042545330816,25.081617801269157,-0.027221643035201682,0.0,0.1361082151760084,0.0,0.0,0.0,epa_hwfet,RuleBasedEMS
408,24.7207,-13532.058550723184,0.0,0.0,0.4706189037891717,25.081834501333336,-0.02543620028331426,0.0,0.1271810014165713,0.0,0.0,0.0,epa_hwfet,RuleBasedEMS
409,24.7117,-12267.532163261241,0.0,0.0,0.4705415282640931,25.082020354923973,-0.023059270983573764,0.0,0.11529635491786881,0.0,0.0,0.0,epa_hwfet,RuleBasedEMS
410,24.6688,-10914.745855755937,0.0,0.0,0.4704726850647832,25.082176181230768,-0.0205164395784886,0.0,0.10258219789244301,0.0,0.0,0.0,epa_hwfet,RuleBasedEMS
411,24.5967,-9714.41401897418,0.0,0.0,0.47041141292953353,25.082307859881595,-0.018260176727395074,0.0,0.09130088363697537,0.0,0.0,0.0,epa_hwfet,RuleBasedEMS
412,24.5057,-8893.844173871665,0.0,0.0,0.47035531676347825,25.082424084850093,-0.016717752206525684,0.0,0.08358876103262843,0.0,0.0,0.0,epa_hwfet,RuleBasedEMS
413,24.4105,-8633.202317478896,0.0,0.0,0.4703008650267743,25.082534827865956,-0.016227823905035518,0.0,0.08113911952517759,0.0,0.0,0.0,epa_hwfet,RuleBasedEMS
414,24.3278,-9019.53723234561,0.0,0.0,0.47024397711348637,25.082650887043894,-0.016954017354033103,0.0,0.08477008677016551,0.0,0.0,0.0,epa_hwfet,RuleBasedEMS
415,24.2748,-10084.743036356214,0.0,0.0,0.4701803712313466,25.082785282286842,-0.018956283902925215,0.0,0.09478141951462607,0.0,0.0,0.0,epa_hwfet,RuleBasedEMS
416,24.2661,-11747.327880181527,0.0,0.0,0.47010627945619676,25.08295351364902,-0.022081443383799863,0.0,0.11040721691899931,0.0,0.0,0.0,epa_hwfet,RuleBasedEMS
417,24.3119,-13862.30372035954,0.0,0.0,0.4700188480610845,25.083173055731905,-0.026056961880375075,0.0,0.13028480940187537,0.0,0.0,0.0,epa_hwfet,RuleBasedEMS
418,24.4165,-16228.163945387732,0.0,0.0,0.4699164938527331,25.083460695116305,-0.030504067566518297,0.0,0.15252033783259147,0.0,0.0,0.0,epa_hwfet,RuleBasedEMS
419,24.5774,-18601.065883828003,0.0,0.0,0.4697991711712914,25.083827985628176,-0.03496440955606768,0.0,0.17482204778033839,0.0,0.0,0.0,epa_hwfet,RuleBasedEMS
420,24.7855,-20727.559109356498,0.0,0.0,0.46966843265158703,25.08427653085635,-0.0389615772732265,0.0,0.1948078863661325,0.0,0.0,0.0,epa_hwfet,RuleBasedEMS
421,25.0258,-22357.555075569224,0.0,0.0,0.46952740836665785,25.08479419344307,-0.04202547946535569,0.0,0.21012739732677843,0.0,0.0,0.0,epa_hwfet,RuleBasedEMS
422,25.2793,-23291.990822439227,0.0,0.0,0.4693804844463758,25.085355229638786,-0.04378193763616396,0.0,0.2189096881808198,0.0,0.0,0.0,epa_hwfet,RuleBasedEMS
423,25.5252,-23403.646535382002,0.0,0.0,0.4692328503342766,25.085924303829493,-0.043991816795830835,0.0,0.21995908397915415,0.0,0.0,0.0,epa_hwfet,RuleBasedEMS
424,25.7436,-22671.54471850499,0.0,0.0,0.469089828844219,25.08646438832247,-0.042615685561099605,0.0,0.21307842780549802,0.0,0.0,0.0,epa_hwfet,RuleBasedEMS
425,25.9174,-21162.86796343967,0.0,0.0,0.4689563199644549,25.086944394164753,-0.03977982699894675,0.0,0.19889913499473372,0.0,0.0,0.0,epa_hwfet,RuleBasedEMS
426,26.0348,-19067.65621055296,0.0,0.0,0.46883602548500264,25.087346503656224,-0.03584145904239278,0.0,0.1792072952119639,0.0,0.0,0.0,epa_hwfet,RuleBasedEMS
427,26.0905,-16648.728888845697,0.0,0.0,0.46873098935223123,25.087667963072942,-0.031294603174521984,0.0,0.15647301587260992,0.0,0.0,0.0,epa_hwfet,RuleBasedEMS
428,26.0859,-14195.267506720049,0.0,0.0,0.46864143089592397,25.087918110521503,-0.026682833659248215,0.0,0.13341416829624106,0.0,0.0,0.0,epa_hwfet,RuleBasedEMS
429,26.0292,-12009.822177153388,0.0,0.0,0.46856566022147683,25.088113599945423,-0.02257485371645374,0.0,0.11287426858226869,0.0,0.0,0.0,epa_hwfet,RuleBasedEMS
430,25.934,-10337.56439265261,0.0,0.0,0.4685004401808572,25.088272628589685,-0.019431512016264307,0.0,0.09715756008132152,0.0,0.0,0.0,epa_hwfet,RuleBasedEMS
431,25.817,-9323.847681501355,0.0,0.0,0.4684416162761556,25.08841126175696,-0.017526029476506305,0.0,0.08763014738253153,0.0,0.0,0.0,epa_hwfet,RuleBasedEMS
432,25.6965,-9046.960804017257,0.0,0.0,0.4683845399668923,25.08854334480267,-0.01700556542108507,0.0,0.08502782710542535,0.0,0.0,0.0,epa_hwfet,RuleBasedEMS
433,25.5892,-9452.102846769432,0.0,0.0,0.4683249084417888,25.088680828523813,-0.017767110614228258,0.0,0.08883555307114128,0.0,0.0,0.0,epa_hwfet,RuleBasedEMS
434,25.5085,-10416.144159925841,0.0,0.0,0.4682591956959771,25.088835006978172,-0.019579218345725267,0.0,0.09789609172862633,0.0,0.0,0.0,epa_hwfet,RuleBasedEMS
435,25.4629,-11753.119234900763,0.0,0.0,0.46818504886389206,25.089016223433696,-0.02209232938891121,0.0,0.11046164694455604,0.0,0.0,0.0,epa_hwfet,RuleBasedEMS
436,25.4547,-13224.004634196612,0.0,0.0,0.4681016228557554,25.089231696875277,-0.024857151568038745,0.0,0.12428575784019372,0.0,0.0,0.0,epa_hwfet,RuleBasedEMS
437,25.48,-14584.179176192943,0.0,0.0,0.4680096156592912,25.089482948043017,-0.027413870631941624,0.0,0.1370693531597081,0.0,0.0,0.0,epa_hwfet,RuleBasedEMS
438,25.5298,-15623.653803581561,0.0,0.0,0.4679110499538508,25.089764303606778,-0.029367770307484137,0.0,0.14683885153742068,0.0,0.0,0.0,epa_hwfet,RuleBasedEMS
439,25.5914,-16178.317758800686,0.0,0.0,0.4678089838478091,25.090062998563496,-0.03041037172706896,0.0,0.1520518586353448,0.0,0.0,0.0,epa_hwfet,RuleBasedEMS
440,25.65,-16140.794150578062,0.0,0.0,0.4677071531320332,25.0903612637227,-0.03033983862890613,0.0,0.15169919314453065,0.0,0.0,0.0,epa_hwfet,RuleBasedEMS
441,25.6916,-15519.724658469657,0.0,0.0,0.4676092394333084,25.090641517541364,-0.029172414771559508,0.0,0.14586207385779754,0.0,0.0,0.0,epa_hwfet,RuleBasedEMS
442,25.7051,-14414.732158612893,0.0,0.0,0.46751829617235025,25.090890780184633,-0.027095361200400177,0.0,0.13547680600200088,0.0,0.0,0.0,epa_hwfet,RuleBasedEMS
443,25.6836,-12987.718633000219,0.0,0.0,0.4674363554912449,25.09110294669415,-0.024413004949248533,0.0,0.12206502474624266,0.0,0.0,0.0,epa_hwfet,RuleBasedEMS
444,25.6263,-11487.495180397553,0.0,0.0,0.46736387975958554,25.091279820533533,-0.02159303605337886,0.0,0.10796518026689429,0.0,0.0,0.0,epa_hwfet,RuleBasedEMS
445,25.5384,-10165.163706503812,0.0,0.0,0.4672997469920715,25.091428623215815,-0.019107450576134985,0.0,0.09553725288067492,0.0,0.0,0.0,epa_hwfet,RuleBasedEMS
446,25.4306,-9253.162822606499,0.0,0.0,0.46724136858331383,25.091559354306153,-0.017393163200388157,0.0,0.08696581600194078,0.0,0.0,0.0,epa_hwfet,RuleBasedEMS
447,25.3181,-8942.42678171635,0.0,0.0,0.46718495123471954,25.09168324325161,-0.016809072897963066,0.0,0.08404536448981532,0.0,0.0,0.0,epa_hwfet,RuleBasedEMS
448,25.2184,-9334.885407073822,0.0,0.0,0.46712605856606515,25.091812455912684,-0.01754677708096583,0.0,0.08773388540482915,0.0,0.0,0.0,epa_hwfet,RuleBasedEMS
449,25.149,-10443.0418039339,0.0,0.0,0.4670601753134177,25.091961200001997,-0.01962977782694342,0.0,0.0981488891347171,0.0,0.0,0.0,epa_hwfet,RuleBasedEMS
450,25.125,-12189.695757080046,0.0,0.0,0.4669832731561216,25.09214662014289,-0.022912961949398583,0.0,0.11456480974699292,0.0,0.0,0.0,epa_hwfet,RuleBasedEMS
451,25.1574,-14436.573169711362,0.0,0.0,0.46689219584606106,25.09238858265933,-0.027136415732540154,0.0,0.13568207866270077,0.0,0.0,0.0,epa_hwfet,RuleBasedEMS
452,25.1791,-14046.049301899393,0.0,0.0,0.4668035814777853,25.092620309549535,-0.026402348311840962,0.0,0.1320117415592048,0.0,0.0,0.0,epa_hwfet,RuleBasedEMS
453,25.2597,-16465.53353779198,0.0,0.0,0.46669970218258544,25.092922455671474,-0.03095025101088718,0.0,0.1547512550544359,0.0,0.0,0.0,epa_hwfet,RuleBasedEMS
454,25.3902,-18619.781833080626,0.0,0.0,0.4665822301082063,25.093297433227107,-0.03499958991180569,0.0,0.17499794955902845,0.0,0.0,0.0,epa_hwfet,RuleBasedEMS
455,25.5558,-20262.906341229187,0.0,0.0,0.4664543886331227,25.093734769978443,-0.03808816981434058,0.0,0.1904408490717029,0.0,0.0,0.0,epa_hwfet,RuleBasedEMS
456,25.7378,-21204.602266613972,0.0,0.0,0.46632060209751747,25.094211330145583,-0.03985827493724431,0.0,0.19929137468622155,0.0,0.0,0.0,epa_hwfet,RuleBasedEMS
457,25.9153,-21308.657257929408,0.0,0.0,0.46618615490870197,25.094694445469138,-0.040053867026183104,0.0,0.2002693351309155,0.0,0.0,0.0,epa_hwfet,RuleBasedEMS
458,26.0682,-20558.243965669346,0.0,0.0,0.4660564385220294,25.095150015256895,-0.03864331572494238,0.0,0.1932165786247119,0.0,0.0,0.0,epa_hwfet,RuleBasedEMS
459,26.1793,-19032.668768732474,0.0,0.0,0.46593634482025736,25.095550173628116,-0.03577569317430916,0.0,0.1788784658715458,0.0,0.0,0.0,epa_hwfet,RuleBasedEMS
460,26.2366,-16924.7880727746,0.0,0.0,0.4658295493345932,25.095879713112886,-0.03181351141498986,0.0,0.15906755707494927,0.0,0.0,0.0,epa_hwfet,RuleBasedEMS
461,26.2342,-14485.021353212382,0.0,0.0,0.46573814758639215,25.096137079816117,-0.027227483746639816,0.0,0.13613741873319907,0.0,0.0,0.0,epa_hwfet,RuleBasedEMS
462,26.1733,-12020.677451349799,0.0,0.0,0.46566229573152224,25.09633218464554,-0.022595258367198872,0.0,0.11297629183599435,0.0,0.0,0.0,epa_hwfet,RuleBasedEMS
463,26.0615,-9816.659042783853,0.0,0.0,0.4656003517471722,25.096480551831533,-0.01845236662177416,0.0,0.0922618331088708,0.0,0.0,0.0,epa_hwfet,RuleBasedEMS
464,25.9118,-8114.494866809767,0.0,0.0,0.4655491491649873,25.096598233717273,-0.015252809900018358,0.0,0.07626404950009179,0.0,0.0,0.0,epa_hwfet,RuleBasedEMS
465,25.7405,-7062.516314872894,0.0,0.0,0.4655045853445295,25.096698589575016,-0.013275406606903937,0.0,0.06637703303451968,0.0,0.0,0.0,epa_hwfet,RuleBasedEMS
466,25.5652,-6720.616511746038,0.0,0.0,0.46546217973245163,25.096792085282157,-0.012632737804033907,0.0,0.06316368902016953,0.0,0.0,0.0,epa_hwfet,RuleBasedEMS
467,25.4023,-7044.193560332909,0.0,0.0,0.4654177333335366,25.09688744894159,-0.013240965338971634,0.0,0.06620482669485817,0.0,0.0,0.0,epa_hwfet,RuleBasedEMS
468,25.2645,-7889.059813157127,0.0,0.0,0.46536795705234973,25.096992663872065,-0.014829059799167533,0.0,0.07414529899583766,0.0,0.0,0.0,epa_hwfet,RuleBasedEMS
469,25.1598,-9073.984064212425,0.0,0.0,0.46531070531141216,25.09711521257627,-0.01705636102295569,0.0,0.08528180511477844,0.0,0.0,0.0,epa_hwfet,RuleBasedEMS
470,25.0902,-10367.389345008874,0.0,0.0,0.46524529358139805,25.09726033709144,-0.0194875739567836,0.0,0.097437869783918,0.0,0.0,0.0,epa_hwfet,RuleBasedEMS
471,25.0515,-11527.05579803167,0.0,0.0,0.46517256546820707,25.097428717900907,-0.021667398116600886,0.0,0.10833699058300442,0.0,0.0,0.0,epa_hwfet,RuleBasedEMS
472,25.0344,-12347.779699660314,0.0,0.0,0.4650946592030656,25.09761522586087,-0.023210112217406608,0.0,0.11605056108703303,0.0,0.0,0.0,epa_hwfet,RuleBasedEMS
473,25.0259,-12672.138378968311,0.0,0.0,0.46501470628431074,25.097809206534478,-0.023819808983023143,0.0,0.1190990449151157,0.0,0.0,0.0,epa_hwfet,RuleBasedEMS
474,25.0115,-12424.736797761287,0.0,0.0,0.4649363140502346,25.09799713968536,-0.023354768416844526,0.0,0.11677384208422262,0.0,0.0,0.0,epa_hwfet,RuleBasedEMS
475,24.977,-11601.41061264247,0.0,0.0,0.46486311630375465,25.0981660450159,-0.02180716280571893,0.0,0.10903581402859465,0.0,0.0,0.0,epa_hwfet,RuleBasedEMS
476,24.9114,-10318.010870548078,0.0,0.0,0.46479801604126075,25.098307740285026,-0.019394757275466315,0.0,0.09697378637733156,0.0,0.0,0.0,epa_hwfet,RuleBasedEMS
477,24.8083,-8753.640986389433,0.0,0.0,0.4647427862436907,25.09842023944881,-0.016454212380431266,0.0,0.08227106190215633,0.0,0.0,0.0,epa_hwfet,RuleBasedEMS
478,24.6671,-7140.907756557785,0.0,0.0,0.46469773219216914,25.098507110742354,-0.013422758940898095,0.0,0.06711379470449047,0.0,0.0,0.0,epa_hwfet,RuleBasedEMS
479,24.4932,-5721.982941014699,0.0,0.0,0.46466163109221614,25.098574961930108,-0.010755607031982516,0.0,0.05377803515991258,0.0,0.0,0.0,epa_hwfet,RuleBasedEMS
480,24.298,-4735.707875407023,0.0,0.0,0.46463175317433203,25.098631016377098,-0.008901706532719968,0.0,0.04450853266359984,0.0,0.0,0.0,epa_hwfet,RuleBasedEMS
481,24.0972,-4349.4440588916705,0.0,0.0,0.46460431283127646,25.09868157121673,-0.008175646727239983,0.0,0.04087823363619991,0.0,0.0,0.0,epa_hwfet,RuleBasedEMS
482,23.9087,-4646.100167238213,0.0,0.0,0.4645750015719756,25.098732510636733,-0.008733270991049272,0.0,0.04366635495524636,0.0,0.0,0.0,epa_hwfet,RuleBasedEMS
483,23.7507,-5637.4383166488315,0.0,0.0,0.4645394369141502,25.09879118646695,-0.010596688565129382,0.0,0.05298344282564691,0.0,0.0,0.0,epa_hwfet,RuleBasedEMS
484,23.6388,-7232.5903504791995,0.0,0.0,0.464493809752628,25.098867789787683,-0.013595094643757894,0.0,0.06797547321878947,0.0,0.0,0.0,epa_hwfet,RuleBasedEMS
485,23.5844,-9289.938104124762,0.0,0.0,0.4644352043238956,25.098975613995986,-0.01746228966940745,0.0,0.08731144834703723,0.0,0.0,0.0,epa_hwfet,RuleBasedEMS
486,23.5927,-11599.695358092851,0.0,0.0,0.4643620280380991,25.099128793618714,-0.02180393864303168,0.0,0.10901969321515838,0.0,0.0,0.0,epa_hwfet,RuleBasedEMS
487,23.662,-13924.432845644282,0.0,0.0,0.46427418575040574,25.09933848458713,-0.02617374595045918,0.0,0.13086872975229588,0.0,0.0,0.0,epa_hwfet,RuleBasedEMS
488,23.7836,-16011.322369727675,0.0,0.0,0.4641731769588852,25.09960826825906,-0.030096470619788863,0.0,0.1504823530989443,0.0,0.0,0.0,epa_hwfet,RuleBasedEMS
489,23.9432,-17640.942732995616,0.0,0.0,0.4640618852897678,25.099931418634757,-0.033159666791345146,0.0,0.16579833395672572,0.0,0.0,0.0,epa_hwfet,RuleBasedEMS
490,24.1221,-18618.493549805946,0.0,0.0,0.4639444235163035,25.100289904230124,-0.0349971683267029,0.0,0.17498584163351452,0.0,0.0,0.0,epa_hwfet,RuleBasedEMS
491,24.2996,-18824.954950221716,0.0,0.0,0.46382565582596547,25.10065760780089,-0.03538525366583029,0.0,0.17692626832915145,0.0,0.0,0.0,epa_hwfet,RuleBasedEMS
492,24.4555,-18232.94668735796,0.0,0.0,0.4637106198784617,25.101006339530134,-0.034272456179244286,0.0,0.1713622808962214,0.0,0.0,0.0,epa_hwfet,RuleBasedEMS
493,24.5727,-16923.78506335817,0.0,0.0,0.46360384100241503,25.10131298860234,-0.03181162605894393,0.0,0.15905813029471963,0.0,0.0,0.0,epa_hwfet,RuleBasedEMS
494,24.6388,-15057.761661586657,0.0,0.0,0.46350883366876666,25.101564158286564,-0.02830406327365913,0.0,0.14152031636829565,0.0,0.0,0.0,epa_hwfet,RuleBasedEMS
495,24.6478,-12880.395987341291,0.0,0.0,0.4634275633896199,25.101758179361735,-0.024211270652897167,0.0,0.12105635326448583,0.0,0.0,0.0,epa_hwfet,RuleBasedEMS
496,24.6003,-10659.76029624914,0.0,0.0,0.4633603040841746,25.10190253881572,-0.020037143414002145,0.0,0.10018571707001071,0.0,0.0,0.0,epa_hwfet,RuleBasedEMS
497,24.5037,-8678.256492955701,0.0,0.0,0.463305547488583,25.10200986759508,-0.01631251220480395,0.0,0.08156256102401975,0.0,0.0,0.0,epa_hwfet,RuleBasedEMS
498,24.3704,-7146.734488995988,0.0,0.0,0.46326045463689147,25.102093016214408,-0.01343371144548118,0.0,0.0671685572274059,0.0,0.0,0.0,epa_hwfet,RuleBasedEMS
499,24.2163,-6211.7705080241885,0.0,0.0,0.4632212615561775,25.102162774646647,-0.011676260353428926,0.0,0.05838130176714463,0.0,0.0,0.0,epa_hwfet,RuleBasedEMS
500,24.0582,-5913.928614982607,0.0,0.0,0.4631839483264251,25.10222739882068,-0.011116407171019938,0.0,0.05558203585509969,0.0,0.0,0.0,epa_hwfet,RuleBasedEMS
501,23.9121,-6226.174857157023,0.0,0.0,0.4631446656868036,25.102293931188946,-0.011703336197663578,0.0,0.05851668098831789,0.0,0.0,0.0,epa_hwfet,RuleBasedEMS
502,23.7902,-7008.943457730014,0.0,0.0,0.46310044502461045,25.10236878733882,-0.013174705747612809,0.0,0.06587352873806404,0.0,0.0,0.0,epa_hwfet,RuleBasedEMS
503,23.6999,-8087.768438127439,0.0,0.0,0.4630494184787553,25.102457884420062,-0.015202572252119248,0.0,0.07601286126059624,0.0,0.0,0.0,epa_hwfet,RuleBasedEMS
504,23.6427,-9248.069259117001,0.0,0.0,0.4629910719318177,25.102565201924236,-0.017383588832926695,0.0,0.08691794416463347,0.0,0.0,0.0,epa_hwfet,RuleBasedEMS
505,23.6141,-10268.746008445936,0.0,0.0,0.4629262861008074,25.102690894204898,-0.019302154151214168,0.0,0.09651077075607083,0.0,0.0,0.0,epa_hwfet,RuleBasedEMS
506,23.6045,-10955.9458094119,0.0,0.0,0.4628571646766143,25.10283017320913,-0.020593883100398308,0.0,0.10296941550199154,0.0,0.0,0.0,epa_hwfet,RuleBasedEMS
507,23.6006,-11160.848379904308,0.0,0.0,0.4627867503096252,25.10297366417644,-0.02097903830809081,0.0,0.10489519154045403,0.0,0.0,0.0,epa_hwfet,RuleBasedEMS
508,23.5877,-10816.106608099253,0.0,0.0,0.4627185106860117,25.10310990668378,-0.020331027458833185,0.0,0.10165513729416592,0.0,0.0,0.0,epa_hwfet,RuleBasedEMS
509,23.5517,-9929.888383868269,0.0,0.0,0.46265586212461074,25.103228531669142,-0.018665203729075694,0.0,0.09332601864537847,0.0,0.0,0.0,epa_hwfet,RuleBasedEMS
510,23.4816,-8609.399649801195,0.0,0.0,0.4626015446774671,25.103323517087503,-0.016183082048498488,0.0,0.08091541024249244,0.0,0.0,0.0,epa_hwfet,RuleBasedEMS
511,23.371,-7025.5126225081685,0.0,0.0,0.46255722033503144,25.10339426831313,-0.013205850794188288,0.0,0.06602925397094143,0.0,0.0,0.0,epa_hwfet,RuleBasedEMS
512,23.2195,-5406.659288113199,0.0,0.0,0.4625231097789354,25.10344482295837,-0.010162893398709022,0.0,0.0508144669935451,0.0,0.0,0.0,epa_hwfet,RuleBasedEMS
513,23.0332,-4000.1177949626913,0.0,0.0,0.46249787347086313,25.103481382417147,-0.007519018411584007,0.0,0.03759509205792003,0.0,0.0,0.0,epa_hwfet,RuleBasedEMS
514,22.8237,-3011.570716387343,0.0,0.0,0.462478874176723,25.10350966412921,-0.005660847211254405,0.0,0.028304236056272022,0.0,0.0,0.0,epa_hwfet,RuleBasedEMS
515,22.607,-2599.366771739001,0.0,0.0,0.4624624757519029,25.103533914473708,-0.004886027766426694,0.0,0.024430138832133467,0.0,0.0,0.0,epa_hwfet,RuleBasedEMS
516,22.4017,-2851.7257928905374,0.0,0.0,0.4624444857081019,25.103557648065227,-0.005360386828741612,0.0,0.02680193414370806,0.0,0.0,0.0,epa_hwfet,RuleBasedEMS
517,22.2264,-3764.753449959517,0.0,0.0,0.46242073636416386,25.10358546295088,-0.0070766042292472135,0.0,0.035383021146236066,0.0,0.0,0.0,epa_hwfet,RuleBasedEMS
518,22.0975,-5263.890857489289,0.0,0.0,0.4623875305383751,25.103624780805827,-0.009894531687009944,0.0,0.049472658435049714,0.0,0.0,0.0,epa_hwfet,RuleBasedEMS
519,22.0267,-7197.429107976475,0.0,0.0,0.4623421280468837,25.103686040278106,-0.013529002082662549,0.0,0.06764501041331274,0.0,0.0,0.0,epa_hwfet,RuleBasedEMS
520,22.0198,-9380.02119370931,0.0,0.0,0.46228295769935995,25.10378119663323,-0.017631618785167877,0.0,0.08815809392583938,0.0,0.0,0.0,epa_hwfet,RuleBasedEMS
521,22.0756,-11588.725607461094,0.0,0.0,0.4622098543283482,25.103920373396694,-0.021783318811017097,0.0,0.10891659405508547,0.0,0.0,0.0,epa_hwfet,RuleBasedEMS
522,22.1859,-13590.966217161345,0.0,0.0,0.4621241195892199,25.104107950238262,-0.025546928979626588,0.0,0.12773464489813294,0.0,0.0,0.0,epa_hwfet,RuleBasedEMS
523,22.3366,-15174.83206180828,0.0,0.0,0.4620283917840672,25.10433974031356,-0.02852412041693286,0.0,0.1426206020846643,0.0,0.0,0.0,epa_hwfet,RuleBasedEMS
524,22.5094,-16168.26158359918,0.0,0.0,0.4619263947696346,25.10460236702864,-0.030391469142103722,0.0,0.1519573457105186,0.0,0.0,0.0,epa_hwfet,RuleBasedEMS
525,22.6838,-16454.75029754998,0.0,0.0,0.4618225877776188,25.104875318516587,-0.030929981762311994,0.0,0.15464990881155996,0.0,0.0,0.0,epa_hwfet,RuleBasedEMS
526,22.8398,-16009.229348737295,0.0,0.0,0.4617215887810774,25.105136000231834,-0.030092536369806945,0.0,0.15046268184903472,0.0,0.0,0.0,epa_hwfet,RuleBasedEMS
527,22.9601,-14892.62703445538,0.0,0.0,0.4616276319635593,25.105365223563393,-0.02799365983920184,0.0,0.1399682991960092,0.0,0.0,0.0,epa_hwfet,RuleBasedEMS
528,23.0322,-13257.24317967889,0.0,0.0,0.4615439910820223,25.105551726494916,-0.024919630036990395,0.0,0.12459815018495198,0.0,0.0,0.0,epa_hwfet,RuleBasedEMS
529,23.05,-11331.610875362889,0.0,0.0,0.4614724982107441,25.10569383504405,-0.021300020442411444,0.0,0.10650010221205722,0.0,0.0,0.0,epa_hwfet,RuleBasedEMS
530,23.0139,-9361.85148560045,0.0,0.0,0.461413432491459,25.10579732335603,-0.017597465198497086,0.0,0.08798732599248543,0.0,0.0,0.0,epa_hwfet,RuleBasedEMS
531,22.9308,-7600.250279047862,0.0,0.0,0.4613654810920651,25.10587205169117,-0.014286184735052374,0.0,0.07143092367526187,0.0,0.0,0.0,epa_hwfet,RuleBasedEMS
532,22.8127,-6246.867879684377,0.0,0.0,0.46132606870485726,25.105928199589364,-0.011742232856549581,0.0,0.058711164282747905,0.0,0.0,0.0,epa_hwfet,RuleBasedEMS
533,22.6749,-5430.991376618933,0.0,0.0,0.4612918041854306,25.105974236514122,-0.010208630407178447,0.0,0.05104315203589223,0.0,0.0,0.0,epa_hwfet,RuleBasedEMS
534,22.534,-5204.471164977242,0.0,0.0,0.4612589692469768,25.106016788521465,-0.009782840535671508,0.0,0.048914202678357534,0.0,0.0,0.0,epa_hwfet,RuleBasedEMS
535,22.405,-5513.311629283325,0.0,0.0,0.4612241863228014,25.106061300028934,-0.010363367724216775,0.0,0.051816838621083876,0.0,0.0,0.0,epa_hwfet,RuleBasedEMS
536,22.2999,-6255.1156464011265,0.0,0.0,0.4611847239188059,25.106113053824103,-0.011757736177445728,0.0,0.058788680887228634,0.0,0.0,0.0,epa_hwfet,RuleBasedEMS
537,22.2255,-7252.495690040928,0.0,0.0,0.4611389696466091,25.10617677720932,-0.013632510695565654,0.0,0.06816255347782826,0.0,0.0,0.0,epa_hwfet,RuleBasedEMS
538,22.1827,-8304.227202305348,0.0,0.0,0.4610865805329544,25.106255477839124,-0.015609449628393514,0.0,0.07804724814196756,0.0,0.0,0.0,epa_hwfet,RuleBasedEMS
539,22.1666,-9209.578614237866,0.0,0.0,0.46102847988798856,25.10634893214716,-0.01731123799668772,0.0,0.08655618998343859,0.0,0.0,0.0,epa_hwfet,RuleBasedEMS
540,22.1671,-9782.478057088461,0.0,0.0,0.4609667648673174,25.106452620703916,-0.018388116648662522,0.0,0.09194058324331261,0.0,0.0,0.0,epa_hwfet,RuleBasedEMS
541,22.1707,-9893.052391013416,0.0,0.0,0.46090435201991675,25.106558395542336,-0.01859596314100266,0.0,0.0929798157050133,0.0,0.0,0.0,epa_hwfet,RuleBasedEMS
542,22.1624,-9474.319620775754,0.0,0.0,0.46084458060029376,25.106656498634585,-0.017808871467623597,0.0,0.08904435733811798,0.0,0.0,0.0,epa_hwfet,RuleBasedEMS
543,22.1279,-8537.923889695327,0.0,0.0,0.46079071654808584,25.106738507219358,-0.01604872911596866,0.0,0.0802436455798433,0.0,0.0,0.0,epa_hwfet,RuleBasedEMS
544,22.0562,-7192.996804116542,0.0,0.0,0.46074533739338464,25.106800135068603,-0.01352067068442959,0.0,0.06760335342214795,0.0,0.0,0.0,epa_hwfet,RuleBasedEMS
545,21.9411,-5609.085381876249,0.0,0.0,0.4607099509931054,25.106841932265873,-0.010543393574955356,0.0,0.052716967874776775,0.0,0.0,0.0,epa_hwfet,RuleBasedEMS
546,21.7822,-3995.6940003234317,0.0,0.0,0.46068474336034604,25.106868124110196,-0.0075107030081267515,0.0,0.037553515040633756,0.0,0.0,0.0,epa_hwfet,RuleBasedEMS
547,21.5857,-2589.3383636376075,0.0,0.0,0.460668408257077,25.106884336365617,-0.004867177375258661,0.0,0.024335886876293303,0.0,0.0,0.0,epa_hwfet,RuleBasedEMS
548,21.3637,-1595.9228419361373,0.0,0.0,0.46065834041677534,25.10689518920539,-0.002999854966045371,0.0,0.014999274830226854,0.0,0.0,0.0,epa_hwfet,RuleBasedEMS
549,21.1326,-1157.9049852171604,0.0,0.0,0.4606510359672164,25.106903366762825,-0.0021765131301074445,0.0,0.010882565650537222,0.0,0.0,0.0,epa_hwfet,RuleBasedEMS
550,20.9115,-1357.1746248489135,0.0,0.0,0.4606424746592986,25.1069104975592,-0.002551080121896454,0.0,0.01275540060948227,0.0,0.0,0.0,epa_hwfet,RuleBasedEMS
551,20.7194,-2182.2895115943325,0.0,0.0,0.46062870867674116,25.106919013412877,-0.004102047954124686,0.0,0.020510239770623426,0.0,0.0,0.0,epa_hwfet,RuleBasedEMS
552,20.6716,-6793.375234057543,0.0,0.0,0.46058585653893314,25.106965724656558,-0.012769502319657037,0.0,0.06384751159828518,0.0,0.0,0.0,epa_hwfet,RuleBasedEMS
553,20.6821,-8677.724724159021,0.0,0.0,0.4605311181427583,25.107039909626696,-0.016311512639396657,0.0,0.08155756319698328,0.0,0.0,0.0,epa_hwfet,RuleBasedEMS
554,20.7571,-10829.62324010374,0.0,0.0,0.46046280539218143,25.10715411777088,-0.020356434661849138,0.0,0.10178217330924567,0.0,0.0,0.0,epa_hwfet,RuleBasedEMS
555,20.896,-13049.994230239216,0.0,0.0,0.46038048561187145,25.107319246504748,-0.02453006434255492,0.0,0.12265032171277458,0.0,0.0,0.0,epa_hwfet,RuleBasedEMS
556,21.0912,-15120.310763762307,0.0,0.0,0.4602851042982135,25.107540746296895,-0.028421636773989303,0.0,0.1421081838699465,0.0,0.0,0.0,epa_hwfet,RuleBasedEMS
557,21.329,-16830.264563600816,0.0,0.0,0.46017893348566247,25.10781550419622,-0.031635835645866195,0.0,0.15817917822933097,0.0,0.0,0.0,epa_hwfet,RuleBasedEMS
558,21.5913,-18002.540071045674,0.0,0.0,0.46006536394116054,25.10813073528126,-0.033839361035800146,0.0,0.1691968051790007,0.0,0.0,0.0,epa_hwfet,RuleBasedEMS
559,21.858,-18522.933629978877,0.0,0.0,0.45994850736202214,25.108465926165294,-0.03481754441725353,0.0,0.17408772208626763,0.0,0.0,0.0,epa_hwfet,RuleBasedEMS
560,22.1092,-18345.8115256239,0.0,0.0,0.45983276402558737,25.108796901012568,-0.034484608130871994,0.0,0.17242304065435995,0.0,0.0,0.0,epa_hwfet,RuleBasedEMS
561,22.3278,-17522.023159478853,0.0,0.0,0.4597222141406523,25.109101724274154,-0.032936133758418897,0.0,0.16468066879209448,0.0,0.0,0.0,epa_hwfet,RuleBasedEMS
562,22.5014,-16185.769314277384,0.0,0.0,0.45962009181166824,25.109365457647968,-0.030424378410295834,0.0,0.15212189205147916,0.0,0.0,0.0,epa_hwfet,RuleBasedEMS
563,22.6236,-14537.887964340924,0.0,0.0,0.45952836429863453,25.109582454706846,-0.027326857075828805,0.0,0.13663428537914402,0.0,0.0,0.0,epa_hwfet,RuleBasedEMS
564,22.6947,-12822.44859868479,0.0,0.0,0.4594474589149894,25.109755813663355,-0.024102346990009006,0.0,0.12051173495004502,0.0,0.0,0.0,epa_hwfet,RuleBasedEMS
565,22.7213,-11280.742519570682,0.0,0.0,0.4593762803064996,25.109894398794456,-0.02120440323227572,0.0,0.10602201616137859,0.0,0.0,0.0,epa_hwfet,RuleBasedEMS
566,22.715,-10111.301470997105,0.0,0.0,0.4593124801469924,25.11000937439686,-0.019006205772550952,0.0,0.09503102886275475,0.0,0.0,0.0,epa_hwfet,RuleBasedEMS
567,22.6908,-9454.10665477933,0.0,0.0,0.45925282659798194,25.110112018835427,-0.017770877170637838,0.0,0.0888543858531892,0.0,0.0,0.0,epa_hwfet,RuleBasedEMS
568,22.6646,-9356.896969432308,0.0,0.0,0.4591937864091755,25.110212669908766,-0.01758815219818103,0.0,0.08794076099090514,0.0,0.0,0.0,epa_hwfet,RuleBasedEMS
569,22.6511,-9790.688995813494,0.0,0.0,0.45913200907790286,25.110320954228357,-0.018403550744010327,0.0,0.09201775372005164,0.0,0.0,0.0,epa_hwfet,RuleBasedEMS
570,22.6615,-10643.946091329226,0.0,0.0,0.4590648477526325,25.110445669721983,-0.02000741746490456,0.0,0.1000370873245228,0.0,0.0,0.0,epa_hwfet,RuleBasedEMS
571,22.7023,-11761.297132746522,0.0,0.0,0.4589906358037433,25.110594253206273,-0.022107701377343088,0.0,0.11053850688671543,0.0,0.0,0.0,epa_hwfet,RuleBasedEMS
572,22.7737,-12925.644401269199,0.0,0.0,0.45890907630943356,25.110770498959845,-0.02429632406253609,0.0,0.12148162031268044,0.0,0.0,0.0,epa_hwfet,RuleBasedEMS
573,22.8703,-13936.075336910755,0.0,0.0,0.45882114000412466,25.110973153968377,-0.026195630332539018,0.0,0.13097815166269508,0.0,0.0,0.0,epa_hwfet,RuleBasedEMS
574,22.9816,-14598.131447611451,0.0,0.0,0.4587290246923922,25.1111945998041,-0.02744009670603656,0.0,0.1372004835301828,0.0,0.0,0.0,epa_hwfet,RuleBasedEMS
575,23.0937,-14767.97032060731,0.0,0.0,0.4586358360377286,25.1114217525882,-0.02775934270790848,0.0,0.1387967135395424,0.0,0.0,0.0,epa_hwfet,RuleBasedEMS
576,23.1912,-14364.946231114314,0.0,0.0,0.4585451889227196,25.111638716640073,-0.027001778629914125,0.0,0.13500889314957062,0.0,0.0,0.0,epa_hwfet,RuleBasedEMS
577,23.2597,-13401.471773588115,0.0,0.0,0.4584606202658732,25.111831084557668,-0.025190736416519012,0.0,0.12595368208259505,0.0,0.0,0.0,epa_hwfet,RuleBasedEMS
578,23.2879,-11975.739082271619,0.0,0.0,0.45838504762551646,25.111989617017382,-0.022510787748630863,0.0,0.11255393874315431,0.0,0.0,0.0,epa_hwfet,RuleBasedEMS
579,23.2695,-10267.816262157625,0.0,0.0,0.45832025233848356,25.11211221019263,-0.019300406507815088,0.0,0.09650203253907542,0.0,0.0,0.0,epa_hwfet,RuleBasedEMS
580,23.2044,-8512.283236952282,0.0,0.0,0.45826653532983364,25.11220319777434,-0.016000532400286243,0.0,0.08000266200143122,0.0,0.0,0.0,epa_hwfet,RuleBasedEMS
581,23.0988,-6952.139961233478,0.0,0.0,0.4582226638728077,25.112270555704796,-0.013067932257957666,0.0,0.06533966128978833,0.0,0.0,0.0,epa_hwfet,RuleBasedEMS
582,22.965,-5821.5344890467995,0.0,0.0,0.45818592747484915,25.112323134797084,-0.01094273400196767,0.0,0.054713670009838344,0.0,0.0,0.0,epa_hwfet,RuleBasedEMS
583,22.8198,-5291.162973387254,0.0,0.0,0.45815253841067194,25.112368835660018,-0.009945795062757997,0.0,0.04972897531378998,0.0,0.0,0.0,epa_hwfet,RuleBasedEMS
584,22.6826,-5458.648011827933,0.0,0.0,0.4581180929787377,25.11241491119448,-0.010260616563586341,0.0,0.0513030828179317,0.0,0.0,0.0,epa_hwfet,RuleBasedEMS
585,22.573,-6335.8012212597905,0.0,0.0,0.4580781130493254,25.11246959730336,-0.01190940079184171,0.0,0.059547003959208554,0.0,0.0,0.0,epa_hwfet,RuleBasedEMS
586,22.5084,-7854.847528545532,0.0,0.0,0.45802854820626915,25.112543825785238,-0.01476475099350664,0.0,0.0738237549675332,0.0,0.0,0.0,epa_hwfet,RuleBasedEMS
587,22.5017,-9875.186328327723,0.0,0.0,0.45796623512043827,25.112651565190614,-0.018562380316405495,0.0,0.09281190158202747,0.0,0.0,0.0,epa_hwfet,RuleBasedEMS
588,22.5596,-12202.074677146684,0.0,0.0,0.4578892390084804,25.112808102526454,-0.022936230596140385,0.0,0.11468115298070192,0.0,0.0,0.0,epa_hwfet,RuleBasedEMS
589,22.6822,-14624.943669513887,0.0,0.0,0.4577969533918249,25.11302694950773,-0.027490495619387007,0.0,0.13745247809693503,0.0,0.0,0.0,epa_hwfet,RuleBasedEMS
590,22.8622,-16892.16656100031,0.0,0.0,0.4576903592214565,25.11331481403889,-0.03175219278383517,0.0,0.15876096391917585,0.0,0.0,0.0,epa_hwfet,RuleBasedEMS
591,23.0864,-18784.496865702353,0.0,0.0,0.4575718207868869,25.113668475396025,-0.03530920463477886,0.0,0.17654602317389428,0.0,0.0,0.0,epa_hwfet,RuleBasedEMS
592,23.3374,-20120.979210994188,0.0,0.0,0.45744484443983846,25.11407362371274,-0.03782138949434998,0.0,0.1891069474717499,0.0,0.0,0.0,epa_hwfet,RuleBasedEMS
593,23.5953,-20763.93844454637,0.0,0.0,0.4573138058532607,25.114506121619993,-0.03902995948223002,0.0,0.1951497974111501,0.0,0.0,0.0,epa_hwfet,RuleBasedEMS
594,23.8404,-20667.35439722848,0.0,0.0,0.45718337189959735,25.11493729898174,-0.038848410521106165,0.0,0.19424205260553082,0.0,0.0,0.0,epa_hwfet,RuleBasedEMS
595,24.056,-19895.915845829957,0.0,0.0,0.4570578020344363,25.115341137784387,-0.037398338056071345,0.0,0.18699169028035673,0.0,0.0,0.0,epa_hwfet,RuleBasedEMS
596,24.2296,-18575.50323100843,0.0,0.0,0.45694056192601734,25.115698832807457,-0.034916359456782765,0.0,0.17458179728391382,0.0,0.0,0.0,epa_hwfet,RuleBasedEMS
597,24.3548,-16924.647907653336,0.0,0.0,0.45683373837225766,25.116002547389513,-0.0318132479467168,0.0,0.159066239733584,0.0,0.0,0.0,epa_hwfet,RuleBasedEMS
598,24.432,-15207.959206148862,0.0,0.0,0.45673774808982054,25.11625505238288,-0.02858638948524222,0.0,0.1429319474262111,0.0,0.0,0.0,epa_hwfet,RuleBasedEMS
599,24.4674,-13663.88728369068,0.0,0.0,0.4566515025324784,25.11646589367975,-0.02568399865355391,0.0,0.12841999326776954,0.0,0.0,0.0,epa_hwfet,RuleBasedEMS
600,24.4725,-12516.844029842627,0.0,0.0,0.45657249637101555,25.11664845224724,-0.023527902311734263,0.0,0.1176395115586713,0.0,0.0,0.0,epa_hwfet,RuleBasedEMS
601,24.4617,-11898.725698645147,0.0,0.0,0.4564973914423145,25.116816606420155,-0.022366025749332982,0.0,0.11183012874666491,0.0,0.0,0.0,epa_hwfet,RuleBasedEMS
602,24.4328,-11176.518934811244,0.0,0.0,0.4564268449427297,25.116968679843247,-0.021008494238367,0.0,0.10504247119183499,0.0,0.0,0.0,epa_hwfet,RuleBasedEMS
603,24.4178,-11687.140266508111,0.0,0.0,0.4563530754111391,25.117131449974995,-0.021968308771631792,0.0,0.10984154385815895,0.0,0.0,0.0,epa_hwfet,RuleBasedEMS
604,24.4275,-12637.123556691155,0.0,0.0,0.45627330943289307,25.117315961789657,-0.023753991647915706,0.0,0.11876995823957852,0.0,0.0,0.0,epa_hwfet,RuleBasedEMS
605,24.4676,-13843.024632628138,0.0,0.0,0.4561859313265184,25.117530897315635,-0.026020722993661916,0.0,0.13010361496830958,0.0,0.0,0.0,epa_hwfet,RuleBasedEMS
606,24.5379,-15085.068349939585,0.0,0.0,0.456090712480292,25.11778040813791,-0.028355391635224787,0.0,0.14177695817612393,0.0,0.0,0.0,epa_hwfet,RuleBasedEMS
607,24.6325,-16141.471983659098,0.0,0.0,0.45598882411656,25.11806204214907,-0.030341112751238908,0.0,0.15170556375619454,0.0,0.0,0.0,epa_hwfet,RuleBasedEMS
608,24.7403,-16797.270763971293,0.0,0.0,0.4558827944295564,25.118365248486672,-0.03157381722550995,0.0,0.15786908612754974,0.0,0.0,0.0,epa_hwfet,RuleBasedEMS
609,24.847,-16904.230859644766,0.0,0.0,0.455776087576696,25.118673061828,-0.03177487003692625,0.0,0.15887435018463125,0.0,0.0,0.0,epa_hwfet,RuleBasedEMS
610,24.9368,-16375.087846726836,0.0,0.0,0.4556727189728709,25.118965286805903,-0.03078024031339631,0.0,0.15390120156698153,0.0,0.0,0.0,epa_hwfet,RuleBasedEMS
611,24.9948,-15219.179932824438,0.0,0.0,0.45557664552196936,25.119223727707578,-0.02860748107673767,0.0,0.14303740538368834,0.0,0.0,0.0,epa_hwfet,RuleBasedEMS
612,25.0098,-13566.427643917588,0.0,0.0,0.455491004299439,25.11943747873101,-0.025500803841950356,0.0,0.12750401920975177,0.0,0.0,0.0,epa_hwfet,RuleBasedEMS
613,24.975,-11587.364619099726,0.0,0.0,0.4554178559321091,25.11960391699473,-0.021780760562217533,0.0,0.10890380281108765,0.0,0.0,0.0,epa_hwfet,RuleBasedEMS
614,24.8905,-9562.392908270613,0.0,0.0,0.45535749080324833,25.11972905855975,-0.017974422759907165,0.0,0.08987211379953583,0.0,0.0,0.0,epa_hwfet,RuleBasedEMS
615,24.7624,-7741.4489607993255,0.0,0.0,0.4553086212485108,25.119823089950174,-0.014551595790976177,0.0,0.07275797895488088,0.0,0.0,0.0,epa_hwfet,RuleBasedEMS
616,24.6033,-6392.055403540775,0.0,0.0,0.4552682705893842,25.11989735943652,-0.012015141735978901,0.0,0.0600757086798945,0.0,0.0,0.0,epa_hwfet,RuleBasedEMS
617,24.4301,-5689.652157564605,0.0,0.0,0.4552323545876171,25.11996162562888,-0.010694834882640235,0.0,0.053474174413201174,0.0,0.0,0.0,epa_hwfet,RuleBasedEMS
618,24.2625,-5745.950551198152,0.0,0.0,0.4551960839204646,25.12002447456807,-0.010800658930823596,0.0,0.054003294654117975,0.0,0.0,0.0,epa_hwfet,RuleBasedEMS
619,24.1207,-6583.445171139113,0.0,0.0,0.4551545274479772,25.1200952428843,-0.012374896938231416,0.0,0.061874484691157076,0.0,0.0,0.0,epa_hwfet,RuleBasedEMS
620,24.0223,-8111.678132799244,0.0,0.0,0.4551033251409588,25.120185807944388,-0.015247515287216623,0.0,0.07623757643608312,0.0,0.0,0.0,epa_hwfet,RuleBasedEMS
621,23.9809,-10196.079329286094,0.0,0.0,0.4550389663365264,25.120311611929036,-0.019165562649034015,0.0,0.09582781324517006,0.0,0.0,0.0,epa_hwfet,RuleBasedEMS
622,24.0037,-12618.33080746376,0.0,0.0,0.45495931813846024,25.120489548148242,-0.023718666931322862,0.0,0.1185933346566143,0.0,0.0,0.0,epa_hwfet,RuleBasedEMS
623,24.0913,-15152.258183834856,0.0,0.0,0.45486367486189316,25.120734674382483,-0.028481688315479054,0.0,0.14240844157739527,0.0,0.0,0.0,epa_hwfet,RuleBasedEMS
624,24.237,-17534.38414624931,0.0,0.0,0.4547529935113372,25.121054816321653,-0.03295936869595736,0.0,0.16479684347978676,0.0,0.0,0.0,epa_hwfet,RuleBasedEMS
625,24.4282,-19534.87034348823,0.0,0.0,0.4546296816704211,25.121447089666482,-0.036719681096782385,0.0,0.18359840548391193,0.0,0.0,0.0,epa_hwfet,RuleBasedEMS
626,24.6478,-20955.015267341267,0.0,0.0,0.4544974013223447,25.12189618165437,-0.0393891264423708,0.0,0.19694563221185402,0.0,0.0,0.0,epa_hwfet,RuleBasedEMS
627,24.8765,-21666.689144530726,0.0,0.0,0.45436062377268654,25.122376610428656,-0.04072685929423069,0.0,0.20363429647115344,0.0,0.0,0.0,epa_hwfet,RuleBasedEMS
628,25.0949,-21615.31497273439,0.0,0.0,0.4542241656334013,25.122857558875847,-0.04063029130213232,0.0,0.20315145651066158,0.0,0.0,0.0,epa_hwfet,RuleBasedEMS
629,25.2865,-20869.210233072805,0.0,0.0,0.454092413088401,25.123310910444637,-0.03922783878397144,0.0,0.19613919391985718,0.0,0.0,0.0,epa_hwfet,RuleBasedEMS
630,25.4391,-19567.23241859306,0.0,0.0,0.4539688763880124,25.123716443245826,-0.03678051206502455,0.0,0.18390256032512273,0.0,0.0,0.0,epa_hwfet,RuleBasedEMS
631,25.5465,-17935.60855007499,0.0,0.0,0.45385563792131134,25.124065566610813,-0.033713549906156,0.0,0.16856774953078,0.0,0.0,0.0,epa_hwfet,RuleBasedEMS
632,25.6089,-16234.694954867018,0.0,0.0,0.4537531363529942,25.124360641050046,-0.030516343900125975,0.0,0.15258171950062988,0.0,0.0,0.0,epa_hwfet,RuleBasedEMS
633,25.6325,-14720.755465143817,0.0,0.0,0.45366019217036674,25.124611805778333,-0.02767059297959364,0.0,0.1383529648979682,0.0,0.0,0.0,epa_hwfet,RuleBasedEMS
634,25.6285,-13615.06213658508,0.0,0.0,0.45357422847659223,25.124833346267394,-0.025592222061250156,0.0,0.12796111030625076,0.0,0.0,0.0,epa_hwfet,RuleBasedEMS
635,25.6112,-13062.701301020426,0.0,0.0,0.453491752010059,25.125040705101927,-0.02455394981394817,0.0,0.12276974906974085,0.0,0.0,0.0,epa_hwfet,RuleBasedEMS
636,25.5958,-13118.669218197272,0.0,0.0,0.45340892201846295,25.125249140666146,-0.024659152665784348,0.0,0.12329576332892173,0.0,0.0,0.0,epa_hwfet,RuleBasedEMS
637,25.596,-13740.054881481412,0.0,0.0,0.4533221684769547,25.125473182865417,-0.02582717082985228,0.0,0.1291358541492614,0.0,0.0,0.0,epa_hwfet,RuleBasedEMS
638,25.622,-14802.300969022568,0.0,0.0,0.4532287075970353,25.12572602257611,-0.027823874001922124,0.0,0.1391193700096106,0.0,0.0,0.0,epa_hwfet,RuleBasedEMS
639,25.6792,-16125.79781041279,0.0,0.0,0.4531268894109622,25.126018113358143,-0.03031165001957292,0.0,0.15155825009786458,0.0,0.0,0.0,epa_hwfet,RuleBasedEMS
640,25.7668,-17467.334348729437,0.0,0.0,0.45301659938017047,25.12635381078352,-0.03283333524197263,0.0,0.16416667620986314,0.0,0.0,0.0,epa_hwfet,RuleBasedEMS
641,25.8782,-18588.160690959492,0.0,0.0,0.45289923036521873,25.126729098163395,-0.03494015167473589,0.0,0.17470075837367943,0.0,0.0,0.0,epa_hwfet,RuleBasedEMS
642,26.0019,-19272.294966314814,0.0,0.0,0.45277753909147384,25.12713049301117,-0.036226118357734614,0.0,0.18113059178867305,0.0,0.0,0.0,epa_hwfet,RuleBasedEMS
643,26.1229,-19348.804884721794,0.0,0.0,0.45265536195425066,25.127536327788103,-0.03636993399383796,0.0,0.1818496699691898,0.0,0.0,0.0,epa_hwfet,RuleBasedEMS
644,26.2251,-18739.77620999105,0.0,0.0,0.45253702786185884,25.127921674129563,-0.03522514325186288,0.0,0.1761257162593144,0.0,0.0,0.0,epa_hwfet,RuleBasedEMS
645,26.2934,-17457.307524211716,0.0,0.0,0.4524267898733371,25.128264157084946,-0.032814487827465634,0.0,0.16407243913732816,0.0,0.0,0.0,epa_hwfet,RuleBasedEMS
646,26.3157,-15607.16927796844,0.0,0.0,0.4523282335364122,25.128549243981364,-0.029336784357083534,0.0,0.14668392178541767,0.0,0.0,0.0,epa_hwfet,RuleBasedEMS
647,26.2856,-13422.362879892373,0.0,0.0,0.4522434731659175,25.12877412781707,-0.025230005413331532,0.0,0.12615002706665765,0.0,0.0,0.0,epa_hwfet,RuleBasedEMS
648,26.2026,-11156.908872543454,0.0,0.0,0.45217301880883304,25.128945426891036,-0.020971633219066643,0.0,0.10485816609533322,0.0,0.0,0.0,epa_hwfet,RuleBasedEMS
649,26.073,-9108.218070727175,0.0,0.0,0.4521155020889446,25.129075887984133,-0.017120710659261608,0.0,0.08560355329630803,0.0,0.0,0.0,epa_hwfet,RuleBasedEMS
650,25.9093,-7547.498153232607,0.0,0.0,0.4520678417114625,25.12917966569938,-0.014187026603820692,0.0,0.07093513301910345,0.0,0.0,0.0,epa_hwfet,RuleBasedEMS
651,25.7286,-6673.808246988773,0.0,0.0,0.4520256992557444,25.129269260555578,-0.012544752343963858,0.0,0.06272376171981929,0.0,0.0,0.0,epa_hwfet,RuleBasedEMS
652,25.3989,-450.5122019939599,0.0,0.0,0.45202285451093405,25.129314100189386,-0.0008468274473570674,0.0,0.004234137236785337,0.0,0.0,0.0,epa_hwfet,RuleBasedEMS
653,25.0926,-1131.0565531284628,0.0,0.0,0.4520157127944797,25.129355603102407,-0.002126046152497111,0.0,0.010630230762485553,0.0,0.0,0.0,epa_hwfet,RuleBasedEMS
654,24.8279,-2533.5279606079457,0.0,0.0,0.4519997162136272,25.129398129409807,-0.004762270602646515,0.0,0.02381135301323257,0.0,0.0,0.0,epa_hwfet,RuleBasedEMS
655,24.6186,-4484.4550501807025,0.0,0.0,0.4519714024880977,25.129450484516923,-0.008429426786053953,0.0,0.04214713393026976,0.0,0.0,0.0,epa_hwfet,RuleBasedEMS
656,24.4726,-6764.816692201221,0.0,0.0,0.45192869218018833,25.129524815239765,-0.012715820850002293,0.0,0.06357910425001147,0.0,0.0,0.0,epa_hwfet,RuleBasedEMS
657,24.391,-9128.71016569692,0.0,0.0,0.4518710581143482,25.12963325310936,-0.01715922963476865,0.0,0.08579614817384323,0.0,0.0,0.0,epa_hwfet,RuleBasedEMS
658,24.3676,-11309.74144976302,0.0,0.0,0.4517996546077831,25.129783215373912,-0.021258912499554552,0.0,0.10629456249777275,0.0,0.0,0.0,epa_hwfet,RuleBasedEMS
659,24.3904,-13089.068263206133,0.0,0.0,0.45171701731546127,25.12997424345168,-0.02460351177294386,0.0,0.1230175588647193,0.0,0.0,0.0,epa_hwfet,RuleBasedEMS
660,24.4429,-14283.223620339375,0.0,0.0,0.45162684010252035,25.13019663085371,-0.026848164699886046,0.0,0.13424082349943023,0.0,0.0,0.0,epa_hwfet,RuleBasedEMS
661,24.506,-14768.524676620877,0.0,0.0,0.4515335978651627,25.130433004017593,-0.02776038473049037,0.0,0.13880192365245184,0.0,0.0,0.0,epa_hwfet,RuleBasedEMS
662,24.5611,-14534.990990254924,0.0,0.0,0.4514418288686882,25.130663538052303,-0.027321411635817527,0.0,0.13660705817908764,0.0,0.0,0.0,epa_hwfet,RuleBasedEMS
663,24.5919,-13645.4594925992,0.0,0.0,0.4513556750454982,25.13087078790281,-0.025649359948494738,0.0,0.1282467997424737,0.0,0.0,0.0,epa_hwfet,RuleBasedEMS
664,24.5865,-12254.144145654778,0.0,0.0,0.4512783049561652,25.13104403269065,-0.02303410553694507,0.0,0.11517052768472535,0.0,0.0,0.0,epa_hwfet,RuleBasedEMS
665,24.5388,-10582.023666601353,0.0,0.0,0.451211492044846,25.131180812043386,-0.019891021929701793,0.0,0.09945510964850895,0.0,0.0,0.0,epa_hwfet,RuleBasedEMS
666,24.4492,-8886.957961359965,0.0,0.0,0.45115538158648016,25.13128558586533,-0.01670480819804505,0.0,0.08352404099022524,0.0,0.0,0.0,epa_hwfet,RuleBasedEMS
667,24.3238,-7399.639709452322,0.0,0.0,0.45110866212825734,25.131366254404043,-0.013909097198218652,0.0,0.06954548599109325,0.0,0.0,0.0,epa_hwfet,RuleBasedEMS
668,24.1739,-6329.767796109992,0.0,0.0,0.45106869808365313,25.131431525261142,-0.011898059767124046,0.0,0.05949029883562022,0.0,0.0,0.0,epa_hwfet,RuleBasedEMS
669,24.0134,-5782.962865933423,0.0,0.0,0.4510321869691391,25.13148884935062,-0.010870230951002676,0.0,0.05435115475501338,0.0,0.0,0.0,epa_hwfet,RuleBasedEMS
670,23.8574,-5808.00007713129,0.0,0.0,0.4509955184169048,25.1315447421876,-0.010917293378066335,0.0,0.05458646689033167,0.0,0.0,0.0,epa_hwfet,RuleBasedEMS
671,23.7191,-6335.948178570416,0.0,0.0,0.45095551735249073,25.13160512491132,-0.011909677027388,0.0,0.059548385136939996,0.0,0.0,0.0,epa_hwfet,RuleBasedEMS
672,23.6083,-7243.720363037654,0.0,0.0,0.4509097858509353,25.131675849640498,-0.013616015719995593,0.0,0.06808007859997796,0.0,0.0,0.0,epa_hwfet,RuleBasedEMS
673,23.5299,-8354.618181229516,0.0,0.0,0.4508570415110916,25.131761980207454,-0.015704169513589317,0.0,0.07852084756794658,0.0,0.0,0.0,epa_hwfet,RuleBasedEMS
674,23.4825,-9439.504390071494,0.0,0.0,0.450797448436647,25.131865732404076,-0.017743429304645664,0.0,0.08871714652322832,0.0,0.0,0.0,epa_hwfet,RuleBasedEMS
675,23.4592,-10294.562892757855,0.0,0.0,0.45073245737472895,25.13198509907237,-0.01935068212924409,0.0,0.09675341064622044,0.0,0.0,0.0,epa_hwfet,RuleBasedEMS
676,23.4477,-10712.500504068976,0.0,0.0,0.4506648277346316,25.13211260633053,-0.020136279142986796,0.0,0.10068139571493398,0.0,0.0,0.0,epa_hwfet,RuleBasedEMS
677,23.4326,-10564.659501726408,0.0,0.0,0.45059813125766673,25.132237010889465,-0.019858382522042122,0.0,0.0992919126102106,0.0,0.0,0.0,epa_hwfet,RuleBasedEMS
678,23.3972,-9787.139984448551,0.0,0.0,0.4505363432560402,25.132346204153613,-0.018396879670016075,0.0,0.09198439835008038,0.0,0.0,0.0,epa_hwfet,RuleBasedEMS
679,23.3259,-8409.159983620024,0.0,0.0,0.45048325471828915,25.13243118393235,-0.015806691698533878,0.0,0.07903345849266939,0.0,0.0,0.0,epa_hwfet,RuleBasedEMS
680,23.2064,-6550.50196413114,0.0,0.0,0.45044190043568827,25.132489014500045,-0.012312973616787858,0.0,0.06156486808393929,0.0,0.0,0.0,epa_hwfet,RuleBasedEMS
681,23.0318,-4418.183070905497,0.0,0.0,0.4504140081135837,25.132523466034606,-0.008304855396438904,0.0,0.04152427698219452,0.0,0.0,0.0,epa_hwfet,RuleBasedEMS
682,22.8014,-2253.735721793545,0.0,0.0,0.450399780372092,25.132542588981927,-0.00423634534171719,0.0,0.02118172670858595,0.0,0.0,0.0,epa_hwfet,RuleBasedEMS
683,22.5213,-317.3747099120897,0.0,0.0,0.450397776849207,25.132554959558902,-0.0005965690035941536,0.0,0.002982845017970768,0.0,0.0,0.0,epa_hwfet,RuleBasedEMS
684,22.204,832.7565344758004,0.0,0.0,0.45040303371015145,25.132565551977304,0.045069034098923384,0.0,0.007826659158607146,0.033310261379032015,0.0,0.0,epa_hwfet,RuleBasedEMS
685,21.8668,1444.572580674612,0.0,0.0,0.45041215241089355,25.132575022454898,0.07818070252402899,0.0,0.013576809968746354,0.05778290322698448,0.0,0.0,epa_hwfet,RuleBasedEMS
686,21.5296,1555.212105183947,0.0,0.0,0.4504219691656572,25.13258239616227,0.08416854686551917,0.0,0.014616655123909276,0.062208484207357875,0.0,0.0,epa_hwfet,RuleBasedEMS
687,21.2132,1159.2072250990323,0.0,0.0,0.4504292860206102,25.13258648140177,0.06273664365611152,0.0,0.010894804747171355,0.04636828900396129,0.0,0.0,epa_hwfet,RuleBasedEMS
688,20.936,328.0843348052245,0.0,0.0,0.45043135680558843,25.13258736501269,0.01775602287163914,0.0,0.0030834993872671476,0.01312337339220898,0.0,0.0,epa_hwfet,RuleBasedEMS
689,20.7123,-1159.846936803731,0.0,0.0,0.4504240363509322,25.132587702749845,-0.0021801634150446073,0.0,0.010900817075223036,0.0,0.0,0.0,epa_hwfet,RuleBasedEMS
690,20.5505,-3049.1767746580304,0.0,0.0,0.45040479167933495,25.132594276897482,-0.0057315352907105835,0.0,0.028657676453552917,0.0,0.0,0.0,epa_hwfet,RuleBasedEMS
691,20.452,-5000.001706219212,0.0,0.0,0.4503732349655629,25.13261488666365,-0.009398499447780474,0.0,0.046992497238902364,0.0,0.0,0.0,epa_hwfet,RuleBasedEMS
692,20.4114,-6808.62011541549,0.0,0.0,0.4503302637513536,25.132655309246147,-0.01279815811168325,0.0,0.06399079055841625,0.0,0.0,0.0,epa_hwfet,RuleBasedEMS
693,20.4172,-8287.056000423894,0.0,0.0,0.4502779617179501,25.13271680165561,-0.01557717293312762,0.0,0.0778858646656381,0.0,0.0,0.0,epa_hwfet,RuleBasedEMS
694,20.4532,-9280.14731670501,0.0,0.0,0.45021939171644304,25.13279499484774,-0.017443885933656034,0.0,0.08721942966828017,0.0,0.0,0.0,epa_hwfet,RuleBasedEMS
695,20.5012,-9708.230221381042,0.0,0.0,0.4501581194455079,25.132881194866133,-0.018248553047708723,0.0,0.09124276523854362,0.0,0.0,0.0,epa_hwfet,RuleBasedEMS
696,20.5428,-9543.967408982551,0.0,0.0,0.45009788332660083,25.132964724405902,-0.01793978836274916,0.0,0.08969894181374578,0.0,0.0,0.0,epa_hwfet,RuleBasedEMS
697,20.5623,-8855.798312163271,0.0,0.0,0.45004199005415374,25.133036502487194,-0.01664623742887833,0.0,0.08323118714439165,0.0,0.0,0.0,epa_hwfet,RuleBasedEMS
698,20.548,-7762.19318926812,0.0,0.0,0.44999299875785614,25.13309114907008,-0.014590588701631805,0.0,0.07295294350815902,0.0,0.0,0.0,epa_hwfet,RuleBasedEMS
699,20.4942,-6456.09885952438,0.0,0.0,0.4499522508220219,25.133128081217382,-0.012135524172038309,0.0,0.06067762086019154,0.0,0.0,0.0,epa_hwfet,RuleBasedEMS
700,20.4015,-5147.059384578418,0.0,0.0,0.44991976501929937,25.133150281124667,-0.009674923655222592,0.0,0.04837461827611295,0.0,0.0,0.0,epa_hwfet,RuleBasedEMS
701,20.2762,-4026.662532396379,0.0,0.0,0.4498943508032343,25.133162198187037,-0.00756891453457966,0.0,0.0378445726728983,0.0,0.0,0.0,epa_hwfet,RuleBasedEMS
702,19.9774,1126.9086141977643,0.0,0.0,0.44990146319492574,25.133159215132252,0.06098863312026697,0.0,0.010591246374039139,0.04507634456791057,0.0,0.0,epa_hwfet,RuleBasedEMS
703,19.671,1377.8828643173158,0.0,0.0,0.4499101593463812,25.13315529521794,0.07457143501771459,0.0,0.012950026920275524,0.055115314572692635,0.0,0.0,epa_hwfet,RuleBasedEMS
704,19.3718,1296.1818462056556,0.0,0.0,0.4499183396340863,25.133149699085877,0.07014975134577675,0.0,0.01218216020869977,0.051847273848226225,0.0,0.0,epa_hwfet,RuleBasedEMS
705,19.0928,932.0021224953508,0.0,0.0,0.4499242214024295,25.133141981041334,0.05044023517083861,0.0,0.008759418444505177,0.037280084899814034,0.0,0.0,epa_hwfet,RuleBasedEMS
706,18.8435,368.2087132599741,0.0,0.0,0.44992654507205176,25.133132368274772,0.019927566301092433,0.0,0.0034606082073305837,0.014728348530398965,0.0,0.0,epa_hwfet,RuleBasedEMS
707,18.6283,-394.5461315156797,0.0,0.0,0.4499240552482094,25.133121744543757,-0.0007416280667587964,0.0,0.003708140333793982,0.0,0.0,0.0,epa_hwfet,RuleBasedEMS
708,18.4454,-1244.1629309545538,0.0,0.0,0.4499162039752779,25.133111593580395,-0.002338652125854424,0.0,0.011693260629272121,0.0,0.0,0.0,epa_hwfet,RuleBasedEMS
709,18.2871,-1870.9638979912506,0.0,0.0,0.44990439745903427,25.133102619990247,-0.003516849432314381,0.0,0.017584247161571906,0.0,0.0,0.0,epa_hwfet,RuleBasedEMS
710,18.1408,-2137.9739019825583,0.0,0.0,0.44989090616901667,25.13309410903703,-0.00401874793605744,0.0,0.0200937396802872,0.0,0.0,0.0,epa_hwfet,RuleBasedEMS
711,17.9906,-1953.9198290561737,0.0,0.0,0.4498785764514886,25.13308439176237,-0.0036727816335642366,0.0,0.018363908167821182,0.0,0.0,0.0,epa_hwfet,RuleBasedEMS
712,17.819,-1277.947652623888,0.0,0.0,0.4498705123748371,25.13307210887141,-0.002402157241774226,0.0,0.012010786208871128,0.0,0.0,0.0,epa_hwfet,RuleBasedEMS
713,17.6101,-164.81781196408133,0.0,0.0,0.4498694723587267,25.13305775249037,-0.0003098079172257168,0.0,0.001549039586128584,0.0,0.0,0.0,epa_hwfet,RuleBasedEMS
714,17.3511,922.9659707575197,0.0,0.0,0.4498752962660714,25.13304353084441,0.04995119592114757,0.0,0.008674492206367667,0.03691863883030079,0.0,0.0,epa_hwfet,RuleBasedEMS
715,17.0346,2081.372150165089,0.0,0.0,0.44988842944740975,25.133031884079568,0.11264448674352112,0.0,0.019561768328619257,0.08325488600660355,0.0,0.0,epa_hwfet,RuleBasedEMS
716,16.6597,3214.027392921706,0.0,0.0,0.4499087090636542,25.133025128943704,0.17394412912970256,0.0,0.030207024369564905,0.12856109571686825,0.0,0.0,epa_hwfet,RuleBasedEMS
717,16.2322,4184.119029978169,0.0,0.0,0.44993510899223754,25.13302432988423,0.22644578028408163,0.0,0.039324426973479036,0.16736476119912677,0.0,0.0,epa_hwfet,RuleBasedEMS
718,15.7645,4872.871977224509,0.0,0.0,0.4499658537572952,25.13302857214412,0.2637212969327971,0.0,0.04579766895887696,0.19491487908898034,0.0,0.0,epa_hwfet,RuleBasedEMS
719,15.2737,5214.487103695061,0.0,0.0,0.44999875290016805,25.133035220881762,0.2822096103187748,0.0,0.04900833744074305,0.20857948414780242,0.0,0.0,epa_hwfet,RuleBasedEMS
720,14.78,5186.461690864727,0.0,0.0,0.4500314742240067,25.13304078201208,0.2806928665477015,0.0,0.048744940703615854,0.20745846763458906,0.0,0.0,epa_hwfet,RuleBasedEMS
721,14.304,4819.410143724489,0.0,0.0,0.45006187892558513,25.133042131273584,0.2608279264250291,0.0,0.045295208117711365,0.19277640574897956,0.0,0.0,epa_hwfet,RuleBasedEMS
722,13.8647,4173.886478774041,0.0,0.0,0.4500882104265706,25.133037349350836,0.22589199153545525,0.0,0.039228256379455276,0.16695545915096166,0.0,0.0,epa_hwfet,RuleBasedEMS
723,13.4766,3344.5803603125505,0.0,0.0,0.4501093096317342,25.13302614123908,0.1810096949889454,0.0,0.03143402594278713,0.13378321441250202,0.0,0.0,epa_hwfet,RuleBasedEMS
724,13.1484,2429.5019018533676,0.0,0.0,0.4501246357710269,25.133009519044077,0.13148537360556795,0.0,0.02283366449110308,0.0971800760741347,0.0,0.0,epa_hwfet,RuleBasedEMS
725,12.8821,1524.8797758199396,0.0,0.0,0.45013425507976673,25.132989199943808,0.082526952077834,0.0,0.014331576840412965,0.06099519103279758,0.0,0.0,epa_hwfet,RuleBasedEMS
726,12.6727,721.0968357761533,0.0,0.0,0.450138803872895,25.132966946987153,0.03902597762343422,0.0,0.006777225900151816,0.028843873431046132,0.0,0.0,epa_hwfet,RuleBasedEMS
727,12.5092,90.44923531763152,0.0,0.0,0.45013937443540675,25.132944050789522,0.004895139818167756,0.0,0.0008500867980980406,0.0036179694127052606,0.0,0.0,epa_hwfet,RuleBasedEMS
728,12.3762,-438.8914913600863,0.0,0.0,0.45013660588568477,25.13292121695774,-0.0008249840063159517,0.0,0.004124920031579759,0.0,0.0,0.0,epa_hwfet,RuleBasedEMS
729,12.2557,-651.6083131862786,0.0,0.0,0.45013249552887835,25.13289852410425,-0.0012248276563651855,0.0,0.006124138281825927,0.0,0.0,0.0,epa_hwfet,RuleBasedEMS
730,12.1302,-528.8368549090237,0.0,0.0,0.4501291596308916,25.132875628873027,-0.0009940542385507964,0.0,0.004970271192753982,0.0,0.0,0.0,epa_hwfet,RuleBasedEMS
731,11.9841,-113.70369994517026,0.0,0.0,0.450128442392275,25.132852413607424,-0.00021372875929543284,0.0,0.0010686437964771642,0.0,0.0,0.0,epa_hwfet,RuleBasedEMS
732,11.8065,356.92585111415974,0.0,0.0,0.45013069385380033,25.132829226158897,0.019316934408418963,0.0,0.003354566269869922,0.01427703404456639,0.0,0.0,epa_hwfet,RuleBasedEMS
733,11.592,854.0609715841897,0.0,0.0,0.45013608116709597,25.132806515135865,0.04622203664257893,0.0,0.008026888830678475,0.03416243886336759,0.0,0.0,epa_hwfet,RuleBasedEMS
734,11.3412,1324.1907948831627,0.0,0.0,0.4501444339289782,25.132784668389355,0.0716656040719474,0.0,0.012445402207548521,0.05296763179532651,0.0,0.0,epa_hwfet,RuleBasedEMS
735,11.0608,1687.4514689319783,0.0,0.0,0.45015507796701393,25.13276374317608,0.09132538100279984,0.0,0.015859506286954685,0.06749805875727913,0.0,0.0,epa_hwfet,RuleBasedEMS
736,10.762,1893.2556515475635,0.0,0.0,0.4501670200357871,25.132743397784104,0.10246356526195008,0.0,0.017793756123567327,0.07573022606190254,0.0,0.0,epa_hwfet,RuleBasedEMS
737,10.4587,1921.0102262958378,0.0,0.0,0.45017913703284773,25.132723037684404,0.1039656511945672,0.0,0.018054607389998475,0.07684040905183351,0.0,0.0,epa_hwfet,RuleBasedEMS
738,10.1655,1778.0983148590208,0.0,0.0,0.4501903524706276,25.132702071529703,0.09623121556658068,0.0,0.016711450327622376,0.07112393259436083,0.0,0.0,epa_hwfet,RuleBasedEMS
739,9.8954,1497.4607680502636,0.0,0.0,0.4501997976762454,25.132680144047445,0.08104302713102103,0.0,0.014073879398968642,0.059898430722010544,0.0,0.0,epa_hwfet,RuleBasedEMS
740,9.6575,1132.1241579249536,0.0,0.0,0.45020693846345483,25.13265723350035,0.061270899915367036,0.0,0.01064026464215182,0.045284966316998146,0.0,0.0,epa_hwfet,RuleBasedEMS
741,9.4557,741.5415655988331,0.0,0.0,0.4502116156455796,25.1326335744226,0.04013245255022858,0.0,0.0069693756165303865,0.029661662623953325,0.0,0.0,epa_hwfet,RuleBasedEMS
742,9.2879,387.0232886241053,0.0,0.0,0.4502140567329484,25.132609496901868,0.02094581677831812,0.0,0.0036374369231588844,0.015480931544964213,0.0,0.0,epa_hwfet,RuleBasedEMS
743,9.1461,124.86638344672535,0.0,0.0,0.4502148443041366,25.132585265303565,0.006757806225936309,0.0,0.001173556235401554,0.004994655337869014,0.0,0.0,epa_hwfet,RuleBasedEMS
744,9.0169,4.7830197085479895,0.0,0.0,0.4502148744720296,25.1325610003663,0.00025885846512878515,0.0,4.495319274951118e-05,0.00019132078834191958,0.0,0.0,epa_hwfet,RuleBasedEMS
745,8.8838,52.446744413336255,0.0,0.0,0.4502152052679134,25.132536723546337,0.0028384335811067244,0.0,0.0004929205302005288,0.00209786977653345,0.0,0.0,epa_hwfet,RuleBasedEMS
746,8.7291,272.7422034672746,0.0,0.0,0.4502169255221221,25.132512500653842,0.014760890079379264,0.0,0.0025633665739405505,0.010909688138690983,0.0,0.0,epa_hwfet,RuleBasedEMS
747,8.5361,644.8766083787708,0.0,0.0,0.45022099290764805,25.132488585259853,0.03490091599331122,0.0,0.006060870379499725,0.025795064335150834,0.0,0.0,epa_hwfet,RuleBasedEMS
748,8.2915,1119.9784758919875,0.0,0.0,0.4502280568363689,25.132465444717315,0.060613571950906206,0.0,0.010526113495225446,0.0447991390356795,0.0,0.0,epa_hwfet,RuleBasedEMS
749,7.9874,1627.8642776297775,0.0,0.0,0.45023832403792774,25.1324436030323,0.08810050428856495,0.0,0.015299476293512946,0.0651145711051911,0.0,0.0,epa_hwfet,RuleBasedEMS
750,7.6226,2090.0444326006977,0.0,0.0,0.4502515061801302,25.132423362931462,0.11311383327714153,0.0,0.01964327474248776,0.08360177730402792,0.0,0.0,epa_hwfet,RuleBasedEMS
751,7.2026,2439.0987204046137,0.0,0.0,0.4502668897041943,25.13240459282339,0.13200475631182262,0.0,0.0229238601541787,0.09756394881618455,0.0,0.0,epa_hwfet,RuleBasedEMS
752,6.5288,4092.257336933334,0.0,0.0,0.45029269952388706,25.132396055338468,0.2214741978289183,0.0,0.03846106519674186,0.16369029347733335,0.0,0.0,epa_hwfet,RuleBasedEMS
753,5.8287,3846.398865848612,0.0,0.0,0.45031695833755914,25.13238562642871,0.20816826343141584,0.0,0.03615036528053207,0.15385595463394447,0.0,0.0,epa_hwfet,RuleBasedEMS
754,5.1227,3431.0653023798495,0.0,0.0,0.45033859737856685,25.13237230605321,0.1856902860641365,0.0,0.03224685434567528,0.13724261209519398,0.0,0.0,epa_hwfet,RuleBasedEMS
755,4.4315,2907.0056950720073,0.0,0.0,0.4503569310528566,25.13235582423162,0.1573280225047241,0.0,0.027321482096541422,0.11628022780288029,0.0,0.0,epa_hwfet,RuleBasedEMS
756,3.7739,2342.2004898824766,0.0,0.0,0.45037170250721004,25.13233652941242,0.1267605949336396,0.0,0.022013162498895456,0.09368801959529907,0.0,0.0,epa_hwfet,RuleBasedEMS
757,3.1649,1797.6065482801923,0.0,0.0,0.4503830393044916,25.1323151014277,0.09728700702647236,0.0,0.016894798386092032,0.07190426193120769,0.0,0.0,epa_hwfet,RuleBasedEMS
758,2.6135,1319.3322515400623,0.0,0.0,0.4503913597656509,25.132292267462837,0.07140265824500278,0.0,0.012399739206203594,0.052773290061602494,0.0,0.0,epa_hwfet,RuleBasedEMS
759,2.1221,930.7447821439503,0.0,0.0,0.450397229549488,25.132268612588668,0.05037218753287334,0.0,0.008747601335939383,0.03722979128575801,0.0,0.0,epa_hwfet,RuleBasedEMS
760,1.6861,636.0788558744348,0.0,0.0,0.45040124099942264,25.13224452740129,0.03442477898183595,0.0,0.005978184735661981,0.02544315423497739,0.0,0.0,epa_hwfet,RuleBasedEMS
761,1.9159,-981.3575618734089,0.0,0.0,0.45039505204780483,25.13222097973914,-0.0018446570711906183,0.0,0.009223285355953091,0.0,0.0,0.0,epa_hwfet,RuleBasedEMS
762,1.4369,611.7413968372277,0.0,0.0,0.4503989100240668,25.132196869347073,0.03310762837920575,0.0,0.005749449218394998,0.02446965587348911,0.0,0.0,epa_hwfet,RuleBasedEMS
763,0.9579,408.2769861016179,0.0,0.0,0.45040148483873554,25.132172568308487,0.02209607327789057,0.0,0.0038371897190001684,0.016331079444064717,0.0,0.0,epa_hwfet,RuleBasedEMS
764,0.479,204.24521734438827,0.0,0.0,0.4504027729182986,25.13214815394015,0.011053812589811328,0.0,0.0019195979073720702,0.00816980869377553,0.0,0.0,epa_hwfet,RuleBasedEMS
1,0.0,0.0,0.0,0.0,0.5,25.0,0.0,0.0,0.0,0.0,0.0,0.0,epa_us06,RuleBasedEMS
2,0.0,0.0,0.0,0.0,0.5,25.0,0.0,0.0,0.0,0.0,0.0,0.0,epa_us06,RuleBasedEMS
3,0.0,0.0,0.0,0.0,0.5,25.0,0.0,0.0,0.0,0.0,0.0,0.0,epa_us06,RuleBasedEMS
4,0.0,0.0,0.0,0.0,0.5,25.0,0.0,0.0,0.0,0.0,0.0,0.0,epa_us06,RuleBasedEMS
5,0.0,0.0,0.0,0.0,0.5,25.0,0.0,0.0,0.0,0.0,0.0,0.0,epa_us06,RuleBasedEMS
6,0.0,0.0,0.0,0.0,0.5,25.0,0.0,0.0,0.0,0.0,0.0,0.0,epa_us06,RuleBasedEMS
7,0.0,0.0,0.0,0.0,0.5,25.0,0.0,0.0,0.0,0.0,0.0,0.0,epa_us06,RuleBasedEMS
8,0.0,0.0,0.0,0.0,0.5,25.0,0.0,0.0,0.0,0.0,0.0,0.0,epa_us06,RuleBasedEMS
9,0.0,0.0,0.0,0.0,0.5,25.0,0.0,0.0,0.0,0.0,0.0,0.0,epa_us06,RuleBasedEMS
10,0.0,0.0,0.0,0.0,0.5,25.0,0.0,0.0,0.0,0.0,0.0,0.0,epa_us06,RuleBasedEMS
11,0.0,0.0,0.0,0.0,0.5,25.0,0.0,0.0,0.0,0.0,0.0,0.0,epa_us06,RuleBasedEMS
12,0.0,0.0,0.0,0.0,0.5,25.0,0.0,0.0,0.0,0.0,0.0,0.0,epa_us06,RuleBasedEMS
13,0.0,0.0,0.0,0.0,0.5,25.0,0.0,0.0,0.0,0.0,0.0,0.0,epa_us06,RuleBasedEMS
14,0.0,0.0,0.0,0.0,0.5,25.0,0.0,0.0,0.0,0.0,0.0,0.0,epa_us06,RuleBasedEMS
15,0.0,0.0,0.0,0.0,0.5,25.0,0.0,0.0,0.0,0.0,0.0,0.0,epa_us06,RuleBasedEMS
16,0.0,0.0,0.0,0.0,0.5,25.0,0.0,0.0,0.0,0.0,0.0,0.0,epa_us06,RuleBasedEMS
17,0.0,0.0,0.0,0.0,0.5,25.0,0.0,0.0,0.0,0.0,0.0,0.0,epa_us06,RuleBasedEMS
18,0.0,0.0,0.0,0.0,0.5,25.0,0.0,0.0,0.0,0.0,0.0,0.0,epa_us06,RuleBasedEMS
19,0.0,0.0,0.0,0.0,0.5,25.0,0.0,0.0,0.0,0.0,0.0,0.0,epa_us06,RuleBasedEMS
20,0.0,0.0,0.0,0.0,0.5,25.0,0.0,0.0,0.0,0.0,0.0,0.0,epa_us06,RuleBasedEMS
21,0.0,0.0,0.0,0.0,0.5,25.0,0.0,0.0,0.0,0.0,0.0,0.0,epa_us06,RuleBasedEMS
22,0.0,0.0,0.0,0.0,0.5,25.0,0.0,0.0,0.0,0.0,0.0,0.0,epa_us06,RuleBasedEMS
23,0.0,0.0,0.0,0.0,0.5,25.0,0.0,0.0,0.0,0.0,0.0,0.0,epa_us06,RuleBasedEMS
24,0.0,0.0,0.0,0.0,0.5,25.0,0.0,0.0,0.0,0.0,0.0,0.0,epa_us06,RuleBasedEMS
25,0.0,0.0,0.0,0.0,0.5,25.0,0.0,0.0,0.0,0.0,0.0,0.0,epa_us06,RuleBasedEMS
26,0.0,0.0,0.0,0.0,0.5,25.0,0.0,0.0,0.0,0.0,0.0,0.0,epa_us06,RuleBasedEMS
27,0.5748,-601.7735999734681,0.0,0.0,0.49999621511755177,25.000000342291163,-0.0011311533834087745,0.0,0.005655766917043873,0.0,0.0,0.0,epa_us06,RuleBasedEMS
28,1.1495,-1203.931163046236,0.0,0.0,0.4999886429218801,25.000001712411713,-0.0022630285019666087,0.0,0.011315142509833044,0.0,0.0,0.0,epa_us06,RuleBasedEMS
29,1.7243,-1807.8863232667547,0.0,0.0,0.49997727206798076,25.00000480274646,-0.0033982825625314943,0.0,0.01699141281265747,0.0,0.0,0.0,epa_us06,RuleBasedEMS
30,2.0263,-1265.9991286963254,0.0,0.0,0.49996930941090967,25.000006321659463,-0.002379697610331439,0.0,0.011898488051657195,0.0,0.0,0.0,epa_us06,RuleBasedEMS
31,2.8738,-4241.075306253023,0.0,0.0,0.49994263453924564,25.00002333077995,-0.007971946064385381,0.0,0.039859730321926905,0.0,0.0,0.0,epa_us06,RuleBasedEMS
32,3.7213,-5503.980308392646,0.0,0.0,0.499908015946506,25.000051991964487,-0.010345827647354599,0.0,0.05172913823677299,0.0,0.0,0.0,epa_us06,RuleBasedEMS
33,4.5217,-6374.001004946963,0.0,0.0,0.499867924422163,25.000090463521335,-0.011981204896516849,0.0,0.05990602448258424,0.0,0.0,0.0,epa_us06,RuleBasedEMS
34,5.2359,-6700.075556605052,0.0,0.0,0.49982578106570696,25.00013303691959,-0.012594126986099722,0.0,0.0629706349304986,0.0,0.0,0.0,epa_us06,RuleBasedEMS
35,5.8398,-6493.758859248986,0.0,0.0,0.49978493457193457,25.000173137595382,-0.01220631364520486,0.0,0.0610315682260243,0.0,0.0,0.0,epa_us06,RuleBasedEMS
36,6.3284,-5924.086641027318,0.0,0.0,0.4997476706426219,25.000206669378347,-0.011135501204938569,0.0,0.05567750602469284,0.0,0.0,0.0,epa_us06,RuleBasedEMS
37,6.7166,-5258.4317704474915,0.0,0.0,0.4997145932707822,25.000233286336268,-0.009884270245202054,0.0,0.04942135122601026,0.0,0.0,0.0,epa_us06,RuleBasedEMS
38,7.0366,-4780.601064650998,0.0,0.0,0.49968452118593565,25.000255483789477,-0.00898609222678759,0.0,0.04493046113393795,0.0,0.0,0.0,epa_us06,RuleBasedEMS
39,7.3325,-4725.013612825254,0.0,0.0,0.49965479840254573,25.00027728988906,-0.008881604535385817,0.0,0.04440802267692908,0.0,0.0,0.0,epa_us06,RuleBasedEMS
40,7.6526,-5240.8708144100265,0.0,0.0,0.4996218302200003,25.0003040680952,-0.009851260929342156,0.0,0.049256304646710776,0.0,0.0,0.0,epa_us06,RuleBasedEMS
41,8.0408,-6387.2214528290515,0.0,0.0,0.4995816502789491,25.000343584979856,-0.012006055362460624,0.0,0.060030276812303114,0.0,0.0,0.0,epa_us06,RuleBasedEMS
42,8.5294,-8147.908106187607,0.0,0.0,0.49953039356307105,25.00040748783497,-0.01531561674095415,0.0,0.07657808370477075,0.0,0.0,0.0,epa_us06,RuleBasedEMS
43,9.1333,-10419.9900360219,0.0,0.0,0.4994648421987876,25.000511560995683,-0.01958644743613139,0.0,0.09793223718065695,0.0,0.0,0.0,epa_us06,RuleBasedEMS
44,9.8475,-13002.639643907678,0.0,0.0,0.4993830411489054,25.00067325388893,-0.02444105196223248,0.0,0.12220525981116238,0.0,0.0,0.0,epa_us06,RuleBasedEMS
45,10.6478,-15587.788406839887,0.0,0.0,0.4992849729291442,25.000905452221364,-0.02930035414819528,0.0,0.1465017707409764,0.0,0.0,0.0,epa_us06,RuleBasedEMS
46,11.4953,-17798.897122222817,0.0,0.0,0.49917298873216553,25.00120832158348,-0.03345657353801281,0.0,0.16728286769006406,0.0,0.0,0.0,epa_us06,RuleBasedEMS
47,12.3428,-19257.248739569517,0.0,0.0,0.4990518228079401,25.001563431492432,-0.03619783597663443,0.0,0.18098917988317215,0.0,0.0,0.0,epa_us06,RuleBasedEMS
48,13.1432,-19700.17530991586,0.0,0.0,0.4989278631124257,25.0019362439778,-0.037030404717886954,0.0,0.18515202358943478,0.0,0.0,0.0,epa_us06,RuleBasedEMS
49,13.8574,-19069.139205746804,0.0,0.0,0.49880786743214595,25.002287466632087,-0.03584424662734362,0.0,0.1792212331367181,0.0,0.0,0.0,epa_us06,RuleBasedEMS
50,14.4613,-17563.841707331427,0.0,0.0,0.4986973383673019,25.00258811623109,-0.03301474005137486,0.0,0.16507370025687432,0.0,0.0,0.0,epa_us06,RuleBasedEMS
51,14.9499,-15601.80301963479,0.0,0.0,0.49859915197418786,25.00282869598513,-0.02932669740532855,0.0,0.14663348702664275,0.0,0.0,0.0,epa_us06,RuleBasedEMS
52,15.3381,-13717.133530319228,0.0,0.0,0.4985128231365275,25.00301828602603,-0.02578408558330682,0.0,0.1289204279165341,0.0,0.0,0.0,epa_us06,RuleBasedEMS
53,15.6581,-12433.169532314743,0.0,0.0,0.4984345726414474,25.00317716582655,-0.023370619421644256,0.0,0.11685309710822127,0.0,0.0,0.0,epa_us06,RuleBasedEMS
54,15.954,-12157.47338824786,0.0,0.0,0.4983580554564584,25.003330518021595,-0.022852393586932068,0.0,0.11426196793466033,0.0,0.0,0.0,epa_us06,RuleBasedEMS
55,16.2741,-13112.404434943384,0.0,0.0,0.49827552624223514,25.003507557666822,-0.024647376757412378,0.0,0.12323688378706188,0.0,0.0,0.0,epa_us06,RuleBasedEMS
56,16.6622,-15312.39657462804,0.0,0.0,0.498179147902778,25.003744781159767,-0.028782700328248197,0.0,0.14391350164124098,0.0,0.0,0.0,epa_us06,RuleBasedEMS
57,17.1509,-18611.498409664247,0.0,0.0,0.49806200080521823,25.004089292727162,-0.03498401956703806,0.0,0.1749200978351903,0.0,0.0,0.0,epa_us06,RuleBasedEMS
58,17.7548,-22667.790332103894,0.0,0.0,0.49791931594339883,25.004594233354908,-0.042608628443804315,0.0,0.21304314221902157,0.0,0.0,0.0,epa_us06,RuleBasedEMS
59,18.4689,-27025.407771446997,0.0,0.0,0.49774919213720314,25.005306884656594,-0.05079963866813345,0.0,0.25399819334066726,0.0,0.0,0.0,epa_us06,RuleBasedEMS
60,19.2693,-31124.476037486776,0.0,0.0,0.4975532513256642,25.00624887795371,-0.05850465420580221,0.0,0.29252327102901104,0.0,0.0,0.0,epa_us06,RuleBasedEMS
61,20.1168,-34360.746827393465,0.0,0.0,0.4973369193090979,25.00739625376539,-0.0645878699763035,0.0,0.3229393498815175,0.0,0.0,0.0,epa_us06,RuleBasedEMS
62,20.5386,-21686.924086002324,0.0,0.0,0.49720036815089125,25.00787638153782,-0.04076489489850061,0.0,0.20382447449250304,0.0,0.0,0.0,epa_us06,RuleBasedEMS
63,20.9131,-20733.85329204012,0.0,0.0,0.4970698122840983,25.00832092734098,-0.03897340844368444,0.0,0.1948670422184222,0.0,0.0,0.0,epa_us06,RuleBasedEMS
64,21.2016,-18334.52128634976,0.0,0.0,0.49695435989419273,25.00867914530226,-0.0344633858765973,0.0,0.17231692938298648,0.0,0.0,0.0,epa_us06,RuleBasedEMS
65,21.3797,-14911.935822907919,0.0,0.0,0.4968604567201636,25.008931404405175,-0.028029954554338196,0.0,0.14014977277169097,0.0,0.0,0.0,epa_us06,RuleBasedEMS
66,21.4426,-11147.136146802895,0.0,0.0,0.4967902599815674,25.009091645962496,-0.02095326343384003,0.0,0.10476631716920014,0.0,0.0,0.0,epa_us06,RuleBasedEMS
67,21.405,-7761.067692378116,0.0,0.0,0.4967413861236629,25.009191163324065,-0.014588473105973901,0.0,0.0729423655298695,0.0,0.0,0.0,epa_us06,RuleBasedEMS
68,21.2993,-5410.10188147776,0.0,0.0,0.4967073173107267,25.00926041257217,-0.01016936443886797,0.0,0.05084682219433985,0.0,0.0,0.0,epa_us06,RuleBasedEMS
69,21.1695,-4515.132277085079,0.0,0.0,0.4966788848106956,25.00931976261715,-0.008487090746400526,0.0,0.04243545373200262,0.0,0.0,0.0,epa_us06,RuleBasedEMS
70,21.0638,-5227.148833969516,0.0,0.0,0.4966459692425569,25.00938405388104,-0.009825467733025407,0.0,0.04912733866512703,0.0,0.0,0.0,epa_us06,RuleBasedEMS
71,21.0262,-7425.695359497722,0.0,0.0,0.4965992100605229,25.00947332743454,-0.013958073984018275,0.0,0.06979036992009137,0.0,0.0,0.0,epa_us06,RuleBasedEMS
72,21.0891,-10777.573895120444,0.0,0.0,0.4965313447802776,25.00961962926969,-0.02025859754721888,0.0,0.1012929877360944,0.0,0.0,0.0,epa_us06,RuleBasedEMS
73,21.2672,-14773.680788604584,0.0,0.0,0.4964383159806568,25.009862723679074,-0.027770076670309368,0.0,0.13885038335154684,0.0,0.0,0.0,epa_us06,RuleBasedEMS
74,21.5557,-18831.970552155864,0.0,0.0,0.49631973021387654,25.010236053272354,-0.035398440887511026,0.0,0.17699220443755512,0.0,0.0,0.0,epa_us06,RuleBasedEMS
75,21.9302,-22302.194273432717,0.0,0.0,0.49617928775417847,25.01074664279527,-0.041921417807204354,0.0,0.20960708903602177,0.0,0.0,0.0,epa_us06,RuleBasedEMS
76,22.352,-24620.394774476666,0.0,0.0,0.496024240260182,25.01136319274602,-0.04627893754600877,0.0,0.23139468773004385,0.0,0.0,0.0,epa_us06,RuleBasedEMS
77,22.7738,-25339.001192346706,0.0,0.0,0.4958646592809761,25.01201727315636,-0.04762970148937351,0.0,0.23814850744686755,0.0,0.0,0.0,epa_us06,RuleBasedEMS
78,23.1483,-24285.754021010263,0.0,0.0,0.4957117036030667,25.01262553478083,-0.045649913573327566,0.0,0.2282495678666378,0.0,0.0,0.0,epa_us06,RuleBasedEMS
79,23.4368,-21637.675856992733,0.0,0.0,0.4955754196285498,25.013121945851946,-0.04067232303946003,0.0,0.20336161519730012,0.0,0.0,0.0,epa_us06,RuleBasedEMS
80,23.6149,-17862.594226283545,0.0,0.0,0.4954629087984815,25.01347962103802,-0.033576304936623204,0.0,0.167881524683116,0.0,0.0,0.0,epa_us06,RuleBasedEMS
81,23.6778,-13708.382527947942,0.0,0.0,0.49537656214568865,25.013714414736853,-0.02576763633072922,0.0,0.12883818165364608,0.0,0.0,0.0,epa_us06,RuleBasedEMS
82,23.6402,-9966.217364027218,0.0,0.0,0.4953137862910611,25.013865385252533,-0.018733491285765447,0.0,0.09366745642882723,0.0,0.0,0.0,epa_us06,RuleBasedEMS
83,23.5345,-7359.805242854828,0.0,0.0,0.49526742816231006,25.0139725849102,-0.013834220381306068,0.0,0.06917110190653034,0.0,0.0,0.0,epa_us06,RuleBasedEMS
84,23.4047,-6358.240967059139,0.0,0.0,0.4952273793120658,25.01406507001985,-0.011951580765148758,0.0,0.05975790382574379,0.0,0.0,0.0,epa_us06,RuleBasedEMS
85,23.299,-7135.584178935307,0.0,0.0,0.4951824349897182,25.014165597650017,-0.013412752216043811,0.0,0.06706376108021905,0.0,0.0,0.0,epa_us06,RuleBasedEMS
86,23.2614,-9564.364374612005,0.0,0.0,0.49512219358151727,25.014302986877585,-0.01797812852370678,0.0,0.08989064261853388,0.0,0.0,0.0,epa_us06,RuleBasedEMS
87,23.3243,-13276.64026187009,0.0,0.0,0.4950385707616921,25.014519922229862,-0.024956090717800923,0.0,0.12478045358900461,0.0,0.0,0.0,epa_us06,RuleBasedEMS
88,23.5024,-17704.499721798526,0.0,0.0,0.49492705823954186,25.014867141935127,-0.03327913481541076,0.0,0.1663956740770538,0.0,0.0,0.0,epa_us06,RuleBasedEMS
89,23.7909,-22197.72456027574,0.0,0.0,0.4947872417327789,25.015385825408778,-0.04172504616593184,0.0,0.2086252308296592,0.0,0.0,0.0,epa_us06,RuleBasedEMS
90,24.1654,-26034.246339233294,0.0,0.0,0.4946232539250177,25.016082729442687,-0.048936553269235517,0.0,0.24468276634617758,0.0,0.0,0.0,epa_us06,RuleBasedEMS
91,24.5872,-28594.002920028302,0.0,0.0,0.49444313330541434,25.016916155053078,-0.05374812578952688,0.0,0.2687406289476344,0.0,0.0,0.0,epa_us06,RuleBasedEMS
92,24.2453,607.4531992178157,0.0,0.0,0.4944469600237571,25.016979384848835,0.03287554983435968,0.0,0.005709146609189997,0.02429812796871263,0.0,0.0,epa_us06,RuleBasedEMS
93,23.8562,2047.2123958633492,0.0,0.0,0.4944598560796847,25.01704171168336,0.11079575056710066,0.0,0.019240718006234486,0.08188849583453398,0.0,0.0,epa_us06,RuleBasedEMS
94,23.3809,4485.17854558471,0.0,0.0,0.49448810829764767,25.01711448445953,0.24273921181292285,0.0,0.04215393369910442,0.1794071418233884,0.0,0.0,epa_us06,RuleBasedEMS
95,22.7954,7446.372470447977,0.0,0.0,0.49453501051607107,25.017215728254204,0.40299991761116194,0.0,0.06998470366962385,0.2978548988179191,0.0,0.0,epa_us06,RuleBasedEMS
96,22.0945,10366.369401014024,0.0,0.0,0.49460030063108107,25.017360828852798,0.5610310296879619,0.0,0.09742828384411677,0.41465477604056095,0.0,0.0,epa_us06,RuleBasedEMS
97,21.2933,12694.748675427103,0.0,0.0,0.4946802497098118,25.01755108491641,0.6870436162836413,0.0,0.11931154770138255,0.5077899470170841,0.0,0.0,epa_us06,RuleBasedEMS
98,20.4239,14049.000821897731,0.0,0.0,0.49476872069745353,25.01776990906465,0.7603361497445102,0.0,0.13203948140881325,0.5619600328759092,0.0,0.0,epa_us06,RuleBasedEMS
99,19.5303,14257.849291703627,0.0,0.0,0.4948584996559322,25.017988878241933,0.7716390917419752,0.0,0.13400234296713937,0.5703139716681451,0.0,0.0,epa_us06,RuleBasedEMS
100,18.6609,13378.77527079359,0.0,0.0,0.49494273663601085,25.018179943747036,0.7240633413471599,0.0,0.12574036908640593,0.5351510108317437,0.0,0.0,epa_us06,RuleBasedEMS
101,17.8597,11660.637733728865,0.0,0.0,0.4950161503201111,25.018326107502222,0.631077221108123,0.0,0.10959245990346678,0.4664255093491546,0.0,0.0,epa_us06,RuleBasedEMS
102,17.1588,9453.148102611232,0.0,0.0,0.49507566211555204,25.01842476214729,0.5116072183653808,0.0,0.08884537690424091,0.3781259241044493,0.0,0.0,epa_us06,RuleBasedEMS
103,16.5733,7126.612987357284,0.0,0.0,0.4951205248620961,25.01848425662319,0.385694438218028,0.0,0.06697944536989928,0.28506451949429135,0.0,0.0,epa_us06,RuleBasedEMS
104,16.098,5040.81601804564,0.0,0.0,0.4951522558715124,25.018517712548604,0.27281047893152266,0.0,0.047376090395165785,0.2016326407218256,0.0,0.0,epa_us06,RuleBasedEMS
105,15.7089,3484.39737846428,0.0,0.0,0.495174188710414,25.018537081651548,0.188576634061548,0.0,0.03274809566225827,0.13937589513857118,0.0,0.0,epa_us06,RuleBasedEMS
106,15.367,2665.0821699637413,0.0,0.0,0.4951909637965404,25.018550495048796,0.14423504856690983,0.0,0.02504776475529832,0.10660328679854965,0.0,0.0,epa_us06,RuleBasedEMS
107,15.0251,2671.65511683221,0.0,0.0,0.49520777981548986,25.018562955622222,0.1445907784282575,0.0,0.025109540571731294,0.10686620467328839,0.0,0.0,epa_us06,RuleBasedEMS
108,14.636,3447.4496469556425,0.0,0.0,0.49522947831586006,25.018579003672354,0.18657701172020083,0.0,0.03240084254657559,0.1378979858782257,0.0,0.0,epa_us06,RuleBasedEMS
109,14.1607,4784.395398882746,0.0,0.0,0.4952595908308539,25.018604553697767,0.2589329179034436,0.0,0.04496612216995062,0.19137581595530984,0.0,0.0,epa_us06,RuleBasedEMS
110,13.5752,6355.0881038580355,0.0,0.0,0.4952995878914981,25.018645694107644,0.34393927948548975,0.0,0.05972827165280108,0.2542035241543214,0.0,0.0,epa_us06,RuleBasedEMS
111,12.8743,7791.638943555531,0.0,0.0,0.49534862444175665,25.018705046657153,0.42168584297528355,0.0,0.07322968931913093,0.31166555774222127,0.0,0.0,epa_us06,RuleBasedEMS
112,12.0731,8764.79801075179,0.0,0.0,0.4954037833809892,25.018778618529772,0.4743535043713638,0.0,0.08237592115368224,0.35059192043007165,0.0,0.0,epa_us06,RuleBasedEMS
113,11.2037,9085.070766310228,0.0,0.0,0.49546095549807595,25.01885663168956,0.4916867622248196,0.0,0.0853860034427653,0.3634028306524091,0.0,0.0,epa_us06,RuleBasedEMS
114,10.3101,8723.518594896024,0.0,0.0,0.4955158501066363,25.018927705826897,0.47211944997038774,0.0,0.0819879567189476,0.34894074379584095,0.0,0.0,epa_us06,RuleBasedEMS
115,9.4407,7800.41885097254,0.0,0.0,0.4955649340070564,25.018983660791736,0.42216101420526575,0.0,0.07331220724598252,0.3120167540389016,0.0,0.0,epa_us06,RuleBasedEMS
116,8.6395,6531.30411555766,0.0,0.0,0.4956060306269743,25.019021885925465,0.3534761430359702,0.0,0.0613844371762938,0.2612521646223064,0.0,0.0,epa_us06,RuleBasedEMS
117,7.9386,5148.56247188703,0.0,0.0,0.49563842574856715,25.019044457520256,0.2786417494183672,0.0,0.04838874503653224,0.20594249887548122,0.0,0.0,epa_us06,RuleBasedEMS
118,7.3531,3846.239090891495,0.0,0.0,0.4956626259961316,25.01905568901935,0.20815961636268404,0.0,0.036148863636198264,0.1538495636356598,0.0,0.0,epa_us06,RuleBasedEMS
119,6.8778,2768.361677554725,0.0,0.0,0.49568004400631716,25.019060001743973,0.1498245665792399,0.0,0.026018436819123355,0.110734467102189,0.0,0.0,epa_us06,RuleBasedEMS
120,6.4887,1999.5387753713783,0.0,0.0,0.4956926245552242,25.01906072938329,0.1082156398881442,0.0,0.018792657663264833,0.07998155101485513,0.0,0.0,epa_us06,RuleBasedEMS
121,6.1468,1580.4385803496796,0.0,0.0,0.4957025681353119,25.019059955656058,0.08553381128839843,0.0,0.01485374605591804,0.06321754321398718,0.0,0.0,epa_us06,RuleBasedEMS
122,5.8049,1502.5381684355714,0.0,0.0,0.4957120215092144,25.019058892366637,0.08131781756691159,0.0,0.014121599327401986,0.060101526737422854,0.0,0.0,epa_us06,RuleBasedEMS
123,5.4158,1698.100211574137,0.0,0.0,0.4957227051934919,25.01905836756873,0.09190169415722284,0.0,0.015959588454644142,0.06792400846296548,0.0,0.0,epa_us06,RuleBasedEMS
124,4.9405,2036.307511052878,0.0,0.0,0.4957355166148896,25.019058986319045,0.11020557492149334,0.0,0.01913822848733908,0.08145230044211511,0.0,0.0,epa_us06,RuleBasedEMS
125,4.355,2342.495375269025,0.0,0.0,0.49575025427466485,25.019060822880554,0.12677655421944692,0.0,0.022015933978092338,0.093699815010761,0.0,0.0,epa_us06,RuleBasedEMS
126,3.6541,2446.4299484044354,0.0,0.0,0.49576564567260417,25.019063082929623,0.1324015245760536,0.0,0.022992762672974017,0.09785719793617742,0.0,0.0,epa_us06,RuleBasedEMS
127,2.8529,2236.7826409339827,0.0,0.0,0.4957797179551218,25.019064374272837,0.12105534924393088,0.0,0.02102239324186074,0.0894713056373593,0.0,0.0,epa_us06,RuleBasedEMS
128,1.844,1878.411681059706,0.0,0.0,0.49579153550588745,25.019064241139024,0.10166020511479522,0.0,0.017654245122741597,0.07513646724238825,0.0,0.0,epa_us06,RuleBasedEMS
129,1.2294,710.3993791603084,0.0,0.0,0.4957960047684457,25.019061228241895,0.03844702805410451,0.0,0.006676685894363801,0.028415975166412335,0.0,0.0,epa_us06,RuleBasedEMS
130,0.6147,355.5625107950386,0.0,0.0,0.49579824167440256,25.019057850335063,0.01924315002032096,0.0,0.003341752921006002,0.014222500431801543,0.0,0.0,epa_us06,RuleBasedEMS
131,0.0,0.0,0.0,0.0,0.49579824167440256,25.01905434898749,0.0,0.0,0.0,0.0,0.0,0.0,epa_us06,RuleBasedEMS
132,0.6706,-802.0503840319423,0.0,0.0,0.49579319585065074,25.019051454812512,-0.0015076135038194405,0.0,0.007538067519097202,0.0,0.0,0.0,epa_us06,RuleBasedEMS
133,1.3411,-1604.8325116250503,0.0,0.0,0.4957830995801521,25.01905039191998,-0.003016602465460621,0.0,0.015083012327303105,0.0,0.0,0.0,epa_us06,RuleBasedEMS
134,2.0117,-2410.2718685372733,0.0,0.0,0.49576793608485453,25.019052397133823,-0.0045305862190550255,0.0,0.022652931095275126,0.0,0.0,0.0,epa_us06,RuleBasedEMS
135,2.4095,-1866.8851601781116,0.0,0.0,0.495756191056393,25.019052221838944,-0.003509182631913744,0.0,0.01754591315956872,0.0,0.0,0.0,epa_us06,RuleBasedEMS
136,3.3528,-5453.471593830523,0.0,0.0,0.49572188176151605,25.01907689144142,-0.010250886454568653,0.0,0.05125443227284326,0.0,0.0,0.0,epa_us06,RuleBasedEMS
137,4.2961,-7005.952204241971,0.0,0.0,0.4956778046100692,25.01911991359548,-0.013169083090680399,0.0,0.06584541545340199,0.0,0.0,0.0,epa_us06,RuleBasedEMS
138,5.1922,-8111.930601591994,0.0,0.0,0.4956267681780734,25.01917885132277,-0.015247989852616531,0.0,0.07623994926308265,0.0,0.0,0.0,epa_us06,RuleBasedEMS
139,6.0022,-8605.413994754932,0.0,0.0,0.49557262559701926,25.019245745351636,-0.01617559021570476,0.0,0.0808779510785238,0.0,0.0,0.0,epa_us06,RuleBasedEMS
140,6.7019,-8493.591390757809,0.0,0.0,0.49551918515088267,25.019311031693004,-0.015965397351048512,0.0,0.07982698675524257,0.0,0.0,0.0,epa_us06,RuleBasedEMS
141,7.2863,-7962.288616239661,0.0,0.0,0.4954690863141917,25.01936827909189,-0.014966707925262522,0.0,0.0748335396263126,0.0,0.0,0.0,epa_us06,RuleBasedEMS
142,7.7703,-7310.823702977732,0.0,0.0,0.4954230854568656,25.019416353984163,-0.013742149817627317,0.0,0.06871074908813658,0.0,0.0,0.0,epa_us06,RuleBasedEMS
143,8.1861,-6865.406824541207,0.0,0.0,0.49537988637584024,25.019458688340194,-0.01290490004613009,0.0,0.06452450023065044,0.0,0.0,0.0,epa_us06,RuleBasedEMS
144,8.5779,-6906.76807617648,0.0,0.0,0.49533642626822477,25.01950178775361,-0.012982646759730224,0.0,0.06491323379865112,0.0,0.0,0.0,epa_us06,RuleBasedEMS
145,8.9937,-7615.830989171523,0.0,0.0,0.4952885036258629,25.01955486768796,-0.014315471784156998,0.0,0.07157735892078498,0.0,0.0,0.0,epa_us06,RuleBasedEMS
146,9.4777,-9080.808511137498,0.0,0.0,0.49523136150381764,25.019631376110734,-0.017069188930709585,0.0,0.08534594465354792,0.0,0.0,0.0,epa_us06,RuleBasedEMS
147,10.0621,-11279.538834944362,0.0,0.0,0.4951603819036228,25.01975062670316,-0.021202140667188653,0.0,0.10601070333594326,0.0,0.0,0.0,epa_us06,RuleBasedEMS
148,10.7618,-14085.966893964414,0.0,0.0,0.4950717393525604,25.019937785742016,-0.02647738137963236,0.0,0.1323869068981618,0.0,0.0,0.0,epa_us06,RuleBasedEMS
149,11.5718,-17254.29048313128,0.0,0.0,0.4949631543329503,25.020219703983468,-0.03243287684799113,0.0,0.16216438423995563,0.0,0.0,0.0,epa_us06,RuleBasedEMS
150,12.4679,-20417.67859692995,0.0,0.0,0.4948346550574631,25.020615535496002,-0.03837909510701118,0.0,0.1918954755350559,0.0,0.0,0.0,epa_us06,RuleBasedEMS
151,13.4112,-23138.962805153595,0.0,0.0,0.49468902069497683,25.021125104276965,-0.04349429098713082,0.0,0.2174714549356541,0.0,0.0,0.0,epa_us06,RuleBasedEMS
152,14.3545,-24986.781240413435,0.0,0.0,0.49453174583747184,25.0217208646529,-0.04696763391055157,0.0,0.23483816955275785,0.0,0.0,0.0,epa_us06,RuleBasedEMS
153,15.2506,-25663.953559628473,0.0,0.0,0.49437019712363184,25.022351540541536,-0.04824051420982796,0.0,0.24120257104913978,0.0,0.0,0.0,epa_us06,RuleBasedEMS
154,16.0606,-25114.66328213281,0.0,0.0,0.49421209475270095,25.022958556071796,-0.04720801368821957,0.0,0.23604006844109784,0.0,0.0,0.0,epa_us06,RuleBasedEMS
155,16.7603,-23558.65318120195,0.0,0.0,0.49406377778842536,25.023496706593434,-0.04428318267143224,0.0,0.22141591335716118,0.0,0.0,0.0,epa_us06,RuleBasedEMS
156,17.3447,-21471.794387920272,0.0,0.0,0.49392859081170687,25.023948598410136,-0.040360515766767434,0.0,0.20180257883383715,0.0,0.0,0.0,epa_us06,RuleBasedEMS
157,17.8287,-19464.360121723465,0.0,0.0,0.4938060364167172,25.02432511636053,-0.036587143085946364,0.0,0.1829357154297318,0.0,0.0,0.0,epa_us06,RuleBasedEMS
158,18.2445,-18143.117758001226,0.0,0.0,0.4936917961373019,25.024656700741804,-0.03410360480827298,0.0,0.1705180240413649,0.0,0.0,0.0,epa_us06,RuleBasedEMS
159,18.6363,-17994.779634836283,0.0,0.0,0.49357848569595314,25.02498510372749,-0.03382477374969226,0.0,0.1691238687484613,0.0,0.0,0.0,epa_us06,RuleBasedEMS
160,19.0521,-19282.48998026363,0.0,0.0,0.4934570624308919,25.025360859689478,-0.03624528191778877,0.0,0.18122640958894387,0.0,0.0,0.0,epa_us06,RuleBasedEMS
161,19.5361,-22058.704372901517,0.0,0.0,0.49331815172709925,25.025847515353604,-0.041463730024250973,0.0,0.20731865012125486,0.0,0.0,0.0,epa_us06,RuleBasedEMS
162,20.1205,-26134.171929268174,0.0,0.0,0.49315356867752863,25.026523069797037,-0.04912438332569206,0.0,0.24562191662846028,0.0,0.0,0.0,epa_us06,RuleBasedEMS
163,20.8202,-31126.6959189751,0.0,0.0,0.49295753277319276,25.0274733319902,-0.058508826915366734,0.0,0.29254413457683365,0.0,0.0,0.0,epa_us06,RuleBasedEMS
164,21.6302,-36484.73377402136,0.0,0.0,0.4927277344663127,25.028772097841703,-0.0685803266428973,0.0,0.34290163321448647,0.0,0.0,0.0,epa_us06,RuleBasedEMS
165,22.5263,-41535.537842756814,0.0,0.0,0.49246609955697246,25.03045122042688,-0.07807431925330229,0.0,0.3903715962665114,0.0,0.0,0.0,epa_us06,RuleBasedEMS
166,23.4696,-45594.7291638702,0.0,0.0,0.4921788646667164,25.032474279667063,-0.08570437812757557,0.0,0.4285218906378778,0.0,0.0,0.0,epa_us06,RuleBasedEMS
167,24.4129,-48073.41099563013,0.0,0.0,0.49187597880995027,25.034727833227713,-0.09036355450306416,0.0,0.4518177725153208,0.0,0.0,0.0,epa_us06,RuleBasedEMS
168,25.309,-48640.514080510846,0.0,0.0,0.4915694819752987,25.03704504991259,-0.09142953774532114,0.0,0.4571476887266057,0.0,0.0,0.0,epa_us06,RuleBasedEMS
169,26.119,-47336.561775564325,0.0,0.0,0.49127116521733116,25.039255816880058,-0.08897849957812844,0.0,0.44489249789064217,0.0,0.0,0.0,epa_us06,RuleBasedEMS
170,26.8187,-44585.24284035722,0.0,0.0,0.49099015526979917,25.041238703192167,-0.08380684744428049,0.0,0.41903423722140243,0.0,0.0,0.0,epa_us06,RuleBasedEMS
171,27.4031,-41150.695243485665,0.0,0.0,0.4907307661342627,25.04295329706298,-0.07735093090880764,0.0,0.3867546545440382,0.0,0.0,0.0,epa_us06,RuleBasedEMS
172,27.398,-16014.583787855134,0.0,0.0,0.4906298111252416,25.043313355260675,-0.030102601104990852,0.0,0.15051300552495425,0.0,0.0,0.0,epa_us06,RuleBasedEMS
173,27.3248,-13013.0538471282,0.0,0.0,0.4905477778718383,25.04358935666754,-0.024460627532195866,0.0,0.12230313766097932,0.0,0.0,0.0,epa_us06,RuleBasedEMS
174,27.2275,-11861.303547052607,0.0,0.0,0.4904730061802728,25.04383558772255,-0.02229568335912144,0.0,0.1114784167956072,0.0,0.0,0.0,epa_us06,RuleBasedEMS
175,27.1542,-12779.703158892364,0.0,0.0,0.4903924464234852,25.0441003587045,-0.02402199841897061,0.0,0.12010999209485304,0.0,0.0,0.0,epa_us06,RuleBasedEMS
176,27.1492,-15657.482283650266,0.0,0.0,0.4902937472307155,25.044440397435615,-0.029431357676034338,0.0,0.14715678838017168,0.0,0.0,0.0,epa_us06,RuleBasedEMS
177,27.2445,-20045.94475271811,0.0,0.0,0.49016738505190394,25.044928067444857,-0.03768034727954533,0.0,0.18840173639772662,0.0,0.0,0.0,epa_us06,RuleBasedEMS
178,27.4551,-25310.448893278066,0.0,0.0,0.49000783531542785,25.045643192251035,-0.04757603175428208,0.0,0.2378801587714104,0.0,0.0,0.0,epa_us06,RuleBasedEMS
179,27.7761,-30665.010540937274,0.0,0.0,0.48981452594097386,25.046645860881412,-0.0576409972574009,0.0,0.28820498628700447,0.0,0.0,0.0,epa_us06,RuleBasedEMS
180,28.1831,-35260.72955250409,0.0,0.0,0.48959223465783785,25.047941455987427,-0.06627956682801521,0.0,0.331397834140076,0.0,0.0,0.0,epa_us06,RuleBasedEMS
181,28.6374,-38369.35405229632,0.0,0.0,0.4893503304753755,25.049461655520908,-0.07212284596296302,0.0,0.36061422981481506,0.0,0.0,0.0,epa_us06,RuleBasedEMS
182,29.0916,-39420.34821448391,0.0,0.0,0.4891017820230355,25.051068144354765,-0.07409839889940584,0.0,0.3704919944970292,0.0,0.0,0.0,epa_us06,RuleBasedEMS
183,29.4987,-38222.998467411526,0.0,0.0,0.4888607649477776,25.052595424976616,-0.07184774148009686,0.0,0.35923870740048425,0.0,0.0,0.0,epa_us06,RuleBasedEMS
184,29.8196,-34972.93185403838,0.0,0.0,0.4886402262222752,25.053905148688433,-0.06573859371059847,0.0,0.3286929685529923,0.0,0.0,0.0,epa_us06,RuleBasedEMS
185,30.0303,-30294.08212417399,0.0,0.0,0.4884491816710197,25.054931441368318,-0.0569437633913045,0.0,0.28471881695652246,0.0,0.0,0.0,epa_us06,RuleBasedEMS
186,30.1256,-25083.53767989345,0.0,0.0,0.48829099059928843,25.055687771243946,-0.04714950691709295,0.0,0.23574753458546474,0.0,0.0,0.0,epa_us06,RuleBasedEMS
187,30.1205,-20369.71564586296,0.0,0.0,0.48816252519714204,25.056241957288997,-0.03828893918395294,0.0,0.19144469591976468,0.0,0.0,0.0,epa_us06,RuleBasedEMS
188,30.0473,-17059.65787370978,0.0,0.0,0.48805493510562387,25.056677424771948,-0.032067026078401846,0.0,0.16033513039200922,0.0,0.0,0.0,epa_us06,RuleBasedEMS
189,29.95,-15779.173503491293,0.0,0.0,0.48795542160236155,25.057070314515826,-0.029660100570472355,0.0,0.14830050285236177,0.0,0.0,0.0,epa_us06,RuleBasedEMS
190,29.8767,-16779.18094960264,0.0,0.0,0.48784960285668233,25.057490992956865,-0.031539813815042554,0.0,0.15769906907521278,0.0,0.0,0.0,epa_us06,RuleBasedEMS
191,29.8716,-19940.02796394972,0.0,0.0,0.4877238512638333,25.05801944127278,-0.03748125557133406,0.0,0.1874062778566703,0.0,0.0,0.0,epa_us06,RuleBasedEMS
192,29.967,-24788.790521218572,0.0,0.0,0.48756752067537396,25.058753126138257,-0.04659547090454619,0.0,0.23297735452273094,0.0,0.0,0.0,epa_us06,RuleBasedEMS
193,30.1776,-30594.803936572054,0.0,0.0,0.48737457075017054,25.05979397113261,-0.057509029955962514,0.0,0.28754514977981255,0.0,0.0,0.0,epa_us06,RuleBasedEMS
194,30.4985,-36500.96783865121,0.0,0.0,0.48714436387685517,25.061215900724008,-0.06861084180197595,0.0,0.34305420900987976,0.0,0.0,0.0,epa_us06,RuleBasedEMS
195,30.9056,-41584.979078105294,0.0,0.0,0.4868820773963066,25.06302261154281,-0.07816725390621297,0.0,0.3908362695310648,0.0,0.0,0.0,epa_us06,RuleBasedEMS
196,31.3599,-45018.56966947671,0.0,0.0,0.4865981131443657,25.065122090819088,-0.08462137155916676,0.0,0.42310685779583374,0.0,0.0,0.0,epa_us06,RuleBasedEMS
197,31.8141,-46200.544786767576,0.0,0.0,0.48630666857131677,25.067336017031902,-0.0868431292984353,0.0,0.4342156464921765,0.0,0.0,0.0,epa_us06,RuleBasedEMS
198,32.2212,-44923.182584265356,0.0,0.0,0.4860232573194627,25.069451814343843,-0.08444207252681458,0.0,0.4222103626340729,0.0,0.0,0.0,epa_us06,RuleBasedEMS
199,32.5421,-41403.3392420829,0.0,0.0,0.4857620311491168,25.0712903418547,-0.07782582564301298,0.0,0.38912912821506485,0.0,0.0,0.0,epa_us06,RuleBasedEMS
200,32.7527,-36315.557240710965,0.0,0.0,0.4855328903076849,25.072762224928937,-0.06826232564043415,0.0,0.3413116282021707,0.0,0.0,0.0,epa_us06,RuleBasedEMS
201,32.8481,-30655.413068105223,0.0,0.0,0.4853394544503596,25.073879733333957,-0.05762295689493463,0.0,0.28811478447467315,0.0,0.0,0.0,epa_us06,RuleBasedEMS
202,32.843,-25509.75041377123,0.0,0.0,0.4851784837008149,25.07472493028865,-0.04795065867250232,0.0,0.23975329336251158,0.0,0.0,0.0,epa_us06,RuleBasedEMS
203,32.7698,-21889.25730888816,0.0,0.0,0.48504035793152517,25.075406296637563,-0.041145220505428876,0.0,0.20572610252714438,0.0,0.0,0.0,epa_us06,RuleBasedEMS
204,32.6724,-20472.23320208638,0.0,0.0,0.4849111746342101,25.076027823681386,-0.038481641357305224,0.0,0.19240820678652612,0.0,0.0,0.0,epa_us06,RuleBasedEMS
205,32.5992,-21562.279510954686,0.0,0.0,0.4847751143661011,25.07668946927486,-0.040530600584501295,0.0,0.20265300292250646,0.0,0.0,0.0,epa_us06,RuleBasedEMS
206,32.5941,-25005.357772906616,0.0,0.0,0.48461732884951797,25.07750096515131,-0.04700255220471169,0.0,0.23501276102355842,0.0,0.0,0.0,epa_us06,RuleBasedEMS
207,32.6895,-30308.30114647707,0.0,0.0,0.4844260801504201,25.078590979843867,-0.0569704908768366,0.0,0.284852454384183,0.0,0.0,0.0,epa_us06,RuleBasedEMS
208,32.9001,-36665.549845017864,0.0,0.0,0.48419471070203957,25.080088722260594,-0.06892020647559749,0.0,0.34460103237798745,0.0,0.0,0.0,epa_us06,RuleBasedEMS
209,33.221,-43136.199783987955,0.0,0.0,0.48392249696113276,25.08208422936854,-0.08108308230072925,0.0,0.4054154115036462,0.0,0.0,0.0,epa_us06,RuleBasedEMS
210,33.6281,-48710.20620906979,0.0,0.0,0.48361508708528567,25.084577283698273,-0.09156053798697329,0.0,0.45780268993486645,0.0,0.0,0.0,epa_us06,RuleBasedEMS
211,34.0823,-52479.39360899067,0.0,0.0,0.4832838613765693,25.087447187529186,-0.09864547670862908,0.0,0.4932273835431454,0.0,0.0,0.0,epa_us06,RuleBasedEMS
212,34.5366,-53815.14974653644,0.0,0.0,0.4829441720528172,25.090468509745666,-0.10115629651604595,0.0,0.5057814825802297,0.0,0.0,0.0,epa_us06,RuleBasedEMS
213,34.9436,-52457.282345566666,0.0,0.0,0.4826130209949872,25.093369513093023,-0.098603914183396,0.0,0.49301957091697995,0.0,0.0,0.0,epa_us06,RuleBasedEMS
214,35.2646,-48687.23904004609,0.0,0.0,0.48230564120648844,25.095923365248694,-0.091517366616628,0.0,0.45758683308313997,0.0,0.0,0.0,epa_us06,RuleBasedEMS
215,35.4752,-43195.405065747815,0.0,0.0,0.48203291257632314,25.098009681380653,-0.08119437042433801,0.0,0.40597185212169,0.0,0.0,0.0,epa_us06,RuleBasedEMS
216,35.5705,-37072.79733171453,0.0,0.0,0.4817988282349798,25.099636716503415,-0.0696857092701401,0.0,0.3484285463507005,0.0,0.0,0.0,epa_us06,RuleBasedEMS
217,35.5655,-31511.165479440984,0.0,0.0,0.4815998546516645,25.100904568752238,-0.0592315140590996,0.0,0.296157570295498,0.0,0.0,0.0,epa_us06,RuleBasedEMS
218,35.4922,-27567.05080771186,0.0,0.0,0.4814257836291,25.10195046295551,-0.05181776467615012,0.0,0.25908882338075057,0.0,0.0,0.0,epa_us06,RuleBasedEMS
219,35.3949,-26027.01771512104,0.0,0.0,0.48126143738211885,25.10291489995953,-0.04892296562992677,0.0,0.24461482814963384,0.0,0.0,0.0,epa_us06,RuleBasedEMS
220,35.3217,-27190.225346365336,0.0,0.0,0.48108974729387916,25.10393448227441,-0.051109446139784465,0.0,0.2555472306989223,0.0,0.0,0.0,epa_us06,RuleBasedEMS
221,35.3166,-30920.049442908574,0.0,0.0,0.4808945060222227,25.10515769410958,-0.05812039368967778,0.0,0.29060196844838887,0.0,0.0,0.0,epa_us06,RuleBasedEMS
222,35.1909,-24025.430608238603,0.0,0.0,0.48074279836659556,25.10601989143542,-0.045160583850072565,0.0,0.2258029192503628,0.0,0.0,0.0,epa_us06,RuleBasedEMS
223,35.1806,-30318.765379710858,0.0,0.0,0.48055135416698685,25.107202908286727,-0.056990160488178315,0.0,0.28495080244089155,0.0,0.0,0.0,epa_us06,RuleBasedEMS
224,35.2805,-36598.23914865003,0.0,0.0,0.48032025672028583,25.10878588995816,-0.06879368261024442,0.0,0.34396841305122206,0.0,0.0,0.0,epa_us06,RuleBasedEMS
225,35.4666,-41820.58292131965,0.0,0.0,0.48005617469005635,25.110763180937912,-0.07861011827315724,0.0,0.3930505913657862,0.0,0.0,0.0,epa_us06,RuleBasedEMS
226,35.6999,-45064.16097089723,0.0,0.0,0.47977159655201757,25.113016804810833,-0.08470706949416773,0.0,0.42353534747083865,0.0,0.0,0.0,epa_us06,RuleBasedEMS
227,35.8973,-43605.95931184617,0.0,0.0,0.4794962104653413,25.115157236877767,-0.08196608893204167,0.0,0.40983044466020835,0.0,0.0,0.0,epa_us06,RuleBasedEMS
228,35.8973,-32583.09505851274,0.0,0.0,0.47929042649509507,25.11650597739146,-0.061246419282918685,0.0,0.3062320964145934,0.0,0.0,0.0,epa_us06,RuleBasedEMS
229,35.8973,-32583.09505851274,0.0,0.0,0.4790846397994346,25.117854950112463,-0.061246419282918685,0.0,0.3062320964145934,0.0,0.0,0.0,epa_us06,RuleBasedEMS
230,35.8973,-32583.09505851274,0.0,0.0,0.478878850391156,25.119204140297313,-0.061246419282918685,0.0,0.3062320964145934,0.0,0.0,0.0,epa_us06,RuleBasedEMS
231,35.8973,-32583.09505851274,0.0,0.0,0.47867305828262785,25.120553533676354,-0.061246419282918685,0.0,0.3062320964145934,0.0,0.0,0.0,epa_us06,RuleBasedEMS
232,35.8571,-30243.736401078357,0.0,0.0,0.47848203887281937,25.121763023265892,-0.05684912857345556,0.0,0.28424564286727777,0.0,0.0,0.0,epa_us06,RuleBasedEMS
233,35.5629,-15506.444868564831,0.0,0.0,0.4783840997104231,25.122328274007184,-0.02914745276046021,0.0,0.14573726380230104,0.0,0.0,0.0,epa_us06,RuleBasedEMS
234,35.2445,-13575.257114929673,0.0,0.0,0.47829836198181186,25.122827657928845,-0.025517400591973074,0.0,0.12758700295986536,0.0,0.0,0.0,epa_us06,RuleBasedEMS
235,34.9503,-14354.696772209083,0.0,0.0,0.47820770619889047,25.123334679959378,-0.026982512729716326,0.0,0.13491256364858162,0.0,0.0,0.0,epa_us06,RuleBasedEMS
236,34.7243,-17625.343938958456,0.0,0.0,0.4780964001744606,25.12392948245247,-0.03313034574992191,0.0,0.16565172874960954,0.0,0.0,0.0,epa_us06,RuleBasedEMS
237,34.5986,-22783.032042188,0.0,0.0,0.47795252763912566,25.124713835446457,-0.042825248199601505,0.0,0.2141262409980075,0.0,0.0,0.0,epa_us06,RuleBasedEMS
238,34.5883,-28970.790712165017,0.0,0.0,0.4777695826796997,25.12579822961388,-0.054456373519107176,0.0,0.27228186759553585,0.0,0.0,0.0,epa_us06,RuleBasedEMS
239,34.6882,-35141.463708414034,0.0,0.0,0.47754766934539816,25.12725892839994,-0.0660553829105527,0.0,0.3302769145527635,0.0,0.0,0.0,epa_us06,RuleBasedEMS
240,34.8743,-40270.79306349479,0.0,0.0,0.4772933574946257,25.129091850614888,-0.07569697944265939,0.0,0.3784848972132969,0.0,0.0,0.0,epa_us06,RuleBasedEMS
241,35.1075,-43448.01060583415,0.0,0.0,0.47701896847770103,25.131185394220715,-0.08166919286810931,0.0,0.4083459643405465,0.0,0.0,0.0,epa_us06,RuleBasedEMS
242,35.3408,-44082.585337246055,0.0,0.0,0.4767405560269358,25.133341128259385,-0.08286200251362041,0.0,0.414310012568102,0.0,0.0,0.0,epa_us06,RuleBasedEMS
243,35.5269,-41980.802781805374,0.0,0.0,0.4764754024641527,25.13533396828621,-0.0789112834244462,0.0,0.39455641712223094,0.0,0.0,0.0,epa_us06,RuleBasedEMS
244,35.6268,-37470.08347798457,0.0,0.0,0.4762387272858871,25.136992943127016,-0.0704324877405725,0.0,0.35216243870286246,0.0,0.0,0.0,epa_us06,RuleBasedEMS
245,35.6165,-31338.476618611345,0.0,0.0,0.4760407752821181,25.138253935800776,-0.05890691093723937,0.0,0.2945345546861968,0.0,0.0,0.0,epa_us06,RuleBasedEMS
246,35.4908,-24671.002234894957,0.0,0.0,0.4758849373483225,25.139158488140733,-0.04637406435130631,0.0,0.23187032175653155,0.0,0.0,0.0,epa_us06,RuleBasedEMS
247,35.2648,-18681.38015616569,0.0,0.0,0.4757669352890115,25.13981021406139,-0.03511537623339416,0.0,0.1755768811669708,0.0,0.0,0.0,epa_us06,RuleBasedEMS
248,34.9705,-14386.495261486398,0.0,0.0,0.47567606517333194,25.140317176802334,-0.027042284326102253,0.0,0.13521142163051125,0.0,0.0,0.0,epa_us06,RuleBasedEMS
249,34.6522,-12511.896320404492,0.0,0.0,0.47559703940924153,25.140764100942587,-0.02351860210602348,0.0,0.1175930105301174,0.0,0.0,0.0,epa_us06,RuleBasedEMS
250,34.358,-13284.969323379373,0.0,0.0,0.4755131352440472,25.14121736337866,-0.02497174684845747,0.0,0.12485873424228734,0.0,0.0,0.0,epa_us06,RuleBasedEMS
251,34.1319,-16503.54141228015,0.0,0.0,0.47540890842053485,25.141750509058372,-0.031021694383985245,0.0,0.15510847191992622,0.0,0.0,0.0,epa_us06,RuleBasedEMS
252,34.0063,-21588.59701326748,0.0,0.0,0.4752725720238923,25.142459479450366,-0.04058006957381106,0.0,0.20290034786905528,0.0,0.0,0.0,epa_us06,RuleBasedEMS
253,33.9959,-27659.971938083054,0.0,0.0,0.4750978963304688,25.1434483804658,-0.051992428455043344,0.0,0.2599621422752167,0.0,0.0,0.0,epa_us06,RuleBasedEMS
254,34.0959,-33732.77625509101,0.0,0.0,0.47488486879884007,25.144791766651686,-0.06340747416370492,0.0,0.31703737081852457,0.0,0.0,0.0,epa_us06,RuleBasedEMS
255,34.282,-38764.01692033865,0.0,0.0,0.4746400613616682,25.146486027113603,-0.07286469345928318,0.0,0.36432346729641585,0.0,0.0,0.0,epa_us06,RuleBasedEMS
256,34.5152,-41880.99047352976,0.0,0.0,0.4743755572818033,25.1484264479799,-0.07872366630362737,0.0,0.39361833151813685,0.0,0.0,0.0,epa_us06,RuleBasedEMS
257,34.7485,-42498.50438487199,0.0,0.0,0.47410713846313185,25.15042512667274,-0.07988440673848118,0.0,0.3994220336924059,0.0,0.0,0.0,epa_us06,RuleBasedEMS
258,34.9346,-40426.592874853915,0.0,0.0,0.4738517915004505,25.15226887250692,-0.07598983623092842,0.0,0.37994918115464205,0.0,0.0,0.0,epa_us06,RuleBasedEMS
259,35.0345,-35987.95498879079,0.0,0.0,0.4736244696277977,25.153796454815183,-0.06764653193381728,0.0,0.3382326596690864,0.0,0.0,0.0,epa_us06,RuleBasedEMS
260,35.0241,-29952.96170258749,0.0,0.0,0.47343526267070607,25.15494847231996,-0.056302559591329876,0.0,0.28151279795664935,0.0,0.0,0.0,epa_us06,RuleBasedEMS
261,34.8985,-23412.14672072267,0.0,0.0,0.47328737144722716,25.155767135247977,-0.04400779458782457,0.0,0.22003897293912283,0.0,0.0,0.0,epa_us06,RuleBasedEMS
262,34.6724,-17520.433073408458,0.0,0.0,0.4731766988987601,25.15635072597336,-0.03293314487482793,0.0,0.16466572437413965,0.0,0.0,0.0,epa_us06,RuleBasedEMS
263,34.3782,-13320.74954945833,0.0,0.0,0.4730925576400031,25.15680181860846,-0.025039002912515665,0.0,0.1251950145625783,0.0,0.0,0.0,epa_us06,RuleBasedEMS
264,34.0599,-11485.792826203195,0.0,0.0,0.47302001041914926,25.15719807040709,-0.021589836139479693,0.0,0.10794918069739845,0.0,0.0,0.0,epa_us06,RuleBasedEMS
265,33.7657,-12257.61878845477,0.0,0.0,0.47294259217213563,25.157599702348207,-0.023040636820403707,0.0,0.11520318410201852,0.0,0.0,0.0,epa_us06,RuleBasedEMS
266,33.5396,-15429.430535949541,0.0,0.0,0.4728451456092277,25.158074081492593,-0.029002688977348763,0.0,0.1450134448867438,0.0,0.0,0.0,epa_us06,RuleBasedEMS
267,33.414,-20430.723109517512,0.0,0.0,0.47271611720033047,25.15871102106579,-0.03840361486751412,0.0,0.1920180743375706,0.0,0.0,0.0,epa_us06,RuleBasedEMS
268,33.4036,-26396.68781362948,0.0,0.0,0.472549413900083,25.15960939750634,-0.049617834236145644,0.0,0.2480891711807282,0.0,0.0,0.0,epa_us06,RuleBasedEMS
269,33.5035,-32355.306710720648,0.0,0.0,0.4723450788630356,25.160840570262163,-0.060818245696843326,0.0,0.3040912284842166,0.0,0.0,0.0,epa_us06,RuleBasedEMS
270,33.6896,-37299.28022683943,0.0,0.0,0.4721095145830728,25.16240294535999,-0.07011142899781848,0.0,0.3505571449890924,0.0,0.0,0.0,epa_us06,RuleBasedEMS
271,33.9229,-40361.818040052305,0.0,0.0,0.4718545976625174,25.164198140457447,-0.07586807902265472,0.0,0.37934039511327355,0.0,0.0,0.0,epa_us06,RuleBasedEMS
272,34.1561,-40951.71218293242,0.0,0.0,0.4715959412905843,25.166047077683356,-0.07697690259949702,0.0,0.3848845129974851,0.0,0.0,0.0,epa_us06,RuleBasedEMS
273,34.3422,-38915.219525231136,0.0,0.0,0.4713501343687517,25.16774921487555,-0.0731489088820134,0.0,0.36574454441006704,0.0,0.0,0.0,epa_us06,RuleBasedEMS
274,34.4422,-34554.39547936747,0.0,0.0,0.4711318625038709,25.169152587753985,-0.06495187120181856,0.0,0.3247593560090928,0.0,0.0,0.0,epa_us06,RuleBasedEMS
275,34.4318,-28616.422242141773,0.0,0.0,0.4709510940948348,25.170201857468694,-0.053790267372446944,0.0,0.2689513368622347,0.0,0.0,0.0,epa_us06,RuleBasedEMS
276,34.3062,-22190.813978216054,0.0,0.0,0.470810914792941,25.17093923544135,-0.041712056350030176,0.0,0.20856028175015087,0.0,0.0,0.0,epa_us06,RuleBasedEMS
277,34.0801,-16407.935017524596,0.0,0.0,0.47070726741930685,25.171458857299175,-0.030841983115647738,0.0,0.15420991557823868,0.0,0.0,0.0,epa_us06,RuleBasedEMS
278,33.7859,-12291.965810316602,0.0,0.0,0.4706296228729057,25.171857281754413,-0.02310519889157256,0.0,0.1155259944578628,0.0,0.0,0.0,epa_us06,RuleBasedEMS
279,33.4676,-10501.698571477522,0.0,0.0,0.4705632900140141,25.17220595247897,-0.019740034908792337,0.0,0.09870017454396167,0.0,0.0,0.0,epa_us06,RuleBasedEMS
280,33.1733,-11266.591393069537,0.0,0.0,0.47049212946585084,25.172559059010865,-0.021177803370431462,0.0,0.1058890168521573,0.0,0.0,0.0,epa_us06,RuleBasedEMS
281,32.9473,-14401.812300315001,0.0,0.0,0.47040117093749184,25.172978517862024,-0.027071075752471807,0.0,0.13535537876235904,0.0,0.0,0.0,epa_us06,RuleBasedEMS
282,32.7973,-18024.094005269548,0.0,0.0,0.4702873388326623,25.1735020249204,-0.03387987594975479,0.0,0.16939937974877395,0.0,0.0,0.0,epa_us06,RuleBasedEMS
283,32.7625,-23832.210666084393,0.0,0.0,0.4701368283413146,25.17425189121859,-0.044797388470083445,0.0,0.22398694235041722,0.0,0.0,0.0,epa_us06,RuleBasedEMS
284,32.8381,-29622.02793144912,0.0,0.0,0.46994975255904237,25.1752951118474,-0.05568050363054346,0.0,0.27840251815271727,0.0,0.0,0.0,epa_us06,RuleBasedEMS
285,32.9998,-34393.5209354789,0.0,0.0,0.46973253813026883,25.17663141840391,-0.0646494754426295,0.0,0.3232473772131475,0.0,0.0,0.0,epa_us06,RuleBasedEMS
286,33.2087,-37318.635599426445,0.0,0.0,0.46949684108576656,25.178172515069647,-0.07014781127711738,0.0,0.3507390563855869,0.0,0.0,0.0,epa_us06,RuleBasedEMS
287,33.4176,-37825.9266444238,0.0,0.0,0.46925792885628637,25.17975652387267,-0.07110136587297708,0.0,0.35550682936488537,0.0,0.0,0.0,epa_us06,RuleBasedEMS
288,33.5793,-35756.649404801334,0.0,0.0,0.4690320756144126,25.181202139052065,-0.06721174700150627,0.0,0.3360587350075313,0.0,0.0,0.0,epa_us06,RuleBasedEMS
289,33.6548,-31424.413977362346,0.0,0.0,0.4688335786982515,25.182375556438014,-0.05906844732586908,0.0,0.2953422366293454,0.0,0.0,0.0,epa_us06,RuleBasedEMS
290,33.6201,-25582.792981036673,0.0,0.0,0.4686719774833033,25.18323381244712,-0.04808795673127195,0.0,0.2404397836563597,0.0,0.0,0.0,epa_us06,RuleBasedEMS
291,33.4701,-19268.237188525192,0.0,0.0,0.4685502637243729,25.183820553067914,-0.03621849095587442,0.0,0.1810924547793721,0.0,0.0,0.0,epa_us06,RuleBasedEMS
292,33.2197,-13610.852221621946,0.0,0.0,0.46846428826077785,25.184224498895357,-0.0255843086872593,0.0,0.1279215434362965,0.0,0.0,0.0,epa_us06,RuleBasedEMS
293,32.9011,-9583.747335898137,0.0,0.0,0.4684037530785435,25.184530643666072,-0.018014562661462664,0.0,0.09007281330731332,0.0,0.0,0.0,epa_us06,RuleBasedEMS
294,32.5584,-7835.370956032746,0.0,0.0,0.4683542639446986,25.184796974703865,-0.014728140894798396,0.0,0.07364070447399197,0.0,0.0,0.0,epa_us06,RuleBasedEMS
295,32.2398,-8577.329411179078,0.0,0.0,0.46830009151658974,25.18506366703405,-0.016122799645073457,0.0,0.08061399822536727,0.0,0.0,0.0,epa_us06,RuleBasedEMS
296,31.9893,-11597.831701440206,0.0,0.0,0.46822684602340475,25.185378248437924,-0.021800435529022943,0.0,0.10900217764511472,0.0,0.0,0.0,epa_us06,RuleBasedEMS
297,31.8393,-16342.36980935375,0.0,0.0,0.468123640627417,25.185811245253774,-0.03071874024314615,0.0,0.15359370121573074,0.0,0.0,0.0,epa_us06,RuleBasedEMS
298,31.8046,-21987.73388496788,0.0,0.0,0.4679847864541453,25.18644559359687,-0.04133032685144339,0.0,0.20665163425721694,0.0,0.0,0.0,epa_us06,RuleBasedEMS
299,31.8801,-27594.706555707653,0.0,0.0,0.4678105238097446,25.187343384225045,-0.05186974916486401,0.0,0.25934874582432005,0.0,0.0,0.0,epa_us06,RuleBasedEMS
300,32.0419,-32230.388296832374,0.0,0.0,0.4676069824153556,25.188507194953477,-0.06058343664818116,0.0,0.3029171832409058,0.0,0.0,0.0,epa_us06,RuleBasedEMS
301,32.2507,-35051.98758995187,0.0,0.0,0.4673856141089257,25.18985627006754,-0.06588719471795464,0.0,0.32943597358977317,0.0,0.0,0.0,epa_us06,RuleBasedEMS
302,32.4596,-35541.193509825236,0.0,0.0,0.46716114616858556,25.191244142992957,-0.06680675471771662,0.0,0.33403377358858305,0.0,0.0,0.0,epa_us06,RuleBasedEMS
303,32.6213,-33524.27170918917,0.0,0.0,0.46694940687537534,25.19250528824077,-0.06301554832554356,0.0,0.31507774162771773,0.0,0.0,0.0,epa_us06,RuleBasedEMS
304,32.6969,-29317.367860472437,0.0,0.0,0.4667642314580592,25.19351913479348,-0.05510783432419632,0.0,0.27553917162098157,0.0,0.0,0.0,epa_us06,RuleBasedEMS
305,32.6622,-23638.740944306333,0.0,0.0,0.4666149203298345,25.19424837165308,-0.04443372357952319,0.0,0.2221686178976159,0.0,0.0,0.0,epa_us06,RuleBasedEMS
306,32.5122,-17512.693552609904,0.0,0.0,0.4665043034356615,25.194735884934495,-0.03291859690340208,0.0,0.16459298451701038,0.0,0.0,0.0,epa_us06,RuleBasedEMS
307,32.2617,-12027.448762145235,0.0,0.0,0.46642833494744745,25.195063961191916,-0.02260798639500984,0.0,0.1130399319750492,0.0,0.0,0.0,epa_us06,RuleBasedEMS
308,31.9431,-8141.957739159317,0.0,0.0,0.46637691018437105,25.19530939370999,-0.015304431840525032,0.0,0.07652215920262516,0.0,0.0,0.0,epa_us06,RuleBasedEMS
309,31.6004,-6466.720947240709,0.0,0.0,0.4663360683005139,25.195521750067755,-0.01215549050233216,0.0,0.0607774525116608,0.0,0.0,0.0,epa_us06,RuleBasedEMS
310,31.2818,-7207.01764417412,0.0,0.0,0.46629055339540243,25.195733609964847,-0.013547025646943834,0.0,0.06773512823471917,0.0,0.0,0.0,epa_us06,RuleBasedEMS
311,31.0314,-10157.699583443302,0.0,0.0,0.4662264070709436,25.19598512666605,-0.01909342026963027,0.0,0.09546710134815134,0.0,0.0,0.0,epa_us06,RuleBasedEMS
312,30.8814,-14763.53878303163,0.0,0.0,0.4661331781878739,25.196338910951145,-0.027751012750059458,0.0,0.13875506375029728,0.0,0.0,0.0,epa_us06,RuleBasedEMS
313,30.8466,-20235.78544292239,0.0,0.0,0.4660053957185588,25.196870835435405,-0.038037190682184946,0.0,0.19018595341092473,0.0,0.0,0.0,epa_us06,RuleBasedEMS
314,30.9222,-25680.363785943773,0.0,0.0,0.4658432325335738,25.197639633863833,-0.04827136049989431,0.0,0.24135680249947156,0.0,0.0,0.0,epa_us06,RuleBasedEMS
315,31.0839,-30160.44253969643,0.0,0.0,0.46565277547677125,25.19864836829984,-0.05669256116484292,0.0,0.28346280582421457,0.0,0.0,0.0,epa_us06,RuleBasedEMS
316,31.2928,-32899.65406151942,0.0,0.0,0.46544501371443153,25.199825591377166,-0.06184145500285605,0.0,0.30920727501428025,0.0,0.0,0.0,epa_us06,RuleBasedEMS
317,31.5017,-33361.41765384734,0.0,0.0,0.46523432681267735,25.20103725132319,-0.06270943168016417,0.0,0.31354715840082087,0.0,0.0,0.0,epa_us06,RuleBasedEMS
318,31.6634,-31397.367491305173,0.0,0.0,0.4650360347768877,25.20213311886885,-0.05901760806636311,0.0,0.2950880403318155,0.0,0.0,0.0,epa_us06,RuleBasedEMS
319,31.739,-27310.56528706509,0.0,0.0,0.46486354702103055,25.20300452914719,-0.05133564903583663,0.0,0.25667824517918314,0.0,0.0,0.0,epa_us06,RuleBasedEMS
320,31.7042,-21794.937380387742,0.0,0.0,0.4647258919602165,25.20361961943792,-0.040967927406743876,0.0,0.20483963703371938,0.0,0.0,0.0,epa_us06,RuleBasedEMS
321,31.5542,-15861.865864234316,0.0,0.0,0.4646257096005588,25.20402047710603,-0.029815537338786308,0.0,0.14907768669393154,0.0,0.0,0.0,epa_us06,RuleBasedEMS
322,31.3038,-10558.32737322389,0.0,0.0,0.4645590252988643,25.204283298961055,-0.019846480024856936,0.0,0.09923240012428468,0.0,0.0,0.0,epa_us06,RuleBasedEMS
323,30.9852,-6803.371138276922,0.0,0.0,0.46451605815893243,25.204476850400447,-0.012788291613302485,0.0,0.06394145806651243,0.0,0.0,0.0,epa_us06,RuleBasedEMS
324,30.6425,-5200.160707139739,0.0,0.0,0.46448321781237983,25.20464331583541,-0.0097747381713153,0.0,0.048873690856576495,0.0,0.0,0.0,epa_us06,RuleBasedEMS
325,30.3239,-5937.7679763466795,0.0,0.0,0.46444572127364686,25.204808531237774,-0.011161218000651653,0.0,0.055806090003258264,0.0,0.0,0.0,epa_us06,RuleBasedEMS
326,30.0734,-8807.883880593181,0.0,0.0,0.46439010287971283,25.20500588504692,-0.01655617270788192,0.0,0.0827808635394096,0.0,0.0,0.0,epa_us06,RuleBasedEMS
327,29.9234,-13284.180440582495,0.0,0.0,0.4643062214872193,25.20529112837189,-0.024970263986057326,0.0,0.12485131993028661,0.0,0.0,0.0,epa_us06,RuleBasedEMS
328,29.8887,-18593.131147010066,0.0,0.0,0.4641888196803456,25.205733746212157,-0.03494949463723697,0.0,0.17474747318618483,0.0,0.0,0.0,epa_us06,RuleBasedEMS
329,29.9643,-23860.81552141264,0.0,0.0,0.4640381564285417,25.206388266067176,-0.04485115699513654,0.0,0.2242557849756827,0.0,0.0,0.0,epa_us06,RuleBasedEMS
330,30.126,-28195.977237841977,0.0,0.0,0.46386011662096904,25.207259209046978,-0.05299995721398868,0.0,0.2649997860699434,0.0,0.0,0.0,epa_us06,RuleBasedEMS
331,30.3349,-30843.252928428497,0.0,0.0,0.4636653544990041,25.208282557654414,-0.05797603933915131,0.0,0.28988019669575654,0.0,0.0,0.0,epa_us06,RuleBasedEMS
332,30.5437,-31278.30187723872,0.0,0.0,0.46346783701922883,25.209336391440008,-0.05879380052112541,0.0,0.29396900260562703,0.0,0.0,0.0,epa_us06,RuleBasedEMS
333,30.7055,-29377.38439442627,0.0,0.0,0.46328231572787343,25.210285215147465,-0.05522064735794412,0.0,0.2761032367897206,0.0,0.0,0.0,epa_us06,RuleBasedEMS
334,30.781,-25401.169576292486,0.0,0.0,0.463121899140976,25.211030259654287,-0.047746559353933245,0.0,0.23873279676966622,0.0,0.0,0.0,epa_us06,RuleBasedEMS
335,30.7463,-20063.47106937184,0.0,0.0,0.46299518935413125,25.21154568174699,-0.037713291483781664,0.0,0.1885664574189083,0.0,0.0,0.0,epa_us06,RuleBasedEMS
336,30.5963,-14313.008352512501,0.0,0.0,0.46290479625508035,25.211871575766647,-0.026904151038557336,0.0,0.13452075519278667,0.0,0.0,0.0,epa_us06,RuleBasedEMS
337,30.3458,-9180.313509830738,0.0,0.0,0.4628468195574089,25.21207854953337,-0.01725622840193748,0.0,0.08628114200968738,0.0,0.0,0.0,epa_us06,RuleBasedEMS
338,30.0272,-5564.617208178824,0.0,0.0,0.46281167845231064,25.212228344463245,-0.010459806782291022,0.0,0.05229903391145511,0.0,0.0,0.0,epa_us06,RuleBasedEMS
339,29.6845,-4032.3349490453083,0.0,0.0,0.4627862150778496,25.21235633049033,-0.0075795769718896774,0.0,0.03789788485944839,0.0,0.0,0.0,epa_us06,RuleBasedEMS
340,29.3659,-4766.224559486273,0.0,0.0,0.4627561188902725,25.212482393333495,-0.00895906872083886,0.0,0.0447953436041943,0.0,0.0,0.0,epa_us06,RuleBasedEMS
341,29.1155,-7564.58537028469,0.0,0.0,0.4627083547875695,25.212634067294484,-0.01421914543286596,0.0,0.0710957271643298,0.0,0.0,0.0,epa_us06,RuleBasedEMS
342,28.9655,-11901.513213761677,0.0,0.0,0.4626332092581379,25.21286057143672,-0.02237126543940165,0.0,0.11185632719700823,0.0,0.0,0.0,epa_us06,RuleBasedEMS
343,28.9308,-17042.09809829783,0.0,0.0,0.4625256084227506,25.213225416166697,-0.032034018981762835,0.0,0.16017009490881418,0.0,0.0,0.0,epa_us06,RuleBasedEMS
344,29.0063,-22133.24373314619,0.0,0.0,0.46238586305650464,25.213779260272375,-0.04160384160365826,0.0,0.20801920801829127,0.0,0.0,0.0,epa_us06,RuleBasedEMS
345,29.168,-26328.507093388107,0.0,0.0,0.4622196266351087,25.214528067810186,-0.04948967498757163,0.0,0.24744837493785815,0.0,0.0,0.0,epa_us06,RuleBasedEMS
346,29.3769,-28884.511362667297,0.0,0.0,0.46203724596629697,25.215414453204104,-0.05429419429072801,0.0,0.27147097145364,0.0,0.0,0.0,epa_us06,RuleBasedEMS
347,29.5858,-29303.44339190673,0.0,0.0,0.4618522126958964,25.216328301275773,-0.05508166051110289,0.0,0.2754083025555144,0.0,0.0,0.0,epa_us06,RuleBasedEMS
348,29.7475,-27446.70707209962,0.0,0.0,0.4616788965551645,25.21714611096963,-0.051591554646803796,0.0,0.25795777323401897,0.0,0.0,0.0,epa_us06,RuleBasedEMS
349,29.8231,-23600.852405119076,0.0,0.0,0.46152986069213475,25.21778025409561,-0.04436250452090052,0.0,0.2218125226045026,0.0,0.0,0.0,epa_us06,RuleBasedEMS
350,29.7883,-18421.459598214158,0.0,0.0,0.46141352973888095,25.218208497237246,-0.03462680375604165,0.0,0.17313401878020826,0.0,0.0,0.0,epa_us06,RuleBasedEMS
351,29.6383,-12862.706789895707,0.0,0.0,0.4613323021159629,25.21847003600752,-0.024178020281758847,0.0,0.12089010140879423,0.0,0.0,0.0,epa_us06,RuleBasedEMS
352,29.4837,-12426.730621091001,0.0,0.0,0.4612538291582475,25.218717513352228,-0.023358516205058272,0.0,0.11679258102529136,0.0,0.0,0.0,epa_us06,RuleBasedEMS
353,29.2609,-9004.161360421818,0.0,0.0,0.4611969703376629,25.21889150710529,-0.016925115339138756,0.0,0.08462557669569377,0.0,0.0,0.0,epa_us06,RuleBasedEMS
354,29.014,-7595.871138619364,0.0,0.0,0.46114900596690467,25.219038248658826,-0.014277953268081511,0.0,0.07138976634040756,0.0,0.0,0.0,epa_us06,RuleBasedEMS
355,28.7912,-8399.61773239255,0.0,0.0,0.4610959681521945,25.219191888481667,-0.01578875513607622,0.0,0.0789437756803811,0.0,0.0,0.0,epa_us06,RuleBasedEMS
356,28.6365,-11238.972262039555,0.0,0.0,0.4610250039379354,25.219393927046386,-0.02112588771060067,0.0,0.10562943855300334,0.0,0.0,0.0,epa_us06,RuleBasedEMS
357,28.5823,-15634.126612298616,0.0,0.0,0.4609262901258735,25.2197052054489,-0.029387456038155298,0.0,0.14693728019077648,0.0,0.0,0.0,epa_us06,RuleBasedEMS
358,28.6434,-20863.584924915165,0.0,0.0,0.4607945579845808,25.220197030560833,-0.03921726489645708,0.0,0.19608632448228538,0.0,0.0,0.0,epa_us06,RuleBasedEMS
359,28.8147,-26094.02224785446,0.0,0.0,0.4606297984944586,25.220923824613845,-0.04904891399972643,0.0,0.24524456999863214,0.0,0.0,0.0,epa_us06,RuleBasedEMS
360,29.0722,-30479.391218111643,0.0,0.0,0.46043734308274537,25.22189019886253,-0.05729208875584896,0.0,0.2864604437792448,0.0,0.0,0.0,epa_us06,RuleBasedEMS
361,29.3769,-33262.32228266732,0.0,0.0,0.46022730543196333,25.22303068631125,-0.0625231621854649,0.0,0.3126158109273245,0.0,0.0,0.0,epa_us06,RuleBasedEMS
362,29.6816,-33920.29671986363,0.0,0.0,0.4600131008934066,25.22421959952586,-0.06375995624034518,0.0,0.31879978120172586,0.0,0.0,0.0,epa_us06,RuleBasedEMS
363,29.9391,-32285.700820966336,0.0,0.0,0.4598092070832393,25.225311929260812,-0.060687407558207396,0.0,0.303437037791037,0.0,0.0,0.0,epa_us06,RuleBasedEMS
364,30.1104,-28614.44596630237,0.0,0.0,0.45962848932692507,25.22619686282911,-0.053786552568237535,0.0,0.26893276284118767,0.0,0.0,0.0,epa_us06,RuleBasedEMS
365,30.1715,-23565.56140926631,0.0,0.0,0.45947965305009564,25.226834515817426,-0.04429616806253066,0.0,0.22148084031265328,0.0,0.0,0.0,epa_us06,RuleBasedEMS
366,30.1173,-18063.857376156604,0.0,0.0,0.45936556268333206,25.2272551495606,-0.03395461912811392,0.0,0.16977309564056958,0.0,0.0,0.0,epa_us06,RuleBasedEMS
367,29.9626,-13123.738191092249,0.0,0.0,0.45928267404288936,25.22752752311721,-0.02466868081032378,0.0,0.12334340405161888,0.0,0.0,0.0,epa_us06,RuleBasedEMS
368,29.7399,-9648.677937204238,0.0,0.0,0.45922173482734935,25.227720766293494,-0.018136612663917744,0.0,0.09068306331958871,0.0,0.0,0.0,epa_us06,RuleBasedEMS
369,29.4929,-8200.87212974484,0.0,0.0,0.45916994126984645,25.22788421869101,-0.015415173176212105,0.0,0.07707586588106052,0.0,0.0,0.0,epa_us06,RuleBasedEMS
370,29.2702,-9020.912323910612,0.0,0.0,0.4591129706285045,25.228055565249285,-0.016956602112613933,0.0,0.08478301056306967,0.0,0.0,0.0,epa_us06,RuleBasedEMS
371,29.1155,-11898.912803618057,0.0,0.0,0.45903782656723563,25.228279378607812,-0.022366377450409883,0.0,0.11183188725204941,0.0,0.0,0.0,epa_us06,RuleBasedEMS
372,29.0613,-16366.317631474109,0.0,0.0,0.4589344719329649,25.22862012705779,-0.030763754946379902,0.0,0.1538187747318995,0.0,0.0,0.0,epa_us06,RuleBasedEMS
373,29.1224,-21684.656020746286,0.0,0.0,0.4587975319577244,25.229152431215756,-0.04076063161794415,0.0,0.20380315808972074,0.0,0.0,0.0,epa_us06,RuleBasedEMS
374,29.2937,-27005.561342156187,0.0,0.0,0.4586269874040176,25.229932723332634,-0.05076233334991764,0.0,0.2538116667495882,0.0,0.0,0.0,epa_us06,RuleBasedEMS
375,29.5512,-31467.81382532096,0.0,0.0,0.45842825617244104,25.23096512861231,-0.059150025987445426,0.0,0.2957501299372271,0.0,0.0,0.0,epa_us06,RuleBasedEMS
376,29.8559,-34301.0329717069,0.0,0.0,0.45821162144240596,25.232180563793765,-0.06447562588666711,0.0,0.32237812943333555,0.0,0.0,0.0,epa_us06,RuleBasedEMS
377,30.1606,-34974.28259647719,0.0,0.0,0.45799072191418444,25.2334471543177,-0.0657411327001451,0.0,0.3287056635007255,0.0,0.0,0.0,epa_us06,RuleBasedEMS
378,30.4181,-33317.548311990206,0.0,0.0,0.4577802740782115,25.234612839281432,-0.06262697051125979,0.0,0.3131348525562989,0.0,0.0,0.0,epa_us06,RuleBasedEMS
379,30.5894,-29590.79541293851,0.0,0.0,0.4575933564187055,25.235561054177992,-0.05562179588898217,0.0,0.2781089794449108,0.0,0.0,0.0,epa_us06,RuleBasedEMS
380,30.6505,-24462.925611010112,0.0,0.0,0.45743882452844453,25.23624906826217,-0.04598294287783856,0.0,0.22991471438919278,0.0,0.0,0.0,epa_us06,RuleBasedEMS
381,30.5963,-18872.536970290304,0.0,0.0,0.45731960487612744,25.236707496668203,-0.03547469355317727,0.0,0.17737346776588633,0.0,0.0,0.0,epa_us06,RuleBasedEMS
382,30.4416,-13849.645666421382,0.0,0.0,0.4572321154776163,25.23700778348512,-0.02603316854590486,0.0,0.13016584272952428,0.0,0.0,0.0,epa_us06,RuleBasedEMS
383,30.2188,-10307.790877331956,0.0,0.0,0.4571670015262958,25.2372226419975,-0.019375546761902174,0.0,0.09687773380951087,0.0,0.0,0.0,epa_us06,RuleBasedEMS
384,29.9719,-8838.964182652426,0.0,0.0,0.45711116781870387,25.237405296518766,-0.016614594328294034,0.0,0.08307297164147016,0.0,0.0,0.0,epa_us06,RuleBasedEMS
385,29.7491,-9656.575472179009,0.0,0.0,0.45705017156836997,25.237596547460107,-0.018151457654471823,0.0,0.09075728827235911,0.0,0.0,0.0,epa_us06,RuleBasedEMS
386,29.5945,-12586.943161668301,0.0,0.0,0.45697066793685726,25.237844795496223,-0.02365966759712087,0.0,0.11829833798560434,0.0,0.0,0.0,epa_us06,RuleBasedEMS
387,29.5402,-17117.19578949332,0.0,0.0,0.4568625516906581,25.238217778946296,-0.03217518005543857,0.0,0.16087590027719284,0.0,0.0,0.0,epa_us06,RuleBasedEMS
388,29.6013,-22529.04011362521,0.0,0.0,0.4567202533274765,25.238793968942677,-0.04234781976245341,0.0,0.21173909881226702,0.0,0.0,0.0,epa_us06,RuleBasedEMS
389,29.7727,-27945.361719241755,0.0,0.0,0.456543741349637,25.23963197275196,-0.05252887541210857,0.0,0.26264437706054283,0.0,0.0,0.0,epa_us06,RuleBasedEMS
390,30.0302,-32480.074120653313,0.0,0.0,0.4563385794093617,25.240734888739738,-0.06105277090348367,0.0,0.30526385451741833,0.0,0.0,0.0,epa_us06,RuleBasedEMS
391,30.3349,-35363.827137317414,0.0,0.0,0.456115190857029,25.24203011275743,-0.06647335928067183,0.0,0.33236679640335914,0.0,0.0,0.0,epa_us06,RuleBasedEMS
392,30.6395,-36047.60390974159,0.0,0.0,0.45588746950670106,25.243379005073805,-0.06775865396567969,0.0,0.3387932698283984,0.0,0.0,0.0,epa_us06,RuleBasedEMS
393,30.897,-34373.709655087805,0.0,0.0,0.45567030951715976,25.244622853084575,-0.06461223619377407,0.0,0.3230611809688703,0.0,0.0,0.0,epa_us06,RuleBasedEMS
394,31.0684,-30596.652881420356,0.0,0.0,0.45547700137020314,25.24563907100028,-0.057512505416203674,0.0,0.28756252708101837,0.0,0.0,0.0,epa_us06,RuleBasedEMS
395,31.1295,-25385.01425913241,0.0,0.0,0.4553166140065002,25.246381351396426,-0.04771619221641431,0.0,0.23858096108207152,0.0,0.0,0.0,epa_us06,RuleBasedEMS
396,31.0752,-19700.886788173968,0.0,0.0,0.4551921377017708,25.24688071214384,-0.037031742083033774,0.0,0.18515871041516888,0.0,0.0,0.0,epa_us06,RuleBasedEMS
397,30.9206,-14604.918948551587,0.0,0.0,0.4550998594318122,25.24721185559633,-0.02745285516645035,0.0,0.13726427583225176,0.0,0.0,0.0,epa_us06,RuleBasedEMS
398,30.6978,-10996.042315595338,0.0,0.0,0.4550303844501541,25.247450859628803,-0.020669252472923567,0.0,0.10334626236461783,0.0,0.0,0.0,epa_us06,RuleBasedEMS
399,30.4509,-9496.645499920876,0.0,0.0,0.4549703847793582,25.247654906955212,-0.01785083740586631,0.0,0.08925418702933155,0.0,0.0,0.0,epa_us06,RuleBasedEMS
400,30.2281,-10320.920294952519,0.0,0.0,0.454905179630883,25.24786842211195,-0.019400226118331806,0.0,0.09700113059165902,0.0,0.0,0.0,epa_us06,RuleBasedEMS
401,30.0734,-13289.488778370818,0.0,0.0,0.4548212223490482,25.24814337724986,-0.024980242064606802,0.0,0.124901210323034,0.0,0.0,0.0,epa_us06,RuleBasedEMS
402,30.0192,-17901.24833817198,0.0,0.0,0.4547081321269712,25.24855178442607,-0.03364896304167666,0.0,0.16824481520838327,0.0,0.0,0.0,epa_us06,RuleBasedEMS
403,30.0803,-23397.476159956936,0.0,0.0,0.4545603201047041,25.2491752764377,-0.043980218345783716,0.0,0.21990109172891856,0.0,0.0,0.0,epa_us06,RuleBasedEMS
404,30.2516,-28899.71306047697,0.0,0.0,0.45437774491235194,25.250074471880307,-0.054322768910671,0.0,0.27161384455335497,0.0,0.0,0.0,epa_us06,RuleBasedEMS
405,30.5092,-33521.30436846103,0.0,0.0,0.45416596494528516,25.25125271213641,-0.06300997061740796,0.0,0.31504985308703976,0.0,0.0,0.0,epa_us06,RuleBasedEMS
406,30.8138,-36446.068343676976,0.0,0.0,0.4539356951162304,25.2526322632702,-0.06850764726255071,0.0,0.34253823631275354,0.0,0.0,0.0,epa_us06,RuleBasedEMS
407,31.1185,-37155.39564946397,0.0,0.0,0.45370092949110713,25.254069145579386,-0.06984096926590973,0.0,0.3492048463295486,0.0,0.0,0.0,epa_us06,RuleBasedEMS
408,31.376,-35455.012249867905,0.0,0.0,0.45347689395425195,25.255396049341922,-0.06664475986817275,0.0,0.33322379934086377,0.0,0.0,0.0,epa_us06,RuleBasedEMS
409,31.5474,-31622.813547211375,0.0,0.0,0.45327706282108576,25.25648449092795,-0.059441378848141685,0.0,0.2972068942407084,0.0,0.0,0.0,epa_us06,RuleBasedEMS
410,31.6084,-26327.09648750705,0.0,0.0,0.4531106899351597,25.257284717952952,-0.049487023472757616,0.0,0.24743511736378807,0.0,0.0,0.0,epa_us06,RuleBasedEMS
411,31.5542,-20564.14286867879,0.0,0.0,0.45298073323550175,25.257828723178044,-0.03865440388849398,0.0,0.19327201944246986,0.0,0.0,0.0,epa_us06,RuleBasedEMS
412,31.3996,-15380.39919516854,0.0,0.0,0.45288353570687995,25.258193421538714,-0.028910524802948385,0.0,0.14455262401474192,0.0,0.0,0.0,epa_us06,RuleBasedEMS
413,31.1768,-11709.056355122413,0.0,0.0,0.45280954089135433,25.258459016387434,-0.02200950442692183,0.0,0.11004752213460915,0.0,0.0,0.0,epa_us06,RuleBasedEMS
414,30.9299,-10178.89025479139,0.0,0.0,0.4527452178796604,25.258686720227704,-0.019133252358630434,0.0,0.09566626179315216,0.0,0.0,0.0,epa_us06,RuleBasedEMS
415,30.7071,-11009.648832104707,0.0,0.0,0.4526756475395587,25.258924790432133,-0.02069482863177577,0.0,0.10347414315887883,0.0,0.0,0.0,epa_us06,RuleBasedEMS
416,30.5524,-14021.042064253275,0.0,0.0,0.4525870508493019,25.25922908764261,-0.026355342226039993,0.0,0.13177671113019995,0.0,0.0,0.0,epa_us06,RuleBasedEMS
417,30.4982,-18704.920948318915,0.0,0.0,0.4524688597652072,25.259675702349547,-0.03515962584270473,0.0,0.17579812921352364,0.0,0.0,0.0,epa_us06,RuleBasedEMS
418,30.5593,-24290.17669673397,0.0,0.0,0.4523153773501462,25.26034997052444,-0.0456582268735601,0.0,0.2282911343678005,0.0,0.0,0.0,epa_us06,RuleBasedEMS
419,30.7306,-29883.296108009657,0.0,0.0,0.45212655031078286,25.261314686185624,-0.056171609225582064,0.0,0.2808580461279103,0.0,0.0,0.0,epa_us06,RuleBasedEMS
420,30.9881,-34577.42921265757,0.0,0.0,0.45190805380286225,25.262572251350374,-0.06499516769296536,0.0,0.32497583846482675,0.0,0.0,0.0,epa_us06,RuleBasedEMS
421,31.2928,-37562.976657075,0.0,0.0,0.45167067896856444,25.264041816914737,-0.0706070989794643,0.0,0.35303549489732144,0.0,0.0,0.0,epa_us06,RuleBasedEMS
422,31.342,-25221.92564507555,0.0,0.0,0.45151128211265973,25.26477991958443,-0.04740963467119464,0.0,0.2370481733559732,0.0,0.0,0.0,epa_us06,RuleBasedEMS
423,31.3441,-22929.55561606046,0.0,0.0,0.4513663700649868,25.265413931357852,-0.04310066845124147,0.0,0.21550334225620735,0.0,0.0,0.0,epa_us06,RuleBasedEMS
424,31.26,-18579.974790820368,0.0,0.0,0.45124894583688424,25.265875629969443,-0.03492476464439919,0.0,0.17462382322199593,0.0,0.0,0.0,epa_us06,RuleBasedEMS
425,31.0656,-12913.711754187292,0.0,0.0,0.4511673325650232,25.266164728424947,-0.024273894274788144,0.0,0.12136947137394072,0.0,0.0,0.0,epa_us06,RuleBasedEMS
426,30.7559,-6923.685363458879,0.0,0.0,0.4511235767583872,25.266335285424056,-0.013014446171915188,0.0,0.06507223085957593,0.0,0.0,0.0,epa_us06,RuleBasedEMS
427,30.3458,-1646.4628964973538,0.0,0.0,0.45111317204043144,25.26645474332054,-0.0030948550686040483,0.0,0.015474275343020242,0.0,0.0,0.0,epa_us06,RuleBasedEMS
428,29.8676,1474.118340841329,0.0,0.0,0.45112248705151275,25.26656358203722,0.07977972795019463,0.0,0.013854495684598957,0.058964733633653156,0.0,0.0,epa_us06,RuleBasedEMS
429,29.3652,2613.912058914198,0.0,0.0,0.4511390032780948,25.266665909352586,0.14146570676740147,0.0,0.024566842658968028,0.10455648235656792,0.0,0.0,epa_us06,RuleBasedEMS
430,28.887,2127.879680987178,0.0,0.0,0.4511524474810609,25.266755302304553,0.11516148829883989,0.0,0.01999886918221032,0.08511518723948712,0.0,0.0,epa_us06,RuleBasedEMS
431,28.4769,208.31208135481756,0.0,0.0,0.45115376353101716,25.266830647070734,0.011273912493172758,0.0,0.0019578203134851275,0.008332483254192703,0.0,0.0,epa_us06,RuleBasedEMS
432,28.1672,-3823.3764010077143,0.0,0.0,0.45112961010115993,25.266911612348697,-0.007186797746255103,0.0,0.03593398873127551,0.0,0.0,0.0,epa_us06,RuleBasedEMS
433,27.9728,-8635.181964036361,0.0,0.0,0.45107506144035303,25.267043668103085,-0.016231545045181133,0.0,0.08115772522590566,0.0,0.0,0.0,epa_us06,RuleBasedEMS
434,27.8887,-13317.529398650127,0.0,0.0,0.4509909364388414,25.26726995447032,-0.025032949997462646,0.0,0.12516474998731322,0.0,0.0,0.0,epa_us06,RuleBasedEMS
435,27.8908,-17060.292932925295,0.0,0.0,0.4508831698181954,25.267602923130674,-0.032068219798731756,0.0,0.16034109899365878,0.0,0.0,0.0,epa_us06,RuleBasedEMS
436,27.94,-19182.429293899782,0.0,0.0,0.4507619974412061,25.268009064746224,-0.03605719792086425,0.0,0.18028598960432127,0.0,0.0,0.0,epa_us06,RuleBasedEMS
437,27.9892,-19261.33748780761,0.0,0.0,0.4506403250783388,25.26841879602379,-0.03620552159362333,0.0,0.18102760796811665,0.0,0.0,0.0,epa_us06,RuleBasedEMS
438,27.9913,-17213.881571313734,0.0,0.0,0.4505315849537132,25.268758026041386,-0.03235692024683033,0.0,0.16178460123415164,0.0,0.0,0.0,epa_us06,RuleBasedEMS
439,27.9072,-13343.242996918634,0.0,0.0,0.4504472952117769,25.26898433645211,-0.02508128382879443,0.0,0.12540641914397213,0.0,0.0,0.0,epa_us06,RuleBasedEMS
440,27.7128,-8319.814335402907,0.0,0.0,0.4503947390792603,25.269105191232395,-0.015638748750757346,0.0,0.07819374375378672,0.0,0.0,0.0,epa_us06,RuleBasedEMS
441,27.4031,-3037.854805707818,0.0,0.0,0.45037554948655034,25.26916523647619,-0.005710253394187628,0.0,0.028551266970938138,0.0,0.0,0.0,epa_us06,RuleBasedEMS
442,26.993,1134.8300896732942,0.0,0.0,0.45038271770021354,25.2692122420919,0.06141734575540129,0.0,0.010665696331515923,0.04539320358693177,0.0,0.0,epa_us06,RuleBasedEMS
443,26.5148,3423.2920103137894,0.0,0.0,0.4504043398908664,25.269262490675434,0.18526959315968913,0.0,0.03217379708941531,0.13693168041255158,0.0,0.0,epa_us06,RuleBasedEMS
444,26.0124,4353.077865542759,0.0,0.0,0.45043183308226964,25.269312562954102,0.23558988327952465,0.0,0.04091238595434924,0.17412311462171037,0.0,0.0,epa_us06,RuleBasedEMS
445,25.5342,3846.5146195496186,0.0,0.0,0.4504561253776456,25.269351802696704,0.20817452805652747,0.0,0.03615145319125582,0.15386058478198475,0.0,0.0,epa_us06,RuleBasedEMS
446,25.1241,2088.677609711917,0.0,0.0,0.4504693154352305,25.269374909410875,0.11303986041132613,0.0,0.019630428662705986,0.08354710438847668,0.0,0.0,epa_us06,RuleBasedEMS
447,24.8144,-785.3979480959811,0.0,0.0,0.45046435588064254,25.26938927109745,-0.0014763119325112428,0.0,0.007381559662556213,0.0,0.0,0.0,epa_us06,RuleBasedEMS
448,24.62,-5056.341421877741,0.0,0.0,0.4504324278566846,25.26942346612516,-0.009504401168943123,0.0,0.04752200584471561,0.0,0.0,0.0,epa_us06,RuleBasedEMS
449,24.5359,-9189.44981049741,0.0,0.0,0.4503744028809395,25.269511331286832,-0.01727340189943122,0.0,0.0863670094971561,0.0,0.0,0.0,epa_us06,RuleBasedEMS
450,24.538,-12481.991233525237,0.0,0.0,0.4502955884424877,25.269666083716665,-0.023462389536701576,0.0,0.11731194768350788,0.0,0.0,0.0,epa_us06,RuleBasedEMS
451,24.5872,-14343.26180002836,0.0,0.0,0.45020502113407856,25.269868317906283,-0.026961018421105945,0.0,0.1348050921055297,0.0,0.0,0.0,epa_us06,RuleBasedEMS
452,24.6364,-14406.924145913086,0.0,0.0,0.4501140509096844,25.270072759681046,-0.027080684484799035,0.0,0.13540342242399517,0.0,0.0,0.0,epa_us06,RuleBasedEMS
453,24.6385,-12604.4653370643,0.0,0.0,0.4500344612026771,25.27023128554276,-0.023692604017038158,0.0,0.11846302008519079,0.0,0.0,0.0,epa_us06,RuleBasedEMS
454,24.5544,-9209.445256422832,0.0,0.0,0.4499763088066623,25.270319175514498,-0.01731098732410307,0.0,0.08655493662051535,0.0,0.0,0.0,epa_us06,RuleBasedEMS
455,24.36,-4821.167992871936,0.0,0.0,0.4499458661240179,25.270347333202192,-0.009062345851263037,0.0,0.045311729256315186,0.0,0.0,0.0,epa_us06,RuleBasedEMS
456,24.0503,-235.03551956037964,0.0,0.0,0.44994438205478643,25.270351104341774,-0.0004417960893992099,0.0,0.0022089804469960493,0.0,0.0,0.0,epa_us06,RuleBasedEMS
457,23.6402,2687.0149379003687,0.0,0.0,0.44996134784668795,25.27035823978961,0.14542205656396132,0.0,0.0252538997922967,0.10748059751601476,0.0,0.0,epa_us06,RuleBasedEMS
458,23.162,4617.974559062839,0.0,0.0,0.44999050432722015,25.270374785594175,0.24992617200100986,0.0,0.04340201653254548,0.18471898236251355,0.0,0.0,epa_us06,RuleBasedEMS
459,22.6596,5352.048580044782,0.0,0.0,0.45002429375639674,25.270394071235913,0.2896544787906943,0.0,0.0503012084590675,0.2140819432017913,0.0,0.0,epa_us06,RuleBasedEMS
460,22.1814,4838.5618721864175,0.0,0.0,0.45005483973010224,25.270404296425845,0.261864423729307,0.0,0.04547520556566182,0.1935424748874567,0.0,0.0,epa_us06,RuleBasedEMS
461,21.7713,3254.1250407734497,0.0,0.0,0.45007538208858877,25.270398688566218,0.17611422589088188,0.0,0.030583881962156483,0.130165001630938,0.0,0.0,epa_us06,RuleBasedEMS
462,21.4616,915.7525255200707,0.0,0.0,0.45008116272545834,25.270380819633395,0.049560802095439616,0.0,0.008606696668421716,0.03663010102080283,0.0,0.0,epa_us06,RuleBasedEMS
463,21.2672,-2450.519899715621,0.0,0.0,0.4500656944660536,25.270365618428322,-0.004606240412999288,0.0,0.023031202064996436,0.0,0.0,0.0,epa_us06,RuleBasedEMS
464,21.1831,-6031.065485250412,0.0,0.0,0.4500276257268552,25.270377926702988,-0.011336589257989497,0.0,0.05668294628994748,0.0,0.0,0.0,epa_us06,RuleBasedEMS
465,21.1852,-8873.46779215446,0.0,0.0,0.449971615825744,25.270429969448973,-0.016679450737132447,0.0,0.08339725368566223,0.0,0.0,0.0,epa_us06,RuleBasedEMS
466,21.2344,-10475.817021366987,0.0,0.0,0.449905491575674,25.27051153254832,-0.019691385378509375,0.0,0.09845692689254687,0.0,0.0,0.0,epa_us06,RuleBasedEMS
467,21.2836,-10526.177976408851,0.0,0.0,0.4498390488527867,25.270594432786442,-0.01978604882783619,0.0,0.09893024413918093,0.0,0.0,0.0,epa_us06,RuleBasedEMS
468,21.2857,-8968.799270328424,0.0,0.0,0.4497824360214166,25.270648759373117,-0.01685864524497824,0.0,0.0842932262248912,0.0,0.0,0.0,epa_us06,RuleBasedEMS
469,21.2016,-6046.073926349811,0.0,0.0,0.4497442718847871,25.27066130671485,-0.011364800613439495,0.0,0.05682400306719747,0.0,0.0,0.0,epa_us06,RuleBasedEMS
470,21.0072,-2285.2650836118114,0.0,0.0,0.44972984689384315,25.270643426138328,-0.004295611059420698,0.0,0.02147805529710349,0.0,0.0,0.0,epa_us06,RuleBasedEMS
471,20.6975,1164.4416993362718,0.0,0.0,0.4497371969068867,25.270620537126085,0.0630199349761089,0.0,0.010944000933611578,0.04657766797345087,0.0,0.0,epa_us06,RuleBasedEMS
472,20.2874,3566.5067621510007,0.0,0.0,0.44975970817014316,25.270606543990255,0.1930204186012248,0.0,0.03351980039615602,0.14266027048604002,0.0,0.0,epa_us06,RuleBasedEMS
473,19.8092,5153.571490036028,0.0,0.0,0.44979223549693526,25.270603489992855,0.27891283898706265,0.0,0.0484358222747747,0.20614285960144113,0.0,0.0,epa_us06,RuleBasedEMS
474,19.3068,5706.229705368528,0.0,0.0,0.4498282494423877,25.270603812532396,0.3088228678138546,0.0,0.05362997843391474,0.2282491882147411,0.0,0.0,epa_us06,RuleBasedEMS
475,18.8286,5199.426941845373,0.0,0.0,0.44986106335922965,25.27059665114492,0.2813945498300977,0.0,0.04886679456621591,0.20797707767381493,0.0,0.0,epa_us06,RuleBasedEMS
476,18.4185,3800.05987748729,0.0,0.0,0.44988504481506236,25.27057556373087,0.20566038344476323,0.0,0.035714848472624905,0.1520023950994916,0.0,0.0,epa_us06,RuleBasedEMS
477,18.1088,1786.2916386699187,0.0,0.0,0.4498963173778552,25.27054221230946,0.09667464071538401,0.0,0.01678845525065713,0.07145166554679674,0.0,0.0,epa_us06,RuleBasedEMS
478,17.9144,-685.2097545673658,0.0,0.0,0.44989199340896835,25.270505127262467,-0.0012879882604649735,0.0,0.006439941302324867,0.0,0.0,0.0,epa_us06,RuleBasedEMS
479,17.8303,-3709.8687799259915,0.0,0.0,0.44986858292368165,25.27047996636097,-0.006973437556251863,0.0,0.034867187781259315,0.0,0.0,0.0,epa_us06,RuleBasedEMS
480,17.8324,-6102.214965829817,0.0,0.0,0.44983007615747683,25.270476860270684,-0.011470328883138753,0.0,0.057351644415693764,0.0,0.0,0.0,epa_us06,RuleBasedEMS
481,17.8816,-7447.587314932007,0.0,0.0,0.4497830795451119,25.27049114739623,-0.013999224276187983,0.0,0.06999612138093991,0.0,0.0,0.0,epa_us06,RuleBasedEMS
482,17.9308,-7486.591336311834,0.0,0.0,0.44973583643190435,25.27050621484344,-0.014072540105849313,0.0,0.07036270052924656,0.0,0.0,0.0,epa_us06,RuleBasedEMS
483,17.9329,-6174.375728123371,0.0,0.0,0.4496968735700296,25.270504451473762,-0.011605969413765736,0.0,0.058029847068828674,0.0,0.0,0.0,epa_us06,RuleBasedEMS
484,17.8488,-3720.6213637164237,0.0,0.0,0.4496733948392618,25.27047962792269,-0.006993649179918089,0.0,0.034968245899590446,0.0,0.0,0.0,epa_us06,RuleBasedEMS
485,17.6544,-579.5979646388702,0.0,0.0,0.44966973734545934,25.270441662499916,-0.001089469858343741,0.0,0.0054473492917187045,0.0,0.0,0.0,epa_us06,RuleBasedEMS
486,17.3447,1909.1518630973665,0.0,0.0,0.449681784657527,25.27040615463543,0.10332387301184091,0.0,0.017943156608057956,0.07636607452389466,0.0,0.0,epa_us06,RuleBasedEMS
487,16.9346,3868.7110653730583,0.0,0.0,0.4497061967709146,25.270380455991475,0.20937580638011483,0.0,0.036360066403882126,0.15474844261492232,0.0,0.0,epa_us06,RuleBasedEMS
488,16.4564,5125.4883061813325,0.0,0.0,0.44973853834086425,25.27036438690048,0.27739296863077617,0.0,0.04817188257689222,0.2050195322472533,0.0,0.0,epa_us06,RuleBasedEMS
489,15.954,5511.026744461528,0.0,0.0,0.44977331146031824,25.270351053446507,0.2982584248619104,0.0,0.05179536413967602,0.22044106977846115,0.0,0.0,epa_us06,RuleBasedEMS
490,15.4758,5024.515331474578,0.0,0.0,0.44980501373853365,25.270331754373963,0.2719282808718346,0.0,0.047222888453708436,0.20098061325898312,0.0,0.0,epa_us06,RuleBasedEMS
491,15.0657,3821.887622801307,0.0,0.0,0.44982912725675556,25.27030140764,0.20684170758589326,0.0,0.0359199964548995,0.15287550491205226,0.0,0.0,epa_us06,RuleBasedEMS
492,14.756,2141.536319768092,0.0,0.0,0.4498426385442425,25.270260807655436,0.11590058969692277,0.0,0.020127221050451994,0.0856614527907237,0.0,0.0,epa_us06,RuleBasedEMS
493,14.5616,267.9095927164135,0.0,0.0,0.44984432879480335,25.270215405128653,0.014499347732125894,0.0,0.0025179472999662922,0.01071638370865654,0.0,0.0,epa_us06,RuleBasedEMS
494,14.4775,-2093.35205154095,0.0,0.0,0.44983112192959135,25.270173788491242,-0.003934872277332613,0.0,0.019674361386663064,0.0,0.0,0.0,epa_us06,RuleBasedEMS
495,14.4796,-4035.72511156819,0.0,0.0,0.44980566081224244,25.27014338900352,-0.007585949457834944,0.0,0.03792974728917472,0.0,0.0,0.0,epa_us06,RuleBasedEMS
496,14.5288,-5126.065037740663,0.0,0.0,0.44977332070822745,25.27012254353523,-0.009635460597256887,0.0,0.04817730298628443,0.0,0.0,0.0,epa_us06,RuleBasedEMS
497,14.578,-5155.656582638594,0.0,0.0,0.4497407936843906,25.27010212700918,-0.009691083801952244,0.0,0.04845541900976122,0.0,0.0,0.0,epa_us06,RuleBasedEMS
498,14.5801,-4088.6870674658903,0.0,0.0,0.44971499798931663,25.270072469055687,-0.0076855020065148315,0.0,0.03842751003257416,0.0,0.0,0.0,epa_us06,RuleBasedEMS
499,14.496,-2100.5799255395127,0.0,0.0,0.44970174530372875,25.2700311567624,-0.0039484585066532196,0.0,0.019742292533266096,0.0,0.0,0.0,epa_us06,RuleBasedEMS
500,14.3016,308.40552506134264,0.0,0.0,0.4497036910451107,25.26998562228061,0.016690999769861235,0.0,0.002898548167869762,0.012336221002453705,0.0,0.0,epa_us06,RuleBasedEMS
501,13.9919,2160.310420147707,0.0,0.0,0.44971732035357254,25.269944132544662,0.1169166496558135,0.0,0.020303669362290482,0.08641241680590829,0.0,0.0,epa_us06,RuleBasedEMS
502,13.5818,3689.0333505144117,0.0,0.0,0.44974059388583043,25.26991072338986,0.1996515944135544,0.0,0.03467136607626327,0.14756133402057647,0.0,0.0,epa_us06,RuleBasedEMS
503,13.1036,4629.1305104465955,0.0,0.0,0.44976979767067865,25.269884255020077,0.2505299354450721,0.0,0.04350686569968605,0.18516522041786382,0.0,0.0,epa_us06,RuleBasedEMS
504,12.6012,4861.8452002719105,0.0,0.0,0.44980046879708296,25.269859381099323,0.26312452444779855,0.0,0.04569403383714202,0.1944738080108764,0.0,0.0,epa_us06,RuleBasedEMS
505,12.123,4409.232544021676,0.0,0.0,0.44982828388786544,25.26983005724158,0.23862899136742877,0.0,0.04144015548892553,0.17636930176086707,0.0,0.0,epa_us06,RuleBasedEMS
506,11.7129,3415.013779663369,0.0,0.0,0.44984982657379086,25.26979295996556,0.18482157282719494,0.0,0.03209599416976851,0.13660055118653475,0.0,0.0,epa_us06,RuleBasedEMS
507,11.4032,2076.892071762675,0.0,0.0,0.44986292783339843,25.269748595837733,0.1124020235529905,0.0,0.01951966232859657,0.08307568287050701,0.0,0.0,epa_us06,RuleBasedEMS
508,11.2088,614.8130231672226,0.0,0.0,0.4498668060870064,25.26970030484466,0.03327386571998246,0.0,0.005778317886909986,0.024592520926688902,0.0,0.0,epa_us06,RuleBasedEMS
509,11.1247,-1049.007657112259,0.0,0.0,0.44986018897882746,25.26965259762061,-0.0019718189043463515,0.0,0.009859094521731757,0.0,0.0,0.0,epa_us06,RuleBasedEMS
510,11.1268,-2541.490586386311,0.0,0.0,0.44984415736839417,25.269609960054023,-0.004777237944335171,0.0,0.023886189721675853,0.0,0.0,0.0,epa_us06,RuleBasedEMS
511,11.176,-3378.742546809593,0.0,0.0,0.44982284434235786,25.269572073897823,-0.006351019824830062,0.0,0.03175509912415031,0.0,0.0,0.0,epa_us06,RuleBasedEMS
512,11.2252,-3400.866072406274,0.0,0.0,0.4498013916329167,25.26953440436141,-0.006392605399259914,0.0,0.03196302699629957,0.0,0.0,0.0,epa_us06,RuleBasedEMS
513,11.2273,-2579.225645372738,0.0,0.0,0.44978512174618646,25.26949213765759,-0.004848168506339734,0.0,0.024240842531698666,0.0,0.0,0.0,epa_us06,RuleBasedEMS
514,11.1432,-1053.4419688359276,0.0,0.0,0.44977847656139075,25.26944463782616,-0.0019801540767592626,0.0,0.009900770383796312,0.0,0.0,0.0,epa_us06,RuleBasedEMS
515,10.9488,627.1628215515032,0.0,0.0,0.4497824327379316,25.26939642415702,0.03394224052276481,0.0,0.005894387420596834,0.025086512862060126,0.0,0.0,epa_us06,RuleBasedEMS
516,10.6391,2013.3228734351005,0.0,0.0,0.4497951327808882,25.269351586311128,0.10896163942094626,0.0,0.018922207457096808,0.08053291493740403,0.0,0.0,epa_us06,RuleBasedEMS
517,10.229,3122.87912052293,0.0,0.0,0.4498148316527328,25.26931201409589,0.16901115721446655,0.0,0.029350367674087687,0.1249151648209172,0.0,0.0,epa_us06,RuleBasedEMS
518,9.7508,3759.903605779745,0.0,0.0,0.4498385484370065,25.269276432107134,0.20348711394287672,0.0,0.03533743990394497,0.1503961442311898,0.0,0.0,epa_us06,RuleBasedEMS
519,9.2484,3854.09057574741,0.0,0.0,0.44986285889694677,25.269241355614223,0.20858454108443503,0.0,0.03622265578709972,0.15416362302989642,0.0,0.0,epa_us06,RuleBasedEMS
520,8.7702,3448.9840824345943,0.0,0.0,0.44988461367788973,25.269203314556098,0.18666005582980605,0.0,0.03241526393265596,0.13795936329738376,0.0,0.0,epa_us06,RuleBasedEMS
521,8.3601,2674.843851021362,0.0,0.0,0.4499014852315618,25.269160650942055,0.14476335368159218,0.0,0.025139509878020317,0.10699375404085447,0.0,0.0,epa_us06,RuleBasedEMS
522,8.0504,1687.7643976014651,0.0,0.0,0.4499121306557193,25.269113815540234,0.09134231679650637,0.0,0.015862447345878432,0.06751057590405861,0.0,0.0,epa_us06,RuleBasedEMS
523,7.856,642.7647710118288,0.0,0.0,0.4499161848017358,25.26906461978801,0.034786622719873254,0.0,0.006041022283945759,0.02571059084047315,0.0,0.0,epa_us06,RuleBasedEMS
524,7.7719,-444.32795365663435,0.0,0.0,0.4499133822810092,25.269015199848187,-0.0008352029204072074,0.0,0.004176014602036037,0.0,0.0,0.0,epa_us06,RuleBasedEMS
525,7.774,-1487.0037473011682,0.0,0.0,0.4499040032741887,25.268967696890257,-0.002795119825754076,0.0,0.013975599128770378,0.0,0.0,0.0,epa_us06,RuleBasedEMS
526,7.8232,-2073.1121991556843,0.0,0.0,0.4498909274586587,25.268922199249015,-0.0038968274420219627,0.0,0.019484137210109814,0.0,0.0,0.0,epa_us06,RuleBasedEMS
527,7.8724,-2089.7121626316343,0.0,0.0,0.4498777468794916,25.268876800156317,-0.0039280303808865305,0.0,0.019640151904432652,0.0,0.0,0.0,epa_us06,RuleBasedEMS
528,7.8745,-1513.4838188608135,0.0,0.0,0.44986820073906103,25.268829460960692,-0.002844894396354913,0.0,0.014224471981774563,0.0,0.0,0.0,epa_us06,RuleBasedEMS
529,7.7904,-446.69985062250606,0.0,0.0,0.4498653832195857,25.268780155866292,-0.0008396613733505754,0.0,0.004198306866752877,0.0,0.0,0.0,epa_us06,RuleBasedEMS
530,7.596,634.3668578783281,0.0,0.0,0.4498693844267825,25.268731043065305,0.03433212513540004,0.0,0.005962094528931656,0.025374674315133124,0.0,0.0,epa_us06,RuleBasedEMS
531,7.2863,1563.5947259074442,0.0,0.0,0.4498792465987406,25.26868384994369,0.08462221682016378,0.0,0.014695439153265454,0.06254378903629777,0.0,0.0,epa_us06,RuleBasedEMS
532,6.8762,2265.6538783464807,0.0,0.0,0.4498935368023275,25.2686391760174,0.1226178692957742,0.0,0.021293739458143616,0.09062615513385923,0.0,0.0,epa_us06,RuleBasedEMS
533,6.398,2613.213095128624,0.0,0.0,0.4499100190031487,25.268596071901783,0.14142787863711154,0.0,0.02456027345045699,0.10452852380514496,0.0,0.0,epa_us06,RuleBasedEMS
534,5.8956,2583.1683738359266,0.0,0.0,0.4499263115217164,25.26855278095558,0.13980184928474437,0.0,0.024277898250337656,0.10332673495343707,0.0,0.0,epa_us06,RuleBasedEMS
535,5.4174,2239.1754496612484,0.0,0.0,0.44994043426167446,25.268507884650504,0.12118484877189221,0.0,0.021044882045688426,0.08956701798644993,0.0,0.0,epa_us06,RuleBasedEMS
536,5.0073,1696.7833398231055,0.0,0.0,0.44995113597279046,25.268460942244207,0.09183042466200535,0.0,0.01594721184044272,0.06787133359292422,0.0,0.0,epa_us06,RuleBasedEMS
537,4.6976,1069.5588002323311,0.0,0.0,0.44995788169473294,25.268412343822124,0.05788484394039337,0.0,0.010052244363085818,0.04278235200929324,0.0,0.0,epa_us06,RuleBasedEMS
538,4.5032,447.1703391981059,0.0,0.0,0.44996070199106286,25.26836284871353,0.02420099324472155,0.0,0.004202728751861898,0.017886813567924237,0.0,0.0,epa_us06,RuleBasedEMS
539,4.4191,-146.8052981909972,0.0,0.0,0.4499597760945015,25.26831318945336,-0.000275949808629694,0.0,0.00137974904314847,0.0,0.0,0.0,epa_us06,RuleBasedEMS
540,4.4212,-739.7569513295122,0.0,0.0,0.4499551104707076,25.268264038652998,-0.00139052058520585,0.0,0.006952602926029249,0.0,0.0,0.0,epa_us06,RuleBasedEMS
541,4.4704,-1076.6663517958125,0.0,0.0,0.4499483199570654,25.268215481369168,-0.002023808931947016,0.0,0.01011904465973508,0.0,0.0,0.0,epa_us06,RuleBasedEMS
542,4.6619,-2159.50258538716,0.0,0.0,0.4499346999753658,25.268170268641118,-0.004059215386066089,0.0,0.020296076930330448,0.0,0.0,0.0,epa_us06,RuleBasedEMS
543,4.8062,-1877.311550750011,0.0,0.0,0.4499228596929337,25.268123994657557,-0.003528781110432352,0.0,0.01764390555216176,0.0,0.0,0.0,epa_us06,RuleBasedEMS
544,4.8643,-1249.3583928118494,0.0,0.0,0.4499149798937792,25.26807587583608,-0.002348418031601221,0.0,0.011742090158006103,0.0,0.0,0.0,epa_us06,RuleBasedEMS
545,4.8122,-409.6373229586057,0.0,0.0,0.44991239627159013,25.268026449783427,-0.0007699949679673039,0.0,0.0038499748398365197,0.0,0.0,0.0,epa_us06,RuleBasedEMS
546,4.6447,318.74934933438794,0.0,0.0,0.44991440665484145,25.267976969976313,0.017250810650443038,0.0,0.0029957645614134207,0.012749973973375519,0.0,0.0,epa_us06,RuleBasedEMS
547,4.3769,796.5159052687601,0.0,0.0,0.4499194303463476,25.267927999087064,0.043107680346801014,0.0,0.007486051741247745,0.0318606362107504,0.0,0.0,epa_us06,RuleBasedEMS
548,4.0409,1048.8520109854305,0.0,0.0,0.44992604551610343,25.267879469847955,0.05676418627874533,0.0,0.009857631682193896,0.04195408043941722,0.0,0.0,epa_us06,RuleBasedEMS
549,3.6807,1059.439522430533,0.0,0.0,0.4499327274301943,25.267830960378618,0.05733718558236825,0.0,0.009957138368708018,0.04237758089722132,0.0,0.0,epa_us06,RuleBasedEMS
550,3.3447,875.4026749049615,0.0,0.0,0.4499382485932501,25.26778211273338,0.04737705604485649,0.0,0.008227468749106782,0.03501610699619846,0.0,0.0,epa_us06,RuleBasedEMS
551,3.0769,572.5182754994274,0.0,0.0,0.44994185945105175,25.267732851156207,0.030984861255976527,0.0,0.005380810859957025,0.022900731019977097,0.0,0.0,epa_us06,RuleBasedEMS
552,2.9094,215.7519870430614,0.0,0.0,0.4499432201895553,25.26768332770032,0.011676562426586134,0.0,0.002027744239126517,0.008630079481722456,0.0,0.0,epa_us06,RuleBasedEMS
553,2.8573,-218.12461067958168,0.0,0.0,0.44994184448886976,25.267633812677627,-0.000410008666690943,0.0,0.002050043333454715,0.0,0.0,0.0,epa_us06,RuleBasedEMS
554,2.9154,-722.8972316909662,0.0,0.0,0.44993728521230264,25.267584758465965,-0.0013588293828777562,0.0,0.00679414691438878,0.0,0.0,0.0,epa_us06,RuleBasedEMS
555,3.0597,-1170.4951815895972,0.0,0.0,0.44992990294339635,25.267536521194916,-0.002200178912762401,0.0,0.011000894563812005,0.0,0.0,0.0,epa_us06,RuleBasedEMS
556,3.2512,-1484.7666157605065,0.0,0.0,0.4499205385438957,25.267489090800108,-0.002790914691279148,0.0,0.013954573456395739,0.0,0.0,0.0,epa_us06,RuleBasedEMS
557,3.4427,-1574.8072553191842,0.0,0.0,0.4499106062151259,25.267441938325156,-0.002960164013757865,0.0,0.014800820068789324,0.0,0.0,0.0,epa_us06,RuleBasedEMS
558,3.587,-1379.581506757135,0.0,0.0,0.4499019051370883,25.26739425524811,-0.0025931983209720585,0.0,0.012965991604860292,0.0,0.0,0.0,epa_us06,RuleBasedEMS
559,3.6451,-914.0571663631735,0.0,0.0,0.44989614011836376,25.26734557435635,-0.0017181525683518297,0.0,0.008590762841759149,0.0,0.0,0.0,epa_us06,RuleBasedEMS
560,3.593,-284.2784185792784,0.0,0.0,0.44989434715190524,25.267296189876937,-0.0005343579296602978,0.0,0.002671789648301489,0.0,0.0,0.0,epa_us06,RuleBasedEMS
561,3.4255,249.29940003536413,0.0,0.0,0.44989591950267294,25.267246796094934,0.013492158507177074,0.0,0.00234303947401658,0.009971976001414565,0.0,0.0,epa_us06,RuleBasedEMS
562,3.1577,586.8816138212561,0.0,0.0,0.44989962100333725,25.267197674695765,0.03176220944575489,0.0,0.005515804641177219,0.023475264552850244,0.0,0.0,epa_us06,RuleBasedEMS
563,2.8217,742.3579933274673,0.0,0.0,0.4499043030890195,25.267148751696286,0.04017663786444443,0.0,0.0069770488094686774,0.02969431973309869,0.0,0.0,epa_us06,RuleBasedEMS
564,2.4615,716.2861025711944,0.0,0.0,0.4499088207219417,25.267099794342176,0.03876561929554479,0.0,0.006732012242210474,0.028651444102847777,0.0,0.0,epa_us06,RuleBasedEMS
565,2.1255,562.2840344906067,0.0,0.0,0.44991236704831056,25.26705065284996,0.03043098105461193,0.0,0.005284624384310214,0.022491361379624267,0.0,0.0,epa_us06,RuleBasedEMS
566,1.8577,350.3771499913039,0.0,0.0,0.4499145768715566,25.2670013322897,0.01896251673411583,0.0,0.0032930183269859387,0.014015085999652156,0.0,0.0,epa_us06,RuleBasedEMS
567,1.6902,129.33876008940987,0.0,0.0,0.44991539260755203,25.266951917321915,0.006999852594914077,0.0,0.0012155898504643786,0.005173550403576395,0.0,0.0,epa_us06,RuleBasedEMS
568,1.6381,-119.79081219038619,0.0,0.0,0.44991463709101465,25.266902507765163,-0.0002251706996059891,0.0,0.0011258534980299454,0.0,0.0,0.0,epa_us06,RuleBasedEMS
569,2.1946,-2240.8814798579297,0.0,0.0,0.449900503930944,25.266857866181184,-0.004212183232815657,0.0,0.021060916164078285,0.0,0.0,0.0,epa_us06,RuleBasedEMS
570,2.1133,-60.75789247532492,0.0,0.0,0.4499001207302952,25.266808474144344,-0.00011420656480324234,0.0,0.0005710328240162117,0.0,0.0,0.0,epa_us06,RuleBasedEMS
571,2.032,-58.019227328682206,0.0,0.0,0.44989975480265043,25.266759089814116,-0.00010905869798624474,0.0,0.0005452934899312237,0.0,0.0,0.0,epa_us06,RuleBasedEMS
572,1.9507,-55.32778183384037,0.0,0.0,0.4498994058501711,25.266709713258198,-0.00010399958991323379,0.0,0.0005199979495661689,0.0,0.0,0.0,epa_us06,RuleBasedEMS
573,1.8694,-52.681666739963624,0.0,0.0,0.4498990735869353,25.26666034454131,-9.902568936083387e-05,0.0,0.0004951284468041694,0.0,0.0,0.0,epa_us06,RuleBasedEMS
574,1.7882,-50.360332651089976,0.0,0.0,0.4498987559645286,25.266610983752177,-9.466227941934207e-05,0.0,0.0004733113970967103,0.0,0.0,0.0,epa_us06,RuleBasedEMS
575,1.7069,-47.52099621333001,0.0,0.0,0.44989845624996816,25.266561630897954,-8.932518085212409e-05,0.0,0.0004466259042606204,0.0,0.0,0.0,epa_us06,RuleBasedEMS
576,1.6256,-44.999489192285154,0.0,0.0,0.44989817243868535,25.266512286060195,-8.4585506000536e-05,0.0,0.00042292753000268,0.0,0.0,0.0,epa_us06,RuleBasedEMS
577,1.5443,-42.515757892680455,0.0,0.0,0.44989790429240967,25.26646294929294,-7.99168381441362e-05,0.0,0.000399584190720681,0.0,0.0,0.0,epa_us06,RuleBasedEMS
578,1.463,-40.067913063681885,0.0,0.0,0.44989765158478684,25.266413620647846,-7.531562605955242e-05,0.0,0.0003765781302977621,0.0,0.0,0.0,epa_us06,RuleBasedEMS
579,1.3818,-37.87196107376434,0.0,0.0,0.44989741272711586,25.26636430018994,-7.118789675519614e-05,0.0,0.00035593948377598064,0.0,0.0,0.0,epa_us06,RuleBasedEMS
580,1.3005,-35.27523643409111,0.0,0.0,0.449897190247044,25.266314987936354,-6.630683540242691e-05,0.0,0.0003315341770121345,0.0,0.0,0.0,epa_us06,RuleBasedEMS
581,1.2192,-32.923679502995604,0.0,0.0,0.4498969825982872,25.266265683946642,-6.18866156071346e-05,0.0,0.000309433078035673,0.0,0.0,0.0,epa_us06,RuleBasedEMS
582,1.1379,-30.600454362978954,0.0,0.0,0.44989678960214147,25.266216388264013,-5.751965105823112e-05,0.0,0.0002875982552911556,0.0,0.0,0.0,epa_us06,RuleBasedEMS
583,1.0566,-28.303671763210055,0.0,0.0,0.44989661109181905,25.266167100929803,-5.320239053234973e-05,0.0,0.0002660119526617486,0.0,0.0,0.0,epa_us06,RuleBasedEMS
584,0.9754,-26.185951903066435,0.0,0.0,0.44989644593796263,25.266117821991248,-4.9221714103508336e-05,0.0,0.00024610857051754167,0.0,0.0,0.0,epa_us06,RuleBasedEMS
585,0.8941,-23.784631025830624,0.0,0.0,0.44989629592921904,25.26606855147163,-4.47079530560726e-05,0.0,0.000223539765280363,0.0,0.0,0.0,epa_us06,RuleBasedEMS
586,0.8128,-21.555816149035646,0.0,0.0,0.44989615997758536,25.266019289414132,-4.0518451407961745e-05,0.0,0.0002025922570398087,0.0,0.0,0.0,epa_us06,RuleBasedEMS
587,0.7315,-19.345889132960302,0.0,0.0,0.4498960379639232,25.265970035853535,-3.636445325744418e-05,0.0,0.0001818222662872209,0.0,0.0,0.0,epa_us06,RuleBasedEMS
588,0.6502,-17.152960726771905,0.0,0.0,0.44989592978100995,25.26592079082319,-3.22424073811502e-05,0.0,0.00016121203690575098,0.0,0.0,0.0,epa_us06,RuleBasedEMS
589,0.569,-15.066323027218033,0.0,0.0,0.4498958347584628,25.265871554357716,-2.832015606619931e-05,0.0,0.00014160078033099654,0.0,0.0,0.0,epa_us06,RuleBasedEMS
590,0.4877,-12.813197876772243,0.0,0.0,0.44989575394629744,25.26582232648301,-2.408495841498542e-05,0.0,0.0001204247920749271,0.0,0.0,0.0,epa_us06,RuleBasedEMS
591,0.4064,-10.65991701862944,0.0,0.0,0.44989568671478913,25.265773107230828,-2.0037438004942555e-05,0.0,0.00010018719002471277,0.0,0.0,0.0,epa_us06,RuleBasedEMS
592,0.3251,-8.5160800908465,0.0,0.0,0.4498956330043639,25.265723896629595,-1.600766934369643e-05,0.0,8.003834671848215e-05,0.0,0.0,0.0,epa_us06,RuleBasedEMS
593,0.2438,-6.379797842590967,0.0,0.0,0.4498955927673636,25.265674694706693,-1.1992101207877758e-05,0.0,5.9960506039388786e-05,0.0,0.0,0.0,epa_us06,RuleBasedEMS
594,0.1626,-4.277092334443073,0.0,0.0,0.4498955657920108,25.265625501488756,-8.039647245193746e-06,0.0,4.019823622596873e-05,0.0,0.0,0.0,epa_us06,RuleBasedEMS
595,0.0813,-2.1249548751387177,0.0,0.0,0.449895552390059,25.265576317000917,-3.994276081087816e-06,0.0,1.9971380405439078e-05,0.0,0.0,0.0,epa_us06,RuleBasedEMS
1,0.0,0.0,0.0,0.0,0.5,25.0,0.0,0.0,0.0,0.0,0.0,0.0,wltp_class3b,RuleBasedEMS
2,0.0,0.0,0.0,0.0,0.5,25.0,0.0,0.0,0.0,0.0,0.0,0.0,wltp_class3b,RuleBasedEMS
3,0.0,0.0,0.0,0.0,0.5,25.0,0.0,0.0,0.0,0.0,0.0,0.0,wltp_class3b,RuleBasedEMS
4,0.0,0.0,0.0,0.0,0.5,25.0,0.0,0.0,0.0,0.0,0.0,0.0,wltp_class3b,RuleBasedEMS
5,0.0,0.0,0.0,0.0,0.5,25.0,0.0,0.0,0.0,0.0,0.0,0.0,wltp_class3b,RuleBasedEMS
6,0.0,0.0,0.0,0.0,0.5,25.0,0.0,0.0,0.0,0.0,0.0,0.0,wltp_class3b,RuleBasedEMS
7,0.0,0.0,0.0,0.0,0.5,25.0,0.0,0.0,0.0,0.0,0.0,0.0,wltp_class3b,RuleBasedEMS
8,0.0,0.0,0.0,0.0,0.5,25.0,0.0,0.0,0.0,0.0,0.0,0.0,wltp_class3b,RuleBasedEMS
9,0.0,0.0,0.0,0.0,0.5,25.0,0.0,0.0,0.0,0.0,0.0,0.0,wltp_class3b,RuleBasedEMS
10,0.0,0.0,0.0,0.0,0.5,25.0,0.0,0.0,0.0,0.0,0.0,0.0,wltp_class3b,RuleBasedEMS
11,0.0,0.0,0.0,0.0,0.5,25.0,0.0,0.0,0.0,0.0,0.0,0.0,wltp_class3b,RuleBasedEMS
12,0.0,0.0,0.0,0.0,0.5,25.0,0.0,0.0,0.0,0.0,0.0,0.0,wltp_class3b,RuleBasedEMS
13,0.0,0.0,0.0,0.0,0.5,25.0,0.0,0.0,0.0,0.0,0.0,0.0,wltp_class3b,RuleBasedEMS
14,0.0,0.0,0.0,0.0,0.5,25.0,0.0,0.0,0.0,0.0,0.0,0.0,wltp_class3b,RuleBasedEMS
15,0.0,0.0,0.0,0.0,0.5,25.0,0.0,0.0,0.0,0.0,0.0,0.0,wltp_class3b,RuleBasedEMS
16,0.0,0.0,0.0,0.0,0.5,25.0,0.0,0.0,0.0,0.0,0.0,0.0,wltp_class3b,RuleBasedEMS
17,0.0,0.0,0.0,0.0,0.5,25.0,0.0,0.0,0.0,0.0,0.0,0.0,wltp_class3b,RuleBasedEMS
18,0.0,0.0,0.0,0.0,0.5,25.0,0.0,0.0,0.0,0.0,0.0,0.0,wltp_class3b,RuleBasedEMS
19,0.0,0.0,0.0,0.0,0.5,25.0,0.0,0.0,0.0,0.0,0.0,0.0,wltp_class3b,RuleBasedEMS
20,0.0,0.0,0.0,0.0,0.5,25.0,0.0,0.0,0.0,0.0,0.0,0.0,wltp_class3b,RuleBasedEMS
21,0.0,0.0,0.0,0.0,0.5,25.0,0.0,0.0,0.0,0.0,0.0,0.0,wltp_class3b,RuleBasedEMS
22,0.0,0.0,0.0,0.0,0.5,25.0,0.0,0.0,0.0,0.0,0.0,0.0,wltp_class3b,RuleBasedEMS
23,0.0,0.0,0.0,0.0,0.5,25.0,0.0,0.0,0.0,0.0,0.0,0.0,wltp_class3b,RuleBasedEMS
24,0.0,0.0,0.0,0.0,0.5,25.0,0.0,0.0,0.0,0.0,0.0,0.0,wltp_class3b,RuleBasedEMS
25,0.0,0.0,0.0,0.0,0.5,25.0,0.0,0.0,0.0,0.0,0.0,0.0,wltp_class3b,RuleBasedEMS
26,0.0,0.0,0.0,0.0,0.5,25.0,0.0,0.0,0.0,0.0,0.0,0.0,wltp_class3b,RuleBasedEMS
27,0.0,0.0,0.0,0.0,0.5,25.0,0.0,0.0,0.0,0.0,0.0,0.0,wltp_class3b,RuleBasedEMS
28,0.0,0.0,0.0,0.0,0.5,25.0,0.0,0.0,0.0,0.0,0.0,0.0,wltp_class3b,RuleBasedEMS
29,0.0,0.0,0.0,0.0,0.5,25.0,0.0,0.0,0.0,0.0,0.0,0.0,wltp_class3b,RuleBasedEMS
30,0.0,0.0,0.0,0.0,0.5,25.0,0.0,0.0,0.0,0.0,0.0,0.0,wltp_class3b,RuleBasedEMS
31,0.0,0.0,0.0,0.0,0.5,25.0,0.0,0.0,0.0,0.0,0.0,0.0,wltp_class3b,RuleBasedEMS
32,0.1389,-51.209370266885784,0.0,0.0,0.49999967791633476,25.000000002478725,-9.62582147873793e-05,0.0,0.0004812910739368965,0.0,0.0,0.0,wltp_class3b,RuleBasedEMS
33,0.2778,-102.42816213508624,0.0,0.0,0.4999990336896322,25.000000012396004,-0.00019253413935166588,0.0,0.0009626706967583293,0.0,0.0,0.0,wltp_class3b,RuleBasedEMS
34,0.4167,-153.6657972059161,0.0,0.0,0.4999980672010958,25.000000034722113,-0.0002888454834697671,0.0,0.0014442274173488356,0.0,0.0,0.0,wltp_class3b,RuleBasedEMS
35,0.5556,-204.93169708068996,0.0,0.0,0.49999677827251104,25.000000074446728,-0.0003852099569185902,0.0,0.0019260497845929507,0.0,0.0,0.0,wltp_class3b,RuleBasedEMS
36,0.6944,-256.0903141408573,0.0,0.0,0.4999951675780435,25.00000013651709,-0.0004813727709414611,0.0,0.0024068638547073053,0.0,0.0,0.0,wltp_class3b,RuleBasedEMS
37,0.8333,-307.54898890112617,0.0,0.0,0.49999323322972006,25.000000226105094,-0.0005780996031976056,0.0,0.0028904980159880278,0.0,0.0,0.0,wltp_class3b,RuleBasedEMS
38,0.9722,-358.95616870849483,0.0,0.0,0.4999909755505325,25.000000348254463,-0.0006747296404295016,0.0,0.003373648202147508,0.0,0.0,0.0,wltp_class3b,RuleBasedEMS
39,1.1111,-410.4292929420564,0.0,0.0,0.49998839412469287,25.0000005081111,-0.0007714836333497302,0.0,0.0038574181667486505,0.0,0.0,0.0,wltp_class3b,RuleBasedEMS
40,1.25,-461.97778320312506,0.0,0.0,0.4999854884770212,25.000000710877334,-0.0008683792917351975,0.0,0.004341896458675987,0.0,0.0,0.0,wltp_class3b,RuleBasedEMS
41,1.3889,-513.6110610930156,0.0,0.0,0.49998225807294955,25.00000096181813,-0.0009654343253628113,0.0,0.004827171626814056,0.0,0.0,0.0,wltp_class3b,RuleBasedEMS
42,1.3137,-48.125394294473914,0.0,0.0,0.49998195538337675,25.000000966353607,-9.046126747081564e-05,0.0,0.00045230633735407813,0.0,0.0,0.0,wltp_class3b,RuleBasedEMS
43,1.4153,-441.31624524438575,0.0,0.0,0.4999791796801453,25.00000115271917,-0.0008295418143691463,0.0,0.004147709071845731,0.0,0.0,0.0,wltp_class3b,RuleBasedEMS
44,1.5327,-515.904885033855,0.0,0.0,0.499975934839988,25.000001407282788,-0.0009697460244997274,0.0,0.004848730122498637,0.0,0.0,0.0,wltp_class3b,RuleBasedEMS
45,1.6672,-605.9453840433285,0.0,0.0,0.49997212367458765,25.000001758281286,-0.0011389950827882115,0.0,0.005694975413941057,0.0,0.0,0.0,wltp_class3b,RuleBasedEMS
46,1.8192,-711.2774868101525,0.0,0.0,0.49996765000255244,25.000002241721855,-0.0013369877571619408,0.0,0.006684938785809703,0.0,0.0,0.0,wltp_class3b,RuleBasedEMS
47,1.9877,-828.9229855796497,0.0,0.0,0.4999624363730747,25.000002898195678,-0.0015581259127437025,0.0,0.007790629563718512,0.0,0.0,0.0,wltp_class3b,RuleBasedEMS
48,2.171,-956.3148537943863,0.0,0.0,0.4999564214796848,25.000003772012757,-0.0017975843116435832,0.0,0.008987921558217916,0.0,0.0,0.0,wltp_class3b,RuleBasedEMS
49,2.3662,-1087.3284524900896,0.0,0.0,0.49994958253646204,25.00000490207711,-0.0020438504746054316,0.0,0.010219252373027158,0.0,0.0,0.0,wltp_class3b,RuleBasedEMS
50,2.5698,-1215.9797756196115,0.0,0.0,0.49994193439394047,25.00000631637945,-0.002285676269961676,0.0,0.011428381349808378,0.0,0.0,0.0,wltp_class3b,RuleBasedEMS
51,2.7778,-1335.2243242996801,0.0,0.0,0.4999335362099603,25.000008023535177,-0.0025098201584580456,0.0,0.012549100792290227,0.0,0.0,0.0,wltp_class3b,RuleBasedEMS
52,2.9857,-1436.7889131776128,0.0,0.0,0.4999244991787802,25.000010003400206,-0.002700731039807543,0.0,0.013503655199037715,0.0,0.0,0.0,wltp_class3b,RuleBasedEMS
53,3.1894,-1516.3274938989193,0.0,0.0,0.4999149618316471,25.00001221322987,-0.002850239650185939,0.0,0.014251198250929693,0.0,0.0,0.0,wltp_class3b,RuleBasedEMS
54,3.3846,-1566.9239243728834,0.0,0.0,0.49990510620307227,25.000014579781766,-0.0029453457225054203,0.0,0.0147267286125271,0.0,0.0,0.0,wltp_class3b,RuleBasedEMS
55,3.5679,-1588.4024292878712,0.0,0.0,0.49989511543636833,25.000017020815914,-0.002985718852044871,0.0,0.014928594260224354,0.0,0.0,0.0,wltp_class3b,RuleBasedEMS
56,3.7364,-1580.09176623433,0.0,0.0,0.49988517690020745,25.00001944827489,-0.002970097304951748,0.0,0.01485048652475874,0.0,0.0,0.0,wltp_class3b,RuleBasedEMS
57,3.8883,-1546.5632404202968,0.0,0.0,0.49987544921368665,25.000021788485302,-0.002907073760188528,0.0,0.014535368800942639,0.0,0.0,0.0,wltp_class3b,RuleBasedEMS
58,4.0229,-1494.3495153812366,0.0,0.0,0.49986604990873834,25.00002399058603,-0.0028089276604910465,0.0,0.014044638302455231,0.0,0.0,0.0,wltp_class3b,RuleBasedEMS
59,4.1402,-1428.8274380823134,0.0,0.0,0.4998570626989989,25.00002602337093,-0.00268576586105698,0.0,0.0134288293052849,0.0,0.0,0.0,wltp_class3b,RuleBasedEMS
60,4.2418,-1362.413200890655,0.0,0.0,0.49984849320184743,25.000027892084052,-0.0025609270693433364,0.0,0.012804635346716681,0.0,0.0,0.0,wltp_class3b,RuleBasedEMS
61,4.3299,-1301.69788552182,0.0,0.0,0.4998403055766195,25.00002961832068,-0.0024468005366951504,0.0,0.01223400268347575,0.0,0.0,0.0,wltp_class3b,RuleBasedEMS
62,4.4078,-1256.9378875977268,0.0,0.0,0.4998323994692692,25.000031245943134,-0.0023626652022513666,0.0,0.011813326011256831,0.0,0.0,0.0,wltp_class3b,RuleBasedEMS
63,4.4793,-1234.4008602179422,0.0,0.0,0.4998246351007478,25.000032829493552,-0.002320302368830719,0.0,0.011601511844153593,0.0,0.0,0.0,wltp_class3b,RuleBasedEMS
64,4.5485,-1238.86243584008,0.0,0.0,0.4998168426515114,25.00003443211285,-0.002328688789173083,0.0,0.011643443945865414,0.0,0.0,0.0,wltp_class3b,RuleBasedEMS
65,4.62,-1276.640678877669,0.0,0.0,0.4998088125593664,25.00003613322512,-0.002399700524206145,0.0,0.011998502621030723,0.0,0.0,0.0,wltp_class3b,RuleBasedEMS
66,4.6978,-1346.1730383698725,0.0,0.0,0.49980034508827287,25.00003801593901,-0.0025304004480636703,0.0,0.012652002240318351,0.0,0.0,0.0,wltp_class3b,RuleBasedEMS
67,4.786,-1451.2197360409273,0.0,0.0,0.49979121684778,25.000040186731404,-0.0027278566466934725,0.0,0.013639283233467362,0.0,0.0,0.0,wltp_class3b,RuleBasedEMS
68,4.8875,-1585.9256188970046,0.0,0.0,0.49978124127354534,25.00004275630043,-0.0029810631934154225,0.0,0.014905315967077112,0.0,0.0,0.0,wltp_class3b,RuleBasedEMS
69,5.0049,-1751.2140424559975,0.0,0.0,0.4997702259899087,25.000045861673204,-0.0032917557189022515,0.0,0.016458778594511256,0.0,0.0,0.0,wltp_class3b,RuleBasedEMS
70,5.1394,-1939.092500515258,0.0,0.0,0.4997580288907319,25.000049639886676,-0.0036449107152542446,0.0,0.018224553576271223,0.0,0.0,0.0,wltp_class3b,RuleBasedEMS
71,5.2914,-2145.4015239229548,0.0,0.0,0.49974453402935004,25.00005423580764,-0.004032709631434125,0.0,0.020163548157170627,0.0,0.0,0.0,wltp_class3b,RuleBasedEMS
72,5.4599,-2359.653175901899,0.0,0.0,0.4997296914256192,25.00005976963426,-0.00443543830056748,0.0,0.022177191502837396,0.0,0.0,0.0,wltp_class3b,RuleBasedEMS
73,5.6432,-2575.5203086993974,0.0,0.0,0.4997134908950997,25.00006634090813,-0.004841203587780823,0.0,0.02420601793890411,0.0,0.0,0.0,wltp_class3b,RuleBasedEMS
74,5.8384,-2780.3509148270837,0.0,0.0,0.49969600183501706,25.00007398495709,-0.00522622352411106,0.0,0.026131117620555297,0.0,0.0,0.0,wltp_class3b,RuleBasedEMS
75,6.042,-2964.821289094812,0.0,0.0,0.49967735229125443,25.000082672154342,-0.0055729723479225795,0.0,0.027864861739612896,0.0,0.0,0.0,wltp_class3b,RuleBasedEMS
76,6.25,-3119.028455946182,0.0,0.0,0.49965773260490004,25.00009229303533,-0.005862835443507862,0.0,0.029314177217539306,0.0,0.0,0.0,wltp_class3b,RuleBasedEMS
77,6.458,-3232.8321482642154,0.0,0.0,0.49963739690810366,25.000102649195252,-0.006076752158391383,0.0,0.030383760791956912,0.0,0.0,0.0,wltp_class3b,RuleBasedEMS
78,6.6616,-3299.5846350888005,0.0,0.0,0.49961664115795923,25.000113473805147,-0.006202226757685715,0.0,0.031011133788428576,0.0,0.0,0.0,wltp_class3b,RuleBasedEMS
79,6.8568,-3317.2765688836016,0.0,0.0,0.49959577396122495,25.000124468373464,-0.0062354822723375974,0.0,0.031177411361687984,0.0,0.0,0.0,wltp_class3b,RuleBasedEMS
80,7.0401,-3286.1440214681816,0.0,0.0,0.4995751024501272,25.00013532940105,-0.0061769624463687625,0.0,0.030884812231843813,0.0,0.0,0.0,wltp_class3b,RuleBasedEMS
81,7.2086,-3208.9789308817876,0.0,0.0,0.4995549162040826,25.00014577716325,-0.006031915283612383,0.0,0.030159576418061915,0.0,0.0,0.0,wltp_class3b,RuleBasedEMS
82,7.3328,-2766.7164301457215,0.0,0.0,0.4995375119181775,25.000153784587827,-0.005200594793506996,0.0,0.026002973967534974,0.0,0.0,0.0,wltp_class3b,RuleBasedEMS
83,7.4395,-2611.3264085005526,0.0,0.0,0.4995210850475373,25.000161044981287,-0.004908508286655174,0.0,0.02454254143327587,0.0,0.0,0.0,wltp_class3b,RuleBasedEMS
84,7.5291,-2448.4196590175416,0.0,0.0,0.49950568289714675,25.00016756319374,-0.004602292592138236,0.0,0.02301146296069118,0.0,0.0,0.0,wltp_class3b,RuleBasedEMS
85,7.6029,-2290.531668797966,0.0,0.0,0.49949127391396997,25.000173404657446,-0.004305510655635275,0.0,0.021527553278176372,0.0,0.0,0.0,wltp_class3b,RuleBasedEMS
86,7.6633,-2153.1316709297917,0.0,0.0,0.49947772922996037,25.000178693111604,-0.004047239982950737,0.0,0.020236199914753682,0.0,0.0,0.0,wltp_class3b,RuleBasedEMS
87,7.7134,-2047.104168071202,0.0,0.0,0.4994648515019467,25.000183579068448,-0.003847940165547372,0.0,0.01923970082773686,0.0,0.0,0.0,wltp_class3b,RuleBasedEMS
88,7.757,-1983.309370669809,0.0,0.0,0.4994523750642082,25.000188235998863,-0.0037280251328379865,0.0,0.018640125664189933,0.0,0.0,0.0,wltp_class3b,RuleBasedEMS
89,7.7985,-1971.3949061762296,0.0,0.0,0.4994399735564236,25.000192859634726,-0.00370562952288765,0.0,0.01852814761443825,0.0,0.0,0.0,wltp_class3b,RuleBasedEMS
90,7.8422,-2012.4204624316064,0.0,0.0,0.4994273139479897,25.000197648277943,-0.003782745230134599,0.0,0.018913726150672994,0.0,0.0,0.0,wltp_class3b,RuleBasedEMS
91,7.8923,-2107.4946013439394,0.0,0.0,0.4994140562306261,25.000202819038325,-0.003961456017563795,0.0,0.019807280087818978,0.0,0.0,0.0,wltp_class3b,RuleBasedEMS
92,7.9526,-2254.230150850088,0.0,0.0,0.49939987540862896,25.000208610091434,-0.004237274719643023,0.0,0.021186373598215114,0.0,0.0,0.0,wltp_class3b,RuleBasedEMS
93,8.0264,-2449.249944396634,0.0,0.0,0.4993844677258936,25.000215288970512,-0.004603853278941041,0.0,0.023019266394705206,0.0,0.0,0.0,wltp_class3b,RuleBasedEMS
94,8.116,-2682.9429214591173,0.0,0.0,0.4993675898809616,25.000223129690283,-0.005043125792216386,0.0,0.02521562896108193,0.0,0.0,0.0,wltp_class3b,RuleBasedEMS
95,8.2228,-2946.661576826316,0.0,0.0,0.4993490529651235,25.000232410892586,-0.005538837550425406,0.0,0.02769418775212703,0.0,0.0,0.0,wltp_class3b,RuleBasedEMS
96,8.3469,-3225.8147148411012,0.0,0.0,0.49932875985315855,25.000243368314894,-0.00606356149406222,0.0,0.0303178074703111,0.0,0.0,0.0,wltp_class3b,RuleBasedEMS
97,8.4877,-3512.5096769236047,0.0,0.0,0.4993066630653189,25.000256210580464,-0.00660246179872858,0.0,0.0330123089936429,0.0,0.0,0.0,wltp_class3b,RuleBasedEMS
98,8.6432,-3787.9934758470945,0.0,0.0,0.4992828330900529,25.00027102463635,-0.007120288488434389,0.0,0.03560144244217194,0.0,0.0,0.0,wltp_class3b,RuleBasedEMS
99,8.8106,-4039.536712465777,0.0,0.0,0.4992574204946001,25.000287782521642,-0.007593114121176273,0.0,0.03796557060588136,0.0,0.0,0.0,wltp_class3b,RuleBasedEMS
100,8.9865,-4255.490270600271,0.0,0.0,0.4992306491333232,25.000306327687817,-0.007999041862030586,0.0,0.03999520931015293,0.0,0.0,0.0,wltp_class3b,RuleBasedEMS
101,9.1667,-4419.708324937866,0.0,0.0,0.49920284444156343,25.000326323617053,-0.00830772241529674,0.0,0.0415386120764837,0.0,0.0,0.0,wltp_class3b,RuleBasedEMS
102,9.3469,-4524.86318251496,0.0,0.0,0.4991743779661304,25.000347320714983,-0.008505381922020602,0.0,0.042526909610103004,0.0,0.0,0.0,wltp_class3b,RuleBasedEMS
103,9.5227,-4563.3009993743535,0.0,0.0,0.49914566942071287,25.00036876527455,-0.008577633457470589,0.0,0.042888167287352945,0.0,0.0,0.0,wltp_class3b,RuleBasedEMS
104,9.6902,-4536.729046570791,0.0,0.0,0.4991171277958569,25.000390100197947,-0.008527686177764645,0.0,0.04263843088882322,0.0,0.0,0.0,wltp_class3b,RuleBasedEMS
105,9.8456,-4441.681919355792,0.0,0.0,0.4990891839007897,25.000410745329425,-0.008349026164202617,0.0,0.04174513082101308,0.0,0.0,0.0,wltp_class3b,RuleBasedEMS
106,9.9864,-4294.739033224989,0.0,0.0,0.49906216425440914,25.000430287650538,-0.008072817731625919,0.0,0.04036408865812959,0.0,0.0,0.0,wltp_class3b,RuleBasedEMS
107,10.1106,-4101.861733174137,0.0,0.0,0.49903635788082934,25.00044840016163,-0.007710266415740859,0.0,0.038551332078704294,0.0,0.0,0.0,wltp_class3b,RuleBasedEMS
108,10.2173,-3879.997754439284,0.0,0.0,0.49901194718571484,25.000464927060406,-0.007293228861727979,0.0,0.03646614430863989,0.0,0.0,0.0,wltp_class3b,RuleBasedEMS
109,10.3069,-3650.9659131260078,0.0,0.0,0.49898897730419056,25.000479897132866,-0.006862717881815804,0.0,0.03431358940907902,0.0,0.0,0.0,wltp_class3b,RuleBasedEMS
110,10.3807,-3431.259877311086,0.0,0.0,0.4989673895983999,25.000493454598917,-0.006449736611487004,0.0,0.032248683057435015,0.0,0.0,0.0,wltp_class3b,RuleBasedEMS
111,10.4411,-3241.2799837631533,0.0,0.0,0.49894699707585993,25.00050585725057,-0.00609263154842698,0.0,0.0304631577421349,0.0,0.0,0.0,wltp_class3b,RuleBasedEMS
112,10.4911,-3093.5129107928965,0.0,0.0,0.49892753417630376,25.000517405697085,-0.005814873892467851,0.0,0.029074369462339253,0.0,0.0,0.0,wltp_class3b,RuleBasedEMS
113,10.5348,-3008.8296056634636,0.0,0.0,0.4989086040217395,25.000528486355883,-0.005655694747487713,0.0,0.028278473737438567,0.0,0.0,0.0,wltp_class3b,RuleBasedEMS
114,10.5763,-2989.917409402307,0.0,0.0,0.49888979281866735,25.00053947469263,-0.005620145506395315,0.0,0.02810072753197657,0.0,0.0,0.0,wltp_class3b,RuleBasedEMS
115,10.62,-3044.3795051109896,0.0,0.0,0.49887063893072314,25.000550787134806,-0.005722517866749981,0.0,0.028612589333749903,0.0,0.0,0.0,wltp_class3b,RuleBasedEMS
116,10.6701,-3171.6370271956243,0.0,0.0,0.4988506843560011,25.00056286399679,-0.005961723735330122,0.0,0.029808618676650606,0.0,0.0,0.0,wltp_class3b,RuleBasedEMS
117,10.7304,-3367.93039067788,0.0,0.0,0.49882949473801325,25.000576178751558,-0.006330696223078722,0.0,0.03165348111539361,0.0,0.0,0.0,wltp_class3b,RuleBasedEMS
118,10.8042,-3628.0433208076993,0.0,0.0,0.49880666852920147,25.000591250214452,-0.006819630302270112,0.0,0.03409815151135056,0.0,0.0,0.0,wltp_class3b,RuleBasedEMS
119,10.8938,-3938.286397018596,0.0,0.0,0.498781890298949,25.000608593203424,-0.007402793979358263,0.0,0.037013969896791316,0.0,0.0,0.0,wltp_class3b,RuleBasedEMS
120,11.0005,-4284.531742382841,0.0,0.0,0.4987549334918051,25.000628699293685,-0.008053631094704588,0.0,0.04026815547352294,0.0,0.0,0.0,wltp_class3b,RuleBasedEMS
121,11.1247,-4653.657672667806,0.0,0.0,0.49872565409738073,25.000652017591225,-0.008747476828322944,0.0,0.04373738414161472,0.0,0.0,0.0,wltp_class3b,RuleBasedEMS
122,11.2655,-5024.267309258762,0.0,0.0,0.49869404271723533,25.00067884316994,-0.009444111483569101,0.0,0.047220557417845505,0.0,0.0,0.0,wltp_class3b,RuleBasedEMS
123,11.421,-5378.387018102334,0.0,0.0,0.4986602030320982,25.000709291669093,-0.010109750034026943,0.0,0.050548750170134715,0.0,0.0,0.0,wltp_class3b,RuleBasedEMS
124,11.5884,-5697.8881015561155,0.0,0.0,0.4986243527840902,25.000743249405396,-0.010710315980368638,0.0,0.05355157990184319,0.0,0.0,0.0,wltp_class3b,RuleBasedEMS
125,11.7643,-5968.242626626524,0.0,0.0,0.49858680112931364,25.00078037398047,-0.011218501177869405,0.0,0.05609250588934703,0.0,0.0,0.0,wltp_class3b,RuleBasedEMS
126,11.9444,-6167.532317356994,0.0,0.0,0.4985479951457245,25.000819988497852,-0.011593105859693599,0.0,0.05796552929846799,0.0,0.0,0.0,wltp_class3b,RuleBasedEMS
127,12.1246,-6293.279183163653,0.0,0.0,0.49850839752530507,25.00086130134758,-0.01182947214880386,0.0,0.0591473607440193,0.0,0.0,0.0,wltp_class3b,RuleBasedEMS
128,12.3005,-6333.269950179366,0.0,0.0,0.49846854783253924,25.00090331649689,-0.01190464276349505,0.0,0.059523213817475246,0.0,0.0,0.0,wltp_class3b,RuleBasedEMS
129,12.4679,-6284.898350263288,0.0,0.0,0.4984290020610713,25.000944980536836,-0.011813718703502422,0.0,0.059068593517512105,0.0,0.0,0.0,wltp_class3b,RuleBasedEMS
130,12.6234,-6158.470640036468,0.0,0.0,0.4983902513849379,25.000985376672688,-0.011576072631647496,0.0,0.057880363158237476,0.0,0.0,0.0,wltp_class3b,RuleBasedEMS
131,12.7642,-5962.022104003522,0.0,0.0,0.4983527364417582,25.00102372752608,-0.011206808466172035,0.0,0.05603404233086017,0.0,0.0,0.0,wltp_class3b,RuleBasedEMS
132,12.5272,1119.4367324438754,0.0,0.0,0.49835978035758294,25.001029822972423,0.06058425263256402,0.0,0.010521021921464995,0.044777469297755015,0.0,0.0,wltp_class3b,RuleBasedEMS
133,12.2729,1367.1668093695412,0.0,0.0,0.4983683829473965,25.00103607012217,0.07399147890106735,0.0,0.012849312118134785,0.05468667237478165,0.0,0.0,wltp_class3b,RuleBasedEMS
134,12.0013,1602.829736907277,0.0,0.0,0.49837846822961385,25.001042560503738,0.08674562741547803,0.0,0.015064189256647341,0.06411318947629108,0.0,0.0,wltp_class3b,RuleBasedEMS
135,11.714,1804.110437909691,0.0,0.0,0.49838981981738617,25.00104929495011,0.09763899948927784,0.0,0.016955925168324164,0.07216441751638764,0.0,0.0,wltp_class3b,RuleBasedEMS
136,11.4133,1962.5759080721214,0.0,0.0,0.49840216827487654,25.001056207122843,0.10621519839325662,0.0,0.018445262293910913,0.07850303632288486,0.0,0.0,wltp_class3b,RuleBasedEMS
137,11.1023,2069.9726441243797,0.0,0.0,0.4984151922513386,25.001063163220252,0.11202754204817507,0.0,0.019454630113950936,0.08279890576497519,0.0,0.0,wltp_class3b,RuleBasedEMS
138,10.7848,2120.908223843059,0.0,0.0,0.49842853648664714,25.001069979849913,0.11478419094152136,0.0,0.019933347968449804,0.08483632895372237,0.0,0.0,wltp_class3b,RuleBasedEMS
139,10.4652,2112.6563244607614,0.0,0.0,0.49844182858789926,25.001076449051748,0.11433759566517712,0.0,0.01985579252312746,0.08450625297843045,0.0,0.0,wltp_class3b,RuleBasedEMS
140,10.1477,2052.712610739542,0.0,0.0,0.49845474334209283,25.00108239659962,0.11109342385040016,0.0,0.019292411755070883,0.08210850442958167,0.0,0.0,wltp_class3b,RuleBasedEMS
141,9.8367,1943.9841550790427,0.0,0.0,0.4984669738425743,25.00108767716758,0.10520900712976654,0.0,0.018270527773299274,0.0777593662031617,0.0,0.0,wltp_class3b,RuleBasedEMS
142,9.536,1797.9871288072695,0.0,0.0,0.4984782856491632,25.001092214419536,0.09730760415905809,0.0,0.016898375270745013,0.07191948515229078,0.0,0.0,wltp_class3b,RuleBasedEMS
143,9.2487,1626.071128165279,0.0,0.0,0.4984885157338731,25.001095996483794,0.08800345850025322,0.0,0.015282623385012021,0.06504284512661117,0.0,0.0,wltp_class3b,RuleBasedEMS
144,8.9771,1439.2139847794242,0.0,0.0,0.4984975701364628,25.001099064601203,0.07789069370257365,0.0,0.013526447225370528,0.05756855939117697,0.0,0.0,wltp_class3b,RuleBasedEMS
145,8.7228,1245.9957561799101,0.0,0.0,0.49850540887506095,25.001101493583228,0.0674336650600225,0.0,0.011710486430262313,0.049839830247196404,0.0,0.0,wltp_class3b,RuleBasedEMS
146,8.4858,1062.3220842120536,0.0,0.0,0.49851209202896113,25.001103394324748,0.057493190692920006,0.0,0.00998423011477494,0.04249288336848214,0.0,0.0,wltp_class3b,RuleBasedEMS
147,8.2655,893.0138124628268,0.0,0.0,0.4985177099997708,25.001104872935752,0.048330176106070884,0.0,0.008392986959237094,0.035720552498513074,0.0,0.0,wltp_class3b,RuleBasedEMS
148,8.0598,750.4146664636357,0.0,0.0,0.49852243083722453,25.00110603636465,0.04061266743763345,0.0,0.007052769421650712,0.030016586658545428,0.0,0.0,wltp_class3b,RuleBasedEMS
149,7.8662,636.018999266837,0.0,0.0,0.4985264319849315,25.001106968971907,0.03442153952423077,0.0,0.005977622173560498,0.02544075997067348,0.0,0.0,wltp_class3b,RuleBasedEMS
150,7.6809,558.9704519249436,0.0,0.0,0.4985299484020379,25.001107744006653,0.03025164896959206,0.0,0.0052534816910239064,0.022358818076997744,0.0,0.0,wltp_class3b,RuleBasedEMS
151,7.5,517.5351562500023,0.0,0.0,0.4985332041339759,25.001108414384866,0.028009158305921177,0.0,0.004864052220394758,0.020701406250000092,0.0,0.0,wltp_class3b,RuleBasedEMS
152,7.3191,513.3300536209665,0.0,0.0,0.49853643339295456,25.00110902433655,0.027781576886945235,0.0,0.004824530579144422,0.02053320214483866,0.0,0.0,wltp_class3b,RuleBasedEMS
153,7.1338,543.5495669046318,0.0,0.0,0.4985398527372331,25.001109612692353,0.029417066034432626,0.0,0.005108548561133758,0.02174198267618527,0.0,0.0,wltp_class3b,RuleBasedEMS
154,6.9402,601.2925958481641,0.0,0.0,0.4985436353079792,25.001110215026866,0.032542136127181084,0.0,0.00565124620158049,0.024051703833926564,0.0,0.0,wltp_class3b,RuleBasedEMS
155,6.7345,682.7289018414117,0.0,0.0,0.49854793014819776,25.001110870117955,0.03694949349965775,0.0,0.006416625017306501,0.027309156073656467,0.0,0.0,wltp_class3b,RuleBasedEMS
156,6.5142,774.9369287624648,0.0,0.0,0.49855280501279203,25.001111608011755,0.041939819648362575,0.0,0.007283241811677301,0.030997477150498595,0.0,0.0,wltp_class3b,RuleBasedEMS
157,6.2772,872.1803259957047,0.0,0.0,0.4985582915699021,25.001112454757116,0.04720266155276002,0.0,0.008197183514997226,0.03488721303982819,0.0,0.0,wltp_class3b,RuleBasedEMS
158,6.0229,961.4945718054977,0.0,0.0,0.4985643399323562,25.001113415497677,0.05203637539741332,0.0,0.009036603118472722,0.038459782872219905,0.0,0.0,wltp_class3b,RuleBasedEMS
159,5.7513,1037.3329594024892,0.0,0.0,0.49857086532204126,25.001114480787724,0.05614077174270013,0.0,0.009749369919196327,0.04149331837609957,0.0,0.0,wltp_class3b,RuleBasedEMS
160,5.464,1089.020819867935,0.0,0.0,0.49857771581353577,25.001115613679744,0.05893813429631124,0.0,0.010235158081465554,0.0435608327947174,0.0,0.0,wltp_class3b,RuleBasedEMS
161,5.1633,1113.5407872059673,0.0,0.0,0.49858472050417374,25.001116764264186,0.06026516230307182,0.0,0.010465608902311723,0.04454163148823869,0.0,0.0,wltp_class3b,RuleBasedEMS
162,4.8523,1108.8217714640318,0.0,0.0,0.4985916954671167,25.001117874881935,0.060009767751865416,0.0,0.010421257250601803,0.04435287085856127,0.0,0.0,wltp_class3b,RuleBasedEMS
163,4.5348,1074.9837752243006,0.0,0.0,0.4985984575344316,25.001118889144664,0.05817844521853019,0.0,0.010103230970153202,0.04299935100897202,0.0,0.0,wltp_class3b,RuleBasedEMS
164,4.2152,1014.1092384669741,0.0,0.0,0.4986048366412022,25.0011197603273,0.05488389698109233,0.0,0.00953110186529111,0.040564369538678965,0.0,0.0,wltp_class3b,RuleBasedEMS
165,3.8977,932.7921835167067,0.0,0.0,0.49861070420405207,25.00112046255494,0.05048299351092673,0.0,0.008766843830044236,0.03731168734066827,0.0,0.0,wltp_class3b,RuleBasedEMS
166,3.5867,835.7750977753954,0.0,0.0,0.4986159614729713,25.001120986609983,0.04523239965253605,0.0,0.007855029114430407,0.03343100391101581,0.0,0.0,wltp_class3b,RuleBasedEMS
167,3.286,730.6635176405102,0.0,0.0,0.49862055753957546,25.00112134203301,0.039543729323130765,0.0,0.006867138323689006,0.029226540705620408,0.0,0.0,wltp_class3b,RuleBasedEMS
168,2.9987,624.0602967229802,0.0,0.0,0.4986244830287606,25.00112155053462,0.03377433094595497,0.0,0.005865228352659588,0.024962411868919208,0.0,0.0,wltp_class3b,RuleBasedEMS
169,2.7271,521.3734485278965,0.0,0.0,0.4986277625820832,25.00112163960811,0.028216887838374425,0.0,0.004900126395938877,0.02085493794111586,0.0,0.0,wltp_class3b,RuleBasedEMS
170,2.4728,426.22232335673436,0.0,0.0,0.4986304436062713,25.001121636967774,0.02306728032723138,0.0,0.004005848903728707,0.017048892934269373,0.0,0.0,wltp_class3b,RuleBasedEMS
171,2.2358,343.10375645704545,0.0,0.0,0.49863260179266156,25.001121568802514,0.018568878488554985,0.0,0.0032246593651977956,0.013724150258281819,0.0,0.0,wltp_class3b,RuleBasedEMS
172,2.0155,272.3951907344992,0.0,0.0,0.49863431520546325,25.001121455506865,0.014742109645916728,0.0,0.0025601051760761203,0.010895807629379967,0.0,0.0,wltp_class3b,RuleBasedEMS
173,1.8098,215.6017483701758,0.0,0.0,0.49863567137529874,25.00112131285711,0.011668431464425002,0.0,0.0020263322215242087,0.008624069934807032,0.0,0.0,wltp_class3b,RuleBasedEMS
174,1.6162,171.08766744018715,0.0,0.0,0.49863674754273746,25.00112115140705,0.009259316016800504,0.0,0.0016079667992498791,0.006843506697607486,0.0,0.0,wltp_class3b,RuleBasedEMS
175,1.4309,138.5113930907122,0.0,0.0,0.498637618799311,25.001120978363904,0.007496278251631176,0.0,0.0013017988072435357,0.005540455723628488,0.0,0.0,wltp_class3b,RuleBasedEMS
176,1.25,115.09599609375007,0.0,0.0,0.49863834276883073,25.00112079799368,0.006229029923930925,0.0,0.0010817292865953954,0.004603839843750003,0.0,0.0,wltp_class3b,RuleBasedEMS
177,1.0,169.70611,0.0,0.0,0.4986394102423049,25.001120630872233,0.00918454571263158,0.0,0.0015949822368421052,0.0067882444,0.0,0.0,wltp_class3b,RuleBasedEMS
178,0.75,127.41801515625002,0.0,0.0,0.49864021171720885,25.00112045030748,0.006895901301463816,0.0,0.0011975377364309213,0.005096720606250001,0.0,0.0,wltp_class3b,RuleBasedEMS
179,0.5,85.01126375000001,0.0,0.0,0.498640746447916,25.001120259983182,0.004600835161447369,0.0,0.000798978042763158,0.0034004505500000006,0.0,0.0,wltp_class3b,RuleBasedEMS
180,0.25,42.52540796875,0.0,0.0,0.49864101393744026,25.001120063568543,0.0023014878688651314,0.0,0.0003996748869243421,0.00170101631875,0.0,0.0,wltp_class3b,RuleBasedEMS
181,0.0,0.0,0.0,0.0,0.49864101393744026,25.001119864713548,0.0,0.0,0.0,0.0,0.0,0.0,wltp_class3b,RuleBasedEMS
182,0.1389,-51.209370266885784,0.0,0.0,0.4986406918252026,25.001119667813114,-9.62582147873793e-05,0.0,0.0004812910739368965,0.0,0.0,0.0,wltp_class3b,RuleBasedEMS
183,0.2778,-102.42816213508624,0.0,0.0,0.4986400475416556,25.00111947803889,-0.00019253413935166588,0.0,0.0009626706967583293,0.0,0.0,0.0,wltp_class3b,RuleBasedEMS
184,0.4167,-153.6657972059161,0.0,0.0,0.49863908096828286,25.001119300547533,-0.0002888454834697671,0.0,0.0014442274173488356,0.0,0.0,0.0,wltp_class3b,RuleBasedEMS
185,0.5556,-204.93169708068996,0.0,0.0,0.4986377919271303,25.001119140491923,-0.0003852099569185902,0.0,0.0019260497845929507,0.0,0.0,0.0,wltp_class3b,RuleBasedEMS
186,0.6944,-256.0903141408573,0.0,0.0,0.49863618109268426,25.001119002961435,-0.0004813727709414611,0.0,0.0024068638547073053,0.0,0.0,0.0,wltp_class3b,RuleBasedEMS
187,0.8333,-307.54898890112617,0.0,0.0,0.49863424657705646,25.001118893250563,-0.0005780996031976056,0.0,0.0028904980159880278,0.0,0.0,0.0,wltp_class3b,RuleBasedEMS
188,0.9722,-358.95616870849483,0.0,0.0,0.49863198870350345,25.001118816509035,-0.0006747296404295016,0.0,0.003373648202147508,0.0,0.0,0.0,wltp_class3b,RuleBasedEMS
189,1.1111,-410.42929294205646,0.0,0.0,0.4986294070564261,25.001118777972696,-0.0007714836333497302,0.0,0.003857418166748651,0.0,0.0,0.0,wltp_class3b,RuleBasedEMS
190,1.25,-461.9777832031251,0.0,0.0,0.49862650116081697,25.001118782919626,-0.0008683792917351977,0.0,0.004341896458675988,0.0,0.0,0.0,wltp_class3b,RuleBasedEMS
191,1.3889,-513.6110610930156,0.0,0.0,0.498623270482265,25.001118836677705,-0.0009654343253628113,0.0,0.004827171626814056,0.0,0.0,0.0,wltp_class3b,RuleBasedEMS
192,1.3137,-48.125394294473914,0.0,0.0,0.49862296776707915,25.00111864466765,-9.046126747081564e-05,0.0,0.00045230633735407813,0.0,0.0,0.0,wltp_class3b,RuleBasedEMS
193,1.4153,-441.3162452443858,0.0,0.0,0.4986201918299115,25.00111863398506,-0.0008295418143691463,0.0,0.004147709071845731,0.0,0.0,0.0,wltp_class3b,RuleBasedEMS
194,1.5327,-515.904885033855,0.0,0.0,0.4986169467173393,25.00111869193254,-0.0009697460244997274,0.0,0.004848730122498637,0.0,0.0,0.0,wltp_class3b,RuleBasedEMS
195,1.6672,-605.9453840433285,0.0,0.0,0.49861313523318285,25.00111884686064,-0.0011389950827882115,0.0,0.005694975413941057,0.0,0.0,0.0,wltp_class3b,RuleBasedEMS
196,1.8192,-711.2774868101525,0.0,0.0,0.4986086611883465,25.00111913490804,-0.0013369877571619408,0.0,0.006684938785809703,0.0,0.0,0.0,wltp_class3b,RuleBasedEMS
197,1.9877,-828.9229855796497,0.0,0.0,0.49860344712594323,25.001119596810362,-0.0015581259127437025,0.0,0.007790629563718512,0.0,0.0,0.0,wltp_class3b,RuleBasedEMS
198,2.171,-956.3148537943863,0.0,0.0,0.4985974317348077,25.00112027702532,-0.0017975843116435832,0.0,0.008987921558217916,0.0,0.0,0.0,wltp_class3b,RuleBasedEMS
199,2.3662,-1087.3284524900896,0.0,0.0,0.4985905922275316,25.00112121459933,-0.0020438504746054316,0.0,0.010219252373027158,0.0,0.0,0.0,wltp_class3b,RuleBasedEMS
200,2.5698,-1215.9797756196115,0.0,0.0,0.49858294345625287,25.001122437646732,-0.002285676269961676,0.0,0.011428381349808378,0.0,0.0,0.0,wltp_class3b,RuleBasedEMS
201,2.7778,-1335.2243242996801,0.0,0.0,0.49857454458401507,25.00112395487653,-0.0025098201584580456,0.0,0.012549100792290227,0.0,0.0,0.0,wltp_class3b,RuleBasedEMS
202,2.9857,-1436.7889131776128,0.0,0.0,0.4985655068144689,25.00112574619715,-0.002700731039807543,0.0,0.013503655199037715,0.0,0.0,0.0,wltp_class3b,RuleBasedEMS
203,3.1894,-1516.3274938989193,0.0,0.0,0.49855596869038354,25.001127768866894,-0.002850239650185939,0.0,0.014251198250929693,0.0,0.0,0.0,wltp_class3b,RuleBasedEMS
204,3.3846,-1566.9239243728834,0.0,0.0,0.4985461122612169,25.001129949594997,-0.0029453457225054203,0.0,0.0147267286125271,0.0,0.0,0.0,wltp_class3b,RuleBasedEMS
205,3.5679,-1588.4024292878714,0.0,0.0,0.49853612068518643,25.001132206041383,-0.0029857188520448713,0.0,0.014928594260224356,0.0,0.0,0.0,wltp_class3b,RuleBasedEMS
206,3.7364,-1580.0917662343302,0.0,0.0,0.49852618134608656,25.00113445000538,-0.002970097304951749,0.0,0.014850486524758743,0.0,0.0,0.0,wltp_class3b,RuleBasedEMS
207,3.8883,-1546.5632404202968,0.0,0.0,0.4985164528757019,25.001136607636937,-0.002907073760188528,0.0,0.014535368800942639,0.0,0.0,0.0,wltp_class3b,RuleBasedEMS
208,4.0229,-1494.3495153812364,0.0,0.0,0.498507052815257,25.001138627879715,-0.002808927660491046,0.0,0.01404463830245523,0.0,0.0,0.0,wltp_class3b,RuleBasedEMS
209,4.1402,-1428.8274380823134,0.0,0.0,0.4984980648849062,25.00114047932744,-0.00268576586105698,0.0,0.0134288293052849,0.0,0.0,0.0,wltp_class3b,RuleBasedEMS
210,4.2418,-1362.413200890655,0.0,0.0,0.4984894947022609,25.001142167032015,-0.0025609270693433364,0.0,0.012804635346716681,0.0,0.0,0.0,wltp_class3b,RuleBasedEMS
211,4.3299,-1301.69788552182,0.0,0.0,0.4984813064235865,25.001143712418962,-0.0024468005366951504,0.0,0.01223400268347575,0.0,0.0,0.0,wltp_class3b,RuleBasedEMS
212,4.4078,-1256.9378875977268,0.0,0.0,0.4984733996866583,25.001145159210978,-0.0023626652022513666,0.0,0.011813326011256831,0.0,0.0,0.0,wltp_class3b,RuleBasedEMS
213,4.4793,-1234.4008602179422,0.0,0.0,0.4984656347011761,25.00114656184863,-0.002320302368830719,0.0,0.011601511844153593,0.0,0.0,0.0,wltp_class3b,RuleBasedEMS
214,4.5485,-1238.86243584008,0.0,0.0,0.4984578416340381,25.001147983411727,-0.002328688789173083,0.0,0.011643443945865414,0.0,0.0,0.0,wltp_class3b,RuleBasedEMS
215,4.62,-1276.640678877669,0.0,0.0,0.4984498109064332,25.001149503304966,-0.002399700524206145,0.0,0.011998502621030723,0.0,0.0,0.0,wltp_class3b,RuleBasedEMS
216,4.6978,-1346.1730383698725,0.0,0.0,0.4984413427665781,25.0011512046585,-0.0025304004480636703,0.0,0.012652002240318351,0.0,0.0,0.0,wltp_class3b,RuleBasedEMS
217,4.786,-1451.2197360409273,0.0,0.0,0.498432213806501,25.001153194006644,-0.0027278566466934725,0.0,0.013639283233467362,0.0,0.0,0.0,wltp_class3b,RuleBasedEMS
218,4.8875,-1585.9256188970046,0.0,0.0,0.4984222374473277,25.001155582136313,-0.0029810631934154225,0.0,0.014905315967077112,0.0,0.0,0.0,wltp_class3b,RuleBasedEMS
219,5.0049,-1751.2140424559975,0.0,0.0,0.4984112212984796,25.00115850618685,-0.0032917557189022515,0.0,0.016458778594511256,0.0,0.0,0.0,wltp_class3b,RuleBasedEMS
220,5.1394,-1939.092500515258,0.0,0.0,0.49839902324290875,25.001162103323686,-0.0036449107152542446,0.0,0.018224553576271223,0.0,0.0,0.0,wltp_class3b,RuleBasedEMS
221,5.2914,-2145.4015239229548,0.0,0.0,0.4983855273251311,25.001166518548427,-0.004032709631434125,0.0,0.020163548157170627,0.0,0.0,0.0,wltp_class3b,RuleBasedEMS
222,5.4599,-2359.653175901899,0.0,0.0,0.49837068356136854,25.00117187218957,-0.00443543830056748,0.0,0.022177191502837396,0.0,0.0,0.0,wltp_class3b,RuleBasedEMS
223,5.6432,-2575.5203086993974,0.0,0.0,0.4983544817666561,25.001178263904897,-0.004841203587780823,0.0,0.02420601793890411,0.0,0.0,0.0,wltp_class3b,RuleBasedEMS
224,5.8384,-2780.3509148270837,0.0,0.0,0.49833699134388315,25.001185729112755,-0.00522622352411106,0.0,0.026131117620555297,0.0,0.0,0.0,wltp_class3b,RuleBasedEMS
225,6.042,-2964.821289094812,0.0,0.0,0.49831834034912215,25.001194238242206,-0.0055729723479225795,0.0,0.027864861739612896,0.0,0.0,0.0,wltp_class3b,RuleBasedEMS
226,6.25,-3119.0284559461825,0.0,0.0,0.4982987191384357,25.00120368184332,-0.005862835443507863,0.0,0.02931417721753931,0.0,0.0,0.0,wltp_class3b,RuleBasedEMS
227,6.458,-3232.8321482642154,0.0,0.0,0.49827838186382684,25.001213861479755,-0.006076752158391383,0.0,0.030383760791956912,0.0,0.0,0.0,wltp_class3b,RuleBasedEMS
228,6.6616,-3299.5846350888,0.0,0.0,0.49825762450539784,25.00122451024543,-0.0062022267576857144,0.0,0.031011133788428572,0.0,0.0,0.0,wltp_class3b,RuleBasedEMS
229,6.8568,-3317.276568883601,0.0,0.0,0.4982367556938021,25.001235329532687,-0.006235482272337597,0.0,0.03117741136168798,0.0,0.0,0.0,wltp_class3b,RuleBasedEMS
230,7.0401,-3286.1440214681816,0.0,0.0,0.49821608258495764,25.001246015695838,-0.0061769624463687625,0.0,0.030884812231843813,0.0,0.0,0.0,wltp_class3b,RuleBasedEMS
231,7.2086,-3208.9789308817876,0.0,0.0,0.49819589478053455,25.00125628884326,-0.006031915283612383,0.0,0.030159576418061915,0.0,0.0,0.0,wltp_class3b,RuleBasedEMS
232,7.3606,-3097.2723824722643,0.0,0.0,0.4981764095993983,25.001265954518978,-0.0058219405685568885,0.0,0.02910970284278444,0.0,0.0,0.0,wltp_class3b,RuleBasedEMS
233,7.4951,-2958.610711836306,0.0,0.0,0.4981577966391279,25.001274880925028,-0.005561298330519372,0.0,0.02780649165259686,0.0,0.0,0.0,wltp_class3b,RuleBasedEMS
234,7.6125,-2810.372086371012,0.0,0.0,0.4981401161715435,25.00128304816094,-0.005282654297689872,0.0,0.02641327148844936,0.0,0.0,0.0,wltp_class3b,RuleBasedEMS
235,7.714,-2664.082400995883,0.0,0.0,0.4981233559563943,25.001290501611326,-0.005007673686082487,0.0,0.025038368430412433,0.0,0.0,0.0,wltp_class3b,RuleBasedEMS
236,7.8022,-2539.3806134225315,0.0,0.0,0.4981073801983544,25.00129737880853,-0.004773271829741601,0.0,0.023866359148708004,0.0,0.0,0.0,wltp_class3b,RuleBasedEMS
237,7.88,-2442.854792441776,0.0,0.0,0.49809201165051814,25.001303833084826,-0.00459183231661988,0.0,0.0229591615830994,0.0,0.0,0.0,wltp_class3b,RuleBasedEMS
238,7.9515,-2392.3696355098773,0.0,0.0,0.4980769606702878,25.001310083916362,-0.004496935405093754,0.0,0.02248467702546877,0.0,0.0,0.0,wltp_class3b,RuleBasedEMS
239,8.0207,-2389.6881460743857,0.0,0.0,0.49806192651790415,25.001316347391857,-0.0044918950114180185,0.0,0.022459475057090093,0.0,0.0,0.0,wltp_class3b,RuleBasedEMS
240,8.0922,-2445.4057287071846,0.0,0.0,0.4980465417897702,25.001322889732243,-0.004596627309599971,0.0,0.022983136547999855,0.0,0.0,0.0,wltp_class3b,RuleBasedEMS
241,8.1701,-2556.3492021680536,0.0,0.0,0.49803045903948384,25.00132998269571,-0.004805167673248221,0.0,0.024025838366241104,0.0,0.0,0.0,wltp_class3b,RuleBasedEMS
242,8.2119,-2111.5792174639023,0.0,0.0,0.49801717442683047,25.001335142026754,-0.00396913386741335,0.0,0.01984566933706675,0.0,0.0,0.0,wltp_class3b,RuleBasedEMS
243,8.2672,-2303.82458902879,0.0,0.0,0.49800268031528466,25.001341114484052,-0.0043304973477984775,0.0,0.021652486738992387,0.0,0.0,0.0,wltp_class3b,RuleBasedEMS
244,8.3383,-2534.343483253878,0.0,0.0,0.4979867358993036,25.0013481599289,-0.004763803539950899,0.0,0.023819017699754492,0.0,0.0,0.0,wltp_class3b,RuleBasedEMS
245,8.4265,-2792.5968734233097,0.0,0.0,0.497969166671761,25.001356534075754,-0.005249242243276898,0.0,0.02624621121638449,0.0,0.0,0.0,wltp_class3b,RuleBasedEMS
246,8.5321,-3067.482071474934,0.0,0.0,0.49794986797013363,25.0013664699581,-0.005765943743373936,0.0,0.02882971871686968,0.0,0.0,0.0,wltp_class3b,RuleBasedEMS
247,8.6544,-3346.9327832542895,0.0,0.0,0.4979288110397339,25.001378150885422,-0.006291227036192274,0.0,0.03145613518096137,0.0,0.0,0.0,wltp_class3b,RuleBasedEMS
248,8.7913,-3611.8395937663363,0.0,0.0,0.497906087346999,25.001391636966474,-0.006789172168733715,0.0,0.033945860843668574,0.0,0.0,0.0,wltp_class3b,RuleBasedEMS
249,8.9403,-3855.1719778735865,0.0,0.0,0.49788183258989593,25.00140691482205,-0.007246563868183434,0.0,0.03623281934091717,0.0,0.0,0.0,wltp_class3b,RuleBasedEMS
250,9.0976,-4055.5873277875544,0.0,0.0,0.49785631674551506,25.00142377651757,-0.007623284450728487,0.0,0.03811642225364243,0.0,0.0,0.0,wltp_class3b,RuleBasedEMS
251,9.2593,-4207.150530269331,0.0,0.0,0.49782984713969297,25.001441916361838,-0.007908177688476186,0.0,0.039540888442380934,0.0,0.0,0.0,wltp_class3b,RuleBasedEMS
252,9.4209,-4295.775396160266,0.0,0.0,0.4978028197336909,25.001460869861663,-0.008074765782256138,0.0,0.04037382891128069,0.0,0.0,0.0,wltp_class3b,RuleBasedEMS
253,9.5783,-4321.752969794014,0.0,0.0,0.49777562867249847,25.00148014016799,-0.008123595807883485,0.0,0.04061797903941742,0.0,0.0,0.0,wltp_class3b,RuleBasedEMS
254,9.7272,-4276.706215126472,0.0,0.0,0.4977487208222832,25.001499150007934,-0.008038921457004645,0.0,0.04019460728502323,0.0,0.0,0.0,wltp_class3b,RuleBasedEMS
255,9.8642,-4169.856646575481,0.0,0.0,0.4977224850462016,25.001517408847317,-0.007838076403337372,0.0,0.039190382016686856,0.0,0.0,0.0,wltp_class3b,RuleBasedEMS
256,9.9864,-4005.799193224972,0.0,0.0,0.4976972813099709,25.00153449462752,-0.007529697731625887,0.0,0.037648488658129434,0.0,0.0,0.0,wltp_class3b,RuleBasedEMS
257,10.092,-3800.098426152069,0.0,0.0,0.49767337165927017,25.001550146546894,-0.007143042154421183,0.0,0.03571521077210591,0.0,0.0,0.0,wltp_class3b,RuleBasedEMS
258,10.1803,-3570.062247816686,0.0,0.0,0.4976509092450598,25.001564266242518,-0.006710643322963696,0.0,0.03355321661481848,0.0,0.0,0.0,wltp_class3b,RuleBasedEMS
259,10.2513,-3327.8006723575418,0.0,0.0,0.4976299710229968,25.001576861546873,-0.006255264421724704,0.0,0.031276322108623515,0.0,0.0,0.0,wltp_class3b,RuleBasedEMS
260,10.3066,-3100.907929662345,0.0,0.0,0.4976104603247648,25.00158811746401,-0.005828774303876589,0.0,0.02914387151938294,0.0,0.0,0.0,wltp_class3b,RuleBasedEMS
261,10.3485,-2903.0533904927142,0.0,0.0,0.4975921944686062,25.00159827515845,-0.005456867275362245,0.0,0.027284336376811224,0.0,0.0,0.0,wltp_class3b,RuleBasedEMS
262,10.38,-2747.9361075390193,0.0,0.0,0.4975749045721598,25.001607616254944,-0.00516529343522372,0.0,0.0258264671761186,0.0,0.0,0.0,wltp_class3b,RuleBasedEMS
263,10.4052,-2655.8299742436316,0.0,0.0,0.4975581941840705,25.001616489167677,-0.004992161605721112,0.0,0.02496080802860556,0.0,0.0,0.0,wltp_class3b,RuleBasedEMS
264,10.4281,-2627.2807412505476,0.0,0.0,0.4975416634128704,25.00162521624954,-0.004938497633929601,0.0,0.024692488169648003,0.0,0.0,0.0,wltp_class3b,RuleBasedEMS
265,10.4533,-2674.252423067037,0.0,0.0,0.4975248370847697,25.001634174040245,-0.005026790268923002,0.0,0.02513395134461501,0.0,0.0,0.0,wltp_class3b,RuleBasedEMS
266,10.4849,-2790.7845802362067,0.0,0.0,0.497507277523304,25.00164373239184,-0.005245835677135727,0.0,0.026229178385678634,0.0,0.0,0.0,wltp_class3b,RuleBasedEMS
267,10.5267,-2974.351644436365,0.0,0.0,0.4974885629368561,25.0016542971053,-0.005590886549692416,0.0,0.02795443274846208,0.0,0.0,0.0,wltp_class3b,RuleBasedEMS
268,10.582,-3219.4368726874936,0.0,0.0,0.4974683062376098,25.001666314096862,-0.006051573068961455,0.0,0.03025786534480727,0.0,0.0,0.0,wltp_class3b,RuleBasedEMS
269,10.6531,-3512.322334934708,0.0,0.0,0.49744620664173445,25.00168022706389,-0.006602109652132911,0.0,0.03301054826066455,0.0,0.0,0.0,wltp_class3b,RuleBasedEMS
270,10.7413,-3838.997019781837,0.0,0.0,0.49742205151280044,25.001696459975694,-0.007216159811619995,0.0,0.03608079905809997,0.0,0.0,0.0,wltp_class3b,RuleBasedEMS
271,10.8469,-4184.817918346944,0.0,0.0,0.49739572033858176,25.001715385355595,-0.007866199094637113,0.0,0.03933099547318556,0.0,0.0,0.0,wltp_class3b,RuleBasedEMS
272,10.9692,-4534.106899492026,0.0,0.0,0.4973671912457548,25.001737279907367,-0.00852275732987223,0.0,0.04261378664936115,0.0,0.0,0.0,wltp_class3b,RuleBasedEMS
273,11.1061,-4862.593248570783,0.0,0.0,0.4973365950690959,25.001762203895435,-0.009140212873253352,0.0,0.04570106436626675,0.0,0.0,0.0,wltp_class3b,RuleBasedEMS
274,11.2551,-5161.6494495776415,0.0,0.0,0.4973041169289368,25.00179009357014,-0.009702348589431658,0.0,0.048511742947158286,0.0,0.0,0.0,wltp_class3b,RuleBasedEMS
275,11.4124,-5404.978673582549,0.0,0.0,0.49727010741541877,25.001820564220576,-0.010159734348839378,0.0,0.05079867174419689,0.0,0.0,0.0,wltp_class3b,RuleBasedEMS
276,11.5741,-5585.986923347061,0.0,0.0,0.4972349586232181,25.00185308111976,-0.010499975419825303,0.0,0.05249987709912651,0.0,0.0,0.0,wltp_class3b,RuleBasedEMS
277,11.7357,-5688.057417725803,0.0,0.0,0.49719916722335294,25.001886862395008,-0.010691837251364293,0.0,0.05345918625682146,0.0,0.0,0.0,wltp_class3b,RuleBasedEMS
278,11.8931,-5712.56284152794,0.0,0.0,0.49716322127329665,25.001921089711388,-0.01073790007806004,0.0,0.05368950039030019,0.0,0.0,0.0,wltp_class3b,RuleBasedEMS
279,12.042,-5650.008882110469,0.0,0.0,0.49712766859747526,25.00195482648658,-0.01062031744757607,0.0,0.053101587237880346,0.0,0.0,0.0,wltp_class3b,RuleBasedEMS
280,12.179,-5512.521857766414,0.0,0.0,0.49709298074066166,25.001987286417446,-0.010361883191290252,0.0,0.051809415956451256,0.0,0.0,0.0,wltp_class3b,RuleBasedEMS
281,12.3012,-5306.194255701983,0.0,0.0,0.4970595909299086,25.002017796466962,-0.009974049352823276,0.0,0.04987024676411638,0.0,0.0,0.0,wltp_class3b,RuleBasedEMS
282,12.4069,-5052.331275134843,0.0,0.0,0.4970277983410038,25.00204596145754,-0.009496863299125646,0.0,0.047484316495628225,0.0,0.0,0.0,wltp_class3b,RuleBasedEMS
283,12.4951,-4764.184504258099,0.0,0.0,0.4969978187678373,25.002071569719526,-0.008955234030560337,0.0,0.044776170152801685,0.0,0.0,0.0,wltp_class3b,RuleBasedEMS
284,12.5662,-4470.153196591128,0.0,0.0,0.49696968929619195,25.002094702074075,-0.008402543602614903,0.0,0.04201271801307451,0.0,0.0,0.0,wltp_class3b,RuleBasedEMS
285,12.6214,-4187.9026398973265,0.0,0.0,0.49694333584225836,25.002115588419596,-0.007871997443416028,0.0,0.03935998721708014,0.0,0.0,0.0,wltp_class3b,RuleBasedEMS
286,12.6633,-3947.6769973372025,0.0,0.0,0.4969184939935945,25.00213466614485,-0.007420445483716547,0.0,0.03710222741858273,0.0,0.0,0.0,wltp_class3b,RuleBasedEMS
287,12.6948,-3758.0650284688045,0.0,0.0,0.4968948452790089,25.002152380389692,-0.0070640320084000095,0.0,0.035320160042000046,0.0,0.0,0.0,wltp_class3b,RuleBasedEMS
288,12.72,-3645.6425765759977,0.0,0.0,0.49687190398096737,25.002169309339372,-0.00685271161010526,0.0,0.0342635580505263,0.0,0.0,0.0,wltp_class3b,RuleBasedEMS
289,12.743,-3612.9981257927006,0.0,0.0,0.4968491680829017,25.002186006661155,-0.0067913498605125956,0.0,0.033956749302562976,0.0,0.0,0.0,wltp_class3b,RuleBasedEMS
290,12.7681,-3666.6144731396303,0.0,0.0,0.4968260947646525,25.002203063255855,-0.0068921324683075755,0.0,0.03446066234153788,0.0,0.0,0.0,wltp_class3b,RuleBasedEMS
291,12.7997,-3811.167874064151,0.0,0.0,0.4968021117704608,25.002221137363406,-0.00716384938733863,0.0,0.035819246936693146,0.0,0.0,0.0,wltp_class3b,RuleBasedEMS
292,12.8415,-4035.430676176559,0.0,0.0,0.49677671748781654,25.002240883509508,-0.007585396007850674,0.0,0.03792698003925337,0.0,0.0,0.0,wltp_class3b,RuleBasedEMS
293,12.8968,-4334.397526837627,0.0,0.0,0.49674944179028896,25.002263022998,-0.00814736377225118,0.0,0.040736818861255894,0.0,0.0,0.0,wltp_class3b,RuleBasedEMS
294,12.9679,-4690.988970180296,0.0,0.0,0.4967199220154015,25.002288257925617,-0.008817648440188527,0.0,0.04408824220094263,0.0,0.0,0.0,wltp_class3b,RuleBasedEMS
295,13.0561,-5087.746500099882,0.0,0.0,0.4966879053492682,25.00231724318318,-0.00956343327086444,0.0,0.0478171663543222,0.0,0.0,0.0,wltp_class3b,RuleBasedEMS
296,13.1617,-5506.492438426617,0.0,0.0,0.4966532533529944,25.00235053763318,-0.010350549696290633,0.0,0.05175274848145316,0.0,0.0,0.0,wltp_class3b,RuleBasedEMS
297,13.284,-5927.923630131067,0.0,0.0,0.4966159490480515,25.002388537462792,-0.01114271359047193,0.0,0.05571356795235965,0.0,0.0,0.0,wltp_class3b,RuleBasedEMS
298,13.421,-6324.724430036946,0.0,0.0,0.4965761473445247,25.002431318182147,-0.011888579755708546,0.0,0.059442898778542724,0.0,0.0,0.0,wltp_class3b,RuleBasedEMS
299,13.5699,-6678.0445723027515,0.0,0.0,0.4965341217785292,25.002478659576855,-0.012552715361471338,0.0,0.06276357680735668,0.0,0.0,0.0,wltp_class3b,RuleBasedEMS
300,13.7272,-6969.361830320316,0.0,0.0,0.49649026245787864,25.002530006260304,-0.013100304192331422,0.0,0.06550152096165711,0.0,0.0,0.0,wltp_class3b,RuleBasedEMS
301,13.8889,-7182.861303091285,0.0,0.0,0.4964450590354002,25.002584479893343,-0.013501618990773094,0.0,0.06750809495386546,0.0,0.0,0.0,wltp_class3b,RuleBasedEMS
302,13.7265,-142.5109003774225,0.0,0.0,0.49644416217042797,25.002590432853072,-0.0002678776322883882,0.0,0.0013393881614419407,0.0,0.0,0.0,wltp_class3b,RuleBasedEMS
303,13.5597,-11.808250895909326,0.0,0.0,0.4964440878584317,25.002595958983296,-2.219596033065663e-05,0.0,0.00011097980165328314,0.0,0.0,0.0,wltp_class3b,RuleBasedEMS
304,13.3846,142.6725278125314,0.0,0.0,0.4964449857173063,25.002601110612975,0.0077214801142451205,0.0,0.0013409072162831898,0.005706901112501256,0.0,0.0,wltp_class3b,RuleBasedEMS
305,13.1975,345.7445219208307,0.0,0.0,0.4964471615091981,25.00260597433214,0.01871179750967022,0.0,0.003249478589481492,0.01382978087683323,0.0,0.0,wltp_class3b,RuleBasedEMS
306,12.9957,583.3997089934516,0.0,0.0,0.4964508328310483,25.00261067307259,0.03157376770928469,0.0,0.005483079971742966,0.02333598835973806,0.0,0.0,wltp_class3b,RuleBasedEMS
307,12.7772,842.9319677127837,0.0,0.0,0.49645613731100585,25.00261535390125,0.0456197316059896,0.0,0.007922292929631427,0.03371727870851135,0.0,0.0,wltp_class3b,RuleBasedEMS
308,12.5414,1101.966518254154,0.0,0.0,0.49646307176911797,25.002620148426967,0.05963875938641654,0.0,0.010356828179080395,0.044078660730166155,0.0,0.0,wltp_class3b,RuleBasedEMS
309,12.2884,1349.027871719179,0.0,0.0,0.496471560811545,25.00262515959205,0.07300979414011015,0.0,0.012678833380819352,0.05396111486876716,0.0,0.0,wltp_class3b,RuleBasedEMS
310,12.0196,1565.3512215779015,0.0,0.0,0.4964814109665128,25.00263041991556,0.0847172788941183,0.0,0.01471194757122088,0.06261404886311606,0.0,0.0,wltp_class3b,RuleBasedEMS
311,11.7373,1739.2642988190266,0.0,0.0,0.49649235532268166,25.00263588899267,0.09412950693909287,0.0,0.01634646897386303,0.06957057195276106,0.0,0.0,wltp_class3b,RuleBasedEMS
312,11.4448,1859.4068254526069,0.0,0.0,0.49650405549818877,25.00264144805608,0.10063165661359295,0.0,0.017475628058765104,0.07437627301810427,0.0,0.0,wltp_class3b,RuleBasedEMS
313,11.1459,1922.4910516590762,0.0,0.0,0.4965161524412166,25.002646933283945,0.10404579390858668,0.0,0.01806852492160786,0.07689964206636304,0.0,0.0,wltp_class3b,RuleBasedEMS
314,10.8448,1927.572636535933,0.0,0.0,0.4965282811768701,25.002652159877435,0.10432081081041837,0.0,0.018116284177969295,0.07710290546143732,0.0,0.0,wltp_class3b,RuleBasedEMS
315,10.5459,1876.9073844336617,0.0,0.0,0.49654009094284496,25.002656951446667,0.10157879212897367,0.0,0.01764010699655697,0.07507629537734647,0.0,0.0,wltp_class3b,RuleBasedEMS
316,10.2534,1777.670626288059,0.0,0.0,0.4965512761412825,25.002661172864222,0.0962080689324921,0.0,0.016707430698196045,0.07110682505152237,0.0,0.0,wltp_class3b,RuleBasedEMS
317,9.9712,1637.726312104801,0.0,0.0,0.49656158066716055,25.00266474078256,0.08863424056037864,0.0,0.015392164587451138,0.06550905248419205,0.0,0.0,wltp_class3b,RuleBasedEMS
318,9.7024,1469.610150371921,0.0,0.0,0.4965708272978863,25.002667638168553,0.07953574332614351,0.0,0.01381212547342031,0.05878440601487684,0.0,0.0,wltp_class3b,RuleBasedEMS
319,9.4494,1283.3887095901382,0.0,0.0,0.49657890215212624,25.00266989767072,0.06945738294458507,0.0,0.012061923962313328,0.05133554838360553,0.0,0.0,wltp_class3b,RuleBasedEMS
320,9.2135,1092.0057273243126,0.0,0.0,0.49658577278806054,25.002671595650614,0.05909967838556693,0.0,0.010263211722972863,0.043680229092972506,0.0,0.0,wltp_class3b,RuleBasedEMS
321,8.9951,904.9080545739947,0.0,0.0,0.49659146619790945,25.002672827767448,0.04897389606634296,0.0,0.00850477494900371,0.03619632218295979,0.0,0.0,wltp_class3b,RuleBasedEMS
322,8.7932,735.4220139329865,0.0,0.0,0.4965960932139536,25.00267370101265,0.039801260573606285,0.0,0.00691186103320476,0.02941688055731946,0.0,0.0,wltp_class3b,RuleBasedEMS
323,8.6061,588.9389624277339,0.0,0.0,0.49659979858260983,25.002674308783813,0.031873553771088935,0.0,0.005535140624320808,0.023557558497109356,0.0,0.0,wltp_class3b,RuleBasedEMS
324,8.431,474.2548439457715,0.0,0.0,0.4966027823845668,25.002674730751224,0.025666814787380927,0.0,0.004457282367911386,0.01897019375783086,0.0,0.0,wltp_class3b,RuleBasedEMS
325,8.2643,396.83086539540113,0.0,0.0,0.4966052790538207,25.00267502762747,0.0214766057828278,0.0,0.003729613396573319,0.015873234615816044,0.0,0.0,wltp_class3b,RuleBasedEMS
326,8.1019,359.09897274111876,0.0,0.0,0.4966075383193927,25.002675243267458,0.019434544404440396,0.0,0.0033749903453112666,0.01436395890964475,0.0,0.0,wltp_class3b,RuleBasedEMS
327,7.9395,360.6270583165505,0.0,0.0,0.496609807186819,25.002675410867024,0.01951724485535737,0.0,0.0033893520518472795,0.01442508233266202,0.0,0.0,wltp_class3b,RuleBasedEMS
328,7.7727,399.9487282370691,0.0,0.0,0.4966123234316347,25.00267556129837,0.021645345457521975,0.0,0.003758916618769446,0.015997949129482762,0.0,0.0,wltp_class3b,RuleBasedEMS
329,7.5976,470.19283619794635,0.0,0.0,0.49661528159637736,25.00267572645756,0.02544697770641216,0.0,0.004419105603364158,0.018807713447917852,0.0,0.0,wltp_class3b,RuleBasedEMS
330,7.4105,566.9899186181405,0.0,0.0,0.496618848730405,25.00267594501211,0.030685664918897553,0.0,0.005328852618591545,0.022679596744725618,0.0,0.0,wltp_class3b,RuleBasedEMS
331,7.2086,680.0084625651128,0.0,0.0,0.49662312688108323,25.00267625625922,0.03680226250784724,0.0,0.006391056978995421,0.027200338502604515,0.0,0.0,wltp_class3b,RuleBasedEMS
332,6.9902,797.7302414464511,0.0,0.0,0.4966281456290694,25.002676692216802,0.04317340058595154,0.0,0.007497464675248601,0.03190920965785805,0.0,0.0,wltp_class3b,RuleBasedEMS
333,6.7543,912.4325672232858,0.0,0.0,0.49663388596863045,25.002677274823853,0.04938112495393391,0.0,0.00857549405285043,0.03649730268893143,0.0,0.0,wltp_class3b,RuleBasedEMS
334,6.5013,1011.9664623209388,0.0,0.0,0.4966402524622049,25.002678001004718,0.05476792929162494,0.0,0.009510962991738148,0.040478658492837556,0.0,0.0,wltp_class3b,RuleBasedEMS
335,6.2325,1089.4165755098927,0.0,0.0,0.4966471061683024,25.002678845371104,0.05895955271067825,0.0,0.01023887758937869,0.04357666302039571,0.0,0.0,wltp_class3b,RuleBasedEMS
336,5.9503,1138.0218482438165,0.0,0.0,0.49665426561365655,25.00267975880131,0.061590084689165346,0.0,0.010695694062441885,0.04552087392975266,0.0,0.0,wltp_class3b,RuleBasedEMS
337,5.6578,1155.452920080059,0.0,0.0,0.4966615346748613,25.002680679653917,0.0625334595393704,0.0,0.010859519925564463,0.046218116803202355,0.0,0.0,wltp_class3b,RuleBasedEMS
338,5.3589,1140.2680467442058,0.0,0.0,0.4966687081628635,25.002681540476978,0.06171164962755482,0.0,0.010716804950603438,0.04561072186976823,0.0,0.0,wltp_class3b,RuleBasedEMS
339,5.0578,1095.355041377994,0.0,0.0,0.4966755990603557,25.002682282824157,0.05928094426946466,0.0,0.01029469023851498,0.04381420165511976,0.0,0.0,wltp_class3b,RuleBasedEMS
340,4.7589,1024.788201107223,0.0,0.0,0.4966820459850551,25.002682863721947,0.05546184565090068,0.0,0.009631468055519012,0.04099152804428892,0.0,0.0,wltp_class3b,RuleBasedEMS
341,4.4664,934.8703608129605,0.0,0.0,0.4966879272081803,25.002683261418813,0.05059546509121571,0.0,0.00878637557155038,0.03739481443251842,0.0,0.0,wltp_class3b,RuleBasedEMS
342,4.1841,832.2932279438462,0.0,0.0,0.49669316309939254,25.002683474229304,0.04504395981007372,0.0,0.007822304773908328,0.03329172911775385,0.0,0.0,wltp_class3b,RuleBasedEMS
343,3.9153,723.220927421567,0.0,0.0,0.49669771280654534,25.002683515847956,0.03914093410210857,0.0,0.006797189167495931,0.02892883709686268,0.0,0.0,wltp_class3b,RuleBasedEMS
344,3.6623,614.6417037054628,0.0,0.0,0.49670157943915144,25.00268341165113,0.033264593859187376,0.0,0.005776707741592695,0.024585668148218512,0.0,0.0,wltp_class3b,RuleBasedEMS
345,3.4265,511.4758162640108,0.0,0.0,0.49670479705822335,25.00268319103044,0.02768122500352142,0.0,0.004807103536315891,0.02045903265056043,0.0,0.0,wltp_class3b,RuleBasedEMS
346,3.208,418.66394936837526,0.0,0.0,0.49670743080444585,25.00268288371639,0.022658218853786202,0.0,0.003934811554214053,0.01674655797473501,0.0,0.0,wltp_class3b,RuleBasedEMS
347,3.0062,337.6902923563874,0.0,0.0,0.4967095551538465,25.002682514595598,0.018275900183317866,0.0,0.0031737809431991297,0.013507611694255494,0.0,0.0,wltp_class3b,RuleBasedEMS
348,2.8191,271.5557364504415,0.0,0.0,0.4967112634592694,25.002682104374507,0.014696678127596074,0.0,0.002552215568143247,0.01086222945801766,0.0,0.0,wltp_class3b,RuleBasedEMS
349,2.644,220.22055366041033,0.0,0.0,0.4967126488225737,25.00268166794598,0.011918402595846868,0.0,0.002069742045680548,0.008808822146416413,0.0,0.0,wltp_class3b,RuleBasedEMS
350,2.4772,184.19236366065752,0.0,0.0,0.4967138075381415,25.00268121589138,0.009968546117514382,0.0,0.0017311312374121948,0.007367694546426301,0.0,0.0,wltp_class3b,RuleBasedEMS
351,2.3148,161.46977033225943,0.0,0.0,0.49671482330938366,25.002680754907566,0.008738792532718823,0.0,0.0015175730294385284,0.006458790813290378,0.0,0.0,wltp_class3b,RuleBasedEMS
352,2.1524,150.80028034838026,0.0,0.0,0.4967157719601253,25.0026802895151,0.008161356525922113,0.0,0.0014172958679359046,0.00603201121393521,0.0,0.0,wltp_class3b,RuleBasedEMS
353,1.9857,149.26206232397726,0.0,0.0,0.4967167109333038,25.002679822596015,0.00807810770381946,0.0,0.0014028389316163277,0.00597048249295909,0.0,0.0,wltp_class3b,RuleBasedEMS
354,1.8105,153.83652376599812,0.0,0.0,0.49671767868239186,25.00267935601601,0.008325678932839507,0.0,0.0014458319902819373,0.006153460950639925,0.0,0.0,wltp_class3b,RuleBasedEMS
355,1.3889,502.09590001302894,0.0,0.0,0.4967208372455044,25.00267910455536,0.027173581114990842,0.0,0.004718946428693881,0.020083836000521157,0.0,0.0,wltp_class3b,RuleBasedEMS
356,1.1574,172.27071089153253,0.0,0.0,0.49672192095627354,25.00267864098647,0.009323342684189858,0.0,0.0016190856286798171,0.006890828435661301,0.0,0.0,wltp_class3b,RuleBasedEMS
357,0.9259,138.00198544747863,0.0,0.0,0.4967227890904694,25.002678166726856,0.007468708956774069,0.0,0.0012970111414236714,0.005520079417899146,0.0,0.0,wltp_class3b,RuleBasedEMS
358,0.6944,103.60765221858276,0.0,0.0,0.49672344085843567,25.00267768413484,0.005607277298265854,0.0,0.0009737561298738981,0.00414430608874331,0.0,0.0,wltp_class3b,RuleBasedEMS
359,0.463,69.08217421637917,0.0,0.0,0.4967238754355878,25.002677195564733,0.00373874804518419,0.0,0.0006492685546652178,0.0027632869686551667,0.0,0.0,wltp_class3b,RuleBasedEMS
360,0.2315,34.5827177770474,0.0,0.0,0.496724092985938,25.002676703384157,0.0018716270869111819,0.0,0.0003250255430173628,0.001383308711081896,0.0,0.0,wltp_class3b,RuleBasedEMS
361,0.0,0.0,0.0,0.0,0.496724092985938,25.002676209937448,0.0,0.0,0.0,0.0,0.0,0.0,wltp_class3b,RuleBasedEMS
362,0.0926,-27.46974081981801,0.0,0.0,0.496723920181476,25.002675717148843,-5.163485116507145e-05,0.0,0.0002581742558253572,0.0,0.0,0.0,wltp_class3b,RuleBasedEMS
363,0.1852,-54.94227322521074,0.0,0.0,0.49672357455504174,25.002675226503193,-0.00010327494967144877,0.0,0.0005163747483572438,0.0,0.0,0.0,wltp_class3b,RuleBasedEMS
364,0.2778,-82.42038880175292,0.0,0.0,0.49672305607151185,25.00267473948069,-0.00015492554286043782,0.0,0.0007746277143021891,0.0,0.0,0.0,wltp_class3b,RuleBasedEMS
365,0.3704,-109.90687913501927,0.0,0.0,0.49672236467815173,25.002674257559597,-0.0002065918780733445,0.0,0.0010329593903667224,0.0,0.0,0.0,wltp_class3b,RuleBasedEMS
366,0.463,-137.4045358105845,0.0,0.0,0.49672150030461754,25.002673782218768,-0.00025827920265147463,0.0,0.001291396013257373,0.0,0.0,0.0,wltp_class3b,RuleBasedEMS
367,0.5556,-164.9161504140233,0.0,0.0,0.49672046286295807,25.00267331493993,-0.000309992763936134,0.0,0.00154996381968067,0.0,0.0,0.0,wltp_class3b,RuleBasedEMS
368,0.6481,-192.31396068285886,0.0,0.0,0.49671925306889475,25.002672857162324,-0.0003614924072986069,0.0,0.0018074620364930344,0.0,0.0,0.0,wltp_class3b,RuleBasedEMS
369,0.7407,-219.96265884591816,0.0,0.0,0.49671786934392864,25.00267241046201,-0.00041346364444721454,0.0,0.0020673182222360727,0.0,0.0,0.0,wltp_class3b,RuleBasedEMS
370,0.8333,-247.53287112334837,0.0,0.0,0.49671631218151796,25.002671976304963,-0.0004652873517356173,0.0,0.0023264367586780864,0.0,0.0,0.0,wltp_class3b,RuleBasedEMS
371,0.9259,-275.12820465627965,0.0,0.0,0.49671458142331765,25.002671556204053,-0.0005171582794290971,0.0,0.0025857913971454854,0.0,0.0,0.0,wltp_class3b,RuleBasedEMS
372,1.0185,-302.75145103028717,0.0,0.0,0.49671267689338305,25.002671151684126,-0.0005690816748689609,0.0,0.002845408374344804,0.0,0.0,0.0,wltp_class3b,RuleBasedEMS
373,1.1111,-330.4054018309453,0.0,0.0,0.49671059839817133,25.002670764283412,-0.0006210627853965138,0.0,0.003105313926982569,0.0,0.0,0.0,wltp_class3b,RuleBasedEMS
374,1.2037,-358.09284864382886,0.0,0.0,0.49670834572654254,25.00267039555484,-0.0006731068583530618,0.0,0.003365534291765309,0.0,0.0,0.0,wltp_class3b,RuleBasedEMS
375,1.2963,-385.81658305451253,0.0,0.0,0.496705918649761,25.002670047067284,-0.0007252191410799108,0.0,0.003626095705399554,0.0,0.0,0.0,wltp_class3b,RuleBasedEMS
376,1.3889,-413.5793966485711,0.0,0.0,0.49670331692149605,25.002669720406676,-0.0007774048809183668,0.0,0.0038870244045918338,0.0,0.0,0.0,wltp_class3b,RuleBasedEMS
377,1.5506,-628.8337172130414,0.0,0.0,0.4966993610761514,25.002669606871553,-0.0011820182654380478,0.0,0.005910091327190239,0.0,0.0,0.0,wltp_class3b,RuleBasedEMS
378,1.7079,-681.4488274632891,0.0,0.0,0.49669507423402776,25.00266956023656,-0.0012809188486152053,0.0,0.006404594243076026,0.0,0.0,0.0,wltp_class3b,RuleBasedEMS
379,1.8568,-717.1749522392921,0.0,0.0,0.49669056263839106,25.00266956287967,-0.00134807321849491,0.0,0.00674036609247455,0.0,0.0,0.0,wltp_class3b,RuleBasedEMS
380,1.9938,-733.7990197057798,0.0,0.0,0.4966859464552978,25.002669590645812,-0.001379321465612368,0.0,0.00689660732806184,0.0,0.0,0.0,wltp_class3b,RuleBasedEMS
381,2.116,-730.6812321075746,0.0,0.0,0.49668134987664503,25.002669616624214,-0.0013734609626082231,0.0,0.006867304813041115,0.0,0.0,0.0,wltp_class3b,RuleBasedEMS
382,2.2217,-710.7540086121182,0.0,0.0,0.4966768786480251,25.00266961808524,-0.0013360037755866885,0.0,0.006680018877933442,0.0,0.0,0.0,wltp_class3b,RuleBasedEMS
383,2.3099,-676.6308335473026,0.0,0.0,0.4966726220748395,25.00266957742467,-0.001271862469073877,0.0,0.006359312345369385,0.0,0.0,0.0,wltp_class3b,RuleBasedEMS
384,2.381,-634.5886251638116,0.0,0.0,0.49666862997593736,25.002669487166187,-0.001192835761586112,0.0,0.00596417880793056,0.0,0.0,0.0,wltp_class3b,RuleBasedEMS
385,2.4363,-589.8287457979875,0.0,0.0,0.4966649194493413,25.002669347410684,-0.001108700649996217,0.0,0.005543503249981085,0.0,0.0,0.0,wltp_class3b,RuleBasedEMS
386,2.4781,-548.2067202880792,0.0,0.0,0.4966614707566994,25.002669164933092,-0.0010304637599399984,0.0,0.005152318799699992,0.0,0.0,0.0,wltp_class3b,RuleBasedEMS
387,2.5097,-515.6085019389216,0.0,0.0,0.4966582271316257,25.002668951464763,-0.0009691889134190255,0.0,0.004845944567095127,0.0,0.0,0.0,wltp_class3b,RuleBasedEMS
388,2.5348,-495.32362138570215,0.0,0.0,0.4966551111133156,25.00266872017952,-0.0009310594386949289,0.0,0.004655297193474644,0.0,0.0,0.0,wltp_class3b,RuleBasedEMS
389,2.5578,-491.6381063987472,0.0,0.0,0.49665201827768113,25.002668486874644,-0.0009241317789450137,0.0,0.004620658894725068,0.0,0.0,0.0,wltp_class3b,RuleBasedEMS
390,2.5829,-505.09536942640216,0.0,0.0,0.4966488407816447,25.002668267629918,-0.0009494273861398537,0.0,0.004747136930699268,0.0,0.0,0.0,wltp_class3b,RuleBasedEMS
391,2.6145,-537.961973302903,0.0,0.0,0.49664545652299574,25.002668082256502,-0.00101120671673478,0.0,0.0050560335836739,0.0,0.0,0.0,wltp_class3b,RuleBasedEMS
392,2.6563,-589.0523302413006,0.0,0.0,0.49664175085738005,25.00266795300678,-0.001107241222258084,0.0,0.00553620611129042,0.0,0.0,0.0,wltp_class3b,RuleBasedEMS
393,2.7116,-658.7307281659795,0.0,0.0,0.49663760684810215,25.00266790801304,-0.0012382156544473299,0.0,0.006191078272236649,0.0,0.0,0.0,wltp_class3b,RuleBasedEMS
394,2.7827,-745.0326433177531,0.0,0.0,0.4966329199162587,25.002667980142952,-0.0014004372994694608,0.0,0.007002186497347304,0.0,0.0,0.0,wltp_class3b,RuleBasedEMS
395,2.8709,-845.8518537455279,0.0,0.0,0.49662759873200113,25.002668207191658,-0.0015899470935066317,0.0,0.007949735467533157,0.0,0.0,0.0,wltp_class3b,RuleBasedEMS
396,2.9766,-959.1018933099443,0.0,0.0,0.4966215650901144,25.002668631637516,-0.0018028231077254595,0.0,0.009014115538627297,0.0,0.0,0.0,wltp_class3b,RuleBasedEMS
397,3.0988,-1079.3603496288652,0.0,0.0,0.4966147748961499,25.00266929302827,-0.002028872837648243,0.0,0.010144364188241214,0.0,0.0,0.0,wltp_class3b,RuleBasedEMS
398,3.2358,-1203.2203552786832,0.0,0.0,0.49660720548694914,25.00267022809159,-0.002261692397140382,0.0,0.01130846198570191,0.0,0.0,0.0,wltp_class3b,RuleBasedEMS
399,3.3847,-1323.197947057995,0.0,0.0,0.49659888127976815,25.002671457461194,-0.002487214186199239,0.0,0.012436070930996194,0.0,0.0,0.0,wltp_class3b,RuleBasedEMS
400,3.542,-1433.2355312063407,0.0,0.0,0.4965898647997811,25.002672982774875,-0.002694051750387859,0.0,0.013470258751939293,0.0,0.0,0.0,wltp_class3b,RuleBasedEMS
401,3.7037,-1526.558304838699,0.0,0.0,0.4965802611929085,25.002674779899497,-0.0028694704978171038,0.0,0.014347352489085518,0.0,0.0,0.0,wltp_class3b,RuleBasedEMS
402,3.8654,-1595.978522310283,0.0,0.0,0.49657022082474483,25.002676794047662,-0.002999959628402788,0.0,0.014999798142013939,0.0,0.0,0.0,wltp_class3b,RuleBasedEMS
403,4.0227,-1636.3174369823062,0.0,0.0,0.49655992664303444,25.002678944773052,-0.0030757846559817787,0.0,0.015378923279908892,0.0,0.0,0.0,wltp_class3b,RuleBasedEMS
404,4.1716,-1645.3591915070506,0.0,0.0,0.4965495755387829,25.002681137744528,-0.003092780435163629,0.0,0.015463902175818145,0.0,0.0,0.0,wltp_class3b,RuleBasedEMS
405,4.3086,-1622.5707687030927,0.0,0.0,0.49653936775967616,25.002683274946783,-0.003049945053953182,0.0,0.015249725269765908,0.0,0.0,0.0,wltp_class3b,RuleBasedEMS
406,4.4308,-1569.3557578425232,0.0,0.0,0.49652949472654545,25.002685266111286,-0.0029499168380498555,0.0,0.014749584190249278,0.0,0.0,0.0,wltp_class3b,RuleBasedEMS
407,4.5365,-1492.876620769319,0.0,0.0,0.49652010280286263,25.002687049749937,-0.002806159061596465,0.0,0.014030795307982322,0.0,0.0,0.0,wltp_class3b,RuleBasedEMS
408,4.6247,-1398.1965993727777,0.0,0.0,0.4965113065000272,25.002688587322258,-0.0026281890965653715,0.0,0.013140945482826858,0.0,0.0,0.0,wltp_class3b,RuleBasedEMS
409,4.6958,-1296.6075656134076,0.0,0.0,0.4965031492908903,25.002689877194488,-0.0024372322661906157,0.0,0.012186161330953078,0.0,0.0,0.0,wltp_class3b,RuleBasedEMS
410,4.7511,-1196.5599316195305,0.0,0.0,0.49649562148464255,25.00269094053566,-0.0022491728037961098,0.0,0.01124586401898055,0.0,0.0,0.0,wltp_class3b,RuleBasedEMS
411,4.7929,-1107.5567178046683,0.0,0.0,0.49648865360391586,25.002691817406635,-0.0020818735297080232,0.0,0.010409367648540117,0.0,0.0,0.0,wltp_class3b,RuleBasedEMS
412,4.8245,-1039.169340464398,0.0,0.0,0.4964821159540227,25.002692561170893,-0.0019533258279405977,0.0,0.009766629139702988,0.0,0.0,0.0,wltp_class3b,RuleBasedEMS
413,4.8496,-996.2309030407689,0.0,0.0,0.49647584843258274,25.002693226639934,-0.0018726144793999415,0.0,0.009363072396999707,0.0,0.0,0.0,wltp_class3b,RuleBasedEMS
414,4.8726,-985.6769663838935,0.0,0.0,0.49646964730258997,25.002693875783812,-0.0018527762526013036,0.0,0.009263881263006517,0.0,0.0,0.0,wltp_class3b,RuleBasedEMS
415,4.8977,-1007.4573779415134,0.0,0.0,0.4964633091412035,25.002694569149572,-0.0018937168758299126,0.0,0.009468584379149563,0.0,0.0,0.0,wltp_class3b,RuleBasedEMS
416,4.9293,-1064.6951341334884,0.0,0.0,0.4964566108767495,25.002695378170674,-0.0020013066431080607,0.0,0.010006533215540304,0.0,0.0,0.0,wltp_class3b,RuleBasedEMS
417,4.9712,-1154.603286817458,0.0,0.0,0.4964493469693871,25.002696380370477,-0.002170306930108004,0.0,0.010851534650540019,0.0,0.0,0.0,wltp_class3b,RuleBasedEMS
418,5.0264,-1273.0399791242846,0.0,0.0,0.49644133793493844,25.002697660570167,-0.0023929322915870015,0.0,0.011964661457935006,0.0,0.0,0.0,wltp_class3b,RuleBasedEMS
419,5.0975,-1419.275709076238,0.0,0.0,0.4964324088765165,25.00269932136417,-0.0026678114832260113,0.0,0.013339057416130055,0.0,0.0,0.0,wltp_class3b,RuleBasedEMS
420,5.1857,-1584.5284358107324,0.0,0.0,0.49642244014478587,25.002701462603056,-0.00297843690941867,0.0,0.014892184547093349,0.0,0.0,0.0,wltp_class3b,RuleBasedEMS
421,5.2914,-1764.3031372562918,0.0,0.0,0.49641134036715345,25.002704187411396,-0.0033163592805569397,0.0,0.016581796402784697,0.0,0.0,0.0,wltp_class3b,RuleBasedEMS
422,5.4136,-1948.1468001362603,0.0,0.0,0.49639908393144894,25.002707575538917,-0.0036619300754440983,0.0,0.01830965037722049,0.0,0.0,0.0,wltp_class3b,RuleBasedEMS
423,5.5506,-2130.120432684386,0.0,0.0,0.4963856825876708,25.002711687294415,-0.0040039857757225294,0.0,0.020019928878612647,0.0,0.0,0.0,wltp_class3b,RuleBasedEMS
424,5.6995,-2298.3613830060735,0.0,0.0,0.4963712227168807,25.002716529546127,-0.004320228163545252,0.0,0.021601140817726256,0.0,0.0,0.0,wltp_class3b,RuleBasedEMS
425,5.8568,-2444.5609310214095,0.0,0.0,0.49635584297417285,25.002722057515793,-0.0045950393440252054,0.0,0.022975196720126028,0.0,0.0,0.0,wltp_class3b,RuleBasedEMS
426,6.0185,-2560.0178249230535,0.0,0.0,0.496339736760294,25.002728165661612,-0.004812063580682431,0.0,0.024060317903412155,0.0,0.0,0.0,wltp_class3b,RuleBasedEMS
427,6.1802,-2635.941432803246,0.0,0.0,0.4963231527862554,25.002734683841826,-0.00495477712932941,0.0,0.024773885646647047,0.0,0.0,0.0,wltp_class3b,RuleBasedEMS
428,6.3375,-2666.967438485435,0.0,0.0,0.49630637351890017,25.002741396896646,-0.005013096688882397,0.0,0.025065483444411986,0.0,0.0,0.0,wltp_class3b,RuleBasedEMS
429,6.4864,-2652.1298664525702,0.0,0.0,0.49628968750987895,25.002748075722042,-0.00498520651588829,0.0,0.02492603257944145,0.0,0.0,0.0,wltp_class3b,RuleBasedEMS
430,6.6234,-2592.5098196375975,0.0,0.0,0.49627337651634285,25.002754498995422,-0.0048731387587172895,0.0,0.024365693793586444,0.0,0.0,0.0,wltp_class3b,RuleBasedEMS
431,6.7457,-2492.591241862505,0.0,0.0,0.4962576940908038,25.00276048017695,-0.004685321883200197,0.0,0.023426609416000985,0.0,0.0,0.0,wltp_class3b,RuleBasedEMS
432,6.8513,-2359.394057527712,0.0,0.0,0.4962428496239393,25.002765885402177,-0.004434951235954346,0.0,0.02217475617977173,0.0,0.0,0.0,wltp_class3b,RuleBasedEMS
433,6.9395,-2206.8844979719943,0.0,0.0,0.4962289646385309,25.00277066279264,-0.004148279131526305,0.0,0.020741395657631525,0.0,0.0,0.0,wltp_class3b,RuleBasedEMS
434,7.0106,-2047.0880519100685,0.0,0.0,0.49621608499710035,25.002774822782524,-0.003847909872011407,0.0,0.019239549360057034,0.0,0.0,0.0,wltp_class3b,RuleBasedEMS
435,7.0659,-1892.79442901184,0.0,0.0,0.4962041760916931,25.002778427672197,-0.00355788426505985,0.0,0.01778942132529925,0.0,0.0,0.0,wltp_class3b,RuleBasedEMS
436,7.1077,-1757.1974736777454,0.0,0.0,0.4961931202998405,25.00278157875904,-0.0033030027700709503,0.0,0.01651501385035475,0.0,0.0,0.0,wltp_class3b,RuleBasedEMS
437,7.1393,-1653.6162320456342,0.0,0.0,0.49618271619614046,25.00278440509173,-0.0031083011880557038,0.0,0.015541505940278517,0.0,0.0,0.0,wltp_class3b,RuleBasedEMS
438,7.1644,-1588.4970825918037,0.0,0.0,0.49617272179308836,25.002787037376955,-0.002985896771789105,0.0,0.014929483858945524,0.0,0.0,0.0,wltp_class3b,RuleBasedEMS
439,7.1874,-1571.5080083815615,0.0,0.0,0.496162834272003,25.00278962214274,-0.0029539624217698526,0.0,0.014769812108849261,0.0,0.0,0.0,wltp_class3b,RuleBasedEMS
440,7.2126,-1603.2346823738276,0.0,0.0,0.4961527471266505,25.002792304747963,-0.003013599027018473,0.0,0.015067995135092365,0.0,0.0,0.0,wltp_class3b,RuleBasedEMS
441,7.2441,-1683.1617565161039,0.0,0.0,0.4961421570907125,25.002795239357937,-0.0031638378881881654,0.0,0.015819189440940826,0.0,0.0,0.0,wltp_class3b,RuleBasedEMS
442,7.286,-1813.367675184393,0.0,0.0,0.49613074781793576,25.002798610747227,-0.003408585855609761,0.0,0.017042929278048805,0.0,0.0,0.0,wltp_class3b,RuleBasedEMS
443,7.3413,-1983.6358691381545,0.0,0.0,0.4961182672384951,25.002802604077395,-0.0037286388517634482,0.0,0.01864319425881724,0.0,0.0,0.0,wltp_class3b,RuleBasedEMS
444,7.4123,-2188.394697525034,0.0,0.0,0.4961044983337654,25.002807421456982,-0.00411352386752826,0.0,0.0205676193376413,0.0,0.0,0.0,wltp_class3b,RuleBasedEMS
445,7.5005,-2420.8955154054593,0.0,0.0,0.49608926654110036,25.002813275314693,-0.00455055548008545,0.0,0.02275277740042725,0.0,0.0,0.0,wltp_class3b,RuleBasedEMS
446,7.6062,-2669.186101824291,0.0,0.0,0.49607247249343345,25.002820355240438,-0.005017267108692277,0.0,0.025086335543461385,0.0,0.0,0.0,wltp_class3b,RuleBasedEMS
447,7.7284,-2918.91702861497,0.0,0.0,0.4960541071030243,25.002828794371137,-0.005486686144013102,0.0,0.02743343072006551,0.0,0.0,0.0,wltp_class3b,RuleBasedEMS
448,7.8654,-3161.5851543208278,0.0,0.0,0.4960342147795035,25.002838677273772,-0.005942829237445165,0.0,0.029714146187225825,0.0,0.0,0.0,wltp_class3b,RuleBasedEMS
449,8.0143,-3380.8945068785592,0.0,0.0,0.4960129424636725,25.002849974383956,-0.0063550648625536835,0.0,0.031775324312768416,0.0,0.0,0.0,wltp_class3b,RuleBasedEMS
450,8.1717,-3567.5419259336045,0.0,0.0,0.4959904956333714,25.00286256366878,-0.006705905875815047,0.0,0.03352952937907523,0.0,0.0,0.0,wltp_class3b,RuleBasedEMS
451,8.3333,-3705.5602041327875,0.0,0.0,0.4959671802370507,25.002876175373267,-0.00696533872957291,0.0,0.034826693647864546,0.0,0.0,0.0,wltp_class3b,RuleBasedEMS
452,8.495,-3792.329669256438,0.0,0.0,0.495943318715712,25.002890481115365,-0.007128439227925636,0.0,0.03564219613962818,0.0,0.0,0.0,wltp_class3b,RuleBasedEMS
453,8.6523,-3817.00605253719,0.0,0.0,0.49591930175446713,25.00290504679974,-0.007174823407024793,0.0,0.03587411703512396,0.0,0.0,0.0,wltp_class3b,RuleBasedEMS
454,8.8013,-3782.515327825281,0.0,0.0,0.4958955016414711,25.002919447795666,-0.007109991217716694,0.0,0.03554995608858347,0.0,0.0,0.0,wltp_class3b,RuleBasedEMS
455,8.9382,-3685.8330064071333,0.0,0.0,0.4958723097081254,25.00293324706507,-0.006928257530840476,0.0,0.03464128765420238,0.0,0.0,0.0,wltp_class3b,RuleBasedEMS
456,9.0605,-3542.1782184417125,0.0,0.0,0.4958500215357282,25.002946140236034,-0.006658229733912994,0.0,0.033291148669564966,0.0,0.0,0.0,wltp_class3b,RuleBasedEMS
457,9.1661,-3355.6849750073825,0.0,0.0,0.4958289067006184,25.00295788482775,-0.006307678524449967,0.0,0.03153839262224983,0.0,0.0,0.0,wltp_class3b,RuleBasedEMS
458,9.2543,-3146.3017499094663,0.0,0.0,0.4958091092623375,25.002968399616034,-0.00591410103366441,0.0,0.02957050516832205,0.0,0.0,0.0,wltp_class3b,RuleBasedEMS
459,9.3254,-2929.637304618285,0.0,0.0,0.4957906750651718,25.002977715463484,-0.005506837038756175,0.0,0.027534185193780873,0.0,0.0,0.0,wltp_class3b,RuleBasedEMS
460,9.3807,-2722.139458539403,0.0,0.0,0.4957735464552991,25.002985956161048,-0.005116803493495119,0.0,0.025584017467475594,0.0,0.0,0.0,wltp_class3b,RuleBasedEMS
461,9.4225,-2540.7362084718143,0.0,0.0,0.49575755925724274,25.002993316321245,-0.004775819940736493,0.0,0.023879099703682464,0.0,0.0,0.0,wltp_class3b,RuleBasedEMS
462,9.4541,-2402.556397247125,0.0,0.0,0.4957424415090853,25.0030000427937,-0.00451608345347204,0.0,0.0225804172673602,0.0,0.0,0.0,wltp_class3b,RuleBasedEMS
463,9.4793,-2317.238898418898,0.0,0.0,0.4957278605919487,25.00300639318448,-0.004355712215073116,0.0,0.02177856107536558,0.0,0.0,0.0,wltp_class3b,RuleBasedEMS
464,9.5022,-2291.2603329562476,0.0,0.0,0.49571344312877863,25.00301263052408,-0.004306880325105729,0.0,0.02153440162552864,0.0,0.0,0.0,wltp_class3b,RuleBasedEMS
465,9.5274,-2334.100856840293,0.0,0.0,0.4956987560855123,25.003019054135837,-0.004387407625639649,0.0,0.021937038128198243,0.0,0.0,0.0,wltp_class3b,RuleBasedEMS
466,9.5589,-2438.862701015213,0.0,0.0,0.4956834098268211,25.003025951856955,-0.004584328385366942,0.0,0.02292164192683471,0.0,0.0,0.0,wltp_class3b,RuleBasedEMS
467,9.6008,-2609.3889362975733,0.0,0.0,0.4956669905304266,25.003033670485983,-0.0049048664216119805,0.0,0.0245243321080599,0.0,0.0,0.0,wltp_class3b,RuleBasedEMS
468,9.6561,-2831.7202096490014,0.0,0.0,0.4956491722052607,25.00304254881434,-0.005322782348964289,0.0,0.02661391174482144,0.0,0.0,0.0,wltp_class3b,RuleBasedEMS
469,9.7271,-3097.942798117546,0.0,0.0,0.4956296786492835,25.003052947129504,-0.0058232007483412515,0.0,0.029116003741706257,0.0,0.0,0.0,wltp_class3b,RuleBasedEMS
470,9.8154,-3400.1330686545684,0.0,0.0,0.49560828351076935,25.003065243224288,-0.006391227572658963,0.0,0.03195613786329481,0.0,0.0,0.0,wltp_class3b,RuleBasedEMS
471,9.921,-3715.814740911757,0.0,0.0,0.4955849018596392,25.00307972000851,-0.0069846141746461605,0.0,0.0349230708732308,0.0,0.0,0.0,wltp_class3b,RuleBasedEMS
472,10.0432,-4035.27825562952,0.0,0.0,0.4955595098558786,25.003096611222507,-0.0075851095030630075,0.0,0.03792554751531504,0.0,0.0,0.0,wltp_class3b,RuleBasedEMS
473,10.1802,-4341.221740752488,0.0,0.0,0.49553219252636277,25.003116015575557,-0.008160191242015955,0.0,0.04080095621007977,0.0,0.0,0.0,wltp_class3b,RuleBasedEMS
474,10.3291,-4614.404539239944,0.0,0.0,0.49550315596976646,25.00313783962304,-0.008673692742932225,0.0,0.043368463714661125,0.0,0.0,0.0,wltp_class3b,RuleBasedEMS
475,10.4865,-4843.508167560396,0.0,0.0,0.49547267751209795,25.00316183386418,-0.009104338660827813,0.0,0.04552169330413906,0.0,0.0,0.0,wltp_class3b,RuleBasedEMS
476,10.6481,-5009.025165254645,0.0,0.0,0.4954411572428567,25.003187504062048,-0.009415460836944821,0.0,0.047077304184724104,0.0,0.0,0.0,wltp_class3b,RuleBasedEMS
477,10.8098,-5108.750452234363,0.0,0.0,0.4954090091437729,25.0032142713708,-0.00960291438389918,0.0,0.048014571919495895,0.0,0.0,0.0,wltp_class3b,RuleBasedEMS
478,10.9672,-5131.8073809153975,0.0,0.0,0.49537671565947067,25.003241409970748,-0.009646254475404882,0.0,0.04823127237702441,0.0,0.0,0.0,wltp_class3b,RuleBasedEMS
479,11.1161,-5075.919549315122,0.0,0.0,0.4953447735813729,25.00326815709159,-0.00954120216036677,0.0,0.04770601080183385,0.0,0.0,0.0,wltp_class3b,RuleBasedEMS
480,11.2531,-4950.377540857826,0.0,0.0,0.4953136212575061,25.00329385640995,-0.009305220941462078,0.0,0.04652610470731039,0.0,0.0,0.0,wltp_class3b,RuleBasedEMS
481,11.3753,-4760.68138816966,0.0,0.0,0.49528366244134925,25.003317945564888,-0.00894864922588282,0.0,0.0447432461294141,0.0,0.0,0.0,wltp_class3b,RuleBasedEMS
482,11.4647,-4226.858870580554,0.0,0.0,0.4952570627677895,25.003337612537408,-0.007945223440940891,0.0,0.03972611720470445,0.0,0.0,0.0,wltp_class3b,RuleBasedEMS
483,11.5367,-3952.339435464846,0.0,0.0,0.49523219052545775,25.003355232153098,-0.007429209465159486,0.0,0.037146047325797425,0.0,0.0,0.0,wltp_class3b,RuleBasedEMS
484,11.5916,-3671.435323989022,0.0,0.0,0.4952090859353902,25.003370880894085,-0.006901194218024477,0.0,0.034505971090122385,0.0,0.0,0.0,wltp_class3b,RuleBasedEMS
485,11.6307,-3404.1508618264966,0.0,0.0,0.4951876633242712,25.003384773644132,-0.0063987798154633395,0.0,0.031993899077316694,0.0,0.0,0.0,wltp_class3b,RuleBasedEMS
486,11.6563,-3170.9330892380926,0.0,0.0,0.49516770833593987,25.003397228326843,-0.005960400543680626,0.0,0.029802002718403126,0.0,0.0,0.0,wltp_class3b,RuleBasedEMS
487,11.6717,-2992.3884357390434,0.0,0.0,0.4951488769275922,25.00340863710343,-0.005624790292742563,0.0,0.028123951463712812,0.0,0.0,0.0,wltp_class3b,RuleBasedEMS
488,11.6806,-2877.9888694026013,0.0,0.0,0.4951307654406137,25.003419392815676,-0.005409753513914664,0.0,0.02704876756957332,0.0,0.0,0.0,wltp_class3b,RuleBasedEMS
489,11.6874,-2842.573700781365,0.0,0.0,0.49511287682495536,25.00342993145593,-0.005343183648085273,0.0,0.026715918240426365,0.0,0.0,0.0,wltp_class3b,RuleBasedEMS
490,11.6964,-2886.23270281627,0.0,0.0,0.4950947134601706,25.003440679699654,-0.005425249441383967,0.0,0.02712624720691983,0.0,0.0,0.0,wltp_class3b,RuleBasedEMS
491,11.7117,-3007.240615951304,0.0,0.0,0.4950757885780024,25.003452079804923,-0.005652707924720496,0.0,0.02826353962360248,0.0,0.0,0.0,wltp_class3b,RuleBasedEMS
492,11.7374,-3207.869460183969,0.0,0.0,0.4950556011062412,25.003464646376415,-0.006029829812375882,0.0,0.030149149061879408,0.0,0.0,0.0,wltp_class3b,RuleBasedEMS
493,11.7764,-3468.496921190216,0.0,0.0,0.4950337734498824,25.00347886092478,-0.006519731054868827,0.0,0.032598655274344135,0.0,0.0,0.0,wltp_class3b,RuleBasedEMS
494,11.8313,-3786.279223857026,0.0,0.0,0.49500994590076364,25.00349527721523,-0.007117066210257568,0.0,0.03558533105128784,0.0,0.0,0.0,wltp_class3b,RuleBasedEMS
495,11.9033,-4137.867844707363,0.0,0.0,0.49498390567426614,25.003514372469194,-0.007777947076517598,0.0,0.03888973538258799,0.0,0.0,0.0,wltp_class3b,RuleBasedEMS
496,11.9928,-4510.480075186859,0.0,0.0,0.49495552041802,25.003536584260136,-0.008478346005990336,0.0,0.04239173002995168,0.0,0.0,0.0,wltp_class3b,RuleBasedEMS
497,12.0988,-4878.986685900921,0.0,0.0,0.49492481591218496,25.003562163433763,-0.009171027605076919,0.0,0.045855138025384594,0.0,0.0,0.0,wltp_class3b,RuleBasedEMS
498,12.2196,-5230.05726959015,0.0,0.0,0.49489190182234033,25.00359121993476,-0.009830934717274718,0.0,0.04915467358637359,0.0,0.0,0.0,wltp_class3b,RuleBasedEMS
499,12.3523,-5539.1090752471155,0.0,0.0,0.4948570425187462,25.003623569659798,-0.010411859163998338,0.0,0.052059295819991684,0.0,0.0,0.0,wltp_class3b,RuleBasedEMS
500,12.4934,-5791.293342636832,0.0,0.0,0.4948205958267613,25.003658788989924,-0.010885889741798556,0.0,0.05442944870899278,0.0,0.0,0.0,wltp_class3b,RuleBasedEMS
501,12.6389,-5972.327265728709,0.0,0.0,0.4947830094729656,25.00369620717838,-0.011226179070918626,0.0,0.056130895354593126,0.0,0.0,0.0,wltp_class3b,RuleBasedEMS
502,12.7844,-6068.791511159484,0.0,0.0,0.4947448156587121,25.003734920604195,-0.011407502840525345,0.0,0.057037514202626725,0.0,0.0,0.0,wltp_class3b,RuleBasedEMS
503,12.9255,-6074.779460583469,0.0,0.0,0.4947065837853511,25.00377390450518,-0.011418758384555394,0.0,0.057093791922776964,0.0,0.0,0.0,wltp_class3b,RuleBasedEMS
504,13.0582,-5992.902069473531,0.0,0.0,0.4946688668505437,25.003812152880275,-0.01126485351404799,0.0,0.05632426757023995,0.0,0.0,0.0,wltp_class3b,RuleBasedEMS
505,13.179,-5828.859441908743,0.0,0.0,0.49463218200383063,25.00384875551491,-0.010956502710354782,0.0,0.0547825135517739,0.0,0.0,0.0,wltp_class3b,RuleBasedEMS
506,13.285,-5591.728145179297,0.0,0.0,0.4945969892912601,25.003882967036986,-0.010510767190186648,0.0,0.05255383595093324,0.0,0.0,0.0,wltp_class3b,RuleBasedEMS
507,13.3745,-5304.819385149398,0.0,0.0,0.4945636020592389,25.003914367076398,-0.00997146500967932,0.0,0.0498573250483966,0.0,0.0,0.0,wltp_class3b,RuleBasedEMS
508,13.4465,-4982.549029143081,0.0,0.0,0.4945322429292869,25.003942747335667,-0.009365693663802783,0.0,0.04682846831901392,0.0,0.0,0.0,wltp_class3b,RuleBasedEMS
509,13.5013,-4653.302956794362,0.0,0.0,0.49450295586665616,25.003968210255806,-0.008746810069162335,0.0,0.043734050345811674,0.0,0.0,0.0,wltp_class3b,RuleBasedEMS
510,13.5404,-4344.481321926937,0.0,0.0,0.49447561237670645,25.003991095631967,-0.008166318274298754,0.0,0.040831591371493774,0.0,0.0,0.0,wltp_class3b,RuleBasedEMS
511,13.5661,-4075.4871185109528,0.0,0.0,0.49444996183369055,25.004011859304676,-0.007660690072389009,0.0,0.038303450361945046,0.0,0.0,0.0,wltp_class3b,RuleBasedEMS
512,13.5814,-3863.672092447089,0.0,0.0,0.49442564439051934,25.00403102743034,-0.007262541527156183,0.0,0.036312707635780914,0.0,0.0,0.0,wltp_class3b,RuleBasedEMS
513,13.5904,-3734.993937117258,0.0,0.0,0.4944021368150008,25.004049246471965,-0.0070206652953331925,0.0,0.03510332647666596,0.0,0.0,0.0,wltp_class3b,RuleBasedEMS
514,13.5971,-3689.639168131501,0.0,0.0,0.4943789146909738,25.004067111927924,-0.006935411970171994,0.0,0.03467705985085997,0.0,0.0,0.0,wltp_class3b,RuleBasedEMS
515,13.6061,-3742.7128880655328,0.0,0.0,0.4943553585248126,25.004085312830387,-0.007035174601626941,0.0,0.035175873008134705,0.0,0.0,0.0,wltp_class3b,RuleBasedEMS
516,13.6214,-3883.736241955439,0.0,0.0,0.4943309147669393,25.004104499963596,-0.007300256093901201,0.0,0.036501280469506,0.0,0.0,0.0,wltp_class3b,RuleBasedEMS
517,13.6471,-4117.44762539526,0.0,0.0,0.494305000035969,25.00412543932417,-0.007739563205630188,0.0,0.038697816028150936,0.0,0.0,0.0,wltp_class3b,RuleBasedEMS
518,13.6862,-4423.096410163837,0.0,0.0,0.49427716154036105,25.004148853801052,-0.008314090996548567,0.0,0.04157045498274283,0.0,0.0,0.0,wltp_class3b,RuleBasedEMS
519,13.741,-4788.494111030253,0.0,0.0,0.4942470231879211,25.004175486474413,-0.009000928780132056,0.0,0.04500464390066028,0.0,0.0,0.0,wltp_class3b,RuleBasedEMS
520,13.813,-5199.216596298447,0.0,0.0,0.4942142996548568,25.00420606711405,-0.009772963526876781,0.0,0.048864817634383904,0.0,0.0,0.0,wltp_class3b,RuleBasedEMS
521,13.9025,-5631.568527949184,0.0,0.0,0.49417885473785256,25.004241181791034,-0.01058565512772403,0.0,0.05292827563862015,0.0,0.0,0.0,wltp_class3b,RuleBasedEMS
522,14.0085,-6058.343164867078,0.0,0.0,0.49414072345858095,25.00428115875337,-0.01138786309185541,0.0,0.056939315459277044,0.0,0.0,0.0,wltp_class3b,RuleBasedEMS
523,14.1293,-6464.015496324005,0.0,0.0,0.4941000385460986,25.00432612206419,-0.012150405068278206,0.0,0.06075202534139102,0.0,0.0,0.0,wltp_class3b,RuleBasedEMS
524,14.262,-6820.214881302241,0.0,0.0,0.49405711129558194,25.00437577840009,-0.012819952784402712,0.0,0.06409976392201355,0.0,0.0,0.0,wltp_class3b,RuleBasedEMS
525,14.4031,-7110.025917010779,0.0,0.0,0.4940123594806749,25.004429502023953,-0.013364710370321015,0.0,0.06682355185160507,0.0,0.0,0.0,wltp_class3b,RuleBasedEMS
526,14.5486,-7317.339219427123,0.0,0.0,0.4939663022909367,25.0044863283576,-0.01375439702899835,0.0,0.06877198514499175,0.0,0.0,0.0,wltp_class3b,RuleBasedEMS
527,14.6941,-7427.154146273312,0.0,0.0,0.49391955336351656,25.004544976456575,-0.013960816064423521,0.0,0.0698040803221176,0.0,0.0,0.0,wltp_class3b,RuleBasedEMS
528,14.8352,-7433.153964767993,0.0,0.0,0.49387276613218994,25.004604005539015,-0.013972093918736828,0.0,0.06986046959368414,0.0,0.0,0.0,wltp_class3b,RuleBasedEMS
529,14.9679,-7338.748993410926,0.0,0.0,0.4938265726039073,25.00466200737813,-0.013794640965058134,0.0,0.06897320482529067,0.0,0.0,0.0,wltp_class3b,RuleBasedEMS
530,15.0887,-7150.770032687371,0.0,0.0,0.49378156182500954,25.00471770864422,-0.013441297053923629,0.0,0.06720648526961814,0.0,0.0,0.0,wltp_class3b,RuleBasedEMS
531,15.1947,-6879.7697941037995,0.0,0.0,0.4937382564465911,25.004770062332828,-0.012931898109217669,0.0,0.06465949054608834,0.0,0.0,0.0,wltp_class3b,RuleBasedEMS
532,15.2842,-6552.42909524396,0.0,0.0,0.49369701119449955,25.004818469716085,-0.012316596043691654,0.0,0.06158298021845827,0.0,0.0,0.0,wltp_class3b,RuleBasedEMS
533,15.3562,-6185.116815300408,0.0,0.0,0.4936580777654203,25.00486262156898,-0.011626159427256408,0.0,0.05813079713628203,0.0,0.0,0.0,wltp_class3b,RuleBasedEMS
534,15.4111,-5812.547226334999,0.0,0.0,0.4936214893386728,25.00490266848343,-0.010925840651005637,0.0,0.05462920325502819,0.0,0.0,0.0,wltp_class3b,RuleBasedEMS
535,15.4501,-5456.020447369639,0.0,0.0,0.4935871450040176,25.004938991735063,-0.0102556775326497,0.0,0.05127838766324849,0.0,0.0,0.0,wltp_class3b,RuleBasedEMS
536,15.4758,-5152.126337396415,0.0,0.0,0.49355471351215763,25.004972298605587,-0.009684448002624841,0.0,0.0484222400131242,0.0,0.0,0.0,wltp_class3b,RuleBasedEMS
537,15.4911,-4910.909054096526,0.0,0.0,0.49352380037051385,25.005003306169346,-0.009231032056572419,0.0,0.04615516028286209,0.0,0.0,0.0,wltp_class3b,RuleBasedEMS
538,15.5001,-4764.394481761021,0.0,0.0,0.49349380947535293,25.005032942113917,-0.008955628725114701,0.0,0.0447781436255735,0.0,0.0,0.0,wltp_class3b,RuleBasedEMS
539,15.5069,-4715.332441523405,0.0,0.0,0.4934641273986034,25.00506209196406,-0.008863406844968806,0.0,0.04431703422484403,0.0,0.0,0.0,wltp_class3b,RuleBasedEMS
540,15.5158,-4771.233909526927,0.0,0.0,0.4934340934199589,25.005091693891362,-0.008968484792343847,0.0,0.04484242396171924,0.0,0.0,0.0,wltp_class3b,RuleBasedEMS
541,15.5312,-4937.358453587956,0.0,0.0,0.49340301369895434,25.0051227809197,-0.009280748972909694,0.0,0.046403744864548464,0.0,0.0,0.0,wltp_class3b,RuleBasedEMS
542,15.1601,3165.3924721299713,0.0,0.0,0.4934229392608639,25.00514025266372,0.17131199258941002,0.0,0.029749929249341837,0.12661569888519886,0.0,0.0,wltp_class3b,RuleBasedEMS
543,14.8025,2933.825775146928,0.0,0.0,0.4934414066567097,25.005155441989185,0.15877953330456832,0.0,0.027573550518298198,0.11735303100587713,0.0,0.0,wltp_class3b,RuleBasedEMS
544,14.4607,2671.2065900632933,0.0,0.0,0.49345822053369837,25.005168398606887,0.14456650402462845,0.0,0.025105325094579824,0.10684826360253173,0.0,0.0,wltp_class3b,RuleBasedEMS
545,14.136,2395.8710535817877,0.0,0.0,0.4934733009602525,25.0051792937296,0.12966526198256922,0.0,0.022517585090054394,0.09583484214327151,0.0,0.0,wltp_class3b,RuleBasedEMS
546,13.8288,2122.8807514286223,0.0,0.0,0.49348666280202147,25.005188369583205,0.11489094472769341,0.0,0.019951886761547202,0.0849152300571449,0.0,0.0,wltp_class3b,RuleBasedEMS
547,13.5381,1873.5097276964589,0.0,0.0,0.49349845481459365,25.005195929950737,0.10139490992450459,0.0,0.017608174132485516,0.07494038910785836,0.0,0.0,wltp_class3b,RuleBasedEMS
548,13.2622,1656.8662348515104,0.0,0.0,0.4935088830623878,25.005202263008087,0.08967009893579828,0.0,0.015572051079431489,0.06627464939406041,0.0,0.0,wltp_class3b,RuleBasedEMS
549,12.9983,1487.2035662418446,0.0,0.0,0.49351824329871397,25.00520764655683,0.08048790428427667,0.0,0.013977477126333125,0.05948814264967378,0.0,0.0,wltp_class3b,RuleBasedEMS
550,12.7427,1374.873861363509,0.0,0.0,0.49352689640922387,25.005212330167264,0.07440858687289124,0.0,0.012921746817326211,0.054994954454540355,0.0,0.0,wltp_class3b,RuleBasedEMS
551,12.4915,1319.61840691961,0.0,0.0,0.49353520162947606,25.00521651703171,0.07141814506020566,0.0,0.012402428636462499,0.0527847362767844,0.0,0.0,wltp_class3b,RuleBasedEMS
552,12.2403,1325.1636958018398,0.0,0.0,0.49354354162870795,25.005220394018785,0.07171825776226799,0.0,0.012454546013175187,0.05300654783207359,0.0,0.0,wltp_class3b,RuleBasedEMS
553,11.9847,1387.8601302867394,0.0,0.0,0.4935522760888636,25.005224133518126,0.07511140765266126,0.0,0.013043798216980634,0.055514405211469574,0.0,0.0,wltp_class3b,RuleBasedEMS
554,11.7208,1497.1910003746184,0.0,0.0,0.49356169848948966,25.005227892924317,0.08102842722328198,0.0,0.014071343988483255,0.059887640014984735,0.0,0.0,wltp_class3b,RuleBasedEMS
555,11.4449,1646.6284391258287,0.0,0.0,0.49357206121484015,25.005231834368455,0.08911602635208808,0.0,0.015475831194791623,0.06586513756503315,0.0,0.0,wltp_class3b,RuleBasedEMS
556,11.1542,1820.6114884394215,0.0,0.0,0.4935835187088662,25.00523609745162,0.09853204130666882,0.0,0.017111010229693812,0.07282445953757685,0.0,0.0,wltp_class3b,RuleBasedEMS
557,10.847,2001.8519849821896,0.0,0.0,0.49359611661122166,25.00524077898311,0.10834083148798346,0.0,0.01881439835509577,0.08007407939928758,0.0,0.0,wltp_class3b,RuleBasedEMS
558,10.5223,2178.966792298312,0.0,0.0,0.4936098289243174,25.00524593616324,0.11792633812754325,0.0,0.020479011205811203,0.08715867169193249,0.0,0.0,wltp_class3b,RuleBasedEMS
559,10.1805,2333.556209026475,0.0,0.0,0.49362451386303746,25.005251541093727,0.12629276385392907,0.0,0.02193191925776762,0.09334224836105899,0.0,0.0,wltp_class3b,RuleBasedEMS
560,9.8229,2455.0580452177587,0.0,0.0,0.49363996318285086,25.005257498303756,0.13286847977050698,0.0,0.023073853808437583,0.09820232180871034,0.0,0.0,wltp_class3b,RuleBasedEMS
561,9.4518,2533.742269952693,0.0,0.0,0.49365590742114246,25.005263644225604,0.1371268936775901,0.0,0.023813367198803503,0.10134969079810771,0.0,0.0,wltp_class3b,RuleBasedEMS
562,9.0705,2562.1752893667926,0.0,0.0,0.49367203035218754,25.005269761431382,0.1386656972395652,0.0,0.02408059482487587,0.1024870115746717,0.0,0.0,wltp_class3b,RuleBasedEMS
563,8.6828,2540.1121947567426,0.0,0.0,0.4936880142254331,25.005275624234788,0.13747163592375214,0.0,0.02387323491312728,0.1016044877902697,0.0,0.0,wltp_class3b,RuleBasedEMS
564,8.2928,2470.5445389904726,0.0,0.0,0.4937035601303097,25.00528102764574,0.13370661347107834,0.0,0.023219403561940532,0.0988217815596189,0.0,0.0,wltp_class3b,RuleBasedEMS
565,7.9051,2355.6236599954573,0.0,0.0,0.4937183827068933,25.005285794753814,0.12748706093719775,0.0,0.02213932011273926,0.0942249463998183,0.0,0.0,wltp_class3b,RuleBasedEMS
566,7.5238,2206.7443371040285,0.0,0.0,0.4937322683065005,25.005289824915458,0.11942966720657741,0.0,0.02074007835624087,0.08826977348416114,0.0,0.0,wltp_class3b,RuleBasedEMS
567,7.1527,2032.623073237438,0.0,0.0,0.49374505813368674,25.005293078253843,0.11000617203882014,0.0,0.019103600312381935,0.08130492292949752,0.0,0.0,wltp_class3b,RuleBasedEMS
568,6.7951,1842.5587113721501,0.0,0.0,0.49375665190633994,25.005295570477074,0.09971983161245666,0.0,0.017317281121918705,0.073702348454886,0.0,0.0,wltp_class3b,RuleBasedEMS
569,6.4533,1648.0073368879182,0.0,0.0,0.4937670214257253,25.005297368227406,0.08919065271367846,0.0,0.015488790760224795,0.06592029347551673,0.0,0.0,wltp_class3b,RuleBasedEMS
570,6.1287,1457.609589400161,0.0,0.0,0.49377619285797975,25.005298564935977,0.07888626935716059,0.0,0.013699338246242115,0.05830438357600644,0.0,0.0,wltp_class3b,RuleBasedEMS
571,5.8214,1280.7469871828641,0.0,0.0,0.4937842513938695,25.005299270371694,0.06931441213340041,0.0,0.01203709574419985,0.05122987948731456,0.0,0.0,wltp_class3b,RuleBasedEMS
572,5.5308,1121.0626905256293,0.0,0.0,0.4937913051415611,25.00529958675709,0.060672249972958496,0.0,0.010536303482383734,0.04484250762102517,0.0,0.0,wltp_class3b,RuleBasedEMS
573,5.2549,985.2198687593102,0.0,0.0,0.4937975041286394,25.005299611703897,0.05332039560398131,0.0,0.009259585232700283,0.03940879475037241,0.0,0.0,wltp_class3b,RuleBasedEMS
574,4.9909,874.9003133922618,0.0,0.0,0.49380300895938356,25.00529942600167,0.04734986808870301,0.0,0.00822274730631825,0.03499601253569047,0.0,0.0,wltp_class3b,RuleBasedEMS
575,4.7353,790.5106630647133,0.0,0.0,0.49380798279231486,25.005299094083266,0.042782674832630124,0.0,0.00742961149496911,0.031620426522588535,0.0,0.0,wltp_class3b,RuleBasedEMS
576,4.4841,730.8589448609647,0.0,0.0,0.49381258128264843,25.005298665537723,0.03955430590307687,0.0,0.006868975045685758,0.029234357794438587,0.0,0.0,wltp_class3b,RuleBasedEMS
577,4.2329,693.826534387201,0.0,0.0,0.49381694675267623,25.00529817820079,0.03755010071066972,0.0,0.006520926075067679,0.027753061375488042,0.0,0.0,wltp_class3b,RuleBasedEMS
578,3.9774,674.622016527514,0.0,0.0,0.4938211913756168,25.005297658575273,0.036510746428308614,0.0,0.006340432486160846,0.02698488066110056,0.0,0.0,wltp_class3b,RuleBasedEMS
579,3.7134,668.3764090403587,0.0,0.0,0.49382539668832076,25.00529712473556,0.03617273227272558,0.0,0.006281733167672544,0.026735056361614346,0.0,0.0,wltp_class3b,RuleBasedEMS
580,3.4375,667.3932937622072,0.0,0.0,0.4938295958021766,25.005296584318703,0.03611952577819825,0.0,0.00627249336242676,0.02669573175048829,0.0,0.0,wltp_class3b,RuleBasedEMS
581,3.1468,665.6561272384635,0.0,0.0,0.4938337839733117,25.00529603720513,0.036025509803477136,0.0,0.006256166609384055,0.02662624508953854,0.0,0.0,wltp_class3b,RuleBasedEMS
582,2.8396,655.3517453855271,0.0,0.0,0.4938379072992178,25.005295473469925,0.035467833558534015,0.0,0.00615932091527751,0.026214069815421084,0.0,0.0,wltp_class3b,RuleBasedEMS
583,2.5149,631.5509001571677,0.0,0.0,0.4938418808643177,25.005294877740617,0.03417972465662626,0.0,0.005935628760875636,0.02526203600628671,0.0,0.0,wltp_class3b,RuleBasedEMS
584,2.1731,588.8051001902239,0.0,0.0,0.49384558547336244,25.005294230332606,0.031866309106535574,0.0,0.005533882520584812,0.023552204007608955,0.0,0.0,wltp_class3b,RuleBasedEMS
585,1.8155,525.1323466625427,0.0,0.0,0.49384888946192507,25.005293514134586,0.028420320535917153,0.0,0.004935454385926153,0.021005293866501705,0.0,0.0,wltp_class3b,RuleBasedEMS
586,1.2812,625.0353146006344,0.0,0.0,0.49385282200414743,25.005292905477752,0.033827099206732075,0.0,0.0058743920545172405,0.025001412584025374,0.0,0.0,wltp_class3b,RuleBasedEMS
587,0.9609,238.7591055471426,0.0,0.0,0.4938543242040615,25.00529198025697,0.012921714599461146,0.0,0.0022439765558941974,0.009550364221885705,0.0,0.0,wltp_class3b,RuleBasedEMS
588,0.6406,159.31137112507935,0.0,0.0,0.49385532654191255,25.00529102495778,0.008621979318483616,0.0,0.001497287322604129,0.006372454845003174,0.0,0.0,wltp_class3b,RuleBasedEMS
589,0.3203,79.69727579063489,0.0,0.0,0.4938558279721634,25.00529005164261,0.004313240534894661,0.0,0.0007490345469044632,0.0031878910316253954,0.0,0.0,wltp_class3b,RuleBasedEMS
590,0.0,0.0,0.0,0.0,0.4938558279721634,25.005289072402352,0.0,0.0,0.0,0.0,0.0,0.0,wltp_class3b,RuleBasedEMS
591,0.1594,-63.85092874105591,0.0,0.0,0.493855426242357,25.005288097173477,-0.0001200205427463457,0.0,0.0006001027137317285,0.0,0.0,0.0,wltp_class3b,RuleBasedEMS
592,0.3188,-127.71609659511402,0.0,0.0,0.4938546226930604,25.005287133721215,-0.00024006785074269553,0.0,0.0012003392537134777,0.0,0.0,0.0,wltp_class3b,RuleBasedEMS
593,0.4781,-191.49527581866673,0.0,0.0,0.49385341786492754,25.005286189781067,-0.0003599535259749375,0.0,0.0017997676298746872,0.0,0.0,0.0,wltp_class3b,RuleBasedEMS
594,0.6375,-255.5059790863443,0.0,0.0,0.4938518103006695,25.005285273220945,-0.0004802743967788427,0.0,0.0024013719838942133,0.0,0.0,0.0,wltp_class3b,RuleBasedEMS
595,0.7969,-319.4992587619757,0.0,0.0,0.49384980010905266,25.005284391860634,-0.0006005625164698791,0.0,0.0030028125823493954,0.0,0.0,0.0,wltp_class3b,RuleBasedEMS
596,0.9563,-383.5637250696737,0.0,0.0,0.4938473868411004,25.00528355360297,-0.0007209844456196875,0.0,0.003604922228098437,0.0,0.0,0.0,wltp_class3b,RuleBasedEMS
597,1.1157,-447.71361712244044,0.0,0.0,0.4938445699580207,25.005282766420066,-0.0008415669494782716,0.0,0.004207834747391358,0.0,0.0,0.0,wltp_class3b,RuleBasedEMS
598,1.275,-511.72449935742185,0.0,0.0,0.49384135033288634,25.005282038134695,-0.0009618881566868832,0.0,0.004809440783434416,0.0,0.0,0.0,wltp_class3b,RuleBasedEMS
599,1.3006,-251.55347598861775,0.0,0.0,0.4938397676274892,25.005281123037467,-0.00047284487967785296,0.0,0.0023642243983892646,0.0,0.0,0.0,wltp_class3b,RuleBasedEMS
600,1.5247,-766.2565608009999,0.0,0.0,0.4938349465488488,25.005280703977576,-0.001440331881204887,0.0,0.007201659406024435,0.0,0.0,0.0,wltp_class3b,RuleBasedEMS
601,1.7532,-893.8611491380294,0.0,0.0,0.49382932260352436,25.005280487101313,-0.001680190129958702,0.0,0.00840095064979351,0.0,0.0,0.0,wltp_class3b,RuleBasedEMS
602,1.9816,-1010.9920959309788,0.0,0.0,0.49382296168299383,25.005280483743853,-0.001900361082577028,0.0,0.00950180541288514,0.0,0.0,0.0,wltp_class3b,RuleBasedEMS
603,2.2058,-1112.178846055918,0.0,0.0,0.4938159640983088,25.005280686868762,-0.002090561740706613,0.0,0.010452808703533064,0.0,0.0,0.0,wltp_class3b,RuleBasedEMS
604,2.4215,-1190.3348059166653,0.0,0.0,0.49380847474873873,25.005281064369875,-0.00223747143969298,0.0,0.0111873571984649,0.0,0.0,0.0,wltp_class3b,RuleBasedEMS
605,2.6252,-1243.0450663335398,0.0,0.0,0.493800653729472,25.005281568260482,-0.0023365508765668046,0.0,0.011682754382834021,0.0,0.0,0.0,wltp_class3b,RuleBasedEMS
606,2.8143,-1270.3652044388007,0.0,0.0,0.4937926607882594,25.005282143017453,-0.002387904519621806,0.0,0.011939522598109029,0.0,0.0,0.0,wltp_class3b,RuleBasedEMS
607,2.9867,-1272.3483777243684,0.0,0.0,0.49378465534078053,25.005282729177594,-0.00239163228895558,0.0,0.011958161444777899,0.0,0.0,0.0,wltp_class3b,RuleBasedEMS
608,3.1417,-1255.092446457732,0.0,0.0,0.4937767584380399,25.00528328123321,-0.0023591963279280675,0.0,0.011795981639640338,0.0,0.0,0.0,wltp_class3b,RuleBasedEMS
609,3.2796,-1224.647071310867,0.0,0.0,0.4937690530688327,25.005283769323338,-0.002301968179155765,0.0,0.011509840895778825,0.0,0.0,0.0,wltp_class3b,RuleBasedEMS
610,3.4016,-1187.695284181168,0.0,0.0,0.4937615801738189,25.00528418063352,-0.0022325099326713687,0.0,0.011162549663356842,0.0,0.0,0.0,wltp_class3b,RuleBasedEMS
611,3.5103,-1154.5699234521053,0.0,0.0,0.49375431568033756,25.005284526020226,-0.0021702442170152356,0.0,0.010851221085076178,0.0,0.0,0.0,wltp_class3b,RuleBasedEMS
612,3.6086,-1130.002261689024,0.0,0.0,0.4937472057462426,25.00528482565539,-0.0021240644016710976,0.0,0.010620322008355488,0.0,0.0,0.0,wltp_class3b,RuleBasedEMS
613,3.7006,-1124.0035267629776,0.0,0.0,0.49374013353816276,25.00528511972338,-0.0021127885841409357,0.0,0.010563942920704677,0.0,0.0,0.0,wltp_class3b,RuleBasedEMS
614,3.7903,-1139.1800849438528,0.0,0.0,0.4937329658220828,25.005285453534757,-0.0021413159491425805,0.0,0.010706579745712902,0.0,0.0,0.0,wltp_class3b,RuleBasedEMS
615,3.8823,-1182.3266037846856,0.0,0.0,0.49372552661035607,25.005285889592667,-0.0022224184281667025,0.0,0.011112092140833512,0.0,0.0,0.0,wltp_class3b,RuleBasedEMS
616,3.9806,-1253.0758599192557,0.0,0.0,0.49371764222388215,25.005286496710166,-0.0023554057517279244,0.0,0.011777028758639622,0.0,0.0,0.0,wltp_class3b,RuleBasedEMS
617,4.0892,-1354.8806421877089,0.0,0.0,0.4937091172562575,25.005287363995766,-0.0025467681244129865,0.0,0.012733840622064932,0.0,0.0,0.0,wltp_class3b,RuleBasedEMS
618,4.2113,-1486.2744519964886,0.0,0.0,0.4936997655255113,25.005288594844117,-0.0027937489699182117,0.0,0.013968744849591057,0.0,0.0,0.0,wltp_class3b,RuleBasedEMS
619,4.3492,-1644.8449536731941,0.0,0.0,0.493689416024967,25.005290307717583,-0.0030918138226939743,0.0,0.01545906911346987,0.0,0.0,0.0,wltp_class3b,RuleBasedEMS
620,4.5042,-1826.8986866439486,0.0,0.0,0.4936779209838095,25.005292633317733,-0.0034340200876765955,0.0,0.017170100438382976,0.0,0.0,0.0,wltp_class3b,RuleBasedEMS
621,4.6766,-2027.7411679022064,0.0,0.0,0.4936651621654183,25.00529570917575,-0.003811543548688358,0.0,0.01905771774344179,0.0,0.0,0.0,wltp_class3b,RuleBasedEMS
622,4.8656,-2240.4726347712894,0.0,0.0,0.4936510647433881,25.00529966556861,-0.004211414727013702,0.0,0.02105707363506851,0.0,0.0,0.0,wltp_class3b,RuleBasedEMS
623,5.0694,-2457.040126778904,0.0,0.0,0.49363560455835626,25.005304610233562,-0.004618496478907714,0.0,0.02309248239453857,0.0,0.0,0.0,wltp_class3b,RuleBasedEMS
624,5.2851,-2666.335522501864,0.0,0.0,0.4936188273431147,25.0053106000072,-0.005011908876883204,0.0,0.025059544384416016,0.0,0.0,0.0,wltp_class3b,RuleBasedEMS
625,5.5092,-2859.1898931030814,0.0,0.0,0.49360083652316145,25.005317633776198,-0.0053744170922990255,0.0,0.026872085461495127,0.0,0.0,0.0,wltp_class3b,RuleBasedEMS
626,5.7377,-3025.689436701863,0.0,0.0,0.4935817979062845,25.005325635748743,-0.005687386159214029,0.0,0.028436930796070143,0.0,0.0,0.0,wltp_class3b,RuleBasedEMS
627,5.9662,-3155.5348091182577,0.0,0.0,0.49356194211169,25.00533444350133,-0.005931456408117026,0.0,0.02965728204058513,0.0,0.0,0.0,wltp_class3b,RuleBasedEMS
628,6.1903,-3241.5742072668213,0.0,0.0,0.4935415447678079,25.005343823156366,-0.006093184600125604,0.0,0.03046592300062802,0.0,0.0,0.0,wltp_class3b,RuleBasedEMS
629,6.406,-3281.020015167633,0.0,0.0,0.4935208990533317,25.005353501204894,-0.006167330855578258,0.0,0.030836654277891288,0.0,0.0,0.0,wltp_class3b,RuleBasedEMS
630,6.6098,-3273.3211719926244,0.0,0.0,0.4935003016246857,25.005363189037656,-0.006152859345850798,0.0,0.030764296729253987,0.0,0.0,0.0,wltp_class3b,RuleBasedEMS
631,6.7988,-3220.490606910767,0.0,0.0,0.49348003648191374,25.005372610843928,-0.00605355377238866,0.0,0.0302677688619433,0.0,0.0,0.0,wltp_class3b,RuleBasedEMS
632,6.9712,-3131.8392319433565,0.0,0.0,0.4934603290441772,25.005381557755253,-0.005886915849517588,0.0,0.029434579247587935,0.0,0.0,0.0,wltp_class3b,RuleBasedEMS
633,7.1262,-3017.715330320797,0.0,0.0,0.4934413396187578,25.005389896358732,-0.005672397237445108,0.0,0.028361986187225536,0.0,0.0,0.0,wltp_class3b,RuleBasedEMS
634,7.2641,-2891.333076708364,0.0,0.0,0.49342314536365006,25.005397580574922,-0.005434836610354068,0.0,0.02717418305177034,0.0,0.0,0.0,wltp_class3b,RuleBasedEMS
635,7.3862,-2766.1381570462795,0.0,0.0,0.493405738827325,25.005404642474144,-0.005199507813996767,0.0,0.02599753906998383,0.0,0.0,0.0,wltp_class3b,RuleBasedEMS
636,7.4948,-2656.515376518827,0.0,0.0,0.493389022036323,25.0054111850784,-0.004993449955862457,0.0,0.024967249779312285,0.0,0.0,0.0,wltp_class3b,RuleBasedEMS
637,7.5931,-2576.298108447077,0.0,0.0,0.49337280996305444,25.005417369273395,-0.004842665617381724,0.0,0.02421332808690862,0.0,0.0,0.0,wltp_class3b,RuleBasedEMS
638,7.6851,-2538.528835209859,0.0,0.0,0.49335683550112924,25.00542340596088,-0.0047716707428756755,0.0,0.023858353714378375,0.0,0.0,0.0,wltp_class3b,RuleBasedEMS
639,7.7748,-2546.659519228232,0.0,0.0,0.49334080981559764,25.005429515073875,-0.004786953983511715,0.0,0.023934769917558572,0.0,0.0,0.0,wltp_class3b,RuleBasedEMS
640,7.8668,-2611.573427101049,0.0,0.0,0.4933243755788839,25.005435974066536,-0.0049089726073328,0.0,0.024544863036663995,0.0,0.0,0.0,wltp_class3b,RuleBasedEMS
641,7.9651,-2729.5279321441694,0.0,0.0,0.49330719900806563,25.00544306420026,-0.005130691601774755,0.0,0.025653458008873774,0.0,0.0,0.0,wltp_class3b,RuleBasedEMS
642,8.0738,-2905.6420417878603,0.0,0.0,0.4932889140994875,25.005451132537242,-0.005461733161255377,0.0,0.02730866580627688,0.0,0.0,0.0,wltp_class3b,RuleBasedEMS
643,8.1958,-3128.642281711134,0.0,0.0,0.4932692257833252,25.00546051988722,-0.005880906544569801,0.0,0.029404532722849003,0.0,0.0,0.0,wltp_class3b,RuleBasedEMS
644,8.3337,-3398.534887058236,0.0,0.0,0.4932478389411701,25.00547162859818,-0.006388223471913978,0.0,0.031941117359569886,0.0,0.0,0.0,wltp_class3b,RuleBasedEMS
645,8.4887,-3700.5139043408603,0.0,0.0,0.4932245516171123,25.005484831286697,-0.006955853203648234,0.0,0.03477926601824117,0.0,0.0,0.0,wltp_class3b,RuleBasedEMS
646,8.6611,-4025.101055855007,0.0,0.0,0.4931992214919867,25.005500485179795,-0.007565979428298886,0.0,0.03782989714149443,0.0,0.0,0.0,wltp_class3b,RuleBasedEMS
647,8.8502,-4360.0629904611305,0.0,0.0,0.4931717832223733,25.005518889760975,-0.008195607124926937,0.0,0.04097803562463469,0.0,0.0,0.0,wltp_class3b,RuleBasedEMS
648,9.0539,-4685.388639515807,0.0,0.0,0.49314229738968124,25.005540187733633,-0.008807121502849262,0.0,0.0440356075142463,0.0,0.0,0.0,wltp_class3b,RuleBasedEMS
649,9.2696,-4991.5135520106505,0.0,0.0,0.49311088476408144,25.005564414048855,-0.009382544270696713,0.0,0.04691272135348356,0.0,0.0,0.0,wltp_class3b,RuleBasedEMS
650,9.4938,-5261.172422219889,0.0,0.0,0.49307777477247045,25.005591398108646,-0.009889421846277988,0.0,0.04944710923138994,0.0,0.0,0.0,wltp_class3b,RuleBasedEMS
651,9.7222,-5476.265961314962,0.0,0.0,0.49304331075511026,25.005620724599122,-0.01029373300999053,0.0,0.05146866504995265,0.0,0.0,0.0,wltp_class3b,RuleBasedEMS
652,9.8905,-4665.542806366831,0.0,0.0,0.49301394855666414,25.00564243974525,-0.008769817305200812,0.0,0.043849086526004055,0.0,0.0,0.0,wltp_class3b,RuleBasedEMS
653,10.0545,-4694.922426886341,0.0,0.0,0.49298440121114095,25.005664538969885,-0.008825042155801393,0.0,0.04412521077900696,0.0,0.0,0.0,wltp_class3b,RuleBasedEMS
654,10.21,-4651.385913324014,0.0,0.0,0.4929551276183223,25.005686377865704,-0.008743206603992509,0.0,0.04371603301996254,0.0,0.0,0.0,wltp_class3b,RuleBasedEMS
655,10.3536,-4543.064142666397,0.0,0.0,0.49292653552417326,25.005707395294856,-0.008539594253132325,0.0,0.042697971265661626,0.0,0.0,0.0,wltp_class3b,RuleBasedEMS
656,10.4824,-4374.736064789323,0.0,0.0,0.4928990026125777,25.00572710515033,-0.008223188091709254,0.0,0.04111594045854627,0.0,0.0,0.0,wltp_class3b,RuleBasedEMS
657,10.5947,-4164.367036146011,0.0,0.0,0.4928727935110275,25.005745215773768,-0.007827757586740623,0.0,0.03913878793370311,0.0,0.0,0.0,wltp_class3b,RuleBasedEMS
658,10.6895,-3923.2756402760147,0.0,0.0,0.4928481016164485,25.005761566571508,-0.007374578271195516,0.0,0.03687289135597758,0.0,0.0,0.0,wltp_class3b,RuleBasedEMS
659,10.7672,-3675.9041774204925,0.0,0.0,0.4928249664937104,25.005776206255867,-0.006909594318459573,0.0,0.03454797159229786,0.0,0.0,0.0,wltp_class3b,RuleBasedEMS
660,10.8291,-3439.364123350137,0.0,0.0,0.4928033200082056,25.005789303007525,-0.0064649701566731905,0.0,0.03232485078336595,0.0,0.0,0.0,wltp_class3b,RuleBasedEMS
661,10.8776,-3234.740580819193,0.0,0.0,0.4927829613142113,25.0058011399982,-0.006080339437630062,0.0,0.03040169718815031,0.0,0.0,0.0,wltp_class3b,RuleBasedEMS
662,10.9157,-3074.789727135473,0.0,0.0,0.4927636092736203,25.005812039832286,-0.005779679938224574,0.0,0.02889839969112287,0.0,0.0,0.0,wltp_class3b,RuleBasedEMS
663,10.9475,-2980.9216858451623,0.0,0.0,0.4927448479902293,25.00582240828027,-0.005603236251588651,0.0,0.028016181257943255,0.0,0.0,0.0,wltp_class3b,RuleBasedEMS
664,10.9771,-2955.5897102230324,0.0,0.0,0.4927262461201101,25.005832634404708,-0.005555619756058332,0.0,0.02777809878029166,0.0,0.0,0.0,wltp_class3b,RuleBasedEMS
665,11.0089,-3006.336855987991,0.0,0.0,0.4927073248385566,25.005843145129138,-0.005651009127796976,0.0,0.02825504563898488,0.0,0.0,0.0,wltp_class3b,RuleBasedEMS
666,11.047,-3130.4414188989113,0.0,0.0,0.49268762244408826,25.005854378369442,-0.005884288381388931,0.0,0.029421441906944654,0.0,0.0,0.0,wltp_class3b,RuleBasedEMS
667,11.0955,-3330.6676647768963,0.0,0.0,0.4926666598301318,25.005866846020155,-0.0062606535052197295,0.0,0.031303267526098646,0.0,0.0,0.0,wltp_class3b,RuleBasedEMS
668,11.1574,-3590.824208296358,0.0,0.0,0.49264405978630216,25.005881041161885,-0.0067496695644668385,0.0,0.03374834782233419,0.0,0.0,0.0,wltp_class3b,RuleBasedEMS
669,11.2351,-3903.4187225821706,0.0,0.0,0.49261949224724055,25.00589749380923,-0.007337253237936412,0.0,0.03668626618968206,0.0,0.0,0.0,wltp_class3b,RuleBasedEMS
670,11.3299,-4251.932067681636,0.0,0.0,0.4925927311045877,25.005916697228603,-0.007992353510679768,0.0,0.039961767553398836,0.0,0.0,0.0,wltp_class3b,RuleBasedEMS
671,11.4422,-4622.704444069961,0.0,0.0,0.4925636362112264,25.00593909848455,-0.00868929406780068,0.0,0.043446470339003396,0.0,0.0,0.0,wltp_class3b,RuleBasedEMS
672,11.571,-4991.826236694413,0.0,0.0,0.49253221789457,25.005964966730776,-0.009383132023861679,0.0,0.04691566011930839,0.0,0.0,0.0,wltp_class3b,RuleBasedEMS
673,11.7146,-5346.425424022937,0.0,0.0,0.49249856749199883,25.005994437462125,-0.010049671849667175,0.0,0.05024835924833587,0.0,0.0,0.0,wltp_class3b,RuleBasedEMS
674,11.8701,-5662.63111782201,0.0,0.0,0.49246292658313007,25.00602735997242,-0.010644043454552651,0.0,0.05322021727276326,0.0,0.0,0.0,wltp_class3b,RuleBasedEMS
675,12.0341,-5927.628703752076,0.0,0.0,0.4924256174104191,25.00606336841905,-0.011142159217579092,0.0,0.055710796087895455,0.0,0.0,0.0,wltp_class3b,RuleBasedEMS
676,12.2024,-6121.313892280167,0.0,0.0,0.49238708876898857,25.006101783220124,-0.011506229120827383,0.0,0.05753114560413691,0.0,0.0,0.0,wltp_class3b,RuleBasedEMS
677,12.3707,-6235.7194774608,0.0,0.0,0.4923478396232562,25.006141747100934,-0.01172127721327218,0.0,0.0586063860663609,0.0,0.0,0.0,wltp_class3b,RuleBasedEMS
678,12.5346,-6262.52557816893,0.0,0.0,0.4923084213318545,25.006182246393056,-0.01177166462061829,0.0,0.05885832310309145,0.0,0.0,0.0,wltp_class3b,RuleBasedEMS
679,12.6902,-6205.607590084203,0.0,0.0,0.49226936088982864,25.006222292294254,-0.011664675921210909,0.0,0.05832337960605454,0.0,0.0,0.0,wltp_class3b,RuleBasedEMS
680,12.8337,-6061.76486544778,0.0,0.0,0.49223120546577215,25.006260878888348,-0.011394294859864249,0.0,0.056971474299321236,0.0,0.0,0.0,wltp_class3b,RuleBasedEMS
681,12.9626,-5853.509656831669,0.0,0.0,0.49219436055061455,25.006297312236587,-0.01100283770081141,0.0,0.055014188504057045,0.0,0.0,0.0,wltp_class3b,RuleBasedEMS
682,13.0748,-5586.903119631044,0.0,0.0,0.49215919349833254,25.006331032395813,-0.010501697593291438,0.0,0.052508487966457185,0.0,0.0,0.0,wltp_class3b,RuleBasedEMS
683,13.1697,-5292.262651172209,0.0,0.0,0.4921258808371397,25.006361864979436,-0.009947862126263552,0.0,0.04973931063131776,0.0,0.0,0.0,wltp_class3b,RuleBasedEMS
684,13.2474,-4984.978179545172,0.0,0.0,0.49209450222070933,25.006389824735177,-0.009370259735987164,0.0,0.04685129867993582,0.0,0.0,0.0,wltp_class3b,RuleBasedEMS
685,13.3093,-4693.978006663405,0.0,0.0,0.4920649552034426,25.006415203659945,-0.00882326692981843,0.0,0.04411633464909215,0.0,0.0,0.0,wltp_class3b,RuleBasedEMS
686,13.3577,-4440.6384614131775,0.0,0.0,0.49203700277174195,25.00643844797002,-0.008347064777092439,0.0,0.041735323885462194,0.0,0.0,0.0,wltp_class3b,RuleBasedEMS
687,13.3959,-4248.811431717819,0.0,0.0,0.4920102577591242,25.006460145087942,-0.007986487653604922,0.0,0.03993243826802461,0.0,0.0,0.0,wltp_class3b,RuleBasedEMS
688,13.4277,-4131.928695808873,0.0,0.0,0.4919842484370043,25.00648092670627,-0.007766783262798634,0.0,0.03883391631399317,0.0,0.0,0.0,wltp_class3b,RuleBasedEMS
689,13.4572,-4099.113383594811,0.0,0.0,0.49195844563755015,25.00650145306782,-0.007705100345103029,0.0,0.038525501725515145,0.0,0.0,0.0,wltp_class3b,RuleBasedEMS
690,13.489,-4163.83327184433,0.0,0.0,0.4919322354061067,25.00652248300035,-0.00782675427038408,0.0,0.03913377135192039,0.0,0.0,0.0,wltp_class3b,RuleBasedEMS
691,13.5272,-4318.4759459353,0.0,0.0,0.49190505169438203,25.006544758128683,-0.008117435988600189,0.0,0.04058717994300094,0.0,0.0,0.0,wltp_class3b,RuleBasedEMS
692,13.5757,-4561.928659865371,0.0,0.0,0.4918763354462694,25.00656909770026,-0.008575053871927389,0.0,0.042875269359636946,0.0,0.0,0.0,wltp_class3b,RuleBasedEMS
693,13.6375,-4878.279509926185,0.0,0.0,0.49184562775242985,25.006596304512843,-0.009169698326928918,0.0,0.04584849163464459,0.0,0.0,0.0,wltp_class3b,RuleBasedEMS
694,13.7152,-5262.376331619436,0.0,0.0,0.491812502118723,25.006627267396574,-0.009891684833871123,0.0,0.04945842416935561,0.0,0.0,0.0,wltp_class3b,RuleBasedEMS
695,13.8101,-5689.42324946378,0.0,0.0,0.4917766881168525,25.006662761300728,-0.010694404604255227,0.0,0.05347202302127613,0.0,0.0,0.0,wltp_class3b,RuleBasedEMS
696,13.9223,-6135.695347727998,0.0,0.0,0.49173806464524167,25.00670339308231,-0.011533261931819545,0.0,0.05766630965909772,0.0,0.0,0.0,wltp_class3b,RuleBasedEMS
697,14.0512,-6587.209731250863,0.0,0.0,0.4916965986086308,25.00674964567556,-0.012381973179042976,0.0,0.061909865895214876,0.0,0.0,0.0,wltp_class3b,RuleBasedEMS
698,14.1948,-7012.854318060714,0.0,0.0,0.491652452750379,25.00680160229301,-0.013182056988835927,0.0,0.06591028494417964,0.0,0.0,0.0,wltp_class3b,RuleBasedEMS
699,14.3503,-7392.642270552147,0.0,0.0,0.4916059156318494,25.006859001475092,-0.013895944117579224,0.0,0.06947972058789612,0.0,0.0,0.0,wltp_class3b,RuleBasedEMS
700,14.5143,-7709.299000983868,0.0,0.0,0.49155738457012804,25.00692122644315,-0.014491163535683964,0.0,0.07245581767841981,0.0,0.0,0.0,wltp_class3b,RuleBasedEMS
701,14.6825,-7936.814552870548,0.0,0.0,0.4915074206407793,25.006987149421278,-0.014918824347501032,0.0,0.07459412173750515,0.0,0.0,0.0,wltp_class3b,RuleBasedEMS
702,14.8508,-8073.354056452028,0.0,0.0,0.4914565965050397,25.00705549037173,-0.015175477549721858,0.0,0.07587738774860929,0.0,0.0,0.0,wltp_class3b,RuleBasedEMS
703,15.0148,-8105.1696674347595,0.0,0.0,0.4914055714099904,25.007124677728424,-0.015235281329764587,0.0,0.07617640664882293,0.0,0.0,0.0,wltp_class3b,RuleBasedEMS
704,15.1703,-8030.249166238972,0.0,0.0,0.4913550173150379,25.007193078490175,-0.01509445331999807,0.0,0.07547226659999035,0.0,0.0,0.0,wltp_class3b,RuleBasedEMS
705,15.3139,-7862.066042113561,0.0,0.0,0.4913055214003992,25.007259292805397,-0.01477831962803301,0.0,0.07389159814016505,0.0,0.0,0.0,wltp_class3b,RuleBasedEMS
706,15.4428,-7610.9916479631365,0.0,0.0,0.4912576055867363,25.007322147716756,-0.014306375278126197,0.0,0.07153187639063098,0.0,0.0,0.0,wltp_class3b,RuleBasedEMS
707,15.555,-7293.905229175789,0.0,0.0,0.4912116855540342,25.0073808108199,-0.013710348175142462,0.0,0.06855174087571231,0.0,0.0,0.0,wltp_class3b,RuleBasedEMS
708,15.6498,-6941.897257842306,0.0,0.0,0.49116798125938144,25.007434967972888,-0.013048679056094562,0.0,0.06524339528047281,0.0,0.0,0.0,wltp_class3b,RuleBasedEMS
709,15.7275,-6580.47964785463,0.0,0.0,0.4911265520427549,25.007484687754978,-0.01236932264634329,0.0,0.061846613231716446,0.0,0.0,0.0,wltp_class3b,RuleBasedEMS
710,15.7894,-6236.360167226431,0.0,0.0,0.49108728908811844,25.007530371926325,-0.011722481517342917,0.0,0.05861240758671458,0.0,0.0,0.0,wltp_class3b,RuleBasedEMS
711,15.8379,-5939.619400873156,0.0,0.0,0.4910498941817358,25.007572728762717,-0.011164698121942025,0.0,0.05582349060971012,0.0,0.0,0.0,wltp_class3b,RuleBasedEMS
712,15.8761,-5710.845006786519,0.0,0.0,0.491013939473798,25.007612615789967,-0.010734671065388194,0.0,0.053673355326940966,0.0,0.0,0.0,wltp_class3b,RuleBasedEMS
713,15.9078,-5570.794066831598,0.0,0.0,0.49097886641147925,25.007651030330685,-0.010471417418856387,0.0,0.05235708709428193,0.0,0.0,0.0,wltp_class3b,RuleBasedEMS
714,15.9374,-5537.900375921988,0.0,0.0,0.49094400036624597,25.007689104179608,-0.010409587172785692,0.0,0.05204793586392845,0.0,0.0,0.0,wltp_class3b,RuleBasedEMS
715,15.9692,-5613.094518194724,0.0,0.0,0.490908660832142,25.00772797304262,-0.010550929545478805,0.0,0.05275464772739402,0.0,0.0,0.0,wltp_class3b,RuleBasedEMS
716,16.0074,-5797.341512150532,0.0,0.0,0.4908721612095474,25.007768843138546,-0.010897258481485964,0.0,0.05448629240742982,0.0,0.0,0.0,wltp_class3b,RuleBasedEMS
717,16.0558,-6084.22232439927,0.0,0.0,0.49083385529270523,25.007812974287337,-0.011436508128570057,0.0,0.057182540642850284,0.0,0.0,0.0,wltp_class3b,RuleBasedEMS
718,16.1177,-6464.959254036212,0.0,0.0,0.490793152117004,25.007861698388886,-0.012152179048940248,0.0,0.06076089524470124,0.0,0.0,0.0,wltp_class3b,RuleBasedEMS
719,16.1954,-6917.998767972788,0.0,0.0,0.49074959639193505,25.007916278634323,-0.013003757082655618,0.0,0.06501878541327809,0.0,0.0,0.0,wltp_class3b,RuleBasedEMS
720,16.2902,-7421.208970733334,0.0,0.0,0.49070287214239605,25.00797786125693,-0.013949640922431082,0.0,0.0697482046121554,0.0,0.0,0.0,wltp_class3b,RuleBasedEMS
721,16.4025,-7954.1675700080405,0.0,0.0,0.4906527919470383,25.00804743383991,-0.014951442800766993,0.0,0.07475721400383496,0.0,0.0,0.0,wltp_class3b,RuleBasedEMS
722,16.2238,-468.11022244295646,0.0,0.0,0.49064984465120237,25.008057578193256,-0.0008799064331634519,0.0,0.0043995321658172595,0.0,0.0,0.0,wltp_class3b,RuleBasedEMS
723,16.0598,-780.7890529176581,0.0,0.0,0.4906449287603539,25.008067401690646,-0.0014676485957098835,0.0,0.007338242978549418,0.0,0.0,0.0,wltp_class3b,RuleBasedEMS
724,15.9078,-1025.0518401649324,0.0,0.0,0.49063847507233854,25.008077034722607,-0.0019267891732423542,0.0,0.00963394586621177,0.0,0.0,0.0,wltp_class3b,RuleBasedEMS
725,15.7643,-1182.2615172896296,0.0,0.0,0.49063103169736294,25.00808645489353,-0.002222296085130883,0.0,0.011111480425654414,0.0,0.0,0.0,wltp_class3b,RuleBasedEMS
726,15.625,-1233.86476304795,0.0,0.0,0.4906232635304363,25.00809550233961,-0.0023192946673833647,0.0,0.011596473336916824,0.0,0.0,0.0,wltp_class3b,RuleBasedEMS
727,15.4857,-1183.540540510212,0.0,0.0,0.4906158122822033,25.008103978260046,-0.0022247002641169397,0.0,0.011123501320584699,0.0,0.0,0.0,wltp_class3b,RuleBasedEMS
728,15.3422,-1032.567912902061,0.0,0.0,0.49060931159118987,25.008111701668067,-0.0019409171295151522,0.0,0.00970458564757576,0.0,0.0,0.0,wltp_class3b,RuleBasedEMS
729,15.1902,-780.1816817631742,0.0,0.0,0.4906043998938489,25.008118564794245,-0.0014665069206074705,0.0,0.007332534603037352,0.0,0.0,0.0,wltp_class3b,RuleBasedEMS
730,15.0262,-447.6377010212139,0.0,0.0,0.4906015817883502,25.008124612399733,-0.0008414242500398759,0.0,0.004207121250199379,0.0,0.0,0.0,wltp_class3b,RuleBasedEMS
731,14.8475,-56.356879066987645,0.0,0.0,0.4906012269978814,25.00813003582002,-0.00010593398320862341,0.0,0.000529669916043117,0.0,0.0,0.0,wltp_class3b,RuleBasedEMS
732,14.6522,267.9845826895881,0.0,0.0,0.490602914051304,25.00813507490475,0.014503406212027482,0.0,0.0025186520929472564,0.010719383307583524,0.0,0.0,wltp_class3b,RuleBasedEMS
733,14.4395,583.1867030892781,0.0,0.0,0.4906065853554524,25.00813991662143,0.0315622397656889,0.0,0.005481078036553366,0.023327468123571126,0.0,0.0,wltp_class3b,RuleBasedEMS
734,14.2097,885.5177889827645,0.0,0.0,0.49061215982438544,25.008144728535243,0.047924489060886755,0.0,0.008322535610740268,0.03542071155931058,0.0,0.0,wltp_class3b,RuleBasedEMS
735,13.964,1159.6582308872098,0.0,0.0,0.4906194599349942,25.00814962561036,0.06276105222500852,0.0,0.010899043523376032,0.04638632923548839,0.0,0.0,wltp_class3b,RuleBasedEMS
736,13.7049,1385.2750218034034,0.0,0.0,0.4906281801752992,25.008154629592497,0.07497150080406689,0.0,0.013019502084618453,0.055411000872136136,0.0,0.0,wltp_class3b,RuleBasedEMS
737,13.4356,1552.9723685023132,0.0,0.0,0.4906379559028246,25.008159677852337,0.08404733164270414,0.0,0.014595604967127003,0.06211889474009253,0.0,0.0,wltp_class3b,RuleBasedEMS
738,13.1598,1657.620883859989,0.0,0.0,0.49064839020610274,25.00816464180629,0.08971094076709925,0.0,0.015579143645300648,0.06630483535439956,0.0,0.0,wltp_class3b,RuleBasedEMS
739,12.8819,1692.2457503754604,0.0,0.0,0.4906590422914093,25.008169337658277,0.09158484895641024,0.0,0.015904565323077637,0.06768983001501841,0.0,0.0,wltp_class3b,RuleBasedEMS
740,12.6061,1663.7515018678057,0.0,0.0,0.49066951484993804,25.0081735935964,0.09004273165747718,0.0,0.015636762235599677,0.06655006007471223,0.0,0.0,wltp_class3b,RuleBasedEMS
741,12.3367,1574.7403137161166,0.0,0.0,0.49067942697281214,25.008177258225437,0.08522541938442561,0.0,0.014800190918384554,0.06298961254864466,0.0,0.0,wltp_class3b,RuleBasedEMS
742,12.0776,1434.5721532758735,0.0,0.0,0.4906884566842107,25.008180237462096,0.07763947638556193,0.0,0.013482820989434902,0.05738288613103494,0.0,0.0,wltp_class3b,RuleBasedEMS
743,11.832,1255.8129018461593,0.0,0.0,0.490696361114409,25.00818250775012,0.06796497193600493,0.0,0.011802752836899993,0.05023251607384637,0.0,0.0,wltp_class3b,RuleBasedEMS
744,11.6021,1053.7714674435667,0.0,0.0,0.49070299375822635,25.008184113917896,0.05703042874179543,0.0,0.009903867175221492,0.04215085869774267,0.0,0.0,wltp_class3b,RuleBasedEMS
745,11.3894,838.5456065566307,0.0,0.0,0.49070827166870007,25.00818514130825,0.04538234042101223,0.0,0.007881067730795402,0.03354182426226523,0.0,0.0,wltp_class3b,RuleBasedEMS
746,11.1942,625.5869284381988,0.0,0.0,0.49071220915060865,25.008185706874738,0.03385695271351996,0.0,0.005879576395095854,0.025023477137527953,0.0,0.0,wltp_class3b,RuleBasedEMS
747,11.0155,430.4785154945539,0.0,0.0,0.49071491858367344,25.008185934180243,0.023297626725787963,0.0,0.004045850709535281,0.017219140619782157,0.0,0.0,wltp_class3b,RuleBasedEMS
748,10.8515,261.82847539929094,0.0,0.0,0.4907165665194595,25.008185927729876,0.01417023583401576,0.0,0.0024607939417226592,0.010473139015971638,0.0,0.0,wltp_class3b,RuleBasedEMS
749,10.6995,129.14647462352625,0.0,0.0,0.49071737935521026,25.00818576554171,0.006989446047670239,0.0,0.001213782656236149,0.0051658589849410495,0.0,0.0,wltp_class3b,RuleBasedEMS
750,10.5559,41.69635921547079,0.0,0.0,0.49071764178643956,25.00818549586056,0.0022566195009996897,0.0,0.0003918830753333721,0.0016678543686188317,0.0,0.0,wltp_class3b,RuleBasedEMS
751,10.4167,2.6428441726642244,0.0,0.0,0.4907176584200414,25.008185141235142,0.00014303152146494052,0.0,2.4838761021280304e-05,0.00010571376690656898,0.0,0.0,wltp_class3b,RuleBasedEMS
752,10.2774,16.257711392560676,0.0,0.0,0.49071776074266454,25.008184710687544,0.0008798722301026447,0.0,0.00015279803940376576,0.000650308455702427,0.0,0.0,wltp_class3b,RuleBasedEMS
753,10.1338,77.36618701492067,0.0,0.0,0.49071824766648686,25.008184213865263,0.004187081309273676,0.0,0.0007271258178094047,0.003094647480596827,0.0,0.0,wltp_class3b,RuleBasedEMS
754,9.9818,182.990631938096,0.0,0.0,0.4907193993582177,25.008183673783833,0.009903508035266276,0.0,0.0017198367663354885,0.00731962527752384,0.0,0.0,wltp_class3b,RuleBasedEMS
755,9.8179,324.2806553260151,0.0,0.0,0.49072144027791614,25.00818313301894,0.017550166594260574,0.0,0.003047750519981345,0.012971226213040605,0.0,0.0,wltp_class3b,RuleBasedEMS
756,9.6392,492.29744453683526,0.0,0.0,0.49072453862316934,25.008182653337773,0.026643285757715338,0.0,0.004626855681737174,0.01969189778147341,0.0,0.0,wltp_class3b,RuleBasedEMS
757,9.4439,672.7531425618552,0.0,0.0,0.49072877266505716,25.008182303149507,0.0364096024072198,0.0,0.006322867881220443,0.026910125702474207,0.0,0.0,wltp_class3b,RuleBasedEMS
758,9.2312,852.9686135370752,0.0,0.0,0.4907341408747408,25.008182143170764,0.04616291789654035,0.0,0.008016622307679277,0.034118744541483004,0.0,0.0,wltp_class3b,RuleBasedEMS
759,9.0013,1021.0447964972209,0.0,0.0,0.4907405668351616,25.008182211408617,0.055259251467571394,0.0,0.009596285681364858,0.040841791859888836,0.0,0.0,wltp_class3b,RuleBasedEMS
760,8.7557,1163.2555939655347,0.0,0.0,0.49074788774531314,25.008182504892993,0.06295574259672118,0.0,0.010932853326743748,0.046530223758621383,0.0,0.0,wltp_class3b,RuleBasedEMS
761,8.4966,1273.3245032373322,0.0,0.0,0.49075590130713914,25.008182985883266,0.06891270506994222,0.0,0.011967335556741844,0.05093298012949329,0.0,0.0,wltp_class3b,RuleBasedEMS
762,8.2273,1342.5876924414279,0.0,0.0,0.4907643507031977,25.008183575682455,0.07266124970070224,0.0,0.012618305380088608,0.05370350769765712,0.0,0.0,wltp_class3b,RuleBasedEMS
763,7.9515,1370.4365264328862,0.0,0.0,0.49077297529298164,25.008184179115684,0.07416843697190913,0.0,0.012880042541662464,0.05481746105731545,0.0,0.0,wltp_class3b,RuleBasedEMS
764,7.6735,1355.493226311136,0.0,0.0,0.4907815057727525,25.00818469174834,0.0733597010750944,0.0,0.012739597991646014,0.05421972905244544,0.0,0.0,wltp_class3b,RuleBasedEMS
765,7.3977,1301.5192505043706,0.0,0.0,0.4907896965179337,25.008185022561143,0.07043861327165758,0.0,0.012232323782935813,0.052060770020174826,0.0,0.0,wltp_class3b,RuleBasedEMS
766,7.1284,1214.009611329136,0.0,0.0,0.49079733649124563,25.00818510525854,0.06570256528080541,0.0,0.011409864768130978,0.04856038445316544,0.0,0.0,wltp_class3b,RuleBasedEMS
767,6.8693,1101.9192327611465,0.0,0.0,0.4908042710144579,25.008184908652844,0.05963620028131377,0.0,0.01035638376655213,0.04407676931044586,0.0,0.0,wltp_class3b,RuleBasedEMS
768,6.6237,971.6322126409322,0.0,0.0,0.49081038558744117,25.00818442846428,0.052585027568341575,0.0,0.009131881697753122,0.03886528850563729,0.0,0.0,wltp_class3b,RuleBasedEMS
769,6.3938,833.5523567933219,0.0,0.0,0.490815631182676,25.00818368960616,0.045112104242092714,0.0,0.00783413869166656,0.033342094271732875,0.0,0.0,wltp_class3b,RuleBasedEMS
770,6.1811,693.7250765521318,0.0,0.0,0.49081999681575256,25.008182730304174,0.03754460978212214,0.0,0.0065199725239862005,0.027749003062085272,0.0,0.0,wltp_class3b,RuleBasedEMS
771,5.9858,561.1553716537969,0.0,0.0,0.4908235281691634,25.008181598964057,0.03036989748243632,0.0,0.00527401665088155,0.02244621486615188,0.0,0.0,wltp_class3b,RuleBasedEMS
772,5.8071,441.60006162945814,0.0,0.0,0.49082630715069525,25.008180342618733,0.02389952814743488,0.0,0.004150376519073855,0.017664002465178325,0.0,0.0,wltp_class3b,RuleBasedEMS
773,5.6432,340.06270253643385,0.0,0.0,0.4908284471530066,25.00817900203904,0.0184042957357688,0.0,0.003196078031357461,0.013602508101457354,0.0,0.0,wltp_class3b,RuleBasedEMS
774,5.4912,261.6371954173406,0.0,0.0,0.4908300936222604,25.008177609555183,0.014159883703864793,0.0,0.0024589961975313964,0.010465487816693623,0.0,0.0,wltp_class3b,RuleBasedEMS
775,5.3476,207.99642702917657,0.0,0.0,0.49083140253009583,25.008176187375234,0.011256829186135435,0.0,0.001954853637492261,0.008319857081167063,0.0,0.0,wltp_class3b,RuleBasedEMS
776,5.2083,180.72617559089332,0.0,0.0,0.4908325398258435,25.00817475029467,0.009780954976716166,0.0,0.0016985542818692982,0.007229047023635733,0.0,0.0,wltp_class3b,RuleBasedEMS
777,5.0691,178.38776040801892,0.0,0.0,0.4908336624041416,25.008173308199275,0.009654399243736242,0.0,0.0016765766955640876,0.007135510416320757,0.0,0.0,wltp_class3b,RuleBasedEMS
778,4.9255,200.58959089923397,0.0,0.0,0.49083492469443285,25.00817187023157,0.010855968987163055,0.0,0.001885240515970244,0.00802358363596936,0.0,0.0,wltp_class3b,RuleBasedEMS
779,4.7735,242.2774981259794,0.0,0.0,0.49083644931993586,25.008170446077017,0.013112131063990977,0.0,0.0022770441553193552,0.009691099925039177,0.0,0.0,wltp_class3b,RuleBasedEMS
780,4.6095,298.89794017198454,0.0,0.0,0.4908383302482047,25.008169047310297,0.016176446416225145,0.0,0.0028091911670299298,0.011955917606879382,0.0,0.0,wltp_class3b,RuleBasedEMS
781,4.4308,363.2789007533804,0.0,0.0,0.4908406163135354,25.00816768526599,0.019660763365585206,0.0,0.0034142753830204925,0.014531156030135217,0.0,0.0,wltp_class3b,RuleBasedEMS
782,4.2356,428.5714082858483,0.0,0.0,0.49084331325013864,25.0081663685283,0.023194413510086734,0.0,0.0040279267696038375,0.01714285633143393,0.0,0.0,wltp_class3b,RuleBasedEMS
783,4.0229,488.8798993255084,0.0,0.0,0.49084638969216754,25.008165100599292,0.02645832718304518,0.0,0.004594735895916432,0.019555195973020335,0.0,0.0,wltp_class3b,RuleBasedEMS
784,3.793,536.8852383205533,0.0,0.0,0.4908497682158585,25.008163875887142,0.029056390567152948,0.0,0.005045913893990162,0.02147540953282213,0.0,0.0,wltp_class3b,RuleBasedEMS
785,3.5474,567.1970372361716,0.0,0.0,0.4908533374773797,25.00816267975404,0.03069687424079671,0.0,0.00533079922214447,0.022687881489446865,0.0,0.0,wltp_class3b,RuleBasedEMS
786,3.2883,577.9454868074461,0.0,0.0,0.4908569743675987,25.00816149257996,0.031278583564210496,0.0,0.005431818485032388,0.02311781947229784,0.0,0.0,wltp_class3b,RuleBasedEMS
787,3.0189,567.5863987547654,0.0,0.0,0.4908605460613294,25.008160291963698,0.030717946603284217,0.0,0.005334458634913208,0.022703455950190615,0.0,0.0,wltp_class3b,RuleBasedEMS
788,2.7431,537.2346194765228,0.0,0.0,0.4908639267500759,25.00815905790934,0.029075299180391055,0.0,0.005049197551471079,0.02148938477906091,0.0,0.0,wltp_class3b,RuleBasedEMS
789,2.4652,490.11155301272186,0.0,0.0,0.4908670108978577,25.008157776828877,0.026524984651019334,0.0,0.004606311588465431,0.019604462120508873,0.0,0.0,wltp_class3b,RuleBasedEMS
790,2.1894,431.3154824526586,0.0,0.0,0.49086972505151494,25.008156443703164,0.023342923629279977,0.0,0.0040537169403445355,0.017252619298106345,0.0,0.0,wltp_class3b,RuleBasedEMS
791,1.9201,365.1810976307901,0.0,0.0,0.4908720230351457,25.00815506030717,0.0197637108326799,0.0,0.003432153173221711,0.014607243905231604,0.0,0.0,wltp_class3b,RuleBasedEMS
792,1.661,297.5781804788737,0.0,0.0,0.49087389560964784,25.00815363435722,0.016105020624713782,0.0,0.0027967874105157306,0.011903127219154949,0.0,0.0,wltp_class3b,RuleBasedEMS
793,1.4153,232.77003622404206,0.0,0.0,0.49087536036332535,25.00815217591189,0.012597584366471088,0.0,0.002187688310376335,0.009310801448961683,0.0,0.0,wltp_class3b,RuleBasedEMS
794,1.1855,174.16307522724344,0.0,0.0,0.49087645631958543,25.008150695045984,0.009425758011170663,0.0,0.0016368710077748444,0.006966523009089737,0.0,0.0,wltp_class3b,RuleBasedEMS
795,1.25,-317.3111165364583,0.0,0.0,0.4908744595767313,25.00814928096034,-0.0005964494671737939,0.0,0.0029822473358689693,0.0,0.0,0.0,wltp_class3b,RuleBasedEMS
796,1.0417,128.09388090812703,0.0,0.0,0.4908752656336321,25.00814778750562,0.006932479359223296,0.0,0.0012038898581590886,0.005123755236325082,0.0,0.0,wltp_class3b,RuleBasedEMS
797,0.8333,102.69842879118926,0.0,0.0,0.49087591188413576,25.008146288719683,0.005558069852924663,0.0,0.0009652107969096734,0.00410793715164757,0.0,0.0,wltp_class3b,RuleBasedEMS
798,0.625,77.03699951171878,0.0,0.0,0.49087639665474153,25.008144785810007,0.00416926558259663,0.0,0.0007240319502981088,0.003081479980468751,0.0,0.0,wltp_class3b,RuleBasedEMS
799,0.4167,51.40025481174042,0.0,0.0,0.4908767201009458,25.008143280042315,0.0027817972491346425,0.0,0.00048308510161410164,0.0020560101924696167,0.0,0.0,wltp_class3b,RuleBasedEMS
800,0.2083,25.72873579792752,0.0,0.0,0.49087688200403856,25.008141772669347,0.001392446919349491,0.0,0.00024181142667225114,0.0010291494319171009,0.0,0.0,wltp_class3b,RuleBasedEMS
801,0.0,0.0,0.0,0.0,0.49087688200403856,25.008140264944583,0.0,0.0,0.0,0.0,0.0,0.0,wltp_class3b,RuleBasedEMS
802,0.1562,-61.79148199738392,0.0,0.0,0.49087649316912496,25.00813876111092,-0.00011614940225072165,0.0,0.0005807470112536082,0.0,0.0,0.0,wltp_class3b,RuleBasedEMS
803,0.3125,-123.68454869588213,0.0,0.0,0.4908757148599023,25.008137268425667,-0.0002324897531877484,0.0,0.0011624487659387419,0.0,0.0,0.0,wltp_class3b,RuleBasedEMS
804,0.4688,-185.58015782992055,0.0,0.0,0.49087454705997335,25.00813579415329,-0.00034883488313894843,0.0,0.0017441744156947421,0.0,0.0,0.0,wltp_class3b,RuleBasedEMS
805,0.625,-247.37916734483508,0.0,0.0,0.4908729903765776,25.00813434552684,-0.00046499843485871257,0.0,0.0023249921742935628,0.0,0.0,0.0,wltp_class3b,RuleBasedEMS
806,0.7812,-309.3047130638377,0.0,0.0,0.49087104401260284,25.008132929897055,-0.0005813998365861612,0.0,0.0029069991829308054,0.0,0.0,0.0,wltp_class3b,RuleBasedEMS
807,0.9375,-371.48281478881836,0.0,0.0,0.49086870637771113,25.00813155477497,-0.0006982759676481548,0.0,0.003491379838240774,0.0,0.0,0.0,wltp_class3b,RuleBasedEMS
808,1.0938,-433.619917153753,0.0,0.0,0.49086597772861057,25.008130227552673,-0.0008150750322438966,0.0,0.004075375161219483,0.0,0.0,0.0,wltp_class3b,RuleBasedEMS
809,1.25,-495.6166720920137,0.0,0.0,0.49086285894697945,25.008128955552127,-0.0009316102858872438,0.0,0.004658051429436219,0.0,0.0,0.0,wltp_class3b,RuleBasedEMS
810,1.6203,-1183.0791891941258,0.0,0.0,0.4908554141382526,25.008128776374807,-0.0022238330623949734,0.0,0.011119165311974866,0.0,0.0,0.0,wltp_class3b,RuleBasedEMS
811,1.7258,-549.5919187761899,0.0,0.0,0.4908519556862392,25.008127561043715,-0.0010330675164965976,0.0,0.005165337582482988,0.0,0.0,0.0,wltp_class3b,RuleBasedEMS
812,1.821,-551.0927823094016,0.0,0.0,0.49084848778421525,25.008126348697147,-0.0010358886885515068,0.0,0.005179443442757534,0.0,0.0,0.0,wltp_class3b,RuleBasedEMS
813,1.9098,-559.3241196315811,0.0,0.0,0.49084496807888134,25.00812514652683,-0.0010513611271270322,0.0,0.005256805635635161,0.0,0.0,0.0,wltp_class3b,RuleBasedEMS
814,1.9964,-578.2503010256704,0.0,0.0,0.4908413292697012,25.008123966373343,-0.0010869366560632904,0.0,0.0054346832803164515,0.0,0.0,0.0,wltp_class3b,RuleBasedEMS
815,2.0852,-611.5497805009854,0.0,0.0,0.4908374809079115,25.008122825504856,-0.0011495296625958372,0.0,0.005747648312979186,0.0,0.0,0.0,wltp_class3b,RuleBasedEMS
816,2.1805,-662.0661534074676,0.0,0.0,0.4908333146499028,25.0081217475235,-0.0012444852507659167,0.0,0.006222426253829583,0.0,0.0,0.0,wltp_class3b,RuleBasedEMS
817,2.286,-731.0015576613475,0.0,0.0,0.4908287145863697,25.00812076272226,-0.0013740630783108038,0.0,0.0068703153915540185,0.0,0.0,0.0,wltp_class3b,RuleBasedEMS
818,2.4049,-819.9373591842818,0.0,0.0,0.4908235548556505,25.00811991117461,-0.0015412356375644398,0.0,0.007706178187822198,0.0,0.0,0.0,wltp_class3b,RuleBasedEMS
819,2.5396,-929.271414314823,0.0,0.0,0.4908177070910161,25.008119243910215,-0.0017467507787872615,0.0,0.008733753893936307,0.0,0.0,0.0,wltp_class3b,RuleBasedEMS
820,2.6915,-1058.1192781526831,0.0,0.0,0.4908110484896455,25.008118823048,-0.001988946011565194,0.0,0.009944730057825969,0.0,0.0,0.0,wltp_class3b,RuleBasedEMS
821,2.8608,-1203.6848672030599,0.0,0.0,0.4908034738420098,25.00811871884771,-0.002262565539855376,0.0,0.011312827699276879,0.0,0.0,0.0,wltp_class3b,RuleBasedEMS
822,3.0467,-1362.5356262925109,0.0,0.0,0.4907948995369763,25.008119006804655,-0.002561157192279156,0.0,0.012805785961395779,0.0,0.0,0.0,wltp_class3b,RuleBasedEMS
823,3.2473,-1528.9046645951673,0.0,0.0,0.49078527825161644,25.00811975799582,-0.002873880948487157,0.0,0.014369404742435784,0.0,0.0,0.0,wltp_class3b,RuleBasedEMS
824,3.4599,-1696.477420326854,0.0,0.0,0.4907746023981433,25.008121030619012,-0.003188867331441455,0.0,0.015944336657207275,0.0,0.0,0.0,wltp_class3b,RuleBasedEMS
825,3.6809,-1856.3402309749479,0.0,0.0,0.4907629204808274,25.008122852946656,-0.003489361336419075,0.0,0.017446806682095375,0.0,0.0,0.0,wltp_class3b,RuleBasedEMS
826,3.9062,-2000.003510509824,0.0,0.0,0.49075033442883237,25.008125214303494,-0.003759405094943279,0.0,0.018797025474716393,0.0,0.0,0.0,wltp_class3b,RuleBasedEMS
827,4.1316,-2120.4387591921227,0.0,0.0,0.4907369904033531,25.008128062687163,-0.0039857871413385764,0.0,0.019928935706692883,0.0,0.0,0.0,wltp_class3b,RuleBasedEMS
828,4.3526,-2208.8523671179896,0.0,0.0,0.4907230899073769,25.008131293366734,-0.004151978133680432,0.0,0.02075989066840216,0.0,0.0,0.0,wltp_class3b,RuleBasedEMS
829,4.5652,-2262.1620499269616,0.0,0.0,0.49070885384578766,25.008134772094536,-0.004252184304373988,0.0,0.021260921521869938,0.0,0.0,0.0,wltp_class3b,RuleBasedEMS
830,4.7658,-2277.8294938344,0.0,0.0,0.49069451910301787,25.00813834261769,-0.004281634386906767,0.0,0.021408171934533836,0.0,0.0,0.0,wltp_class3b,RuleBasedEMS
831,4.9517,-2258.693618446477,0.0,0.0,0.49068030470364377,25.008141856830918,-0.004245664696327965,0.0,0.021228323481639822,0.0,0.0,0.0,wltp_class3b,RuleBasedEMS
832,5.121,-2208.800486841978,0.0,0.0,0.4906664042147957,25.008145186569774,-0.004151880614364621,0.0,0.020759403071823102,0.0,0.0,0.0,wltp_class3b,RuleBasedEMS
833,5.2729,-2136.476608649905,0.0,0.0,0.490652958807011,25.008148245198175,-0.004015933474905836,0.0,0.02007966737452918,0.0,0.0,0.0,wltp_class3b,RuleBasedEMS
834,5.4076,-2050.929678104803,0.0,0.0,0.4906400517067255,25.00815099024529,-0.0038551309738812088,0.0,0.019275654869406043,0.0,0.0,0.0,wltp_class3b,RuleBasedEMS
835,5.5265,-1964.4055525099045,0.0,0.0,0.49062768907424054,25.008153430502393,-0.0036924916400562116,0.0,0.018462458200281057,0.0,0.0,0.0,wltp_class3b,RuleBasedEMS
836,5.632,-1888.3947987235201,0.0,0.0,0.4906158047550165,25.008155615911058,-0.003549614283314888,0.0,0.01774807141657444,0.0,0.0,0.0,wltp_class3b,RuleBasedEMS
837,5.7273,-1833.1084426296484,0.0,0.0,0.49060426833082466,25.008157627232833,-0.0034456925613339257,0.0,0.017228462806669627,0.0,0.0,0.0,wltp_class3b,RuleBasedEMS
838,5.8161,-1806.2163597311185,0.0,0.0,0.4905929011112095,25.008159565214733,-0.0033951435333291705,0.0,0.01697571766664585,0.0,0.0,0.0,wltp_class3b,RuleBasedEMS
839,5.9027,-1816.4201251143488,0.0,0.0,0.4905814696400367,25.008161556685863,-0.003414323543448025,0.0,0.017071617717240122,0.0,0.0,0.0,wltp_class3b,RuleBasedEMS
840,5.9915,-1867.9586185956275,0.0,0.0,0.4905697137803865,25.008163746440296,-0.0035112004108940366,0.0,0.017556002054470183,0.0,0.0,0.0,wltp_class3b,RuleBasedEMS
841,6.0867,-1962.336403845516,0.0,0.0,0.49055736392232674,25.008166297968224,-0.0036886022628675116,0.0,0.018443011314337558,0.0,0.0,0.0,wltp_class3b,RuleBasedEMS
842,6.1922,-2100.2624155183266,0.0,0.0,0.4905441459896198,25.008169401653564,-0.003947861683305126,0.0,0.019739308416525627,0.0,0.0,0.0,wltp_class3b,RuleBasedEMS
843,6.3112,-2278.662302500072,0.0,0.0,0.490529805248935,25.008173269934243,-0.004283199816729459,0.0,0.021415999083647295,0.0,0.0,0.0,wltp_class3b,RuleBasedEMS
844,6.4459,-2491.209391289569,0.0,0.0,0.4905141267777468,25.008178127615558,-0.004682724419717235,0.0,0.023413622098586172,0.0,0.0,0.0,wltp_class3b,RuleBasedEMS
845,6.5978,-2734.1033835814346,0.0,0.0,0.4904969195642603,25.008184222224823,-0.005139292074401194,0.0,0.025696460372005965,0.0,0.0,0.0,wltp_class3b,RuleBasedEMS
846,6.7671,-2996.3955602359883,0.0,0.0,0.4904780614960474,25.008191782161084,-0.005632322481646595,0.0,0.028161612408232974,0.0,0.0,0.0,wltp_class3b,RuleBasedEMS
847,6.953,-3268.643332282397,0.0,0.0,0.4904574898822545,25.00820100727183,-0.006144066414064656,0.0,0.030720332070323278,0.0,0.0,0.0,wltp_class3b,RuleBasedEMS
848,7.1536,-3538.3871142749244,0.0,0.0,0.4904352204431767,25.008212030110588,-0.006651103598261137,0.0,0.03325551799130568,0.0,0.0,0.0,wltp_class3b,RuleBasedEMS
849,7.3662,-3794.3718951375536,0.0,0.0,0.49041133973215767,25.008224899052205,-0.00713227799837886,0.0,0.0356613899918943,0.0,0.0,0.0,wltp_class3b,RuleBasedEMS
850,7.5872,-4022.04166232987,0.0,0.0,0.49038602591502395,25.00823953171488,-0.007560228688589982,0.0,0.03780114344294991,0.0,0.0,0.0,wltp_class3b,RuleBasedEMS
851,7.8125,-4209.615039825438,0.0,0.0,0.4903595313124123,25.008255714786582,-0.007912810225235786,0.0,0.039564051126178924,0.0,0.0,0.0,wltp_class3b,RuleBasedEMS
852,8.0378,-4347.832696624628,0.0,0.0,0.4903321665313675,25.008273115032015,-0.008172617850798173,0.0,0.04086308925399086,0.0,0.0,0.0,wltp_class3b,RuleBasedEMS
853,8.2588,-4429.563553578482,0.0,0.0,0.4903042870745186,25.008291299069352,-0.00832624728116256,0.0,0.0416312364058128,0.0,0.0,0.0,wltp_class3b,RuleBasedEMS
854,8.4714,-4450.5532313182175,0.0,0.0,0.4902762752373021,25.008309769233986,-0.008365701562628228,0.0,0.04182850781314114,0.0,0.0,0.0,wltp_class3b,RuleBasedEMS
855,8.672,-4411.538420203085,0.0,0.0,0.49024850869536635,25.00832802400293,-0.008292365451509558,0.0,0.04146182725754779,0.0,0.0,0.0,wltp_class3b,RuleBasedEMS
856,8.8579,-4320.471466020299,0.0,0.0,0.4902213150873825,25.00834563702906,-0.00812118696620357,0.0,0.04060593483101785,0.0,0.0,0.0,wltp_class3b,RuleBasedEMS
857,9.0272,-4185.962283018887,0.0,0.0,0.4901949678723349,25.008362274023156,-0.00786835015605054,0.0,0.0393417507802527,0.0,0.0,0.0,wltp_class3b,RuleBasedEMS
858,9.1791,-4022.826142919138,0.0,0.0,0.49016964726736356,25.008377743724566,-0.007561703276163794,0.0,0.03780851638081897,0.0,0.0,0.0,wltp_class3b,RuleBasedEMS
859,9.3138,-3846.258374824047,0.0,0.0,0.49014543784994247,25.00839198972722,-0.007229808975233173,0.0,0.03614904487616586,0.0,0.0,0.0,wltp_class3b,RuleBasedEMS
860,9.4328,-3677.36147049431,0.0,0.0,0.4901222913714859,25.00840511432866,-0.006912333591154719,0.0,0.03456166795577359,0.0,0.0,0.0,wltp_class3b,RuleBasedEMS
861,9.5383,-3529.372373639094,0.0,0.0,0.49010007626082447,25.008417300734266,-0.006634158597065966,0.0,0.03317079298532983,0.0,0.0,0.0,wltp_class3b,RuleBasedEMS
862,9.6335,-3420.550996742537,0.0,0.0,0.4900785460055925,25.008428833376627,-0.006429607136734092,0.0,0.03214803568367046,0.0,0.0,0.0,wltp_class3b,RuleBasedEMS
863,9.7223,-3365.0819082376524,0.0,0.0,0.4900573648017024,25.008440064684137,-0.006325341932777543,0.0,0.03162670966388771,0.0,0.0,0.0,wltp_class3b,RuleBasedEMS
864,9.8089,-3371.209172625541,0.0,0.0,0.4900361449441708,25.008451385774066,-0.006336859347040491,0.0,0.031684296735202455,0.0,0.0,0.0,wltp_class3b,RuleBasedEMS
865,9.8977,-3445.749924806764,0.0,0.0,0.49001445580830494,25.00846323783514,-0.006476973542869857,0.0,0.032384867714349286,0.0,0.0,0.0,wltp_class3b,RuleBasedEMS
866,9.993,-3591.067215324432,0.0,0.0,0.48999185188474953,25.008476111033968,-0.006750126344594797,0.0,0.03375063172297398,0.0,0.0,0.0,wltp_class3b,RuleBasedEMS
867,10.0985,-3801.7516710498167,0.0,0.0,0.48996792170174386,25.008490519145923,-0.007146149757612437,0.0,0.035730748788062185,0.0,0.0,0.0,wltp_class3b,RuleBasedEMS
868,10.2174,-4073.9515100863728,0.0,0.0,0.4899422780199794,25.00850702838346,-0.007657803590387919,0.0,0.03828901795193959,0.0,0.0,0.0,wltp_class3b,RuleBasedEMS
869,10.3521,-4398.89848513872,0.0,0.0,0.48991458877798716,25.00852623083065,-0.008268606175072784,0.0,0.041343030875363916,0.0,0.0,0.0,wltp_class3b,RuleBasedEMS
870,10.504,-4763.984422749381,0.0,0.0,0.4898846012622927,25.008548705606234,-0.008954857937498837,0.0,0.04477428968749419,0.0,0.0,0.0,wltp_class3b,RuleBasedEMS
871,10.6733,-5152.0823652310655,0.0,0.0,0.4898521705525105,25.008574950766807,-0.009684365348178695,0.0,0.04842182674089347,0.0,0.0,0.0,wltp_class3b,RuleBasedEMS
872,10.8592,-5547.6969273496015,0.0,0.0,0.48981724925448306,25.008605354364956,-0.010428001743138349,0.0,0.052140008715691744,0.0,0.0,0.0,wltp_class3b,RuleBasedEMS
873,11.0598,-5931.574074108337,0.0,0.0,0.4897799111648825,25.0086401062529,-0.01114957532727131,0.0,0.05574787663635655,0.0,0.0,0.0,wltp_class3b,RuleBasedEMS
874,11.2724,-6287.373629030649,0.0,0.0,0.4897403329367739,25.008679176281138,-0.011818371483140319,0.0,0.05909185741570159,0.0,0.0,0.0,wltp_class3b,RuleBasedEMS
875,11.4934,-6594.704250547138,0.0,0.0,0.4896988195900255,25.008722221776306,-0.012396060621329207,0.0,0.06198030310664603,0.0,0.0,0.0,wltp_class3b,RuleBasedEMS
876,11.7187,-6838.272910759317,0.0,0.0,0.48965577242894776,25.008768614808876,-0.012853896448795707,0.0,0.06426948224397853,0.0,0.0,0.0,wltp_class3b,RuleBasedEMS
877,11.9441,-7008.9881677956255,0.0,0.0,0.48961165001261236,25.008817514564992,-0.013174789789089522,0.0,0.06587394894544761,0.0,0.0,0.0,wltp_class3b,RuleBasedEMS
878,12.1651,-7093.391358923186,0.0,0.0,0.4895669956541165,25.00886782344108,-0.013333442403990951,0.0,0.06666721201995475,0.0,0.0,0.0,wltp_class3b,RuleBasedEMS
879,12.3777,-7093.46550841068,0.0,0.0,0.48952234021854407,25.008918422174553,-0.013333581782726842,0.0,0.06666790891363421,0.0,0.0,0.0,wltp_class3b,RuleBasedEMS
880,12.5783,-7010.528585317103,0.0,0.0,0.48947820630841293,25.008968201520172,-0.013177685310746435,0.0,0.06588842655373217,0.0,0.0,0.0,wltp_class3b,RuleBasedEMS
881,12.7642,-6857.501646225737,0.0,0.0,0.4894350352144739,25.009016251071515,-0.012890040688394245,0.0,0.06445020344197122,0.0,0.0,0.0,wltp_class3b,RuleBasedEMS
882,12.887,-5682.330853734961,0.0,0.0,0.48939926193443234,25.009050609295354,-0.010681073033336394,0.0,0.05340536516668196,0.0,0.0,0.0,wltp_class3b,RuleBasedEMS
883,12.9923,-5395.828010245633,0.0,0.0,0.489365292091056,25.009082115466782,-0.010142533853845176,0.0,0.05071266926922587,0.0,0.0,0.0,wltp_class3b,RuleBasedEMS
884,13.0805,-5102.142763545035,0.0,0.0,0.48933317096642565,25.009110825823957,-0.009590493916438037,0.0,0.04795246958219018,0.0,0.0,0.0,wltp_class3b,RuleBasedEMS
885,13.1529,-4821.751837522294,0.0,0.0,0.48930281492239613,25.009136994521498,-0.009063443303613335,0.0,0.04531721651806667,0.0,0.0,0.0,wltp_class3b,RuleBasedEMS
886,13.2119,-4580.028341586999,0.0,0.0,0.48927398057029226,25.009161075550345,-0.00860907583005075,0.0,0.04304537915025375,0.0,0.0,0.0,wltp_class3b,RuleBasedEMS
887,13.2606,-4394.463743343933,0.0,0.0,0.48924631438813626,25.00918361922504,-0.008260270194255513,0.0,0.041301350971277566,0.0,0.0,0.0,wltp_class3b,RuleBasedEMS
888,13.3029,-4284.802568571573,0.0,0.0,0.4892193385358295,25.009205282411326,-0.00805414016648792,0.0,0.040270700832439596,0.0,0.0,0.0,wltp_class3b,RuleBasedEMS
889,13.343,-4260.409891945913,0.0,0.0,0.4891925162010043,25.009226757897213,-0.008008289270575024,0.0,0.04004144635287512,0.0,0.0,0.0,wltp_class3b,RuleBasedEMS
890,13.3852,-4326.455853429073,0.0,0.0,0.4891652780098022,25.00924877744119,-0.008132435814716302,0.0,0.04066217907358151,0.0,0.0,0.0,wltp_class3b,RuleBasedEMS
891,13.4339,-4488.309813303726,0.0,0.0,0.4891370207723033,25.009272161058504,-0.008436672581397981,0.0,0.0421833629069899,0.0,0.0,0.0,wltp_class3b,RuleBasedEMS
892,13.4929,-4736.768701935417,0.0,0.0,0.48910719922475554,25.009297743195024,-0.008903700567547777,0.0,0.04451850283773888,0.0,0.0,0.0,wltp_class3b,RuleBasedEMS
893,13.5653,-5060.517939630019,0.0,0.0,0.48907533932161107,25.00932637990357,-0.009512251766221842,0.0,0.047561258831109204,0.0,0.0,0.0,wltp_class3b,RuleBasedEMS
894,13.6535,-5448.2000291183,0.0,0.0,0.4890410385038507,25.009358955213216,-0.010240977498342671,0.0,0.05120488749171335,0.0,0.0,0.0,wltp_class3b,RuleBasedEMS
895,13.7589,-5881.678824362205,0.0,0.0,0.4890040083744828,25.00939629745993,-0.011055787263838733,0.0,0.05527893631919366,0.0,0.0,0.0,wltp_class3b,RuleBasedEMS
896,13.8817,-6337.514220470536,0.0,0.0,0.4889641080926508,25.00943907021062,-0.01191262071517018,0.0,0.0595631035758509,0.0,0.0,0.0,wltp_class3b,RuleBasedEMS
897,14.021,-6792.915449824598,0.0,0.0,0.48892134029038264,25.009487703564947,-0.01276863806358007,0.0,0.06384319031790035,0.0,0.0,0.0,wltp_class3b,RuleBasedEMS
898,14.1751,-7230.006160895885,0.0,0.0,0.4888758201391597,25.009542381808,-0.013590237144541138,0.0,0.06795118572270568,0.0,0.0,0.0,wltp_class3b,RuleBasedEMS
899,14.3412,-7622.2307530565195,0.0,0.0,0.48882783000361735,25.009602858516928,-0.014327501415519773,0.0,0.07163750707759886,0.0,0.0,0.0,wltp_class3b,RuleBasedEMS
900,14.5156,-7945.140638999566,0.0,0.0,0.4887778061901819,25.009668414918025,-0.014934474885337532,0.0,0.07467237442668766,0.0,0.0,0.0,wltp_class3b,RuleBasedEMS
901,14.6944,-8188.551614902756,0.0,0.0,0.4887262491509573,25.00973804038689,-0.015392014313726984,0.0,0.07696007156863492,0.0,0.0,0.0,wltp_class3b,RuleBasedEMS
902,14.8732,-8334.26297301999,0.0,0.0,0.4886737739671911,25.009810318561737,-0.015665907844022536,0.0,0.07832953922011268,0.0,0.0,0.0,wltp_class3b,RuleBasedEMS
903,15.0477,-8377.42941383014,0.0,0.0,0.48862102627042253,25.00988366456805,-0.015747047770357406,0.0,0.07873523885178703,0.0,0.0,0.0,wltp_class3b,RuleBasedEMS
904,15.2138,-8315.916692533836,0.0,0.0,0.48856866517574316,25.009956422826985,-0.01563142235438691,0.0,0.07815711177193455,0.0,0.0,0.0,wltp_class3b,RuleBasedEMS
905,15.3679,-8155.717911825492,0.0,0.0,0.4885173121070009,25.010027054112644,-0.015330296826739646,0.0,0.07665148413369822,0.0,0.0,0.0,wltp_class3b,RuleBasedEMS
906,15.5072,-7911.714431200839,0.0,0.0,0.48846749482392854,25.010094319308767,-0.01487164366767075,0.0,0.07435821833835375,0.0,0.0,0.0,wltp_class3b,RuleBasedEMS
907,15.63,-7608.215515519249,0.0,0.0,0.48841958804525276,25.01015743432307,-0.01430115698405874,0.0,0.07150578492029369,0.0,0.0,0.0,wltp_class3b,RuleBasedEMS
908,15.7354,-7264.097723599733,0.0,0.0,0.4883738476416471,25.010215969112206,-0.013654319029322806,0.0,0.06827159514661403,0.0,0.0,0.0,wltp_class3b,RuleBasedEMS
909,15.8236,-6907.253770206415,0.0,0.0,0.48833035385122053,25.01026993194323,-0.01298355971843311,0.0,0.06491779859216555,0.0,0.0,0.0,wltp_class3b,RuleBasedEMS
910,15.896,-6569.559665470344,0.0,0.0,0.48828898618533567,25.0103197511902,-0.012348796363666061,0.0,0.0617439818183303,0.0,0.0,0.0,wltp_class3b,RuleBasedEMS
911,15.9549,-6276.387899879703,0.0,0.0,0.48824946437133826,25.01036612256109,-0.011797721616315232,0.0,0.058988608081576153,0.0,0.0,0.0,wltp_class3b,RuleBasedEMS
912,16.0036,-6056.21672436248,0.0,0.0,0.48821132879175894,25.010410000148593,-0.011383866023237744,0.0,0.05691933011618872,0.0,0.0,0.0,wltp_class3b,RuleBasedEMS
913,16.0459,-5925.224940535097,0.0,0.0,0.4881740179307129,25.010452438451754,-0.011137640865667476,0.0,0.055688204328337376,0.0,0.0,0.0,wltp_class3b,RuleBasedEMS
914,16.086,-5897.127635264951,0.0,0.0,0.48813688388854,25.01049459102771,-0.011084826382076977,0.0,0.05542413191038488,0.0,0.0,0.0,wltp_class3b,RuleBasedEMS
915,16.1283,-5980.707322629761,0.0,0.0,0.48809922344220547,25.010537708358417,-0.011241931057574739,0.0,0.05620965528787369,0.0,0.0,0.0,wltp_class3b,RuleBasedEMS
916,16.177,-6174.7303962850465,0.0,0.0,0.48806034111573837,25.01058309422078,-0.011606636083242569,0.0,0.058033180416212846,0.0,0.0,0.0,wltp_class3b,RuleBasedEMS
917,16.236,-6475.580917015699,0.0,0.0,0.4880195641801276,25.010632143954687,-0.012172144580856577,0.0,0.060860722904282884,0.0,0.0,0.0,wltp_class3b,RuleBasedEMS
918,16.3084,-6866.912623619236,0.0,0.0,0.4879763228133536,25.010686236045323,-0.01290773049552488,0.0,0.0645386524776244,0.0,0.0,0.0,wltp_class3b,RuleBasedEMS
919,16.3966,-7334.756894504621,0.0,0.0,0.48793013512659605,25.010746767117492,-0.01378713701974553,0.0,0.06893568509872765,0.0,0.0,0.0,wltp_class3b,RuleBasedEMS
920,16.5019,-7854.308647627461,0.0,0.0,0.4878806754009698,25.010814977034467,-0.014763738059450117,0.0,0.07381869029725058,0.0,0.0,0.0,wltp_class3b,RuleBasedEMS
921,16.6247,-8404.945710674105,0.0,0.0,0.4878277477503064,25.010891936111538,-0.015798770132846064,0.0,0.07899385066423031,0.0,0.0,0.0,wltp_class3b,RuleBasedEMS
922,16.7641,-8954.028908747348,0.0,0.0,0.4877713618003497,25.010978261448326,-0.01683088140741983,0.0,0.08415440703709914,0.0,0.0,0.0,wltp_class3b,RuleBasedEMS
923,16.9182,-9474.65425455097,0.0,0.0,0.48771169658664737,25.011074081890193,-0.017809500478479266,0.0,0.08904750239239632,0.0,0.0,0.0,wltp_class3b,RuleBasedEMS
924,17.0842,-9940.370294932594,0.0,0.0,0.4876490977208929,25.011178940048676,-0.01868490656942217,0.0,0.09342453284711084,0.0,0.0,0.0,wltp_class3b,RuleBasedEMS
925,17.2587,-10330.705582909537,0.0,0.0,0.48758403975103143,25.01129182525643,-0.019418619516747254,0.0,0.09709309758373626,0.0,0.0,0.0,wltp_class3b,RuleBasedEMS
926,17.4375,-10617.756140716525,0.0,0.0,0.48751717298653335,25.011410987421993,-0.01995818823442956,0.0,0.09979094117214779,0.0,0.0,0.0,wltp_class3b,RuleBasedEMS
927,17.6163,-10791.325086848909,0.0,0.0,0.4874492120069213,25.011534284674525,-0.020284445651971635,0.0,0.10142222825985817,0.0,0.0,0.0,wltp_class3b,RuleBasedEMS
928,17.7908,-10843.628153441741,0.0,0.0,0.48738092047804077,25.011659286183058,-0.020382759686920566,0.0,0.10191379843460283,0.0,0.0,0.0,wltp_class3b,RuleBasedEMS
929,17.9568,-10769.815859058654,0.0,0.0,0.4873130926751217,25.01178340699097,-0.020244014772666644,0.0,0.1012200738633332,0.0,0.0,0.0,wltp_class3b,RuleBasedEMS
930,18.1109,-10585.969518654387,0.0,0.0,0.4872464216604436,25.01190441682692,-0.019898438944839072,0.0,0.09949219472419536,0.0,0.0,0.0,wltp_class3b,RuleBasedEMS
931,18.2503,-10304.33123197834,0.0,0.0,0.48718152344802645,25.012020420666204,-0.01936904366913222,0.0,0.0968452183456611,0.0,0.0,0.0,wltp_class3b,RuleBasedEMS
932,18.3731,-9947.649194427837,0.0,0.0,0.48711887081972527,25.01213009149647,-0.01869858871133052,0.0,0.09349294355665261,0.0,0.0,0.0,wltp_class3b,RuleBasedEMS
933,18.4784,-9543.65409251351,0.0,0.0,0.48705876192423064,25.01223274221321,-0.01793919942201788,0.0,0.08969599711008938,0.0,0.0,0.0,wltp_class3b,RuleBasedEMS
934,18.5666,-9130.882271918033,0.0,0.0,0.4870012521992558,25.012328451787432,-0.01716331254119931,0.0,0.08581656270599655,0.0,0.0,0.0,wltp_class3b,RuleBasedEMS
935,18.639,-8737.802286061886,0.0,0.0,0.486946217762683,25.012417789423857,-0.01642444038733437,0.0,0.08212220193667186,0.0,0.0,0.0,wltp_class3b,RuleBasedEMS
936,18.698,-8399.846888964115,0.0,0.0,0.4868933115381572,25.012501847618353,-0.015789185881511496,0.0,0.07894592940755747,0.0,0.0,0.0,wltp_class3b,RuleBasedEMS
937,18.7467,-8141.392353127289,0.0,0.0,0.48684203288555206,25.012581999378767,-0.015303369084825734,0.0,0.07651684542412866,0.0,0.0,0.0,wltp_class3b,RuleBasedEMS
938,18.789,-7990.188191960836,0.0,0.0,0.4867917063522698,25.012659935640553,-0.015019150736768488,0.0,0.07509575368384244,0.0,0.0,0.0,wltp_class3b,RuleBasedEMS
939,18.8291,-7959.446933274697,0.0,0.0,0.48674157323291956,25.012737474167245,-0.014961366415929881,0.0,0.0748068320796494,0.0,0.0,0.0,wltp_class3b,RuleBasedEMS
940,18.8714,-8059.544440065191,0.0,0.0,0.48669080943665444,25.012816591831402,-0.015149519624182692,0.0,0.07574759812091346,0.0,0.0,0.0,wltp_class3b,RuleBasedEMS
941,18.9201,-8289.107108940472,0.0,0.0,0.4866385994906566,25.012899341389087,-0.015581028400264048,0.0,0.07790514200132023,0.0,0.0,0.0,wltp_class3b,RuleBasedEMS
942,18.979,-8640.870037321887,0.0,0.0,0.48658417364514955,25.012987847754648,-0.01624223691225919,0.0,0.08121118456129593,0.0,0.0,0.0,wltp_class3b,RuleBasedEMS
943,19.0514,-9104.649246597332,0.0,0.0,0.48652682625619187,25.01308432496385,-0.017114002343228067,0.0,0.08557001171614033,0.0,0.0,0.0,wltp_class3b,RuleBasedEMS
944,19.1396,-9654.985945046556,0.0,0.0,0.48646601199316686,25.013190834515235,-0.01814846982151608,0.0,0.0907423491075804,0.0,0.0,0.0,wltp_class3b,RuleBasedEMS
945,19.245,-10268.688559042106,0.0,0.0,0.48640133155957693,25.013309271149666,-0.019302046163612984,0.0,0.09651023081806491,0.0,0.0,0.0,wltp_class3b,RuleBasedEMS
946,19.3678,-10912.245293293443,0.0,0.0,0.48633259670203227,25.013441067087253,-0.020511739273107978,0.0,0.10255869636553988,0.0,0.0,0.0,wltp_class3b,RuleBasedEMS
947,19.5071,-11553.310676489695,0.0,0.0,0.48625982287655223,25.01358705962201,-0.021716749391897924,0.0,0.10858374695948961,0.0,0.0,0.0,wltp_class3b,RuleBasedEMS
948,19.6612,-12166.75944603768,0.0,0.0,0.4861831837863801,25.01374749682917,-0.022869848582777595,0.0,0.11434924291388797,0.0,0.0,0.0,wltp_class3b,RuleBasedEMS
949,19.8273,-12715.857919462835,0.0,0.0,0.48610308452429174,25.013921639352436,-0.023901988570418864,0.0,0.1195099428520943,0.0,0.0,0.0,wltp_class3b,RuleBasedEMS
950,20.0018,-13170.58461946922,0.0,0.0,0.48602011932220573,25.01410778533079,-0.02475673800652109,0.0,0.12378369003260545,0.0,0.0,0.0,wltp_class3b,RuleBasedEMS
951,20.1806,-13508.262824606125,0.0,0.0,0.48593502531394733,25.01430339044179,-0.02539147147482354,0.0,0.1269573573741177,0.0,0.0,0.0,wltp_class3b,RuleBasedEMS
952,20.3594,-13714.419441957449,0.0,0.0,0.48584863088153696,25.014505286723246,-0.025778983913453853,0.0,0.12889491956726926,0.0,0.0,0.0,wltp_class3b,RuleBasedEMS
953,20.5338,-13777.164792762831,0.0,0.0,0.4857618393973663,25.0147098150271,-0.025896926302185777,0.0,0.12948463151092887,0.0,0.0,0.0,wltp_class3b,RuleBasedEMS
954,20.6999,-13704.42340477523,0.0,0.0,0.485675504409945,25.01491344114222,-0.025760194369878253,0.0,0.12880097184939127,0.0,0.0,0.0,wltp_class3b,RuleBasedEMS
955,20.854,-13495.418560912576,0.0,0.0,0.4855904844516947,25.015112637814354,-0.02536732812201612,0.0,0.1268366406100806,0.0,0.0,0.0,wltp_class3b,RuleBasedEMS
956,20.9933,-13173.960219803634,0.0,0.0,0.48550748813608974,25.015304604022802,-0.024763083119931643,0.0,0.12381541559965821,0.0,0.0,0.0,wltp_class3b,RuleBasedEMS
957,21.1161,-12773.023214533412,0.0,0.0,0.48542701639060415,25.015487516818364,-0.024009442132581604,0.0,0.12004721066290801,0.0,0.0,0.0,wltp_class3b,RuleBasedEMS
958,21.2215,-12317.873233169981,0.0,0.0,0.48534941099401496,25.015660306123284,-0.023153897054830792,0.0,0.11576948527415395,0.0,0.0,0.0,wltp_class3b,RuleBasedEMS
959,21.3097,-11845.755819641852,0.0,0.0,0.48527477907640937,25.01582286576064,-0.022266458307597468,0.0,0.11133229153798734,0.0,0.0,0.0,wltp_class3b,RuleBasedEMS
960,21.3821,-11399.203211915597,0.0,0.0,0.48520295978560213,25.01597605004172,-0.021427073706608266,0.0,0.10713536853304133,0.0,0.0,0.0,wltp_class3b,RuleBasedEMS
961,21.4411,-11015.47219119253,0.0,0.0,0.4851335575035411,25.016121432734586,-0.020705774795474682,0.0,0.1035288739773734,0.0,0.0,0.0,wltp_class3b,RuleBasedEMS
962,21.0368,3286.7447284388986,0.0,0.0,0.4851542655898534,25.01616222916126,0.17787961319776835,0.0,0.0308904579740498,0.13146978913755594,0.0,0.0,wltp_class3b,RuleBasedEMS
963,20.6262,3516.9953300627476,0.0,0.0,0.4851764234309528,25.016201584348842,0.1903408450059523,0.0,0.033054467387807776,0.1406798132025099,0.0,0.0,wltp_class3b,RuleBasedEMS
964,20.2134,3640.1813653149393,0.0,0.0,0.48519935641568895,25.016239024526097,0.19700771028223257,0.0,0.034212230877020106,0.14560725461259758,0.0,0.0,wltp_class3b,RuleBasedEMS
965,19.8028,3654.7149014911843,0.0,0.0,0.4852223800231323,25.016274003798216,0.19779426963107927,0.0,0.03434882426213519,0.14618859605964737,0.0,0.0,wltp_class3b,RuleBasedEMS
966,19.3986,3570.746777901066,0.0,0.0,0.4852448737687435,25.016306045815988,0.1932498895288111,0.0,0.033559650168243096,0.14282987111604264,0.0,0.0,wltp_class3b,RuleBasedEMS
967,19.0046,3402.430686306931,0.0,0.0,0.4852663064029701,25.01633481645751,0.18414057203035553,0.0,0.03197773201416289,0.13609722745227723,0.0,0.0,wltp_class3b,RuleBasedEMS
968,18.6241,3165.2115681819505,0.0,0.0,0.4852862440239455,25.016360153317414,0.17130220201333593,0.0,0.02974822902426645,0.12660846272727802,0.0,0.0,wltp_class3b,RuleBasedEMS
969,18.2594,2883.7339588717196,0.0,0.0,0.4853044080022093,25.016382114975084,0.15606854914254614,0.0,0.027102762771350746,0.11534935835486879,0.0,0.0,wltp_class3b,RuleBasedEMS
970,17.9118,2580.8027728145134,0.0,0.0,0.4853206633659926,25.016400930793054,0.13967382224600652,0.0,0.024255665158031143,0.10323211091258054,0.0,0.0,wltp_class3b,RuleBasedEMS
971,17.5817,2275.5462810928852,0.0,0.0,0.48533499562182353,25.016416934715263,0.12315324910756831,0.0,0.021386713168166215,0.09102185124371541,0.0,0.0,wltp_class3b,RuleBasedEMS
972,17.2682,1993.515475336599,0.0,0.0,0.48534755119013095,25.016430544288063,0.10788965707874314,0.0,0.018736047700531944,0.07974061901346395,0.0,0.0,wltp_class3b,RuleBasedEMS
973,16.9693,1754.791259965735,0.0,0.0,0.48535860293703503,25.016442187853936,0.0949698307461155,0.0,0.016492399059828335,0.0701916503986294,0.0,0.0,wltp_class3b,RuleBasedEMS
974,16.6825,1566.9799414403,0.0,0.0,0.4853684716004537,25.016452238622744,0.08480542570291186,0.0,0.014727255088724625,0.062679197657612,0.0,0.0,wltp_class3b,RuleBasedEMS
975,16.404,1452.1002372884107,0.0,0.0,0.4853776165551032,25.01646105814474,0.07858810156392466,0.0,0.01364755862113168,0.05808400949153643,0.0,0.0,wltp_class3b,RuleBasedEMS
976,16.1299,1409.0327159452322,0.0,0.0,0.48538649008861806,25.016468939576523,0.07625727435619384,0.0,0.013242788683695791,0.05636130863780929,0.0,0.0,wltp_class3b,RuleBasedEMS
977,15.8558,1443.7364960156297,0.0,0.0,0.4853955819830024,25.01647615965878,0.07813545337083083,0.0,0.013568952030222084,0.057749459840625184,0.0,0.0,wltp_class3b,RuleBasedEMS
978,15.5774,1550.918924350759,0.0,0.0,0.4854053486575357,25.01648298134451,0.08393619862764483,0.0,0.014576305679988336,0.06203675697403036,0.0,0.0,wltp_class3b,RuleBasedEMS
979,15.2905,1725.0493667208077,0.0,0.0,0.485416211674219,25.01648968275074,0.09336019053876972,0.0,0.016212869987977517,0.0690019746688323,0.0,0.0,wltp_class3b,RuleBasedEMS
980,14.9917,1948.3778738861356,0.0,0.0,0.48542848079452805,25.0164965338974,0.1054467965130256,0.0,0.018311822122989995,0.07793511495544543,0.0,0.0,wltp_class3b,RuleBasedEMS
981,14.6782,2206.896537635351,0.0,0.0,0.485442377551752,25.016503803211908,0.11943790434510716,0.0,0.02074150881236232,0.08827586150541403,0.0,0.0,wltp_class3b,RuleBasedEMS
982,14.348,2483.632648631311,0.0,0.0,0.48545801658883647,25.016511727765934,0.1344149459011141,0.0,0.02334241211119653,0.09934530594525244,0.0,0.0,wltp_class3b,RuleBasedEMS
983,14.0005,2752.9414639101046,0.0,0.0,0.48547535106189255,25.016520438188174,0.1489900199791348,0.0,0.02587350999915512,0.11011765855640418,0.0,0.0,wltp_class3b,RuleBasedEMS
984,13.6357,3003.41313368696,0.0,0.0,0.485494262285986,25.016529990419944,0.16254562207728374,0.0,0.028227567045930074,0.1201365253474784,0.0,0.0,wltp_class3b,RuleBasedEMS
985,13.2553,3208.4277430543693,0.0,0.0,0.48551446397298337,25.016540253500448,0.17364107439477705,0.0,0.030154396081338058,0.12833710972217477,0.0,0.0,wltp_class3b,RuleBasedEMS
986,12.8613,3364.79765924409,0.0,0.0,0.4855356497852453,25.01655102702283,0.18210386128751097,0.0,0.03162403815079032,0.1345919063697636,0.0,0.0,wltp_class3b,RuleBasedEMS
987,12.4571,3455.1434615819126,0.0,0.0,0.4855574039842442,25.016561956360103,0.1869934032817038,0.0,0.03247315283441647,0.1382057384632765,0.0,0.0,wltp_class3b,RuleBasedEMS
988,12.0465,3478.741270921744,0.0,0.0,0.48557930630527824,25.016572651312508,0.18827052382026102,0.0,0.03269493675678331,0.13914965083686978,0.0,0.0,wltp_class3b,RuleBasedEMS
989,11.6336,3437.462781568391,0.0,0.0,0.48560094829872097,25.016582726731258,0.18603651956187428,0.0,0.03230698102977811,0.13749851126273566,0.0,0.0,wltp_class3b,RuleBasedEMS
990,11.223,3331.6658122748327,0.0,0.0,0.48562192379628577,25.01659181544646,0.1803107557650695,0.0,0.03131264861160557,0.1332666324909933,0.0,0.0,wltp_class3b,RuleBasedEMS
991,10.8188,3174.7907101844826,0.0,0.0,0.4856419112718762,25.016599669174333,0.17182062805945789,0.0,0.02983825855436544,0.1269916284073793,0.0,0.0,wltp_class3b,RuleBasedEMS
992,10.4249,2975.741947561691,0.0,0.0,0.48566064527575975,25.016606133256005,0.16104804916202292,0.0,0.027967499507158752,0.11902967790246764,0.0,0.0,wltp_class3b,RuleBasedEMS
993,10.0444,2749.3886245605336,0.0,0.0,0.48567795397768404,25.016611175095086,0.14879773924501294,0.0,0.025840118651884715,0.10997554498242135,0.0,0.0,wltp_class3b,RuleBasedEMS
994,9.6797,2507.6457786038527,0.0,0.0,0.48569374056097425,25.016614850060467,0.13571454371722202,0.0,0.02356809942296854,0.1003058311441541,0.0,0.0,wltp_class3b,RuleBasedEMS
995,9.3321,2264.885790311138,0.0,0.0,0.48570799868592746,25.016617292218523,0.12257630014029751,0.0,0.021286520585630995,0.09059543161244552,0.0,0.0,wltp_class3b,RuleBasedEMS
996,9.0019,2032.3092710625015,0.0,0.0,0.4857207925169533,25.016618676011213,0.10998918897073598,0.0,0.019100651043820503,0.08129237084250006,0.0,0.0,wltp_class3b,RuleBasedEMS
997,8.6884,1819.3530748267708,0.0,0.0,0.48573224561611134,25.016619191011536,0.09846393558348192,0.0,0.017099183034086193,0.07277412299307083,0.0,0.0,wltp_class3b,RuleBasedEMS
998,8.3896,1636.7195854197637,0.0,0.0,0.48574254890795365,25.01661903259838,0.08857975620940946,0.0,0.0153827028704865,0.06546878341679055,0.0,0.0,wltp_class3b,RuleBasedEMS
999,8.1027,1488.930603321651,0.0,0.0,0.48575192177117876,25.016618374231474,0.08058137205044544,0.0,0.013993708677835066,0.05955722413286604,0.0,0.0,wltp_class3b,RuleBasedEMS
1000,7.8243,1377.9220842995728,0.0,0.0,0.4857605957614345,25.016617362463435,0.07457355761494981,0.0,0.012950395529131324,0.055116883371982915,0.0,0.0,wltp_class3b,RuleBasedEMS
1001,7.5502,1306.7126696731775,0.0,0.0,0.4857688214279045,25.016616125895922,0.07071968267900398,0.0,0.012281134113469714,0.0522685067869271,0.0,0.0,wltp_class3b,RuleBasedEMS
1002,7.2761,1271.7491745448503,0.0,0.0,0.4857768269450713,25.01661476663715,0.06882744780732206,0.0,0.011952529835947842,0.05086996698179402,0.0,0.0,wltp_class3b,RuleBasedEMS
1003,6.9976,1269.2916065660124,0.0,0.0,0.4857848169384634,25.016613369218046,0.06869444348918916,0.0,0.011929432392537711,0.0507716642626405,0.0,0.0,wltp_class3b,RuleBasedEMS
1004,6.7108,1290.783811488586,0.0,0.0,0.48579294216914487,25.01661199572211,0.06985760808341987,0.0,0.012131426799704756,0.05163135245954344,0.0,0.0,wltp_class3b,RuleBasedEMS
1005,6.412,1330.0958065511015,0.0,0.0,0.4858013148077753,25.01661069502948,0.07198518507935961,0.0,0.012500900437510353,0.05320383226204406,0.0,0.0,wltp_class3b,RuleBasedEMS
1006,6.0984,1376.2241430761462,0.0,0.0,0.4858099777587136,25.016609490798665,0.07448166452527895,0.0,0.012934437434926187,0.05504896572304585,0.0,0.0,wltp_class3b,RuleBasedEMS
1007,5.7683,1417.8616022763376,0.0,0.0,0.48581890274995093,25.01660837781509,0.07673509633973744,0.0,0.013325766938687384,0.056714464091053504,0.0,0.0,wltp_class3b,RuleBasedEMS
1008,5.4207,1447.5610151324368,0.0,0.0,0.4858280146328791,25.01660732930157,0.07834243749566376,0.0,0.013604896758763503,0.05790244060529747,0.0,0.0,wltp_class3b,RuleBasedEMS
1009,5.056,1455.1530442037658,0.0,0.0,0.48583717424870687,25.0166062883469,0.07875332039232111,0.0,0.013676250415448926,0.05820612176815063,0.0,0.0,wltp_class3b,RuleBasedEMS
1010,4.6755,1435.684080990153,0.0,0.0,0.4858462112610559,25.016605183593796,0.07769965424787309,0.0,0.013493271437877378,0.05742736323960612,0.0,0.0,wltp_class3b,RuleBasedEMS
1011,4.2816,1385.3625066103757,0.0,0.0,0.48585493147084846,25.016603936626545,0.07497623550813147,0.0,0.013020324310247891,0.05541450026441503,0.0,0.0,wltp_class3b,RuleBasedEMS
1012,3.8773,1305.105133779105,0.0,0.0,0.4858631464537961,25.01660247991184,0.07063268235294735,0.0,0.012266025693412641,0.0522042053511642,0.0,0.0,wltp_class3b,RuleBasedEMS
1013,3.4667,1195.767868052654,0.0,0.0,0.48587067317629035,25.016600761178363,0.06471531664844363,0.0,0.011238419812524943,0.047830714722106156,0.0,0.0,wltp_class3b,RuleBasedEMS
1014,3.0539,1064.3737059074765,0.0,0.0,0.4858773728129315,25.016598759912725,0.057604225076105374,0.0,0.010003512273566509,0.04257494823629906,0.0,0.0,wltp_class3b,RuleBasedEMS
1015,2.6433,917.3631855961871,0.0,0.0,0.4858831470786139,25.01659648274927,0.049647971503168076,0.0,0.008621834451091985,0.03669452742384748,0.0,0.0,wltp_class3b,RuleBasedEMS
1016,2.2391,762.8990438757285,0.0,0.0,0.4858879490673892,25.016593960636325,0.04128832569787588,0.0,0.007170103795824515,0.030515961755029138,0.0,0.0,wltp_class3b,RuleBasedEMS
1017,1.8451,608.8308209615396,0.0,0.0,0.48589178127994576,25.016591239651866,0.03295010713745235,0.0,0.005722094181969358,0.024353232838461587,0.0,0.0,wltp_class3b,RuleBasedEMS
1018,1.4646,461.9099762508011,0.0,0.0,0.48589468871122077,25.01658837107569,0.024998706834986964,0.0,0.0043412591752894835,0.018476399050032045,0.0,0.0,wltp_class3b,RuleBasedEMS
1019,1.3728,-14.969402807783673,0.0,0.0,0.48589459448842354,25.01658530198494,-2.813797520260089e-05,0.0,0.00014068987601300445,0.0,0.0,0.0,wltp_class3b,RuleBasedEMS
1020,1.0296,282.1770814971357,0.0,0.0,0.48589637061288804,25.01658230842657,0.015271508515912649,0.0,0.002652040239634734,0.011287083259885427,0.0,0.0,wltp_class3b,RuleBasedEMS
1021,0.6864,188.28860014729958,0.0,0.0,0.48589755576848775,25.016579274007054,0.010190235668122273,0.0,0.0017696297006325149,0.007531544005891983,0.0,0.0,wltp_class3b,RuleBasedEMS
1022,0.3432,94.19546381841242,0.0,0.0,0.4858981486681093,25.01657621519642,0.0050978868313152825,0.0,0.0008852957125790641,0.003767818552736497,0.0,0.0,wltp_class3b,RuleBasedEMS
1023,0.0,0.0,0.0,0.0,0.4858981486681093,25.0165731485548,0.0,0.0,0.0,0.0,0.0,0.0,wltp_class3b,RuleBasedEMS
1024,0.1781,-76.52298578801864,0.0,0.0,0.485897667005202,25.016570087826,-0.0001438401988496591,0.0,0.0007192009942482955,0.0,0.0,0.0,wltp_class3b,RuleBasedEMS
1025,0.3561,-152.9674528956552,0.0,0.0,0.4858967041730837,25.016567043933552,-0.00028753280619484066,0.0,0.0014376640309742032,0.0,0.0,0.0,wltp_class3b,RuleBasedEMS
1026,0.5342,-229.60538832491878,0.0,0.0,0.48589525895310776,25.016564027915994,-0.00043158907579871953,0.0,0.0021579453789935974,0.0,0.0,0.0,wltp_class3b,RuleBasedEMS
1027,0.7123,-306.2475034533628,0.0,0.0,0.48589333131773077,25.016561050826752,-0.0005756532019800053,0.0,0.0028782660099000265,0.0,0.0,0.0,wltp_class3b,RuleBasedEMS
1028,0.8903,-382.78745810272716,0.0,0.0,0.4858909219084221,25.01655812369378,-0.0007195252971855774,0.0,0.003597626485927887,0.0,0.0,0.0,wltp_class3b,RuleBasedEMS
1029,1.0684,-459.7467332660173,0.0,0.0,0.4858880280839317,25.016555258011962,-0.0008641855888458972,0.0,0.004320927944229486,0.0,0.0,0.0,wltp_class3b,RuleBasedEMS
1030,1.2464,-536.4495413842641,0.0,0.0,0.4858846514563619,25.01655246483662,-0.0010083637995944815,0.0,0.005041818997972407,0.0,0.0,0.0,wltp_class3b,RuleBasedEMS
1031,1.6887,-1422.380533776181,0.0,0.0,0.48587569840810996,25.016551314853597,-0.0026736476198800396,0.0,0.013368238099400197,0.0,0.0,0.0,wltp_class3b,RuleBasedEMS
1032,1.8798,-849.5516184561736,0.0,0.0,0.48587035095419373,25.01654893370761,-0.0015969015384514542,0.0,0.00798450769225727,0.0,0.0,0.0,wltp_class3b,RuleBasedEMS
1033,2.0535,-873.2938046001242,0.0,0.0,0.4858648540409555,25.01654659279214,-0.0016415297078949704,0.0,0.008207648539474852,0.0,0.0,0.0,wltp_class3b,RuleBasedEMS
1034,2.21,-881.5829750240134,0.0,0.0,0.48585930493623064,25.016544267643166,-0.001657110855308296,0.0,0.00828555427654148,0.0,0.0,0.0,wltp_class3b,RuleBasedEMS
1035,2.3508,-881.2217829411022,0.0,0.0,0.48585375808970105,25.0165419443298,-0.0016564319228216209,0.0,0.008282159614108104,0.0,0.0,0.0,wltp_class3b,RuleBasedEMS
1036,2.4781,-877.7940202880797,0.0,0.0,0.4858482328044066,25.01653961813075,-0.0016499887599399994,0.0,0.008249943799699996,0.0,0.0,0.0,wltp_class3b,RuleBasedEMS
1037,2.5951,-878.5611454833338,0.0,0.0,0.48584270267612234,25.01653729635926,-0.0016514307245927328,0.0,0.008257153622963663,0.0,0.0,0.0,wltp_class3b,RuleBasedEMS
1038,2.7058,-890.4517441243482,0.0,0.0,0.4858370976880319,25.01653499795672,-0.001673781473917948,0.0,0.008368907369589739,0.0,0.0,0.0,wltp_class3b,RuleBasedEMS
1039,2.8142,-917.0432299790407,0.0,0.0,0.4858313253043247,25.01653274883426,-0.001723765469885415,0.0,0.008618827349427075,0.0,0.0,0.0,wltp_class3b,RuleBasedEMS
1040,2.9248,-964.1807896873706,0.0,0.0,0.48582525619523115,25.01653058782412,-0.0018123699054273885,0.0,0.009061849527136942,0.0,0.0,0.0,wltp_class3b,RuleBasedEMS
1041,3.0419,-1034.7859956388613,0.0,0.0,0.48581874263942465,25.016528565101602,-0.0019450864579677847,0.0,0.009725432289838923,0.0,0.0,0.0,wltp_class3b,RuleBasedEMS
1042,3.1692,-1129.843528790465,0.0,0.0,0.48581163071556377,25.016526742545015,-0.002123766031561024,0.0,0.01061883015780512,0.0,0.0,0.0,wltp_class3b,RuleBasedEMS
1043,3.3099,-1250.7651920099636,0.0,0.0,0.48580375761332023,25.016525198820794,-0.002351062390996172,0.0,0.011755311954980861,0.0,0.0,0.0,wltp_class3b,RuleBasedEMS
1044,3.4665,-1397.8357582724843,0.0,0.0,0.4857949587270485,25.016524031429185,-0.0026275108238204593,0.0,0.013137554119102297,0.0,0.0,0.0,wltp_class3b,RuleBasedEMS
1045,3.6401,-1566.7302886616026,0.0,0.0,0.485785096671799,25.016523347260215,-0.0029449817456045162,0.0,0.01472490872802258,0.0,0.0,0.0,wltp_class3b,RuleBasedEMS
1046,3.8313,-1757.1239181698918,0.0,0.0,0.48577403610397274,25.016523273504383,-0.003302864507838142,0.0,0.01651432253919071,0.0,0.0,0.0,wltp_class3b,RuleBasedEMS
1047,4.039,-1959.9163992255146,0.0,0.0,0.48576169895937843,25.016523927288084,-0.0036840533820028474,0.0,0.018420266910014235,0.0,0.0,0.0,wltp_class3b,RuleBasedEMS
1048,4.2614,-2169.889042357898,0.0,0.0,0.4857480400206841,25.016525419092435,-0.00407873880142462,0.0,0.0203936940071231,0.0,0.0,0.0,wltp_class3b,RuleBasedEMS
1049,4.4958,-2378.573752019621,0.0,0.0,0.48573306737243616,25.016527830313585,-0.004471003293269965,0.0,0.022355016466349825,0.0,0.0,0.0,wltp_class3b,RuleBasedEMS
1050,4.7386,-2575.174119006352,0.0,0.0,0.4857168570590913,25.016531188569974,-0.004840552855275099,0.0,0.02420276427637549,0.0,0.0,0.0,wltp_class3b,RuleBasedEMS
1051,4.9858,-2750.66188998681,0.0,0.0,0.4856995419573576,25.016535461242412,-0.005170417086441372,0.0,0.02585208543220686,0.0,0.0,0.0,wltp_class3b,RuleBasedEMS
1052,5.2329,-2893.915191515085,0.0,0.0,0.48568132495811883,25.016540533760406,-0.0054396902096148225,0.0,0.02719845104807411,0.0,0.0,0.0,wltp_class3b,RuleBasedEMS
1053,5.4757,-2999.905217265582,0.0,0.0,0.48566244061422065,25.016546236571507,-0.005638919581326282,0.0,0.02819459790663141,0.0,0.0,0.0,wltp_class3b,RuleBasedEMS
1054,5.7101,-3062.483860391922,0.0,0.0,0.4856431621884977,25.0165523415443,-0.005756548609759252,0.0,0.028782743048796258,0.0,0.0,0.0,wltp_class3b,RuleBasedEMS
1055,5.9325,-3080.024072781495,0.0,0.0,0.48562377319540706,25.016558594808814,-0.005789518933799803,0.0,0.028947594668999013,0.0,0.0,0.0,wltp_class3b,RuleBasedEMS
1056,6.1403,-3057.4825485186084,0.0,0.0,0.4856045259560172,25.016564765576053,-0.00574714764759137,0.0,0.028735738237956845,0.0,0.0,0.0,wltp_class3b,RuleBasedEMS
1057,6.3314,-2997.004653818796,0.0,0.0,0.4855856592941779,25.016570639133974,-0.005633467394396234,0.0,0.028167336971981167,0.0,0.0,0.0,wltp_class3b,RuleBasedEMS
1058,6.5051,-2911.654162680149,0.0,0.0,0.4855673298016066,25.016576084322594,-0.00547303414037622,0.0,0.0273651707018811,0.0,0.0,0.0,wltp_class3b,RuleBasedEMS
1059,6.6616,-2811.5114084221395,0.0,0.0,0.4855496306156002,25.01658103449146,-0.005284795880492744,0.0,0.02642397940246372,0.0,0.0,0.0,wltp_class3b,RuleBasedEMS
1060,6.8024,-2712.3622059076547,0.0,0.0,0.4855325554985876,25.016585511381876,-0.005098425199074539,0.0,0.025492125995372695,0.0,0.0,0.0,wltp_class3b,RuleBasedEMS
1061,6.9297,-2624.695779110512,0.0,0.0,0.48551603217846667,25.016589587829554,-0.004933638682538557,0.0,0.02466819341269278,0.0,0.0,0.0,wltp_class3b,RuleBasedEMS
1062,7.0467,-2562.8589694983225,0.0,0.0,0.4854998980617151,25.016593400414628,-0.004817404078004366,0.0,0.024087020390021828,0.0,0.0,0.0,wltp_class3b,RuleBasedEMS
1063,7.1573,-2538.41731358928,0.0,0.0,0.48548391774068517,25.016597132696166,-0.004771461115769324,0.0,0.02385730557884662,0.0,0.0,0.0,wltp_class3b,RuleBasedEMS
1064,7.2658,-2559.825637858211,0.0,0.0,0.4854678025754215,25.016601005032484,-0.004811702326801149,0.0,0.02405851163400574,0.0,0.0,0.0,wltp_class3b,RuleBasedEMS
1065,7.3764,-2629.887131907532,0.0,0.0,0.48545124627219605,25.016605258779872,-0.0049433968644878425,0.0,0.02471698432243921,0.0,0.0,0.0,wltp_class3b,RuleBasedEMS
1066,7.4934,-2753.8407749105518,0.0,0.0,0.4854339095485569,25.01661018363451,-0.005176392434042391,0.0,0.025881962170211954,0.0,0.0,0.0,wltp_class3b,RuleBasedEMS
1067,7.6207,-2931.315915583649,0.0,0.0,0.4854154554472471,25.01661610716348,-0.005509992322525656,0.0,0.02754996161262828,0.0,0.0,0.0,wltp_class3b,RuleBasedEMS
1068,7.7615,-3158.3163261713144,0.0,0.0,0.48539557215999257,25.01662338908637,-0.00593668482363029,0.0,0.02968342411815145,0.0,0.0,0.0,wltp_class3b,RuleBasedEMS
1069,7.918,-3426.759486311107,0.0,0.0,0.4853739987521567,25.016632402607435,-0.0064412772299080965,0.0,0.03220638614954048,0.0,0.0,0.0,wltp_class3b,RuleBasedEMS
1070,8.0917,-3731.6167495163936,0.0,0.0,0.4853505059366556,25.01664355060225,-0.007014317198339086,0.0,0.03507158599169543,0.0,0.0,0.0,wltp_class3b,RuleBasedEMS
1071,8.2828,-4059.1203774890632,0.0,0.0,0.48532495109169616,25.01665719505025,-0.0076299255215959835,0.0,0.038149627607979915,0.0,0.0,0.0,wltp_class3b,RuleBasedEMS
1072,8.4905,-4397.482959123805,0.0,0.0,0.48529726579552107,25.016673643497832,-0.008265945411886853,0.0,0.04132972705943426,0.0,0.0,0.0,wltp_class3b,RuleBasedEMS
1073,8.713,-4732.857513640802,0.0,0.0,0.48526746879582444,25.01669310149536,-0.008896348709851131,0.0,0.04448174354925565,0.0,0.0,0.0,wltp_class3b,RuleBasedEMS
1074,8.9474,-5047.511821174798,0.0,0.0,0.48523569047527415,25.016715600033283,-0.009487804175140599,0.0,0.04743902087570299,0.0,0.0,0.0,wltp_class3b,RuleBasedEMS
1075,9.1902,-5328.283113891943,0.0,0.0,0.4852021440901073,25.016741000209777,-0.01001556976295478,0.0,0.050077848814773895,0.0,0.0,0.0,wltp_class3b,RuleBasedEMS
1076,9.4373,-5560.124672320169,0.0,0.0,0.485167137638267,25.01676894977201,-0.010451362166015356,0.0,0.05225681083007678,0.0,0.0,0.0,wltp_class3b,RuleBasedEMS
1077,9.6845,-5734.096534928177,0.0,0.0,0.48513103541907643,25.016798933169976,-0.010778376945353716,0.0,0.05389188472676858,0.0,0.0,0.0,wltp_class3b,RuleBasedEMS
1078,9.9273,-5837.60815239263,0.0,0.0,0.4850942810234775,25.01683023569693,-0.010972947654873364,0.0,0.05486473827436682,0.0,0.0,0.0,wltp_class3b,RuleBasedEMS
1079,10.1617,-5870.702334685235,0.0,0.0,0.485057317798362,25.016862097870284,-0.01103515476444593,0.0,0.05517577382222965,0.0,0.0,0.0,wltp_class3b,RuleBasedEMS
1080,10.3841,-5833.155703618891,0.0,0.0,0.4850205905227306,25.016893740099317,-0.010964578390261073,0.0,0.05482289195130536,0.0,0.0,0.0,wltp_class3b,RuleBasedEMS
1081,10.5918,-5734.668954611432,0.0,0.0,0.48498448292123997,25.016924498216937,-0.010779452922201942,0.0,0.0538972646110097,0.0,0.0,0.0,wltp_class3b,RuleBasedEMS
1082,10.7829,-5585.5054134545635,0.0,0.0,0.4849493141157797,25.016953845900133,-0.010499070326042415,0.0,0.052495351630212066,0.0,0.0,0.0,wltp_class3b,RuleBasedEMS
1083,10.9566,-5403.166090685009,0.0,0.0,0.4849152930470891,25.016981474286535,-0.010156327238129717,0.0,0.050781636190648585,0.0,0.0,0.0,wltp_class3b,RuleBasedEMS
1084,11.1132,-5207.286981244956,0.0,0.0,0.4848825050231518,25.017007298985558,-0.009788133423392777,0.0,0.048940667116963876,0.0,0.0,0.0,wltp_class3b,RuleBasedEMS
1085,11.2539,-5015.620652020532,0.0,0.0,0.4848509235704195,25.01703141725643,-0.009427858368459649,0.0,0.04713929184229824,0.0,0.0,0.0,wltp_class3b,RuleBasedEMS
1086,11.3812,-4854.33684294213,0.0,0.0,0.4848203574278289,25.017054161443948,-0.009124693313800995,0.0,0.045623466569004976,0.0,0.0,0.0,wltp_class3b,RuleBasedEMS
1087,11.4983,-4739.894028826011,0.0,0.0,0.4847905116890335,25.01707598537776,-0.008909575242154157,0.0,0.04454787621077078,0.0,0.0,0.0,wltp_class3b,RuleBasedEMS
1088,11.6089,-4685.49172836369,0.0,0.0,0.48476100832044017,25.01709743269378,-0.008807315278879116,0.0,0.04403657639439558,0.0,0.0,0.0,wltp_class3b,RuleBasedEMS
1089,11.7173,-4706.504781443321,0.0,0.0,0.4847313724619586,25.01711916980851,-0.008846813498953611,0.0,0.044234067494768055,0.0,0.0,0.0,wltp_class3b,RuleBasedEMS
1090,11.8279,-4809.455461772154,0.0,0.0,0.4847010881673019,25.017141937345954,-0.009040329815361193,0.0,0.04520164907680596,0.0,0.0,0.0,wltp_class3b,RuleBasedEMS
1091,11.945,-4997.332454484805,0.0,0.0,0.48466962065285196,25.01716655861712,-0.009393482057302265,0.0,0.04696741028651132,0.0,0.0,0.0,wltp_class3b,RuleBasedEMS
1092,12.0723,-5263.764730055268,0.0,0.0,0.484636475232612,25.017193890873152,-0.009894294605367046,0.0,0.04947147302683522,0.0,0.0,0.0,wltp_class3b,RuleBasedEMS
1093,12.213,-5604.138640835672,0.0,0.0,0.48460118625102777,25.01722486783271,-0.010534095189540738,0.0,0.05267047594770369,0.0,0.0,0.0,wltp_class3b,RuleBasedEMS
1094,12.3696,-6009.84102724339,0.0,0.0,0.4845633422655346,25.017260474529127,-0.011296693660231937,0.0,0.05648346830115968,0.0,0.0,0.0,wltp_class3b,RuleBasedEMS
1095,12.5433,-6459.691478186481,0.0,0.0,0.4845226651818886,25.01730159303546,-0.012142277214636243,0.0,0.06071138607318121,0.0,0.0,0.0,wltp_class3b,RuleBasedEMS
1096,12.7344,-6938.8289625490825,0.0,0.0,0.48447897046436994,25.017349027416063,-0.01304291158373888,0.0,0.06521455791869439,0.0,0.0,0.0,wltp_class3b,RuleBasedEMS
1097,12.9421,-7426.639141353005,0.0,0.0,0.4844322033691439,25.017403374850428,-0.01395984801006204,0.0,0.0697992400503102,0.0,0.0,0.0,wltp_class3b,RuleBasedEMS
1098,13.1645,-7900.07587270399,0.0,0.0,0.48438245426649196,25.01746491345357,-0.01484976667801502,0.0,0.0742488333900751,0.0,0.0,0.0,wltp_class3b,RuleBasedEMS
1099,13.3989,-8339.738343062885,0.0,0.0,0.4843299356973244,25.017533576202414,-0.015676199892975348,0.0,0.07838099946487674,0.0,0.0,0.0,wltp_class3b,RuleBasedEMS
1100,13.6417,-8721.594149746868,0.0,0.0,0.48427501155373176,25.017608812562177,-0.0163939739656896,0.0,0.081969869828448,0.0,0.0,0.0,wltp_class3b,RuleBasedEMS
1101,13.8889,-9030.085003091279,0.0,0.0,0.4842181437303029,25.017689676043464,-0.01697384399077308,0.0,0.0848692199538654,0.0,0.0,0.0,wltp_class3b,RuleBasedEMS
1102,14.0413,-7093.567898618489,0.0,0.0,0.4841734705253698,25.017741419075154,-0.013333774245523478,0.0,0.06666887122761739,0.0,0.0,0.0,wltp_class3b,RuleBasedEMS
1103,14.1894,-7108.237894447093,0.0,0.0,0.48412870447166895,25.017793620393462,-0.013361349425652431,0.0,0.06680674712826215,0.0,0.0,0.0,wltp_class3b,RuleBasedEMS
1104,14.329,-7022.136538524057,0.0,0.0,0.4840844802180265,25.017844926702136,-0.013199504771661761,0.0,0.0659975238583088,0.0,0.0,0.0,wltp_class3b,RuleBasedEMS
1105,14.4568,-6850.567838608706,0.0,0.0,0.4840413360639171,25.017894221243896,-0.012877007215429899,0.0,0.06438503607714949,0.0,0.0,0.0,wltp_class3b,RuleBasedEMS
1106,14.5697,-6594.351209593906,0.0,0.0,0.48399980517342844,25.0179404710445,-0.012395397010514862,0.0,0.061976985052574304,0.0,0.0,0.0,wltp_class3b,RuleBasedEMS
1107,14.6661,-6285.77260266651,0.0,0.0,0.48396021739429657,25.01798314033206,-0.011815362035087424,0.0,0.05907681017543712,0.0,0.0,0.0,wltp_class3b,RuleBasedEMS
1108,14.7451,-5940.605602866743,0.0,0.0,0.48392280323826703,25.018021956588854,-0.011166551885087863,0.0,0.05583275942543931,0.0,0.0,0.0,wltp_class3b,RuleBasedEMS
1109,14.8069,-5585.182679593101,0.0,0.0,0.4838876273727348,25.018056993321004,-0.01049846368344568,0.0,0.052492318417228394,0.0,0.0,0.0,wltp_class3b,RuleBasedEMS
1110,14.8529,-5249.356857486978,0.0,0.0,0.4838545664398005,25.018088640457343,-0.009867212138133418,0.0,0.04933606069066709,0.0,0.0,0.0,wltp_class3b,RuleBasedEMS
1111,14.8855,-4959.054477871839,0.0,0.0,0.4838233337814666,25.01811749686031,-0.009321530973443305,0.0,0.046607654867216526,0.0,0.0,0.0,wltp_class3b,RuleBasedEMS
1112,14.9078,-4733.431247853566,0.0,0.0,0.4837935220802172,25.01814426425219,-0.008897427157619485,0.0,0.044487135788097425,0.0,0.0,0.0,wltp_class3b,RuleBasedEMS
1113,14.9237,-4594.0537693740725,0.0,0.0,0.4837645881759681,25.018169757430524,-0.008635439416116678,0.0,0.04317719708058339,0.0,0.0,0.0,wltp_class3b,RuleBasedEMS
1114,14.9374,-4550.732723345634,0.0,0.0,0.4837359271074307,25.018194818335893,-0.008554008878469238,0.0,0.04277004439234619,0.0,0.0,0.0,wltp_class3b,RuleBasedEMS
1115,14.9533,-4610.914483072543,0.0,0.0,0.4837068870043448,25.018220341942186,-0.008667132486978464,0.0,0.04333566243489232,0.0,0.0,0.0,wltp_class3b,RuleBasedEMS
1116,14.9756,-4772.7378157092435,0.0,0.0,0.48367682770775056,25.01824725380267,-0.008971311683663993,0.0,0.04485655841831996,0.0,0.0,0.0,wltp_class3b,RuleBasedEMS
1117,15.0082,-5032.188245468591,0.0,0.0,0.4836451343299522,25.018276545957118,-0.009459000461407126,0.0,0.04729500230703563,0.0,0.0,0.0,wltp_class3b,RuleBasedEMS
1118,15.0542,-5373.606778424492,0.0,0.0,0.4836112905901897,25.01830920514457,-0.01010076462109867,0.0,0.050503823105493346,0.0,0.0,0.0,wltp_class3b,RuleBasedEMS
1119,15.116,-5783.698703276681,0.0,0.0,0.4835748639216554,25.01834623970705,-0.010871614103903537,0.0,0.05435807051951768,0.0,0.0,0.0,wltp_class3b,RuleBasedEMS
1120,15.195,-6241.796800052603,0.0,0.0,0.48353555190243186,25.018388580079222,-0.011732700751978579,0.0,0.05866350375989289,0.0,0.0,0.0,wltp_class3b,RuleBasedEMS
1121,15.2914,-6721.615992419505,0.0,0.0,0.48349321763859243,25.01843695090691,-0.012634616527104334,0.0,0.06317308263552167,0.0,0.0,0.0,wltp_class3b,RuleBasedEMS
1122,15.4044,-7200.372040077165,0.0,0.0,0.48344786772004844,25.018491826657314,-0.013534533909919483,0.0,0.06767266954959741,0.0,0.0,0.0,wltp_class3b,RuleBasedEMS
1123,15.5321,-7651.184295070996,0.0,0.0,0.4833996780285088,25.018553288107558,-0.014381925366674805,0.0,0.07190962683337403,0.0,0.0,0.0,wltp_class3b,RuleBasedEMS
1124,15.6717,-8050.053932022634,0.0,0.0,0.4833489755990096,25.018620974517248,-0.015131680323350816,0.0,0.07565840161675408,0.0,0.0,0.0,wltp_class3b,RuleBasedEMS
1125,15.8198,-8378.534178906602,0.0,0.0,0.4832962036646334,25.018694108159252,-0.015749124396440984,0.0,0.07874562198220492,0.0,0.0,0.0,wltp_class3b,RuleBasedEMS
1126,15.9722,-8611.430546175223,0.0,0.0,0.48324196417049836,25.01877135972048,-0.016186899522885757,0.0,0.08093449761442878,0.0,0.0,0.0,wltp_class3b,RuleBasedEMS
1127,16.1246,-8739.814254415101,0.0,0.0,0.483186915338998,25.018851113618908,-0.016428222282735154,0.0,0.08214111141367576,0.0,0.0,0.0,wltp_class3b,RuleBasedEMS
1128,16.2727,-8756.990662016275,0.0,0.0,0.48313175760511934,25.018931553482183,-0.016460508763188487,0.0,0.08230254381594243,0.0,0.0,0.0,wltp_class3b,RuleBasedEMS
1129,16.4124,-8661.625644498006,0.0,0.0,0.4830771998556685,25.019010815429017,-0.01628125121146242,0.0,0.0814062560573121,0.0,0.0,0.0,wltp_class3b,RuleBasedEMS
1130,16.5401,-8461.054108590206,0.0,0.0,0.48302390482273516,25.01908719879731,-0.01590423704622219,0.0,0.07952118523111096,0.0,0.0,0.0,wltp_class3b,RuleBasedEMS
1131,16.6531,-8174.658839297388,0.0,0.0,0.4829724131867309,25.019159408197797,-0.01536590007386727,0.0,0.07682950036933635,0.0,0.0,0.0,wltp_class3b,RuleBasedEMS
1132,16.7495,-7821.073097741741,0.0,0.0,0.4829231482828961,25.019226551768952,-0.014701265221319064,0.0,0.07350632610659531,0.0,0.0,0.0,wltp_class3b,RuleBasedEMS
1133,16.8284,-7425.932534636622,0.0,0.0,0.482876371979314,25.019288223594856,-0.013958519801948538,0.0,0.06979259900974269,0.0,0.0,0.0,wltp_class3b,RuleBasedEMS
1134,16.8902,-7024.547302786517,0.0,0.0,0.48283212372224177,25.019344574730642,-0.013204036283433305,0.0,0.06602018141716652,0.0,0.0,0.0,wltp_class3b,RuleBasedEMS
1135,16.9363,-6645.573422585509,0.0,0.0,0.4827902624380149,25.019396130716633,-0.012491679365762237,0.0,0.06245839682881118,0.0,0.0,0.0,wltp_class3b,RuleBasedEMS
1136,16.9688,-6310.297947840791,0.0,0.0,0.48275051294454735,25.019443627473922,-0.011861462307971412,0.0,0.059307311539857056,0.0,0.0,0.0,wltp_class3b,RuleBasedEMS
1137,16.9911,-6056.5384680677635,0.0,0.0,0.4827123618211256,25.019488158256852,-0.011384470804638655,0.0,0.05692235402319327,0.0,0.0,0.0,wltp_class3b,RuleBasedEMS
1138,17.007,-5898.278937302579,0.0,0.0,0.4826752075379972,25.019530868013867,-0.011086990483651464,0.0,0.05543495241825732,0.0,0.0,0.0,wltp_class3b,RuleBasedEMS
1139,17.0207,-5849.431086306957,0.0,0.0,0.4826383609139778,25.019572984684796,-0.010995171214862702,0.0,0.0549758560743135,0.0,0.0,0.0,wltp_class3b,RuleBasedEMS
1140,17.0366,-5918.604165330192,0.0,0.0,0.48260107851896855,25.019615818671696,-0.011125195799492843,0.0,0.05562597899746421,0.0,0.0,0.0,wltp_class3b,RuleBasedEMS
1141,17.0589,-6103.782235541515,0.0,0.0,0.48256262960364954,25.019660720371313,-0.011473274878837434,0.0,0.05736637439418717,0.0,0.0,0.0,wltp_class3b,RuleBasedEMS
1142,17.0915,-6400.440158936908,0.0,0.0,0.4825223119037638,25.019709123396474,-0.012030902554392686,0.0,0.060154512771963424,0.0,0.0,0.0,wltp_class3b,RuleBasedEMS
1143,17.1375,-6790.699198086979,0.0,0.0,0.4824795357536215,25.019762433781906,-0.012764472176855224,0.0,0.06382236088427612,0.0,0.0,0.0,wltp_class3b,RuleBasedEMS
1144,17.1994,-7262.046045929564,0.0,0.0,0.4824337902855747,25.0198221049141,-0.013650462492348803,0.0,0.06825231246174401,0.0,0.0,0.0,wltp_class3b,RuleBasedEMS
1145,17.2783,-7779.815988815271,0.0,0.0,0.48238478296464266,25.01988930535281,-0.014623714264690361,0.0,0.0731185713234518,0.0,0.0,0.0,wltp_class3b,RuleBasedEMS
1146,17.3747,-8330.20912292525,0.0,0.0,0.48233230815948563,25.019965127842443,-0.015658287825047464,0.0,0.07829143912523731,0.0,0.0,0.0,wltp_class3b,RuleBasedEMS
1147,17.4877,-8876.325464777654,0.0,0.0,0.4822763926605915,25.020050148991864,-0.016684822302213635,0.0,0.08342411151106817,0.0,0.0,0.0,wltp_class3b,RuleBasedEMS
1148,17.6154,-9390.217903015808,0.0,0.0,0.48221723929695764,25.020144432984768,-0.0176507855319846,0.0,0.088253927659923,0.0,0.0,0.0,wltp_class3b,RuleBasedEMS
1149,17.7551,-9847.523745824086,0.0,0.0,0.48215520437187087,25.02024748981657,-0.018510382980872344,0.0,0.09255191490436171,0.0,0.0,0.0,wltp_class3b,RuleBasedEMS
1150,17.9031,-10216.120556872806,0.0,0.0,0.4820908465640216,25.0203580510164,-0.019203234129460164,0.0,0.09601617064730081,0.0,0.0,0.0,wltp_class3b,RuleBasedEMS
1151,18.0556,-10487.548095710124,0.0,0.0,0.4820247778864467,25.020474480807124,-0.019713436270131814,0.0,0.09856718135065906,0.0,0.0,0.0,wltp_class3b,RuleBasedEMS
1152,18.208,-10632.200600326147,0.0,0.0,0.4819577969100836,25.020594380854714,-0.01998533947429727,0.0,0.09992669737148634,0.0,0.0,0.0,wltp_class3b,RuleBasedEMS
1153,18.356,-10651.190631216663,0.0,0.0,0.4818906952627176,25.020715250942303,-0.020021035021083954,0.0,0.10010517510541976,0.0,0.0,0.0,wltp_class3b,RuleBasedEMS
1154,18.4957,-10549.246950639677,0.0,0.0,0.4818242348467493,25.020834651259204,-0.01982941156135278,0.0,0.09914705780676389,0.0,0.0,0.0,wltp_class3b,RuleBasedEMS
1155,18.6234,-10326.17200823537,0.0,0.0,0.4817591788698153,25.02095018777277,-0.01941009775984092,0.0,0.0970504887992046,0.0,0.0,0.0,wltp_class3b,RuleBasedEMS
1156,18.7364,-10006.736961095216,0.0,0.0,0.48169613453150095,25.02106006881388,-0.0188096559419083,0.0,0.0940482797095415,0.0,0.0,0.0,wltp_class3b,RuleBasedEMS
1157,18.8328,-9611.883521976455,0.0,0.0,0.48163557712854016,25.021163042334802,-0.01806745022927905,0.0,0.09033725114639525,0.0,0.0,0.0,wltp_class3b,RuleBasedEMS
1158,18.9117,-9170.335067260994,0.0,0.0,0.4815778010097209,25.021258511479072,-0.017237471930941717,0.0,0.08618735965470858,0.0,0.0,0.0,wltp_class3b,RuleBasedEMS
1159,18.9736,-8724.676446076755,0.0,0.0,0.4815228322243756,25.021346692104366,-0.016399767755783376,0.0,0.08199883877891688,0.0,0.0,0.0,wltp_class3b,RuleBasedEMS
1160,19.0196,-8294.888068339695,0.0,0.0,0.48147057092052925,25.02142812487234,-0.015591894865300177,0.0,0.07795947432650088,0.0,0.0,0.0,wltp_class3b,RuleBasedEMS
1161,19.0522,-7925.828999498339,0.0,0.0,0.48142063459231516,25.021503988600987,-0.014898174811087104,0.0,0.07449087405543552,0.0,0.0,0.0,wltp_class3b,RuleBasedEMS
1162,19.0745,-7638.992907190675,0.0,0.0,0.4813725052838769,25.021575658269445,-0.014359009224042624,0.0,0.07179504612021312,0.0,0.0,0.0,wltp_class3b,RuleBasedEMS
1163,19.0904,-7462.093050863886,0.0,0.0,0.4813254904036497,25.02164478267522,-0.014026490697112568,0.0,0.07013245348556284,0.0,0.0,0.0,wltp_class3b,RuleBasedEMS
1164,19.1041,-7407.92719081539,0.0,0.0,0.4812788166993913,25.021713100639122,-0.01392467517070562,0.0,0.0696233758535281,0.0,0.0,0.0,wltp_class3b,RuleBasedEMS
1165,19.12,-7486.334653802728,0.0,0.0,0.48123164889957837,25.021782475385344,-0.01407205761992994,0.0,0.0703602880996497,0.0,0.0,0.0,wltp_class3b,RuleBasedEMS
1166,19.1423,-7695.208879339743,0.0,0.0,0.4811831649780351,25.02185482203537,-0.014464678344623578,0.0,0.07232339172311789,0.0,0.0,0.0,wltp_class3b,RuleBasedEMS
1167,19.1749,-8029.573556468115,0.0,0.0,0.4811325742329958,25.021932157268314,-0.015093183376819766,0.0,0.07546591688409883,0.0,0.0,0.0,wltp_class3b,RuleBasedEMS
1168,19.2209,-8469.377403524839,0.0,0.0,0.48107921226354533,25.022016434793724,-0.015919882337452704,0.0,0.07959941168726352,0.0,0.0,0.0,wltp_class3b,RuleBasedEMS
1169,19.2827,-8997.420373742729,0.0,0.0,0.48102252300296466,25.022109595277307,-0.016912444311546482,0.0,0.08456222155773241,0.0,0.0,0.0,wltp_class3b,RuleBasedEMS
1170,19.3617,-9586.95096788556,0.0,0.0,0.48096211889652674,25.02221337126242,-0.018020584526100676,0.0,0.09010292263050337,0.0,0.0,0.0,wltp_class3b,RuleBasedEMS
1171,19.458,-10200.89327815925,0.0,0.0,0.4808978459558177,25.022328992326436,-0.019174611425111374,0.0,0.09587305712555687,0.0,0.0,0.0,wltp_class3b,RuleBasedEMS
1172,19.571,-10819.120963499732,0.0,0.0,0.4808296769758128,25.022457363358658,-0.020336693540413033,0.0,0.10168346770206516,0.0,0.0,0.0,wltp_class3b,RuleBasedEMS
1173,19.6987,-11398.042139271629,0.0,0.0,0.4807578593977283,25.022598460403593,-0.021424891239232385,0.0,0.10712445619616193,0.0,0.0,0.0,wltp_class3b,RuleBasedEMS
1174,19.8384,-11913.397863166254,0.0,0.0,0.48068279352090376,25.02275157417422,-0.022393605005951608,0.0,0.11196802502975803,0.0,0.0,0.0,wltp_class3b,RuleBasedEMS
1175,19.9865,-12332.565903234905,0.0,0.0,0.48060508522176115,25.022915033379054,-0.02318151485570471,0.0,0.11590757427852354,0.0,0.0,0.0,wltp_class3b,RuleBasedEMS
1176,20.1389,-12633.472106297462,0.0,0.0,0.48052547951795926,25.023086390108404,-0.023747128019356134,0.0,0.11873564009678066,0.0,0.0,0.0,wltp_class3b,RuleBasedEMS
1177,20.2913,-12802.335292910264,0.0,0.0,0.48044480833463904,25.023262636625837,-0.024064540024267417,0.0,0.12032270012133707,0.0,0.0,0.0,wltp_class3b,RuleBasedEMS
1178,20.4394,-12831.304419632688,0.0,0.0,0.48036395315079794,25.023440421232987,-0.024118993269986257,0.0,0.12059496634993128,0.0,0.0,0.0,wltp_class3b,RuleBasedEMS
1179,20.579,-12715.89006707416,0.0,0.0,0.4802838238224589,25.023616232515327,-0.023902048998259703,0.0,0.1195102449912985,0.0,0.0,0.0,wltp_class3b,RuleBasedEMS
1180,20.7068,-12478.79300478046,0.0,0.0,0.4802051872401195,25.023787160969366,-0.0234563778285347,0.0,0.1172818891426735,0.0,0.0,0.0,wltp_class3b,RuleBasedEMS
1181,20.8197,-12121.47225454634,0.0,0.0,0.48012880116525,25.023950469007836,-0.02278472228298184,0.0,0.1139236114149092,0.0,0.0,0.0,wltp_class3b,RuleBasedEMS
1182,20.9161,-11690.060690358916,0.0,0.0,0.4800551326939935,25.02410465934385,-0.02197379829014834,0.0,0.1098689914507417,0.0,0.0,0.0,wltp_class3b,RuleBasedEMS
1183,20.9951,-11206.67919029285,0.0,0.0,0.4799845095404246,25.024248870987243,-0.021065186447918896,0.0,0.10532593223959447,0.0,0.0,0.0,wltp_class3b,RuleBasedEMS
1184,21.0569,-10708.342858786606,0.0,0.0,0.47991702615512755,25.024383126566118,-0.020128464020275575,0.0,0.10064232010137787,0.0,0.0,0.0,wltp_class3b,RuleBasedEMS
1185,21.1029,-10237.054345726108,0.0,0.0,0.47985251227213044,25.024508303868352,-0.019242583356628026,0.0,0.09621291678314012,0.0,0.0,0.0,wltp_class3b,RuleBasedEMS
1186,21.1355,-9829.36404672046,0.0,0.0,0.4797905672524799,25.0246258967877,-0.018476248208121167,0.0,0.09238124104060583,0.0,0.0,0.0,wltp_class3b,RuleBasedEMS
1187,21.1578,-9512.432674291666,0.0,0.0,0.47973061925047766,25.024737757649973,-0.017880512545661028,0.0,0.08940256272830513,0.0,0.0,0.0,wltp_class3b,RuleBasedEMS
1188,21.1737,-9317.136008541833,0.0,0.0,0.4796719017996557,25.024846142360932,-0.017513413549890663,0.0,0.08756706774945332,0.0,0.0,0.0,wltp_class3b,RuleBasedEMS
1189,21.1874,-9257.86144586707,0.0,0.0,0.4796135577228864,25.024953452682688,-0.017401995198998255,0.0,0.08700997599499127,0.0,0.0,0.0,wltp_class3b,RuleBasedEMS
1190,21.2033,-9345.745471013428,0.0,0.0,0.47955465962164046,25.025062272651372,-0.017567190734987647,0.0,0.08783595367493824,0.0,0.0,0.0,wltp_class3b,RuleBasedEMS
1191,21.2256,-9578.654994869812,0.0,0.0,0.4794942935014233,25.025175253266376,-0.01800499059186055,0.0,0.09002495295930274,0.0,0.0,0.0,wltp_class3b,RuleBasedEMS
1192,21.2582,-9951.222066094842,0.0,0.0,0.47943157915622553,25.025295167022826,-0.01870530463551662,0.0,0.0935265231775831,0.0,0.0,0.0,wltp_class3b,RuleBasedEMS
1193,21.3042,-10441.270266621817,0.0,0.0,0.47936577609363584,25.02542467131661,-0.019626447869589884,0.0,0.09813223934794942,0.0,0.0,0.0,wltp_class3b,RuleBasedEMS
1194,21.366,-11029.701861527663,0.0,0.0,0.47929626413056237,25.025566374525635,-0.02073252229610463,0.0,0.10366261148052315,0.0,0.0,0.0,wltp_class3b,RuleBasedEMS
1195,21.445,-11686.755329039155,0.0,0.0,0.4792226105972729,25.025722572849514,-0.02196758520496082,0.0,0.10983792602480409,0.0,0.0,0.0,wltp_class3b,RuleBasedEMS
1196,21.5414,-12374.649432560585,0.0,0.0,0.4791446208858209,25.025894943575924,-0.023260619234136443,0.0,0.1163030961706822,0.0,0.0,0.0,wltp_class3b,RuleBasedEMS
1197,21.6544,-13060.662550943185,0.0,0.0,0.47906230657728,25.02608447808989,-0.024550117576960878,0.0,0.12275058788480438,0.0,0.0,0.0,wltp_class3b,RuleBasedEMS
1198,21.7821,-13706.564280268747,0.0,0.0,0.4789759201804752,25.026291163392543,-0.025764218571933735,0.0,0.12882109285966867,0.0,0.0,0.0,wltp_class3b,RuleBasedEMS
1199,21.9217,-14278.572975258774,0.0,0.0,0.47888592712275446,25.026513913267443,-0.026839422885824766,0.0,0.13419711442912383,0.0,0.0,0.0,wltp_class3b,RuleBasedEMS
1200,22.0698,-14751.102552920156,0.0,0.0,0.47879295412760947,25.02675066729253,-0.02772763637766947,0.0,0.13863818188834734,0.0,0.0,0.0,wltp_class3b,RuleBasedEMS
1201,22.2222,-15089.501085158756,0.0,0.0,0.4786978463849962,25.026998081045825,-0.02836372384428338,0.0,0.1418186192214169,0.0,0.0,0.0,wltp_class3b,RuleBasedEMS
1202,22.3396,-14021.433338370394,0.0,0.0,0.4786094687538396,25.027217113609677,-0.026356077703703754,0.0,0.13178038851851875,0.0,0.0,0.0,wltp_class3b,RuleBasedEMS
1203,22.4527,-14008.887026116661,0.0,0.0,0.4785211687565248,25.027436666791754,-0.026332494409993724,0.0,0.13166247204996862,0.0,0.0,0.0,wltp_class3b,RuleBasedEMS
1204,22.5574,-13841.751503229232,0.0,0.0,0.4784339208464847,25.02765263244304,-0.02601832989328803,0.0,0.13009164946644014,0.0,0.0,0.0,wltp_class3b,RuleBasedEMS
1205,22.6501,-13531.452038606401,0.0,0.0,0.4783486275498613,25.02786130471695,-0.025435060222944363,0.0,0.1271753011147218,0.0,0.0,0.0,wltp_class3b,RuleBasedEMS
1206,22.7281,-13105.472387272155,0.0,0.0,0.47826601822481846,25.028059878528406,-0.024634346592616832,0.0,0.12317173296308416,0.0,0.0,0.0,wltp_class3b,RuleBasedEMS
1207,22.7895,-12589.721964488699,0.0,0.0,0.4781866589563599,25.028246420021844,-0.023664890910693043,0.0,0.11832445455346521,0.0,0.0,0.0,wltp_class3b,RuleBasedEMS
1208,22.8334,-12019.194891447018,0.0,0.0,0.47811089526422507,25.02842003565406,-0.02259247160046432,0.0,0.1129623580023216,0.0,0.0,0.0,wltp_class3b,RuleBasedEMS
1209,22.8602,-11441.62424665498,0.0,0.0,0.4780387717750204,25.028581033750797,-0.02150681249371237,0.0,0.10753406246856184,0.0,0.0,0.0,wltp_class3b,RuleBasedEMS
1210,22.8713,-10895.414801393583,0.0,0.0,0.4779700910000082,25.028730541068818,-0.020480103010138317,0.0,0.10240051505069157,0.0,0.0,0.0,wltp_class3b,RuleBasedEMS
1211,22.8688,-10408.889372058471,0.0,0.0,0.47790447687640947,25.028870158403755,-0.0195655815264257,0.0,0.0978279076321285,0.0,0.0,0.0,wltp_class3b,RuleBasedEMS
1212,22.8561,-10032.68152369718,0.0,0.0,0.47784123412523866,25.029002303339944,-0.018858423916724022,0.0,0.0942921195836201,0.0,0.0,0.0,wltp_class3b,RuleBasedEMS
1213,22.837,-9785.263986519993,0.0,0.0,0.4777795509787839,25.029129532476208,-0.018393353358120288,0.0,0.09196676679060144,0.0,0.0,0.0,wltp_class3b,RuleBasedEMS
1214,22.8157,-9685.056807860541,0.0,0.0,0.4777184995184434,25.029254595400847,-0.01820499399973786,0.0,0.0910249699986893,0.0,0.0,0.0,wltp_class3b,RuleBasedEMS
1215,22.7966,-9743.326765025084,0.0,0.0,0.47765708076975844,25.02938040515052,-0.01831452399440805,0.0,0.09157261997204026,0.0,0.0,0.0,wltp_class3b,RuleBasedEMS
1216,22.7839,-9956.996947138481,0.0,0.0,0.4775943151205482,25.029509909301765,-0.018716159675072334,0.0,0.09358079837536167,0.0,0.0,0.0,wltp_class3b,RuleBasedEMS
1217,22.7815,-10319.49854999266,0.0,0.0,0.4775292643306177,25.029646153309294,-0.01939755366539974,0.0,0.0969877683269987,0.0,0.0,0.0,wltp_class3b,RuleBasedEMS
1218,22.7925,-10806.27357517746,0.0,0.0,0.4774611449241116,25.029792019762322,-0.020312544314243345,0.0,0.10156272157121672,0.0,0.0,0.0,wltp_class3b,RuleBasedEMS
1219,22.8194,-11399.833054729348,0.0,0.0,0.4773892836249648,25.029950384118138,-0.021428257621671706,0.0,0.10714128810835853,0.0,0.0,0.0,wltp_class3b,RuleBasedEMS
1220,22.8633,-12053.238510043537,0.0,0.0,0.477313302993857,25.030123428873317,-0.02265646336474349,0.0,0.11328231682371745,0.0,0.0,0.0,wltp_class3b,RuleBasedEMS
1221,22.9247,-12747.434163106236,0.0,0.0,0.47723294567129065,25.03031310854071,-0.02396134241185383,0.0,0.11980671205926914,0.0,0.0,0.0,wltp_class3b,RuleBasedEMS
1222,23.0027,-13433.072395950248,0.0,0.0,0.47714826533689075,25.03052028461844,-0.025250136082613252,0.0,0.12625068041306625,0.0,0.0,0.0,wltp_class3b,RuleBasedEMS
1223,23.0954,-14073.15221503801,0.0,0.0,0.4770595489033616,25.030744790234365,-0.026453293637289495,0.0,0.13226646818644747,0.0,0.0,0.0,wltp_class3b,RuleBasedEMS
1224,23.2001,-14635.912978938406,0.0,0.0,0.47696728350881995,25.03098539531871,-0.027511114622064677,0.0,0.13755557311032338,0.0,0.0,0.0,wltp_class3b,RuleBasedEMS
1225,23.3131,-15079.997186745713,0.0,0.0,0.4768722170466041,25.03123941494375,-0.028345859373582166,0.0,0.14172929686791083,0.0,0.0,0.0,wltp_class3b,RuleBasedEMS
1226,23.4306,-15395.422752549966,0.0,0.0,0.476775160407146,25.031503540521847,-0.028938764572462347,0.0,0.14469382286231172,0.0,0.0,0.0,wltp_class3b,RuleBasedEMS
1227,23.548,-15544.999887783524,0.0,0.0,0.47667715902169894,25.031773098676403,-0.029219924601096847,0.0,0.14609962300548424,0.0,0.0,0.0,wltp_class3b,RuleBasedEMS
1228,23.661,-15531.61047017604,0.0,0.0,0.4765792402661192,25.032043315069625,-0.029194756522887295,0.0,0.14597378261443647,0.0,0.0,0.0,wltp_class3b,RuleBasedEMS
1229,23.7657,-15362.645466475347,0.0,0.0,0.4764823850305208,25.03230959901584,-0.028877153132472456,0.0,0.14438576566236228,0.0,0.0,0.0,wltp_class3b,RuleBasedEMS
1230,23.8584,-15038.930271846815,0.0,0.0,0.476387569101787,25.032567490426864,-0.02826866592452409,0.0,0.14134332962262044,0.0,0.0,0.0,wltp_class3b,RuleBasedEMS
1231,23.9364,-14593.039052474096,0.0,0.0,0.47629556298289766,25.03281367406348,-0.027430524534725744,0.0,0.1371526226736287,0.0,0.0,0.0,wltp_class3b,RuleBasedEMS
1232,23.9978,-14052.181447210844,0.0,0.0,0.47620696567939796,25.033045837661835,-0.026413874900772263,0.0,0.1320693745038613,0.0,0.0,0.0,wltp_class3b,RuleBasedEMS
1233,24.0417,-13453.128555718944,0.0,0.0,0.47612214438470035,25.033262875488127,-0.02528783563105065,0.0,0.12643917815525324,0.0,0.0,0.0,wltp_class3b,RuleBasedEMS
1234,24.0686,-12849.952254066302,0.0,0.0,0.4760411253676416,25.033465184502063,-0.024154045590350195,0.0,0.12077022795175096,0.0,0.0,0.0,wltp_class3b,RuleBasedEMS
1235,24.0796,-12267.729148498294,0.0,0.0,0.475963776758081,25.03365376288562,-0.023059641256575742,0.0,0.1152982062828787,0.0,0.0,0.0,wltp_class3b,RuleBasedEMS
1236,24.0772,-11762.99999515573,0.0,0.0,0.47588961015440856,25.033830810873,-0.022110902246533327,0.0,0.11055451123266663,0.0,0.0,0.0,wltp_class3b,RuleBasedEMS
1237,24.0645,-11362.607379354282,0.0,0.0,0.4758179678594671,25.033998911952935,-0.021358284547658424,0.0,0.10679142273829212,0.0,0.0,0.0,wltp_class3b,RuleBasedEMS
1238,24.0454,-11101.256636400227,0.0,0.0,0.47574797330749513,25.03416117683616,-0.020867023752632007,0.0,0.10433511876316003,0.0,0.0,0.0,wltp_class3b,RuleBasedEMS
1239,24.0241,-10994.793776261718,0.0,0.0,0.47567864997522796,25.03432088303271,-0.020666905594476915,0.0,0.10333452797238457,0.0,0.0,0.0,wltp_class3b,RuleBasedEMS
1240,24.005,-11055.29951257596,0.0,0.0,0.47560894512653373,25.034481513489897,-0.020780638181533764,0.0,0.10390319090766881,0.0,0.0,0.0,wltp_class3b,RuleBasedEMS
1241,23.9923,-11279.737738362788,0.0,0.0,0.4755378251256233,25.034646590803874,-0.021202514545794717,0.0,0.10601257272897358,0.0,0.0,0.0,wltp_class3b,RuleBasedEMS
1242,23.9899,-11661.362136162787,0.0,0.0,0.4754642988283628,25.034819741976584,-0.021919853639403734,0.0,0.10959926819701866,0.0,0.0,0.0,wltp_class3b,RuleBasedEMS
1243,24.0009,-12174.41872324029,0.0,0.0,0.4753875374220003,25.035004380203,-0.022884245720376485,0.0,0.11442122860188242,0.0,0.0,0.0,wltp_class3b,RuleBasedEMS
1244,24.0277,-12796.682766407206,0.0,0.0,0.4753068521698688,25.035203794490243,-0.024053914974449638,0.0,0.12026957487224818,0.0,0.0,0.0,wltp_class3b,RuleBasedEMS
1245,24.0717,-13494.019489526865,0.0,0.0,0.47522176950316214,25.035420810621066,-0.02536469828858433,0.0,0.12682349144292165,0.0,0.0,0.0,wltp_class3b,RuleBasedEMS
1246,24.133,-14219.61436999045,0.0,0.0,0.47513211097534547,25.035657302319507,-0.026728598439831677,0.0,0.13364299219915837,0.0,0.0,0.0,wltp_class3b,RuleBasedEMS
1247,24.211,-14948.01683025446,0.0,0.0,0.4750378585746324,25.035914540750294,-0.02809777599671891,0.0,0.14048887998359455,0.0,0.0,0.0,wltp_class3b,RuleBasedEMS
1248,24.3037,-15625.04100384408,0.0,0.0,0.4749393359271872,25.03619219515976,-0.029370377826774586,0.0,0.14685188913387293,0.0,0.0,0.0,wltp_class3b,RuleBasedEMS
1249,24.4084,-16220.92092988145,0.0,0.0,0.4748370543587206,25.036488801644193,-0.030490452875717014,0.0,0.15245226437858506,0.0,0.0,0.0,wltp_class3b,RuleBasedEMS
1250,24.5215,-16696.012578180682,0.0,0.0,0.4747317752137372,25.036801337009685,-0.031383482289813316,0.0,0.15691741144906657,0.0,0.0,0.0,wltp_class3b,RuleBasedEMS
1251,24.6389,-17024.078139641493,0.0,0.0,0.4746244253620227,25.03712556573082,-0.03200014687902537,0.0,0.16000073439512683,0.0,0.0,0.0,wltp_class3b,RuleBasedEMS
1252,24.7563,-17189.316032946874,0.0,0.0,0.47451603142108795,25.03745641721493,-0.03231074442283247,0.0,0.16155372211416236,0.0,0.0,0.0,wltp_class3b,RuleBasedEMS
1253,24.8694,-17183.28755992148,0.0,0.0,0.4744076733452789,25.03778834292483,-0.03229941270661932,0.0,0.1614970635330966,0.0,0.0,0.0,wltp_class3b,RuleBasedEMS
1254,24.974,-17001.642876260972,0.0,0.0,0.4743004586482691,25.0381156075787,-0.03195797533131762,0.0,0.1597898766565881,0.0,0.0,0.0,wltp_class3b,RuleBasedEMS
1255,25.0668,-16672.912035747926,0.0,0.0,0.4741953150513286,25.03843350719245,-0.03134006021757129,0.0,0.15670030108785646,0.0,0.0,0.0,wltp_class3b,RuleBasedEMS
1256,25.1447,-16199.55880646103,0.0,0.0,0.4740931548314781,25.03873764427596,-0.030450298508385393,0.0,0.15225149254192696,0.0,0.0,0.0,wltp_class3b,RuleBasedEMS
1257,25.2061,-15637.820579990066,0.0,0.0,0.4739945356840787,25.039025636311464,-0.029394399586447496,0.0,0.14697199793223747,0.0,0.0,0.0,wltp_class3b,RuleBasedEMS
1258,25.2501,-15014.529164998312,0.0,0.0,0.4738998461154279,25.039296123681734,-0.028222799182327653,0.0,0.14111399591163826,0.0,0.0,0.0,wltp_class3b,RuleBasedEMS
1259,25.2769,-14374.224022066945,0.0,0.0,0.47380919374061403,25.039549164933433,-0.027019218086592002,0.0,0.13509609043296,0.0,0.0,0.0,wltp_class3b,RuleBasedEMS
1260,25.2879,-13767.200779234145,0.0,0.0,0.4737223689511544,25.039786194168396,-0.025878196953447643,0.0,0.1293909847672382,0.0,0.0,0.0,wltp_class3b,RuleBasedEMS
1261,25.2855,-13237.033635353464,0.0,0.0,0.4736388872822609,25.040009641342447,-0.02488164217171704,0.0,0.1244082108585852,0.0,0.0,0.0,wltp_class3b,RuleBasedEMS
1262,25.2728,-12815.95013676419,0.0,0.0,0.4735580609627472,25.04022251868018,-0.024090131836022915,0.0,0.12045065918011456,0.0,0.0,0.0,wltp_class3b,RuleBasedEMS
1263,25.2537,-12540.569297546628,0.0,0.0,0.4734789712191803,25.040428488250587,-0.023572498679598927,0.0,0.11786249339799462,0.0,0.0,0.0,wltp_class3b,RuleBasedEMS
1264,25.2324,-12427.741937126611,0.0,0.0,0.4734005929482551,25.040631431490063,-0.023360417175050024,0.0,0.11680208587525011,0.0,0.0,0.0,wltp_class3b,RuleBasedEMS
1265,25.2133,-12490.385224055666,0.0,0.0,0.47332181952923147,25.04083548541638,-0.02347816771439035,0.0,0.11739083857195175,0.0,0.0,0.0,wltp_class3b,RuleBasedEMS
1266,25.2006,-12725.525411178285,0.0,0.0,0.4732415630433538,25.041044833139726,-0.023920160547327606,0.0,0.11960080273663802,0.0,0.0,0.0,wltp_class3b,RuleBasedEMS
1267,25.1982,-13126.2587018315,0.0,0.0,0.4731587790576948,25.04126376883643,-0.02467341861246523,0.0,0.12336709306232614,0.0,0.0,0.0,wltp_class3b,RuleBasedEMS
1268,25.2092,-13665.651140747279,0.0,0.0,0.4730725929441841,25.041496312726302,-0.025687314174336992,0.0,0.12843657087168495,0.0,0.0,0.0,wltp_class3b,RuleBasedEMS
1269,25.236,-14320.415287969734,0.0,0.0,0.47298227687964584,25.04174631535492,-0.02691807384956717,0.0,0.13459036924783585,0.0,0.0,0.0,wltp_class3b,RuleBasedEMS
1270,25.28,-15054.688936846242,0.0,0.0,0.47288732914985493,25.042017061060047,-0.028298287475274894,0.0,0.14149143737637446,0.0,0.0,0.0,wltp_class3b,RuleBasedEMS
1271,25.3414,-15823.313946054157,0.0,0.0,0.47278753278514146,25.042310826416614,-0.029743071327169468,0.0,0.14871535663584734,0.0,0.0,0.0,wltp_class3b,RuleBasedEMS
1272,25.4194,-16587.37623808069,0.0,0.0,0.4726829161994622,25.042628816292126,-0.031179278643008818,0.0,0.1558963932150441,0.0,0.0,0.0,wltp_class3b,RuleBasedEMS
1273,25.5121,-17301.823707807172,0.0,0.0,0.4725737919293967,25.042970726975057,-0.03252222501467514,0.0,0.1626111250733757,0.0,0.0,0.0,wltp_class3b,RuleBasedEMS
1274,25.6167,-17927.23130259069,0.0,0.0,0.47246072118274896,25.04333468923748,-0.033697803200358444,0.0,0.16848901600179222,0.0,0.0,0.0,wltp_class3b,RuleBasedEMS
1275,25.7298,-18434.14087211615,0.0,0.0,0.47234445101675393,25.04371745289272,-0.03465064073706044,0.0,0.17325320368530217,0.0,0.0,0.0,wltp_class3b,RuleBasedEMS
1276,25.8472,-18782.848674843506,0.0,0.0,0.472225978999477,25.044113966410638,-0.035306106531660726,0.0,0.17653053265830362,0.0,0.0,0.0,wltp_class3b,RuleBasedEMS
1277,25.9646,-18960.705175248084,0.0,0.0,0.4721063826105478,25.044518354766023,-0.03564042326174452,0.0,0.1782021163087226,0.0,0.0,0.0,wltp_class3b,RuleBasedEMS
1278,26.0777,-18958.806316984985,0.0,0.0,0.4719867956342096,25.044924191161375,-0.035636853979295086,0.0,0.17818426989647543,0.0,0.0,0.0,wltp_class3b,RuleBasedEMS
1279,26.1824,-18776.75246829543,0.0,0.0,0.47186835452309395,25.045324975492456,-0.03529464749679592,0.0,0.1764732374839796,0.0,0.0,0.0,wltp_class3b,RuleBasedEMS
1280,26.2751,-18427.632276854572,0.0,0.0,0.4717521133076903,25.045714791708576,-0.034638406535440924,0.0,0.17319203267720462,0.0,0.0,0.0,wltp_class3b,RuleBasedEMS
1281,26.3531,-17943.11746803525,0.0,0.0,0.4716389263474572,25.046089079230548,-0.03372766441360009,0.0,0.16863832206800045,0.0,0.0,0.0,wltp_class3b,RuleBasedEMS
1282,26.4145,-17352.988975611748,0.0,0.0,0.4715294602151776,25.046444588258847,-0.03261840033009727,0.0,0.16309200165048635,0.0,0.0,0.0,wltp_class3b,RuleBasedEMS
1283,26.4584,-16697.558143318485,0.0,0.0,0.47142412722909577,25.04677966917865,-0.03138638748744076,0.0,0.15693193743720382,0.0,0.0,0.0,wltp_class3b,RuleBasedEMS
1284,26.4852,-16031.985008512102,0.0,0.0,0.47132299174122855,25.04709457709781,-0.03013531016637613,0.0,0.15067655083188064,0.0,0.0,0.0,wltp_class3b,RuleBasedEMS
1285,26.4963,-15400.736116100064,0.0,0.0,0.4712258375563963,25.047390908570684,-0.02894875209793245,0.0,0.14474376048966225,0.0,0.0,0.0,wltp_class3b,RuleBasedEMS
1286,26.4938,-14836.735375194883,0.0,0.0,0.47113224072676607,25.047671083533487,-0.02788860032931369,0.0,0.13944300164656845,0.0,0.0,0.0,wltp_class3b,RuleBasedEMS
1287,26.4811,-14399.017063054836,0.0,0.0,0.47104140482776824,25.047938949733304,-0.02706582154709556,0.0,0.1353291077354778,0.0,0.0,0.0,wltp_class3b,RuleBasedEMS
1288,26.462,-14109.508088115588,0.0,0.0,0.4709523950374869,25.048198678567225,-0.026521631744578174,0.0,0.13260815872289086,0.0,0.0,0.0,wltp_class3b,RuleBasedEMS
1289,26.4407,-13990.206895452411,0.0,0.0,0.47086413769085017,25.048454838648066,-0.026297381382429347,0.0,0.13148690691214673,0.0,0.0,0.0,wltp_class3b,RuleBasedEMS
1290,26.4216,-14054.889693537683,0.0,0.0,0.4707754721519386,25.048712313414615,-0.02641896558935655,0.0,0.13209482794678273,0.0,0.0,0.0,wltp_class3b,RuleBasedEMS
1291,26.4089,-14300.666653455633,0.0,0.0,0.47068525595146904,25.04897604037101,-0.026880952356119616,0.0,0.13440476178059807,0.0,0.0,0.0,wltp_class3b,RuleBasedEMS
1292,26.4065,-14720.496517868114,0.0,0.0,0.4705923909743411,25.049251074886538,-0.027670106236594202,0.0,0.138350531182971,0.0,0.0,0.0,wltp_class3b,RuleBasedEMS
1293,26.4175,-15286.281271137494,0.0,0.0,0.4704959562909399,25.049542128026914,-0.02873361141191258,0.0,0.1436680570595629,0.0,0.0,0.0,wltp_class3b,RuleBasedEMS
1294,26.4444,-15977.939016696451,0.0,0.0,0.47039515758523076,25.04985381649474,-0.030033719956196338,0.0,0.15016859978098168,0.0,0.0,0.0,wltp_class3b,RuleBasedEMS
1295,26.4883,-16740.9991081069,0.0,0.0,0.4702895440969827,25.050189554080738,-0.031468043436291164,0.0,0.1573402171814558,0.0,0.0,0.0,wltp_class3b,RuleBasedEMS
1296,26.5497,-17553.20859908192,0.0,0.0,0.47017880538809337,25.050552340768963,-0.03299475300579309,0.0,0.16497376502896544,0.0,0.0,0.0,wltp_class3b,RuleBasedEMS
1297,26.6277,-18357.081870567636,0.0,0.0,0.4700629936266359,25.050943405900856,-0.034505792989788786,0.0,0.17252896494894393,0.0,0.0,0.0,wltp_class3b,RuleBasedEMS
1298,26.7204,-19109.425384206963,0.0,0.0,0.4699424334608594,25.051362361583614,-0.03591997252670482,0.0,0.1795998626335241,0.0,0.0,0.0,wltp_class3b,RuleBasedEMS
1299,26.8251,-19773.15874814575,0.0,0.0,0.4698176834930531,25.051807181359166,-0.03716759163185292,0.0,0.18583795815926457,0.0,0.0,0.0,wltp_class3b,RuleBasedEMS
1300,26.9381,-20300.148724685972,0.0,0.0,0.46968960605828364,25.05227360843656,-0.03815817429452251,0.0,0.19079087147261253,0.0,0.0,0.0,wltp_class3b,RuleBasedEMS
1301,27.0556,-20678.662596869144,0.0,0.0,0.46955913762141027,25.052756462196225,-0.03886966653546832,0.0,0.19434833267734158,0.0,0.0,0.0,wltp_class3b,RuleBasedEMS
1302,27.0207,-14216.400118570124,0.0,0.0,0.46946943965063764,25.05302658696312,-0.026722556613853615,0.0,0.13361278306926808,0.0,0.0,0.0,wltp_class3b,RuleBasedEMS
1303,26.9816,-13986.165797084928,0.0,0.0,0.46938119435020476,25.053289890173435,-0.026289785332866408,0.0,0.13144892666433203,0.0,0.0,0.0,wltp_class3b,RuleBasedEMS
1304,26.934,-13564.861389317193,0.0,0.0,0.4692956073249092,25.053541445592362,-0.02549785975435563,0.0,0.12748929877177814,0.0,0.0,0.0,wltp_class3b,RuleBasedEMS
1305,26.8745,-12987.00158238086,0.0,0.0,0.46921366645590973,25.053777571956125,-0.02441165710973846,0.0,0.1220582855486923,0.0,0.0,0.0,wltp_class3b,RuleBasedEMS
1306,26.8003,-12275.767892193075,0.0,0.0,0.46913621338143136,25.05399559525172,-0.023074751677054653,0.0,0.11537375838527326,0.0,0.0,0.0,wltp_class3b,RuleBasedEMS
1307,26.7095,-11468.437004729,0.0,0.0,0.46906385454244165,25.054194156597102,-0.021557212414904135,0.0,0.10778606207452067,0.0,0.0,0.0,wltp_class3b,RuleBasedEMS
1308,26.6012,-10607.798300109996,0.0,0.0,0.4689969263806071,25.05437317993689,-0.019939470488928565,0.0,0.09969735244464283,0.0,0.0,0.0,wltp_class3b,RuleBasedEMS
1309,26.4758,-9750.27902979755,0.0,0.0,0.46893540928101657,25.05453389072955,-0.018327592161273592,0.0,0.09163796080636795,0.0,0.0,0.0,wltp_class3b,RuleBasedEMS
1310,26.3346,-8935.967007614907,0.0,0.0,0.4688790306612632,25.054678196565884,-0.016796930465441555,0.0,0.08398465232720777,0.0,0.0,0.0,wltp_class3b,RuleBasedEMS
1311,26.1799,-8209.070913808324,0.0,0.0,0.468827238983895,25.054808524204887,-0.015430584424451738,0.0,0.07715292212225869,0.0,0.0,0.0,wltp_class3b,RuleBasedEMS
1312,26.015,-7613.3912491574965,0.0,0.0,0.4687792063527909,25.054927615560675,-0.014310885806687025,0.0,0.07155442903343512,0.0,0.0,0.0,wltp_class3b,RuleBasedEMS
1313,25.8437,-7171.447045757088,0.0,0.0,0.4687339628023491,25.055038130279097,-0.01348016361984415,0.0,0.06740081809922074,0.0,0.0,0.0,wltp_class3b,RuleBasedEMS
1314,25.6702,-6901.0155375661125,0.0,0.0,0.46869042623461993,25.055142633370796,-0.012971833717229535,0.0,0.06485916858614767,0.0,0.0,0.0,wltp_class3b,RuleBasedEMS
1315,25.4989,-6811.262802906072,0.0,0.0,0.46864745676080205,25.05524360428641,-0.012803125569372315,0.0,0.06401562784686157,0.0,0.0,0.0,wltp_class3b,RuleBasedEMS
1316,25.3339,-6890.952386134696,0.0,0.0,0.4686039854181045,25.05534334008274,-0.01295291801905018,0.0,0.0647645900952509,0.0,0.0,0.0,wltp_class3b,RuleBasedEMS
1317,25.1793,-7141.026328787602,0.0,0.0,0.46855893733784526,25.055444275879054,-0.013422981821029328,0.0,0.06711490910514664,0.0,0.0,0.0,wltp_class3b,RuleBasedEMS
1318,25.0381,-7518.856678456769,0.0,0.0,0.4685115065875843,25.05554852220838,-0.014133189245219491,0.0,0.07066594622609745,0.0,0.0,0.0,wltp_class3b,RuleBasedEMS
1319,24.9127,-8002.060118997467,0.0,0.0,0.4684610284422673,25.055658150399662,-0.015041466389092983,0.0,0.07520733194546492,0.0,0.0,0.0,wltp_class3b,RuleBasedEMS
1320,24.8044,-8548.81258719093,0.0,0.0,0.4684071020013043,25.055774858180158,-0.016069196592464155,0.0,0.08034598296232077,0.0,0.0,0.0,wltp_class3b,RuleBasedEMS
1321,24.7136,-9125.166966472038,0.0,0.0,0.46834954048557953,25.05589995540863,-0.017152569485849697,0.0,0.08576284742924847,0.0,0.0,0.0,wltp_class3b,RuleBasedEMS
1322,24.6394,-9681.143058464635,0.0,0.0,0.4682884723659243,25.05603392125736,-0.018197637327941045,0.0,0.09098818663970522,0.0,0.0,0.0,wltp_class3b,RuleBasedEMS
1323,24.5798,-10173.710086623965,0.0,0.0,0.4682242975278456,25.056176317239117,-0.01912351520042099,0.0,0.09561757600210494,0.0,0.0,0.0,wltp_class3b,RuleBasedEMS
1324,24.5323,-10582.26785033772,0.0,0.0,0.46815754579165747,25.05632608260687,-0.019891480921687445,0.0,0.09945740460843722,0.0,0.0,0.0,wltp_class3b,RuleBasedEMS
1325,24.4931,-10854.010161340377,0.0,0.0,0.46808908007530436,25.056480835638155,-0.02040227473936161,0.0,0.10201137369680806,0.0,0.0,0.0,wltp_class3b,RuleBasedEMS
1326,24.4583,-10981.578257695235,0.0,0.0,0.46801980973762597,25.05663778337692,-0.020642064394163977,0.0,0.10321032197081988,0.0,0.0,0.0,wltp_class3b,RuleBasedEMS
1327,24.4235,-10941.608828270977,0.0,0.0,0.467950791542124,25.05679349635079,-0.0205669338877274,0.0,0.102834669438637,0.0,0.0,0.0,wltp_class3b,RuleBasedEMS
1328,24.3844,-10733.720153810813,0.0,0.0,0.4678830847005262,25.05694452615491,-0.020176165702651905,0.0,0.10088082851325952,0.0,0.0,0.0,wltp_class3b,RuleBasedEMS
1329,24.3368,-10357.909032730066,0.0,0.0,0.4678177484821393,25.057087576382532,-0.019469753820921178,0.0,0.09734876910460588,0.0,0.0,0.0,wltp_class3b,RuleBasedEMS
1330,24.2773,-9842.037853727923,0.0,0.0,0.46775566643286637,25.05722018662893,-0.018500071153623916,0.0,0.09250035576811957,0.0,0.0,0.0,wltp_class3b,RuleBasedEMS
1331,24.2031,-9207.49672376884,0.0,0.0,0.4676975871832464,25.057340648365685,-0.01730732466873842,0.0,0.08653662334369211,0.0,0.0,0.0,wltp_class3b,RuleBasedEMS
1332,24.1122,-8484.483117418153,0.0,0.0,0.46764406887655485,25.057448142942768,-0.015948276536500286,0.0,0.07974138268250143,0.0,0.0,0.0,wltp_class3b,RuleBasedEMS
1333,24.004,-7727.209307950389,0.0,0.0,0.46759532767489587,25.05754299503421,-0.014524829526222536,0.0,0.07262414763111268,0.0,0.0,0.0,wltp_class3b,RuleBasedEMS
1334,23.8786,-6963.942314337855,0.0,0.0,0.4675514014065459,25.05762605231559,-0.013090117132214014,0.0,0.06545058566107007,0.0,0.0,0.0,wltp_class3b,RuleBasedEMS
1335,23.7374,-6245.833941102452,0.0,0.0,0.46751200521897723,25.05769880368267,-0.011740289362974533,0.0,0.05870144681487267,0.0,0.0,0.0,wltp_class3b,RuleBasedEMS
1336,23.5827,-5608.73518909472,0.0,0.0,0.4674766281016669,25.057762958214965,-0.010542735317847218,0.0,0.05271367658923609,0.0,0.0,0.0,wltp_class3b,RuleBasedEMS
1337,23.4178,-5091.6045397335965,0.0,0.0,0.4674445133041892,25.05782033872075,-0.009570685225063151,0.0,0.047853426125315755,0.0,0.0,0.0,wltp_class3b,RuleBasedEMS
1338,23.2465,-4714.043300734754,0.0,0.0,0.4674147804512218,25.057872629706207,-0.008860983647997657,0.0,0.044304918239988285,0.0,0.0,0.0,wltp_class3b,RuleBasedEMS
1339,23.073,-4491.248052621189,0.0,0.0,0.4673864533421899,25.057921386465004,-0.008442195587633814,0.0,0.042210977938169074,0.0,0.0,0.0,wltp_class3b,RuleBasedEMS
1340,22.9016,-4426.950913635881,0.0,0.0,0.46735853227195073,25.057968040565207,-0.008321336303826844,0.0,0.04160668151913422,0.0,0.0,0.0,wltp_class3b,RuleBasedEMS
1341,22.7367,-4524.704699985913,0.0,0.0,0.4673299951661953,25.058014034075423,-0.008505084022529912,0.0,0.04252542011264956,0.0,0.0,0.0,wltp_class3b,RuleBasedEMS
1342,22.5821,-4763.0456634289085,0.0,0.0,0.46729995535597807,25.058060739315298,-0.008953093352309979,0.0,0.04476546676154989,0.0,0.0,0.0,wltp_class3b,RuleBasedEMS
1343,22.4409,-5117.437473283027,0.0,0.0,0.4672676809419856,25.058109506287963,-0.00961924337083276,0.0,0.04809621685416379,0.0,0.0,0.0,wltp_class3b,RuleBasedEMS
1344,22.3155,-5563.91840854818,0.0,0.0,0.4672325911546543,25.058161683035838,-0.010458493249150715,0.0,0.05229246624575357,0.0,0.0,0.0,wltp_class3b,RuleBasedEMS
1345,22.2072,-6064.883762293641,0.0,0.0,0.4671943423801257,25.05821842763403,-0.011400157447920377,0.0,0.057000787239601884,0.0,0.0,0.0,wltp_class3b,RuleBasedEMS
1346,22.1164,-6589.9877072537565,0.0,0.0,0.4671527823685392,25.058280674235046,-0.012387194938446911,0.0,0.06193597469223455,0.0,0.0,0.0,wltp_class3b,RuleBasedEMS
1347,22.0421,-7091.219610506211,0.0,0.0,0.4671080616304846,25.058348775104157,-0.013329360170124458,0.0,0.06664680085062229,0.0,0.0,0.0,wltp_class3b,RuleBasedEMS
1348,21.9826,-7544.42492330411,0.0,0.0,0.4670604829894403,25.05842265306492,-0.014181249855834794,0.0,0.07090624927917397,0.0,0.0,0.0,wltp_class3b,RuleBasedEMS
1349,21.9351,-7910.76549225505,0.0,0.0,0.4670105941889703,25.058501503536114,-0.01486985994784784,0.0,0.07434929973923919,0.0,0.0,0.0,wltp_class3b,RuleBasedEMS
1350,21.8959,-8157.284305374728,0.0,0.0,0.46695915081465295,25.058583803907933,-0.015333241175516408,0.0,0.07666620587758204,0.0,0.0,0.0,wltp_class3b,RuleBasedEMS
1351,21.8611,-8274.440823516725,0.0,0.0,0.4669069686324769,25.058667683143863,-0.01555346019458031,0.0,0.07776730097290155,0.0,0.0,0.0,wltp_class3b,RuleBasedEMS
1352,21.8263,-8241.825148856624,0.0,0.0,0.4668549921434099,25.058750833484375,-0.015492152535444781,0.0,0.0774607626772239,0.0,0.0,0.0,wltp_class3b,RuleBasedEMS
1353,21.7872,-8059.558072869013,0.0,0.0,0.4668041651141183,25.058830943871477,-0.015149545249753786,0.0,0.07574772624876892,0.0,0.0,0.0,wltp_class3b,RuleBasedEMS
1354,21.7396,-7728.111389802864,0.0,0.0,0.4667554283610371,25.05890583430143,-0.014526525168802377,0.0,0.07263262584401188,0.0,0.0,0.0,wltp_class3b,RuleBasedEMS
1355,21.6801,-7272.817777894419,0.0,0.0,0.4667095629601368,25.058973926549175,-0.013670710108824098,0.0,0.06835355054412048,0.0,0.0,0.0,wltp_class3b,RuleBasedEMS
1356,21.6058,-6709.762852445349,0.0,0.0,0.46666724854917085,25.05903414611004,-0.012612336188807048,0.0,0.06306168094403523,0.0,0.0,0.0,wltp_class3b,RuleBasedEMS
1357,21.515,-6079.985600298685,0.0,0.0,0.4666289059500576,25.059086219429883,-0.011428544361463695,0.0,0.05714272180731847,0.0,0.0,0.0,wltp_class3b,RuleBasedEMS
1358,21.4067,-5408.335695986328,0.0,0.0,0.4665947992534583,25.059130359908902,-0.010166044541327683,0.0,0.050830222706638416,0.0,0.0,0.0,wltp_class3b,RuleBasedEMS
1359,21.2813,-4743.81859153725,0.0,0.0,0.4665648834810146,25.059167379766834,-0.008916952239731673,0.0,0.04458476119865836,0.0,0.0,0.0,wltp_class3b,RuleBasedEMS
1360,21.1401,-4118.568776454675,0.0,0.0,0.4665389109812802,25.059198324498766,-0.007741670632433599,0.0,0.038708353162167995,0.0,0.0,0.0,wltp_class3b,RuleBasedEMS
1361,20.9855,-3570.934875205881,0.0,0.0,0.4665163922524895,25.05922437469334,-0.006712283600011054,0.0,0.03356141800005527,0.0,0.0,0.0,wltp_class3b,RuleBasedEMS
1362,20.8206,-3125.178175693861,0.0,0.0,0.466496684794493,25.059246635138823,-0.005874395067093724,0.0,0.029371975335468616,0.0,0.0,0.0,wltp_class3b,RuleBasedEMS
1363,20.6493,-2807.9374687943277,0.0,0.0,0.4664789781327416,25.059266119192326,-0.005278077948861519,0.0,0.02639038974430759,0.0,0.0,0.0,wltp_class3b,RuleBasedEMS
1364,20.4757,-2625.4167947547026,0.0,0.0,0.46646242269364,25.059283667320223,-0.004934993975102824,0.0,0.02467496987551412,0.0,0.0,0.0,wltp_class3b,RuleBasedEMS
1365,20.3044,-2592.985378702396,0.0,0.0,0.4664460720194977,25.059300082086818,-0.004874032666733827,0.0,0.024370163333669134,0.0,0.0,0.0,wltp_class3b,RuleBasedEMS
1366,20.1395,-2693.724033887784,0.0,0.0,0.4664290863746329,25.05931607782509,-0.005063391041142452,0.0,0.02531695520571226,0.0,0.0,0.0,wltp_class3b,RuleBasedEMS
1367,19.9849,-2920.6064603551968,0.0,0.0,0.4664106703574894,25.059332426550068,-0.005489861767584956,0.0,0.02744930883792478,0.0,0.0,0.0,wltp_class3b,RuleBasedEMS
1368,19.8437,-3248.211128870395,0.0,0.0,0.46639018888313805,25.05934992241891,-0.006105660016673675,0.0,0.030528300083368373,0.0,0.0,0.0,wltp_class3b,RuleBasedEMS
1369,19.7183,-3654.995659206272,0.0,0.0,0.4663671427094997,25.059369407938814,-0.006870292592492992,0.0,0.03435146296246496,0.0,0.0,0.0,wltp_class3b,RuleBasedEMS
1370,19.61,-4107.605530620964,0.0,0.0,0.46634124290464585,25.05939165353325,-0.007721063027483015,0.0,0.038605315137415074,0.0,0.0,0.0,wltp_class3b,RuleBasedEMS
1371,19.5192,-4579.30569127169,0.0,0.0,0.46631236909827595,25.05941731451979,-0.00860771746479641,0.0,0.04303858732398205,0.0,0.0,0.0,wltp_class3b,RuleBasedEMS
1372,19.4449,-5027.974576322731,0.0,0.0,0.46628066649205324,25.059446689552647,-0.009451080030681826,0.0,0.04725540015340913,0.0,0.0,0.0,wltp_class3b,RuleBasedEMS
1373,19.3854,-5432.640370532942,0.0,0.0,0.4662464125052637,25.059479791757862,-0.010211730019798764,0.0,0.05105865009899382,0.0,0.0,0.0,wltp_class3b,RuleBasedEMS
1374,19.3378,-5756.379082525849,0.0,0.0,0.46621011736094875,25.059516115807668,-0.010820261433319267,0.0,0.05410130716659633,0.0,0.0,0.0,wltp_class3b,RuleBasedEMS
1375,19.2987,-5982.828487177242,0.0,0.0,0.4661723944482926,25.05955480440354,-0.011245918208979779,0.0,0.05622959104489889,0.0,0.0,0.0,wltp_class3b,RuleBasedEMS
1376,19.2639,-6085.746114379894,0.0,0.0,0.46613402262750064,25.05959455287106,-0.011439372395450929,0.0,0.05719686197725464,0.0,0.0,0.0,wltp_class3b,RuleBasedEMS
1377,19.2291,-6059.65890175694,0.0,0.0,0.46609581528282573,25.059633900309436,-0.011390336281498008,0.0,0.05695168140749004,0.0,0.0,0.0,wltp_class3b,RuleBasedEMS
1378,19.1899,-5899.027147874498,0.0,0.0,0.46605862074547344,25.05967132233297,-0.011088396894500937,0.0,0.05544198447250468,0.0,0.0,0.0,wltp_class3b,RuleBasedEMS
1379,19.1424,-5616.852768632174,0.0,0.0,0.46602320538400943,25.059705535875963,-0.010557993926000327,0.0,0.05278996963000163,0.0,0.0,0.0,wltp_class3b,RuleBasedEMS
1380,19.0829,-5217.747956310387,0.0,0.0,0.46599030649638196,25.059735481595833,-0.009807796910357871,0.0,0.04903898455178935,0.0,0.0,0.0,wltp_class3b,RuleBasedEMS
1381,19.0086,-4728.288791000714,0.0,0.0,0.4659604938155413,25.059760588501106,-0.008887760885339688,0.0,0.04443880442669844,0.0,0.0,0.0,wltp_class3b,RuleBasedEMS
1382,18.9178,-4181.972153370927,0.0,0.0,0.4659341258627205,25.05978079223436,-0.007860849912351368,0.0,0.039304249561756835,0.0,0.0,0.0,wltp_class3b,RuleBasedEMS
1383,18.8095,-3600.9622288189034,0.0,0.0,0.46591142139438996,25.05979635228637,-0.006768725994020496,0.0,0.03384362997010248,0.0,0.0,0.0,wltp_class3b,RuleBasedEMS
1384,18.6841,-3028.4834428138884,0.0,0.0,0.46589232661292457,25.059807889807825,-0.005692638050402046,0.0,0.028463190252010228,0.0,0.0,0.0,wltp_class3b,RuleBasedEMS
1385,18.5429,-2492.73994469911,0.0,0.0,0.46587660987396984,25.059816137762734,-0.004685601399810357,0.0,0.023428006999051783,0.0,0.0,0.0,wltp_class3b,RuleBasedEMS
1386,18.3883,-2027.1437424607032,0.0,0.0,0.46586382885947364,25.059821855525154,-0.0038104205685351566,0.0,0.01905210284267578,0.0,0.0,0.0,wltp_class3b,RuleBasedEMS
1387,18.2234,-1652.518758468328,0.0,0.0,0.4658534099573318,25.059825696471613,-0.0031062382677976095,0.0,0.015531191338988046,0.0,0.0,0.0,wltp_class3b,RuleBasedEMS
1388,18.052,-1388.6821641268182,0.0,0.0,0.46584465462140784,25.059828188546884,-0.0026103048197872523,0.0,0.01305152409893626,0.0,0.0,0.0,wltp_class3b,RuleBasedEMS
1389,17.8785,-1251.6251451912153,0.0,0.0,0.4658367635054319,25.059829748780714,-0.00235267884434439,0.0,0.011763394221721948,0.0,0.0,0.0,wltp_class3b,RuleBasedEMS
1390,17.7072,-1236.9824773565927,0.0,0.0,0.46582896481147196,25.059830702799943,-0.002325155032625174,0.0,0.01162577516312587,0.0,0.0,0.0,wltp_class3b,RuleBasedEMS
1391,17.5423,-1340.3578181592188,0.0,0.0,0.46582051448585976,25.059831369855033,-0.0025194695830060504,0.0,0.012597347915030251,0.0,0.0,0.0,wltp_class3b,RuleBasedEMS
1392,17.3876,-1549.36622620749,0.0,0.0,0.46581074657946747,25.059832114554887,-0.0029123425304652065,0.0,0.014561712652326033,0.0,0.0,0.0,wltp_class3b,RuleBasedEMS
1393,17.2464,-1849.5386648528404,0.0,0.0,0.46579908637862494,25.059833385475688,-0.003476576437693309,0.0,0.017382882188466543,0.0,0.0,0.0,wltp_class3b,RuleBasedEMS
1394,17.121,-2213.6511904164026,0.0,0.0,0.46578513080668604,25.059835678186147,-0.004160998478226321,0.0,0.020804992391131604,0.0,0.0,0.0,wltp_class3b,RuleBasedEMS
1395,17.0128,-2618.030929158477,0.0,0.0,0.46576862602601193,25.05983950504812,-0.004921110769094882,0.0,0.024605553845474408,0.0,0.0,0.0,wltp_class3b,RuleBasedEMS
1396,16.9219,-3028.843751673454,0.0,0.0,0.4657495314891992,25.059845275076473,-0.005693315322694462,0.0,0.02846657661347231,0.0,0.0,0.0,wltp_class3b,RuleBasedEMS
1397,16.8477,-3428.492092736343,0.0,0.0,0.46572791757566817,25.05985329362403,-0.0064445340089029,0.0,0.0322226700445145,0.0,0.0,0.0,wltp_class3b,RuleBasedEMS
1398,16.7882,-3780.586554184929,0.0,0.0,0.4657040840588859,25.05986357298588,-0.007106365703355129,0.0,0.035531828516775645,0.0,0.0,0.0,wltp_class3b,RuleBasedEMS
1399,16.7406,-4064.099122295549,0.0,0.0,0.46567846326884194,25.05987585904312,-0.007639284064465318,0.0,0.03819642032232659,0.0,0.0,0.0,wltp_class3b,RuleBasedEMS
1400,16.7015,-4262.641259289446,0.0,0.0,0.46565159084975927,25.05988964424964,-0.008012483570092944,0.0,0.040062417850464715,0.0,0.0,0.0,wltp_class3b,RuleBasedEMS
1401,16.6667,-4353.900731714636,0.0,0.0,0.4656241431101125,25.059904129245066,-0.00818402393179443,0.0,0.040920119658972146,0.0,0.0,0.0,wltp_class3b,RuleBasedEMS
1402,16.5193,-1374.5987465113742,0.0,0.0,0.465615477398218,25.05990237165418,-0.0025838322302845383,0.0,0.01291916115142269,0.0,0.0,0.0,wltp_class3b,RuleBasedEMS
1403,16.3676,-1204.646865725825,0.0,0.0,0.4656078831673136,25.059899848189588,-0.00226437380775531,0.0,0.01132186903877655,0.0,0.0,0.0,wltp_class3b,RuleBasedEMS
1404,16.2075,-931.5565551399641,0.0,0.0,0.46560201058786815,25.059896423331523,-0.0017510461562781278,0.0,0.008755230781390639,0.0,0.0,0.0,wltp_class3b,RuleBasedEMS
1405,16.0354,-570.1984609945771,0.0,0.0,0.46559841606637375,25.059892128283114,-0.0010718016184108592,0.0,0.005359008092054296,0.0,0.0,0.0,wltp_class3b,RuleBasedEMS
1406,15.8486,-145.84097159054704,0.0,0.0,0.4655974966979695,25.059887175594785,-0.0002741371646438854,0.0,0.001370685823219427,0.0,0.0,0.0,wltp_class3b,RuleBasedEMS
1407,15.6452,229.4997753009144,0.0,0.0,0.4655989434256759,25.059881866296898,0.012420596861774299,0.0,0.0021569527753845337,0.009179991012036575,0.0,0.0,wltp_class3b,RuleBasedEMS
1408,15.4244,571.4934185085402,0.0,0.0,0.46560254597463235,25.059876421486013,0.03092939568740205,0.0,0.005371178745381017,0.02285973674034161,0.0,0.0,wltp_class3b,RuleBasedEMS
1409,15.1864,901.9033262432052,0.0,0.0,0.46560823126234024,25.059871040070046,0.04881127926540294,0.0,0.008476535021082756,0.03607613304972821,0.0,0.0,wltp_class3b,RuleBasedEMS
1410,14.9326,1199.2355385993965,0.0,0.0,0.46561579071676246,25.059865853321106,0.06490298802134177,0.0,0.011271010701122148,0.04796942154397586,0.0,0.0,wltp_class3b,RuleBasedEMS
1411,14.6654,1446.8069448341998,0.0,0.0,0.46562491061124306,25.059860895452065,0.07830162698433511,0.0,0.013597809631900375,0.057872277793367996,0.0,0.0,wltp_class3b,RuleBasedEMS
1412,14.388,1632.7305864501154,0.0,0.0,0.46563520230528627,25.059856099253572,0.08836387038547315,0.0,0.015345212278666498,0.06530922345800462,0.0,0.0,wltp_class3b,RuleBasedEMS
1413,14.1041,1751.32391169447,0.0,0.0,0.46564624135949534,25.05985131900095,0.09478217681486312,0.0,0.016459811200135996,0.0700529564677788,0.0,0.0,wltp_class3b,RuleBasedEMS
1414,13.818,1796.4165068894506,0.0,0.0,0.46565756446412027,25.05984634739306,0.09722260162849822,0.0,0.016883613786554987,0.07185666027557802,0.0,0.0,wltp_class3b,RuleBasedEMS
1415,13.5341,1770.4987887251382,0.0,0.0,0.46566872403165727,25.059840970849525,0.09581992692664319,0.0,0.016640026209822727,0.07081995154900553,0.0,0.0,wltp_class3b,RuleBasedEMS
1416,13.2566,1680.7530101158268,0.0,0.0,0.46567931776731236,25.059835012035393,0.09096285839709564,0.0,0.01579655084695326,0.06723012040463307,0.0,0.0,wltp_class3b,RuleBasedEMS
1417,12.9894,1535.4615878016332,0.0,0.0,0.4656889955983879,25.059828351765262,0.08309964292478313,0.0,0.014431029960541665,0.06141846351206533,0.0,0.0,wltp_class3b,RuleBasedEMS
1418,12.7357,1347.9753062300663,0.0,0.0,0.4656974916135961,25.059820951021162,0.07295282897927832,0.0,0.012668940848026939,0.053919012249202654,0.0,0.0,wltp_class3b,RuleBasedEMS
1419,12.4977,1134.690477818948,0.0,0.0,0.4657046432509879,25.05981284989033,0.06140978991985554,0.0,0.010664384190027706,0.04538761911275792,0.0,0.0,wltp_class3b,RuleBasedEMS
1420,12.2769,906.474487318444,0.0,0.0,0.4657103564438466,25.059804136336073,0.049058671877580146,0.0,0.008519497061263571,0.03625897949273776,0.0,0.0,wltp_class3b,RuleBasedEMS
1421,12.0735,681.3963076130021,0.0,0.0,0.4657146510050608,25.059794938291144,0.036877373099236006,0.0,0.006404100635460546,0.027255852304520087,0.0,0.0,wltp_class3b,RuleBasedEMS
1422,11.8867,472.3017103903033,0.0,0.0,0.4657176277028251,25.059785387933044,0.0255611106119504,0.0,0.004438925849532926,0.018892068415612133,0.0,0.0,wltp_class3b,RuleBasedEMS
1423,11.7146,292.6688211034808,0.0,0.0,0.4657194722438643,25.05977560247225,0.015839324618818457,0.0,0.0027506468148823385,0.011706752844139232,0.0,0.0,wltp_class3b,RuleBasedEMS
1424,11.5545,151.53675062362439,0.0,0.0,0.4657204272955102,25.05976566815841,0.008201214518713145,0.0,0.0014242175810491014,0.006061470024944975,0.0,0.0,wltp_class3b,RuleBasedEMS
1425,11.4028,59.02361618527874,0.0,0.0,0.46572079928616955,25.059755638125413,0.0031943758594107996,0.0,0.0005547332348240483,0.0023609446474111497,0.0,0.0,wltp_class3b,RuleBasedEMS
1426,11.2554,19.913897133640322,0.0,0.0,0.4657209247908849,25.05974553692683,0.0010777461020146093,0.0,0.00018716068734624363,0.0007965558853456129,0.0,0.0,wltp_class3b,RuleBasedEMS
1427,11.108,35.10104045641574,0.0,0.0,0.4657211460094016,25.059735374433373,0.0018996788662051162,0.0,0.0003298969967708246,0.0014040416182566295,0.0,0.0,wltp_class3b,RuleBasedEMS
1428,10.9563,102.85894265641134,0.0,0.0,0.46572179425756943,25.059725162404746,0.005566756911585329,0.0,0.0009667193858685277,0.004114357706256453,0.0,0.0,wltp_class3b,RuleBasedEMS
1429,10.7962,218.78902040482086,0.0,0.0,0.465723173124939,25.05971492900192,0.011840927585518048,0.0,0.0020562877857595945,0.008751560816192834,0.0,0.0,wltp_class3b,RuleBasedEMS
1430,10.6241,374.6125922314675,0.0,0.0,0.4657255340215569,25.059704726679136,0.02027414615700829,0.0,0.0035207950397694314,0.0149845036892587,0.0,0.0,wltp_class3b,RuleBasedEMS
1431,10.4373,557.1897442936587,0.0,0.0,0.4657290455418492,25.059694628242866,0.030155276537035754,0.0,0.005236745717045664,0.022287589771746347,0.0,0.0,wltp_class3b,RuleBasedEMS
1432,10.2339,754.7533723330685,0.0,0.0,0.4657338021174794,25.05968471700669,0.0408474795041611,0.0,0.007093546732453651,0.03019013489332274,0.0,0.0,wltp_class3b,RuleBasedEMS
1433,10.0131,952.4900537352723,0.0,0.0,0.46573980482051425,25.059675066368975,0.051549048171326994,0.0,0.008951974189241282,0.0380996021494109,0.0,0.0,wltp_class3b,RuleBasedEMS
1434,9.7752,1136.48916274649,0.0,0.0,0.46574696705553176,25.05966572047285,0.061507135289091984,0.0,0.010681289123557236,0.0454595665098596,0.0,0.0,wltp_class3b,RuleBasedEMS
1435,9.5214,1296.2119165116178,0.0,0.0,0.4657551358122028,25.059656684143658,0.07015137875977914,0.0,0.01218244282435731,0.051848476660464715,0.0,0.0,wltp_class3b,RuleBasedEMS
1436,9.2542,1418.3102466077335,0.0,0.0,0.4657640739641739,25.05964790528317,0.07675937710588318,0.0,0.013329983520749374,0.05673240986430934,0.0,0.0,wltp_class3b,RuleBasedEMS
1437,8.9767,1498.4950878513682,0.0,0.0,0.46577351736199885,25.059639294771625,0.08109900482973043,0.0,0.014083600449730905,0.05993980351405473,0.0,0.0,wltp_class3b,RuleBasedEMS
1438,8.6928,1531.8102571087259,0.0,0.0,0.4657831706306478,25.059630731043203,0.08290203180953841,0.0,0.014396712942751183,0.06127241028434904,0.0,0.0,wltp_class3b,RuleBasedEMS
1439,8.4067,1519.4600360354843,0.0,0.0,0.465792745993031,25.05962208797937,0.08223363413070238,0.0,0.014280639436423725,0.060778401441419376,0.0,0.0,wltp_class3b,RuleBasedEMS
1440,8.1229,1463.3165788912697,0.0,0.0,0.46580196747825553,25.059613248347443,0.07919513334480721,0.0,0.013752975365519452,0.05853266315565079,0.0,0.0,wltp_class3b,RuleBasedEMS
1441,7.8454,1372.6354475324777,0.0,0.0,0.46581061744874397,25.0596041330709,0.07428744324314866,0.0,0.012900709093350353,0.0549054179012991,0.0,0.0,wltp_class3b,RuleBasedEMS
1442,7.5782,1251.6399939161552,0.0,0.0,0.46581850488598997,25.05959469066117,0.06773913290382319,0.0,0.011763533777407473,0.050065599756646206,0.0,0.0,wltp_class3b,RuleBasedEMS
1443,7.3244,1111.4845602525497,0.0,0.0,0.4658255090654158,25.059584913464132,0.060153878681938736,0.0,0.010446283461020204,0.044459382410101986,0.0,0.0,wltp_class3b,RuleBasedEMS
1444,7.0864,960.2208233490674,0.0,0.0,0.46583156000179105,25.05957482306816,0.051967439747869076,0.0,0.00902463179839349,0.038408832933962696,0.0,0.0,wltp_class3b,RuleBasedEMS
1445,6.8656,806.9661292109736,0.0,0.0,0.46583664516285633,25.059564463794963,0.043673249609478104,0.0,0.007584268131682083,0.032278645168438945,0.0,0.0,wltp_class3b,RuleBasedEMS
1446,6.6622,660.9598653829954,0.0,0.0,0.4658408102369522,25.059553892490676,0.035771346699449626,0.0,0.006212028809990559,0.026438394615319816,0.0,0.0,wltp_class3b,RuleBasedEMS
1447,6.4754,528.7410981815831,0.0,0.0,0.4658441421159664,25.05954316581877,0.02861562725346643,0.0,0.0049693712235111195,0.021149643927263324,0.0,0.0,wltp_class3b,RuleBasedEMS
1448,6.3034,416.0565930733812,0.0,0.0,0.46584676390245544,25.05953233397991,0.022517107946933818,0.0,0.003910306325877642,0.016642263722935247,0.0,0.0,wltp_class3b,RuleBasedEMS
1449,6.1432,329.4618607420416,0.0,0.0,0.4658488400060817,25.05952143820269,0.017830574989633197,0.0,0.0030964460596056543,0.013178474429681664,0.0,0.0,wltp_class3b,RuleBasedEMS
1450,5.9915,268.94023461114784,0.0,0.0,0.4658505347293427,25.059510506423372,0.014555126381436407,0.0,0.0025276337839393592,0.010757609384445914,0.0,0.0,wltp_class3b,RuleBasedEMS
1451,5.8442,237.82670770594163,0.0,0.0,0.4658520333885449,25.059499558767357,0.012871252947874947,0.0,0.002235213418288925,0.009513068308237666,0.0,0.0,wltp_class3b,RuleBasedEMS
1452,5.6968,236.55494934775913,0.0,0.0,0.46585352403146096,25.059488610080724,0.012802425003046392,0.0,0.0022232608021405934,0.009462197973910366,0.0,0.0,wltp_class3b,RuleBasedEMS
1453,5.5451,260.9505746892534,0.0,0.0,0.4658551684000912,25.05947767270465,0.01412272358355824,0.0,0.00245254299519975,0.010438022987570137,0.0,0.0,wltp_class3b,RuleBasedEMS
1454,5.385,308.05398073282817,0.0,0.0,0.4658571095857692,25.059466760671288,0.016671974085074412,0.0,0.0028952441798198135,0.012322159229313127,0.0,0.0,wltp_class3b,RuleBasedEMS
1455,5.2129,372.28146080285796,0.0,0.0,0.46585945549357416,25.05945589004549,0.020147984622999788,0.0,0.0034988859098012966,0.01489125843211432,0.0,0.0,wltp_class3b,RuleBasedEMS
1456,5.0261,445.7464602886733,0.0,0.0,0.46586226433121725,25.059445076399346,0.0241239324899088,0.0,0.004189346431284524,0.017829858411546932,0.0,0.0,wltp_class3b,RuleBasedEMS
1457,4.8227,521.4471973517014,0.0,0.0,0.46586555018465037,25.059434332227006,0.028220879146898848,0.0,0.004900819523982156,0.020857887894068058,0.0,0.0,wltp_class3b,RuleBasedEMS
1458,4.6019,591.2955145427131,0.0,0.0,0.4658692761727513,25.05942366192251,0.03200109108028909,0.0,0.005557288670514221,0.023651820581708526,0.0,0.0,wltp_class3b,RuleBasedEMS
1459,4.3639,648.7098194797815,0.0,0.0,0.4658733639413579,25.059413059509755,0.03510837053094336,0.0,0.006096896799622006,0.025948392779191257,0.0,0.0,wltp_class3b,RuleBasedEMS
1460,4.1101,687.44318120197,0.0,0.0,0.4658776957726956,25.0594025068632,0.03720463171647955,0.0,0.006460932154153854,0.0274977272480788,0.0,0.0,wltp_class3b,RuleBasedEMS
1461,3.8429,703.871631684796,0.0,0.0,0.46588213111420834,25.059391976965046,0.03809374439749745,0.0,0.006615334884255601,0.02815486526739184,0.0,0.0,wltp_class3b,RuleBasedEMS
1462,3.5655,696.8862485853501,0.0,0.0,0.46588652242707496,25.059381439281278,0.037715693363288345,0.0,0.006549682787456298,0.027875449943414007,0.0,0.0,wltp_class3b,RuleBasedEMS
1463,3.2816,667.9785711228094,0.0,0.0,0.46589073157261285,25.05937086608309,0.03615120116497731,0.0,0.006277994089500088,0.026719142844912377,0.0,0.0,wltp_class3b,RuleBasedEMS
1464,2.9955,619.3926327839931,0.0,0.0,0.46589463455372876,25.05936023581926,0.03352171556976829,0.0,0.0058213593306766275,0.024775705311359725,0.0,0.0,wltp_class3b,RuleBasedEMS
1465,2.7116,555.8615621204945,0.0,0.0,0.4658981371990613,25.059349537254242,0.03008339491837082,0.0,0.005224262801884347,0.022234462484819778,0.0,0.0,wltp_class3b,RuleBasedEMS
1466,2.4341,482.99449071161433,0.0,0.0,0.4659011806823853,25.059338769553875,0.02613980709881353,0.0,0.004539421905184345,0.019319779628464574,0.0,0.0,wltp_class3b,RuleBasedEMS
1467,2.1669,406.10097007883104,0.0,0.0,0.46590373963437887,25.059327939711135,0.021978306636296435,0.0,0.0038167384405905173,0.01624403880315324,0.0,0.0,wltp_class3b,RuleBasedEMS
1468,1.9132,330.4627152051791,0.0,0.0,0.4659058219668711,25.05931705967663,0.01788474153418706,0.0,0.003105852586514841,0.013218508608207164,0.0,0.0,wltp_class3b,RuleBasedEMS
1469,1.6752,260.50038822127425,0.0,0.0,0.46590746344692685,25.059306142966356,0.01409835935651678,0.0,0.0024483119193728785,0.01042001552885097,0.0,0.0,wltp_class3b,RuleBasedEMS
1470,1.4544,198.57153691975367,0.0,0.0,0.4659087146965968,25.059295201689576,0.01074675129886005,0.0,0.0018662738432307677,0.007942861476790146,0.0,0.0,wltp_class3b,RuleBasedEMS
1471,1.251,146.71195290186563,0.0,0.0,0.46590963916552947,25.059284245682075,0.007940095014944578,0.0,0.001378871737799489,0.0058684781160746255,0.0,0.0,wltp_class3b,RuleBasedEMS
1472,1.2987,-295.82865226772253,0.0,0.0,0.46590777507506526,25.059273354406272,-0.0005560688952400799,0.0,0.0027803444762003996,0.0,0.0,0.0,wltp_class3b,RuleBasedEMS
1473,1.0823,142.86555822993856,0.0,0.0,0.4659086753079862,25.05926240050331,0.007731926978489456,0.0,0.0013427214119355127,0.005714622329197542,0.0,0.0,wltp_class3b,RuleBasedEMS
1474,0.8658,114.53819471621924,0.0,0.0,0.46590939704270595,25.05925144181537,0.006198841545619144,0.0,0.0010764867924456696,0.00458152778864877,0.0,0.0,wltp_class3b,RuleBasedEMS
1475,0.6494,85.92736141001937,0.0,0.0,0.4659099384931338,25.059240479752184,0.004650414642325709,0.0,0.0008075879831768738,0.0034370944564007747,0.0,0.0,wltp_class3b,RuleBasedEMS
1476,0.4329,57.37177673952739,0.0,0.0,0.4659103000074746,25.05922951580667,0.003104977811812918,0.0,0.000539208428003077,0.0022948710695810956,0.0,0.0,wltp_class3b,RuleBasedEMS
1477,0.2165,28.68110272688589,0.0,0.0,0.4659104807345092,25.059218551455306,0.001552229905474621,0.0,0.00026955923615494255,0.0011472441090754355,0.0,0.0,wltp_class3b,RuleBasedEMS
1478,0.0,0.0,0.0,0.0,0.4659104807345092,25.059207588200803,0.0,0.0,0.0,0.0,0.0,0.0,wltp_class3b,RuleBasedEMS
1479,0.3044,-190.60474947537452,0.0,0.0,0.4659092796841583,25.05919666123821,-0.0003582796042770198,0.0,0.0017913980213850988,0.0,0.0,0.0,wltp_class3b,RuleBasedEMS
1480,0.6088,-381.30866246966264,0.0,0.0,0.46590687695631294,25.059185839202758,-0.0007167456061459824,0.0,0.003583728030729912,0.0,0.0,0.0,wltp_class3b,RuleBasedEMS
1481,0.9132,-572.210902501778,0.0,0.0,0.4659032712966814,25.059175191065687,-0.001075584403198831,0.0,0.005377922015994154,0.0,0.0,0.0,wltp_class3b,RuleBasedEMS
1482,1.2177,-763.6629248368658,0.0,0.0,0.4658984592341401,25.059164786713097,-0.0014354566256332066,0.0,0.007177283128166032,0.0,0.0,0.0,wltp_class3b,RuleBasedEMS
1483,1.7949,-1888.8709640959635,0.0,0.0,0.465886556874593,25.059157215379294,-0.0035505093310074505,0.0,0.01775254665503725,0.0,0.0,0.0,wltp_class3b,RuleBasedEMS
1484,2.0778,-1236.6990735730928,0.0,0.0,0.46587876399987244,25.05914771210743,-0.0023246223187464153,0.0,0.011623111593732076,0.0,0.0,0.0,wltp_class3b,RuleBasedEMS
1485,2.3449,-1339.666726820603,0.0,0.0,0.46587032225465175,25.059138464096275,-0.0025181705391364717,0.0,0.012590852695682359,0.0,0.0,0.0,wltp_class3b,RuleBasedEMS
1486,2.5986,-1432.3515894275222,0.0,0.0,0.4658612964274184,25.059129464658987,-0.0026923902056908314,0.0,0.013461951028454155,0.0,0.0,0.0,wltp_class3b,RuleBasedEMS
1487,2.842,-1523.184071877571,0.0,0.0,0.4658516981838371,25.059120726119417,-0.0028631279546570882,0.0,0.01431563977328544,0.0,0.0,0.0,wltp_class3b,RuleBasedEMS
1488,3.079,-1622.083992385603,0.0,0.0,0.4658414766801475,25.05911229041895,-0.003049030060875194,0.0,0.01524515030437597,0.0,0.0,0.0,wltp_class3b,RuleBasedEMS
1489,3.3137,-1736.7866086750341,0.0,0.0,0.4658305323275823,25.059104229660086,-0.003264636482471869,0.0,0.016323182412359343,0.0,0.0,0.0,wltp_class3b,RuleBasedEMS
1490,3.5507,-1877.0921805553478,0.0,0.0,0.4658187037782507,25.059096661348974,-0.003528368760442383,0.0,0.017641843802211916,0.0,0.0,0.0,wltp_class3b,RuleBasedEMS
1491,3.7941,-2047.5134074893447,0.0,0.0,0.46580580124294124,25.059089741369792,-0.0038487094125739564,0.0,0.019243547062869782,0.0,0.0,0.0,wltp_class3b,RuleBasedEMS
1492,4.0478,-2253.9979482036597,0.0,0.0,0.4657915974470706,25.0590836808064,-0.00423683824850312,0.0,0.0211841912425156,0.0,0.0,0.0,wltp_class3b,RuleBasedEMS
1493,4.3149,-2498.32051227676,0.0,0.0,0.46577585392492027,25.059078742341217,-0.00469609118849015,0.0,0.02348045594245075,0.0,0.0,0.0,wltp_class3b,RuleBasedEMS
1494,4.5978,-2781.915846867428,0.0,0.0,0.46575832316021915,25.059075249887176,-0.005229165125690655,0.0,0.026145825628453273,0.0,0.0,0.0,wltp_class3b,RuleBasedEMS
1495,4.8978,-3101.888879168606,0.0,0.0,0.46573877586949997,25.059073575017216,-0.005830618193925951,0.0,0.029153090969629755,0.0,0.0,0.0,wltp_class3b,RuleBasedEMS
1496,5.2153,-3454.7533274411944,0.0,0.0,0.4657170047266637,25.05907413426702,-0.0064938972320323215,0.0,0.032469486160161605,0.0,0.0,0.0,wltp_class3b,RuleBasedEMS
1497,5.5493,-3830.126774035375,0.0,0.0,0.46569286782056407,25.059077336513035,-0.007199486417359728,0.0,0.03599743208679864,0.0,0.0,0.0,wltp_class3b,RuleBasedEMS
1498,5.8981,-4220.45536099512,0.0,0.0,0.46566627083148254,25.0590835801539,-0.00793318676878782,0.0,0.0396659338439391,0.0,0.0,0.0,wltp_class3b,RuleBasedEMS
1499,6.2589,-4611.549233958829,0.0,0.0,0.46563720885288934,25.05909317454122,-0.00866832562774216,0.0,0.0433416281387108,0.0,0.0,0.0,wltp_class3b,RuleBasedEMS
1500,6.628,-4987.549653013584,0.0,0.0,0.4656057769142864,25.059106282355717,-0.009375093332732301,0.0,0.046875466663661505,0.0,0.0,0.0,wltp_class3b,RuleBasedEMS
1501,7.0015,-5337.413339834341,0.0,0.0,0.4655721396409855,25.05912292360657,-0.010032731841793874,0.0,0.05016365920896937,0.0,0.0,0.0,wltp_class3b,RuleBasedEMS
1502,7.375,-5645.345969807941,0.0,0.0,0.4655365612031014,25.059142897938212,-0.010611552574826958,0.0,0.05305776287413479,0.0,0.0,0.0,wltp_class3b,RuleBasedEMS
1503,7.7442,-5901.487555685953,0.0,0.0,0.4654993679250759,25.059165821289028,-0.0110930217212142,0.0,0.05546510860607099,0.0,0.0,0.0,wltp_class3b,RuleBasedEMS
1504,8.1049,-6096.344837598663,0.0,0.0,0.46546094598169174,25.059191123594882,-0.011459294807516285,0.0,0.05729647403758142,0.0,0.0,0.0,wltp_class3b,RuleBasedEMS
1505,8.4537,-6230.827614679161,0.0,0.0,0.46542167583913036,25.059218175979836,-0.011712081982479626,0.0,0.05856040991239813,0.0,0.0,0.0,wltp_class3b,RuleBasedEMS
1506,8.7878,-6305.791296894173,0.0,0.0,0.46538193259845734,25.059246311265774,-0.011852991159575513,0.0,0.059264955797877564,0.0,0.0,0.0,wltp_class3b,RuleBasedEMS
1507,9.1052,-6327.312868576632,0.0,0.0,0.4653420530851778,25.05927490682284,-0.0118934452416854,0.0,0.059467226208426996,0.0,0.0,0.0,wltp_class3b,RuleBasedEMS
1508,9.4053,-6313.363134172606,0.0,0.0,0.46530226088057314,25.059303545188175,-0.011867223936414673,0.0,0.05933611968207336,0.0,0.0,0.0,wltp_class3b,RuleBasedEMS
1509,9.6882,-6274.712221417527,0.0,0.0,0.46526271169698385,25.059331936985814,-0.011794571844769787,0.0,0.058972859223848935,0.0,0.0,0.0,wltp_class3b,RuleBasedEMS
1510,9.9553,-6233.6310192288165,0.0,0.0,0.4652234208818382,25.059360058799435,-0.011717351539903791,0.0,0.05858675769951895,0.0,0.0,0.0,wltp_class3b,RuleBasedEMS
1511,10.2089,-6208.628564355412,0.0,0.0,0.4651842871176351,25.059388104277605,-0.01167035444427709,0.0,0.05835177222138545,0.0,0.0,0.0,wltp_class3b,RuleBasedEMS
1512,10.4523,-6221.6114491708995,0.0,0.0,0.46514507099768937,25.059416523013915,-0.011694758363103195,0.0,0.05847379181551597,0.0,0.0,0.0,wltp_class3b,RuleBasedEMS
1513,10.6893,-6287.648614832681,0.0,0.0,0.4651054381160752,25.059445948702805,-0.011818888373745642,0.0,0.059094441868728205,0.0,0.0,0.0,wltp_class3b,RuleBasedEMS
1514,10.9241,-6420.862027424755,0.0,0.0,0.4650649650302922,25.05947721001229,-0.012069289525234502,0.0,0.06034644762617251,0.0,0.0,0.0,wltp_class3b,RuleBasedEMS
1515,11.1611,-6632.590665580014,0.0,0.0,0.46502315679708345,25.05951133378175,-0.012467275687180477,0.0,0.06233637843590238,0.0,0.0,0.0,wltp_class3b,RuleBasedEMS
1516,11.4045,-6927.475332649693,0.0,0.0,0.46497948918813253,25.059549508490406,-0.013021570174153558,0.0,0.06510785087076779,0.0,0.0,0.0,wltp_class3b,RuleBasedEMS
1517,11.6581,-7306.448896633043,0.0,0.0,0.4649334320586438,25.059593082187725,-0.013733926497430533,0.0,0.06866963248715266,0.0,0.0,0.0,wltp_class3b,RuleBasedEMS
1518,11.9252,-7768.292973920246,0.0,0.0,0.4648844629036786,25.059643574267334,-0.014602054462256105,0.0,0.07301027231128052,0.0,0.0,0.0,wltp_class3b,RuleBasedEMS
1519,12.2081,-8301.465909519879,0.0,0.0,0.4648321319294887,25.05970254863911,-0.015604259228420826,0.0,0.07802129614210412,0.0,0.0,0.0,wltp_class3b,RuleBasedEMS
1520,12.5082,-8894.560664952443,0.0,0.0,0.46477606120563714,25.059771601626437,-0.01671909899427151,0.0,0.08359549497135756,0.0,0.0,0.0,wltp_class3b,RuleBasedEMS
1521,12.8256,-9525.844308765687,0.0,0.0,0.4647160097613979,25.059852146959333,-0.017905722384897908,0.0,0.08952861192448953,0.0,0.0,0.0,wltp_class3b,RuleBasedEMS
1522,13.1597,-10182.792018598611,0.0,0.0,0.4646518155465225,25.059945500853274,-0.019140586501125212,0.0,0.09570293250562605,0.0,0.0,0.0,wltp_class3b,RuleBasedEMS
1523,13.5085,-10835.211128542642,0.0,0.0,0.46458350682155763,25.060052460444684,-0.020366938211546323,0.0,0.1018346910577316,0.0,0.0,0.0,wltp_class3b,RuleBasedEMS
1524,13.8692,-11461.51705128851,0.0,0.0,0.464511247912184,25.060173340252245,-0.021544204983625023,0.0,0.1077210249181251,0.0,0.0,0.0,wltp_class3b,RuleBasedEMS
1525,14.2384,-12041.466653601256,0.0,0.0,0.46443533077274274,25.060307900501556,-0.022634335815039958,0.0,0.11317167907519977,0.0,0.0,0.0,wltp_class3b,RuleBasedEMS
1526,14.6119,-12547.334531827706,0.0,0.0,0.46435622218322414,25.060455086266312,-0.023585215285390426,0.0,0.11792607642695213,0.0,0.0,0.0,wltp_class3b,RuleBasedEMS
1527,14.9854,-12965.12981443094,0.0,0.0,0.4642744771853694,25.060613279651005,-0.024370544763967935,0.0,0.12185272381983966,0.0,0.0,0.0,wltp_class3b,RuleBasedEMS
1528,15.3545,-13280.129850830515,0.0,0.0,0.46419074371643837,25.060780273496675,-0.024962650095546084,0.0,0.12481325047773041,0.0,0.0,0.0,wltp_class3b,RuleBasedEMS
1529,15.7153,-13492.511581613679,0.0,0.0,0.46410566868171765,25.060953668922203,-0.02536186387521368,0.0,0.1268093193760684,0.0,0.0,0.0,wltp_class3b,RuleBasedEMS
1530,16.0641,-13596.452417650024,0.0,0.0,0.46401993578726913,25.061130778601623,-0.025557241386560195,0.0,0.12778620693280096,0.0,0.0,0.0,wltp_class3b,RuleBasedEMS
1531,16.3981,-13605.805197977425,0.0,0.0,0.46393414147852696,25.061309192305767,-0.025574821800709448,0.0,0.12787410900354723,0.0,0.0,0.0,wltp_class3b,RuleBasedEMS
1532,16.7156,-13543.184033214673,0.0,0.0,0.46384873967663465,25.06148705986714,-0.025457112844388487,0.0,0.12728556422194243,0.0,0.0,0.0,wltp_class3b,RuleBasedEMS
1533,17.0156,-13423.939663414383,0.0,0.0,0.4637640875560139,25.061662933953635,-0.025232969292132302,0.0,0.1261648464606615,0.0,0.0,0.0,wltp_class3b,RuleBasedEMS
1534,17.2985,-13285.381653935223,0.0,0.0,0.4636803070490925,25.06183633385558,-0.024972521905893278,0.0,0.12486260952946639,0.0,0.0,0.0,wltp_class3b,RuleBasedEMS
1535,17.5656,-13154.64088699806,0.0,0.0,0.4635973489997579,25.062007465027158,-0.024726768584582823,0.0,0.1236338429229141,0.0,0.0,0.0,wltp_class3b,RuleBasedEMS
1536,17.8193,-13066.933697431454,0.0,0.0,0.46351494214760874,25.06217739871592,-0.02456190544629973,0.0,0.12280952723149863,0.0,0.0,0.0,wltp_class3b,RuleBasedEMS
1537,18.0627,-13048.452049712694,0.0,0.0,0.46343265001242745,25.062347838525312,-0.02452716550697875,0.0,0.12263582753489374,0.0,0.0,0.0,wltp_class3b,RuleBasedEMS
1538,18.2997,-13129.885042842634,0.0,0.0,0.4633498425121236,25.062521256282835,-0.024680235042937284,0.0,0.12340117521468641,0.0,0.0,0.0,wltp_class3b,RuleBasedEMS
1539,18.5344,-13325.856047572603,0.0,0.0,0.4632657972649597,25.062700557570384,-0.025048601593181587,0.0,0.12524300796590793,0.0,0.0,0.0,wltp_class3b,RuleBasedEMS
1540,18.7714,-13660.663780084556,0.0,0.0,0.46317963855499655,25.062889427465304,-0.025677939436249166,0.0,0.12838969718124582,0.0,0.0,0.0,wltp_class3b,RuleBasedEMS
1541,19.0148,-14129.571811747894,0.0,0.0,0.4630905204395602,25.0630917158808,-0.026559345510804314,0.0,0.13279672755402155,0.0,0.0,0.0,wltp_class3b,RuleBasedEMS
1542,19.2685,-14736.47516942415,0.0,0.0,0.46299757230514044,25.063311768060064,-0.027700141295910058,0.0,0.1385007064795503,0.0,0.0,0.0,wltp_class3b,RuleBasedEMS
1543,19.5356,-15466.604742456502,0.0,0.0,0.4629000165776405,25.06355400248537,-0.029072565305369363,0.0,0.14536282652684682,0.0,0.0,0.0,wltp_class3b,RuleBasedEMS
1544,19.8185,-16306.96393869878,0.0,0.0,0.462797157542904,25.063822976727288,-0.030652187854696956,0.0,0.15326093927348478,0.0,0.0,0.0,wltp_class3b,RuleBasedEMS
1545,20.1185,-17230.20104044295,0.0,0.0,0.4626884718958377,25.06412290838408,-0.03238759594068224,0.0,0.16193797970341117,0.0,0.0,0.0,wltp_class3b,RuleBasedEMS
1546,20.436,-18212.618865434175,0.0,0.0,0.4625735857043575,25.064457655105937,-0.03423424598765822,0.0,0.17117122993829112,0.0,0.0,0.0,wltp_class3b,RuleBasedEMS
1547,20.77,-19210.875446621336,0.0,0.0,0.46245239835188523,25.064829842626956,-0.036110668132746875,0.0,0.18055334066373435,0.0,0.0,0.0,wltp_class3b,RuleBasedEMS
1548,21.1188,-20200.499041276165,0.0,0.0,0.46232496354505803,25.065241259451213,-0.03797086285954167,0.0,0.18985431429770833,0.0,0.0,0.0,wltp_class3b,RuleBasedEMS
1549,21.4796,-21140.0059179746,0.0,0.0,0.46219159667230214,25.065691984036697,-0.03973685322927556,0.0,0.1986842661463778,0.0,0.0,0.0,wltp_class3b,RuleBasedEMS
1550,21.8487,-21990.10392662615,0.0,0.0,0.46205286104335574,25.066180179206512,-0.041334781816966454,0.0,0.20667390908483224,0.0,0.0,0.0,wltp_class3b,RuleBasedEMS
1551,22.2222,-22732.456405158748,0.0,0.0,0.4619094357465591,25.066702767377446,-0.042730181212704416,0.0,0.21365090606352208,0.0,0.0,0.0,wltp_class3b,RuleBasedEMS
1552,22.4128,-16662.47005762177,0.0,0.0,0.46180430298939085,25.06700089932471,-0.031320432439138665,0.0,0.1566021621956933,0.0,0.0,0.0,wltp_class3b,RuleBasedEMS
1553,22.5991,-16760.85397550104,0.0,0.0,0.46169854714957603,25.067303507731857,-0.03150536461560346,0.0,0.15752682307801727,0.0,0.0,0.0,wltp_class3b,RuleBasedEMS
1554,22.777,-16702.91323626597,0.0,0.0,0.4615931546025013,25.067605619631408,-0.03139645345162776,0.0,0.1569822672581388,0.0,0.0,0.0,wltp_class3b,RuleBasedEMS
1555,22.9429,-16498.2728248276,0.0,0.0,0.4614890511105406,25.067902571811196,-0.03101179102411203,0.0,0.15505895512056014,0.0,0.0,0.0,wltp_class3b,RuleBasedEMS
1556,23.094,-16169.38567002477,0.0,0.0,0.4613870208615485,25.068190520774063,-0.03039358208651273,0.0,0.15196791043256364,0.0,0.0,0.0,wltp_class3b,RuleBasedEMS
1557,23.2286,-15752.290667651181,0.0,0.0,0.4612876207089362,25.068466899482846,-0.029609568924156355,0.0,0.14804784462078177,0.0,0.0,0.0,wltp_class3b,RuleBasedEMS
1558,23.3458,-15274.54665687607,0.0,0.0,0.46119123364390224,25.068730126061293,-0.028711553866308404,0.0,0.14355776933154202,0.0,0.0,0.0,wltp_class3b,RuleBasedEMS
1559,23.4458,-14776.95216384211,0.0,0.0,0.46109798521893236,25.068979913189647,-0.027776225871883664,0.0,0.13888112935941832,0.0,0.0,0.0,wltp_class3b,RuleBasedEMS
1560,23.53,-14306.239905259172,0.0,0.0,0.4610077060678547,25.069217296386185,-0.02689142839334431,0.0,0.13445714196672154,0.0,0.0,0.0,wltp_class3b,RuleBasedEMS
1561,23.6008,-13903.486471399188,0.0,0.0,0.4609199675710255,25.069444334894552,-0.02613437306653983,0.0,0.13067186533269914,0.0,0.0,0.0,wltp_class3b,RuleBasedEMS
1562,23.6613,-13599.664727415118,0.0,0.0,0.4608341455986697,25.069663755669822,-0.025563279562810372,0.0,0.12781639781405185,0.0,0.0,0.0,wltp_class3b,RuleBasedEMS
1563,23.7154,-13430.276638415931,0.0,0.0,0.46074939192190134,25.069879052646513,-0.025244880899278066,0.0,0.12622440449639033,0.0,0.0,0.0,wltp_class3b,RuleBasedEMS
1564,23.7673,-13412.651327137846,0.0,0.0,0.46066474888723075,25.07009407414417,-0.025211750614920765,0.0,0.12605875307460382,0.0,0.0,0.0,wltp_class3b,RuleBasedEMS
1565,23.8214,-13560.640266355256,0.0,0.0,0.4605791713610527,25.07031305696065,-0.02548992531269785,0.0,0.12744962656348924,0.0,0.0,0.0,wltp_class3b,RuleBasedEMS
1566,23.8819,-13873.225053364746,0.0,0.0,0.46049162056474474,25.070540400270286,-0.026077490701813436,0.0,0.13038745350906716,0.0,0.0,0.0,wltp_class3b,RuleBasedEMS
1567,23.9526,-14341.808999755123,0.0,0.0,0.4604011118958272,25.07078061011056,-0.026958287593524668,0.0,0.13479143796762333,0.0,0.0,0.0,wltp_class3b,RuleBasedEMS
1568,24.0369,-14957.777812804792,0.0,0.0,0.4603067150337131,25.071038408973255,-0.028116123708279685,0.0,0.14058061854139842,0.0,0.0,0.0,wltp_class3b,RuleBasedEMS
1569,24.1369,-15677.616200482005,0.0,0.0,0.4602077741895455,25.071317778897797,-0.029469203384364675,0.0,0.14734601692182336,0.0,0.0,0.0,wltp_class3b,RuleBasedEMS
1570,24.254,-16479.36485610518,0.0,0.0,0.4601037720788147,25.07162246816946,-0.030976249729521017,0.0,0.15488124864760508,0.0,0.0,0.0,wltp_class3b,RuleBasedEMS
1571,24.3886,-17328.296065396094,0.0,0.0,0.4599944105083961,25.07195547619936,-0.03257198508533101,0.0,0.16285992542665503,0.0,0.0,0.0,wltp_class3b,RuleBasedEMS
1572,24.5398,-18175.77473892523,0.0,0.0,0.4598796981689581,25.072318359418286,-0.034164990110761705,0.0,0.17082495055380853,0.0,0.0,0.0,wltp_class3b,RuleBasedEMS
1573,24.7057,-18981.858704348375,0.0,0.0,0.4597598958112093,25.07271122174983,-0.03568018553448943,0.0,0.17840092767244714,0.0,0.0,0.0,wltp_class3b,RuleBasedEMS
1574,24.8835,-19707.644449705385,0.0,0.0,0.4596355097335826,25.07313250322034,-0.037044444454333435,0.0,0.18522222227166715,0.0,0.0,0.0,wltp_class3b,RuleBasedEMS
1575,25.0698,-20323.380085407087,0.0,0.0,0.4595072340698249,25.073579134627067,-0.038201842265802796,0.0,0.19100921132901397,0.0,0.0,0.0,wltp_class3b,RuleBasedEMS
1576,25.2604,-20788.848386613492,0.0,0.0,0.4593760168901308,25.074046032072985,-0.03907678268160431,0.0,0.19538391340802155,0.0,0.0,0.0,wltp_class3b,RuleBasedEMS
1577,25.451,-21089.85387560576,0.0,0.0,0.45924289600825086,25.074527093307317,-0.039642582472943166,0.0,0.1982129123647158,0.0,0.0,0.0,wltp_class3b,RuleBasedEMS
1578,25.6373,-21215.724813825742,0.0,0.0,0.4591089767644273,25.07501544715588,-0.03987918198087546,0.0,0.19939590990437728,0.0,0.0,0.0,wltp_class3b,RuleBasedEMS
1579,25.8152,-21164.084517230036,0.0,0.0,0.45897537967910595,25.07550394043337,-0.0397821137541918,0.0,0.19891056877095897,0.0,0.0,0.0,wltp_class3b,RuleBasedEMS
1580,25.9811,-20945.93240808781,0.0,0.0,0.45884315601381154,25.075985848233955,-0.0393720533986613,0.0,0.1968602669933065,0.0,0.0,0.0,wltp_class3b,RuleBasedEMS
1581,26.1322,-20586.702312901296,0.0,0.0,0.45871319662719223,25.0764555897157,-0.03869680885883703,0.0,0.19348404429418511,0.0,0.0,0.0,wltp_class3b,RuleBasedEMS
1582,26.2668,-20127.110764465364,0.0,0.0,0.4585861354540843,25.076909381353943,-0.03783291497079956,0.0,0.1891645748539978,0.0,0.0,0.0,wltp_class3b,RuleBasedEMS
1583,26.384,-19598.18726461789,0.0,0.0,0.45846241060368925,25.07734482398574,-0.036838697865823104,0.0,0.1841934893291155,0.0,0.0,0.0,wltp_class3b,RuleBasedEMS
1584,26.484,-19045.91702181564,0.0,0.0,0.4583421698996758,25.077761369738,-0.035800595905668496,0.0,0.1790029795283425,0.0,0.0,0.0,wltp_class3b,RuleBasedEMS
1585,26.5682,-18523.023520717772,0.0,0.0,0.4582252282912438,25.0781603954908,-0.034817713384807845,0.0,0.1740885669240392,0.0,0.0,0.0,wltp_class3b,RuleBasedEMS
1586,26.639,-18075.910745618206,0.0,0.0,0.4581111077073809,25.0785448001141,-0.03397727583762821,0.0,0.16988637918814103,0.0,0.0,0.0,wltp_class3b,RuleBasedEMS
1587,26.6995,-17739.66316496553,0.0,0.0,0.4579991084941355,25.07891850521832,-0.0333452315130931,0.0,0.1667261575654655,0.0,0.0,0.0,wltp_class3b,RuleBasedEMS
1588,26.7536,-17554.5947852189,0.0,0.0,0.45788827638335516,25.079286611063754,-0.03299735861883252,0.0,0.1649867930941626,0.0,0.0,0.0,wltp_class3b,RuleBasedEMS
1589,26.8055,-17540.575777976745,0.0,0.0,0.4577775315513838,25.079654781249612,-0.03297100710146005,0.0,0.16485503550730024,0.0,0.0,0.0,wltp_class3b,RuleBasedEMS
1590,26.8595,-17709.261405987305,0.0,0.0,0.4576657204806745,25.08002912474279,-0.0332880853496002,0.0,0.166440426748001,0.0,0.0,0.0,wltp_class3b,RuleBasedEMS
1591,26.9201,-18077.004810406466,0.0,0.0,0.45755158629285236,25.08041655855171,-0.033979332350388095,0.0,0.16989666175194046,0.0,0.0,0.0,wltp_class3b,RuleBasedEMS
1592,26.9908,-18608.81646017469,0.0,0.0,0.4574340929021446,25.080823250310104,-0.03497897830859904,0.0,0.1748948915429952,0.0,0.0,0.0,wltp_class3b,RuleBasedEMS
1593,27.075,-19307.66524842509,0.0,0.0,0.45731218536144935,25.08125603512461,-0.03629260385042311,0.0,0.18146301925211553,0.0,0.0,0.0,wltp_class3b,RuleBasedEMS
1594,27.1751,-20137.650553082247,0.0,0.0,0.45718503526712967,25.081721097206348,-0.037852726603538056,0.0,0.18926363301769028,0.0,0.0,0.0,wltp_class3b,RuleBasedEMS
1595,27.2922,-21048.152099452887,0.0,0.0,0.4570521337129557,25.082223257608998,-0.03956419567566333,0.0,0.1978209783783166,0.0,0.0,0.0,wltp_class3b,RuleBasedEMS
1596,27.4268,-22016.941559652092,0.0,0.0,0.45691311204708296,25.082766852147298,-0.041385228495586644,0.0,0.2069261424779332,0.0,0.0,0.0,wltp_class3b,RuleBasedEMS
1597,27.578,-22984.83765323809,0.0,0.0,0.45676797522251217,25.083353965701104,-0.04320458205495882,0.0,0.2160229102747941,0.0,0.0,0.0,wltp_class3b,RuleBasedEMS
1598,27.7439,-23906.720298262062,0.0,0.0,0.45661701306930474,25.083984620429533,-0.04493744416966553,0.0,0.22468722084832765,0.0,0.0,0.0,wltp_class3b,RuleBasedEMS
1599,27.9217,-24738.72095109389,0.0,0.0,0.45646079245215315,25.084656508658345,-0.046501355171229115,0.0,0.23250677585614557,0.0,0.0,0.0,wltp_class3b,RuleBasedEMS
1600,28.108,-25447.354171384046,0.0,0.0,0.4563000917701233,25.085365235271283,-0.04783337250260159,0.0,0.23916686251300795,0.0,0.0,0.0,wltp_class3b,RuleBasedEMS
1601,28.2986,-25987.47111751139,0.0,0.0,0.45613597467508166,25.08610361790539,-0.048848629920134196,0.0,0.24424314960067098,0.0,0.0,0.0,wltp_class3b,RuleBasedEMS
1602,28.4892,-26343.191112456083,0.0,0.0,0.4559696053096105,25.086863086446442,-0.04951727652717309,0.0,0.24758638263586544,0.0,0.0,0.0,wltp_class3b,RuleBasedEMS
1603,28.6755,-26502.59500720534,0.0,0.0,0.45580222332167974,25.087634014847673,-0.049816907908280715,0.0,0.24908453954140355,0.0,0.0,0.0,wltp_class3b,RuleBasedEMS
1604,28.8533,-26458.35091652295,0.0,0.0,0.45563511491329906,25.088406142205095,-0.049733742324291265,0.0,0.24866871162145632,0.0,0.0,0.0,wltp_class3b,RuleBasedEMS
1605,29.0193,-26241.262694634912,0.0,0.0,0.4554693719765721,25.089170707880207,-0.049325681756832544,0.0,0.2466284087841627,0.0,0.0,0.0,wltp_class3b,RuleBasedEMS
1606,29.1704,-25852.079147224085,0.0,0.0,0.4553060818745855,25.089919123691978,-0.04859413373538363,0.0,0.2429706686769181,0.0,0.0,0.0,wltp_class3b,RuleBasedEMS
1607,29.305,-25354.359184829824,0.0,0.0,0.4551459306820036,25.090646173979508,-0.04765856989629666,0.0,0.2382928494814833,0.0,0.0,0.0,wltp_class3b,RuleBasedEMS
1608,29.4222,-24778.05965120413,0.0,0.0,0.4549894153366247,25.091348316681657,-0.04657530009624837,0.0,0.23287650048124184,0.0,0.0,0.0,wltp_class3b,RuleBasedEMS
1609,29.5222,-24174.35892765577,0.0,0.0,0.45483670953527766,25.092024590478772,-0.04544052430010483,0.0,0.22720262150052414,0.0,0.0,0.0,wltp_class3b,RuleBasedEMS
1610,29.6064,-23602.01670056001,0.0,0.0,0.45468761577531525,25.09267676028698,-0.044364693046165436,0.0,0.22182346523082716,0.0,0.0,0.0,wltp_class3b,RuleBasedEMS
1611,29.6772,-23112.84223468852,0.0,0.0,0.4545416091986933,25.09330878850483,-0.04344519217046715,0.0,0.21722596085233573,0.0,0.0,0.0,wltp_class3b,RuleBasedEMS
1612,29.7377,-22746.132205125723,0.0,0.0,0.45439791659402573,25.09392615234637,-0.042755887603619785,0.0,0.2137794380180989,0.0,0.0,0.0,wltp_class3b,RuleBasedEMS
1613,29.7918,-22547.13922517272,0.0,0.0,0.4542554787475958,25.094536079136017,-0.042381840648820904,0.0,0.2119092032441045,0.0,0.0,0.0,wltp_class3b,RuleBasedEMS
1614,29.8437,-22538.41081658907,0.0,0.0,0.45411309385466436,25.095146657874125,-0.04236543386576893,0.0,0.21182716932884463,0.0,0.0,0.0,wltp_class3b,RuleBasedEMS
1615,29.8977,-22733.374541573354,0.0,0.0,0.45396947512596775,25.095766643324808,-0.04273190703303262,0.0,0.2136595351651631,0.0,0.0,0.0,wltp_class3b,RuleBasedEMS
1616,29.9583,-23150.699271298963,0.0,0.0,0.4538232176664951,25.096405939431328,-0.04351635201371986,0.0,0.21758176006859928,0.0,0.0,0.0,wltp_class3b,RuleBasedEMS
1617,30.029,-23751.74799186602,0.0,0.0,0.4536731604953826,25.0970733345211,-0.04464614284185343,0.0,0.22323071420926713,0.0,0.0,0.0,wltp_class3b,RuleBasedEMS
1618,30.1132,-24540.07826771667,0.0,0.0,0.45351811998924735,25.097778500711474,-0.04612796666864036,0.0,0.2306398333432018,0.0,0.0,0.0,wltp_class3b,RuleBasedEMS
1619,30.2133,-25475.835378873464,0.0,0.0,0.45335716413587257,25.09853010352335,-0.04788690860690501,0.0,0.23943454303452505,0.0,0.0,0.0,wltp_class3b,RuleBasedEMS
1620,30.3304,-26502.64465490557,0.0,0.0,0.4531897169293328,25.09933481269836,-0.049817001231025504,0.0,0.24908500615512752,0.0,0.0,0.0,wltp_class3b,RuleBasedEMS
1621,30.465,-27595.660498117082,0.0,0.0,0.4530153592077239,25.100198565967602,-0.05187154228969376,0.0,0.2593577114484688,0.0,0.0,0.0,wltp_class3b,RuleBasedEMS
1622,30.6162,-28688.880858521665,0.0,0.0,0.45283408871884273,25.101124129573524,-0.05392646777917606,0.0,0.2696323388958803,0.0,0.0,0.0,wltp_class3b,RuleBasedEMS
1623,30.7821,-29731.946084454477,0.0,0.0,0.45264622136846966,25.102111411469867,-0.05588711670010241,0.0,0.279435583500512,0.0,0.0,0.0,wltp_class3b,RuleBasedEMS
1624,30.9599,-30675.931733082765,0.0,0.0,0.4524523822338406,25.103157129410036,-0.057661525814065355,0.0,0.28830762907032675,0.0,0.0,0.0,wltp_class3b,RuleBasedEMS
1625,31.1462,-31483.50847414993,0.0,0.0,0.45225343238489346,25.1042551719798,-0.05917952720704875,0.0,0.2958976360352437,0.0,0.0,0.0,wltp_class3b,RuleBasedEMS
1626,31.3368,-32104.459547954735,0.0,0.0,0.45205055040674225,25.105395647905095,-0.060346728473599134,0.0,0.30173364236799566,0.0,0.0,0.0,wltp_class3b,RuleBasedEMS
1627,31.5274,-32521.079531608353,0.0,0.0,0.4518450270439518,25.10656680441661,-0.06112984874362473,0.0,0.30564924371812363,0.0,0.0,0.0,wltp_class3b,RuleBasedEMS
1628,31.7137,-32720.062319075423,0.0,0.0,0.451638237442312,25.107755459159176,-0.061503876539615455,0.0,0.30751938269807727,0.0,0.0,0.0,wltp_class3b,RuleBasedEMS
1629,31.8915,-32693.160286835526,0.0,0.0,0.45143160920665604,25.10894754591616,-0.06145330880984121,0.0,0.30726654404920606,0.0,0.0,0.0,wltp_class3b,RuleBasedEMS
1630,32.0575,-32474.30583012656,0.0,0.0,0.45122635581149045,25.110131007606473,-0.0610419282521176,0.0,0.30520964126058797,0.0,0.0,0.0,wltp_class3b,RuleBasedEMS
1631,32.2086,-32064.11393642875,0.0,0.0,0.4510236871170723,25.111293954747918,-0.06027089085794878,0.0,0.3013544542897439,0.0,0.0,0.0,wltp_class3b,RuleBasedEMS
1632,32.2864,-28555.12534517533,0.0,0.0,0.4508431911812755,25.112258245836433,-0.05367504764130701,0.0,0.268375238206535,0.0,0.0,0.0,wltp_class3b,RuleBasedEMS
1633,32.3467,-27801.777694952507,0.0,0.0,0.45066745299452243,25.113184309321646,-0.05225898062960998,0.0,0.2612949031480499,0.0,0.0,0.0,wltp_class3b,RuleBasedEMS
1634,32.3898,-27025.16910168678,0.0,0.0,0.45049662034756316,25.114071527171053,-0.050799190040764636,0.0,0.25399595020382315,0.0,0.0,0.0,wltp_class3b,RuleBasedEMS
1635,32.4172,-26290.06072880742,0.0,0.0,0.4503304316145221,25.114922629524447,-0.04941740738497635,0.0,0.24708703692488176,0.0,0.0,0.0,wltp_class3b,RuleBasedEMS
1636,32.4311,-25637.40979167349,0.0,0.0,0.4501683661655972,25.11574221190739,-0.0481906199091607,0.0,0.2409530995458035,0.0,0.0,0.0,wltp_class3b,RuleBasedEMS
1637,32.4348,-25130.26393172104,0.0,0.0,0.4500095046967961,25.116537644128528,-0.047237338217520755,0.0,0.23618669108760376,0.0,0.0,0.0,wltp_class3b,RuleBasedEMS
1638,32.432,-24796.719351016483,0.0,0.0,0.4498527501431194,25.117317299274838,-0.0466103747199558,0.0,0.23305187359977897,0.0,0.0,0.0,wltp_class3b,RuleBasedEMS
1639,32.4271,-24681.00572577758,0.0,0.0,0.4496967256864187,25.11809141165061,-0.04639286790559696,0.0,0.2319643395279848,0.0,0.0,0.0,wltp_class3b,RuleBasedEMS
1640,32.4243,-24781.343996552365,0.0,0.0,0.449540065590146,25.118870119091806,-0.04658147367773001,0.0,0.23290736838865003,0.0,0.0,0.0,wltp_class3b,RuleBasedEMS
1641,32.428,-25116.614421335853,0.0,0.0,0.44938128460506166,25.11966471569197,-0.04721168124311251,0.0,0.23605840621556254,0.0,0.0,0.0,wltp_class3b,RuleBasedEMS
1642,32.4419,-25659.2660666791,0.0,0.0,0.44921907147985524,25.120485729475583,-0.04823170313285546,0.0,0.24115851566427726,0.0,0.0,0.0,wltp_class3b,RuleBasedEMS
1643,32.4693,-26396.631246950612,0.0,0.0,0.44905219487971143,25.121343808269113,-0.0496177279078019,0.0,0.2480886395390095,0.0,0.0,0.0,wltp_class3b,RuleBasedEMS
1644,32.5125,-27284.316782671445,0.0,0.0,0.448879703944175,25.12224821131418,-0.05128630974186363,0.0,0.2564315487093181,0.0,0.0,0.0,wltp_class3b,RuleBasedEMS
1645,32.5728,-28276.263640490375,0.0,0.0,0.4487009388380134,25.123206549882642,-0.05315087150468115,0.0,0.26575435752340576,0.0,0.0,0.0,wltp_class3b,RuleBasedEMS
1646,32.6505,-29324.41203697379,0.0,0.0,0.44851554342914585,25.12422438408692,-0.05512107525746954,0.0,0.27560537628734766,0.0,0.0,0.0,wltp_class3b,RuleBasedEMS
1647,32.7448,-30372.97174316429,0.0,0.0,0.4483235142064517,25.125304395182297,-0.057092052148805056,0.0,0.28546026074402525,0.0,0.0,0.0,wltp_class3b,RuleBasedEMS
1648,32.8539,-31368.31503362837,0.0,0.0,0.4481251866752572,25.126446042746426,-0.05896299818351197,0.0,0.29481499091755986,0.0,0.0,0.0,wltp_class3b,RuleBasedEMS
1649,32.9749,-32248.150278628247,0.0,0.0,0.44792129021812016,25.12764460329344,-0.060616823832007984,0.0,0.3030841191600399,0.0,0.0,0.0,wltp_class3b,RuleBasedEMS
1650,33.1043,-32973.1244828961,0.0,0.0,0.4477128031633509,25.128892215720104,-0.06197955729867688,0.0,0.3098977864933844,0.0,0.0,0.0,wltp_class3b,RuleBasedEMS
1651,33.2381,-33506.77280513903,0.0,0.0,0.4475009346041441,25.13017794159865,-0.06298265564875759,0.0,0.3149132782437879,0.0,0.0,0.0,wltp_class3b,RuleBasedEMS
1652,33.3719,-33815.93260790657,0.0,0.0,0.4472871035945927,25.131487992587257,-0.06356378309756876,0.0,0.31781891548784375,0.0,0.0,0.0,wltp_class3b,RuleBasedEMS
1653,33.5013,-33887.625816682965,0.0,0.0,0.4470728115769624,25.1328071997092,-0.06369854476820107,0.0,0.3184927238410053,0.0,0.0,0.0,wltp_class3b,RuleBasedEMS
1654,33.6223,-33730.702576443306,0.0,0.0,0.4468595043664788,25.134120715709397,-0.06340357627150998,0.0,0.3170178813575499,0.0,0.0,0.0,wltp_class3b,RuleBasedEMS
1655,33.7314,-33360.98899332954,0.0,0.0,0.4466485280098062,25.135414762149463,-0.06270862592731118,0.0,0.31354312963655584,0.0,0.0,0.0,wltp_class3b,RuleBasedEMS
1656,33.8257,-32801.77953286672,0.0,0.0,0.4464410815074031,25.136677336627834,-0.061657480324937446,0.0,0.3082874016246872,0.0,0.0,0.0,wltp_class3b,RuleBasedEMS
1657,33.9034,-32106.21212004554,0.0,0.0,0.44623802800780416,25.137900184320056,-0.06035002278204049,0.0,0.30175011391020246,0.0,0.0,0.0,wltp_class3b,RuleBasedEMS
1658,33.9637,-31325.475383622466,0.0,0.0,0.4460399070318247,25.13907857552587,-0.05888247252560615,0.0,0.2944123626280307,0.0,0.0,0.0,wltp_class3b,RuleBasedEMS
1659,34.0069,-30519.247313218344,0.0,0.0,0.445846880689764,25.140211594909456,-0.05736700622785404,0.0,0.28683503113927017,0.0,0.0,0.0,wltp_class3b,RuleBasedEMS
1660,34.0343,-29744.529500966855,0.0,0.0,0.44565875052448,25.141301679541712,-0.05591076973865951,0.0,0.2795538486932975,0.0,0.0,0.0,wltp_class3b,RuleBasedEMS
1661,34.0482,-29060.545709143204,0.0,0.0,0.4454749433927674,25.142354448955455,-0.05462508591944211,0.0,0.27312542959721053,0.0,0.0,0.0,wltp_class3b,RuleBasedEMS
1662,34.0519,-28528.44112013076,0.0,0.0,0.4452944992626762,25.14337857297037,-0.05362488932355406,0.0,0.2681244466177703,0.0,0.0,0.0,wltp_class3b,RuleBasedEMS
1663,34.0491,-28178.016686566356,0.0,0.0,0.44511626943118243,25.14438397626302,-0.052966196779260066,0.0,0.26483098389630033,0.0,0.0,0.0,wltp_class3b,RuleBasedEMS
1664,34.0442,-28056.094585520346,0.0,0.0,0.4449388088566565,25.145382858200517,-0.05273701989759464,0.0,0.2636850994879732,0.0,0.0,0.0,wltp_class3b,RuleBasedEMS
1665,34.0414,-28161.18633045599,0.0,0.0,0.44476068171279665,25.146387335162306,-0.052934560771533815,0.0,0.26467280385766906,0.0,0.0,0.0,wltp_class3b,RuleBasedEMS
1666,34.0451,-28513.506547580902,0.0,0.0,0.44458032411912346,25.14741091295178,-0.0535968168187611,0.0,0.2679840840938055,0.0,0.0,0.0,wltp_class3b,RuleBasedEMS
1667,34.059,-29084.44327838126,0.0,0.0,0.4443963529671575,25.148466164463265,-0.05467000616237079,0.0,0.27335003081185394,0.0,0.0,0.0,wltp_class3b,RuleBasedEMS
1668,34.0864,-29860.949373078965,0.0,0.0,0.4442074674774183,25.149565769687083,-0.0561296040847349,0.0,0.2806480204236745,0.0,0.0,0.0,wltp_class3b,RuleBasedEMS
1669,34.1295,-30791.022395913053,0.0,0.0,0.44401269560511825,25.15072038478651,-0.057877861646453116,0.0,0.28938930823226555,0.0,0.0,0.0,wltp_class3b,RuleBasedEMS
1670,34.1898,-31842.723379859643,0.0,0.0,0.4438112671556229,25.15193962860364,-0.059854743195224894,0.0,0.29927371597612445,0.0,0.0,0.0,wltp_class3b,RuleBasedEMS
1671,34.2676,-32954.9652749748,0.0,0.0,0.4436027981867318,25.15323006872907,-0.06194542344920076,0.0,0.30972711724600377,0.0,0.0,0.0,wltp_class3b,RuleBasedEMS
1672,34.3619,-34057.91511315755,0.0,0.0,0.44338734640004424,25.154594134721144,-0.06401863743074727,0.0,0.32009318715373636,0.0,0.0,0.0,wltp_class3b,RuleBasedEMS
1673,34.471,-35111.3335554655,0.0,0.0,0.44316522402172154,25.15603147740888,-0.06599874728470959,0.0,0.3299937364235479,0.0,0.0,0.0,wltp_class3b,RuleBasedEMS
1674,34.592,-36044.301932702954,0.0,0.0,0.44293719196324605,25.157536512830507,-0.06775244724192285,0.0,0.3387622362096142,0.0,0.0,0.0,wltp_class3b,RuleBasedEMS
1675,34.7214,-36815.30766148269,0.0,0.0,0.44270427391213707,25.159099998607594,-0.06920170613060657,0.0,0.34600853065303283,0.0,0.0,0.0,wltp_class3b,RuleBasedEMS
1676,34.8552,-37385.872385421564,0.0,0.0,0.4424677372282124,25.160709105857283,-0.07027419621319843,0.0,0.3513709810659921,0.0,0.0,0.0,wltp_class3b,RuleBasedEMS
1677,34.9889,-37715.28822501381,0.0,0.0,0.44222910713875196,25.162347266939996,-0.07089339891919888,0.0,0.3544669945959944,0.0,0.0,0.0,wltp_class3b,RuleBasedEMS
1678,35.1183,-37806.548573109685,0.0,0.0,0.4419898903105981,25.16399750172425,-0.0710649409268979,0.0,0.3553247046344895,0.0,0.0,0.0,wltp_class3b,RuleBasedEMS
1679,35.2394,-37657.87327422102,0.0,0.0,0.4417516050513038,25.16564240560509,-0.07078547607936282,0.0,0.3539273803968141,0.0,0.0,0.0,wltp_class3b,RuleBasedEMS
1680,35.3484,-37268.38337077717,0.0,0.0,0.4415157755983496,25.16726454327644,-0.07005335220070896,0.0,0.3502667610035448,0.0,0.0,0.0,wltp_class3b,RuleBasedEMS
1681,35.4428,-36701.751549233515,0.0,0.0,0.44128352360843615,25.16885131345344,-0.06898825479179233,0.0,0.3449412739589616,0.0,0.0,0.0,wltp_class3b,RuleBasedEMS
1682,35.5205,-35974.230514466544,0.0,0.0,0.44105586810706043,25.17039168581495,-0.06762073404974915,0.0,0.3381036702487457,0.0,0.0,0.0,wltp_class3b,RuleBasedEMS
1683,35.5808,-35161.63472330784,0.0,0.0,0.440833348497637,25.171880289234675,-0.06609329835208241,0.0,0.33046649176041204,0.0,0.0,0.0,wltp_class3b,RuleBasedEMS
1684,35.624,-34320.937364088495,0.0,0.0,0.4406161436621223,25.17331583891678,-0.06451304015806109,0.0,0.32256520079030543,0.0,0.0,0.0,wltp_class3b,RuleBasedEMS
1685,35.6513,-33506.111724786824,0.0,0.0,0.4404040908559528,25.174700639340948,-0.0629814130165166,0.0,0.3149070650825829,0.0,0.0,0.0,wltp_class3b,RuleBasedEMS
1686,35.6653,-32802.259515884456,0.0,0.0,0.44019648863085226,25.176042247273216,-0.061658382548654994,0.0,0.30829191274327494,0.0,0.0,0.0,wltp_class3b,RuleBasedEMS
1687,35.6689,-32233.894298080795,0.0,0.0,0.4399924802101195,25.17734938328856,-0.06059002687609172,0.0,0.3029501343804586,0.0,0.0,0.0,wltp_class3b,RuleBasedEMS
1688,35.6662,-31877.900325744667,0.0,0.0,0.43979072202596897,25.178635128623302,-0.05992086527395614,0.0,0.2996043263697807,0.0,0.0,0.0,wltp_class3b,RuleBasedEMS
1689,35.6612,-31738.391275189653,0.0,0.0,0.4395898442398961,25.179912550894212,-0.0596586302165219,0.0,0.2982931510826095,0.0,0.0,0.0,wltp_class3b,RuleBasedEMS
1690,35.6585,-31859.54297848901,0.0,0.0,0.4393881971959401,25.181197405274713,-0.059886358982122204,0.0,0.299431794910611,0.0,0.0,0.0,wltp_class3b,RuleBasedEMS
1691,35.6621,-32217.613289047644,0.0,0.0,0.4391842812603412,25.182504359160472,-0.06055942347565346,0.0,0.3027971173782673,0.0,0.0,0.0,wltp_class3b,RuleBasedEMS
1692,35.676,-32822.50857494989,0.0,0.0,0.4389765338677067,25.18384936181677,-0.061696444689755436,0.0,0.3084822234487772,0.0,0.0,0.0,wltp_class3b,RuleBasedEMS
1693,35.7034,-33638.40504846763,0.0,0.0,0.4387636189438925,25.185247086624404,-0.06323008467757074,0.0,0.3161504233878537,0.0,0.0,0.0,wltp_class3b,RuleBasedEMS
1694,35.7466,-34622.331277606514,0.0,0.0,0.43854447216351944,25.18671049021997,-0.06507957007068894,0.0,0.3253978503534447,0.0,0.0,0.0,wltp_class3b,RuleBasedEMS
1695,35.8069,-35723.72605282816,0.0,0.0,0.4383183490164729,25.188250129069367,-0.0671498610015567,0.0,0.3357493050077835,0.0,0.0,0.0,wltp_class3b,RuleBasedEMS
1696,35.8846,-36889.65083026061,0.0,0.0,0.4380848398995597,25.18987363403694,-0.0693414489290613,0.0,0.3467072446453065,0.0,0.0,0.0,wltp_class3b,RuleBasedEMS
1697,35.979,-38064.36924326362,0.0,0.0,0.43784388788812445,25.191585037449514,-0.07154956624673613,0.0,0.35774783123368065,0.0,0.0,0.0,wltp_class3b,RuleBasedEMS
1698,36.088,-39165.39428362719,0.0,0.0,0.43759595815940305,25.193382232405025,-0.07361916218726915,0.0,0.36809581093634575,0.0,0.0,0.0,wltp_class3b,RuleBasedEMS
1699,36.209,-40158.21853441449,0.0,0.0,0.43734173440477103,25.195259924297368,-0.07548537318498966,0.0,0.37742686592494823,0.0,0.0,0.0,wltp_class3b,RuleBasedEMS
1700,36.3385,-40982.36266829595,0.0,0.0,0.43708228333399624,25.197207359229797,-0.07703451629378938,0.0,0.3851725814689469,0.0,0.0,0.0,wltp_class3b,RuleBasedEMS
1701,36.4722,-41579.477895835844,0.0,0.0,0.436819041324203,25.199208196331497,-0.07815691333803731,0.0,0.3907845666901865,0.0,0.0,0.0,wltp_class3b,RuleBasedEMS
1702,36.2007,-18033.726291648378,0.0,0.0,0.4367048639991471,25.19987110383453,-0.033897981751218755,0.0,0.16948990875609377,0.0,0.0,0.0,wltp_class3b,RuleBasedEMS
1703,35.9249,-17237.29470967062,0.0,0.0,0.43659573369929155,25.200495220547857,-0.032400929905395906,0.0,0.16200464952697952,0.0,0.0,0.0,wltp_class3b,RuleBasedEMS
1704,35.6407,-16210.46844039532,0.0,0.0,0.43649310870717656,25.20107452828865,-0.030470805339088948,0.0,0.15235402669544473,0.0,0.0,0.0,wltp_class3b,RuleBasedEMS
1705,35.3445,-14980.530565436176,0.0,0.0,0.43639827445206364,25.201604999302177,-0.028158892040293565,0.0,0.14079446020146782,0.0,0.0,0.0,wltp_class3b,RuleBasedEMS
1706,35.0336,-13598.4870344192,0.0,0.0,0.4363121933223117,25.20208525211674,-0.02556106585417143,0.0,0.12780532927085714,0.0,0.0,0.0,wltp_class3b,RuleBasedEMS
1707,34.7061,-12110.700763310033,0.0,0.0,0.43623553406308396,25.202516121975798,-0.022764475119003823,0.0,0.1138223755950191,0.0,0.0,0.0,wltp_class3b,RuleBasedEMS
1708,34.3612,-10580.680884992653,0.0,0.0,0.43616856326574066,25.202900609643134,-0.01988849790412153,0.0,0.09944248952060764,0.0,0.0,0.0,wltp_class3b,RuleBasedEMS
1709,33.9991,-9066.380421928223,0.0,0.0,0.4361111805883448,25.203243119499206,-0.017042068462271097,0.0,0.08521034231135548,0.0,0.0,0.0,wltp_class3b,RuleBasedEMS
1710,33.6213,-7641.234367608814,0.0,0.0,0.4360628208456564,25.20354905900232,-0.014363222495505291,0.0,0.07181611247752645,0.0,0.0,0.0,wltp_class3b,RuleBasedEMS
1711,33.2299,-6339.804053791477,0.0,0.0,0.43602270013303307,25.203823640388567,-0.011916924913141873,0.0,0.059584624565709364,0.0,0.0,0.0,wltp_class3b,RuleBasedEMS
1712,32.8284,-5237.245775249996,0.0,0.0,0.4359895590211378,25.20407202862253,-0.00984444694595864,0.0,0.049222234729793195,0.0,0.0,0.0,wltp_class3b,RuleBasedEMS
1713,32.4204,-4338.620711373755,0.0,0.0,0.4359621062349068,25.204298335665435,-0.00815530208904841,0.0,0.040776510445242053,0.0,0.0,0.0,wltp_class3b,RuleBasedEMS
1714,32.0102,-3678.452741435298,0.0,0.0,0.43593883228030117,25.20450601177379,-0.006914384852321988,0.0,0.03457192426160994,0.0,0.0,0.0,wltp_class3b,RuleBasedEMS
1715,31.6022,-3259.114696914787,0.0,0.0,0.43591821293303196,25.20469776840022,-0.006126155445328548,0.0,0.030630777226642737,0.0,0.0,0.0,wltp_class3b,RuleBasedEMS
1716,31.2006,-3067.2095339153298,0.0,0.0,0.43589880901856737,25.20487578893859,-0.005765431454728064,0.0,0.028827157273640318,0.0,0.0,0.0,wltp_class3b,RuleBasedEMS
1717,30.8093,-3084.3300815046414,0.0,0.0,0.435879298082882,25.205042000178835,-0.0057976129351591,0.0,0.0289880646757955,0.0,0.0,0.0,wltp_class3b,RuleBasedEMS
1718,30.4314,-3268.151335582245,0.0,0.0,0.4358586256425683,25.205198158512225,-0.006143141608237302,0.0,0.03071570804118651,0.0,0.0,0.0,wltp_class3b,RuleBasedEMS
1719,30.0694,-3587.103260680415,0.0,0.0,0.4358359370777077,25.20534601747191,-0.006742675302030855,0.0,0.033713376510154276,0.0,0.0,0.0,wltp_class3b,RuleBasedEMS
1720,29.7244,-3972.6937931470743,0.0,0.0,0.43581081108763403,25.20548706648099,-0.007467469535990741,0.0,0.037337347679953704,0.0,0.0,0.0,wltp_class3b,RuleBasedEMS
1721,29.3969,-4395.650776564585,0.0,0.0,0.43578301154437515,25.205622669467807,-0.008262501459707866,0.0,0.04131250729853933,0.0,0.0,0.0,wltp_class3b,RuleBasedEMS
1722,29.086,-4790.342912124919,0.0,0.0,0.43575271738386784,25.20575363584615,-0.009004403970159624,0.0,0.045022019850798116,0.0,0.0,0.0,wltp_class3b,RuleBasedEMS
1723,28.7898,-5110.693988489166,0.0,0.0,0.4357203988686733,25.205880190632634,-0.009606567647536028,0.0,0.048032838237680134,0.0,0.0,0.0,wltp_class3b,RuleBasedEMS
1724,28.5056,-5320.3656734602255,0.0,0.0,0.43568675596946554,25.206001968658516,-0.010000687356128244,0.0,0.05000343678064122,0.0,0.0,0.0,wltp_class3b,RuleBasedEMS
1725,28.2298,-5378.924018550147,0.0,0.0,0.43565274423736516,25.20611796400027,-0.010110759433364938,0.0,0.050553797166824684,0.0,0.0,0.0,wltp_class3b,RuleBasedEMS
1726,27.9583,-5264.287570746423,0.0,0.0,0.43561945873699714,25.206226798985547,-0.009895277388621096,0.0,0.04947638694310548,0.0,0.0,0.0,wltp_class3b,RuleBasedEMS
1727,27.6869,-4972.485258010201,0.0,0.0,0.4355880195301304,25.206327074972673,-0.009346776800771053,0.0,0.04673388400385527,0.0,0.0,0.0,wltp_class3b,RuleBasedEMS
1728,27.411,-4486.895273090353,0.0,0.0,0.4355596516577137,25.206417459099086,-0.008434013671222469,0.0,0.04217006835611234,0.0,0.0,0.0,wltp_class3b,RuleBasedEMS
1729,27.1268,-3843.768036920046,0.0,0.0,0.43553535085506206,25.206497338498455,-0.007225127888947455,0.0,0.036125639444737276,0.0,0.0,0.0,wltp_class3b,RuleBasedEMS
1730,26.8306,-3049.694028020509,0.0,0.0,0.43551607108034945,25.206566659777625,-0.005732507571467122,0.0,0.02866253785733561,0.0,0.0,0.0,wltp_class3b,RuleBasedEMS
1731,26.5197,-2150.191919494189,0.0,0.0,0.4355024784173039,25.20662619266106,-0.004041714134387573,0.0,0.020208570671937865,0.0,0.0,0.0,wltp_class3b,RuleBasedEMS
1732,26.1922,-1182.350917767279,0.0,0.0,0.43549500439109556,25.20667730871685,-0.002222464131141502,0.0,0.01111232065570751,0.0,0.0,0.0,wltp_class3b,RuleBasedEMS
1733,25.8473,-195.34463057056027,0.0,0.0,0.4354937696105629,25.206721769264743,-0.0003671891552078201,0.0,0.0018359457760391002,0.0,0.0,0.0,wltp_class3b,RuleBasedEMS
1734,25.4852,552.1209975716274,0.0,0.0,0.4354972594206956,25.206761122694893,0.029880954440004315,0.0,0.005189107120034092,0.022084839902865097,0.0,0.0,wltp_class3b,RuleBasedEMS
1735,25.1074,1187.8897022064364,0.0,0.0,0.43550476738930416,25.20679626913235,0.06428894794347315,0.0,0.011164376900436432,0.047515588088257454,0.0,0.0,wltp_class3b,RuleBasedEMS
1736,24.7161,1746.3772067077125,0.0,0.0,0.4355158046910927,25.206827862692048,0.09451445965324898,0.0,0.01641331961191459,0.0698550882683085,0.0,0.0,wltp_class3b,RuleBasedEMS
1737,24.3145,2200.4811986455625,0.0,0.0,0.4355297112896476,25.20685622532166,0.11909070426955456,0.0,0.02068121427298461,0.0880192479458225,0.0,0.0,wltp_class3b,RuleBasedEMS
1738,23.9065,2533.3506250876003,0.0,0.0,0.4355457207602732,25.206881358857473,0.13710569773970332,0.0,0.02380968632601128,0.10133402500350401,0.0,0.0,wltp_class3b,RuleBasedEMS
1739,23.4963,2740.5287418390853,0.0,0.0,0.43556303863715595,25.206903042685546,0.14831823972750177,0.0,0.02575684907743501,0.10962114967356341,0.0,0.0,wltp_class3b,RuleBasedEMS
1740,23.0883,2821.1886476097443,0.0,0.0,0.43558086535608015,25.20692092919412,0.1526835780864281,0.0,0.02651493089858782,0.11284754590438976,0.0,0.0,wltp_class3b,RuleBasedEMS
1741,22.6867,2785.4497243016776,0.0,0.0,0.4355984654173934,25.206934686355858,0.1507493768084472,0.0,0.026179038762233812,0.1114179889720671,0.0,0.0,wltp_class3b,RuleBasedEMS
1742,22.2954,2645.7698779396096,0.0,0.0,0.4356151821430057,25.20694408049078,0.1431898615143557,0.0,0.02486625825131212,0.10583079511758438,0.0,0.0,wltp_class3b,RuleBasedEMS
1743,21.9175,2426.4826817362095,0.0,0.0,0.43563051268427466,25.20694907704174,0.13132197250479125,0.0,0.02280528836218242,0.09705930726944838,0.0,0.0,wltp_class3b,RuleBasedEMS
1744,21.5555,2145.660498014689,0.0,0.0,0.43564406842939174,25.206949809695256,0.11612379146398294,0.0,0.020165982124198206,0.08582641992058757,0.0,0.0,wltp_class3b,RuleBasedEMS
1745,21.2105,1839.499414730691,0.0,0.0,0.435655689473544,25.20694662551651,0.09955426155813166,0.0,0.017288528333935065,0.07357997658922763,0.0,0.0,wltp_class3b,RuleBasedEMS
1746,20.883,1523.245743805291,0.0,0.0,0.43566531223229754,25.20693994030899,0.08243851777376304,0.0,0.014316219396666269,0.060929829752211645,0.0,0.0,wltp_class3b,RuleBasedEMS
1747,20.5721,1229.9520694141324,0.0,0.0,0.43567308190887716,25.206930242837245,0.06656537590708966,0.0,0.011559699900508763,0.049198082776565295,0.0,0.0,wltp_class3b,RuleBasedEMS
1748,20.276,979.6186483832116,0.0,0.0,0.43567927001654394,25.2069179936557,0.053017255872649306,0.0,0.009206942184052741,0.03918474593532847,0.0,0.0,wltp_class3b,RuleBasedEMS
1749,19.9917,798.2293656010633,0.0,0.0,0.4356843121625978,25.206903603011455,0.043200413335311674,0.0,0.007502155691739316,0.03192917462404253,0.0,0.0,wltp_class3b,RuleBasedEMS
1750,19.7159,690.614578907928,0.0,0.0,0.4356886744178496,25.206887386673344,0.037376268714129815,0.0,0.006490738523570752,0.02762458315631712,0.0,0.0,wltp_class3b,RuleBasedEMS
1751,19.4444,674.6788660258635,0.0,0.0,0.4356929358994991,25.206869611261393,0.03651382314025688,0.0,0.006340966785957363,0.02698715464103454,0.0,0.0,wltp_class3b,RuleBasedEMS
1752,19.1167,1968.5049227612844,0.0,0.0,0.435705369262711,25.20685366586974,0.10653607845139643,0.0,0.018500986116177485,0.07874019691045138,0.0,0.0,wltp_class3b,RuleBasedEMS
1753,18.7846,2126.6306677683965,0.0,0.0,0.4357188009693137,25.20683679351923,0.11509389132779638,0.0,0.01998713033616914,0.08506522671073587,0.0,0.0,wltp_class3b,RuleBasedEMS
1754,18.4441,2360.243969810679,0.0,0.0,0.4357337077277134,25.206819466614753,0.1277371134939644,0.0,0.022182744077168037,0.09440975879242716,0.0,0.0,wltp_class3b,RuleBasedEMS
1755,18.0917,2654.5471818101137,0.0,0.0,0.4357504727454861,25.206802167940545,0.143664891839618,0.0,0.02494875170874167,0.10618188727240455,0.0,0.0,wltp_class3b,RuleBasedEMS
1756,17.7245,2992.8159174293014,0.0,0.0,0.43576937357190243,25.206785376135436,0.16197209754628653,0.0,0.02812796914877163,0.11971263669717205,0.0,0.0,wltp_class3b,RuleBasedEMS
1757,17.3407,3348.8659679367615,0.0,0.0,0.4357905223691092,25.206769480807292,0.18124163336247226,0.0,0.03147430420993197,0.13395463871747046,0.0,0.0,wltp_class3b,RuleBasedEMS
1758,16.9395,3699.7913191739726,0.0,0.0,0.4358138866343328,25.206754744282065,0.20023381891288916,0.0,0.03477247480426666,0.14799165276695891,0.0,0.0,wltp_class3b,RuleBasedEMS
1759,16.5212,4022.401755086192,0.0,0.0,0.4358392874240736,25.206741242218047,0.21769359273015346,0.0,0.037804527773366466,0.16089607020344768,0.0,0.0,wltp_class3b,RuleBasedEMS
1760,16.087,4299.257586244499,0.0,0.0,0.4358664356868951,25.20672885926528,0.23267711357735263,0.0,0.04040655626169642,0.17197030344977995,0.0,0.0,wltp_class3b,RuleBasedEMS
1761,15.6395,4506.306946155334,0.0,0.0,0.43589489052722113,25.20671720593906,0.24388268720621126,0.0,0.04235250889243735,0.18025227784621337,0.0,0.0,wltp_class3b,RuleBasedEMS
1762,15.1816,4641.597789129718,0.0,0.0,0.4359241987710079,25.206705799243903,0.2512046683169602,0.0,0.04362403937151991,0.18566391156518872,0.0,0.0,wltp_class3b,RuleBasedEMS
1763,14.7174,4689.697156984788,0.0,0.0,0.4359538098481763,25.206693967026435,0.2538078205712519,0.0,0.044076101099481096,0.18758788627939152,0.0,0.0,wltp_class3b,RuleBasedEMS
1764,14.2509,4659.005980206507,0.0,0.0,0.43598322628905434,25.206681091459554,0.25214680485358226,0.0,0.04378765018991078,0.18636023920826028,0.0,0.0,wltp_class3b,RuleBasedEMS
1765,13.7866,4548.9606973062955,0.0,0.0,0.4360119471156494,25.206666564459713,0.24619112104669713,0.0,0.042753390012277216,0.18195842789225183,0.0,0.0,wltp_class3b,RuleBasedEMS
1766,13.3288,4370.677817138095,0.0,0.0,0.4360395415810282,25.206649919322274,0.2365423979530827,0.0,0.04107779903325277,0.17482711268552378,0.0,0.0,wltp_class3b,RuleBasedEMS
1767,12.8812,4140.504196648252,0.0,0.0,0.43606568217754516,25.20663088422201,0.22408533238702344,0.0,0.038914513126393345,0.1656201678659301,0.0,0.0,wltp_class3b,RuleBasedEMS
1768,12.4471,3870.5061085037883,0.0,0.0,0.43609011759642463,25.2066093390183,0.20947295465421256,0.0,0.03637693710999801,0.15482024434015154,0.0,0.0,wltp_class3b,RuleBasedEMS
1769,12.0287,3580.8585220138943,0.0,0.0,0.4361127239070574,25.206585355725768,0.19379714016132338,0.0,0.033654685357273444,0.14323434088055578,0.0,0.0,wltp_class3b,RuleBasedEMS
1770,11.6275,3283.989669427945,0.0,0.0,0.43613345563712635,25.206559108905743,0.17773050857550637,0.0,0.030864564562292716,0.13135958677711781,0.0,0.0,wltp_class3b,RuleBasedEMS
1771,11.2438,2996.870554133422,0.0,0.0,0.43615237444245175,25.20653087431239,0.16219153570415315,0.0,0.028166076636592312,0.11987482216533688,0.0,0.0,wltp_class3b,RuleBasedEMS
1772,10.8766,2735.27165127893,0.0,0.0,0.43616964151988113,25.206500985970916,0.1480337244053063,0.0,0.025707440331568892,0.10941086605115721,0.0,0.0,wltp_class3b,RuleBasedEMS
1773,10.5241,2506.8497121180026,0.0,0.0,0.43618546638242367,25.20646976895428,0.13567146035958932,0.0,0.023560617595094008,0.1002739884847201,0.0,0.0,wltp_class3b,RuleBasedEMS
1774,10.1836,2319.168240343506,0.0,0.0,0.43620010626982053,25.206437531909422,0.12551408266159816,0.0,0.021796693988190848,0.09276672961374025,0.0,0.0,wltp_class3b,RuleBasedEMS
1775,9.8516,2177.4191374637753,0.0,0.0,0.4362138511775456,25.206404555626722,0.11784257858243799,0.0,0.02046446557766706,0.08709676549855101,0.0,0.0,wltp_class3b,RuleBasedEMS
1776,9.5238,2085.687532087794,0.0,0.0,0.43622701687112225,25.206371095070416,0.11287803651103713,0.0,0.01960232642939656,0.08342750128351176,0.0,0.0,wltp_class3b,RuleBasedEMS
1777,9.1961,2036.6924424016124,0.0,0.0,0.43623987314038515,25.206337346656326,0.1102264075218557,0.0,0.01914184626317305,0.0814676976960645,0.0,0.0,wltp_class3b,RuleBasedEMS
1778,8.864,2029.2523034748392,0.0,0.0,0.43625268230467273,25.206303487233903,0.10982374496550294,0.0,0.019071920145440218,0.08117009213899357,0.0,0.0,wltp_class3b,RuleBasedEMS
1779,8.5235,2052.7798756103307,0.0,0.0,0.4362656398438265,25.20626964801346,0.11109706424543729,0.0,0.019293043943706116,0.08211119502441323,0.0,0.0,wltp_class3b,RuleBasedEMS
1780,8.171,2097.9893303292297,0.0,0.0,0.43627888261671904,25.206235925575378,0.11354381353165259,0.0,0.019717944833921332,0.08391957321316919,0.0,0.0,wltp_class3b,RuleBasedEMS
1781,7.8039,2150.6497854234944,0.0,0.0,0.4362924576508288,25.206202362574025,0.11639381319908505,0.0,0.020212873923153143,0.08602599141693978,0.0,0.0,wltp_class3b,RuleBasedEMS
1782,7.4201,2201.9564450803878,0.0,0.0,0.43630635639605786,25.206168966356966,0.11917054505029046,0.0,0.020695079371056278,0.08807825780321552,0.0,0.0,wltp_class3b,RuleBasedEMS
1783,7.0189,2236.8364461948368,0.0,0.0,0.43632047516374806,25.206135679136537,0.12105826120083032,0.0,0.0210228989304026,0.08947345784779347,0.0,0.0,wltp_class3b,RuleBasedEMS
1784,6.6005,2246.5177121789925,0.0,0.0,0.43633465490091644,25.206102402133396,0.12158221422755178,0.0,0.021113888272358952,0.0898607084871597,0.0,0.0,wltp_class3b,RuleBasedEMS
1785,6.1664,2221.6173240818766,0.0,0.0,0.436348677337165,25.206068995245683,0.12023459773489735,0.0,0.02087986206843869,0.08886469296327507,0.0,0.0,wltp_class3b,RuleBasedEMS
1786,5.7188,2159.660358173735,0.0,0.0,0.43636230858858305,25.20603531284089,0.11688146810627476,0.0,0.020297559757271946,0.08638641432694939,0.0,0.0,wltp_class3b,RuleBasedEMS
1787,5.261,2058.0341626922204,0.0,0.0,0.4363752982884428,25.206001211663896,0.11138142784254587,0.0,0.019342426341092296,0.08232136650768881,0.0,0.0,wltp_class3b,RuleBasedEMS
1788,4.7967,1920.7762311974982,0.0,0.0,0.43638742156026733,25.205966585532668,0.1039529873094706,0.0,0.01805240818794641,0.07683104924789992,0.0,0.0,wltp_class3b,RuleBasedEMS
1789,4.3303,1751.9741244177492,0.0,0.0,0.4363984793315965,25.20593136891354,0.09481736652299969,0.0,0.016465922221971328,0.07007896497670997,0.0,0.0,wltp_class3b,RuleBasedEMS
1790,3.866,1561.239450109137,0.0,0.0,0.43640833319715194,25.20589555415148,0.08449474858560577,0.0,0.014673303102529482,0.06244957800436548,0.0,0.0,wltp_class3b,RuleBasedEMS
1791,3.4082,1356.3388552643314,0.0,0.0,0.43641689377127707,25.205859176440928,0.07340546676836585,0.0,0.012747545632183567,0.054253554210573256,0.0,0.0,wltp_class3b,RuleBasedEMS
1792,2.9606,1147.9491720596077,0.0,0.0,0.4364241390534711,25.20582230981407,0.06212735443973726,0.0,0.010788995978003832,0.04591796688238431,0.0,0.0,wltp_class3b,RuleBasedEMS
1793,2.5264,944.2147249339231,0.0,0.0,0.43643009844267855,25.205785046214018,0.051101184887777276,0.0,0.00887419854261206,0.037768588997356925,0.0,0.0,wltp_class3b,RuleBasedEMS
1794,2.1081,752.0627455024428,0.0,0.0,0.43643484505487823,25.205747481410715,0.040701861970876566,0.0,0.007068258886301154,0.030082509820097712,0.0,0.0,wltp_class3b,RuleBasedEMS
1795,1.7069,577.3466699264021,0.0,0.0,0.43643848894577564,25.20570970443228,0.0312461754145131,0.0,0.005426190506827087,0.023093866797056085,0.0,0.0,wltp_class3b,RuleBasedEMS
1796,1.3231,422.3936443920698,0.0,0.0,0.4364411548552225,25.205671788523645,0.022860071070181343,0.0,0.003969865078872837,0.016895745775682793,0.0,0.0,wltp_class3b,RuleBasedEMS
1797,1.1905,45.289071735257004,0.0,0.0,0.43644144069391183,25.205633712771732,0.002451058183085563,0.0,0.00042564917044414475,0.0018115628694102802,0.0,0.0,wltp_class3b,RuleBasedEMS
1798,0.7937,265.31662821937834,0.0,0.0,0.43644311522116636,25.205595708655714,0.014359015713707407,0.0,0.0024935773328888943,0.010612665128775133,0.0,0.0,wltp_class3b,RuleBasedEMS
1799,0.3968,132.76514269268017,0.0,0.0,0.43644395315868534,25.205557661748788,0.0071852894518940735,0.0,0.0012477926944800767,0.0053106057077072066,0.0,0.0,wltp_class3b,RuleBasedEMS
