step,speed_mps,applied_power_w,power_deficit_w,friction_braking_w,soc,temperature_c,reward,rc_tracking_error,rc_energy_cost,rc_regen_recovery,rc_thermal_stress,rc_safety_penalty,cycle_id,controller
1,0.0,0.0,0.0,0.0,0.5,25.0,0.0,0.0,0.0,0.0,0.0,0.0,epa_udds,PPO_seed21
2,0.0,0.0,0.0,0.0,0.5,25.0,0.0,0.0,0.0,0.0,0.0,0.0,epa_udds,PPO_seed21
3,0.0,0.0,0.0,0.0,0.5,25.0,0.0,0.0,0.0,0.0,0.0,0.0,epa_udds,PPO_seed21
4,0.0,0.0,0.0,0.0,0.5,25.0,0.0,0.0,0.0,0.0,0.0,0.0,epa_udds,PPO_seed21
5,0.0,0.0,0.0,0.0,0.5,25.0,0.0,0.0,0.0,0.0,0.0,0.0,epa_udds,PPO_seed21
6,0.0,0.0,0.0,0.0,0.5,25.0,0.0,0.0,0.0,0.0,0.0,0.0,epa_udds,PPO_seed21
7,0.0,0.0,0.0,0.0,0.5,25.0,0.0,0.0,0.0,0.0,0.0,0.0,epa_udds,PPO_seed21
8,0.0,0.0,0.0,0.0,0.5,25.0,0.0,0.0,0.0,0.0,0.0,0.0,epa_udds,PPO_seed21
9,0.0,0.0,0.0,0.0,0.5,25.0,0.0,0.0,0.0,0.0,0.0,0.0,epa_udds,PPO_seed21
10,0.0,0.0,0.0,0.0,0.5,25.0,0.0,0.0,0.0,0.0,0.0,0.0,epa_udds,PPO_seed21
11,0.0,0.0,0.0,0.0,0.5,25.0,0.0,0.0,0.0,0.0,0.0,0.0,epa_udds,PPO_seed21
12,0.0,0.0,0.0,0.0,0.5,25.0,0.0,0.0,0.0,0.0,0.0,0.0,epa_udds,PPO_seed21
13,0.0,0.0,0.0,0.0,0.5,25.0,0.0,0.0,0.0,0.0,0.0,0.0,epa_udds,PPO_seed21
14,0.0,0.0,0.0,0.0,0.5,25.0,0.0,0.0,0.0,0.0,0.0,0.0,epa_udds,PPO_seed21
15,0.0,0.0,0.0,0.0,0.5,25.0,0.0,0.0,0.0,0.0,0.0,0.0,epa_udds,PPO_seed21
16,0.0,0.0,0.0,0.0,0.5,25.0,0.0,0.0,0.0,0.0,0.0,0.0,epa_udds,PPO_seed21
17,0.0,0.0,0.0,0.0,0.5,25.0,0.0,0.0,0.0,0.0,0.0,0.0,epa_udds,PPO_seed21
18,0.0,0.0,0.0,0.0,0.5,25.0,0.0,0.0,0.0,0.0,0.0,0.0,epa_udds,PPO_seed21
19,0.0,0.0,0.0,0.0,0.5,25.0,0.0,0.0,0.0,0.0,0.0,0.0,epa_udds,PPO_seed21
20,0.0,0.0,0.0,0.0,0.5,25.0,0.0,0.0,0.0,0.0,0.0,0.0,epa_udds,PPO_seed21
21,0.0,0.0,0.0,0.0,0.5,25.0,0.0,0.0,0.0,0.0,0.0,0.0,epa_udds,PPO_seed21
22,0.3353,-226.07389744843724,0.0,0.0,0.4999985780979317,25.000000048309246,-0.0004249509350534535,0.0,0.0021247546752672674,0.0,0.0,0.0,epa_udds,PPO_seed21
23,0.6706,-452.28032625416466,0.0,0.0,0.49999573345800014,25.000000241670623,-0.0008501509891995578,0.0,0.004250754945997789,0.0,0.0,0.0,epa_udds,PPO_seed21
24,1.0058,-678.5277643686871,0.0,0.0,0.49999146581679005,25.000000676977383,-0.0012754281285125698,0.0,0.006377140642562849,0.0,0.0,0.0,epa_udds,PPO_seed21
25,1.3411,-905.5531694028277,0.0,0.0,0.49998577027261154,25.000001452638365,-0.0017021676116594508,0.0,0.008510838058297254,0.0,0.0,0.0,epa_udds,PPO_seed21
26,1.6764,-1132.9522025621486,0.0,0.0,0.4999786444638391,25.00000266749328,-0.0021296094033123095,0.0,0.010648047016561546,0.0,0.0,0.0,epa_udds,PPO_seed21
27,2.0117,-1361.013852981718,0.0,0.0,0.49997008420827793,25.000004421985608,-0.002558296716131049,0.0,0.012791483580655244,0.0,0.0,0.0,epa_udds,PPO_seed21
28,2.7894,-3812.872009899653,0.0,0.0,0.49994610259931166,25.000018170912927,-0.007167052650187318,0.0,0.03583526325093659,0.0,0.0,0.0,epa_udds,PPO_seed21
29,3.1247,-2124.4801819076883,0.0,0.0,0.49993274020385936,25.000022459662794,-0.003993383800578362,0.0,0.019966919002891808,0.0,0.0,0.0,epa_udds,PPO_seed21
30,3.4242,-2141.3554372566655,0.0,0.0,0.4999192715798026,25.000026828725375,-0.0040251042053696725,0.0,0.02012552102684836,0.0,0.0,0.0,epa_udds,PPO_seed21
31,3.6907,-2122.658311047381,0.0,0.0,0.49990592047095705,25.00003113691406,-0.00398995923129207,0.0,0.01994979615646035,0.0,0.0,0.0,epa_udds,PPO_seed21
32,3.9298,-2096.8724302685746,0.0,0.0,0.4998927314693416,25.00003535844169,-0.003941489530580027,0.0,0.019707447652900136,0.0,0.0,0.0,epa_udds,PPO_seed21
33,4.1493,-2091.7978440989486,0.0,0.0,0.49987957430887203,25.000039577406508,-0.0039319508347724595,0.0,0.019659754173862298,0.0,0.0,0.0,epa_udds,PPO_seed21
34,4.3586,-2132.7042083472033,0.0,0.0,0.4998661597760342,25.000043978573576,-0.0040088424968932395,0.0,0.0200442124844662,0.0,0.0,0.0,epa_udds,PPO_seed21
35,4.568,-2240.879475773714,0.0,0.0,0.4998520647499987,25.00004884757275,-0.0042121794657400645,0.0,0.021060897328700322,0.0,0.0,0.0,epa_udds,PPO_seed21
36,4.7875,-2429.5351310395786,0.0,0.0,0.4998367829991323,25.00005457278903,-0.004566795359096952,0.0,0.02283397679548476,0.0,0.0,0.0,epa_udds,PPO_seed21
37,5.0266,-2711.0392619135573,0.0,0.0,0.4998197304818524,25.000061693454956,-0.005095938462243529,0.0,0.025479692311217644,0.0,0.0,0.0,epa_udds,PPO_seed21
38,5.2931,-3088.9065201897806,0.0,0.0,0.4998003010294584,25.000070919670364,-0.005806215263514626,0.0,0.029031076317573127,0.0,0.0,0.0,epa_udds,PPO_seed21
39,5.5926,-3561.4572179881384,0.0,0.0,0.49977789901306097,25.000083159490984,-0.006694468454864922,0.0,0.03347234227432461,0.0,0.0,0.0,epa_udds,PPO_seed21
40,5.9278,-4117.521620780175,0.0,0.0,0.49975199903119344,25.000099491125763,-0.0077397022946995775,0.0,0.038698511473497885,0.0,0.0,0.0,epa_udds,PPO_seed21
41,6.299,-4744.857342168054,0.0,0.0,0.49972215265279196,25.000121150341617,-0.00891890477851138,0.0,0.0445945238925569,0.0,0.0,0.0,epa_udds,PPO_seed21
42,6.5168,-3364.525294672221,0.0,0.0,0.49970098864115364,25.0001323189773,-0.006324295666677107,0.0,0.031621478333385536,0.0,0.0,0.0,epa_udds,PPO_seed21
43,6.7619,-3791.117457751502,0.0,0.0,0.4996771410290928,25.000146433486453,-0.007126160634871244,0.0,0.03563080317435622,0.0,0.0,0.0,epa_udds,PPO_seed21
44,7.0267,-4169.942543994067,0.0,0.0,0.49965091021689007,25.000163473397684,-0.007838237864650502,0.0,0.03919118932325251,0.0,0.0,0.0,epa_udds,PPO_seed21
45,7.3017,-4465.85146121698,0.0,0.0,0.4996228177157738,25.000183017692525,-0.008394457633866505,0.0,0.041972288169332524,0.0,0.0,0.0,epa_udds,PPO_seed21
46,7.5766,-4650.964726309857,0.0,0.0,0.49959356043477593,25.0002042588924,-0.008742414899078678,0.0,0.04371207449539339,0.0,0.0,0.0,epa_udds,PPO_seed21
47,7.8414,-4709.07636144006,0.0,0.0,0.4995639372616718,25.00022612561936,-0.008851647295939962,0.0,0.044258236479699814,0.0,0.0,0.0,epa_udds,PPO_seed21
48,8.0865,-4626.960664789205,0.0,0.0,0.49953483032345314,25.000247384194072,-0.008697294482686475,0.0,0.04348647241343238,0.0,0.0,0.0,epa_udds,PPO_seed21
49,8.3043,-4416.297377401688,0.0,0.0,0.49950704831515946,25.00026695756898,-0.00830131085977761,0.0,0.04150655429888805,0.0,0.0,0.0,epa_udds,PPO_seed21
50,8.4892,-4095.6162225741837,0.0,0.0,0.4994812833983888,25.000284058964,-0.007698526734161999,0.0,0.038492633670809996,0.0,0.0,0.0,epa_udds,PPO_seed21
51,8.6382,-3698.0230017357394,0.0,0.0,0.49945801949105245,25.00029832592368,-0.006951171055894247,0.0,0.03475585527947123,0.0,0.0,0.0,epa_udds,PPO_seed21
52,8.7514,-3269.222699936502,0.0,0.0,0.49943745298958914,25.00030984511899,-0.006145155451008463,0.0,0.030725777255042313,0.0,0.0,0.0,epa_udds,PPO_seed21
53,8.8316,-2853.1246902356,0.0,0.0,0.49941950404953755,25.000319011668672,-0.005363016335029324,0.0,0.026815081675146617,0.0,0.0,0.0,epa_udds,PPO_seed21
54,8.8845,-2497.798310354601,0.0,0.0,0.4994037904066246,25.00032641561745,-0.004695109605929702,0.0,0.023475548029648508,0.0,0.0,0.0,epa_udds,PPO_seed21
55,8.9177,-2236.9426178465133,0.0,0.0,0.49938971777748176,25.000332668861414,-0.004204779356854349,0.0,0.02102389678427174,0.0,0.0,0.0,epa_udds,PPO_seed21
56,8.9408,-2104.428414366497,0.0,0.0,0.49937647878204533,25.000338382073217,-0.003955692508207701,0.0,0.019778462541038502,0.0,0.0,0.0,epa_udds,PPO_seed21
57,8.9639,-2112.0379597347664,0.0,0.0,0.4993631919065175,25.000344122989638,-0.003969996164914975,0.0,0.019849980824574873,0.0,0.0,0.0,epa_udds,PPO_seed21
58,8.9971,-2264.358524312865,0.0,0.0,0.4993489467697586,25.00035049208367,-0.004256313015625686,0.0,0.02128156507812843,0.0,0.0,0.0,epa_udds,PPO_seed21
59,9.05,-2560.0670886267517,0.0,0.0,0.49933284130382694,25.000358215537318,-0.004812156181629233,0.0,0.024060780908146163,0.0,0.0,0.0,epa_udds,PPO_seed21
60,9.1302,-2978.2837090653843,0.0,0.0,0.49931410478220384,25.00036814891051,-0.005598277648619143,0.0,0.027991388243095716,0.0,0.0,0.0,epa_udds,PPO_seed21
61,9.2434,-3500.9694437381763,0.0,0.0,0.49929207994076596,25.000381324573368,-0.006580769631086798,0.0,0.032903848155433985,0.0,0.0,0.0,epa_udds,PPO_seed21
62,9.3924,-4095.7379341578094,0.0,0.0,0.4992663132319572,25.00039883818311,-0.007698755515334228,0.0,0.03849377757667114,0.0,0.0,0.0,epa_udds,PPO_seed21
63,9.5773,-4730.889879110793,0.0,0.0,0.4992365505005984,25.000421748413864,-0.008892650148704499,0.0,0.04446325074352249,0.0,0.0,0.0,epa_udds,PPO_seed21
64,9.7951,-5363.984600278708,0.0,0.0,0.4992028045631228,25.00045083070779,-0.01008267782007276,0.0,0.0504133891003638,0.0,0.0,0.0,epa_udds,PPO_seed21
65,10.0402,-5953.181543529833,0.0,0.0,0.49916535144534646,25.000486382328322,-0.01119019087129668,0.0,0.055950954356483396,0.0,0.0,0.0,epa_udds,PPO_seed21
66,10.305,-6458.5124092281285,0.0,0.0,0.49912471862426394,25.000528064110295,-0.012140060919601747,0.0,0.06070030459800873,0.0,0.0,0.0,epa_udds,PPO_seed21
67,10.5799,-6832.616314390632,0.0,0.0,0.4990817315642472,25.000574679877673,-0.012843263748854573,0.0,0.06421631874427286,0.0,0.0,0.0,epa_udds,PPO_seed21
68,10.8549,-7049.395417934584,0.0,0.0,0.4990373799732249,25.000624400273676,-0.01325074326679433,0.0,0.06625371633397165,0.0,0.0,0.0,epa_udds,PPO_seed21
69,11.1197,-7082.84333989062,0.0,0.0,0.4989928172491862,25.000674844295528,-0.013313615300546278,0.0,0.06656807650273139,0.0,0.0,0.0,epa_udds,PPO_seed21
70,11.3648,-6927.394189948056,0.0,0.0,0.49894923189107365,25.00072351060907,-0.0130214176502783,0.0,0.0651070882513915,0.0,0.0,0.0,epa_udds,PPO_seed21
71,11.5826,-6602.200039180926,0.0,0.0,0.4989076919764303,25.000768288576477,-0.012410150449588209,0.0,0.062050752247941036,0.0,0.0,0.0,epa_udds,PPO_seed21
72,11.246,2403.973189987638,0.0,0.0,0.4989228175579852,25.000777550912193,0.1301037520415866,0.0,0.02259373298860562,0.09615892759950552,0.0,0.0,epa_udds,PPO_seed21
73,10.8734,2800.548512893884,0.0,0.0,0.49894043802277516,25.000788326395735,0.1515665277880464,0.0,0.026320944670055302,0.11202194051575536,0.0,0.0,epa_udds,PPO_seed21
74,10.465,3153.441471270662,0.0,0.0,0.49896027842607443,25.00080066133539,0.17066520082861822,0.0,0.029637607812694193,0.12613765885082648,0.0,0.0,epa_udds,PPO_seed21
75,10.0237,3428.0531481419553,0.0,0.0,0.49898184615752883,25.00081429512035,0.1855272673708706,0.0,0.032218544625394314,0.1371221259256782,0.0,0.0,epa_udds,PPO_seed21
76,9.555,3597.9761094039272,0.0,0.0,0.49900448250018103,25.000828671991247,0.19472354913901854,0.0,0.03381556493800684,0.1439190443761571,0.0,0.0,epa_udds,PPO_seed21
77,9.0667,3647.9188528594877,0.0,0.0,0.4990274325821455,25.00084303655319,0.19742646543520748,0.0,0.034284951624619246,0.14591675411437952,0.0,0.0,epa_udds,PPO_seed21
78,8.5683,3576.088162227267,0.0,0.0,0.49904993030595557,25.000856592935108,0.19353896685497643,0.0,0.033609851148752506,0.14304352648909066,0.0,0.0,epa_udds,PPO_seed21
79,8.0698,3397.1745147456113,0.0,0.0,0.4990713020465386,25.000868692480022,0.18385610644465344,0.0,0.031928331905503864,0.13588698058982446,0.0,0.0,epa_udds,PPO_seed21
80,7.5815,3129.447026232218,0.0,0.0,0.4990909891509013,25.000878903684168,0.16936661424676322,0.0,0.029412096111205054,0.12517788104928873,0.0,0.0,epa_udds,PPO_seed21
81,7.1128,2800.5069055807267,0.0,0.0,0.49910860662885204,25.000887073810006,0.15156427598774486,0.0,0.02632055362387901,0.11202027622322906,0.0,0.0,epa_udds,PPO_seed21
82,6.6715,2439.141329724869,0.0,0.0,0.4991239505946788,25.000893292886694,0.13200706234104967,0.0,0.022924260617714937,0.09756565318899477,0.0,0.0,epa_udds,PPO_seed21
83,6.2631,2073.003207789813,0.0,0.0,0.4991369911157744,25.00089782050723,0.11219155706519604,0.0,0.019483112855167416,0.08292012831159253,0.0,0.0,epa_udds,PPO_seed21
84,5.8906,1724.1124559596453,0.0,0.0,0.4991478367662824,25.00090099246368,0.09330948464659794,0.0,0.016204064435710954,0.06896449823838581,0.0,0.0,epa_udds,PPO_seed21
85,5.5539,1411.9039229883783,0.0,0.0,0.4991567183596652,25.00090315702276,0.07641266494488982,0.0,0.01326977371229679,0.056476156919535135,0.0,0.0,epa_udds,PPO_seed21
86,5.2501,1148.4867484243637,0.0,0.0,0.4991639428640721,25.000904619109967,0.06215644823427497,0.0,0.010794048387447026,0.04593946993697455,0.0,0.0,epa_udds,PPO_seed21
87,4.9738,940.7793266050029,0.0,0.0,0.49916986075123354,25.000905619089423,0.05091526009701361,0.0,0.008841910964332733,0.037631173064200114,0.0,0.0,epa_udds,PPO_seed21
88,4.717,794.1395442425942,0.0,0.0,0.4991748561825577,25.000906336447716,0.042979070973369865,0.0,0.007463717521077013,0.03176558176970377,0.0,0.0,epa_udds,PPO_seed21
89,4.4704,705.8258651070141,0.0,0.0,0.4991792960632846,25.00090689352089,0.03819950809804727,0.0,0.006633701739727577,0.028233034604280564,0.0,0.0,epa_udds,PPO_seed21
90,4.2238,670.7110441352636,0.0,0.0,0.4991835150384224,25.000907374821466,0.03629908342620772,0.0,0.006303675226835184,0.026828441765410542,0.0,0.0,epa_udds,PPO_seed21
91,3.967,678.7722636629396,0.0,0.0,0.49918778470040037,25.00090783974815,0.036735359051472474,0.0,0.0063794385682607105,0.027150890546517585,0.0,0.0,epa_udds,PPO_seed21
92,3.6907,715.3954112458864,0.0,0.0,0.49919228471071214,25.00090832863881,0.038717414813142025,0.0,0.00672364108313803,0.028615816449835456,0.0,0.0,epa_udds,PPO_seed21
93,3.3869,763.8965355050304,0.0,0.0,0.49919708978228855,25.000908862801616,0.04134231024485119,0.0,0.007179478717152542,0.030555861420201218,0.0,0.0,epa_udds,PPO_seed21
94,3.0502,803.1385647052998,0.0,0.0,0.49920214167076177,25.000909434077194,0.04346610066728382,0.0,0.007548294781064848,0.03212554258821199,0.0,0.0,epa_udds,PPO_seed21
95,2.2352,1789.9932827383768,0.0,0.0,0.4992134010029904,25.000912405299257,0.09687497480564539,0.0,0.01682324513851858,0.07159973130953508,0.0,0.0,epa_udds,PPO_seed21
96,1.8627,569.7332245099134,0.0,0.0,0.49921698468373743,25.000912625103442,0.030834133458814708,0.0,0.005354635568702194,0.022789328980396536,0.0,0.0,epa_udds,PPO_seed21
97,1.4901,456.7204723861345,0.0,0.0,0.49921985749257064,25.000912723760756,0.024717849325078166,0.0,0.004292485642726828,0.01826881889544538,0.0,0.0,epa_udds,PPO_seed21
98,1.1176,342.8808499422972,0.0,0.0,0.4992220142344824,25.000912727200472,0.018556814720937256,0.0,0.0032225643791569283,0.013715233997691888,0.0,0.0,epa_udds,PPO_seed21
99,0.7451,228.81557371726987,0.0,0.0,0.4992234534950943,25.000912661791027,0.012383567666292545,0.0,0.002150522309372837,0.009152622948690795,0.0,0.0,epa_udds,PPO_seed21
100,0.3725,114.49959389681858,0.0,0.0,0.49922417370140953,25.00091255374166,0.00619675245766391,0.0,0.0010761240027896484,0.004579983755872743,0.0,0.0,epa_udds,PPO_seed21
101,0.0,0.0,0.0,0.0,0.49922417370140953,25.000912429180943,0.0,0.0,0.0,0.0,0.0,0.0,epa_udds,PPO_seed21
102,0.0,0.0,0.0,0.0,0.49922417370140953,25.00091230173061,0.0,0.0,0.0,0.0,0.0,0.0,epa_udds,PPO_seed21
103,0.0,0.0,0.0,0.0,0.49922417370140953,25.000912171582147,0.0,0.0,0.0,0.0,0.0,0.0,epa_udds,PPO_seed21
104,0.0,0.0,0.0,0.0,0.49922417370140953,25.00091203891447,0.0,0.0,0.0,0.0,0.0,0.0,epa_udds,PPO_seed21
105,0.0,0.0,0.0,0.0,0.49922417370140953,25.000911903894778,0.0,0.0,0.0,0.0,0.0,0.0,epa_udds,PPO_seed21
106,0.0,0.0,0.0,0.0,0.49922417370140953,25.0009117666793,0.0,0.0,0.0,0.0,0.0,0.0,epa_udds,PPO_seed21
107,0.0,0.0,0.0,0.0,0.49922417370140953,25.000911627414034,0.0,0.0,0.0,0.0,0.0,0.0,epa_udds,PPO_seed21
108,0.0,0.0,0.0,0.0,0.49922417370140953,25.000911486235395,0.0,0.0,0.0,0.0,0.0,0.0,epa_udds,PPO_seed21
109,0.0,0.0,0.0,0.0,0.49922417370140953,25.000911343270865,0.0,0.0,0.0,0.0,0.0,0.0,epa_udds,PPO_seed21
110,0.0,0.0,0.0,0.0,0.49922417370140953,25.00091119863956,0.0,0.0,0.0,0.0,0.0,0.0,epa_udds,PPO_seed21
111,0.0,0.0,0.0,0.0,0.49922417370140953,25.000911052452793,0.0,0.0,0.0,0.0,0.0,0.0,epa_udds,PPO_seed21
112,0.0,0.0,0.0,0.0,0.49922417370140953,25.000910904814575,0.0,0.0,0.0,0.0,0.0,0.0,epa_udds,PPO_seed21
113,0.0,0.0,0.0,0.0,0.49922417370140953,25.0009107558221,0.0,0.0,0.0,0.0,0.0,0.0,epa_udds,PPO_seed21
114,0.0,0.0,0.0,0.0,0.49922417370140953,25.000910605566194,0.0,0.0,0.0,0.0,0.0,0.0,epa_udds,PPO_seed21
115,0.0,0.0,0.0,0.0,0.49922417370140953,25.00091045413172,0.0,0.0,0.0,0.0,0.0,0.0,epa_udds,PPO_seed21
116,0.0,0.0,0.0,0.0,0.49922417370140953,25.000910301597983,0.0,0.0,0.0,0.0,0.0,0.0,epa_udds,PPO_seed21
117,0.0,0.0,0.0,0.0,0.49922417370140953,25.00091014803909,0.0,0.0,0.0,0.0,0.0,0.0,epa_udds,PPO_seed21
118,0.0,0.0,0.0,0.0,0.49922417370140953,25.000909993524285,0.0,0.0,0.0,0.0,0.0,0.0,epa_udds,PPO_seed21
119,0.0,0.0,0.0,0.0,0.49922417370140953,25.000909838118275,0.0,0.0,0.0,0.0,0.0,0.0,epa_udds,PPO_seed21
120,0.0,0.0,0.0,0.0,0.49922417370140953,25.000909681881527,0.0,0.0,0.0,0.0,0.0,0.0,epa_udds,PPO_seed21
121,0.0,0.0,0.0,0.0,0.49922417370140953,25.000909524870536,0.0,0.0,0.0,0.0,0.0,0.0,epa_udds,PPO_seed21
122,0.0,0.0,0.0,0.0,0.49922417370140953,25.000909367138103,0.0,0.0,0.0,0.0,0.0,0.0,epa_udds,PPO_seed21
123,0.0,0.0,0.0,0.0,0.49922417370140953,25.00090920873356,0.0,0.0,0.0,0.0,0.0,0.0,epa_udds,PPO_seed21
124,0.0,0.0,0.0,0.0,0.49922417370140953,25.000909049703004,0.0,0.0,0.0,0.0,0.0,0.0,epa_udds,PPO_seed21
125,0.0,0.0,0.0,0.0,0.49922417370140953,25.000908890089516,0.0,0.0,0.0,0.0,0.0,0.0,epa_udds,PPO_seed21
126,0.0,0.0,0.0,0.0,0.49922417370140953,25.00090872993335,0.0,0.0,0.0,0.0,0.0,0.0,epa_udds,PPO_seed21
127,0.3576,-253.51751533958927,0.0,0.0,0.49922257910151113,25.000908630028842,-0.00047653668296915276,0.0,0.0023826834148457637,0.0,0.0,0.0,epa_udds,PPO_seed21
128,0.7153,-507.37804820209,0.0,0.0,0.4992193877428371,25.00090871310818,-0.0009537181357182142,0.0,0.004768590678591071,0.0,0.0,0.0,epa_udds,PPO_seed21
129,1.0729,-761.2667231682425,0.0,0.0,0.49921459944287555,25.000909101954495,-0.0014309524871583506,0.0,0.007154762435791753,0.0,0.0,0.0,epa_udds,PPO_seed21
130,1.4305,-1015.749028094516,0.0,0.0,0.4992082104582335,25.000909920627855,-0.0019093026843881881,0.0,0.00954651342194094,0.0,0.0,0.0,epa_udds,PPO_seed21
131,1.7882,-1271.2240793177561,0.0,0.0,0.49920021453120444,25.000911295283657,-0.002389518946086008,0.0,0.011947594730430038,0.0,0.0,0.0,epa_udds,PPO_seed21
132,2.1458,-1526.875505345942,0.0,0.0,0.49919061053521796,25.00091335155334,-0.0028700667393720715,0.0,0.014350333696860357,0.0,0.0,0.0,epa_udds,PPO_seed21
133,2.5034,-1783.7698179610359,0.0,0.0,0.4991793906317349,25.000916219412222,-0.003352950785641045,0.0,0.016764753928205225,0.0,0.0,0.0,epa_udds,PPO_seed21
134,2.987,-2718.4528269136085,0.0,0.0,0.4991622914862153,25.00092307585544,-0.005109873734800017,0.0,0.02554936867400008,0.0,0.0,0.0,epa_udds,PPO_seed21
135,3.4604,-3100.5754301940688,0.0,0.0,0.49914278861522826,25.00093205413677,-0.00582814930487607,0.0,0.029140746524380347,0.0,0.0,0.0,epa_udds,PPO_seed21
136,3.9142,-3395.523706907999,0.0,0.0,0.4991214302936216,25.00094287108484,-0.006382563358849622,0.0,0.03191281679424811,0.0,0.0,0.0,epa_udds,PPO_seed21
137,4.3406,-3589.3672254756193,0.0,0.0,0.4990988524386405,25.000955003507897,-0.0067469308749541716,0.0,0.033734654374770856,0.0,0.0,0.0,epa_udds,PPO_seed21
138,4.7341,-3682.3886062812194,0.0,0.0,0.49907568921514206,25.000967818679744,-0.0069217830945135705,0.0,0.03460891547256785,0.0,0.0,0.0,epa_udds,PPO_seed21
139,5.0917,-3686.6854874880473,0.0,0.0,0.49905249871754764,25.000980713672213,-0.006929859938887308,0.0,0.03464929969443654,0.0,0.0,0.0,epa_udds,PPO_seed21
140,5.4135,-3628.938979526856,0.0,0.0,0.49902967123004416,25.00099326398426,-0.006821313871291083,0.0,0.03410656935645542,0.0,0.0,0.0,epa_udds,PPO_seed21
141,5.7023,-3540.544370918016,0.0,0.0,0.4990073995621454,25.001005272763535,-0.006655158591951158,0.0,0.03327579295975579,0.0,0.0,0.0,epa_udds,PPO_seed21
142,5.9638,-3460.3071221527507,0.0,0.0,0.49898563242353056,25.001016809440962,-0.006504336695775848,0.0,0.03252168347887924,0.0,0.0,0.0,epa_udds,PPO_seed21
143,6.2057,-3422.161574131287,0.0,0.0,0.49896410505399436,25.001028157561805,-0.006432634537840766,0.0,0.03216317268920383,0.0,0.0,0.0,epa_udds,PPO_seed21
144,6.4374,-3458.843377673775,0.0,0.0,0.4989423467547194,25.0010398050799,-0.006501585296379277,0.0,0.03250792648189638,0.0,0.0,0.0,epa_udds,PPO_seed21
145,6.6691,-3595.2039664976965,0.0,0.0,0.49891973047693683,25.001052425599436,-0.006757902192664843,0.0,0.033789510963324214,0.0,0.0,0.0,epa_udds,PPO_seed21
146,6.911,-3848.5657823821016,0.0,0.0,0.4988955201775003,25.001066898574337,-0.007234146207485154,0.0,0.03617073103742577,0.0,0.0,0.0,epa_udds,PPO_seed21
147,7.1724,-4227.167732290934,0.0,0.0,0.49886892795369814,25.001084341560748,-0.007945804008065665,0.0,0.03972902004032832,0.0,0.0,0.0,epa_udds,PPO_seed21
148,7.4613,-4735.096809410442,0.0,0.0,0.4988391401537748,25.001106182910075,-0.008900557912425644,0.0,0.04450278956212821,0.0,0.0,0.0,epa_udds,PPO_seed21
149,7.783,-5358.725479323577,0.0,0.0,0.4988054288068383,25.001134091753897,-0.010072792254367626,0.0,0.05036396127183813,0.0,0.0,0.0,epa_udds,PPO_seed21
150,8.1407,-6088.057214058489,0.0,0.0,0.4987671287738318,25.00117003857498,-0.011443716567779115,0.0,0.057218582838895575,0.0,0.0,0.0,epa_udds,PPO_seed21
151,8.5342,-6890.410347261121,0.0,0.0,0.4987237804539325,25.001216012653142,-0.01295189914898707,0.0,0.06475949574493535,0.0,0.0,0.0,epa_udds,PPO_seed21
152,8.8265,-5763.167890091489,0.0,0.0,0.49868752308958386,25.00124872170943,-0.010833022349796034,0.0,0.054165111748980165,0.0,0.0,0.0,epa_udds,PPO_seed21
153,9.1462,-6392.53773019936,0.0,0.0,0.4986473056785123,25.001288844149364,-0.012016048365036391,0.0,0.06008024182518196,0.0,0.0,0.0,epa_udds,PPO_seed21
154,9.4854,-6952.463973289699,0.0,0.0,0.49860356493191454,25.00133624858801,-0.013068541303176126,0.0,0.06534270651588063,0.0,0.0,0.0,epa_udds,PPO_seed21
155,9.8349,-7405.12538183981,0.0,0.0,0.4985569755283119,25.001390051792477,-0.013919408612480847,0.0,0.06959704306240423,0.0,0.0,0.0,epa_udds,PPO_seed21
156,10.1843,-7708.3611150216175,0.0,0.0,0.4985084774476063,25.001448475573696,-0.0144894005921459,0.0,0.07244700296072949,0.0,0.0,0.0,epa_udds,PPO_seed21
157,10.5236,-7843.161558483112,0.0,0.0,0.4984591303445618,25.001509195199198,-0.01474278488436675,0.0,0.07371392442183375,0.0,0.0,0.0,epa_udds,PPO_seed21
158,10.8433,-7794.233706343193,0.0,0.0,0.4984100901819268,25.001569521026465,-0.014650815237487206,0.0,0.07325407618743603,0.0,0.0,0.0,epa_udds,PPO_seed21
159,11.1356,-7571.6362130980115,0.0,0.0,0.4983624497276234,25.00162694475909,-0.014232398896800775,0.0,0.07116199448400387,0.0,0.0,0.0,epa_udds,PPO_seed21
160,11.395,-7203.8673978572315,0.0,0.0,0.4983171225175415,25.0016795501289,-0.013541104131310586,0.0,0.06770552065655293,0.0,0.0,0.0,epa_udds,PPO_seed21
161,11.6185,-6731.351251692931,0.0,0.0,0.49827476778910335,25.001726222875195,-0.012652915886640848,0.0,0.06326457943320424,0.0,0.0,0.0,epa_udds,PPO_seed21
162,11.8062,-6213.040802224045,0.0,0.0,0.49823567385879536,25.00176680769427,-0.01167864812448129,0.0,0.058393240622406445,0.0,0.0,0.0,epa_udds,PPO_seed21
163,11.9609,-5706.2281506115805,0.0,0.0,0.4981997685381119,25.00180189279558,-0.010725992764307482,0.0,0.05362996382153741,0.0,0.0,0.0,epa_udds,PPO_seed21
164,12.0882,-5273.418466687833,0.0,0.0,0.49816658630748084,25.001832652206943,-0.00991244072685683,0.0,0.049562203634284145,0.0,0.0,0.0,epa_udds,PPO_seed21
165,12.196,-4969.20833119524,0.0,0.0,0.49813531806554545,25.001860593906343,-0.009340617163900828,0.0,0.046703085819504137,0.0,0.0,0.0,epa_udds,PPO_seed21
166,12.2936,-4831.134369447992,0.0,0.0,0.49810491847298805,25.001887356415235,-0.009081079641819534,0.0,0.04540539820909767,0.0,0.0,0.0,epa_udds,PPO_seed21
167,12.3912,-4886.981989376034,0.0,0.0,0.49807416731259185,25.00191471885248,-0.009186056371007582,0.0,0.04593028185503791,0.0,0.0,0.0,epa_udds,PPO_seed21
168,12.499,-5147.46604601801,0.0,0.0,0.49804177690431056,25.00194464332157,-0.009675688056424832,0.0,0.04837844028212416,0.0,0.0,0.0,epa_udds,PPO_seed21
169,12.6263,-5606.5534926818145,0.0,0.0,0.4980064974865446,25.001979348757978,-0.010538634384740253,0.0,0.052693171923701265,0.0,0.0,0.0,epa_udds,PPO_seed21
170,12.781,-6249.436859320825,0.0,0.0,0.4979671724200257,25.00202141434878,-0.01174706176564065,0.0,0.05873530882820324,0.0,0.0,0.0,epa_udds,PPO_seed21
171,12.9687,-7043.670023887754,0.0,0.0,0.4979228491677577,25.00207367391301,-0.01323998124790931,0.0,0.06619990623954655,0.0,0.0,0.0,epa_udds,PPO_seed21
172,12.5217,4064.7768928034297,0.0,0.0,0.4979484276318108,25.00209490026147,0.21998694792781268,0.0,0.038202790345896895,0.16259107571213718,0.0,0.0,epa_udds,PPO_seed21
173,12.1105,3497.461975966826,0.0,0.0,0.497970435550818,25.002111299649627,0.18928369400758804,0.0,0.03287088323277092,0.13989847903867303,0.0,0.0,epa_udds,PPO_seed21
174,11.7322,3000.5471626315993,0.0,0.0,0.4979893161551933,25.002123999990424,0.16239051486182143,0.0,0.028200631227740594,0.12002188650526398,0.0,0.0,epa_udds,PPO_seed21
175,11.3814,2599.2152148247364,0.0,0.0,0.4980056710673847,25.002134031309613,0.14067030914517634,0.0,0.024428714425044514,0.10396860859298945,0.0,0.0,epa_udds,PPO_seed21
176,11.0501,2316.8661119517606,0.0,0.0,0.4980202490813301,25.00214228724536,0.12538949078066744,0.0,0.021775057443155645,0.09267464447807042,0.0,0.0,epa_udds,PPO_seed21
177,10.729,2158.627958865211,0.0,0.0,0.4980338311952274,25.00214947293607,0.1168255943452014,0.0,0.020287856756251985,0.08634511835460844,0.0,0.0,epa_udds,PPO_seed21
178,10.4079,2123.8259398802725,0.0,0.0,0.49804719410778625,25.00215616368857,0.11494209861096391,0.0,0.019960770111656697,0.0849530375952109,0.0,0.0,epa_udds,PPO_seed21
179,10.0766,2200.187208632744,0.0,0.0,0.4980610372526621,25.002162846531395,0.11907479344164278,0.0,0.02067845120895436,0.08800748834530976,0.0,0.0,epa_udds,PPO_seed21
180,9.7257,2365.5795341528024,0.0,0.0,0.4980759207747357,25.00216994772718,0.12802587584084113,0.0,0.02223289035857897,0.0946231813661121,0.0,0.0,epa_udds,PPO_seed21
181,9.3474,2588.8730182932163,0.0,0.0,0.49809220893057415,25.002177817570225,0.1401105863584554,0.0,0.024331513329823463,0.10355492073172866,0.0,0.0,epa_udds,PPO_seed21
182,8.9362,2832.6117888841873,0.0,0.0,0.4981100303017011,25.002186674691526,0.15330180192773216,0.0,0.026622291248911533,0.11330447155536749,0.0,0.0,epa_udds,PPO_seed21
183,8.4892,3059.2008573465873,0.0,0.0,0.49812927693599945,25.00219654688081,0.1655648704600055,0.0,0.028751887757016797,0.12236803429386349,0.0,0.0,epa_udds,PPO_seed21
184,8.0063,3234.0047486749763,0.0,0.0,0.4981496229850607,25.002207228638262,0.1750253096312968,0.0,0.030394781472509177,0.12936018994699905,0.0,0.0,epa_udds,PPO_seed21
185,7.4905,3326.9263143175835,0.0,0.0,0.4981705532735787,25.0022182757132,0.18005425271021025,0.0,0.03126810445787202,0.13307705257270333,0.0,0.0,epa_udds,PPO_seed21
186,6.9473,3321.847943061721,0.0,0.0,0.4981914512613679,25.002229102259,0.1797794097305133,0.0,0.031220375404715422,0.13287391772246884,0.0,0.0,epa_udds,PPO_seed21
187,6.3845,3213.108079886475,0.0,0.0,0.4982116648294133,25.002239093101696,0.17389437563175072,0.0,0.03019838420945935,0.128524323195459,0.0,0.0,epa_udds,PPO_seed21
188,5.8115,3008.2607017499868,0.0,0.0,0.49823058941703463,25.00224774092374,0.16280797391876994,0.0,0.028273126896146493,0.12033042806999947,0.0,0.0,epa_udds,PPO_seed21
189,5.2385,2725.6467863027,0.0,0.0,0.49824773587242027,25.002254743753035,0.1475128238180965,0.0,0.025616981074273498,0.109025871452108,0.0,0.0,epa_udds,PPO_seed21
190,4.6758,2389.9331176796927,0.0,0.0,0.4982627702331778,25.00226003323315,0.12934389910570246,0.0,0.022461777421801624,0.09559732470718771,0.0,0.0,epa_udds,PPO_seed21
191,4.1325,2030.7896365224112,0.0,0.0,0.498275545185202,25.00226375228909,0.10990694589239336,0.0,0.019086368764308376,0.08123158546089645,0.0,0.0,epa_udds,PPO_seed21
192,3.6167,1672.0201567678816,0.0,0.0,0.49828606314872387,25.00226616283469,0.0904902337474828,0.0,0.01571447515759287,0.06688080627071527,0.0,0.0,epa_udds,PPO_seed21
193,3.1338,1337.6084526695722,0.0,0.0,0.4982944774031328,25.00226758271225,0.07239177174673368,0.0,0.01257150801381177,0.05350433810678289,0.0,0.0,epa_udds,PPO_seed21
194,2.6868,1041.7325999611735,0.0,0.0,0.49830103040038587,25.00226830814454,0.05637888161293629,0.0,0.00979071992444712,0.04166930399844694,0.0,0.0,epa_udds,PPO_seed21
195,2.2756,793.0177082022551,0.0,0.0,0.4983060188345938,25.002268580906637,0.042918356869472415,0.0,0.007453173949269315,0.0317207083280902,0.0,0.0,epa_udds,PPO_seed21
196,2.2352,-207.16520508558773,0.0,0.0,0.4983047156790399,25.00226828396334,-0.00038940828023606715,0.0,0.0019470414011803357,0.0,0.0,0.0,epa_udds,PPO_seed21
197,1.7882,696.3589476912149,0.0,0.0,0.4983090960637621,25.00226840183701,0.03768715568031101,0.0,0.006544726951985103,0.027854357907648595,0.0,0.0,epa_udds,PPO_seed21
198,1.3411,523.1915548299639,0.0,0.0,0.49831238714134607,25.002268307536838,0.028315284298241202,0.0,0.004917213861183872,0.020927662193198557,0.0,0.0,epa_udds,PPO_seed21
199,0.8941,349.0841200614019,0.0,0.0,0.4983145830087041,25.00226806023677,0.01889253756542835,0.0,0.0032808657900507696,0.013963364802456076,0.0,0.0,epa_udds,PPO_seed21
200,0.447,174.68567905370253,0.0,0.0,0.4983156818430687,25.002267719712837,0.009454041487432714,0.0,0.001641782697873144,0.006987427162148101,0.0,0.0,epa_udds,PPO_seed21
201,0.0,0.0,0.0,0.0,0.4983156818430687,25.00226734560009,0.0,0.0,0.0,0.0,0.0,0.0,epa_udds,PPO_seed21
202,0.0,0.0,0.0,0.0,0.4983156818430687,25.002266968551858,0.0,0.0,0.0,0.0,0.0,0.0,epa_udds,PPO_seed21
203,0.0,0.0,0.0,0.0,0.4983156818430687,25.002266588765668,0.0,0.0,0.0,0.0,0.0,0.0,epa_udds,PPO_seed21
204,0.0,0.0,0.0,0.0,0.4983156818430687,25.002266206426093,0.0,0.0,0.0,0.0,0.0,0.0,epa_udds,PPO_seed21
205,0.0,0.0,0.0,0.0,0.4983156818430687,25.002265821705603,0.0,0.0,0.0,0.0,0.0,0.0,epa_udds,PPO_seed21
206,0.0,0.0,0.0,0.0,0.4983156818430687,25.002265434765363,0.0,0.0,0.0,0.0,0.0,0.0,epa_udds,PPO_seed21
207,0.0,0.0,0.0,0.0,0.4983156818430687,25.002265045755973,0.0,0.0,0.0,0.0,0.0,0.0,epa_udds,PPO_seed21
208,0.0,0.0,0.0,0.0,0.4983156818430687,25.002264654818156,0.0,0.0,0.0,0.0,0.0,0.0,epa_udds,PPO_seed21
209,0.0,0.0,0.0,0.0,0.4983156818430687,25.00226426208341,0.0,0.0,0.0,0.0,0.0,0.0,epa_udds,PPO_seed21
210,0.0,0.0,0.0,0.0,0.4983156818430687,25.002263867674618,0.0,0.0,0.0,0.0,0.0,0.0,epa_udds,PPO_seed21
211,0.0,0.0,0.0,0.0,0.4983156818430687,25.002263471706595,0.0,0.0,0.0,0.0,0.0,0.0,epa_udds,PPO_seed21
212,0.0,0.0,0.0,0.0,0.4983156818430687,25.002263074286635,0.0,0.0,0.0,0.0,0.0,0.0,epa_udds,PPO_seed21
213,0.0,0.0,0.0,0.0,0.4983156818430687,25.002262675515,0.0,0.0,0.0,0.0,0.0,0.0,epa_udds,PPO_seed21
214,0.0,0.0,0.0,0.0,0.4983156818430687,25.002262275485368,0.0,0.0,0.0,0.0,0.0,0.0,epa_udds,PPO_seed21
215,0.0,0.0,0.0,0.0,0.4983156818430687,25.00226187428529,0.0,0.0,0.0,0.0,0.0,0.0,epa_udds,PPO_seed21
216,0.0,0.0,0.0,0.0,0.4983156818430687,25.00226147199656,0.0,0.0,0.0,0.0,0.0,0.0,epa_udds,PPO_seed21
217,0.0,0.0,0.0,0.0,0.4983156818430687,25.002261068695624,0.0,0.0,0.0,0.0,0.0,0.0,epa_udds,PPO_seed21
218,0.0,0.0,0.0,0.0,0.4983156818430687,25.002260664453907,0.0,0.0,0.0,0.0,0.0,0.0,epa_udds,PPO_seed21
219,0.0,0.0,0.0,0.0,0.4983156818430687,25.00226025933815,0.0,0.0,0.0,0.0,0.0,0.0,epa_udds,PPO_seed21
220,0.0,0.0,0.0,0.0,0.4983156818430687,25.002259853410724,0.0,0.0,0.0,0.0,0.0,0.0,epa_udds,PPO_seed21
221,0.0,0.0,0.0,0.0,0.4983156818430687,25.002259446729905,0.0,0.0,0.0,0.0,0.0,0.0,epa_udds,PPO_seed21
222,0.0,0.0,0.0,0.0,0.4983156818430687,25.00225903935015,0.0,0.0,0.0,0.0,0.0,0.0,epa_udds,PPO_seed21
223,0.0,0.0,0.0,0.0,0.4983156818430687,25.002258631322345,0.0,0.0,0.0,0.0,0.0,0.0,epa_udds,PPO_seed21
224,0.0,0.0,0.0,0.0,0.4983156818430687,25.00225822269404,0.0,0.0,0.0,0.0,0.0,0.0,epa_udds,PPO_seed21
225,0.0,0.0,0.0,0.0,0.4983156818430687,25.00225781350966,0.0,0.0,0.0,0.0,0.0,0.0,epa_udds,PPO_seed21
226,0.0,0.0,0.0,0.0,0.4983156818430687,25.00225740381073,0.0,0.0,0.0,0.0,0.0,0.0,epa_udds,PPO_seed21
227,0.0,0.0,0.0,0.0,0.4983156818430687,25.002256993636042,0.0,0.0,0.0,0.0,0.0,0.0,epa_udds,PPO_seed21
228,0.0,0.0,0.0,0.0,0.4983156818430687,25.002256583021843,0.0,0.0,0.0,0.0,0.0,0.0,epa_udds,PPO_seed21
229,0.0,0.0,0.0,0.0,0.4983156818430687,25.00225617200201,0.0,0.0,0.0,0.0,0.0,0.0,epa_udds,PPO_seed21
230,0.0,0.0,0.0,0.0,0.4983156818430687,25.002255760608193,0.0,0.0,0.0,0.0,0.0,0.0,epa_udds,PPO_seed21
231,0.0,0.0,0.0,0.0,0.4983156818430687,25.002255348869966,0.0,0.0,0.0,0.0,0.0,0.0,epa_udds,PPO_seed21
232,0.3912,-297.7904402979551,0.0,0.0,0.49831380868134795,25.00225502065307,-0.0005597564667254796,0.0,0.0027987823336273975,0.0,0.0,0.0,epa_udds,PPO_seed21
233,0.7823,-595.5934503446737,0.0,0.0,0.4983100622764536,25.00225494453968,-0.001119536560798259,0.0,0.005597682803991294,0.0,0.0,0.0,epa_udds,PPO_seed21
234,1.1735,-894.136892613464,0.0,0.0,0.49830443796280877,25.00225529041928,-0.0016807084447621507,0.0,0.008403542223810753,0.0,0.0,0.0,epa_udds,PPO_seed21
235,1.5646,-1192.8701094240566,0.0,0.0,0.498296934533061,25.002256228442945,-0.0022422370477895802,0.0,0.0112111852389479,0.0,0.0,0.0,epa_udds,PPO_seed21
236,1.9558,-1493.0082656118075,0.0,0.0,0.4982875431308501,25.002257932932025,-0.002806406514307909,0.0,0.014032032571539545,0.0,0.0,0.0,epa_udds,PPO_seed21
237,1.9045,-142.69531257534473,0.0,0.0,0.4982866455369211,25.002257555738996,-0.00026822427175816676,0.0,0.0013411213587908339,0.0,0.0,0.0,epa_udds,PPO_seed21
238,2.2956,-1753.9891036345764,0.0,0.0,0.4982756124518645,25.002260067354822,-0.0032969719993131137,0.0,0.016484859996565567,0.0,0.0,0.0,epa_udds,PPO_seed21
239,2.7226,-2235.7056479998273,0.0,0.0,0.4982615491593483,25.00226440506781,-0.004202454225563586,0.0,0.021012271127817925,0.0,0.0,0.0,epa_udds,PPO_seed21
240,3.1826,-2781.8810426404875,0.0,0.0,0.4982440501319744,25.002271347825378,-0.005229099704211444,0.0,0.026145498521057214,0.0,0.0,0.0,epa_udds,PPO_seed21
241,3.6699,-3370.8545518322985,0.0,0.0,0.49822284606952727,25.00228173814616,-0.006336192766602066,0.0,0.03168096383301033,0.0,0.0,0.0,epa_udds,PPO_seed21
242,4.1768,-3973.5299296102166,0.0,0.0,0.4981978506728328,25.00229634508049,-0.007469041221071836,0.0,0.03734520610535918,0.0,0.0,0.0,epa_udds,PPO_seed21
243,4.6939,-4552.557378550887,0.0,0.0,0.49816921257067137,25.002315665012237,-0.00855743868148663,0.0,0.042787193407433144,0.0,0.0,0.0,epa_udds,PPO_seed21
244,5.211,-5069.725598508196,0.0,0.0,0.498137320755522,25.00233975219037,-0.009529559395692097,0.0,0.047647796978460485,0.0,0.0,0.0,epa_udds,PPO_seed21
245,5.7179,-5490.72014680167,0.0,0.0,0.4981027800919951,25.00236812449616,-0.010320902531582087,0.0,0.05160451265791043,0.0,0.0,0.0,epa_udds,PPO_seed21
246,6.2053,-5791.658063735842,0.0,0.0,0.49806634571864805,25.00239980913061,-0.01088657530777414,0.0,0.054432876538870696,0.0,0.0,0.0,epa_udds,PPO_seed21
247,6.6652,-5958.896321750583,0.0,0.0,0.4980288586491552,25.002433473677367,-0.011200932935621398,0.0,0.05600466467810699,0.0,0.0,0.0,epa_udds,PPO_seed21
248,7.0922,-6002.097063612516,0.0,0.0,0.4979910991707275,25.00246776567322,-0.011282137337617511,0.0,0.056410686688087554,0.0,0.0,0.0,epa_udds,PPO_seed21
249,7.4834,-5941.428573080327,0.0,0.0,0.49795372074427097,25.002501524237964,-0.011168098821579563,0.0,0.055840494107897806,0.0,0.0,0.0,epa_udds,PPO_seed21
250,7.8387,-5810.775212510447,0.0,0.0,0.49791716370029065,25.002533990506485,-0.010922509797951969,0.0,0.05461254898975984,0.0,0.0,0.0,epa_udds,PPO_seed21
251,8.1611,-5656.768679875971,0.0,0.0,0.49788157502018104,25.00256494960452,-0.01063302383435333,0.0,0.053165119171766646,0.0,0.0,0.0,epa_udds,PPO_seed21
252,8.456,-5523.726921176728,0.0,0.0,0.49784682286770915,25.002594665004583,-0.01038294534055776,0.0,0.051914726702788794,0.0,0.0,0.0,epa_udds,PPO_seed21
253,8.7315,-5464.42143411139,0.0,0.0,0.49781244338257397,25.0026239260726,-0.010271468861111637,0.0,0.05135734430555818,0.0,0.0,0.0,epa_udds,PPO_seed21
254,8.9967,-5511.028977280773,0.0,0.0,0.49777777023250447,25.002653833783313,-0.010359077024963859,0.0,0.05179538512481929,0.0,0.0,0.0,epa_udds,PPO_seed21
255,9.2619,-5699.759134989453,0.0,0.0,0.49774190922824546,25.002685910768047,-0.010713832960506492,0.0,0.05356916480253245,0.0,0.0,0.0,epa_udds,PPO_seed21
256,9.5373,-6049.498169291543,0.0,0.0,0.49770384730161404,25.002722055104382,-0.011371237160322449,0.0,0.056856185801612245,0.0,0.0,0.0,epa_udds,PPO_seed21
257,9.8323,-6569.312580548575,0.0,0.0,0.49766251427640296,25.0027646068154,-0.012348331918324391,0.0,0.06174165959162195,0.0,0.0,0.0,epa_udds,PPO_seed21
258,10.1547,-7255.877625200633,0.0,0.0,0.4976168608179046,25.002816373902174,-0.013638867716542545,0.0,0.06819433858271272,0.0,0.0,0.0,epa_udds,PPO_seed21
259,10.51,-8092.8461413894265,0.0,0.0,0.49756594035547985,25.00288057724581,-0.015212116807122984,0.0,0.07606058403561491,0.0,0.0,0.0,epa_udds,PPO_seed21
260,10.9012,-9056.350379138777,0.0,0.0,0.49750895639257675,25.002960757716615,-0.01702321499838116,0.0,0.08511607499190581,0.0,0.0,0.0,epa_udds,PPO_seed21
261,11.3282,-10104.948687104205,0.0,0.0,0.4974453730818796,25.003060370358742,-0.018994264449443993,0.0,0.09497132224721996,0.0,0.0,0.0,epa_udds,PPO_seed21
262,11.7881,-11191.909307222997,0.0,0.0,0.49737494852738895,25.00318240095299,-0.021037423509817663,0.0,0.10518711754908831,0.0,0.0,0.0,epa_udds,PPO_seed21
263,12.2754,-12262.113285349591,0.0,0.0,0.49729778759270066,25.00332880490103,-0.023049085122837577,0.0,0.11524542561418788,0.0,0.0,0.0,epa_udds,PPO_seed21
264,12.7823,-13253.317511000578,0.0,0.0,0.4972143867858124,25.00349988263238,-0.024912250960527405,0.0,0.12456125480263701,0.0,0.0,0.0,epa_udds,PPO_seed21
265,13.2994,-14105.590951347463,0.0,0.0,0.4971256197866941,25.003693892597045,-0.026514268705540345,0.0,0.13257134352770172,0.0,0.0,0.0,epa_udds,PPO_seed21
266,13.8165,-14767.554463020615,0.0,0.0,0.49703268371658804,25.003906980259593,-0.027758561020715444,0.0,0.13879280510357722,0.0,0.0,0.0,epa_udds,PPO_seed21
267,14.3234,-15201.799668684229,0.0,0.0,0.4969370112979309,25.004133486231193,-0.028574811407301184,0.0,0.1428740570365059,0.0,0.0,0.0,epa_udds,PPO_seed21
268,14.8108,-15393.064069104998,0.0,0.0,0.49684013153944556,25.00436672268402,-0.028934330956964283,0.0,0.1446716547848214,0.0,0.0,0.0,epa_udds,PPO_seed21
269,15.2707,-15341.58858630162,0.0,0.0,0.49674357218574633,25.004599714339054,-0.028837572530642144,0.0,0.1441878626532107,0.0,0.0,0.0,epa_udds,PPO_seed21
270,15.6977,-15088.829809425639,0.0,0.0,0.49664860029342184,25.004826702548186,-0.028362462047792553,0.0,0.14181231023896276,0.0,0.0,0.0,epa_udds,PPO_seed21
271,16.0889,-14686.112539776059,0.0,0.0,0.496556160050994,25.005043605800275,-0.027605474698827178,0.0,0.13802737349413588,0.0,0.0,0.0,epa_udds,PPO_seed21
272,16.1648,-6850.28700126377,0.0,0.0,0.4965130402585034,25.00510196679671,-0.01287647932568378,0.0,0.0643823966284189,0.0,0.0,0.0,epa_udds,PPO_seed21
273,16.2078,-6052.250433564044,0.0,0.0,0.49647494365657785,25.005150616740735,-0.011376410589406099,0.0,0.05688205294703049,0.0,0.0,0.0,epa_udds,PPO_seed21
274,16.2234,-5371.407820819865,0.0,0.0,0.4964411326802167,25.005191819298815,-0.010096631242142605,0.0,0.05048315621071302,0.0,0.0,0.0,epa_udds,PPO_seed21
275,16.2194,-4874.338644258289,0.0,0.0,0.4964104506203746,25.00522801754878,-0.00916229068469603,0.0,0.045811453423480156,0.0,0.0,0.0,epa_udds,PPO_seed21
276,16.2052,-4608.576639811826,0.0,0.0,0.49638144152677477,25.005261580467092,-0.008662738044759071,0.0,0.04331369022379535,0.0,0.0,0.0,epa_udds,PPO_seed21
277,16.191,-4600.173936821349,0.0,0.0,0.496352485444551,25.005294791871307,-0.008646943490265695,0.0,0.043234717451328473,0.0,0.0,0.0,epa_udds,PPO_seed21
278,16.187,-4854.642784016771,0.0,0.0,0.49632192771377664,25.005330013127438,-0.009125268391008967,0.0,0.045626341955044836,0.0,0.0,0.0,epa_udds,PPO_seed21
279,16.2026,-5358.117782311019,0.0,0.0,0.49628820093877934,25.005369882015223,-0.010071649966750036,0.0,0.05035824983375018,0.0,0.0,0.0,epa_udds,PPO_seed21
280,16.2456,-6078.043179227541,0.0,0.0,0.4962499426179283,25.005417405772608,-0.011424893194036733,0.0,0.05712446597018366,0.0,0.0,0.0,epa_udds,PPO_seed21
281,16.3215,-6965.378115936766,0.0,0.0,0.4962060988859286,25.005475854774353,-0.013092816007399938,0.0,0.06546408003699969,0.0,0.0,0.0,epa_udds,PPO_seed21
282,16.4333,-7966.060602280121,0.0,0.0,0.4961559560994879,25.005548545046377,-0.014973798124586693,0.0,0.07486899062293347,0.0,0.0,0.0,epa_udds,PPO_seed21
283,16.5809,-9008.325441002255,0.0,0.0,0.496099252262874,25.005638221492905,-0.016932942558274915,0.0,0.08466471279137458,0.0,0.0,0.0,epa_udds,PPO_seed21
284,16.7614,-10023.309930786212,0.0,0.0,0.4960361587726746,25.00574656894897,-0.01884080814057559,0.0,0.09420404070287794,0.0,0.0,0.0,epa_udds,PPO_seed21
285,16.9694,-10943.36974961212,0.0,0.0,0.49596727278444686,25.005873706089456,-0.02057024389024835,0.0,0.10285121945124173,0.0,0.0,0.0,epa_udds,PPO_seed21
286,17.1969,-11690.04541901786,0.0,0.0,0.4958936853484205,25.00601750130393,-0.02197376958462004,0.0,0.1098688479231002,0.0,0.0,0.0,epa_udds,PPO_seed21
287,17.4346,-12212.353986254155,0.0,0.0,0.49581680852360077,25.006173882645513,-0.022955552605740892,0.0,0.11477776302870446,0.0,0.0,0.0,epa_udds,PPO_seed21
288,17.6723,-12465.268359326543,0.0,0.0,0.495738337949709,25.006337014850832,-0.02343095556264388,0.0,0.11715477781321938,0.0,0.0,0.0,epa_udds,PPO_seed21
289,17.8998,-12426.606847987858,0.0,0.0,0.49566010908347474,25.00650011055974,-0.02335828354884936,0.0,0.11679141774424678,0.0,0.0,0.0,epa_udds,PPO_seed21
290,18.1077,-12098.282650389081,0.0,0.0,0.495583945533015,25.006656440979672,-0.022741132801483238,0.0,0.11370566400741618,0.0,0.0,0.0,epa_udds,PPO_seed21
291,18.2882,-11509.795384041741,0.0,0.0,0.49551148537087575,25.00680040811186,-0.02163495372940177,0.0,0.10817476864700884,0.0,0.0,0.0,epa_udds,PPO_seed21
292,18.4358,-10717.740255264345,0.0,0.0,0.4954440104991918,25.00692838131115,-0.02014612829936907,0.0,0.10073064149684535,0.0,0.0,0.0,epa_udds,PPO_seed21
293,18.5476,-9794.777381417194,0.0,0.0,0.495382345437026,25.007038950526265,-0.01841123567935563,0.0,0.09205617839677814,0.0,0.0,0.0,epa_udds,PPO_seed21
294,18.6235,-8825.627857122001,0.0,0.0,0.4953267813162685,25.0071327774703,-0.016589526047221807,0.0,0.08294763023610903,0.0,0.0,0.0,epa_udds,PPO_seed21
295,18.6665,-7908.233875676899,0.0,0.0,0.49527699259007096,25.007212229525916,-0.01486510127006936,0.0,0.07432550635034679,0.0,0.0,0.0,epa_udds,PPO_seed21
296,18.6821,-7124.948441355976,0.0,0.0,0.4952321351504716,25.007280522641068,-0.013392760228112735,0.0,0.06696380114056368,0.0,0.0,0.0,epa_udds,PPO_seed21
297,18.6781,-6552.312844369111,0.0,0.0,0.49519088291968594,25.007341250067462,-0.012316377527009608,0.0,0.06158188763504804,0.0,0.0,0.0,epa_udds,PPO_seed21
298,18.6639,-6245.398551523445,0.0,0.0,0.4951515630382824,25.00739801193216,-0.011739470961510236,0.0,0.05869735480755118,0.0,0.0,0.0,epa_udds,PPO_seed21
299,18.6497,-6234.856676478531,0.0,0.0,0.4951123096330608,25.007454358116377,-0.011719655406914532,0.0,0.05859827703457266,0.0,0.0,0.0,epa_udds,PPO_seed21
300,18.6458,-6530.710838517682,0.0,0.0,0.49507119369582714,25.00751399945753,-0.012275772252852785,0.0,0.06137886126426392,0.0,0.0,0.0,epa_udds,PPO_seed21
301,18.6613,-7105.619419833794,0.0,0.0,0.4950264583216268,25.007580846600185,-0.01335642748089059,0.0,0.06678213740445295,0.0,0.0,0.0,epa_udds,PPO_seed21
302,18.7043,-7939.730382135103,0.0,0.0,0.494976471537189,25.007659468791072,-0.014924305229577262,0.0,0.07462152614788631,0.0,0.0,0.0,epa_udds,PPO_seed21
303,18.7802,-8964.386209477107,0.0,0.0,0.4949200335387453,25.007754534621707,-0.01685035001781411,0.0,0.08425175008907056,0.0,0.0,0.0,epa_udds,PPO_seed21
304,18.892,-10119.388924031664,0.0,0.0,0.494856323412478,25.007870694035507,-0.01902140775193922,0.0,0.09510703875969609,0.0,0.0,0.0,epa_udds,PPO_seed21
305,19.0396,-11321.205618526797,0.0,0.0,0.49478504604099904,25.00801167490857,-0.021280461688960146,0.0,0.10640230844480073,0.0,0.0,0.0,epa_udds,PPO_seed21
306,19.2201,-12489.950586351268,0.0,0.0,0.4947064091666006,25.008179636905023,-0.02347735072622419,0.0,0.11738675363112094,0.0,0.0,0.0,epa_udds,PPO_seed21
307,19.4281,-13547.722276212555,0.0,0.0,0.4946211109523574,25.00837451136363,-0.025465643376339386,0.0,0.12732821688169693,0.0,0.0,0.0,epa_udds,PPO_seed21
308,19.6556,-14404.99095374746,0.0,0.0,0.4945304132750771,25.00859309533475,-0.027077050664938835,0.0,0.13538525332469417,0.0,0.0,0.0,epa_udds,PPO_seed21
309,19.8933,-15004.415887466892,0.0,0.0,0.494435939159186,25.00882954243042,-0.02820378926215581,0.0,0.14101894631077905,0.0,0.0,0.0,epa_udds,PPO_seed21
310,20.131,-15295.92366070072,0.0,0.0,0.49433962710520923,25.00907562757775,-0.028751736204324665,0.0,0.1437586810216233,0.0,0.0,0.0,epa_udds,PPO_seed21
311,20.3585,-15255.645505278459,0.0,0.0,0.494243566158271,25.009321864637762,-0.028676025385861767,0.0,0.14338012692930882,0.0,0.0,0.0,epa_udds,PPO_seed21
312,20.5854,-15518.519795383318,0.0,0.0,0.49414584748864887,25.009577062381947,-0.029170149991322027,0.0,0.14585074995661013,0.0,0.0,0.0,epa_udds,PPO_seed21
313,20.785,-14886.89035216629,0.0,0.0,0.4940521037379821,25.009815401456553,-0.027982876601816337,0.0,0.13991438300908168,0.0,0.0,0.0,epa_udds,PPO_seed21
314,20.9516,-14016.063445672704,0.0,0.0,0.4939638416434007,25.010031075982205,-0.026345983920437417,0.0,0.13172991960218708,0.0,0.0,0.0,epa_udds,PPO_seed21
315,21.0823,-12994.036150568289,0.0,0.0,0.4938820139111558,25.01022156617962,-0.02442487998227122,0.0,0.1221243999113561,0.0,0.0,0.0,epa_udds,PPO_seed21
316,21.1772,-11922.958060065384,0.0,0.0,0.49380692998380443,25.0103874923948,-0.022411575300874786,0.0,0.11205787650437392,0.0,0.0,0.0,epa_udds,PPO_seed21
317,21.2392,-10903.618394421153,0.0,0.0,0.4937382645201687,25.010531835953472,-0.020495523297784125,0.0,0.10247761648892062,0.0,0.0,0.0,epa_udds,PPO_seed21
318,21.2738,-10032.980660801328,0.0,0.0,0.49367508143947175,25.01065912829646,-0.018858986204513775,0.0,0.09429493102256888,0.0,0.0,0.0,epa_udds,PPO_seed21
319,21.2888,-9398.947095327328,0.0,0.0,0.49361589097178465,25.01077476276137,-0.017667193788209266,0.0,0.08833596894104633,0.0,0.0,0.0,epa_udds,PPO_seed21
320,21.2936,-9065.758104983357,0.0,0.0,0.49355879868074815,25.010884439723373,-0.01704089869357774,0.0,0.08520449346788869,0.0,0.0,0.0,epa_udds,PPO_seed21
321,21.2984,-9070.353132815326,0.0,0.0,0.4935016774133744,25.010993996746365,-0.017049535963938583,0.0,0.08524767981969292,0.0,0.0,0.0,epa_udds,PPO_seed21
322,21.3135,-9426.309210007059,0.0,0.0,0.4934423144382743,25.01110960154663,-0.017718626334599735,0.0,0.08859313167299868,0.0,0.0,0.0,epa_udds,PPO_seed21
323,21.3481,-10107.635335298086,0.0,0.0,0.49337866062125046,25.01123771306001,-0.018999314540033996,0.0,0.09499657270016998,0.0,0.0,0.0,epa_udds,PPO_seed21
324,21.41,-11079.35847423295,0.0,0.0,0.4933088869688518,25.011385385147975,-0.02082586179367096,0.0,0.10412930896835479,0.0,0.0,0.0,epa_udds,PPO_seed21
325,21.5049,-12283.705056040557,0.0,0.0,0.49323152818488636,25.01155998894839,-0.023089671157970976,0.0,0.11544835578985486,0.0,0.0,0.0,epa_udds,PPO_seed21
326,21.6357,-13638.189454685462,0.0,0.0,0.4931456382749786,25.011768398801966,-0.025635694463694476,0.0,0.12817847231847238,0.0,0.0,0.0,epa_udds,PPO_seed21
327,21.8023,-15049.80407606881,0.0,0.0,0.4930508568169571,25.01201601688309,-0.028289105406144384,0.0,0.1414455270307219,0.0,0.0,0.0,epa_udds,PPO_seed21
328,22.0019,-16429.736439242235,0.0,0.0,0.4929473825847498,25.0123059457008,-0.03088296323165834,0.0,0.1544148161582917,0.0,0.0,0.0,epa_udds,PPO_seed21
329,22.2288,-17673.874879193496,0.0,0.0,0.4928360699842871,25.012637538559574,-0.03322156932179229,0.0,0.16610784660896144,0.0,0.0,0.0,epa_udds,PPO_seed21
330,22.4753,-18700.234336208272,0.0,0.0,0.4927182898248127,25.01300624971278,-0.035150816421444124,0.0,0.1757540821072206,0.0,0.0,0.0,epa_udds,PPO_seed21
331,22.732,-19429.073611052878,0.0,0.0,0.4925959153211973,25.013403272521806,-0.03652081505837007,0.0,0.18260407529185035,0.0,0.0,0.0,epa_udds,PPO_seed21
332,22.9887,-19806.57111408412,0.0,0.0,0.4924711589753059,25.013816472969516,-0.03723039683098519,0.0,0.18615198415492593,0.0,0.0,0.0,epa_udds,PPO_seed21
333,23.2352,-19805.41536596951,0.0,0.0,0.4923464056908958,25.014231846384803,-0.03722822437212314,0.0,0.1861411218606157,0.0,0.0,0.0,epa_udds,PPO_seed21
334,23.4621,-19429.155504330072,0.0,0.0,0.4922240184196602,25.014635417516793,-0.036520968993101637,0.0,0.1826048449655082,0.0,0.0,0.0,epa_udds,PPO_seed21
335,23.6617,-18720.023146491294,0.0,0.0,0.4921060944587221,25.01501540283673,-0.03518801343325431,0.0,0.17594006716627156,0.0,0.0,0.0,epa_udds,PPO_seed21
336,23.8283,-17739.1112764684,0.0,0.0,0.49199434653439716,25.015363312944654,-0.0333441941287,0.0,0.1667209706435,0.0,0.0,0.0,epa_udds,PPO_seed21
337,23.959,-16586.11921443531,0.0,0.0,0.4918898594687357,25.01567521807847,-0.031176915816607732,0.0,0.15588457908303865,0.0,0.0,0.0,epa_udds,PPO_seed21
338,24.0539,-15376.501661171462,0.0,0.0,0.4917929907756532,25.015951618700754,-0.02890319861122455,0.0,0.14451599305612275,0.0,0.0,0.0,epa_udds,PPO_seed21
339,24.1159,-14224.139469255571,0.0,0.0,0.4917033804541632,25.016196449491847,-0.026737104265517994,0.0,0.13368552132758996,0.0,0.0,0.0,epa_udds,PPO_seed21
340,24.1505,-13238.832134626533,0.0,0.0,0.49161997662866236,25.016416037343607,-0.024885022809448373,0.0,0.12442511404724185,0.0,0.0,0.0,epa_udds,PPO_seed21
341,24.1655,-12520.537898123677,0.0,0.0,0.49154109752200736,25.016618194125662,-0.023534845673164807,0.0,0.11767422836582403,0.0,0.0,0.0,epa_udds,PPO_seed21
342,24.1703,-12142.808697389306,0.0,0.0,0.4914645978206702,25.016811416668606,-0.022824828378551328,0.0,0.11412414189275663,0.0,0.0,0.0,epa_udds,PPO_seed21
343,24.1751,-12148.507387852218,0.0,0.0,0.49138806203630975,25.017004562967408,-0.022835540202729737,0.0,0.11417770101364867,0.0,0.0,0.0,epa_udds,PPO_seed21
344,24.1902,-12554.028049945005,0.0,0.0,0.49130897127178325,25.01720700962227,-0.023597797086362796,0.0,0.11798898543181396,0.0,0.0,0.0,epa_udds,PPO_seed21
345,24.2248,-13330.581821140324,0.0,0.0,0.49122498786524144,25.017428443529617,-0.02505748462620362,0.0,0.1252874231310181,0.0,0.0,0.0,epa_udds,PPO_seed21
346,24.2867,-14438.753462175273,0.0,0.0,0.4911340223117286,25.017679214496564,-0.027140514026645253,0.0,0.13570257013322626,0.0,0.0,0.0,epa_udds,PPO_seed21
347,24.3816,-15812.745932918706,0.0,0.0,0.49103439943237037,25.017969877176366,-0.029723206640824635,0.0,0.14861603320412317,0.0,0.0,0.0,epa_udds,PPO_seed21
348,24.5124,-17358.315717447465,0.0,0.0,0.4909250375664316,25.01831002619546,-0.032628413002720805,0.0,0.163142065013604,0.0,0.0,0.0,epa_udds,PPO_seed21
349,24.679,-18969.149590708552,0.0,0.0,0.4908055246286581,25.01870697777182,-0.035656296223136374,0.0,0.17828148111568187,0.0,0.0,0.0,epa_udds,PPO_seed21
350,24.8786,-20543.870062715505,0.0,0.0,0.49067608707795,25.019164707354324,-0.038616297110367494,0.0,0.19308148555183746,0.0,0.0,0.0,epa_udds,PPO_seed21
351,25.1055,-21964.22366890784,0.0,0.0,0.49053769635946876,25.019681921000057,-0.041286134715992184,0.0,0.20643067357996092,0.0,0.0,0.0,epa_udds,PPO_seed21
352,24.9228,-5791.20265632759,0.0,0.0,0.49050120628358196,25.019775924497594,-0.01088571927881126,0.0,0.0544285963940563,0.0,0.0,0.0,epa_udds,PPO_seed21
353,24.7504,-6023.503012843875,0.0,0.0,0.490463253365658,25.019869998221896,-0.011322374084293,0.0,0.05661187042146499,0.0,0.0,0.0,epa_udds,PPO_seed21
354,24.5779,-5855.153144476164,0.0,0.0,0.4904263619733234,25.01995984348444,-0.011005926963301061,0.0,0.0550296348165053,0.0,0.0,0.0,epa_udds,PPO_seed21
355,24.3953,-5300.545561442506,0.0,0.0,0.49039296568577934,25.02004155667129,-0.009963431506470877,0.0,0.049817157532354384,0.0,0.0,0.0,epa_udds,PPO_seed21
356,24.193,-4375.866669660067,0.0,0.0,0.49036539598653717,25.020112472080307,-0.008225313288834713,0.0,0.04112656644417356,0.0,0.0,0.0,epa_udds,PPO_seed21
357,23.9634,-3161.4390683684874,0.0,0.0,0.4903454781556284,25.020172249127796,-0.00594255463979039,0.0,0.02971277319895195,0.0,0.0,0.0,epa_udds,PPO_seed21
358,23.7009,-1740.0869055992584,0.0,0.0,0.4903345154946507,25.020222754086383,-0.003270840048118907,0.0,0.016354200240594533,0.0,0.0,0.0,epa_udds,PPO_seed21
359,23.4025,-218.53554074139925,0.0,0.0,0.4903331387505859,25.02026753162444,-0.00041078109161917154,0.0,0.0020539054580958577,0.0,0.0,0.0,epa_udds,PPO_seed21
360,23.0682,923.6201483409083,0.0,0.0,0.49033895722054177,25.02030994447349,0.0499866002087057,0.0,0.00868064049192583,0.03694480593363633,0.0,0.0,epa_udds,PPO_seed21
361,22.701,1906.365229304579,0.0,0.0,0.4903509661575414,25.02035177664877,0.10317305955288991,0.0,0.01791696644083251,0.07625460917218316,0.0,0.0,epa_udds,PPO_seed21
362,22.3065,2722.374445048575,0.0,0.0,0.4903681147489307,25.02039394934308,0.14733572372526046,0.0,0.02558622598729864,0.108894977801943,0.0,0.0,epa_udds,PPO_seed21
363,21.8923,3323.942908385145,0.0,0.0,0.49038905180595305,25.02043636745067,0.17989278988388174,0.0,0.031240064928431815,0.1329577163354058,0.0,0.0,epa_udds,PPO_seed21
364,21.468,3668.9979027237405,0.0,0.0,0.49041216131533116,25.02047797088291,0.1985672699534247,0.0,0.034483062995523873,0.14675991610894962,0.0,0.0,epa_udds,PPO_seed21
365,21.0436,3759.0002343920323,0.0,0.0,0.49043583669140395,25.020517268183983,0.20343822321168306,0.0,0.035328949571353685,0.15036000937568128,0.0,0.0,epa_udds,PPO_seed21
366,20.6295,3597.2407452977686,0.0,0.0,0.4904584923024434,25.020552708720526,0.1946837510124311,0.0,0.03380865362121963,0.14388962981191075,0.0,0.0,epa_udds,PPO_seed21
367,20.2349,3224.1610275126823,0.0,0.0,0.4904787974232582,25.02058325575904,0.17449256448147582,0.0,0.030302265296171825,0.12896644110050728,0.0,0.0,epa_udds,PPO_seed21
368,19.8677,2679.3830039833806,0.0,0.0,0.4904956710080205,25.020608539451647,0.14500901400505545,0.0,0.025182171090069365,0.10717532015933523,0.0,0.0,epa_udds,PPO_seed21
369,19.5335,2020.8705655385472,0.0,0.0,0.4905083971309611,25.020628945320166,0.10937012278756739,0.0,0.01899314441295627,0.08083482262154189,0.0,0.0,epa_udds,PPO_seed21
370,19.2351,1312.6284298616602,0.0,0.0,0.49051666295127117,25.020645430776522,0.07103984539958068,0.0,0.012336733363361468,0.05250513719446641,0.0,0.0,epa_udds,PPO_seed21
371,18.9725,614.296651603161,0.0,0.0,0.4905205311639939,25.020659198969923,0.03324591953563573,0.0,0.0057734647707064005,0.024571866064126438,0.0,0.0,epa_udds,PPO_seed21
372,18.7429,-24.167828835588143,0.0,0.0,0.4905203789833798,25.020671381011624,-4.542824969095516e-05,0.0,0.00022714124845477578,0.0,0.0,0.0,epa_udds,PPO_seed21
373,18.5407,-732.2514403099702,0.0,0.0,0.4905157682210332,25.020683022524665,-0.0013764124817856585,0.0,0.006882062408928292,0.0,0.0,0.0,epa_udds,PPO_seed21
374,18.358,-1209.3778556044376,0.0,0.0,0.49050815327728275,25.020694666586305,-0.0022732666458730034,0.0,0.011366333229365016,0.0,0.0,0.0,epa_udds,PPO_seed21
375,18.1856,-1422.260243881331,0.0,0.0,0.49049919804350656,25.02070608876888,-0.0026734215110551336,0.0,0.013367107555275667,0.0,0.0,0.0,epa_udds,PPO_seed21
376,18.0131,-1340.0594493413557,0.0,0.0,0.49049076050733365,25.020716617619907,-0.002518908739363451,0.0,0.012594543696817253,0.0,0.0,0.0,epa_udds,PPO_seed21
377,17.8305,-977.9560759846163,0.0,0.0,0.4904846030026799,25.02072570135765,-0.001838263300722963,0.0,0.009191316503614815,0.0,0.0,0.0,epa_udds,PPO_seed21
378,17.6282,-352.5582902603571,0.0,0.0,0.49048238322329524,25.020733336893272,-0.000662703553120972,0.0,0.00331351776560486,0.0,0.0,0.0,epa_udds,PPO_seed21
379,17.3986,0.0,0.0,340.4755914256543,0.49048238322329524,25.020740154067,0.0,0.0,0.0,0.0,0.0,0.0,epa_udds,PPO_seed21
380,17.1361,1032.308163058137,0.0,0.0,0.49048888262641355,25.020747280714506,0.05586882825332685,0.0,0.009702144389644146,0.041292326522325486,0.0,0.0,epa_udds,PPO_seed21
381,16.8377,1763.357603040691,0.0,0.0,0.49049998448444465,25.020755565403906,0.09543344380967589,0.0,0.016572909803014013,0.07053430412162764,0.0,0.0,epa_udds,PPO_seed21
382,16.5034,2469.5210244840678,0.0,0.0,0.49051553190511016,25.020765875412675,0.1336512205581678,0.0,0.023209784064699885,0.09878084097936271,0.0,0.0,epa_udds,PPO_seed21
383,16.1362,3090.7530556751035,0.0,0.0,0.4905349899643786,25.020778635795242,0.1672724849229278,0.0,0.029048430974390072,0.12363012222700415,0.0,0.0,epa_udds,PPO_seed21
384,15.7417,3580.027566292676,0.0,0.0,0.4905575277152943,25.02079366915063,0.19375216858777955,0.0,0.033646875623051464,0.14320110265170705,0.0,0.0,epa_udds,PPO_seed21
385,15.3275,3907.2315871198,0.0,0.0,0.49058212470501117,25.020810228233394,0.2114605486021678,0.0,0.03672210138270489,0.156289263484792,0.0,0.0,epa_udds,PPO_seed21
386,14.9032,4048.3047315958784,0.0,0.0,0.4906076091085176,25.020827099284702,0.21909546960922652,0.0,0.038047976800713146,0.16193218926383512,0.0,0.0,epa_udds,PPO_seed21
387,14.4789,4009.2015339028244,0.0,0.0,0.4906328466930825,25.0208429818551,0.21697919278971825,0.0,0.03768046554419948,0.16036806135611298,0.0,0.0,epa_udds,PPO_seed21
388,14.0647,3805.563206811867,0.0,0.0,0.4906568017871154,25.020856739799175,0.205958225282946,0.0,0.035766571492592734,0.15222252827247468,0.0,0.0,epa_udds,PPO_seed21
389,13.6701,3461.826052969854,0.0,0.0,0.49067859262234265,25.02086759309135,0.18735506713742112,0.0,0.032535959144453515,0.13847304211879416,0.0,0.0,epa_udds,PPO_seed21
390,13.303,3014.7020114589936,0.0,0.0,0.49069756857393687,25.02087524455003,0.1631565795374574,0.0,0.028333665521231143,0.12058808045835974,0.0,0.0,epa_udds,PPO_seed21
391,12.9687,2510.5783508008203,0.0,0.0,0.49071337102538587,25.020879874455872,0.13587325540649853,0.0,0.023595661191737033,0.10042313403203282,0.0,0.0,epa_udds,PPO_seed21
392,12.6334,2505.5718194208275,0.0,0.0,0.4907291416931441,25.020884164391134,0.13560230042248958,0.0,0.023548607325383716,0.1002228727768331,0.0,0.0,epa_udds,PPO_seed21
393,12.334,1989.1646831932444,0.0,0.0,0.49074166176299716,25.020885971757558,0.10765419089943588,0.0,0.01869515679692899,0.07956658732772978,0.0,0.0,epa_udds,PPO_seed21
394,12.0675,1534.6294773417828,0.0,0.0,0.4907513207891344,25.02088603258907,0.08305460885643724,0.0,0.014423209373512996,0.06138517909367131,0.0,0.0,epa_udds,PPO_seed21
395,11.8284,1169.745116259563,0.0,0.0,0.4907586831266437,25.020884972776283,0.06330695749501003,0.0,0.010993845077627473,0.04678980465038252,0.0,0.0,epa_udds,PPO_seed21
396,11.6089,918.395592378141,0.0,0.0,0.4907644634172133,25.02088326300706,0.0497038456687057,0.0,0.008631537522350949,0.03673582369512564,0.0,0.0,epa_udds,PPO_seed21
397,11.3995,796.049713469499,0.0,0.0,0.4907694736279689,25.020881225502084,0.04308244990641694,0.0,0.0074816702393749905,0.03184198853877996,0.0,0.0,epa_udds,PPO_seed21
398,11.1902,802.501737180702,0.0,0.0,0.49077452440302094,25.02087908417744,0.0434316353701255,0.0,0.007542309559969004,0.03210006948722808,0.0,0.0,epa_udds,PPO_seed21
399,10.9706,935.8341292394325,0.0,0.0,0.49078041429428954,25.02087705746798,0.05064762452831154,0.0,0.008795433545483388,0.0374333651695773,0.0,0.0,epa_udds,PPO_seed21
400,10.7315,1173.3070812436786,0.0,0.0,0.49078779871375544,25.020875403466068,0.06349973211121804,0.0,0.011027322192139836,0.046932283249747145,0.0,0.0,epa_udds,PPO_seed21
401,10.465,1490.259951270666,0.0,0.0,0.49079717784746363,25.020874447154664,0.08065331676125002,0.0,0.014006202549536335,0.05961039805082664,0.0,0.0,epa_udds,PPO_seed21
402,10.1656,1848.6970132268846,0.0,0.0,0.49080881273297466,25.02087452066598,0.10005203835494073,0.0,0.017374971928824104,0.07394788052907539,0.0,0.0,epa_udds,PPO_seed21
403,9.8303,2210.7828121058624,0.0,0.0,0.4908227262757466,25.02087588132767,0.11964823068825561,0.0,0.02077803394836337,0.0884313124842345,0.0,0.0,epa_udds,PPO_seed21
404,9.4592,2535.1675165710035,0.0,0.0,0.4908386811426134,25.020878595959463,0.13720402845321866,0.0,0.023826762373787627,0.10140670066284015,0.0,0.0,epa_udds,PPO_seed21
405,9.0551,2790.1225963664956,0.0,0.0,0.49085624032762104,25.020882496625074,0.1510022740499702,0.0,0.026222956732767817,0.11160490385465982,0.0,0.0,epa_udds,PPO_seed21
406,8.6237,2948.62239769097,0.0,0.0,0.4908747967631921,25.02088716686736,0.1595803309667639,0.0,0.027712616519651973,0.1179448959076388,0.0,0.0,epa_udds,PPO_seed21
407,8.1727,2999.9422873429858,0.0,0.0,0.4908936759186821,25.02089204560758,0.1623577788292843,0.0,0.028194946309614527,0.11999769149371943,0.0,0.0,epa_udds,PPO_seed21
408,7.7114,2943.4106891120928,0.0,0.0,0.4909121990706928,25.020896538937148,0.15929827173104394,0.0,0.027663634296166285,0.11773642756448371,0.0,0.0,epa_udds,PPO_seed21
409,7.2502,2787.666978520826,0.0,0.0,0.4909297418961216,25.020900133915788,0.15086937527363084,0.0,0.026199877617676937,0.11150667914083304,0.0,0.0,epa_udds,PPO_seed21
410,6.7992,2554.7612992766644,0.0,0.0,0.4909458188587548,25.020902511041303,0.138264449866116,0.0,0.024010914466885944,0.10219045197106658,0.0,0.0,epa_udds,PPO_seed21
411,6.3677,2268.820244242853,0.0,0.0,0.49096009626407144,25.020903554359602,0.12278923397037636,0.0,0.02132349853611704,0.09075280976971412,0.0,0.0,epa_udds,PPO_seed21
412,5.9637,1953.7270807716905,0.0,0.0,0.4909723907165007,25.020903319644738,0.10573629719845586,0.0,0.018362096623794084,0.07814908323086762,0.0,0.0,epa_udds,PPO_seed21
413,5.5926,1636.1960702485417,0.0,0.0,0.49098268692500735,25.020901994558965,0.08855142341089474,0.0,0.015377782615117873,0.06544784280994166,0.0,0.0,epa_udds,PPO_seed21
414,5.2573,1335.3715308155308,0.0,0.0,0.4909910900604898,25.020899817031918,0.07227070886323451,0.0,0.01255048431217604,0.053414861232621236,0.0,0.0,epa_udds,PPO_seed21
415,4.9578,1066.908824176831,0.0,0.0,0.4909978037981255,25.020897026060563,0.05774142643928443,0.0,0.010027338573090518,0.04267635296707324,0.0,0.0,epa_udds,PPO_seed21
416,4.6913,841.2576152121816,0.0,0.0,0.4910030975593034,25.02089382652017,0.04552911514509235,0.0,0.007906556533949075,0.033650304608487266,0.0,0.0,epa_udds,PPO_seed21
417,4.4522,665.8588357628705,0.0,0.0,0.4910072875800523,25.020890376857476,0.03603648044978302,0.0,0.006258071764688632,0.02663435343051482,0.0,0.0,epa_udds,PPO_seed21
418,4.2327,543.5189944867741,0.0,0.0,0.4910107077501671,25.02088678779548,0.029415411445983457,0.0,0.005108261226379455,0.021740759779470965,0.0,0.0,epa_udds,PPO_seed21
419,4.0234,473.61272522530635,0.0,0.0,0.49101368801964596,25.02088313233548,0.02563206312911094,0.0,0.004451247417531075,0.018944509009012254,0.0,0.0,epa_udds,PPO_seed21
420,3.814,452.03122424411606,0.0,0.0,0.49101653248028154,25.02087945899876,0.024464065805331933,0.0,0.00424841376169282,0.01808124896976464,0.0,0.0,epa_udds,PPO_seed21
421,3.5945,469.14335535632915,0.0,0.0,0.49101948461679296,25.020875801711707,0.025390179487630504,0.0,0.004409242061619635,0.018765734214253166,0.0,0.0,epa_udds,PPO_seed21
422,3.3554,513.9468300360732,0.0,0.0,0.4910227186794101,25.020872187366326,0.027814957012027474,0.0,0.004830327349963094,0.020557873201442926,0.0,0.0,epa_udds,PPO_seed21
423,3.0889,570.1572536476368,0.0,0.0,0.49102630644618633,25.020868632128746,0.030857082043275856,0.0,0.005358620804958992,0.02280629014590547,0.0,0.0,epa_udds,PPO_seed21
424,2.7894,620.0428344722509,0.0,0.0,0.4910302081158385,25.02086513475591,0.03355690468068618,0.0,0.0058274702487993504,0.024801713378890037,0.0,0.0,epa_udds,PPO_seed21
425,2.0117,1527.7747778531634,0.0,0.0,0.49103982174439287,25.020863483934544,0.0826836304585494,0.0,0.014358785506138753,0.06111099111412654,0.0,0.0,epa_udds,PPO_seed21
426,1.6764,443.3715149552526,0.0,0.0,0.49104261167655155,25.02085981566016,0.0239953997341948,0.0,0.0041670255164967356,0.017734860598210105,0.0,0.0,epa_udds,PPO_seed21
427,1.3411,355.2643772299638,0.0,0.0,0.49104484718889013,25.020856082583634,0.019227014942114883,0.0,0.0033389509138154493,0.014210575089198553,0.0,0.0,epa_udds,PPO_seed21
428,1.0058,266.7755776545454,0.0,0.0,0.4910465258814943,25.02085229886509,0.014437974495920432,0.0,0.002507289263670539,0.010671023106181815,0.0,0.0,epa_udds,PPO_seed21
429,0.6706,177.9519410970015,0.0,0.0,0.4910476456485313,25.020848478840335,0.009630812571550502,0.0,0.001672480649407909,0.00711807764388006,0.0,0.0,epa_udds,PPO_seed21
430,0.3353,89.06123543712516,0.0,0.0,0.49104820606855437,25.02084463704902,0.00482002084719118,0.0,0.0008370416864391463,0.0035624494174850067,0.0,0.0,epa_udds,PPO_seed21
431,0.0,0.0,0.0,0.0,0.49104820606855437,25.020840788075212,0.0,0.0,0.0,0.0,0.0,0.0,epa_udds,PPO_seed21
432,0.0,0.0,0.0,0.0,0.49104820606855437,25.020836939083615,0.0,0.0,0.0,0.0,0.0,0.0,epa_udds,PPO_seed21
433,0.0,0.0,0.0,0.0,0.49104820606855437,25.020833090122125,0.0,0.0,0.0,0.0,0.0,0.0,epa_udds,PPO_seed21
434,0.0,0.0,0.0,0.0,0.49104820606855437,25.02082924123549,0.0,0.0,0.0,0.0,0.0,0.0,epa_udds,PPO_seed21
435,0.0,0.0,0.0,0.0,0.49104820606855437,25.02082539246551,0.0,0.0,0.0,0.0,0.0,0.0,epa_udds,PPO_seed21
436,0.0,0.0,0.0,0.0,0.49104820606855437,25.02082154385125,0.0,0.0,0.0,0.0,0.0,0.0,epa_udds,PPO_seed21
437,0.0,0.0,0.0,0.0,0.49104820606855437,25.020817695429187,0.0,0.0,0.0,0.0,0.0,0.0,epa_udds,PPO_seed21
438,0.0,0.0,0.0,0.0,0.49104820606855437,25.020813847233416,0.0,0.0,0.0,0.0,0.0,0.0,epa_udds,PPO_seed21
439,0.0,0.0,0.0,0.0,0.49104820606855437,25.020809999295775,0.0,0.0,0.0,0.0,0.0,0.0,epa_udds,PPO_seed21
440,0.0,0.0,0.0,0.0,0.49104820606855437,25.020806151646013,0.0,0.0,0.0,0.0,0.0,0.0,epa_udds,PPO_seed21
441,0.0,0.0,0.0,0.0,0.49104820606855437,25.020802304311918,0.0,0.0,0.0,0.0,0.0,0.0,epa_udds,PPO_seed21
442,0.0,0.0,0.0,0.0,0.49104820606855437,25.020798457319447,0.0,0.0,0.0,0.0,0.0,0.0,epa_udds,PPO_seed21
443,0.0,0.0,0.0,0.0,0.49104820606855437,25.02079461069285,0.0,0.0,0.0,0.0,0.0,0.0,epa_udds,PPO_seed21
444,0.0,0.0,0.0,0.0,0.49104820606855437,25.020790764454773,0.0,0.0,0.0,0.0,0.0,0.0,epa_udds,PPO_seed21
445,0.0,0.0,0.0,0.0,0.49104820606855437,25.020786918626374,0.0,0.0,0.0,0.0,0.0,0.0,epa_udds,PPO_seed21
446,0.0,0.0,0.0,0.0,0.49104820606855437,25.020783073227413,0.0,0.0,0.0,0.0,0.0,0.0,epa_udds,PPO_seed21
447,0.0,0.0,0.0,0.0,0.49104820606855437,25.020779228276346,0.0,0.0,0.0,0.0,0.0,0.0,epa_udds,PPO_seed21
448,0.0,0.0,0.0,0.0,0.49104820606855437,25.020775383790415,0.0,0.0,0.0,0.0,0.0,0.0,epa_udds,PPO_seed21
449,0.0,0.0,0.0,0.0,0.49104820606855437,25.020771539785713,0.0,0.0,0.0,0.0,0.0,0.0,epa_udds,PPO_seed21
450,0.0,0.0,0.0,0.0,0.49104820606855437,25.02076769627728,0.0,0.0,0.0,0.0,0.0,0.0,epa_udds,PPO_seed21
451,0.0,0.0,0.0,0.0,0.49104820606855437,25.020763853279153,0.0,0.0,0.0,0.0,0.0,0.0,epa_udds,PPO_seed21
452,0.0,0.0,0.0,0.0,0.49104820606855437,25.020760010804448,0.0,0.0,0.0,0.0,0.0,0.0,epa_udds,PPO_seed21
453,0.0,0.0,0.0,0.0,0.49104820606855437,25.020756168865407,0.0,0.0,0.0,0.0,0.0,0.0,epa_udds,PPO_seed21
454,0.0,0.0,0.0,0.0,0.49104820606855437,25.02075232747346,0.0,0.0,0.0,0.0,0.0,0.0,epa_udds,PPO_seed21
455,0.0,0.0,0.0,0.0,0.49104820606855437,25.020748486639285,0.0,0.0,0.0,0.0,0.0,0.0,epa_udds,PPO_seed21
456,0.0,0.0,0.0,0.0,0.49104820606855437,25.020744646372844,0.0,0.0,0.0,0.0,0.0,0.0,epa_udds,PPO_seed21
457,0.0,0.0,0.0,0.0,0.49104820606855437,25.020740806683445,0.0,0.0,0.0,0.0,0.0,0.0,epa_udds,PPO_seed21
458,0.0,0.0,0.0,0.0,0.49104820606855437,25.020736967579772,0.0,0.0,0.0,0.0,0.0,0.0,epa_udds,PPO_seed21
459,0.0,0.0,0.0,0.0,0.49104820606855437,25.02073312906993,0.0,0.0,0.0,0.0,0.0,0.0,epa_udds,PPO_seed21
460,0.0,0.0,0.0,0.0,0.49104820606855437,25.02072929116149,0.0,0.0,0.0,0.0,0.0,0.0,epa_udds,PPO_seed21
461,0.0,0.0,0.0,0.0,0.49104820606855437,25.020725453861512,0.0,0.0,0.0,0.0,0.0,0.0,epa_udds,PPO_seed21
462,0.0,0.0,0.0,0.0,0.49104820606855437,25.02072161717659,0.0,0.0,0.0,0.0,0.0,0.0,epa_udds,PPO_seed21
463,0.0,0.0,0.0,0.0,0.49104820606855437,25.02071778111287,0.0,0.0,0.0,0.0,0.0,0.0,epa_udds,PPO_seed21
464,0.0,0.0,0.0,0.0,0.49104820606855437,25.020713945676096,0.0,0.0,0.0,0.0,0.0,0.0,epa_udds,PPO_seed21
465,0.0,0.0,0.0,0.0,0.49104820606855437,25.02071011087162,0.0,0.0,0.0,0.0,0.0,0.0,epa_udds,PPO_seed21
466,0.0,0.0,0.0,0.0,0.49104820606855437,25.020706276704434,0.0,0.0,0.0,0.0,0.0,0.0,epa_udds,PPO_seed21
467,0.0,0.0,0.0,0.0,0.49104820606855437,25.020702443179196,0.0,0.0,0.0,0.0,0.0,0.0,epa_udds,PPO_seed21
468,0.0,0.0,0.0,0.0,0.49104820606855437,25.020698610300254,0.0,0.0,0.0,0.0,0.0,0.0,epa_udds,PPO_seed21
469,0.0,0.0,0.0,0.0,0.49104820606855437,25.020694778071658,0.0,0.0,0.0,0.0,0.0,0.0,epa_udds,PPO_seed21
470,0.0,0.0,0.0,0.0,0.49104820606855437,25.02069094649718,0.0,0.0,0.0,0.0,0.0,0.0,epa_udds,PPO_seed21
471,0.0,0.0,0.0,0.0,0.49104820606855437,25.020687115580344,0.0,0.0,0.0,0.0,0.0,0.0,epa_udds,PPO_seed21
472,0.3193,-207.3370171758427,0.0,0.0,0.4910469013784452,25.02068332599738,-0.0003897312352929374,0.0,0.001948656176464687,0.0,0.0,0.0,epa_udds,PPO_seed21
473,0.6386,-414.7884840734083,0.0,0.0,0.4910442912757947,25.0206796589892,-0.000779677601641745,0.0,0.003898388008208725,0.0,0.0,0.0,epa_udds,PPO_seed21
474,0.9579,-622.4688504144196,0.0,0.0,0.4910403743152594,25.0206761961757,-0.0011700542301022925,0.0,0.0058502711505114624,0.0,0.0,0.0,epa_udds,PPO_seed21
475,1.2773,-830.7564726946258,0.0,0.0,0.49103514666801046,25.020673020235872,-0.0015615723170951615,0.0,0.007807861585475807,0.0,0.0,0.0,epa_udds,PPO_seed21
476,1.5966,-1039.0394572799585,0.0,0.0,0.49102860835309237,25.020670213633974,-0.0019530816866164633,0.0,0.009765408433082316,0.0,0.0,0.0,epa_udds,PPO_seed21
477,1.9159,-1248.0934174289641,0.0,0.0,0.49102075450643806,25.02066786099845,-0.0023460402583251206,0.0,0.011730201291625603,0.0,0.0,0.0,epa_udds,PPO_seed21
478,2.2352,-1457.8341117522539,0.0,0.0,0.4910115807916682,25.020666048039228,-0.0027402896837448384,0.0,0.01370144841872419,0.0,0.0,0.0,epa_udds,PPO_seed21
479,2.112,0.0,0.0,55.39805798596548,0.4910115807916682,25.020662228453943,0.0,0.0,0.0,0.0,0.0,0.0,epa_udds,PPO_seed21
480,2.4313,-1587.0374385056955,0.0,0.0,0.49100159399608334,25.020660792192114,-0.002983153079897924,0.0,0.01491576539948962,0.0,0.0,0.0,epa_udds,PPO_seed21
481,2.7865,-1977.531832778604,0.0,0.0,0.49098914986220066,25.02066067880191,-0.0037171650992079024,0.0,0.018585825496039512,0.0,0.0,0.0,epa_udds,PPO_seed21
482,3.1746,-2419.732339295894,0.0,0.0,0.4909739229708953,25.020662414423494,-0.004548369058826868,0.0,0.02274184529413434,0.0,0.0,0.0,epa_udds,PPO_seed21
483,3.5901,-2895.36410927903,0.0,0.0,0.4909557028850429,25.02066655621319,-0.005442413739246297,0.0,0.027212068696231485,0.0,0.0,0.0,epa_udds,PPO_seed21
484,4.0251,-3376.0929951145554,0.0,0.0,0.4909344574530358,25.02067357187829,-0.006346039464501044,0.0,0.03173019732250522,0.0,0.0,0.0,epa_udds,PPO_seed21
485,4.4704,-3831.128147351365,0.0,0.0,0.49091034827594715,25.020683721167625,-0.007201368698028882,0.0,0.03600684349014441,0.0,0.0,0.0,epa_udds,PPO_seed21
486,4.9157,-4224.7887717866015,0.0,0.0,0.4908837614921959,25.020696913110328,-0.007941332277794364,0.0,0.03970666138897182,0.0,0.0,0.0,epa_udds,PPO_seed21
487,5.3507,-4526.92039760354,0.0,0.0,0.490855273017366,25.02071266186105,-0.008509248867675828,0.0,0.042546244338379134,0.0,0.0,0.0,epa_udds,PPO_seed21
488,5.7662,-4719.149754193481,0.0,0.0,0.49082557442044894,25.020730160530157,-0.00887058224472459,0.0,0.04435291122362295,0.0,0.0,0.0,epa_udds,PPO_seed21
489,6.1543,-4791.150381863096,0.0,0.0,0.4907954222954269,25.020748387526453,-0.009005921770419353,0.0,0.04502960885209677,0.0,0.0,0.0,epa_udds,PPO_seed21
490,6.5095,-4751.690839418933,0.0,0.0,0.49076551809580915,25.020766348388157,-0.00893174969815589,0.0,0.04465874849077945,0.0,0.0,0.0,epa_udds,PPO_seed21
491,6.8288,-4620.458927092923,0.0,0.0,0.4907364394101171,25.020783241874796,-0.008685073171227298,0.0,0.04342536585613649,0.0,0.0,0.0,epa_udds,PPO_seed21
492,7.1122,-4431.499466183216,0.0,0.0,0.4907085495940332,25.020798615577764,-0.008329886214630105,0.0,0.04164943107315053,0.0,0.0,0.0,epa_udds,PPO_seed21
493,7.3628,-4227.627770709264,0.0,0.0,0.4906819425552598,25.02081241632835,-0.007946668741934707,0.0,0.03973334370967353,0.0,0.0,0.0,epa_udds,PPO_seed21
494,7.5859,-4046.0454493476477,0.0,0.0,0.4906564780664993,25.02082488951877,-0.007605348588999338,0.0,0.03802674294499669,0.0,0.0,0.0,epa_udds,PPO_seed21
495,7.7895,-3932.645144298794,0.0,0.0,0.49063172705401353,25.02083659644062,-0.0073921901208623955,0.0,0.036960950604311975,0.0,0.0,0.0,epa_udds,PPO_seed21
496,7.9829,-3917.892613054132,0.0,0.0,0.4906070686787871,25.02084828095878,-0.0073644597989739324,0.0,0.03682229899486966,0.0,0.0,0.0,epa_udds,PPO_seed21
497,8.1762,-4026.4542963020635,0.0,0.0,0.49058172682994566,25.020860869312568,-0.007568523113349744,0.0,0.03784261556674872,0.0,0.0,0.0,epa_udds,PPO_seed21
498,8.3798,-4277.533596907023,0.0,0.0,0.4905548045020863,25.02087552377381,-0.008040476685915458,0.0,0.040202383429577285,0.0,0.0,0.0,epa_udds,PPO_seed21
499,8.6029,-4671.4706679936435,0.0,0.0,0.4905254025110808,25.020893619233682,-0.00878095990224369,0.0,0.04390479951121845,0.0,0.0,0.0,epa_udds,PPO_seed21
500,8.8535,-5208.976654949728,0.0,0.0,0.49049261715197173,25.020916864495682,-0.009791309501785203,0.0,0.048956547508926015,0.0,0.0,0.0,epa_udds,PPO_seed21
501,9.1369,-5869.197081609829,0.0,0.0,0.4904556759234324,25.020947182933522,-0.01103232534137186,0.0,0.0551616267068593,0.0,0.0,0.0,epa_udds,PPO_seed21
502,9.4563,-6636.826441446978,0.0,0.0,0.49041390259670725,25.020986774358164,-0.012475237671892816,0.0,0.062376188359464076,0.0,0.0,0.0,epa_udds,PPO_seed21
503,9.8114,-7470.245124258346,0.0,0.0,0.49036688283697466,25.02103772628272,-0.014041814143342754,0.0,0.07020907071671377,0.0,0.0,0.0,epa_udds,PPO_seed21
504,10.1995,-8335.727408602781,0.0,0.0,0.49031441452792,25.021101913474297,-0.01566866054248643,0.0,0.07834330271243216,0.0,0.0,0.0,epa_udds,PPO_seed21
505,10.615,-9181.530000701148,0.0,0.0,0.4902566211990424,25.021180474987585,-0.017258515038911935,0.0,0.08629257519455967,0.0,0.0,0.0,epa_udds,PPO_seed21
506,11.0501,-9955.814062289206,0.0,0.0,0.49019395266506227,25.021273482006304,-0.01871393620731054,0.0,0.0935696810365527,0.0,0.0,0.0,epa_udds,PPO_seed21
507,11.3037,-7030.436979910021,0.0,0.0,0.49014969728625835,25.02131993002526,-0.013215107105094027,0.0,0.06607553552547013,0.0,0.0,0.0,epa_udds,PPO_seed21
508,11.5574,-7229.303331479497,0.0,0.0,0.4901041894234313,25.02136934603599,-0.013588916036615595,0.0,0.06794458018307797,0.0,0.0,0.0,epa_udds,PPO_seed21
509,11.8009,-7233.704616776824,0.0,0.0,0.490058653186204,25.0214191219194,-0.013597189129279744,0.0,0.06798594564639872,0.0,0.0,0.0,epa_udds,PPO_seed21
510,12.0248,-7041.915417210019,0.0,0.0,0.4900143236301058,25.021466606083262,-0.013236683115056429,0.0,0.06618341557528214,0.0,0.0,0.0,epa_udds,PPO_seed21
511,12.2213,-6670.208393581705,0.0,0.0,0.4899723334508834,25.021509548598075,-0.012537985702221253,0.0,0.06268992851110626,0.0,0.0,0.0,epa_udds,PPO_seed21
512,12.3848,-6152.886780999299,0.0,0.0,0.48993359945702186,25.02154646082433,-0.01156557665601372,0.0,0.0578278832800686,0.0,0.0,0.0,epa_udds,PPO_seed21
513,12.5126,-5544.841815873003,0.0,0.0,0.48989869293084126,25.021576840889793,-0.010422634992242488,0.0,0.052113174961212434,0.0,0.0,0.0,epa_udds,PPO_seed21
514,12.6044,-4896.705128892894,0.0,0.0,0.4898678664100197,25.021600957843425,-0.009204332949046793,0.0,0.04602166474523397,0.0,0.0,0.0,epa_udds,PPO_seed21
515,12.6634,-4284.5734044746205,0.0,0.0,0.48984089335228204,25.02161983621564,-0.00805370940690718,0.0,0.040268547034535904,0.0,0.0,0.0,epa_udds,PPO_seed21
516,12.6949,-3758.1135182445787,0.0,0.0,0.4898172345063769,25.021634730342754,-0.007064123154595073,0.0,0.035320615772975364,0.0,0.0,0.0,epa_udds,PPO_seed21
517,12.7069,-3378.492899306687,0.0,0.0,0.48979596551333204,25.02164703540508,-0.006350550562606555,0.0,0.031752752813032775,0.0,0.0,0.0,epa_udds,PPO_seed21
518,12.7087,-3177.667449505533,0.0,0.0,0.48977596081262686,25.02165803639284,-0.005973059115611905,0.0,0.02986529557805952,0.0,0.0,0.0,epa_udds,PPO_seed21
519,12.7105,-3178.458291136144,0.0,0.0,0.4897559511600769,25.021668968885923,-0.005974545660030347,0.0,0.02987272830015173,0.0,0.0,0.0,epa_udds,PPO_seed21
520,12.7225,-3385.5979364088944,0.0,0.0,0.48973463750828256,25.02168111859952,-0.006363905895505441,0.0,0.031819529477527204,0.0,0.0,0.0,epa_udds,PPO_seed21
521,12.754,-3786.849174284615,0.0,0.0,0.4897107978352647,25.02169594444566,-0.007118137545647773,0.0,0.03559068772823886,0.0,0.0,0.0,epa_udds,PPO_seed21
522,12.813,-4363.804094375905,0.0,0.0,0.48968332598170267,25.02171521169125,-0.008202639275142679,0.0,0.04101319637571339,0.0,0.0,0.0,epa_udds,PPO_seed21
523,12.9048,-5071.352885456363,0.0,0.0,0.48965139973566196,25.021740840672454,-0.009532618205745044,0.0,0.047663091028725214,0.0,0.0,0.0,epa_udds,PPO_seed21
524,13.0326,-5876.715241749499,0.0,0.0,0.4896144032027611,25.02177492146379,-0.011046457221333645,0.0,0.05523228610666822,0.0,0.0,0.0,epa_udds,PPO_seed21
525,13.1961,-6716.424189551302,0.0,0.0,0.4895721199865093,25.02181918921854,-0.012624857499156584,0.0,0.06312428749578292,0.0,0.0,0.0,epa_udds,PPO_seed21
526,13.3927,-7547.085038812704,0.0,0.0,0.4895246068347907,25.02187492509031,-0.014186250072956211,0.0,0.07093125036478105,0.0,0.0,0.0,epa_udds,PPO_seed21
527,13.6166,-8299.75990719461,0.0,0.0,0.48947235446921983,25.021942280768915,-0.015601052457132725,0.0,0.07800526228566362,0.0,0.0,0.0,epa_udds,PPO_seed21
528,13.86,-8922.854329696987,0.0,0.0,0.4894161784394842,25.022020195541614,-0.016772282574618397,0.0,0.08386141287309198,0.0,0.0,0.0,epa_udds,PPO_seed21
529,14.1137,-9371.00719314252,0.0,0.0,0.48935717992478356,25.022106333172257,-0.017614675175079923,0.0,0.08807337587539961,0.0,0.0,0.0,epa_udds,PPO_seed21
530,14.3674,-9600.285798383,0.0,0.0,0.4892967367862633,25.022197095736544,-0.018045649996960525,0.0,0.09022824998480262,0.0,0.0,0.0,epa_udds,PPO_seed21
531,14.6108,-9589.21351566992,0.0,0.0,0.48923636222365097,25.022288187403674,-0.018024837435469777,0.0,0.09012418717734888,0.0,0.0,0.0,epa_udds,PPO_seed21
532,14.8347,-9343.4838475015,0.0,0.0,0.4891775337241819,25.022375401064984,-0.017562939562972748,0.0,0.08781469781486373,0.0,0.0,0.0,epa_udds,PPO_seed21
533,15.0312,-8878.273263083942,0.0,0.0,0.48912163334214104,25.02245508339047,-0.016688483577225455,0.0,0.08344241788612727,0.0,0.0,0.0,epa_udds,PPO_seed21
534,15.1948,-8241.29620888587,0.0,0.0,0.48906974279768645,25.02252487525856,-0.015491158287379453,0.0,0.07745579143689726,0.0,0.0,0.0,epa_udds,PPO_seed21
535,15.3225,-7489.87028371183,0.0,0.0,0.48902258295984935,25.022583825819012,-0.014078703540811711,0.0,0.07039351770405855,0.0,0.0,0.0,epa_udds,PPO_seed21
536,15.4144,-6701.895023082154,0.0,0.0,0.4889803842027316,25.02263244017964,-0.012597547035868711,0.0,0.06298773517934356,0.0,0.0,0.0,epa_udds,PPO_seed21
537,15.4733,-5949.702515842301,0.0,0.0,0.4889429214198701,25.022672192422043,-0.011183651345568237,0.0,0.055918256727841176,0.0,0.0,0.0,epa_udds,PPO_seed21
538,15.5049,-5312.305370542763,0.0,0.0,0.48890947194029605,25.022705198598054,-0.009985536410794667,0.0,0.049927682053973334,0.0,0.0,0.0,epa_udds,PPO_seed21
539,15.5169,-4846.708481425383,0.0,0.0,0.4888789540999607,25.022733696107746,-0.009110354288393577,0.0,0.045551771441967884,0.0,0.0,0.0,epa_udds,PPO_seed21
540,15.5187,-4601.548661464306,0.0,0.0,0.48884997994452717,25.0227599139428,-0.008649527559143434,0.0,0.043247637795717164,0.0,0.0,0.0,epa_udds,PPO_seed21
541,15.5205,-4602.590498277147,0.0,0.0,0.48882099926063316,25.022786027967097,-0.008651485899017194,0.0,0.04325742949508597,0.0,0.0,0.0,epa_udds,PPO_seed21
542,14.8832,7597.148744036761,0.0,0.0,0.4888688354404702,25.022846642137875,0.4111599748840346,0.0,0.07140177391011994,0.30388594976147043,0.0,0.0,epa_udds,PPO_seed21
543,14.2655,7077.050221274538,0.0,0.0,0.48891339483746665,25.022898446551388,0.3830120864115347,0.0,0.06651362989919678,0.2830820088509815,0.0,0.0,epa_udds,PPO_seed21
544,13.6751,6461.198160866119,0.0,0.0,0.48895407499560145,25.022941007579004,0.3496819876835663,0.0,0.06072554662468157,0.25844792643464476,0.0,0.0,epa_udds,PPO_seed21
545,13.1177,5795.657985607568,0.0,0.0,0.48899056352353526,25.022974710065423,0.3136627532361148,0.0,0.05447046978954481,0.2318263194243027,0.0,0.0,epa_udds,PPO_seed21
546,12.5962,5130.043512225042,0.0,0.0,0.4890228603739298,25.023000581610944,0.27763949775184843,0.0,0.04821469466376919,0.20520174048900167,0.0,0.0,epa_udds,PPO_seed21
547,12.1105,4507.962095966832,0.0,0.0,0.48905123998031075,25.023019993283175,0.24397226441179892,0.0,0.04236806481171834,0.18031848383867327,0.0,0.0,epa_udds,PPO_seed21
548,11.6577,3962.7823548031733,0.0,0.0,0.4890761867702229,25.02303438432459,0.21446697285618976,0.0,0.0372441950639396,0.15851129419212692,0.0,0.0,epa_udds,PPO_seed21
549,11.2323,3519.6235971744277,0.0,0.0,0.4890983432212602,25.023045097133085,0.1904830876124927,0.0,0.0330791691463762,0.1407849438869771,0.0,0.0,epa_udds,PPO_seed21
550,10.8265,3195.690097904617,0.0,0.0,0.48911846003340287,25.023053298371398,0.17295170920840172,0.0,0.030034681371283994,0.12782760391618467,0.0,0.0,epa_udds,PPO_seed21
551,10.4309,2996.7643750627567,0.0,0.0,0.48913732423439776,25.02305994853846,0.1621857892609152,0.0,0.028165078712995832,0.11987057500251026,0.0,0.0,epa_udds,PPO_seed21
552,10.0353,2917.38835495503,0.0,0.0,0.489155688431767,25.023065820646973,0.15788993518019778,0.0,0.027419063486419457,0.11669553419820121,0.0,0.0,epa_udds,PPO_seed21
553,9.6295,2941.8439498732255,0.0,0.0,0.48917420624087044,25.023071533552045,0.15921347933223665,0.0,0.02764890930331979,0.11767375799492902,0.0,0.0,epa_udds,PPO_seed21
554,9.2041,3045.0420676464437,0.0,0.0,0.4891933733112942,25.023077566291548,0.16479859250315113,0.0,0.02861881642524853,0.12180168270585774,0.0,0.0,epa_udds,PPO_seed21
555,8.7514,3192.866987245728,0.0,0.0,0.48921347052356423,25.02308423096833,0.17279892161048682,0.0,0.030008148376369625,0.12771467948982912,0.0,0.0,epa_udds,PPO_seed21
556,8.2657,3349.9866847116537,0.0,0.0,0.4892345563503905,25.023091649038186,0.18130228689138708,0.0,0.03148483726232757,0.13399946738846616,0.0,0.0,epa_udds,PPO_seed21
557,7.7441,3477.2464815644234,0.0,0.0,0.48925644281364195,25.023099690354307,0.18818962537068212,0.0,0.03268088798462804,0.13908985926257694,0.0,0.0,epa_udds,PPO_seed21
558,7.1867,3540.3549015313597,0.0,0.0,0.48927872611361145,25.023107973085597,0.1916050720392686,0.0,0.03327401223243759,0.1416141960612544,0.0,0.0,epa_udds,PPO_seed21
559,6.5964,3515.2645312260547,0.0,0.0,0.4893008511222552,25.023115933262165,0.19024717365236946,0.0,0.033038200481447885,0.1406105812490422,0.0,0.0,epa_udds,PPO_seed21
560,5.9787,3389.1552569020428,0.0,0.0,0.4893221820573378,25.02312293816947,0.18342210179835267,0.0,0.03185296294080867,0.1355662102760817,0.0,0.0,epa_udds,PPO_seed21
561,5.3414,3161.3997002520396,0.0,0.0,0.48934207922396766,25.02312842382785,0.1710959025745427,0.0,0.029712403197857513,0.1264559880100816,0.0,0.0,epa_udds,PPO_seed21
562,4.6939,2844.656540243362,0.0,0.0,0.4893599826280412,25.023132024644685,0.15395366749377232,0.0,0.026735493799279718,0.11378626160973448,0.0,0.0,epa_udds,PPO_seed21
563,4.0464,2461.911683898777,0.0,0.0,0.4893754769600012,25.023133639410634,0.1332394007571684,0.0,0.023138267705815573,0.09847646735595109,0.0,0.0,epa_udds,PPO_seed21
564,3.4091,2042.0536617463051,0.0,0.0,0.48938832872843663,25.02313341809099,0.11051655832518725,0.0,0.019192233663029183,0.08168214646985221,0.0,0.0,epa_udds,PPO_seed21
565,2.7914,1615.2845582173568,0.0,0.0,0.48939849451328,25.023131687107224,0.08741968609059049,0.0,0.015181245847907488,0.06461138232869428,0.0,0.0,epa_udds,PPO_seed21
566,2.2011,1208.888163883145,0.0,0.0,0.48940610259015194,25.023128847968575,0.06542539100474344,0.0,0.011361730863563391,0.048355526555325795,0.0,0.0,epa_udds,PPO_seed21
567,2.0862,0.0,0.0,35.423336991808235,0.48940610259015194,25.023124611442118,0.0,0.0,0.0,0.0,0.0,0.0,epa_udds,PPO_seed21
568,1.5646,740.505191614679,0.0,0.0,0.48941076289128105,25.023120891587777,0.04007636367851473,0.0,0.006959635259536457,0.02962020766458716,0.0,0.0,epa_udds,PPO_seed21
569,1.0431,494.16753952397613,0.0,0.0,0.4894138728776645,25.02311687606869,0.026744495860853985,0.0,0.0046444317624433845,0.019766701580959046,0.0,0.0,epa_udds,PPO_seed21
570,0.5215,247.29804405287015,0.0,0.0,0.4894154292151469,25.02311268234796,0.013383844519492928,0.0,0.002324229737339005,0.009891921762114807,0.0,0.0,epa_udds,PPO_seed21
571,0.0,0.0,0.0,0.0,0.4894154292151469,25.02310842802103,0.0,0.0,0.0,0.0,0.0,0.0,epa_udds,PPO_seed21
572,0.0,0.0,0.0,0.0,0.4894154292151469,25.023104172790642,0.0,0.0,0.0,0.0,0.0,0.0,epa_udds,PPO_seed21
573,0.0,0.0,0.0,0.0,0.4894154292151469,25.023099916767837,0.0,0.0,0.0,0.0,0.0,0.0,epa_udds,PPO_seed21
574,0.0,0.0,0.0,0.0,0.4894154292151469,25.023095660056367,0.0,0.0,0.0,0.0,0.0,0.0,epa_udds,PPO_seed21
575,0.0,0.0,0.0,0.0,0.4894154292151469,25.023091402753174,0.0,0.0,0.0,0.0,0.0,0.0,epa_udds,PPO_seed21
576,0.0,0.0,0.0,0.0,0.4894154292151469,25.023087144948835,0.0,0.0,0.0,0.0,0.0,0.0,epa_udds,PPO_seed21
577,0.0,0.0,0.0,0.0,0.4894154292151469,25.02308288672798,0.0,0.0,0.0,0.0,0.0,0.0,epa_udds,PPO_seed21
578,0.0,0.0,0.0,0.0,0.4894154292151469,25.023078628169678,0.0,0.0,0.0,0.0,0.0,0.0,epa_udds,PPO_seed21
579,0.0,0.0,0.0,0.0,0.4894154292151469,25.023074369347807,0.0,0.0,0.0,0.0,0.0,0.0,epa_udds,PPO_seed21
580,0.0,0.0,0.0,0.0,0.4894154292151469,25.023070110331393,0.0,0.0,0.0,0.0,0.0,0.0,epa_udds,PPO_seed21
581,0.0,0.0,0.0,0.0,0.4894154292151469,25.023065851184928,0.0,0.0,0.0,0.0,0.0,0.0,epa_udds,PPO_seed21
582,0.0,0.0,0.0,0.0,0.4894154292151469,25.023061591968666,0.0,0.0,0.0,0.0,0.0,0.0,epa_udds,PPO_seed21
583,0.0,0.0,0.0,0.0,0.4894154292151469,25.0230573327389,0.0,0.0,0.0,0.0,0.0,0.0,epa_udds,PPO_seed21
584,0.0,0.0,0.0,0.0,0.4894154292151469,25.02305307354823,0.0,0.0,0.0,0.0,0.0,0.0,epa_udds,PPO_seed21
585,0.0,0.0,0.0,0.0,0.4894154292151469,25.023048814445787,0.0,0.0,0.0,0.0,0.0,0.0,epa_udds,PPO_seed21
586,0.0,0.0,0.0,0.0,0.4894154292151469,25.023044555477476,0.0,0.0,0.0,0.0,0.0,0.0,epa_udds,PPO_seed21
587,0.0,0.0,0.0,0.0,0.4894154292151469,25.023040296686187,0.0,0.0,0.0,0.0,0.0,0.0,epa_udds,PPO_seed21
588,0.0,0.0,0.0,0.0,0.4894154292151469,25.023036038111986,0.0,0.0,0.0,0.0,0.0,0.0,epa_udds,PPO_seed21
589,0.0,0.0,0.0,0.0,0.4894154292151469,25.0230317797923,0.0,0.0,0.0,0.0,0.0,0.0,epa_udds,PPO_seed21
590,0.0,0.0,0.0,0.0,0.4894154292151469,25.0230275217621,0.0,0.0,0.0,0.0,0.0,0.0,epa_udds,PPO_seed21
591,0.0,0.0,0.0,0.0,0.4894154292151469,25.023023264054046,0.0,0.0,0.0,0.0,0.0,0.0,epa_udds,PPO_seed21
592,0.0,0.0,0.0,0.0,0.4894154292151469,25.023019006698657,0.0,0.0,0.0,0.0,0.0,0.0,epa_udds,PPO_seed21
593,0.0,0.0,0.0,0.0,0.4894154292151469,25.02301474972443,0.0,0.0,0.0,0.0,0.0,0.0,epa_udds,PPO_seed21
594,0.0,0.0,0.0,0.0,0.4894154292151469,25.023010493158,0.0,0.0,0.0,0.0,0.0,0.0,epa_udds,PPO_seed21
595,0.0,0.0,0.0,0.0,0.4894154292151469,25.02300623702423,0.0,0.0,0.0,0.0,0.0,0.0,epa_udds,PPO_seed21
596,0.0,0.0,0.0,0.0,0.4894154292151469,25.023001981346354,0.0,0.0,0.0,0.0,0.0,0.0,epa_udds,PPO_seed21
597,0.0,0.0,0.0,0.0,0.4894154292151469,25.02299772614607,0.0,0.0,0.0,0.0,0.0,0.0,epa_udds,PPO_seed21
598,0.0,0.0,0.0,0.0,0.4894154292151469,25.022993471443645,0.0,0.0,0.0,0.0,0.0,0.0,epa_udds,PPO_seed21
599,0.0,0.0,0.0,0.0,0.4894154292151469,25.022989217258004,0.0,0.0,0.0,0.0,0.0,0.0,epa_udds,PPO_seed21
600,0.0,0.0,0.0,0.0,0.4894154292151469,25.02298496360683,0.0,0.0,0.0,0.0,0.0,0.0,epa_udds,PPO_seed21
601,0.0,0.0,0.0,0.0,0.4894154292151469,25.02298071050663,0.0,0.0,0.0,0.0,0.0,0.0,epa_udds,PPO_seed21
602,0.1676,-69.27370082251481,0.0,0.0,0.4894149932583112,25.022976462514094,-0.00013021372335059175,0.0,0.0006510686167529588,0.0,0.0,0.0,epa_udds,PPO_seed21
603,0.3353,-138.65746189288168,0.0,0.0,0.48941412065205303,25.022972228903928,-0.00026063432686631894,0.0,0.0013031716343315947,0.0,0.0,0.0,epa_udds,PPO_seed21
604,0.5029,-207.92868443497474,0.0,0.0,0.4894128121043364,25.022968018895344,-0.00039084339179506534,0.0,0.0019542169589753266,0.0,0.0,0.0,epa_udds,PPO_seed21
605,0.6706,-277.44745514305345,0.0,0.0,0.4894110660567028,25.022963841852146,-0.0005215177728252885,0.0,0.0026075888641264424,0.0,0.0,0.0,epa_udds,PPO_seed21
606,0.8382,-346.78244532026855,0.0,0.0,0.48940888366485874,25.02295970696361,-0.0006518467017298281,0.0,0.0032592335086491404,0.0,0.0,0.0,epa_udds,PPO_seed21
607,1.0058,-416.3045288131315,0.0,0.0,0.48940626375022417,25.02295562365803,-0.0007825273097991194,0.0,0.003912636548995597,0.0,0.0,0.0,epa_udds,PPO_seed21
608,1.1735,-486.150059280131,0.0,0.0,0.4894032042758316,25.02295160159132,-0.0009138159009025019,0.0,0.004569079504512509,0.0,0.0,0.0,epa_udds,PPO_seed21
609,1.3411,-555.7048827361612,0.0,0.0,0.48939970706948294,25.022947649937453,-0.001044558050255942,0.0,0.00522279025127971,0.0,0.0,0.0,epa_udds,PPO_seed21
610,1.5088,-625.8511265607407,0.0,0.0,0.4893957684072554,25.022943778840546,-0.0011764118920314674,0.0,0.005882059460157337,0.0,0.0,0.0,epa_udds,PPO_seed21
611,1.6764,-695.6353225621489,0.0,0.0,0.4893913905654181,25.02293999747326,-0.0013075851927859942,0.0,0.0065379259639299706,0.0,0.0,0.0,epa_udds,PPO_seed21
612,1.844,-765.8197763059641,0.0,0.0,0.48938657102259564,25.022936316020182,-0.0014395108577179778,0.0,0.007197554288589888,0.0,0.0,0.0,epa_udds,PPO_seed21
613,2.0117,-836.5413107594951,0.0,0.0,0.4893813063960936,25.022932745100082,-0.001572446072856194,0.0,0.00786223036428097,0.0,0.0,0.0,epa_udds,PPO_seed21
614,2.1793,-906.7937227100676,0.0,0.0,0.4893755996353435,25.02292929388244,-0.0017044994787783225,0.0,0.008522497393891612,0.0,0.0,0.0,epa_udds,PPO_seed21
615,2.1053,-84.3931084976774,0.0,0.0,0.4893750685195585,25.022925075607358,-0.00015863366258961917,0.0,0.0007931683129480958,0.0,0.0,0.0,epa_udds,PPO_seed21
616,2.3887,-1425.5471537423073,0.0,0.0,0.48936609704965195,25.022922773627965,-0.00267959991304945,0.0,0.013397999565247249,0.0,0.0,0.0,epa_udds,PPO_seed21
617,2.6822,-1645.1838441115112,0.0,0.0,0.4893557432852678,25.02292111752942,-0.003092450834796074,0.0,0.015462254173980368,0.0,0.0,0.0,epa_udds,PPO_seed21
618,2.9758,-1828.629094410702,0.0,0.0,0.4893442349748104,25.022920074445473,-0.003437272733854703,0.0,0.017186363669273515,0.0,0.0,0.0,epa_udds,PPO_seed21
619,3.2592,-1954.4402897604496,0.0,0.0,0.4893319348174346,25.022919494260577,-0.0036737599431587403,0.0,0.0183687997157937,0.0,0.0,0.0,epa_udds,PPO_seed21
620,3.523,-2008.9139288800575,0.0,0.0,0.4893192917623387,25.022919133283633,-0.003776154001654244,0.0,0.01888077000827122,0.0,0.0,0.0,epa_udds,PPO_seed21
621,3.7594,-1987.2742318778382,0.0,0.0,0.4893067848256394,25.02291870725673,-0.0037354778794696213,0.0,0.018677389397348105,0.0,0.0,0.0,epa_udds,PPO_seed21
622,3.9629,-1895.6840581495078,0.0,0.0,0.48929485424847263,25.022917962458873,-0.0035633158987772705,0.0,0.01781657949388635,0.0,0.0,0.0,epa_udds,PPO_seed21
623,4.1306,-1749.1612393197152,0.0,0.0,0.4892838457653639,25.022916729932664,-0.003287897066390442,0.0,0.01643948533195221,0.0,0.0,0.0,epa_udds,PPO_seed21
624,4.2624,-1569.7052875887748,0.0,0.0,0.4892739666601052,25.022914950194647,-0.0029505738488510807,0.0,0.014752869244255402,0.0,0.0,0.0,epa_udds,PPO_seed21
625,4.3612,-1384.392527265929,0.0,0.0,0.48926525380945035,25.022912666672024,-0.00260224159260513,0.0,0.013011207963025647,0.0,0.0,0.0,epa_udds,PPO_seed21
626,4.4327,-1220.4801916254976,0.0,0.0,0.489257572540568,25.022909990756876,-0.0022941356985441684,0.0,0.011470678492720841,0.0,0.0,0.0,epa_udds,PPO_seed21
627,4.4846,-1099.2558003722047,0.0,0.0,0.4892506542001666,25.0229070578583,-0.002066270301451513,0.0,0.010331351507257563,0.0,0.0,0.0,epa_udds,PPO_seed21
628,4.5263,-1038.6565089664002,0.0,0.0,0.4892441172401573,25.022904009498138,-0.001952361858959399,0.0,0.009761809294796994,0.0,0.0,0.0,epa_udds,PPO_seed21
629,4.568,-1049.2405424403812,0.0,0.0,0.4892375136584679,25.022900988125535,-0.001972256658722521,0.0,0.009861283293612605,0.0,0.0,0.0,epa_udds,PPO_seed21
630,4.6199,-1135.7549268801704,0.0,0.0,0.4892303655730776,25.022898151809663,-0.0021348776821055837,0.0,0.010674388410527917,0.0,0.0,0.0,epa_udds,PPO_seed21
631,4.6913,-1297.4381766497436,0.0,0.0,0.4892221998903476,25.02289569532765,-0.002438793565131097,0.0,0.012193967825655485,0.0,0.0,0.0,epa_udds,PPO_seed21
632,4.7902,-1532.336377480587,0.0,0.0,0.4892125558083763,25.022893878119003,-0.002880331536617645,0.0,0.014401657683088225,0.0,0.0,0.0,epa_udds,PPO_seed21
633,4.922,-1830.0867096842467,0.0,0.0,0.4892010377379401,25.022893022678133,-0.003440012612188434,0.0,0.01720006306094217,0.0,0.0,0.0,epa_udds,PPO_seed21
634,5.0896,-2180.8416467799652,0.0,0.0,0.48918731205725535,25.02289351842717,-0.0040993264037217396,0.0,0.020496632018608695,0.0,0.0,0.0,epa_udds,PPO_seed21
635,5.2931,-2570.1827201897827,0.0,0.0,0.48917113587852035,25.02289579150879,-0.004831170526672524,0.0,0.024155852633362618,0.0,0.0,0.0,epa_udds,PPO_seed21
636,5.5295,-2976.249096970018,0.0,0.0,0.48915240388845577,25.0229002313096,-0.005594453189793267,0.0,0.027972265948966336,0.0,0.0,0.0,epa_udds,PPO_seed21
637,5.7934,-3376.265566960591,0.0,0.0,0.4891311541062979,25.02290712117048,-0.006346363847670284,0.0,0.031731819238351416,0.0,0.0,0.0,epa_udds,PPO_seed21
638,6.0767,-3736.7217482674105,0.0,0.0,0.48910763545604224,25.02291649378021,-0.007023913060653027,0.0,0.035119565303265134,0.0,0.0,0.0,epa_udds,PPO_seed21
639,6.3703,-4032.971464926807,0.0,0.0,0.48908225198722727,25.02292811257978,-0.007580773430313548,0.0,0.03790386715156774,0.0,0.0,0.0,epa_udds,PPO_seed21
640,6.6639,-4233.78953345673,0.0,0.0,0.48905560429517336,25.022941381413705,-0.007958251002738215,0.0,0.039791255013691074,0.0,0.0,0.0,epa_udds,PPO_seed21
641,6.9473,-4319.31502574761,0.0,0.0,0.4890284180077977,25.02295543073302,-0.0081190132062925,0.0,0.0405950660314625,0.0,0.0,0.0,epa_udds,PPO_seed21
642,7.1552,-3620.525780664489,0.0,0.0,0.48900562973818895,25.022964322328782,-0.006805499587715206,0.0,0.034027497938576026,0.0,0.0,0.0,epa_udds,PPO_seed21
643,7.3358,-3411.6316954228882,0.0,0.0,0.4889841561145566,25.022971896790043,-0.00641284153274979,0.0,0.03206420766374895,0.0,0.0,0.0,epa_udds,PPO_seed21
644,7.4834,-3105.7188664136625,0.0,0.0,0.48896460784068757,25.022977650784206,-0.0058378174180707945,0.0,0.02918908709035397,0.0,0.0,0.0,epa_udds,PPO_seed21
645,7.5951,-2735.4275252204043,0.0,0.0,0.4889473901850359,25.022981413101206,-0.00514178106244437,0.0,0.025708905312221846,0.0,0.0,0.0,epa_udds,PPO_seed21
646,7.671,-2340.7821771181148,0.0,0.0,0.48893265648887013,25.022983320514754,-0.004399966498342321,0.0,0.021999832491711606,0.0,0.0,0.0,epa_udds,PPO_seed21
647,7.714,-1962.108400995877,0.0,0.0,0.4889203062612546,25.022983711172706,-0.003688173686082476,0.0,0.01844086843041238,0.0,0.0,0.0,epa_udds,PPO_seed21
648,7.7296,-1637.7148195379157,0.0,0.0,0.48890999786989703,25.02298300675776,-0.0030784113149208946,0.0,0.015392056574604471,0.0,0.0,0.0,epa_udds,PPO_seed21
649,7.7256,-1401.0425012018138,0.0,0.0,0.48890117917978065,25.022981618947966,-0.002633538536093635,0.0,0.013167692680468175,0.0,0.0,0.0,epa_udds,PPO_seed21
650,7.7114,-1275.1226162332143,0.0,0.0,0.48889315308065456,25.022979900461007,-0.002396847022994764,0.0,0.01198423511497382,0.0,0.0,0.0,epa_udds,PPO_seed21
651,7.6973,-1273.008541884639,0.0,0.0,0.488885140295278,25.022978160818273,-0.0023928731990312765,0.0,0.011964365995156382,0.0,0.0,0.0,epa_udds,PPO_seed21
652,7.6933,-1392.9397774693468,0.0,0.0,0.48887637262577455,25.02297670839248,-0.00261830785238599,0.0,0.013091539261929951,0.0,0.0,0.0,epa_udds,PPO_seed21
653,7.7089,-1631.8854322671382,0.0,0.0,0.4888661009492741,25.022975929924414,-0.003067453820051012,0.0,0.015337269100255058,0.0,0.0,0.0,epa_udds,PPO_seed21
654,7.7518,-1973.1726743056427,0.0,0.0,0.48885368108154487,25.02297631537606,-0.0037089711923038397,0.0,0.018544855961519197,0.0,0.0,0.0,epa_udds,PPO_seed21
655,7.8278,-2400.99368483509,0.0,0.0,0.4888385683271967,25.022978484542694,-0.004513146024126109,0.0,0.022565730120630543,0.0,0.0,0.0,epa_udds,PPO_seed21
656,7.9395,-2884.3554523381326,0.0,0.0,0.48882041305587104,25.022983100440953,-0.005421720775071678,0.0,0.02710860387535839,0.0,0.0,0.0,epa_udds,PPO_seed21
657,8.0871,-3400.8064599378786,0.0,0.0,0.48879900693680156,25.02299083583133,-0.006392493345747892,0.0,0.03196246672873946,0.0,0.0,0.0,epa_udds,PPO_seed21
658,8.2677,-3915.470569492556,0.0,0.0,0.4887743611455672,25.023002202770826,-0.007359907085512324,0.0,0.03679953542756162,0.0,0.0,0.0,epa_udds,PPO_seed21
659,8.4756,-4391.147190940658,0.0,0.0,0.48874672100295463,25.02301739853051,-0.008254036073196726,0.0,0.04127018036598363,0.0,0.0,0.0,epa_udds,PPO_seed21
660,8.7031,-4794.291382284113,0.0,0.0,0.4887165429778584,25.02303620927992,-0.009011825906549085,0.0,0.04505912953274542,0.0,0.0,0.0,epa_udds,PPO_seed21
661,8.9408,-5089.066138810952,0.0,0.0,0.48868450913180433,25.023057906894227,-0.009565913794757429,0.0,0.047829568973787144,0.0,0.0,0.0,epa_udds,PPO_seed21
662,9.1785,-5247.527748614876,0.0,0.0,0.4886514774529084,25.023081299670014,-0.009863773963561799,0.0,0.04931886981780899,0.0,0.0,0.0,epa_udds,PPO_seed21
663,9.406,-5251.654655223703,0.0,0.0,0.48861841941448597,25.023104887764056,-0.009871531306811473,0.0,0.04935765653405736,0.0,0.0,0.0,epa_udds,PPO_seed21
664,9.6139,-5096.889974172317,0.0,0.0,0.48858633522585687,25.023127115768272,-0.009580620252203603,0.0,0.047903101261018016,0.0,0.0,0.0,epa_udds,PPO_seed21
665,9.7945,-4796.813505292057,0.0,0.0,0.48855613966171874,25.02314668182179,-0.009016566739270785,0.0,0.04508283369635392,0.0,0.0,0.0,epa_udds,PPO_seed21
666,9.9421,-4375.7096745234585,0.0,0.0,0.48852859466362714,25.023162722994673,-0.008225018185194471,0.0,0.04112509092597236,0.0,0.0,0.0,epa_udds,PPO_seed21
667,10.0538,-3876.5801571608836,0.0,0.0,0.48850419149582086,25.023174971355907,-0.007286804806693391,0.0,0.036434024033466954,0.0,0.0,0.0,epa_udds,PPO_seed21
668,10.1298,-3352.447946401108,0.0,0.0,0.4884830876389308,25.023183708375033,-0.006301593884212609,0.0,0.03150796942106304,0.0,0.0,0.0,epa_udds,PPO_seed21
669,10.1727,-2848.056344070287,0.0,0.0,0.48846515889485087,25.02318952731821,-0.005353489368553172,0.0,0.026767446842765857,0.0,0.0,0.0,epa_udds,PPO_seed21
670,10.1883,-2421.6569795581977,0.0,0.0,0.48844991434433,25.023193230162896,-0.004551986803680823,0.0,0.022759934018404114,0.0,0.0,0.0,epa_udds,PPO_seed21
671,10.1843,-2109.7119283549428,0.0,0.0,0.4884366335146141,25.023195579861916,-0.0039656239254792156,0.0,0.019828119627396078,0.0,0.0,0.0,epa_udds,PPO_seed21
672,10.1702,-1945.29561008557,0.0,0.0,0.4884243877121832,25.023197265282768,-0.003656570695649568,0.0,0.01828285347824784,0.0,0.0,0.0,epa_udds,PPO_seed21
673,10.156,-1939.2820487793877,0.0,0.0,0.4884121797834134,25.02319888707432,-0.0036452670089838117,0.0,0.018226335044919058,0.0,0.0,0.0,epa_udds,PPO_seed21
674,10.152,-2099.113430546475,0.0,0.0,0.48839896572245717,25.023201079890605,-0.003945701937117434,0.0,0.01972850968558717,0.0,0.0,0.0,epa_udds,PPO_seed21
675,10.1676,-2414.226379802241,0.0,0.0,0.4883837680160534,25.023204590260548,-0.004538019510906468,0.0,0.02269009755453234,0.0,0.0,0.0,epa_udds,PPO_seed21
676,10.2106,-2864.8775619770795,0.0,0.0,0.4883657334256226,25.023210343739994,-0.0053851081992050374,0.0,0.026925540996025184,0.0,0.0,0.0,epa_udds,PPO_seed21
677,10.2865,-3421.9908018292126,0.0,0.0,0.48834419172917426,25.023219430830206,-0.006432313537272956,0.0,0.03216156768636478,0.0,0.0,0.0,epa_udds,PPO_seed21
678,10.3982,-4052.291594506367,0.0,0.0,0.48831868214222923,25.02323302827307,-0.0076170894633578335,0.0,0.038085447316789166,0.0,0.0,0.0,epa_udds,PPO_seed21
679,10.5458,-4717.839851421505,0.0,0.0,0.4882889826845133,25.023252238875383,-0.008868120021468995,0.0,0.044340600107344974,0.0,0.0,0.0,epa_udds,PPO_seed21
680,10.7264,-5373.402461764411,0.0,0.0,0.4882551560943398,25.02327783938046,-0.010100380567226336,0.0,0.05050190283613168,0.0,0.0,0.0,epa_udds,PPO_seed21
681,10.9343,-5970.746062953707,0.0,0.0,0.4882175687298034,25.02331002267199,-0.01122320688525133,0.0,0.05611603442625665,0.0,0.0,0.0,epa_udds,PPO_seed21
682,10.7707,0.0,0.0,262.9924250695523,0.4882175687298034,25.023308652125916,0.0,0.0,0.0,0.0,0.0,0.0,epa_udds,PPO_seed21
683,10.6172,0.0,0.0,153.84829047697045,0.4882175687298034,25.0233070886988,0.0,0.0,0.0,0.0,0.0,0.0,epa_udds,PPO_seed21
684,10.4637,0.0,0.0,165.90906130779302,0.4882175687298034,25.023305345087426,0.0,0.0,0.0,0.0,0.0,0.0,epa_udds,PPO_seed21
685,10.3001,0.0,0.0,294.5913143465923,0.4882175687298034,25.023303433156215,0.0,0.0,0.0,0.0,0.0,0.0,epa_udds,PPO_seed21
686,10.1169,527.4026550005126,0.0,0.0,0.4882208887882746,25.023301627371545,0.02854319030596759,0.0,0.004956791870305569,0.021096106200020504,0.0,0.0,epa_udds,PPO_seed21
687,9.9062,839.1616679675905,0.0,0.0,0.48822617135273266,25.023300048113875,0.045415681849855005,0.0,0.007886857781650287,0.03356646671870362,0.0,0.0,epa_udds,PPO_seed21
688,9.6627,1192.9286396662926,0.0,0.0,0.48823368081860413,25.023298968546463,0.06456165675427047,0.0,0.011211735335209517,0.0477171455866517,0.0,0.0,epa_udds,PPO_seed21
689,9.3833,1556.7846028075273,0.0,0.0,0.48824348063952916,25.023298650919326,0.08425365090983895,0.0,0.014631434236912851,0.06227138411230109,0.0,0.0,epa_udds,PPO_seed21
690,9.068,1891.3360268615693,0.0,0.0,0.4882553862850328,25.02329923761444,0.10235967459661334,0.0,0.017775714538172643,0.07565344107446277,0.0,0.0,epa_udds,PPO_seed21
691,8.7199,2161.8454140190747,0.0,0.0,0.4882689945636671,25.023300675792143,0.1169997239857842,0.0,0.020318095996419875,0.08647381656076299,0.0,0.0,epa_udds,PPO_seed21
692,8.3443,2348.293963935349,0.0,0.0,0.4882837762879122,25.023302729741708,0.1270903755820048,0.0,0.02207043199187358,0.09393175855741395,0.0,0.0,epa_udds,PPO_seed21
693,7.9491,2433.1681125436403,0.0,0.0,0.4882990920542866,25.023304998576656,0.13168379003074526,0.0,0.02286812135849286,0.0973267245017456,0.0,0.0,epa_udds,PPO_seed21
694,7.5438,2414.428618697401,0.0,0.0,0.4883142896550023,25.023307027388054,0.13066960298784883,0.0,0.022691998296028203,0.09657714474789604,0.0,0.0,epa_udds,PPO_seed21
695,7.1385,2302.632054903777,0.0,0.0,0.4883287833615544,25.023308421148748,0.12461913933231117,0.0,0.021641278711501663,0.09210528219615108,0.0,0.0,epa_udds,PPO_seed21
696,6.7433,2114.4815966244487,0.0,0.0,0.48834209260698624,25.02330891182055,0.11443637994362993,0.0,0.019872947336695947,0.08457926386497795,0.0,0.0,epa_udds,PPO_seed21
697,6.3677,1870.1512826428504,0.0,0.0,0.48835386382280965,25.02330838382908,0.10121314986814464,0.0,0.01757660979927491,0.07480605130571402,0.0,0.0,epa_udds,PPO_seed21
698,6.0196,1593.4637827526442,0.0,0.0,0.48836389339392455,25.023306869593473,0.08623873915980099,0.0,0.014976163371735378,0.06373855131010576,0.0,0.0,epa_udds,PPO_seed21
699,5.7043,1309.3428040450067,0.0,0.0,0.4883721345790254,25.02330451150224,0.07086202634222526,0.0,0.012305853421475627,0.05237371216180027,0.0,0.0,epa_udds,PPO_seed21
700,5.4249,1034.2027806589701,0.0,0.0,0.48837864394503594,25.02330149333743,0.05597136552769373,0.0,0.009719950946042952,0.041368111226358806,0.0,0.0,epa_udds,PPO_seed21
701,5.1814,785.0938049970771,0.0,0.0,0.4883835853648049,25.023298007467062,0.0424895128448794,0.0,0.007378701174784559,0.03140375219988308,0.0,0.0,epa_udds,PPO_seed21
702,4.9707,575.0503494619276,0.0,0.0,0.48838720474112707,25.02329422114361,0.031121897860353045,0.0,0.005404608547574507,0.023002013978477103,0.0,0.0,epa_udds,PPO_seed21
703,4.7875,410.01210565150524,0.0,0.0,0.48838978535252386,25.023290257522014,0.022189978469770933,0.0,0.0038534972335667783,0.01640048422606021,0.0,0.0,epa_udds,PPO_seed21
704,4.6239,297.5008078738514,0.0,0.0,0.4883916578121144,25.023286200017335,0.016100833196060014,0.0,0.0027960602243783023,0.011900032314954056,0.0,0.0,epa_udds,PPO_seed21
705,4.4704,239.6883163070155,0.0,0.0,0.4883931663970427,25.023282097957132,0.01297200376524735,0.0,0.0022527097397275894,0.00958753265228062,0.0,0.0,epa_udds,PPO_seed21
706,4.3169,233.91474870790674,0.0,0.0,0.48839463863914534,25.02327798027852,0.012659536550372275,0.0,0.0021984468863525067,0.00935658994831627,0.0,0.0,epa_udds,PPO_seed21
707,4.1533,274.4601952008367,0.0,0.0,0.4883963660664238,25.02327387023112,0.014853868308688891,0.0,0.002579513112789819,0.010978407808033469,0.0,0.0,epa_udds,PPO_seed21
708,3.9701,351.9981929189513,0.0,0.0,0.48839858150439824,25.023269794714714,0.019050248064891813,0.0,0.0033082536928472866,0.014079927716758053,0.0,0.0,epa_udds,PPO_seed21
709,3.7594,451.68962184795583,0.0,0.0,0.48840142438063355,25.0232657835728,0.024445578180914182,0.0,0.004245203212856727,0.018067584873918234,0.0,0.0,epa_udds,PPO_seed21
710,3.5159,554.2211069707735,0.0,0.0,0.48840491256533675,25.023261858427084,0.029994612992297946,0.0,0.005208844990326819,0.022168844278830938,0.0,0.0,epa_udds,PPO_seed21
711,3.2365,642.8877793411577,0.0,0.0,0.488408958790472,25.023258022107836,0.034793279967651525,0.0,0.00604217837726652,0.02571551117364631,0.0,0.0,epa_udds,PPO_seed21
712,2.9212,700.1060090906365,0.0,0.0,0.48841336512083056,25.023254247204864,0.037889947770183466,0.0,0.006579943694460869,0.02800424036362546,0.0,0.0,epa_udds,PPO_seed21
713,2.2352,1467.0515867383765,0.0,0.0,0.488422598421447,25.023252034909966,0.07939727309280327,0.0,0.013788078822729102,0.05868206346953506,0.0,0.0,epa_udds,PPO_seed21
714,1.9558,393.98066635949823,0.0,0.0,0.4884250780334779,25.023247916656008,0.021322352153802016,0.0,0.0037028258116494194,0.01575922665437993,0.0,0.0,epa_udds,PPO_seed21
715,1.6764,338.41546375525286,0.0,0.0,0.48842720792734856,25.0232437550103,0.018315146677521127,0.0,0.0031805964638651585,0.013536618550210114,0.0,0.0,epa_udds,PPO_seed21
716,1.397,282.51899204354885,0.0,0.0,0.4884289860203354,25.023239556614936,0.01529001281751477,0.0,0.00265525368461982,0.011300759681741953,0.0,0.0,epa_udds,PPO_seed21
717,1.1176,226.3464627422972,0.0,0.0,0.48843041057691783,25.023235328102515,0.012249938637737257,0.0,0.0021273163791569287,0.009053858509691889,0.0,0.0,epa_udds,PPO_seed21
718,0.8382,169.95308736940657,0.0,0.0,0.4884314802087828,25.023231076091808,0.00919791220214277,0.0,0.0015973034527199865,0.006798123494776263,0.0,0.0,epa_udds,PPO_seed21
719,0.5588,113.39407744278711,0.0,0.0,0.4884321938748306,25.023226807181736,0.006136921574685576,0.0,0.0010657338105525104,0.004535763097711485,0.0,0.0,epa_udds,PPO_seed21
720,0.2794,56.72464448034838,0.0,0.0,0.4884325508811811,25.0232225279438,0.0030699548193199072,0.0,0.0005331263578980111,0.0022689857792139354,0.0,0.0,epa_udds,PPO_seed21
721,0.0,0.0,0.0,0.0,0.4884325508811811,25.02321824491305,0.0,0.0,0.0,0.0,0.0,0.0,epa_udds,PPO_seed21
722,0.0,0.0,0.0,0.0,0.4884325508811811,25.023213961532335,0.0,0.0,0.0,0.0,0.0,0.0,epa_udds,PPO_seed21
723,0.0,0.0,0.0,0.0,0.4884325508811811,25.023209677876658,0.0,0.0,0.0,0.0,0.0,0.0,epa_udds,PPO_seed21
724,0.0,0.0,0.0,0.0,0.4884325508811811,25.023205394016095,0.0,0.0,0.0,0.0,0.0,0.0,epa_udds,PPO_seed21
725,0.0,0.0,0.0,0.0,0.4884325508811811,25.02320111001612,0.0,0.0,0.0,0.0,0.0,0.0,epa_udds,PPO_seed21
726,0.0,0.0,0.0,0.0,0.4884325508811811,25.023196825937905,0.0,0.0,0.0,0.0,0.0,0.0,epa_udds,PPO_seed21
727,0.0,0.0,0.0,0.0,0.4884325508811811,25.0231925418386,0.0,0.0,0.0,0.0,0.0,0.0,epa_udds,PPO_seed21
728,0.0,0.0,0.0,0.0,0.4884325508811811,25.023188257771597,0.0,0.0,0.0,0.0,0.0,0.0,epa_udds,PPO_seed21
729,0.0,0.0,0.0,0.0,0.4884325508811811,25.023183973786786,0.0,0.0,0.0,0.0,0.0,0.0,epa_udds,PPO_seed21
730,0.0,0.0,0.0,0.0,0.4884325508811811,25.023179689930767,0.0,0.0,0.0,0.0,0.0,0.0,epa_udds,PPO_seed21
731,0.0,0.0,0.0,0.0,0.4884325508811811,25.023175406247084,0.0,0.0,0.0,0.0,0.0,0.0,epa_udds,PPO_seed21
732,0.0,0.0,0.0,0.0,0.4884325508811811,25.02317112277641,0.0,0.0,0.0,0.0,0.0,0.0,epa_udds,PPO_seed21
733,0.0,0.0,0.0,0.0,0.4884325508811811,25.023166839556747,0.0,0.0,0.0,0.0,0.0,0.0,epa_udds,PPO_seed21
734,0.0,0.0,0.0,0.0,0.4884325508811811,25.023162556623593,0.0,0.0,0.0,0.0,0.0,0.0,epa_udds,PPO_seed21
735,0.0,0.0,0.0,0.0,0.4884325508811811,25.02315827401011,0.0,0.0,0.0,0.0,0.0,0.0,epa_udds,PPO_seed21
736,0.0,0.0,0.0,0.0,0.4884325508811811,25.023153991747282,0.0,0.0,0.0,0.0,0.0,0.0,epa_udds,PPO_seed21
737,0.0,0.0,0.0,0.0,0.4884325508811811,25.023149709864043,0.0,0.0,0.0,0.0,0.0,0.0,epa_udds,PPO_seed21
738,0.0,0.0,0.0,0.0,0.4884325508811811,25.023145428387426,0.0,0.0,0.0,0.0,0.0,0.0,epa_udds,PPO_seed21
739,0.0,0.0,0.0,0.0,0.4884325508811811,25.02314114734268,0.0,0.0,0.0,0.0,0.0,0.0,epa_udds,PPO_seed21
740,0.0,0.0,0.0,0.0,0.4884325508811811,25.023136866753394,0.0,0.0,0.0,0.0,0.0,0.0,epa_udds,PPO_seed21
741,0.0,0.0,0.0,0.0,0.4884325508811811,25.02313258664159,0.0,0.0,0.0,0.0,0.0,0.0,epa_udds,PPO_seed21
742,0.0,0.0,0.0,0.0,0.4884325508811811,25.02312830702785,0.0,0.0,0.0,0.0,0.0,0.0,epa_udds,PPO_seed21
743,0.0,0.0,0.0,0.0,0.4884325508811811,25.023124027931388,0.0,0.0,0.0,0.0,0.0,0.0,epa_udds,PPO_seed21
744,0.0,0.0,0.0,0.0,0.4884325508811811,25.023119749370156,0.0,0.0,0.0,0.0,0.0,0.0,epa_udds,PPO_seed21
745,0.0,0.0,0.0,0.0,0.4884325508811811,25.023115471360914,0.0,0.0,0.0,0.0,0.0,0.0,epa_udds,PPO_seed21
746,0.0,0.0,0.0,0.0,0.4884325508811811,25.023111193919313,0.0,0.0,0.0,0.0,0.0,0.0,epa_udds,PPO_seed21
747,0.0,0.0,0.0,0.0,0.4884325508811811,25.02310691705997,0.0,0.0,0.0,0.0,0.0,0.0,epa_udds,PPO_seed21
748,0.0,0.0,0.0,0.0,0.4884325508811811,25.023102640796537,0.0,0.0,0.0,0.0,0.0,0.0,epa_udds,PPO_seed21
749,0.0,0.0,0.0,0.0,0.4884325508811811,25.02309836514176,0.0,0.0,0.0,0.0,0.0,0.0,epa_udds,PPO_seed21
750,0.0,0.0,0.0,0.0,0.4884325508811811,25.023094090107534,0.0,0.0,0.0,0.0,0.0,0.0,epa_udds,PPO_seed21
751,0.0,0.0,0.0,0.0,0.4884325508811811,25.023089815704974,0.0,0.0,0.0,0.0,0.0,0.0,epa_udds,PPO_seed21
752,0.0,0.0,0.0,0.0,0.4884325508811811,25.023085541944454,0.0,0.0,0.0,0.0,0.0,0.0,epa_udds,PPO_seed21
753,0.0,0.0,0.0,0.0,0.4884325508811811,25.02308126883565,0.0,0.0,0.0,0.0,0.0,0.0,epa_udds,PPO_seed21
754,0.0,0.0,0.0,0.0,0.4884325508811811,25.02307699638761,0.0,0.0,0.0,0.0,0.0,0.0,epa_udds,PPO_seed21
755,0.0,0.0,0.0,0.0,0.4884325508811811,25.02307272460876,0.0,0.0,0.0,0.0,0.0,0.0,epa_udds,PPO_seed21
756,0.0,0.0,0.0,0.0,0.4884325508811811,25.02306845350698,0.0,0.0,0.0,0.0,0.0,0.0,epa_udds,PPO_seed21
757,0.0,0.0,0.0,0.0,0.4884325508811811,25.023064183089616,0.0,0.0,0.0,0.0,0.0,0.0,epa_udds,PPO_seed21
758,0.0,0.0,0.0,0.0,0.4884325508811811,25.02305991336353,0.0,0.0,0.0,0.0,0.0,0.0,epa_udds,PPO_seed21
759,0.0,0.0,0.0,0.0,0.4884325508811811,25.023055644335113,0.0,0.0,0.0,0.0,0.0,0.0,epa_udds,PPO_seed21
760,0.0,0.0,0.0,0.0,0.4884325508811811,25.023051376010336,0.0,0.0,0.0,0.0,0.0,0.0,epa_udds,PPO_seed21
761,0.0,0.0,0.0,0.0,0.4884325508811811,25.023047108394767,0.0,0.0,0.0,0.0,0.0,0.0,epa_udds,PPO_seed21
762,0.3353,-226.07389744843724,0.0,0.0,0.48843112806983957,25.02304288986465,-0.0004249509350534535,0.0,0.0021247546752672674,0.0,0.0,0.0,epa_udds,PPO_seed21
763,0.6706,-452.2803262541646,0.0,0.0,0.4884282816113213,25.023038817574086,-0.0008501509891995576,0.0,0.004250754945997788,0.0,0.0,0.0,epa_udds,PPO_seed21
764,1.0058,-678.5277643686871,0.0,0.0,0.48842401124250795,25.023034988790048,-0.0012754281285125698,0.0,0.006377140642562849,0.0,0.0,0.0,epa_udds,PPO_seed21
765,1.3411,-905.5531694028277,0.0,0.0,0.48841831205901526,25.023031502262636,-0.0017021676116594508,0.0,0.008510838058297254,0.0,0.0,0.0,epa_udds,PPO_seed21
766,1.6764,-1132.9522025621486,0.0,0.0,0.48841118169812164,25.023028457142967,-0.0021296094033123095,0.0,0.010648047016561546,0.0,0.0,0.0,epa_udds,PPO_seed21
767,2.0117,-1361.013852981718,0.0,0.0,0.48840261597534906,25.0230259541599,-0.002558296716131049,0.0,0.012791483580655244,0.0,0.0,0.0,epa_udds,PPO_seed21
768,2.0091,-303.21491156415294,0.0,0.0,0.48840070764363475,25.0230217904135,-0.0005699528412860018,0.0,0.002849764206430009,0.0,0.0,0.0,epa_udds,PPO_seed21
769,2.4406,-2019.1388866518919,0.0,0.0,0.4883879998633488,25.023021399519887,-0.0037953738470900226,0.0,0.01897686923545011,0.0,0.0,0.0,epa_udds,PPO_seed21
770,2.8916,-2484.043318270725,0.0,0.0,0.48837236603110834,25.023022999901645,-0.004669254357651739,0.0,0.023346271788258696,0.0,0.0,0.0,epa_udds,PPO_seed21
771,3.3528,-2939.095113830524,0.0,0.0,0.4883538680930616,25.023026951120833,-0.005524614875621286,0.0,0.02762307437810643,0.0,0.0,0.0,epa_udds,PPO_seed21
772,3.814,-3350.7741441053936,0.0,0.0,0.48833277895552357,25.023033375423474,-0.006298447639295853,0.0,0.03149223819647926,0.0,0.0,0.0,epa_udds,PPO_seed21
773,4.265,-3688.4328593301243,0.0,0.0,0.48830956441814877,25.023042080397317,-0.006933144472425046,0.0,0.03466572236212523,0.0,0.0,0.0,epa_udds,PPO_seed21
774,4.6965,-3929.7812097872434,0.0,0.0,0.4882848305872519,25.02305256639946,-0.007386806785314368,0.0,0.03693403392657184,0.0,0.0,0.0,epa_udds,PPO_seed21
775,5.1006,-4062.344115499833,0.0,0.0,0.48825926211318743,25.02306410572775,-0.007635985179510966,0.0,0.038179925897554826,0.0,0.0,0.0,epa_udds,PPO_seed21
776,5.4717,-4089.603114841653,0.0,0.0,0.4882335217660496,25.02307591460804,-0.007687223900078296,0.0,0.038436119500391476,0.0,0.0,0.0,epa_udds,PPO_seed21
777,5.807,-4029.692302082949,0.0,0.0,0.4882081582096726,25.023087328898253,-0.007574609590381483,0.0,0.037873047951907414,0.0,0.0,0.0,epa_udds,PPO_seed21
778,6.1064,-3909.211141878216,0.0,0.0,0.48818355271052993,25.02309790768307,-0.007348141244131985,0.0,0.036740706220659926,0.0,0.0,0.0,epa_udds,PPO_seed21
779,6.3729,-3766.088082701552,0.0,0.0,0.48815984781791744,25.023107517956667,-0.007079112937408933,0.0,0.03539556468704466,0.0,0.0,0.0,epa_udds,PPO_seed21
780,6.612,-3637.5956251169414,0.0,0.0,0.48813695147821745,25.023116298611424,-0.006837585761498011,0.0,0.03418792880749005,0.0,0.0,0.0,epa_udds,PPO_seed21
781,6.8315,-3561.881002523517,0.0,0.0,0.48811453151702106,25.023124632978124,-0.006695265042337438,0.0,0.03347632521168719,0.0,0.0,0.0,epa_udds,PPO_seed21
782,7.0409,-3572.424456513702,0.0,0.0,0.48809204500524733,25.023133107780062,-0.006715083564875379,0.0,0.033575417824376896,0.0,0.0,0.0,epa_udds,PPO_seed21
783,7.2502,-3690.198907609971,0.0,0.0,0.4880688169787208,25.023142463253688,-0.006936464112048817,0.0,0.03468232056024408,0.0,0.0,0.0,epa_udds,PPO_seed21
784,7.4698,-3935.8021499717042,0.0,0.0,0.48804404279375607,25.023153667957384,-0.007398124342052077,0.0,0.03699062171026038,0.0,0.0,0.0,epa_udds,PPO_seed21
785,7.7089,-4312.012998933799,0.0,0.0,0.4880169002823901,25.023167896328562,-0.008105287591980826,0.0,0.04052643795990413,0.0,0.0,0.0,epa_udds,PPO_seed21
786,7.9754,-4820.543987686397,0.0,0.0,0.48798655645727623,25.023186623328712,-0.009061172909184956,0.0,0.04530586454592478,0.0,0.0,0.0,epa_udds,PPO_seed21
787,8.2748,-5448.585560074555,0.0,0.0,0.48795225891444005,25.023211580714722,-0.01024170218059127,0.0,0.05120851090295635,0.0,0.0,0.0,epa_udds,PPO_seed21
788,8.6101,-6178.755066467429,0.0,0.0,0.48791336461307017,25.02324473060265,-0.011614201252758326,0.0,0.05807100626379163,0.0,0.0,0.0,epa_udds,PPO_seed21
789,8.9812,-6979.570827453228,0.0,0.0,0.48786942862317484,25.023288050121238,-0.013119494036566218,0.0,0.06559747018283109,0.0,0.0,0.0,epa_udds,PPO_seed21
790,9.3853,-7816.2042553741085,0.0,0.0,0.4878202252003026,25.02334332971595,-0.014692113261981408,0.0,0.07346056630990704,0.0,0.0,0.0,epa_udds,PPO_seed21
791,9.8167,-8640.01206900975,0.0,0.0,0.4877658347661202,25.023411740226866,-0.016240624189867953,0.0,0.08120312094933976,0.0,0.0,0.0,epa_udds,PPO_seed21
792,10.2677,-9404.500637098796,0.0,0.0,0.48770663040903345,25.023493568955715,-0.017677632776501497,0.0,0.08838816388250748,0.0,0.0,0.0,epa_udds,PPO_seed21
793,10.729,-10059.813879353887,0.0,0.0,0.4876432990947096,25.023587897224417,-0.01890942458525167,0.0,0.09454712292625835,0.0,0.0,0.0,epa_udds,PPO_seed21
794,11.1902,-10556.792853915702,0.0,0.0,0.4875768373305665,25.02369241422845,-0.019843595590067112,0.0,0.09921797795033555,0.0,0.0,0.0,epa_udds,PPO_seed21
795,11.6412,-10867.79576006384,0.0,0.0,0.48750841575547577,25.023803786038716,-0.020428187518916993,0.0,0.10214093759458497,0.0,0.0,0.0,epa_udds,PPO_seed21
796,12.0727,-10976.809099721093,0.0,0.0,0.4874393059647819,25.023918004963342,-0.020633099811505816,0.0,0.10316549905752907,0.0,0.0,0.0,epa_udds,PPO_seed21
797,12.4767,-10882.91924786729,0.0,0.0,0.487370785458368,25.02403090212877,-0.020456615127570094,0.0,0.10228307563785047,0.0,0.0,0.0,epa_udds,PPO_seed21
798,12.8478,-10619.843014862186,0.0,0.0,0.487303919593025,25.02413907296876,-0.01996211093019208,0.0,0.09981055465096039,0.0,0.0,0.0,epa_udds,PPO_seed21
799,13.1831,-10230.268765508077,0.0,0.0,0.4872395050522868,25.024240170283875,-0.019229828506594132,0.0,0.09614914253297065,0.0,0.0,0.0,epa_udds,PPO_seed21
800,13.4826,-9774.948224207415,0.0,0.0,0.48717795605944325,25.024333229701455,-0.01837396282745755,0.0,0.09186981413728774,0.0,0.0,0.0,epa_udds,PPO_seed21
801,13.7491,-9320.842131741547,0.0,0.0,0.48711926522363824,25.024418622157146,-0.017520379946882606,0.0,0.08760189973441303,0.0,0.0,0.0,epa_udds,PPO_seed21
802,13.7646,-3960.4779750959456,0.0,0.0,0.48709432671515773,25.0244370659468,-0.00744450747198486,0.0,0.0372225373599243,0.0,0.0,0.0,epa_udds,PPO_seed21
803,13.7607,-3543.222910914688,0.0,0.0,0.48707201562622365,25.02445244356669,-0.006660193441568963,0.0,0.03330096720784481,0.0,0.0,0.0,epa_udds,PPO_seed21
804,13.7465,-3316.1708428008737,0.0,0.0,0.4870511343030204,25.024466203965222,-0.006233403839851267,0.0,0.03116701919925633,0.0,0.0,0.0,epa_udds,PPO_seed21
805,13.7323,-3309.6055131319076,0.0,0.0,0.4870302943905232,25.024479762691218,-0.00622106299460885,0.0,0.031105314973044244,0.0,0.0,0.0,epa_udds,PPO_seed21
806,13.7283,-3525.5802422955935,0.0,0.0,0.4870080946008669,25.024494565625304,-0.006627030530630815,0.0,0.033135152653154074,0.0,0.0,0.0,epa_udds,PPO_seed21
807,13.7439,-3952.0741316771164,0.0,0.0,0.486983209332764,25.024512265007342,-0.0074287107738291655,0.0,0.03714355386914583,0.0,0.0,0.0,epa_udds,PPO_seed21
808,13.7869,-4561.630729669635,0.0,0.0,0.48695448585320517,25.0245348059709,-0.008574493852762472,0.0,0.04287246926381236,0.0,0.0,0.0,epa_udds,PPO_seed21
809,13.8628,-5313.257911227642,0.0,0.0,0.4869210295112371,25.024564370538453,-0.009987326900803839,0.0,0.04993663450401919,0.0,0.0,0.0,epa_udds,PPO_seed21
810,13.9746,-6161.996303046766,0.0,0.0,0.4868822287039429,25.0246032335501,-0.01158269981775708,0.0,0.057913499088785396,0.0,0.0,0.0,epa_udds,PPO_seed21
811,14.1222,-7047.846292544945,0.0,0.0,0.48683784957500337,25.02465334257003,-0.013247831376964182,0.0,0.0662391568848209,0.0,0.0,0.0,epa_udds,PPO_seed21
812,14.3027,-7912.90654874725,0.0,0.0,0.4867880228116355,25.02471596463748,-0.01487388449012641,0.0,0.07436942245063205,0.0,0.0,0.0,epa_udds,PPO_seed21
813,14.5106,-8697.333376740085,0.0,0.0,0.4867332559003559,25.024791274056867,-0.016348371008909936,0.0,0.08174185504454967,0.0,0.0,0.0,epa_udds,PPO_seed21
814,14.7381,-9340.504195178151,0.0,0.0,0.48667443807221467,25.024878002589094,-0.017557338712740886,0.0,0.08778669356370443,0.0,0.0,0.0,epa_udds,PPO_seed21
815,14.9758,-9790.74550843813,0.0,0.0,0.48661278400130475,25.02497339093007,-0.018403656970748368,0.0,0.09201828485374183,0.0,0.0,0.0,epa_udds,PPO_seed21
816,15.2135,-10010.11716065812,0.0,0.0,0.48654974737371626,25.025073444421693,-0.01881600970048519,0.0,0.09408004850242593,0.0,0.0,0.0,epa_udds,PPO_seed21
817,15.441,-9977.907809899798,0.0,0.0,0.48648691242974546,25.025173461393422,-0.01875546580808233,0.0,0.09377732904041164,0.0,0.0,0.0,epa_udds,PPO_seed21
818,15.649,-9696.92781862911,0.0,0.0,0.4864258458522584,25.025268805799318,-0.018227307929753966,0.0,0.09113653964876983,0.0,0.0,0.0,epa_udds,PPO_seed21
819,15.8295,-9184.325864228807,0.0,0.0,0.4863680064569411,25.025355503220208,-0.01726377042148272,0.0,0.08631885210741361,0.0,0.0,0.0,epa_udds,PPO_seed21
820,15.9771,-8496.242329452241,0.0,0.0,0.4863144996011015,25.025431122089554,-0.015970380318519252,0.0,0.07985190159259625,0.0,0.0,0.0,epa_udds,PPO_seed21
821,16.0889,-7693.519068664929,0.0,0.0,0.48626604751727,25.0254947750339,-0.014461502008768666,0.0,0.07230751004384332,0.0,0.0,0.0,epa_udds,PPO_seed21
822,16.1648,-6850.2870012637695,0.0,0.0,0.48622290557003534,25.025547038367378,-0.012876479325683777,0.0,0.06438239662841888,0.0,0.0,0.0,epa_udds,PPO_seed21
823,16.2078,-6052.250433564044,0.0,0.0,0.4861847893291946,25.02558965382211,-0.011376410589406099,0.0,0.05688205294703049,0.0,0.0,0.0,epa_udds,PPO_seed21
824,16.2234,-5371.407820819865,0.0,0.0,0.4861509608674452,25.02562489480734,-0.010096631242142605,0.0,0.05048315621071302,0.0,0.0,0.0,epa_udds,PPO_seed21
825,16.2194,-4874.338644258289,0.0,0.0,0.48612026289152593,25.025655211807972,-0.00916229068469603,0.0,0.045811453423480156,0.0,0.0,0.0,epa_udds,PPO_seed21
826,16.2052,-4608.576639811826,0.0,0.0,0.48609123870512455,25.02568297820988,-0.008662738044759071,0.0,0.04331369022379535,0.0,0.0,0.0,epa_udds,PPO_seed21
827,16.191,-4600.173936821349,0.0,0.0,0.48606226751470705,25.025710479146174,-0.008646943490265695,0.0,0.043234717451328473,0.0,0.0,0.0,epa_udds,PPO_seed21
828,16.187,-4854.642784016771,0.0,0.0,0.4860316937962197,25.025740074569715,-0.009125268391008967,0.0,0.045626341955044836,0.0,0.0,0.0,epa_udds,PPO_seed21
829,16.2026,-5358.117782311019,0.0,0.0,0.48599794932866835,25.02577439873395,-0.010071649966750036,0.0,0.05035824983375018,0.0,0.0,0.0,epa_udds,PPO_seed21
830,16.2456,-6078.043179227541,0.0,0.0,0.48595967088668396,25.025816453893288,-0.011424893194036733,0.0,0.05712446597018366,0.0,0.0,0.0,epa_udds,PPO_seed21
831,16.3215,-6965.378115936766,0.0,0.0,0.4859158040389659,25.025869504530416,-0.013092816007399938,0.0,0.06546408003699969,0.0,0.0,0.0,epa_udds,PPO_seed21
832,16.4333,-7966.060602280121,0.0,0.0,0.48586563475250744,25.02593686034929,-0.014973798124586693,0.0,0.07486899062293347,0.0,0.0,0.0,epa_udds,PPO_seed21
833,16.5809,-9008.325441002255,0.0,0.0,0.48580890087906,25.02602125948069,-0.016932942558274915,0.0,0.08466471279137458,0.0,0.0,0.0,epa_udds,PPO_seed21
834,16.7614,-10023.309930786212,0.0,0.0,0.4857457738924815,25.02612437967704,-0.01884080814057559,0.0,0.09420404070287794,0.0,0.0,0.0,epa_udds,PPO_seed21
835,16.9694,-10943.36974961212,0.0,0.0,0.48567685125335985,25.02624633218707,-0.02057024389024835,0.0,0.10285121945124173,0.0,0.0,0.0,epa_udds,PPO_seed21
836,17.1969,-11690.04541901786,0.0,0.0,0.48560322458290045,25.02638497728248,-0.02197376958462004,0.0,0.1098688479231002,0.0,0.0,0.0,epa_udds,PPO_seed21
837,17.4346,-12212.353986254157,0.0,0.0,0.48552630668668445,25.026536234902693,-0.022955552605740896,0.0,0.11477776302870447,0.0,0.0,0.0,epa_udds,PPO_seed21
838,17.6723,-12465.268359326545,0.0,0.0,0.48544779410770383,25.02669426193308,-0.023430955562643883,0.0,0.11715477781321941,0.0,0.0,0.0,epa_udds,PPO_seed21
839,17.8998,-12426.606847987858,0.0,0.0,0.48536952328642646,25.02685226427857,-0.02335828354884936,0.0,0.11679141774424678,0.0,0.0,0.0,epa_udds,PPO_seed21
840,18.1077,-12098.282650389083,0.0,0.0,0.4852933188138986,25.027003508418176,-0.022741132801483238,0.0,0.11370566400741619,0.0,0.0,0.0,epa_udds,PPO_seed21
841,18.2882,-11509.795384041741,0.0,0.0,0.48522081965088576,25.02714239444359,-0.02163495372940177,0.0,0.10817476864700884,0.0,0.0,0.0,epa_udds,PPO_seed21
842,18.4358,-10717.740255264345,0.0,0.0,0.48515330839998205,25.027265293047947,-0.02014612829936907,0.0,0.10073064149684535,0.0,0.0,0.0,epa_udds,PPO_seed21
843,18.5476,-9794.777381417194,0.0,0.0,0.4850916100366982,25.02737079847311,-0.01841123567935563,0.0,0.09205617839677814,0.0,0.0,0.0,epa_udds,PPO_seed21
844,18.6235,-8825.627857122001,0.0,0.0,0.4850360158624397,25.027459578952264,-0.016589526047221807,0.0,0.08294763023610903,0.0,0.0,0.0,epa_udds,PPO_seed21
845,18.6665,-7908.233875676899,0.0,0.0,0.48498620016592103,25.027534009683187,-0.01486510127006936,0.0,0.07432550635034679,0.0,0.0,0.0,epa_udds,PPO_seed21
846,18.6821,-7124.948441355975,0.0,0.0,0.48494131839203314,25.027597314286716,-0.013392760228112735,0.0,0.06696380114056368,0.0,0.0,0.0,epa_udds,PPO_seed21
847,18.6781,-6552.312844369112,0.0,0.0,0.4849000437515197,25.02765309271204,-0.01231637752700961,0.0,0.061581887635048044,0.0,0.0,0.0,epa_udds,PPO_seed21
848,18.6639,-6245.398551523445,0.0,0.0,0.48486070248144997,25.027704950189293,-0.011739470961510236,0.0,0.05869735480755118,0.0,0.0,0.0,epa_udds,PPO_seed21
849,18.6497,-6234.856676478531,0.0,0.0,0.4848214276961054,25.027756439998594,-0.011719655406914532,0.0,0.05859827703457266,0.0,0.0,0.0,epa_udds,PPO_seed21
850,18.6458,-6530.7108385176825,0.0,0.0,0.48478028933631917,25.02781127500634,-0.012275772252852788,0.0,0.06137886126426394,0.0,0.0,0.0,epa_udds,PPO_seed21
851,18.6613,-7105.619419833794,0.0,0.0,0.4847355295362407,25.027873366764805,-0.01335642748089059,0.0,0.06678213740445295,0.0,0.0,0.0,epa_udds,PPO_seed21
852,18.7043,-7939.730382135104,0.0,0.0,0.4846855154266687,25.027947285168914,-0.014924305229577266,0.0,0.07462152614788632,0.0,0.0,0.0,epa_udds,PPO_seed21
853,18.7802,-8964.386209477107,0.0,0.0,0.4846290465415038,25.028037698865873,-0.01685035001781411,0.0,0.08425175008907056,0.0,0.0,0.0,epa_udds,PPO_seed21
854,18.892,-10119.388924031664,0.0,0.0,0.4845653015102079,25.028149257579578,-0.01902140775193922,0.0,0.09510703875969609,0.0,0.0,0.0,epa_udds,PPO_seed21
855,19.0396,-11321.205618526797,0.0,0.0,0.4844939850458496,25.02828568803564,-0.021280461688960146,0.0,0.10640230844480073,0.0,0.0,0.0,epa_udds,PPO_seed21
856,19.2201,-12489.950586351268,0.0,0.0,0.4844153049970409,25.02844914747141,-0.02347735072622419,0.0,0.11738675363112094,0.0,0.0,0.0,epa_udds,PPO_seed21
857,19.4281,-13547.722276212555,0.0,0.0,0.4843299599033609,25.02863956307281,-0.025465643376339386,0.0,0.12732821688169693,0.0,0.0,0.0,epa_udds,PPO_seed21
858,19.6556,-14404.990953747461,0.0,0.0,0.4842392123296963,25.028853725220163,-0.027077050664938842,0.0,0.1353852533246942,0.0,0.0,0.0,epa_udds,PPO_seed21
859,19.8933,-15004.41588746689,0.0,0.0,0.4841446861897473,25.0290857790722,-0.02820378926215581,0.0,0.14101894631077905,0.0,0.0,0.0,epa_udds,PPO_seed21
860,20.131,-15295.923660700719,0.0,0.0,0.48404832104999385,25.02932748964228,-0.028751736204324658,0.0,0.14375868102162329,0.0,0.0,0.0,epa_udds,PPO_seed21
861,20.3585,-15255.645505278459,0.0,0.0,0.48395220710771186,25.029569360635048,-0.028676025385861767,0.0,0.14338012692930882,0.0,0.0,0.0,epa_udds,PPO_seed21
862,20.5664,-14886.922539937083,0.0,0.0,0.4838584137859746,25.029801997448427,-0.027982937105144892,0.0,0.13991468552572445,0.0,0.0,0.0,epa_udds,PPO_seed21
863,20.747,-14227.298231358427,0.0,0.0,0.4837687742178065,25.030017634553502,-0.02674304178826772,0.0,0.1337152089413386,0.0,0.0,0.0,epa_udds,PPO_seed21
864,20.8946,-13331.17716668054,0.0,0.0,0.48368477893717443,25.030210904986284,-0.025058603696767934,0.0,0.12529301848383967,0.0,0.0,0.0,epa_udds,PPO_seed21
865,21.0063,-12286.968201096886,0.0,0.0,0.48360736153425915,25.030379646152053,-0.023095804889279863,0.0,0.1154790244463993,0.0,0.0,0.0,epa_udds,PPO_seed21
866,21.0822,-11196.782002055876,0.0,0.0,0.4835368122190311,25.030524700534396,-0.021046582710631347,0.0,0.10523291355315673,0.0,0.0,0.0,epa_udds,PPO_seed21
867,21.1252,-10160.944504437293,0.0,0.0,0.48347278898662793,25.030649111667653,-0.019099519745182883,0.0,0.09549759872591441,0.0,0.0,0.0,epa_udds,PPO_seed21
868,21.1408,-9275.547802077432,0.0,0.0,0.48341434425342145,25.030757301543197,-0.017435240229468858,0.0,0.08717620114734428,0.0,0.0,0.0,epa_udds,PPO_seed21
869,21.1368,-8627.260770937482,0.0,0.0,0.4833599842259714,25.030854385553095,-0.016216655584468952,0.0,0.08108327792234477,0.0,0.0,0.0,epa_udds,PPO_seed21
870,21.1226,-8278.892390959536,0.0,0.0,0.48330781925819566,25.030945646596166,-0.01556182780255552,0.0,0.0778091390127776,0.0,0.0,0.0,epa_udds,PPO_seed21
871,21.1085,-8269.284465732413,0.0,0.0,0.48325571489184094,25.031036452631938,-0.015543767792730102,0.0,0.0777188389636505,0.0,0.0,0.0,epa_udds,PPO_seed21
872,21.1045,-8597.20452034833,0.0,0.0,0.48320154437611534,25.031132210073288,-0.016160158872835208,0.0,0.08080079436417603,0.0,0.0,0.0,epa_udds,PPO_seed21
873,21.1201,-9255.639561761744,0.0,0.0,0.4831432250866226,25.03123890510878,-0.01739781872511606,0.0,0.0869890936255803,0.0,0.0,0.0,epa_udds,PPO_seed21
874,21.163,-10195.656129193985,0.0,0.0,0.4830789826380295,25.031362882077236,-0.01916476716013907,0.0,0.09582383580069535,0.0,0.0,0.0,epa_udds,PPO_seed21
875,21.239,-11365.948212493875,0.0,0.0,0.48300736580263476,25.03151093905656,-0.021364564309199016,0.0,0.10682282154599507,0.0,0.0,0.0,epa_udds,PPO_seed21
876,21.3507,-12670.915861325255,0.0,0.0,0.4829275255788575,25.031689146434722,-0.023817511017528676,0.0,0.11908755508764338,0.0,0.0,0.0,epa_udds,PPO_seed21
877,21.4983,-14038.7426381425,0.0,0.0,0.48283906533644255,25.03190268385612,-0.026388613981470868,0.0,0.13194306990735433,0.0,0.0,0.0,epa_udds,PPO_seed21
878,21.6789,-15368.582554874774,0.0,0.0,0.4827422237646932,25.032154284283887,-0.028888313073072887,0.0,0.14444156536536443,0.0,0.0,0.0,epa_udds,PPO_seed21
879,21.8868,-16561.583989865754,0.0,0.0,0.4826378623872517,25.032443272231813,-0.03113079697343187,0.0,0.15565398486715934,0.0,0.0,0.0,epa_udds,PPO_seed21
880,22.1143,-17537.68544462146,0.0,0.0,0.4825273472731006,25.032765346385286,-0.0329655741440253,0.0,0.1648278707201265,0.0,0.0,0.0,epa_udds,PPO_seed21
881,22.352,-18219.27868558775,0.0,0.0,0.48241253370140114,25.03311226578463,-0.03424676444659352,0.0,0.17123382223296757,0.0,0.0,0.0,epa_udds,PPO_seed21
882,22.1427,-2531.2893116903974,0.0,0.0,0.48239658162645727,25.033152137731797,-0.004758062615959394,0.0,0.023790313079796968,0.0,0.0,0.0,epa_udds,PPO_seed21
883,21.9231,-2030.6194610328496,0.0,0.0,0.48238378506800184,25.033187828776832,-0.003816953874121898,0.0,0.01908476937060949,0.0,0.0,0.0,epa_udds,PPO_seed21
884,21.684,-1218.2471657654314,0.0,0.0,0.48237610811452375,25.0332190005564,-0.002289938281513969,0.0,0.011449691407569844,0.0,0.0,0.0,epa_udds,PPO_seed21
885,21.4175,-146.25978664835407,0.0,0.0,0.4823751864636374,25.033246703025362,-0.00027492441099314675,0.0,0.0013746220549657336,0.0,0.0,0.0,epa_udds,PPO_seed21
886,21.1181,787.7889026479431,0.0,0.0,0.48238015053666655,25.03327278325987,0.04263537234029995,0.0,0.007404031039924278,0.03151155610591772,0.0,0.0,epa_udds,PPO_seed21
887,20.7828,1734.1013762651398,0.0,0.0,0.48239107722630564,25.033298879489095,0.09385008801771787,0.0,0.01629794526564981,0.0693640550506056,0.0,0.0,epa_udds,PPO_seed21
888,20.4117,2653.210873551748,0.0,0.0,0.48240779470396605,25.033326511503216,0.14359257043477805,0.0,0.024936192420599138,0.10612843494206993,0.0,0.0,epa_udds,PPO_seed21
889,20.0076,3478.0355729128078,0.0,0.0,0.4824297084672865,25.03335663383869,0.18823233123177735,0.0,0.03268830425669932,0.1391214229165123,0.0,0.0,epa_udds,PPO_seed21
890,19.5762,4142.639197031123,0.0,0.0,0.4824558086348282,25.033389271651902,0.2242008792498498,0.0,0.038934578919465446,0.16570556788124494,0.0,0.0,epa_udds,PPO_seed21
891,19.1251,4610.01980336493,0.0,0.0,0.48248485232201366,25.033423562588855,0.24949565823023132,0.0,0.043327253791023784,0.1844007921345972,0.0,0.0,epa_udds,PPO_seed21
892,18.6639,4847.207938903103,0.0,0.0,0.4825153891014351,25.033457858250905,0.2623323514603348,0.0,0.04555646559119458,0.19388831755612412,0.0,0.0,epa_udds,PPO_seed21
893,18.2027,4858.003743512004,0.0,0.0,0.4825459926823682,25.033490273913092,0.2629166236526271,0.0,0.045657929920225604,0.19432014974048015,0.0,0.0,epa_udds,PPO_seed21
894,17.7517,4656.285459191044,0.0,0.0,0.48257532439028394,25.0335190623523,0.25199956943802354,0.0,0.04376208138337447,0.18625141836764175,0.0,0.0,epa_udds,PPO_seed21
895,17.3202,4275.413470550774,0.0,0.0,0.48260225586065286,25.033543007835714,0.23138666286484563,0.0,0.04018245742998848,0.17101653882203097,0.0,0.0,epa_udds,PPO_seed21
896,16.9162,3753.381279510233,0.0,0.0,0.4826258981701126,25.03356155823369,0.20313412368356884,0.0,0.03527613984502099,0.15013525118040932,0.0,0.0,epa_udds,PPO_seed21
897,16.545,3149.9212565188645,0.0,0.0,0.48264573870796906,25.03357493064038,0.17047468574753974,0.0,0.029604523087583313,0.12599685026075458,0.0,0.0,epa_udds,PPO_seed21
898,16.2098,2507.610500231749,0.0,0.0,0.48266153305576975,25.033583809370747,0.13571263444111376,0.0,0.02356776785932095,0.10030442000926997,0.0,0.0,epa_udds,PPO_seed21
899,15.9103,1889.6943091208211,0.0,0.0,0.4826734351231981,25.033589225812328,0.10227082433873436,0.0,0.017760284860158092,0.07558777236483284,0.0,0.0,epa_udds,PPO_seed21
900,15.6438,1335.34698100049,0.0,0.0,0.4826818455007991,25.03359220056169,0.0722693802198611,0.0,0.012550253580831672,0.0534138792400196,0.0,0.0,epa_udds,PPO_seed21
901,15.4047,890.4453528361527,0.0,0.0,0.4826874536595341,25.033593605668248,0.04819117029860621,0.0,0.00836884730109166,0.035617814113446104,0.0,0.0,epa_udds,PPO_seed21
902,15.1852,0.0,0.0,587.4282057884969,0.4826874536595341,25.033593719849012,0.0,0.0,0.0,0.0,0.0,0.0,epa_udds,PPO_seed21
903,14.9758,0.0,0.0,449.8250355245565,0.4826874536595341,25.03359341869984,0.0,0.0,0.0,0.0,0.0,0.0,epa_udds,PPO_seed21
904,14.7665,0.0,0.0,480.6656270411638,0.4826874536595341,25.033592729523445,0.0,0.0,0.0,0.0,0.0,0.0,epa_udds,PPO_seed21
905,14.547,679.19447638268,0.0,0.0,0.48269173108970104,25.03359211500912,0.036758209330846094,0.0,0.006383406732919925,0.0271677790553072,0.0,0.0,epa_udds,PPO_seed21
906,14.3079,1023.7640938177849,0.0,0.0,0.4826981784568781,25.033591659244493,0.0554064206563941,0.0,0.009621842987009256,0.040950563752711396,0.0,0.0,epa_udds,PPO_seed21
907,14.0414,1480.353658307018,0.0,0.0,0.4827075011503326,25.033591889542972,0.08011718520672118,0.0,0.013913098292359191,0.05921414633228072,0.0,0.0,epa_udds,PPO_seed21
908,13.7419,2004.9208133455288,0.0,0.0,0.48272012715902596,25.03359344852362,0.10850691740196328,0.0,0.01884324072693166,0.08019683253382115,0.0,0.0,epa_udds,PPO_seed21
909,13.4066,2545.039086487748,0.0,0.0,0.4827361542863924,25.033596925059264,0.13773828078600608,0.0,0.023919540286538987,0.10180156345950993,0.0,0.0,epa_udds,PPO_seed21
910,13.0355,3051.2280081720655,0.0,0.0,0.48275536872472213,25.033602671363123,0.16513337746483103,0.0,0.02867695496402317,0.12204912032688262,0.0,0.0,epa_udds,PPO_seed21
911,12.6315,3477.3689445943337,0.0,0.0,0.48277726625312867,25.03361064377064,0.1881962531066918,0.0,0.03268203895295426,0.13909475778377334,0.0,0.0,epa_udds,PPO_seed21
912,12.2,3789.4894872800214,0.0,0.0,0.48280112875416903,25.033620369541993,0.20508831074768114,0.0,0.035615502700000204,0.15157957949120085,0.0,0.0,epa_udds,PPO_seed21
913,11.749,3959.5390182244087,0.0,0.0,0.48282606152934154,25.03363097256979,0.21429144250510745,0.0,0.037213712577297074,0.15838156072897636,0.0,0.0,epa_udds,PPO_seed21
914,11.2878,3983.6579418238985,0.0,0.0,0.48285114564575105,25.033641419408774,0.2155967659041234,0.0,0.037440394190074236,0.15934631767295593,0.0,0.0,epa_udds,PPO_seed21
915,10.8265,3868.665337904621,0.0,0.0,0.48287550517853034,25.03365071284338,0.2093733315957704,0.0,0.03635963663444193,0.15474661351618485,0.0,0.0,epa_udds,PPO_seed21
916,10.3755,3629.6727804192105,0.0,0.0,0.48289835941646936,25.033658053384375,0.19643898250719904,0.0,0.03411346598138356,0.1451869112167684,0.0,0.0,epa_udds,PPO_seed21
917,9.9441,3297.2383728117015,0.0,0.0,0.4829191201034171,25.03366300006831,0.1784475323872077,0.0,0.030989082451237795,0.13188953491246805,0.0,0.0,epa_udds,PPO_seed21
918,9.54,2903.2425273650556,0.0,0.0,0.4829373997394032,25.0336654601608,0.15712435873664415,0.0,0.027286113978994882,0.11612970109460223,0.0,0.0,epa_udds,PPO_seed21
919,9.1689,2478.28256222235,0.0,0.0,0.4829530034798142,25.03366561705566,0.1341253976156126,0.0,0.023292129344195018,0.099131302488894,0.0,0.0,epa_udds,PPO_seed21
920,8.8336,2055.957444988076,0.0,0.0,0.48296594801692405,25.033663853379778,0.11126903525582084,0.0,0.019322908317557105,0.08223829779952305,0.0,0.0,epa_udds,PPO_seed21
921,8.5342,1661.8533915719918,0.0,0.0,0.48297641111818784,25.033660619745003,0.0899400053574075,0.0,0.015618922853120224,0.06647413566287967,0.0,0.0,epa_udds,PPO_seed21
922,8.3794,0.0,0.0,283.90471599954486,0.48297641111818784,25.033654707531856,0.0,0.0,0.0,0.0,0.0,0.0,epa_udds,PPO_seed21
923,8.2521,0.0,0.0,32.79790152141633,0.48297641111818784,25.033648775354827,0.0,0.0,0.0,0.0,0.0,0.0,epa_udds,PPO_seed21
924,8.1443,-193.6511433861409,0.0,0.0,0.4829751919004458,25.033642860116533,-0.0003640059086205656,0.0,0.0018200295431028278,0.0,0.0,0.0,epa_udds,PPO_seed21
925,8.0467,-311.55387744561057,0.0,0.0,0.48297323037728696,25.03363698791615,-0.0005856275891834785,0.0,0.0029281379459173925,0.0,0.0,0.0,epa_udds,PPO_seed21
926,7.9491,-300.5032036893996,0.0,0.0,0.4829713384315904,25.033631099105857,-0.000564855646032706,0.0,0.00282427823016353,0.0,0.0,0.0,epa_udds,PPO_seed21
927,7.8414,-165.4206947733983,0.0,0.0,0.48297029695697025,25.033625140878694,-0.0003109411555890946,0.0,0.0015547057779454728,0.0,0.0,0.0,epa_udds,PPO_seed21
928,7.714,0.0,0.0,59.48342328296742,0.48297029695697025,25.033619144969727,0.0,0.0,0.0,0.0,0.0,0.0,epa_udds,PPO_seed21
929,7.5593,0.0,0.0,296.95903301119574,0.48297029695697025,25.033613135029814,0.0,0.0,0.0,0.0,0.0,0.0,epa_udds,PPO_seed21
930,7.3716,570.7556550301396,0.0,0.0,0.48297389036062094,25.03360742058806,0.03088946770606725,0.0,0.005364244878102815,0.022830226201205582,0.0,0.0,epa_udds,PPO_seed21
931,7.1481,849.8475427379918,0.0,0.0,0.4829792408672487,25.033602059866972,0.04599400460622605,0.0,0.007987288935507443,0.03399390170951967,0.0,0.0,epa_udds,PPO_seed21
932,6.8887,1106.5701322665802,0.0,0.0,0.48298620762272665,25.03359715070569,0.05988790836131462,0.0,0.010400095228069364,0.04426280529066321,0.0,0.0,epa_udds,PPO_seed21
933,6.5964,1313.6500672260545,0.0,0.0,0.48299447806510143,25.03359269099642,0.07109513672100105,0.0,0.012346335218289985,0.05254600268904218,0.0,0.0,epa_udds,PPO_seed21
934,6.2767,1453.5005365588258,0.0,0.0,0.48300362891507553,25.033588573052352,0.07866388618158215,0.0,0.013660719328560392,0.05814002146235303,0.0,0.0,epa_udds,PPO_seed21
935,5.9375,1515.0049563598632,0.0,0.0,0.4830131669159845,25.033584605220682,0.08199252387878417,0.0,0.014238768386840819,0.06060019825439453,0.0,0.0,epa_udds,PPO_seed21
936,5.588,1499.7866267871377,0.0,0.0,0.4830226090431954,25.033580574236872,0.08116890330536704,0.0,0.014095738973563324,0.059991465071485506,0.0,0.0,epa_udds,PPO_seed21
937,5.2385,1414.3454663027023,0.0,0.0,0.4830315132051585,25.033576291480284,0.07654480200335978,0.0,0.013292720547957729,0.056573818652108095,0.0,0.0,epa_udds,PPO_seed21
938,4.8993,1273.354110066961,0.0,0.0,0.48303952969296693,25.033571637734543,0.06891430740046606,0.0,0.011967613816418808,0.05093416440267844,0.0,0.0,epa_udds,PPO_seed21
939,4.5796,1096.0989229989398,0.0,0.0,0.4830464302218732,25.033566577664153,0.05932120336651405,0.0,0.010301681607132893,0.04384395691995759,0.0,0.0,epa_udds,PPO_seed21
940,4.2873,899.258022458971,0.0,0.0,0.48305209150629663,25.033561140014033,0.0486681146290201,0.0,0.008451673143411382,0.03597032089835884,0.0,0.0,epa_udds,PPO_seed21
941,4.0279,700.0943973088079,0.0,0.0,0.483056498938478,25.033555397369618,0.037889319337058636,0.0,0.006579834561173006,0.028003775892352315,0.0,0.0,epa_udds,PPO_seed21
942,3.8044,511.0899143621312,0.0,0.0,0.4830597164868168,25.03354943623672,0.02766033987653098,0.0,0.004803476638741835,0.02044359657448525,0.0,0.0,epa_udds,PPO_seed21
943,3.6167,342.98417436788014,0.0,0.0,0.48306187572677484,25.03354333854955,0.01856240666992482,0.0,0.003223535473382332,0.013719366974715206,0.0,0.0,epa_udds,PPO_seed21
944,3.462,0.0,0.0,201.95736608876663,0.48306187572677484,25.03353712958732,0.0,0.0,0.0,0.0,0.0,0.0,epa_udds,PPO_seed21
945,3.3346,0.0,0.0,93.78485814126368,0.48306187572677484,25.033530921593496,0.0,0.0,0.0,0.0,0.0,0.0,epa_udds,PPO_seed21
946,3.2269,0.0,0.0,20.51956194764495,0.48306187572677484,25.03352471457979,0.0,0.0,0.0,0.0,0.0,0.0,epa_udds,PPO_seed21
947,3.1293,-20.389847850899447,0.0,0.0,0.4830617473637921,25.03351850895084,-3.832678167462302e-05,0.0,0.0001916339083731151,0.0,0.0,0.0,epa_udds,PPO_seed21
948,3.0317,-18.6857037051238,0.0,0.0,0.48306162972916117,25.033512304297012,-3.512350320511992e-05,0.0,0.00017561751602559962,0.0,0.0,0.0,epa_udds,PPO_seed21
949,2.9239,0.0,0.0,21.219273632314763,0.48306162972916117,25.03350610035387,0.0,0.0,0.0,0.0,0.0,0.0,epa_udds,PPO_seed21
950,2.7966,0.0,0.0,82.23237386889535,0.48306162972916117,25.033499897425926,0.0,0.0,0.0,0.0,0.0,0.0,epa_udds,PPO_seed21
951,2.2352,1155.1249563383778,0.0,0.0,0.4830689017383613,25.03349495909301,0.06251571004303491,0.0,0.010856437559571221,0.046204998253535114,0.0,0.0,epa_udds,PPO_seed21
952,2.0117,279.1045410531629,0.0,0.0,0.48307065881422456,25.03348883041802,0.015105221703012527,0.0,0.00262316297982296,0.011164181642126516,0.0,0.0,epa_udds,PPO_seed21
953,1.7882,248.73672369121496,0.0,0.0,0.48307222471073624,25.033482687515374,0.013461706294205752,0.0,0.0023377511625114187,0.009949468947648598,0.0,0.0,epa_udds,PPO_seed21
954,1.5646,218.30429561467932,0.0,0.0,0.48307359902174424,25.03347653219195,0.011814694134093699,0.0,0.002051732101641723,0.008732171824587173,0.0,0.0,epa_udds,PPO_seed21
955,1.3411,187.337199629964,0.0,0.0,0.4830747783818217,25.033470366072937,0.010138745585988576,0.0,0.0017606879664470302,0.00749348798519856,0.0,0.0,epa_udds,PPO_seed21
956,1.1176,156.37576194229715,0.0,0.0,0.4830757628270295,25.03346419101607,0.008463103266621464,0.0,0.0014696970107358754,0.006255030477691886,0.0,0.0,epa_udds,PPO_seed21
957,0.8941,125.27300806140181,0.0,0.0,0.4830765514680879,25.033458008825956,0.006779812872375716,0.0,0.0011773778953139268,0.0050109203224560726,0.0,0.0,epa_udds,PPO_seed21
958,0.6706,94.05719869700148,0.0,0.0,0.48307714359355347,25.033451821323844,0.005090403881361027,0.0,0.0008839962283552771,0.003762287947880059,0.0,0.0,epa_udds,PPO_seed21
959,0.447,62.79263905370253,0.0,0.0,0.4830775388967344,25.033445630348826,0.003398356510590607,0.0,0.0005901563820836704,0.002511705562148101,0.0,0.0,epa_udds,PPO_seed21
960,0.2235,31.38541788171283,0.0,0.0,0.4830777364796607,25.033439437736416,0.0016985882549817213,0.0,0.00029497573197098524,0.0012554167152685131,0.0,0.0,epa_udds,PPO_seed21
961,0.0,0.0,0.0,0.0,0.4830777364796607,25.033433245343787,0.0,0.0,0.0,0.0,0.0,0.0,epa_udds,PPO_seed21
962,0.0,0.0,0.0,0.0,0.4830777364796607,25.033427054091614,0.0,0.0,0.0,0.0,0.0,0.0,epa_udds,PPO_seed21
963,0.0,0.0,0.0,0.0,0.4830777364796607,25.033420863980098,0.0,0.0,0.0,0.0,0.0,0.0,epa_udds,PPO_seed21
964,0.0,0.0,0.0,0.0,0.4830777364796607,25.03341467500941,0.0,0.0,0.0,0.0,0.0,0.0,epa_udds,PPO_seed21
965,0.0,0.0,0.0,0.0,0.4830777364796607,25.033408487179706,0.0,0.0,0.0,0.0,0.0,0.0,epa_udds,PPO_seed21
966,0.0,0.0,0.0,0.0,0.4830777364796607,25.033402300491105,0.0,0.0,0.0,0.0,0.0,0.0,epa_udds,PPO_seed21
967,0.0,0.0,0.0,0.0,0.4830777364796607,25.03339611494371,0.0,0.0,0.0,0.0,0.0,0.0,epa_udds,PPO_seed21
968,0.0,0.0,0.0,0.0,0.4830777364796607,25.033389930537602,0.0,0.0,0.0,0.0,0.0,0.0,epa_udds,PPO_seed21
969,0.0,0.0,0.0,0.0,0.4830777364796607,25.033383747272847,0.0,0.0,0.0,0.0,0.0,0.0,epa_udds,PPO_seed21
970,0.0,0.0,0.0,0.0,0.4830777364796607,25.03337756514949,0.0,0.0,0.0,0.0,0.0,0.0,epa_udds,PPO_seed21
971,0.0,0.0,0.0,0.0,0.4830777364796607,25.033371384167555,0.0,0.0,0.0,0.0,0.0,0.0,epa_udds,PPO_seed21
972,0.0,0.0,0.0,0.0,0.4830777364796607,25.03336520432706,0.0,0.0,0.0,0.0,0.0,0.0,epa_udds,PPO_seed21
973,0.0,0.0,0.0,0.0,0.4830777364796607,25.033359025627995,0.0,0.0,0.0,0.0,0.0,0.0,epa_udds,PPO_seed21
974,0.0,0.0,0.0,0.0,0.4830777364796607,25.03335284807035,0.0,0.0,0.0,0.0,0.0,0.0,epa_udds,PPO_seed21
975,0.0,0.0,0.0,0.0,0.4830777364796607,25.033346671654098,0.0,0.0,0.0,0.0,0.0,0.0,epa_udds,PPO_seed21
976,0.0,0.0,0.0,0.0,0.4830777364796607,25.033340496379193,0.0,0.0,0.0,0.0,0.0,0.0,epa_udds,PPO_seed21
977,0.0,0.0,0.0,0.0,0.4830777364796607,25.033334322245587,0.0,0.0,0.0,0.0,0.0,0.0,epa_udds,PPO_seed21
978,0.0,0.0,0.0,0.0,0.4830777364796607,25.033328149253215,0.0,0.0,0.0,0.0,0.0,0.0,epa_udds,PPO_seed21
979,0.0,0.0,0.0,0.0,0.4830777364796607,25.033321977402007,0.0,0.0,0.0,0.0,0.0,0.0,epa_udds,PPO_seed21
980,0.0,0.0,0.0,0.0,0.4830777364796607,25.033315806691878,0.0,0.0,0.0,0.0,0.0,0.0,epa_udds,PPO_seed21
981,0.0,0.0,0.0,0.0,0.4830777364796607,25.03330963712274,0.0,0.0,0.0,0.0,0.0,0.0,epa_udds,PPO_seed21
982,0.0,0.0,0.0,0.0,0.4830777364796607,25.0333034686945,0.0,0.0,0.0,0.0,0.0,0.0,epa_udds,PPO_seed21
983,0.0,0.0,0.0,0.0,0.4830777364796607,25.033297301407046,0.0,0.0,0.0,0.0,0.0,0.0,epa_udds,PPO_seed21
984,0.0,0.0,0.0,0.0,0.4830777364796607,25.033291135260267,0.0,0.0,0.0,0.0,0.0,0.0,epa_udds,PPO_seed21
985,0.0,0.0,0.0,0.0,0.4830777364796607,25.033284970254048,0.0,0.0,0.0,0.0,0.0,0.0,epa_udds,PPO_seed21
986,0.0,0.0,0.0,0.0,0.4830777364796607,25.033278806388264,0.0,0.0,0.0,0.0,0.0,0.0,epa_udds,PPO_seed21
987,0.0,0.0,0.0,0.0,0.4830777364796607,25.03327264366278,0.0,0.0,0.0,0.0,0.0,0.0,epa_udds,PPO_seed21
988,0.0,0.0,0.0,0.0,0.4830777364796607,25.033266482077465,0.0,0.0,0.0,0.0,0.0,0.0,epa_udds,PPO_seed21
989,0.0,0.0,0.0,0.0,0.4830777364796607,25.033260321632177,0.0,0.0,0.0,0.0,0.0,0.0,epa_udds,PPO_seed21
990,0.0,0.0,0.0,0.0,0.4830777364796607,25.03325416232677,0.0,0.0,0.0,0.0,0.0,0.0,epa_udds,PPO_seed21
991,0.0,0.0,0.0,0.0,0.4830777364796607,25.0332480041611,0.0,0.0,0.0,0.0,0.0,0.0,epa_udds,PPO_seed21
992,0.0,0.0,0.0,0.0,0.4830777364796607,25.033241847135006,0.0,0.0,0.0,0.0,0.0,0.0,epa_udds,PPO_seed21
993,0.0,0.0,0.0,0.0,0.4830777364796607,25.033235691248333,0.0,0.0,0.0,0.0,0.0,0.0,epa_udds,PPO_seed21
994,0.0,0.0,0.0,0.0,0.4830777364796607,25.033229536500922,0.0,0.0,0.0,0.0,0.0,0.0,epa_udds,PPO_seed21
995,0.0,0.0,0.0,0.0,0.4830777364796607,25.03322338289261,0.0,0.0,0.0,0.0,0.0,0.0,epa_udds,PPO_seed21
996,0.0,0.0,0.0,0.0,0.4830777364796607,25.03321723042323,0.0,0.0,0.0,0.0,0.0,0.0,epa_udds,PPO_seed21
997,0.0,0.0,0.0,0.0,0.4830777364796607,25.03321107909261,0.0,0.0,0.0,0.0,0.0,0.0,epa_udds,PPO_seed21
998,0.0,0.0,0.0,0.0,0.4830777364796607,25.033204928900577,0.0,0.0,0.0,0.0,0.0,0.0,epa_udds,PPO_seed21
999,0.0,0.0,0.0,0.0,0.4830777364796607,25.03319877984696,0.0,0.0,0.0,0.0,0.0,0.0,epa_udds,PPO_seed21
1000,0.0,0.0,0.0,0.0,0.4830777364796607,25.033192631931573,0.0,0.0,0.0,0.0,0.0,0.0,epa_udds,PPO_seed21
1001,0.0,0.0,0.0,0.0,0.4830777364796607,25.033186485154246,0.0,0.0,0.0,0.0,0.0,0.0,epa_udds,PPO_seed21
1002,0.2235,-111.81614183095444,0.0,0.0,0.48307703255450757,25.03318035135458,-0.00021018071772735798,0.0,0.0010509035886367899,0.0,0.0,0.0,epa_udds,PPO_seed21
1003,0.447,-223.67153464763538,0.0,0.0,0.48307562445653546,25.033174254220906,-0.0004204352155030741,0.0,0.0021021760775153703,0.0,0.0,0.0,epa_udds,PPO_seed21
1004,0.6706,-335.75985069860906,0.0,0.0,0.48307351071803994,25.0331682176148,-0.0006311275389071599,0.0,0.0031556376945357993,0.0,0.0,0.0,epa_udds,PPO_seed21
1005,0.8941,-447.707244359164,0.0,0.0,0.4830706922240505,25.033162265279593,-0.0008415549705999323,0.0,0.004207774852999661,0.0,0.0,0.0,epa_udds,PPO_seed21
1006,1.1176,-559.9159750801427,0.0,0.0,0.48306716732647903,25.03315642136838,-0.0010524736373686895,0.0,0.005262368186843447,0.0,0.0,0.0,epa_udds,PPO_seed21
1007,1.3411,-672.3209782917169,0.0,0.0,0.48306293478612666,25.033150710211068,-0.0012637612373904454,0.0,0.006318806186952226,0.0,0.0,0.0,epa_udds,PPO_seed21
1008,1.5646,-784.961504979612,0.0,0.0,0.4830579931159997,25.033145156432095,-0.0014754915507135564,0.0,0.0073774577535677816,0.0,0.0,0.0,epa_udds,PPO_seed21
1009,1.7882,-898.2055593177565,0.0,0.0,0.48305233851168095,25.033139785559136,-0.0016883563145070613,0.0,0.008441781572535306,0.0,0.0,0.0,epa_udds,PPO_seed21
1010,2.0117,-1011.1568707594953,0.0,0.0,0.4830459728105119,25.033134621932376,-0.0019006708096982996,0.0,0.009503354048491498,0.0,0.0,0.0,epa_udds,PPO_seed21
1011,2.2352,-1124.7396406411433,0.0,0.0,0.48303889203094763,25.0331296918237,-0.0021141722568442547,0.0,0.010570861284221272,0.0,0.0,0.0,epa_udds,PPO_seed21
1012,2.3328,-717.5948978678551,0.0,0.0,0.4830343744087525,25.033124056071554,-0.0013488625899771714,0.0,0.006744312949885856,0.0,0.0,0.0,epa_udds,PPO_seed21
1013,2.6822,-1878.4160352226215,0.0,0.0,0.48302254880867906,25.033121277563154,-0.0035308572090650783,0.0,0.01765428604532539,0.0,0.0,0.0,epa_udds,PPO_seed21
1014,3.0317,-2127.1993681495696,0.0,0.0,0.4830091569098419,25.033119452266444,-0.003998495052912725,0.0,0.019992475264563624,0.0,0.0,0.0,epa_udds,PPO_seed21
1015,3.371,-2316.074608495172,0.0,0.0,0.48299457584054906,25.033118434653158,-0.004353523700178895,0.0,0.021767618500894474,0.0,0.0,0.0,epa_udds,PPO_seed21
1016,3.6907,-2428.0842399362696,0.0,0.0,0.4829792894960441,25.033117936901938,-0.004564068120180958,0.0,0.02282034060090479,0.0,0.0,0.0,epa_udds,PPO_seed21
1017,3.983,-2455.856865002465,0.0,0.0,0.48296382819318984,25.033117587695614,-0.004616272302636212,0.0,0.023081361513181062,0.0,0.0,0.0,epa_udds,PPO_seed21
1018,4.2423,-2403.2676662495096,0.0,0.0,0.4829486978676619,25.033117019274496,-0.004517420425281033,0.0,0.022587102126405165,0.0,0.0,0.0,epa_udds,PPO_seed21
1019,4.4658,-2286.2781457185424,0.0,0.0,0.4829343039797729,25.033115955565428,-0.00429751531150102,0.0,0.0214875765575051,0.0,0.0,0.0,epa_udds,PPO_seed21
1020,4.6535,-2127.890783720251,0.0,0.0,0.48292090718068,25.033114254140763,-0.0039997947062410735,0.0,0.019998973531205368,0.0,0.0,0.0,epa_udds,PPO_seed21
1021,4.8083,-1956.7242675670836,0.0,0.0,0.48290858794721453,25.03311191387621,-0.0036780531345245934,0.0,0.018390265672622967,0.0,0.0,0.0,epa_udds,PPO_seed21
1022,4.9356,-1800.9819491153644,0.0,0.0,0.4828972491906323,25.03310904070404,-0.0033853044156303847,0.0,0.016926522078151922,0.0,0.0,0.0,epa_udds,PPO_seed21
1023,5.0434,-1690.51367147911,0.0,0.0,0.4828866058862088,25.033105821391175,-0.003177657277216372,0.0,0.01588828638608186,0.0,0.0,0.0,epa_udds,PPO_seed21
1024,5.141,-1644.6523296211906,0.0,0.0,0.482876251284204,25.033102474600284,-0.003091451747408253,0.0,0.015457258737041265,0.0,0.0,0.0,epa_udds,PPO_seed21
1025,5.2385,-1678.13496346847,0.0,0.0,0.48286568584414785,25.033099249781515,-0.0031543890290760715,0.0,0.015771945145380356,0.0,0.0,0.0,epa_udds,PPO_seed21
1026,5.3463,-1801.9024700285036,0.0,0.0,0.48285434113423004,25.033096450146537,-0.003387034718098691,0.0,0.016935173590493454,0.0,0.0,0.0,epa_udds,PPO_seed21
1027,5.4737,-2016.1492953430711,0.0,0.0,0.4828416474888266,25.033094444966423,-0.003789754314554645,0.0,0.018948771572773224,0.0,0.0,0.0,epa_udds,PPO_seed21
1028,5.6284,-2317.814248721214,0.0,0.0,0.48282705450363383,25.033093702250127,-0.004356793700603786,0.0,0.02178396850301893,0.0,0.0,0.0,epa_udds,PPO_seed21
1029,5.8161,-2700.9910330644475,0.0,0.0,0.4828100489451177,25.033094811862995,-0.005077050814030917,0.0,0.025385254070154583,0.0,0.0,0.0,epa_udds,PPO_seed21
1030,6.0396,-3150.5001627630704,0.0,0.0,0.48279021313125847,25.03309845287219,-0.0059219927871486285,0.0,0.029609963935743142,0.0,0.0,0.0,epa_udds,PPO_seed21
1031,6.299,-3649.3912532791687,0.0,0.0,0.4827672360793441,25.033105359023676,-0.006859757994885656,0.0,0.03429878997442828,0.0,0.0,0.0,epa_udds,PPO_seed21
1032,6.5913,-4170.618622696466,0.0,0.0,0.4827409770677261,25.033116192556566,-0.007839508689279072,0.0,0.03919754344639536,0.0,0.0,0.0,epa_udds,PPO_seed21
1033,6.911,-4684.950360159878,0.0,0.0,0.48271147940664294,25.033131424346916,-0.008806297669473455,0.0,0.044031488347367274,0.0,0.0,0.0,epa_udds,PPO_seed21
1034,7.2502,-5155.222654276638,0.0,0.0,0.4826790203908316,25.03315114314879,-0.00969026814713654,0.0,0.04845134073568269,0.0,0.0,0.0,epa_udds,PPO_seed21
1035,7.5997,-5548.60897274437,0.0,0.0,0.4826440840087143,25.03317497509668,-0.010429716114181148,0.0,0.05214858057090573,0.0,0.0,0.0,epa_udds,PPO_seed21
1036,7.9491,-5827.777403689389,0.0,0.0,0.48260738933101294,25.033201960640696,-0.010954468803927423,0.0,0.05477234401963711,0.0,0.0,0.0,epa_udds,PPO_seed21
1037,8.2884,-5973.06791980472,0.0,0.0,0.4825697792622011,25.033230733579536,-0.011227571277828422,0.0,0.05613785638914211,0.0,0.0,0.0,epa_udds,PPO_seed21
1038,8.6081,-5968.256242131075,0.0,0.0,0.4825321989209959,25.033259628696964,-0.011218526770923075,0.0,0.05609263385461537,0.0,0.0,0.0,epa_udds,PPO_seed21
1039,8.9004,-5818.252185973072,0.0,0.0,0.48249556257213877,25.03328703194011,-0.010936564259347881,0.0,0.0546828212967394,0.0,0.0,0.0,epa_udds,PPO_seed21
1040,9.1598,-5544.190156573668,0.0,0.0,0.4824606514555976,25.033311666285936,-0.010421410068747496,0.0,0.05210705034373748,0.0,0.0,0.0,epa_udds,PPO_seed21
1041,9.3833,-5178.250493878414,0.0,0.0,0.48242804421339286,25.033332754277662,-0.009733553559921832,0.0,0.04866776779960916,0.0,0.0,0.0,epa_udds,PPO_seed21
1042,9.4592,-3056.2310714291493,0.0,0.0,0.4824087990373279,25.033337440195,-0.005744795247047274,0.0,0.028723976235236367,0.0,0.0,0.0,epa_udds,PPO_seed21
1043,9.5022,-2588.362452956264,0.0,0.0,0.48239249999291384,25.033339659782882,-0.004865342956684707,0.0,0.024326714783423534,0.0,0.0,0.0,epa_udds,PPO_seed21
1044,9.5178,-2188.5968188086567,0.0,0.0,0.4823787182727098,25.033340078925793,-0.004113903794753114,0.0,0.02056951897376557,0.0,0.0,0.0,epa_udds,PPO_seed21
1045,9.5138,-1897.1874555348788,0.0,0.0,0.48236677157401064,25.033339356373446,-0.0035661418337121784,0.0,0.01783070916856089,0.0,0.0,0.0,epa_udds,PPO_seed21
1046,9.4996,-1742.1259205372005,0.0,0.0,0.48235580131754713,25.033338069947032,-0.003274672782964663,0.0,0.016373363914823313,0.0,0.0,0.0,epa_udds,PPO_seed21
1047,9.4854,-1738.0234132897172,0.0,0.0,0.4823448569108819,25.033336733490906,-0.00326696130317616,0.0,0.0163348065158808,0.0,0.0,0.0,epa_udds,PPO_seed21
1048,9.4814,-1887.307205091721,0.0,0.0,0.4823329724747204,25.033335874633732,-0.0035475699343829343,0.0,0.01773784967191467,0.0,0.0,0.0,epa_udds,PPO_seed21
1049,9.497,-2181.6129650012294,0.0,0.0,0.48231923479680694,25.03333612471419,-0.004100776250002311,0.0,0.020503881250011555,0.0,0.0,0.0,epa_udds,PPO_seed21
1050,9.54,-2602.682711992989,0.0,0.0,0.4823028456269057,25.03333827460187,-0.004892260736828927,0.0,0.024461303684144634,0.0,0.0,0.0,epa_udds,PPO_seed21
1051,9.6159,-3123.7021922598115,0.0,0.0,0.48228317554798456,25.03334326529982,-0.005871620662142503,0.0,0.029358103310712515,0.0,0.0,0.0,epa_udds,PPO_seed21
1052,9.7277,-3715.585118634307,0.0,0.0,0.4822597782761756,25.033352133112384,-0.006984182553823885,0.0,0.034920912769119426,0.0,0.0,0.0,epa_udds,PPO_seed21
1053,9.8753,-4338.649506998312,0.0,0.0,0.48223245737892206,25.033365828864174,-0.008155356216162242,0.0,0.0407767810808112,0.0,0.0,0.0,epa_udds,PPO_seed21
1054,10.0558,-4953.782369315318,0.0,0.0,0.48220126269571845,25.033385047597214,-0.009311620994953605,0.0,0.046558104974768026,0.0,0.0,0.0,epa_udds,PPO_seed21
1055,10.2638,-5520.730536890113,0.0,0.0,0.4821664975291083,25.033410034875672,-0.01037731303926713,0.0,0.05188656519633565,0.0,0.0,0.0,epa_udds,PPO_seed21
1056,10.4913,-5990.3621825484015,0.0,0.0,0.4821287745746227,25.033440319976467,-0.011260079290504516,0.0,0.05630039645252257,0.0,0.0,0.0,epa_udds,PPO_seed21
1057,10.729,-6328.029257131647,0.0,0.0,0.4820889247397154,25.033474751778353,-0.011894791836713624,0.0,0.05947395918356811,0.0,0.0,0.0,epa_udds,PPO_seed21
1058,10.9667,-6501.365627593258,0.0,0.0,0.48204798279872363,25.033511519311958,-0.012220612081942216,0.0,0.06110306040971107,0.0,0.0,0.0,epa_udds,PPO_seed21
1059,11.1942,-6491.688906058071,0.0,0.0,0.48200710124183405,25.03354840945687,-0.012202422755748253,0.0,0.061012113778741266,0.0,0.0,0.0,epa_udds,PPO_seed21
1060,11.4021,-6296.002493594342,0.0,0.0,0.4819674515030636,25.033583170593076,-0.011834591153372825,0.0,0.05917295576686412,0.0,0.0,0.0,epa_udds,PPO_seed21
1061,11.5826,-5930.151848069812,0.0,0.0,0.481930105295097,25.033613921418283,-0.011146901970056038,0.0,0.05573450985028019,0.0,0.0,0.0,epa_udds,PPO_seed21
1062,11.7302,-5429.046890680755,0.0,0.0,0.4818959145274709,25.033639478253285,-0.010204975358422472,0.0,0.05102487679211236,0.0,0.0,0.0,epa_udds,PPO_seed21
1063,11.842,-4839.609697673303,0.0,0.0,0.48186543562820106,25.033659458933247,-0.009097010709912225,0.0,0.04548505354956112,0.0,0.0,0.0,epa_udds,PPO_seed21
1064,11.9179,-4217.67382658328,0.0,0.0,0.48183887339251386,25.03367421248202,-0.007927958320645264,0.0,0.03963979160322632,0.0,0.0,0.0,epa_udds,PPO_seed21
1065,11.9609,-3627.9553261671545,0.0,0.0,0.4818160250208293,25.033684640866625,-0.00681946489881044,0.0,0.0340973244940522,0.0,0.0,0.0,epa_udds,PPO_seed21
1066,11.9765,-3124.8426261664486,0.0,0.0,0.4817963451503015,25.033691860466046,-0.00587376433489934,0.0,0.029368821674496698,0.0,0.0,0.0,epa_udds,PPO_seed21
1067,11.9725,-2758.0986999739757,0.0,0.0,0.48177897498766986,25.033697005928477,-0.005184396052582661,0.0,0.025921980262913306,0.0,0.0,0.0,epa_udds,PPO_seed21
1068,11.9583,-2562.70797072625,0.0,0.0,0.48176283539178133,25.033701108756247,-0.004817120245726034,0.0,0.02408560122863017,0.0,0.0,0.0,epa_udds,PPO_seed21
1069,11.9441,-2557.289385573416,0.0,0.0,0.4817467299513817,25.033705114880657,-0.004806934935288377,0.0,0.02403467467644188,0.0,0.0,0.0,epa_udds,PPO_seed21
1070,11.9402,-2747.111202936907,0.0,0.0,0.48172942907142624,25.033710007311523,-0.00516374286266336,0.0,0.025818714313316796,0.0,0.0,0.0,epa_udds,PPO_seed21
1071,11.9557,-3114.068541714179,0.0,0.0,0.48170981717145706,25.033716887554604,-0.005853512296455224,0.0,0.02926756148227612,0.0,0.0,0.0,epa_udds,PPO_seed21
1072,11.9987,-3645.788292559515,0.0,0.0,0.48168685657947297,25.03372715378542,-0.006852985512329915,0.0,0.034264927561649575,0.0,0.0,0.0,epa_udds,PPO_seed21
1073,12.0746,-4299.729167267978,0.0,0.0,0.4816597775132622,25.03374236533392,-0.008082197682834543,0.0,0.04041098841417272,0.0,0.0,0.0,epa_udds,PPO_seed21
1074,12.1864,-5039.451904539202,0.0,0.0,0.48162803964074585,25.03376419506881,-0.009472653955900755,0.0,0.047363269779503774,0.0,0.0,0.0,epa_udds,PPO_seed21
1075,12.334,-5813.512606676035,0.0,0.0,0.48159142657255594,25.03379411369341,-0.010927655275706834,0.0,0.05463827637853416,0.0,0.0,0.0,epa_udds,PPO_seed21
1076,12.5145,-6571.943377040148,0.0,0.0,0.4815500365737579,25.033833121732364,-0.012353277024511557,0.0,0.06176638512255778,0.0,0.0,0.0,epa_udds,PPO_seed21
1077,12.7225,-7264.546825297779,0.0,0.0,0.48150428402814166,25.033881459286086,-0.013655163205446953,0.0,0.06827581602723476,0.0,0.0,0.0,epa_udds,PPO_seed21
1078,12.95,-7831.5845833871335,0.0,0.0,0.48145495955879813,25.033938214116183,-0.014721023652983334,0.0,0.07360511826491667,0.0,0.0,0.0,epa_udds,PPO_seed21
1079,13.1877,-8232.58989211321,0.0,0.0,0.4814031086949309,25.034001427989157,-0.01547479303028799,0.0,0.07737396515143995,0.0,0.0,0.0,epa_udds,PPO_seed21
1080,13.4254,-8430.741530395871,0.0,0.0,0.4813500089484961,25.034068161680366,-0.015847258515781712,0.0,0.07923629257890856,0.0,0.0,0.0,epa_udds,PPO_seed21
1081,13.6529,-8406.26126907904,0.0,0.0,0.4812970625021902,25.034134914083502,-0.015801242986990673,0.0,0.07900621493495337,0.0,0.0,0.0,epa_udds,PPO_seed21
1082,13.4138,1100.0566093412804,0.0,0.0,0.4813039912697212,25.03413623558601,0.059535394541643125,0.0,0.01033887790734286,0.04400226437365121,0.0,0.0,epa_udds,PPO_seed21
1083,13.1473,1520.9280698385594,0.0,0.0,0.4813135707530632,25.03413807039617,0.08231308456163872,0.0,0.014294436746603002,0.06083712279354238,0.0,0.0,epa_udds,PPO_seed21
1084,12.8478,2003.335870899229,0.0,0.0,0.48132618842536723,25.034140984909257,0.1084211398400951,0.0,0.018828344651308542,0.08013343483596916,0.0,0.0,epa_udds,PPO_seed21
1085,12.5126,2496.2477485714267,0.0,0.0,0.4813419103154543,25.034145468705553,0.13509767890388819,0.0,0.02346097508055852,0.09984990994285707,0.0,0.0,epa_udds,PPO_seed21
1086,12.1414,2958.6124527191587,0.0,0.0,0.4813605438940028,25.034151812830544,0.16012099574941732,0.0,0.02780650801427781,0.11834449810876635,0.0,0.0,epa_udds,PPO_seed21
1087,11.7374,3339.1220622675482,0.0,0.0,0.4813815735023934,25.034159908070276,0.18071429025715646,0.0,0.03138272614913109,0.13356488249070192,0.0,0.0,epa_udds,PPO_seed21
1088,11.3059,3612.015674854688,0.0,0.0,0.4814043212782075,25.034169301488898,0.1954833746436394,0.0,0.033947515741115486,0.1444806269941875,0.0,0.0,epa_udds,PPO_seed21
1089,10.8549,3750.771587087089,0.0,0.0,0.4814279423850354,25.0341791942059,0.20299288634475834,0.0,0.03525161266059294,0.15003086348348355,0.0,0.0,epa_udds,PPO_seed21
1090,10.3937,3753.1198087706503,0.0,0.0,0.48145157775817937,25.03418867480618,0.20311997280850483,0.0,0.03527368241325799,0.15012479235082601,0.0,0.0,epa_udds,PPO_seed21
1091,9.9325,3625.865375161594,0.0,0.0,0.4814744112544621,25.034196883342993,0.19623292458957256,0.0,0.0340776820973834,0.14503461500646375,0.0,0.0,epa_udds,PPO_seed21
1092,9.4814,3388.9688251339503,0.0,0.0,0.48149575248732956,25.034203184836088,0.1834120120549938,0.0,0.03185121076253713,0.13555875300535802,0.0,0.0,epa_udds,PPO_seed21
1093,9.05,3065.61649618875,0.0,0.0,0.4815150571216358,25.034207226227117,0.1659120867636588,0.0,0.02881218511455592,0.12262465984754999,0.0,0.0,epa_udds,PPO_seed21
1094,8.6459,2690.457558284854,0.0,0.0,0.4815319990354701,25.034208986382716,0.14560837221454417,0.0,0.0252862552470381,0.10761830233139415,0.0,0.0,epa_udds,PPO_seed21
1095,8.2748,2291.062204746317,0.0,0.0,0.48154642572122847,25.03420866893394,0.12399297556213526,0.0,0.021532539518292454,0.09164248818985268,0.0,0.0,epa_udds,PPO_seed21
1096,7.9395,1898.0953543165529,0.0,0.0,0.48155837775734855,25.034206636285354,0.1027254914313575,0.0,0.017839242051847302,0.07592381417266211,0.0,0.0,epa_udds,PPO_seed21
1097,7.6401,1534.3597916819747,0.0,0.0,0.48156803929022496,25.034203296161706,0.08304001338741995,0.0,0.014420674733853146,0.06137439166727899,0.0,0.0,epa_udds,PPO_seed21
1098,7.3736,1221.5832090594656,0.0,0.0,0.48157573125959363,25.034199039798782,0.0661124506677446,0.0,0.011481045197927309,0.048863328362378625,0.0,0.0,epa_udds,PPO_seed21
1099,7.1345,973.4692713411201,0.0,0.0,0.4815818608719881,25.034194187452364,0.0526844497376946,0.0,0.009149147287040603,0.038938770853644805,0.0,0.0,epa_udds,PPO_seed21
1100,6.9149,801.4851373781407,0.0,0.0,0.4815869075198987,25.034188980675907,0.04337661668306658,0.0,0.0075327550505464354,0.03205940549512563,0.0,0.0,epa_udds,PPO_seed21
1101,6.7056,707.9349091361797,0.0,0.0,0.4815913650880497,25.034183585531505,0.03831365019520467,0.0,0.006653523582106953,0.028317396365447188,0.0,0.0,epa_udds,PPO_seed21
1102,6.4963,693.4113892084738,0.0,0.0,0.48159573118120086,25.034178123760285,0.03752763292874131,0.0,0.006517024334666107,0.027736455568338952,0.0,0.0,epa_udds,PPO_seed21
1103,6.2767,749.8071461588237,0.0,0.0,0.4816004523450326,25.034172696258498,0.04057978825602416,0.0,0.0070470596443498465,0.029992285846352947,0.0,0.0,epa_udds,PPO_seed21
1104,6.0376,860.605582539717,0.0,0.0,0.48160587112005604,25.034167397470167,0.04657623295579611,0.0,0.008088398332140197,0.03442422330158868,0.0,0.0,epa_udds,PPO_seed21
1105,5.7711,1007.384185433327,0.0,0.0,0.4816122140434862,25.03416231943189,0.05451993508833901,0.0,0.009467896479636532,0.04029536741733308,0.0,0.0,epa_udds,PPO_seed21
1106,5.4717,1164.513589314008,0.0,0.0,0.48161954627451914,25.034157526554868,0.06302382568332504,0.0,0.010944676591297067,0.04658054357256032,0.0,0.0,epa_udds,PPO_seed21
1107,5.1364,1307.385575564152,0.0,0.0,0.4816277780280449,25.034153031200415,0.07075610054820124,0.0,0.012287458416956316,0.05229542302256608,0.0,0.0,epa_udds,PPO_seed21
1108,4.7653,1411.3850596175032,0.0,0.0,0.48163666453632437,25.034148768479213,0.07638458390320892,0.0,0.013264897176856234,0.05645540238470013,0.0,0.0,epa_udds,PPO_seed21
1109,4.3612,1459.6745579685282,0.0,0.0,0.48164585502437246,25.034144604691544,0.0789980260771238,0.0,0.013718745845568875,0.05838698231874113,0.0,0.0,epa_udds,PPO_seed21
1110,3.9298,1441.3744582066267,0.0,0.0,0.48165493022601924,25.034140361978388,0.07800761917422029,0.0,0.013546752426754011,0.05765497832826507,0.0,0.0,epa_udds,PPO_seed21
1111,3.4787,1357.578537495348,0.0,0.0,0.4816634777725474,25.034135872915094,0.07347255874354522,0.0,0.012759196780971316,0.05430314149981392,0.0,0.0,epa_udds,PPO_seed21
1112,3.0175,1215.54122187962,0.0,0.0,0.48167113097968217,25.03413101818576,0.06578545650443236,0.0,0.011424259604131766,0.0486216488751848,0.0,0.0,epa_udds,PPO_seed21
1113,2.5563,1032.5281399771281,0.0,0.0,0.4816776318759774,25.03412575882538,0.05588073347034111,0.0,0.009704211841890301,0.04130112559908512,0.0,0.0,epa_udds,PPO_seed21
1114,2.1053,828.178833881672,0.0,0.0,0.4816828461444125,25.03412012842323,0.0448212875660171,0.0,0.0077836356567826314,0.03312715335526688,0.0,0.0,epa_udds,PPO_seed21
1115,2.0117,-18.852317426161594,0.0,0.0,0.4816827274494488,25.034113841164356,-3.54366868912812e-05,0.0,0.00017718343445640596,0.0,0.0,0.0,epa_udds,PPO_seed21
1116,1.6764,443.37151495525256,0.0,0.0,0.48168551893226574,25.03410773902259,0.023995399734194792,0.0,0.004167025516496735,0.0177348605982101,0.0,0.0,epa_udds,PPO_seed21
1117,1.3411,355.2643772299638,0.0,0.0,0.48168775568393696,25.034101566661107,0.019227014942114883,0.0,0.0033389509138154493,0.014210575089198553,0.0,0.0,epa_udds,PPO_seed21
1118,1.0058,266.7755776545454,0.0,0.0,0.4816894353048767,25.03409533965246,0.014437974495920432,0.0,0.002507289263670539,0.010671023106181815,0.0,0.0,epa_udds,PPO_seed21
1119,0.6706,177.9519410970015,0.0,0.0,0.4816905556896713,25.034089073594142,0.009630812571550502,0.0,0.001672480649407909,0.00711807764388006,0.0,0.0,epa_udds,PPO_seed21
1120,0.3353,89.06123543712516,0.0,0.0,0.48169111641815043,25.034082784148932,0.00482002084719118,0.0,0.0008370416864391463,0.0035624494174850067,0.0,0.0,epa_udds,PPO_seed21
1121,0.0,0.0,0.0,0.0,0.48169111641815043,25.034076486894655,0.0,0.0,0.0,0.0,0.0,0.0,epa_udds,PPO_seed21
1122,0.0,0.0,0.0,0.0,0.48169111641815043,25.034070189864345,0.0,0.0,0.0,0.0,0.0,0.0,epa_udds,PPO_seed21
1123,0.0,0.0,0.0,0.0,0.48169111641815043,25.034063893119725,0.0,0.0,0.0,0.0,0.0,0.0,epa_udds,PPO_seed21
1124,0.0,0.0,0.0,0.0,0.48169111641815043,25.03405759671846,0.0,0.0,0.0,0.0,0.0,0.0,epa_udds,PPO_seed21
1125,0.0,0.0,0.0,0.0,0.48169111641815043,25.034051300714417,0.0,0.0,0.0,0.0,0.0,0.0,epa_udds,PPO_seed21
1126,0.0,0.0,0.0,0.0,0.48169111641815043,25.034045005157925,0.0,0.0,0.0,0.0,0.0,0.0,epa_udds,PPO_seed21
1127,0.0,0.0,0.0,0.0,0.48169111641815043,25.03403871009599,0.0,0.0,0.0,0.0,0.0,0.0,epa_udds,PPO_seed21
1128,0.0,0.0,0.0,0.0,0.48169111641815043,25.034032415572533,0.0,0.0,0.0,0.0,0.0,0.0,epa_udds,PPO_seed21
1129,0.0,0.0,0.0,0.0,0.48169111641815043,25.034026121628568,0.0,0.0,0.0,0.0,0.0,0.0,epa_udds,PPO_seed21
1130,0.0,0.0,0.0,0.0,0.48169111641815043,25.03401982830242,0.0,0.0,0.0,0.0,0.0,0.0,epa_udds,PPO_seed21
1131,0.0,0.0,0.0,0.0,0.48169111641815043,25.034013535629878,0.0,0.0,0.0,0.0,0.0,0.0,epa_udds,PPO_seed21
1132,0.0,0.0,0.0,0.0,0.48169111641815043,25.034007243644375,0.0,0.0,0.0,0.0,0.0,0.0,epa_udds,PPO_seed21
1133,0.0,0.0,0.0,0.0,0.48169111641815043,25.034000952377134,0.0,0.0,0.0,0.0,0.0,0.0,epa_udds,PPO_seed21
1134,0.0,0.0,0.0,0.0,0.48169111641815043,25.033994661857324,0.0,0.0,0.0,0.0,0.0,0.0,epa_udds,PPO_seed21
1135,0.0,0.0,0.0,0.0,0.48169111641815043,25.033988372112184,0.0,0.0,0.0,0.0,0.0,0.0,epa_udds,PPO_seed21
1136,0.0,0.0,0.0,0.0,0.48169111641815043,25.03398208316715,0.0,0.0,0.0,0.0,0.0,0.0,epa_udds,PPO_seed21
1137,0.0,0.0,0.0,0.0,0.48169111641815043,25.03397579504598,0.0,0.0,0.0,0.0,0.0,0.0,epa_udds,PPO_seed21
1138,0.0,0.0,0.0,0.0,0.48169111641815043,25.033969507770863,0.0,0.0,0.0,0.0,0.0,0.0,epa_udds,PPO_seed21
1139,0.0,0.0,0.0,0.0,0.48169111641815043,25.033963221362512,0.0,0.0,0.0,0.0,0.0,0.0,epa_udds,PPO_seed21
1140,0.0,0.0,0.0,0.0,0.48169111641815043,25.033956935840276,0.0,0.0,0.0,0.0,0.0,0.0,epa_udds,PPO_seed21
1141,0.0,0.0,0.0,0.0,0.48169111641815043,25.033950651222217,0.0,0.0,0.0,0.0,0.0,0.0,epa_udds,PPO_seed21
1142,0.0,0.0,0.0,0.0,0.48169111641815043,25.033944367525194,0.0,0.0,0.0,0.0,0.0,0.0,epa_udds,PPO_seed21
1143,0.0,0.0,0.0,0.0,0.48169111641815043,25.03393808476496,0.0,0.0,0.0,0.0,0.0,0.0,epa_udds,PPO_seed21
1144,0.0,0.0,0.0,0.0,0.48169111641815043,25.033931802956207,0.0,0.0,0.0,0.0,0.0,0.0,epa_udds,PPO_seed21
1145,0.0,0.0,0.0,0.0,0.48169111641815043,25.03392552211266,0.0,0.0,0.0,0.0,0.0,0.0,epa_udds,PPO_seed21
1146,0.0,0.0,0.0,0.0,0.48169111641815043,25.033919242247126,0.0,0.0,0.0,0.0,0.0,0.0,epa_udds,PPO_seed21
1147,0.0,0.0,0.0,0.0,0.48169111641815043,25.033912963371556,0.0,0.0,0.0,0.0,0.0,0.0,epa_udds,PPO_seed21
1148,0.0,0.0,0.0,0.0,0.48169111641815043,25.033906685497108,0.0,0.0,0.0,0.0,0.0,0.0,epa_udds,PPO_seed21
1149,0.0,0.0,0.0,0.0,0.48169111641815043,25.033900408634192,0.0,0.0,0.0,0.0,0.0,0.0,epa_udds,PPO_seed21
1150,0.0,0.0,0.0,0.0,0.48169111641815043,25.033894132792522,0.0,0.0,0.0,0.0,0.0,0.0,epa_udds,PPO_seed21
1151,0.0,0.0,0.0,0.0,0.48169111641815043,25.033887857981163,0.0,0.0,0.0,0.0,0.0,0.0,epa_udds,PPO_seed21
1152,0.0,0.0,0.0,0.0,0.48169111641815043,25.03388158420857,0.0,0.0,0.0,0.0,0.0,0.0,epa_udds,PPO_seed21
1153,0.0,0.0,0.0,0.0,0.48169111641815043,25.033875311482625,0.0,0.0,0.0,0.0,0.0,0.0,epa_udds,PPO_seed21
1154,0.0,0.0,0.0,0.0,0.48169111641815043,25.033869039810686,0.0,0.0,0.0,0.0,0.0,0.0,epa_udds,PPO_seed21
1155,0.0,0.0,0.0,0.0,0.48169111641815043,25.03386276919961,0.0,0.0,0.0,0.0,0.0,0.0,epa_udds,PPO_seed21
1156,0.0,0.0,0.0,0.0,0.48169111641815043,25.0338564996558,0.0,0.0,0.0,0.0,0.0,0.0,epa_udds,PPO_seed21
1157,0.0,0.0,0.0,0.0,0.48169111641815043,25.033850231185212,0.0,0.0,0.0,0.0,0.0,0.0,epa_udds,PPO_seed21
1158,0.0,0.0,0.0,0.0,0.48169111641815043,25.033843963793405,0.0,0.0,0.0,0.0,0.0,0.0,epa_udds,PPO_seed21
1159,0.0,0.0,0.0,0.0,0.48169111641815043,25.033837697485556,0.0,0.0,0.0,0.0,0.0,0.0,epa_udds,PPO_seed21
1160,0.0,0.0,0.0,0.0,0.48169111641815043,25.033831432266492,0.0,0.0,0.0,0.0,0.0,0.0,epa_udds,PPO_seed21
1161,0.0,0.0,0.0,0.0,0.48169111641815043,25.03382516814071,0.0,0.0,0.0,0.0,0.0,0.0,epa_udds,PPO_seed21
1162,0.3129,-200.06535078413893,0.0,0.0,0.4816898568283797,25.033818943021984,-0.0003760626894438702,0.0,0.0018803134472193507,0.0,0.0,0.0,epa_udds,PPO_seed21
1163,0.6259,-400.3997706825606,0.0,0.0,0.4816873359534534,25.033812833173236,-0.0007526311478995499,0.0,0.0037631557394977497,0.0,0.0,0.0,epa_udds,PPO_seed21
1164,0.9388,-600.6909594180937,0.0,0.0,0.4816835540616177,25.033806914854786,-0.0011291183447708528,0.0,0.005645591723854264,0.0,0.0,0.0,epa_udds,PPO_seed21
1165,1.2517,-801.4026589117963,0.0,0.0,0.4816785084989663,25.03380126511216,-0.0015063959753981134,0.0,0.007531979876990566,0.0,0.0,0.0,epa_udds,PPO_seed21
1166,1.5646,-1002.5452116462789,0.0,0.0,0.48167219654407234,25.033795961696814,-0.0018844834805381184,0.0,0.009422417402690592,0.0,0.0,0.0,epa_udds,PPO_seed21
1167,1.8776,-1204.5829464558608,0.0,0.0,0.4816646125497892,25.03379108418608,-0.002264253658751618,0.0,0.01132126829375809,0.0,0.0,0.0,epa_udds,PPO_seed21
1168,2.1905,-1406.6184724311956,0.0,0.0,0.48165575651661824,25.033786711129,-0.0026440196850210443,0.0,0.013220098425105221,0.0,0.0,0.0,epa_udds,PPO_seed21
1169,2.7451,-2799.251609068337,0.0,0.0,0.4816381324249476,25.033787892168164,-0.005261751144865295,0.0,0.026308755724326477,0.0,0.0,0.0,epa_udds,PPO_seed21
1170,3.1542,-2506.981703371724,0.0,0.0,0.4816223483218877,25.03378761969172,-0.004712371622879181,0.0,0.023561858114395904,0.0,0.0,0.0,epa_udds,PPO_seed21
1171,3.5359,-2664.9425985040393,0.0,0.0,0.48160556955730405,25.033788138483075,-0.005009290598691804,0.0,0.025046452993459017,0.0,0.0,0.0,epa_udds,PPO_seed21
1172,3.8847,-2734.9080980985436,0.0,0.0,0.481588350142988,25.0337890370997,-0.005140804695673955,0.0,0.02570402347836977,0.0,0.0,0.0,epa_udds,PPO_seed21
1173,4.1976,-2727.0037021224143,0.0,0.0,0.481571180356889,25.03378992070802,-0.0051259468085007795,0.0,0.025629734042503894,0.0,0.0,0.0,epa_udds,PPO_seed21
1174,4.4747,-2664.1336992739475,0.0,0.0,0.4815544062820431,25.03379051200736,-0.005007770111417195,0.0,0.025038850557085972,0.0,0.0,0.0,epa_udds,PPO_seed21
1175,4.7188,-2573.4385785964732,0.0,0.0,0.481538203127431,25.033790683754823,-0.004837290561271567,0.0,0.024186452806357832,0.0,0.0,0.0,epa_udds,PPO_seed21
1176,4.9356,-2488.1271491153657,0.0,0.0,0.4815225370121957,25.033790477514778,-0.004676930731419861,0.0,0.0233846536570993,0.0,0.0,0.0,epa_udds,PPO_seed21
1177,5.1328,-2437.0175125710107,0.0,0.0,0.48150719260342995,25.033790063995713,-0.0045808599860357345,0.0,0.022904299930178673,0.0,0.0,0.0,epa_udds,PPO_seed21
1178,5.3198,-2447.489265418238,0.0,0.0,0.48149178216798105,25.033789730357338,-0.004600543731989169,0.0,0.023002718659945846,0.0,0.0,0.0,epa_udds,PPO_seed21
1179,5.5068,-2540.0554731761836,0.0,0.0,0.4814757888024478,25.0337898666439,-0.004774540363113127,0.0,0.023872701815565636,0.0,0.0,0.0,epa_udds,PPO_seed21
1180,5.7039,-2727.969156161371,0.0,0.0,0.4814586121419537,25.033790976052053,-0.0051277615717319,0.0,0.0256388078586595,0.0,0.0,0.0,epa_udds,PPO_seed21
1181,5.9207,-3021.8366547442806,0.0,0.0,0.48143958502075085,25.033793726524912,-0.005680144087865189,0.0,0.028400720439325945,0.0,0.0,0.0,epa_udds,PPO_seed21
1182,6.1648,-3418.8767344004586,0.0,0.0,0.48141805776204283,25.033798947966805,-0.006426460027068532,0.0,0.032132300135342656,0.0,0.0,0.0,epa_udds,PPO_seed21
1183,6.4419,-3916.421309681882,0.0,0.0,0.48139339746017057,25.033807686877537,-0.0073616941911313575,0.0,0.036808470955656786,0.0,0.0,0.0,epa_udds,PPO_seed21
1184,6.7549,-4500.285891396241,0.0,0.0,0.4813650604888759,25.033821157141386,-0.008459184006383912,0.0,0.04229592003191956,0.0,0.0,0.0,epa_udds,PPO_seed21
1185,7.1036,-5147.199964722908,0.0,0.0,0.48133264971011547,25.03384063653166,-0.009675187903614489,0.0,0.04837593951807244,0.0,0.0,0.0,epa_udds,PPO_seed21
1186,7.4853,-5832.445716067125,0.0,0.0,0.4812959235890689,25.033867366176498,-0.010963243827193846,0.0,0.05481621913596922,0.0,0.0,0.0,epa_udds,PPO_seed21
1187,7.8944,-6516.79254471631,0.0,0.0,0.481254887586727,25.03390225608876,-0.01224961004645923,0.0,0.061248050232296146,0.0,0.0,0.0,epa_udds,PPO_seed21
1188,8.3231,-7158.35157386321,0.0,0.0,0.48120981091874965,25.033945647745288,-0.013455548071171448,0.0,0.06727774035585724,0.0,0.0,0.0,epa_udds,PPO_seed21
1189,8.762,-7713.3542355965,0.0,0.0,0.48116123842086195,25.033997088364362,-0.01449878615713628,0.0,0.07249393078568139,0.0,0.0,0.0,epa_udds,PPO_seed21
1190,9.2009,-8142.231110319449,0.0,0.0,0.48110996414186746,25.034055240870316,-0.01530494569608919,0.0,0.07652472848044595,0.0,0.0,0.0,epa_udds,PPO_seed21
1191,9.6295,-8412.768647398278,0.0,0.0,0.48105698505770517,25.034117943523384,-0.015813474901124582,0.0,0.07906737450562291,0.0,0.0,0.0,epa_udds,PPO_seed21
1192,10.0386,-8513.002276167595,0.0,0.0,0.48100337358322176,25.0341825912956,-0.01600188397775864,0.0,0.08000941988879319,0.0,0.0,0.0,epa_udds,PPO_seed21
1193,10.4203,-8440.239443640163,0.0,0.0,0.480950219191955,25.03424642899024,-0.01586511173616572,0.0,0.07932555868082859,0.0,0.0,0.0,epa_udds,PPO_seed21
1194,10.7691,-8218.260169608373,0.0,0.0,0.48089846169481093,25.034307129916296,-0.015447857461669873,0.0,0.07723928730834936,0.0,0.0,0.0,epa_udds,PPO_seed21
1195,11.082,-7882.574519961857,0.0,0.0,0.48084881733978546,25.03436307145246,-0.014816869398424543,0.0,0.07408434699212271,0.0,0.0,0.0,epa_udds,PPO_seed21
1196,11.3591,-7488.4883990433345,0.0,0.0,0.4808016541023024,25.03441361765393,-0.014076106013239352,0.0,0.07038053006619675,0.0,0.0,0.0,epa_udds,PPO_seed21
1197,11.6033,-7093.771294960879,0.0,0.0,0.4807569761274475,25.034459028288136,-0.013334156569475336,0.0,0.06667078284737668,0.0,0.0,0.0,epa_udds,PPO_seed21
1198,11.82,-6755.774591157657,0.0,0.0,0.48071442632883016,25.034500292022578,-0.01269882441946928,0.0,0.0634941220973464,0.0,0.0,0.0,epa_udds,PPO_seed21
1199,12.0172,-6537.06373060073,0.0,0.0,0.48067325352328,25.0345390618638,-0.012287713779324682,0.0,0.061438568896623406,0.0,0.0,0.0,epa_udds,PPO_seed21
1200,12.2042,-6477.5376406796095,0.0,0.0,0.48063245517365527,25.034577339060856,-0.012175822632856409,0.0,0.060879113164282045,0.0,0.0,0.0,epa_udds,PPO_seed21
1201,12.3912,-6610.184869376024,0.0,0.0,0.4805908209047566,25.03461749614205,-0.012425159528902302,0.0,0.0621257976445115,0.0,0.0,0.0,epa_udds,PPO_seed21
1202,12.3425,-2050.185009523025,0.0,0.0,0.4805779076667756,25.034620461902907,-0.003853731220907942,0.0,0.01926865610453971,0.0,0.0,0.0,epa_udds,PPO_seed21
1203,12.3134,-2415.59639175043,0.0,0.0,0.48056269293796955,25.03462480319671,-0.004540594721335395,0.0,0.022702973606676974,0.0,0.0,0.0,epa_udds,PPO_seed21
1204,12.3116,-2937.756123568951,0.0,0.0,0.4805441894345715,25.03463166330979,-0.005522097976633367,0.0,0.027610489883166833,0.0,0.0,0.0,epa_udds,PPO_seed21
1205,12.3429,-3586.328200082517,0.0,0.0,0.48052160092942003,25.03464245480331,-0.006741218421207739,0.0,0.03370609210603869,0.0,0.0,0.0,epa_udds,PPO_seed21
1206,12.4099,-4307.018333359123,0.0,0.0,0.4804944731379879,25.034658618467688,-0.008095899122855495,0.0,0.04047949561427747,0.0,0.0,0.0,epa_udds,PPO_seed21
1207,12.5128,-5060.304687815177,0.0,0.0,0.4804626006665307,25.03468151393975,-0.009511850916945822,0.0,0.04755925458472911,0.0,0.0,0.0,epa_udds,PPO_seed21
1208,12.6487,-5789.90759321888,0.0,0.0,0.4804261325630756,25.034712021241194,-0.010883284949659549,0.0,0.05441642474829774,0.0,0.0,0.0,epa_udds,PPO_seed21
1209,12.8119,-6439.8844865150495,0.0,0.0,0.48038557020996875,25.034750233868692,-0.012105046027283928,0.0,0.06052523013641964,0.0,0.0,0.0,epa_udds,PPO_seed21
1210,12.9947,-6963.882929309595,0.0,0.0,0.4803417069466944,25.034795330571814,-0.013090005506221046,0.0,0.06545002753110522,0.0,0.0,0.0,epa_udds,PPO_seed21
1211,13.1877,-7315.6051521131985,0.0,0.0,0.48029562775790297,25.03484546016785,-0.013751137503972178,0.0,0.06875568751986089,0.0,0.0,0.0,epa_udds,PPO_seed21
1212,13.3807,-7462.871838665067,0.0,0.0,0.4802486203786374,25.03489795547081,-0.014027954583956892,0.0,0.07013977291978446,0.0,0.0,0.0,epa_udds,PPO_seed21
1213,13.5635,-7388.763420411623,0.0,0.0,0.48020207919955027,25.034949721505036,-0.01388865304588651,0.0,0.06944326522943255,0.0,0.0,0.0,epa_udds,PPO_seed21
1214,13.7267,-7094.978170646516,0.0,0.0,0.4801573880023665,25.034997757173056,-0.013336425132794205,0.0,0.06668212566397103,0.0,0.0,0.0,epa_udds,PPO_seed21
1215,13.8625,-6604.752310804096,0.0,0.0,0.4801157842808007,25.03503969561083,-0.012414947952639279,0.0,0.06207473976319639,0.0,0.0,0.0,epa_udds,PPO_seed21
1216,13.9654,-5962.492966368813,0.0,0.0,0.48007822585485743,25.035074196305015,-0.011207693545806039,0.0,0.05603846772903019,0.0,0.0,0.0,epa_udds,PPO_seed21
1217,14.0325,-5225.134011774746,0.0,0.0,0.48004531192591093,25.03510101839538,-0.009821680473260801,0.0,0.049108402366304,0.0,0.0,0.0,epa_udds,PPO_seed21
1218,14.0637,-4458.595959837486,0.0,0.0,0.48001722643469474,25.035120863275008,-0.008380819473378733,0.0,0.04190409736689366,0.0,0.0,0.0,epa_udds,PPO_seed21
1219,14.062,-3738.0011273401365,0.0,0.0,0.47999368007580573,25.03513508526168,-0.0070263179085340915,0.0,0.035131589542670455,0.0,0.0,0.0,epa_udds,PPO_seed21
1220,14.0329,-3125.4297403974406,0.0,0.0,0.4799739924468891,25.035145222502074,-0.005874867933077896,0.0,0.02937433966538948,0.0,0.0,0.0,epa_udds,PPO_seed21
1221,13.9842,-2677.04010075827,0.0,0.0,0.4799571293626817,25.035152733988966,-0.0050320302645832145,0.0,0.02516015132291607,0.0,0.0,0.0,epa_udds,PPO_seed21
1222,13.9253,-2431.403199268881,0.0,0.0,0.47994181365876326,25.035158857235253,-0.00457030676554301,0.0,0.022851533827715046,0.0,0.0,0.0,epa_udds,PPO_seed21
1223,13.8664,-2407.818782923716,0.0,0.0,0.47992664660116335,25.035164657882163,-0.004525975155871646,0.0,0.02262987577935823,0.0,0.0,0.0,epa_udds,PPO_seed21
1224,13.8177,-2607.6871962050623,0.0,0.0,0.47991022064534133,25.035171202422948,-0.004901667662039592,0.0,0.024508338310197955,0.0,0.0,0.0,epa_udds,PPO_seed21
1225,13.7886,-3016.103866038287,0.0,0.0,0.47989122213889124,25.035179747662298,-0.0056693681692449,0.0,0.028346840846224502,0.0,0.0,0.0,epa_udds,PPO_seed21
1226,13.7869,-3602.981616336289,0.0,0.0,0.4798685269437114,25.035191846900474,-0.006772521835218589,0.0,0.03386260917609294,0.0,0.0,0.0,epa_udds,PPO_seed21
1227,13.8181,-4325.288485033933,0.0,0.0,0.4798412819564503,25.03520930889674,-0.00813024151322168,0.0,0.0406512075661084,0.0,0.0,0.0,epa_udds,PPO_seed21
1228,13.8851,-5134.607872214439,0.0,0.0,0.4798089390094725,25.035234035309166,-0.00965151855679406,0.0,0.04825759278397029,0.0,0.0,0.0,epa_udds,PPO_seed21
1229,13.988,-5977.3200208634635,0.0,0.0,0.47977128763707666,25.035267724058702,-0.011235563948991473,0.0,0.056177819744957364,0.0,0.0,0.0,epa_udds,PPO_seed21
1230,14.1239,-6792.037117934088,0.0,0.0,0.4797285040116523,25.035311441192345,-0.012766987063785882,0.0,0.0638349353189294,0.0,0.0,0.0,epa_udds,PPO_seed21
1231,14.2871,-7516.060419889346,0.0,0.0,0.479681159223246,25.03536522329514,-0.014127933120092757,0.0,0.07063966560046378,0.0,0.0,0.0,epa_udds,PPO_seed21
1232,14.4699,-8097.968738886456,0.0,0.0,0.47963014827685385,25.035427933582216,-0.015221745749786573,0.0,0.07610872874893286,0.0,0.0,0.0,epa_udds,PPO_seed21
1233,14.6629,-8486.939846014651,0.0,0.0,0.4795766863612634,25.035497131645442,-0.01595289444739596,0.0,0.0797644722369798,0.0,0.0,0.0,epa_udds,PPO_seed21
1234,14.8559,-8648.242099719415,0.0,0.0,0.4795222075323752,25.035569360467434,-0.016256094172404915,0.0,0.08128047086202457,0.0,0.0,0.0,epa_udds,PPO_seed21
1235,15.0387,-8564.19911013547,0.0,0.0,0.4794682573047358,25.0356406424683,-0.016098118628074195,0.0,0.08049059314037096,0.0,0.0,0.0,epa_udds,PPO_seed21
1236,15.2019,-8237.610544064799,0.0,0.0,0.47941636367135737,25.035707132960674,-0.015484230345986463,0.0,0.07742115172993232,0.0,0.0,0.0,epa_udds,PPO_seed21
1237,15.3378,-7697.207286861795,0.0,0.0,0.47936787373177736,25.035765827038656,-0.014468434749740217,0.0,0.07234217374870108,0.0,0.0,0.0,epa_udds,PPO_seed21
1238,15.4407,-6984.879342878966,0.0,0.0,0.4793238707565302,25.03581490338938,-0.013129472449020614,0.0,0.06564736224510306,0.0,0.0,0.0,epa_udds,PPO_seed21
1239,15.5077,-6168.011116752445,0.0,0.0,0.47928501353352937,25.035853999516384,-0.011594005858557228,0.0,0.057970029292786135,0.0,0.0,0.0,epa_udds,PPO_seed21
1240,15.5389,-5323.896223228598,0.0,0.0,0.47925147389675976,25.035884000915413,-0.010007323727873304,0.0,0.050036618639366516,0.0,0.0,0.0,epa_udds,PPO_seed21
1241,15.5372,-4527.673438296385,0.0,0.0,0.4792229502721274,25.03590656225221,-0.008510664357699973,0.0,0.04255332178849986,0.0,0.0,0.0,epa_udds,PPO_seed21
1242,15.2287,2098.60769881863,0.0,0.0,0.47923617115678024,25.03591376184224,0.11357727982027442,0.0,0.019723756567844267,0.0839443079527452,0.0,0.0,epa_udds,PPO_seed21
1243,14.9006,2442.6353547628214,0.0,0.0,0.47925155899248456,25.035921560649573,0.13219616002693826,0.0,0.022957099198898698,0.09770541419051286,0.0,0.0,epa_udds,PPO_seed21
1244,14.5623,2614.773988246352,0.0,0.0,0.4792680308478338,25.035929333608703,0.1415123546420845,0.0,0.02457494349855594,0.10459095952985407,0.0,0.0,epa_udds,PPO_seed21
1245,14.224,2612.469410908532,0.0,0.0,0.4792844877890852,25.03593629500709,0.14138763022345574,0.0,0.024553283937110263,0.10449877643634128,0.0,0.0,epa_udds,PPO_seed21
1246,13.896,2445.995327034783,0.0,0.0,0.4792998956875551,25.035941725048055,0.13237800273681477,0.0,0.022988677885665252,0.09783981308139131,0.0,0.0,epa_udds,PPO_seed21
1247,13.5874,2145.0665991226006,0.0,0.0,0.47931340766844005,25.03594519025992,0.11609164947732689,0.0,0.020160400367693614,0.08580266396490402,0.0,0.0,epa_udds,PPO_seed21
1248,13.3063,1733.2940843387403,0.0,0.0,0.47932432563385874,25.03594656903991,0.09380639713586655,0.0,0.016290357935514477,0.06933176337354961,0.0,0.0,epa_udds,PPO_seed21
1249,13.0581,1255.847865986689,0.0,0.0,0.47933223603695124,25.03594610543021,0.06796686420580592,0.0,0.011803081447243317,0.05023391463946756,0.0,0.0,epa_udds,PPO_seed21
1250,12.8458,395.92557586729527,0.0,352.8047208704311,0.4793347298749543,25.035943884416156,0.02142761124129918,0.0,0.00372110503634676,0.01583702303469181,0.0,0.0,epa_udds,PPO_seed21
1251,12.6693,0.0,0.0,254.52554851343044,0.4793347298749543,25.03594120304144,0.0,0.0,0.0,0.0,0.0,0.0,epa_udds,PPO_seed21
1252,12.5257,-264.98214865958334,0.0,0.0,0.4793330608557951,25.035938328146518,-0.0004980867456007206,0.0,0.002490433728003603,0.0,0.0,0.0,epa_udds,PPO_seed21
1253,12.4095,-770.3755855769464,0.0,0.0,0.479328208605788,25.035935725756342,-0.0014480744089792226,0.0,0.007240372044896113,0.0,0.0,0.0,epa_udds,PPO_seed21
1254,12.3129,-1122.5549661499094,0.0,0.0,0.4793211381871635,25.035933581940245,-0.0021100657258456947,0.0,0.010550328629228473,0.0,0.0,0.0,epa_udds,PPO_seed21
1255,12.2265,-1293.4821551247785,0.0,0.0,0.4793129912296815,25.035931690805306,-0.0024313574344450722,0.0,0.012156787172225361,0.0,0.0,0.0,epa_udds,PPO_seed21
1256,12.1401,-1269.3655477745206,0.0,0.0,0.4793049962096144,25.035929621490663,-0.0023860254657415802,0.0,0.0119301273287079,0.0,0.0,0.0,epa_udds,PPO_seed21
1257,12.0435,-1051.6887932995317,0.0,0.0,0.4792983722453248,25.035926958273045,-0.001976858634021676,0.0,0.00988429317010838,0.0,0.0,0.0,epa_udds,PPO_seed21
1258,11.9274,-660.3022314256696,0.0,0.0,0.47929421341565215,25.035923536606788,-0.001241169607942988,0.0,0.00620584803971494,0.0,0.0,0.0,epa_udds,PPO_seed21
1259,11.7838,-124.7573382945547,0.0,0.0,0.4792934276526167,25.035919574647505,-0.00023450627498976446,0.0,0.0011725313749488223,0.0,0.0,0.0,epa_udds,PPO_seed21
1260,11.6073,0.0,0.0,359.4433499512747,0.4792934276526167,25.035915431025572,0.0,0.0,0.0,0.0,0.0,0.0,epa_udds,PPO_seed21
1261,11.395,833.2395535427968,0.0,0.0,0.47929867558380385,25.035911781810256,0.04509517523609813,0.0,0.00783119881149245,0.033329582141711875,0.0,0.0,epa_udds,PPO_seed21
1262,11.1468,1289.5920434283626,0.0,0.0,0.4793067976365757,25.035908849545695,0.06979310923757408,0.0,0.012120225972071077,0.051583681737134505,0.0,0.0,epa_udds,PPO_seed21
1263,10.8656,1687.027104455566,0.0,0.0,0.4793174226673238,25.03590682745911,0.09130241426970799,0.0,0.015855517899018477,0.06748108417822264,0.0,0.0,epa_udds,PPO_seed21
1264,10.5571,1991.3579409649333,0.0,0.0,0.4793299642316272,25.035905652034305,0.10777289066966608,0.0,0.018715770121850876,0.07965431763859733,0.0,0.0,epa_udds,PPO_seed21
1265,10.229,2183.4477605229417,0.0,0.0,0.47934371538581705,25.03590502658194,0.1181688494755198,0.0,0.02052112556882464,0.08733791042091767,0.0,0.0,epa_udds,PPO_seed21
1266,9.8908,2251.535548781689,0.0,0.0,0.4793578951504501,25.03590448853266,0.12185378105361352,0.0,0.021161048390805348,0.09006142195126757,0.0,0.0,epa_udds,PPO_seed21
1267,9.5525,2202.103716754545,0.0,0.0,0.4793717634094014,25.03590356020933,0.11917851543758806,0.0,0.02069646350333219,0.0880841486701818,0.0,0.0,epa_udds,PPO_seed21
1268,9.2244,2045.063939147106,0.0,0.0,0.47938464250262247,25.03590183914362,0.11067947544346517,0.0,0.01922052574386378,0.08180255756588424,0.0,0.0,epa_udds,PPO_seed21
1269,8.9159,1801.9977481661035,0.0,0.0,0.47939599071049355,25.035899094185627,0.09752466008495948,0.0,0.0169360690617115,0.07207990992664413,0.0,0.0,epa_udds,PPO_seed21
1270,8.6347,1499.128178023509,0.0,0.0,0.47940543147108117,25.03589528701208,0.08113326786024976,0.0,0.01408955054533373,0.05996512712094036,0.0,0.0,epa_udds,PPO_seed21
1271,8.3866,1160.0876974876755,0.0,0.0,0.47941273705319104,25.035890532335497,0.06278429508658863,0.0,0.010903079863605973,0.04640350789950702,0.0,0.0,epa_udds,PPO_seed21
1272,8.1742,816.000514775216,0.0,0.0,0.47941787572488076,25.035885059601455,0.04416219327332334,0.0,0.007669177770443759,0.03264002059100864,0.0,0.0,epa_udds,PPO_seed21
1273,7.9977,0.0,0.0,486.4406146659856,0.47941787572488076,25.035878898748425,0.0,0.0,0.0,0.0,0.0,0.0,epa_udds,PPO_seed21
1274,7.8542,0.0,0.0,194.958967836894,0.47941787572488076,25.03587270727277,0.0,0.0,0.0,0.0,0.0,0.0,epa_udds,PPO_seed21
1275,7.738,-53.621732048543265,0.0,0.0,0.4794175380527754,25.035866489986894,-0.00010079272941455502,0.0,0.0005039636470727751,0.0,0.0,0.0,epa_udds,PPO_seed21
1276,7.6414,-279.278061697566,0.0,0.0,0.47941577936093116,25.0358603186246,-0.0005249587625894098,0.0,0.002624793812947049,0.0,0.0,0.0,epa_udds,PPO_seed21
1277,7.555,-390.1805769341274,0.0,0.0,0.47941332229085,25.03585419947042,-0.0007334221370942245,0.0,0.003667110685471122,0.0,0.0,0.0,epa_udds,PPO_seed21
1278,7.4686,-380.0378259737515,0.0,0.0,0.4794109290969082,25.03584805848259,-0.0007143568157401345,0.0,0.003571784078700672,0.0,0.0,0.0,epa_udds,PPO_seed21
1279,7.372,-251.96058404463753,0.0,0.0,0.47940934244059924,25.035841826965466,-0.00047361012038465706,0.0,0.002368050601923285,0.0,0.0,0.0,epa_udds,PPO_seed21
1280,7.2558,-19.541162004439492,0.0,0.0,0.47940921938548614,25.035835519741504,-3.6731507527141906e-05,0.0,0.00018365753763570952,0.0,0.0,0.0,epa_udds,PPO_seed21
1281,7.1122,0.0,0.0,210.65891234808143,0.47940921938548614,25.035829192131175,0.0,0.0,0.0,0.0,0.0,0.0,epa_udds,PPO_seed21
1282,6.9804,0.0,0.0,119.9720967061197,0.47940921938548614,25.035822845462377,0.0,0.0,0.0,0.0,0.0,0.0,epa_udds,PPO_seed21
1283,6.8128,0.0,0.0,396.90210990285897,0.47940921938548614,25.035816481064845,0.0,0.0,0.0,0.0,0.0,0.0,epa_udds,PPO_seed21
1284,6.6093,658.4095030908212,0.0,0.0,0.47941336549105723,25.035810510925483,0.03563332032517091,0.0,0.006188059239575387,0.026336380123632847,0.0,0.0,epa_udds,PPO_seed21
1285,6.3729,877.9397596548846,0.0,0.0,0.4794188939849011,25.03580483254739,0.04751436383455533,0.0,0.00825131353059102,0.035117590386195385,0.0,0.0,epa_udds,PPO_seed21
1286,6.1091,1037.560990865895,0.0,0.0,0.4794254275967744,25.035799414830468,0.05615311287408054,0.0,0.009751513072047887,0.041502439634635804,0.0,0.0,epa_udds,PPO_seed21
1287,5.8257,1125.627585309631,0.0,0.0,0.479432515729529,25.035794149049835,0.06091930345156935,0.0,0.010579206628849916,0.04502510341238524,0.0,0.0,epa_udds,PPO_seed21
1288,5.5321,1139.880483209116,0.0,0.0,0.47943969356996263,25.035788887311966,0.06169067457247531,0.0,0.010713162436175901,0.04559521932836464,0.0,0.0,epa_udds,PPO_seed21
1289,5.2385,1086.3734583027006,0.0,0.0,0.4794465344355211,25.035783489303668,0.05879485829220179,0.0,0.010210276863747186,0.04345493833210802,0.0,0.0,epa_udds,PPO_seed21
1290,4.9552,976.4960418828236,0.0,0.0,0.4794526833716819,25.03577785689939,0.05284825946971853,0.0,0.009177594378597966,0.03905984167531295,0.0,0.0,epa_udds,PPO_seed21
1291,4.6913,827.5965496121806,0.0,0.0,0.4794578946707503,25.03577195425539,0.04478977416622914,0.0,0.007778163060264856,0.033103861984487226,0.0,0.0,epa_udds,PPO_seed21
1292,4.4549,652.7458228863779,0.0,0.0,0.479462004933158,25.035765794324202,0.035326800249143975,0.0,0.006134829162465958,0.026109832915455117,0.0,0.0,epa_udds,PPO_seed21
1293,4.2514,469.4506014944364,0.0,0.0,0.4794649609968824,25.035759430708524,0.02540680774102972,0.0,0.004412129713293575,0.018778024059777455,0.0,0.0,epa_udds,PPO_seed21
1294,4.0838,0.0,0.0,289.14922102343536,0.4794649609968824,25.035752852198847,0.0,0.0,0.0,0.0,0.0,0.0,epa_udds,PPO_seed21
1295,3.952,0.0,0.0,123.12374480293953,0.4794649609968824,25.035746272048726,0.0,0.0,0.0,0.0,0.0,0.0,epa_udds,PPO_seed21
1296,3.8531,-28.72453455804527,0.0,0.0,0.4794647801234771,25.035739691227565,-5.39934860113633e-05,0.0,0.00026996743005681646,0.0,0.0,0.0,epa_udds,PPO_seed21
1297,3.7817,-188.75702379787782,0.0,0.0,0.4794635915543942,25.035733142315834,-0.00035480643571029666,0.0,0.0017740321785514833,0.0,0.0,0.0,epa_udds,PPO_seed21
1298,3.7298,-298.45177843324547,0.0,0.0,0.47946171225779377,25.035726644275414,-0.000560999583521138,0.0,0.0028049979176056903,0.0,0.0,0.0,epa_udds,PPO_seed21
1299,3.6881,-352.96439701435304,0.0,0.0,0.47945948970503705,25.03572018095086,-0.0006634669116811149,0.0,0.003317334558405574,0.0,0.0,0.0,epa_udds,PPO_seed21
1300,3.6464,-348.32006947076354,0.0,0.0,0.4794572963962437,25.035713716012044,-0.0006547369726894052,0.0,0.003273684863447026,0.0,0.0,0.0,epa_udds,PPO_seed21
1301,3.5945,-285.5380953384329,0.0,0.0,0.47945549841384927,25.03570721480084,-0.0005367257431173551,0.0,0.0026836287155867756,0.0,0.0,0.0,epa_udds,PPO_seed21
1302,3.523,-171.39541776894592,0.0,0.0,0.4794544191675147,25.03570066514296,-0.0003221718379115525,0.0,0.0016108591895577624,0.0,0.0,0.0,epa_udds,PPO_seed21
1303,3.4242,-19.7972105899973,0.0,0.0,0.4794542945080648,25.035694088176584,-3.721280186089718e-05,0.0,0.0001860640093044859,0.0,0.0,0.0,epa_udds,PPO_seed21
1304,3.2924,0.0,0.0,109.21139552025113,0.4794542945080648,25.035687509973517,0.0,0.0,0.0,0.0,0.0,0.0,epa_udds,PPO_seed21
1305,3.1247,0.0,0.0,230.705261026465,0.4794542945080648,25.0356809309031,0.0,0.0,0.0,0.0,0.0,0.0,epa_udds,PPO_seed21
1306,2.9212,334.3250298906362,0.0,0.0,0.4794563996863968,25.03567445699556,0.0180937711665624,0.0,0.0031421525365661297,0.013373001195625447,0.0,0.0,epa_udds,PPO_seed21
1307,2.6848,407.7001782378844,0.0,0.0,0.47945896688820944,25.035668031971184,0.022064856262829263,0.0,0.0038317685924613197,0.016308007129515377,0.0,0.0,epa_udds,PPO_seed21
1308,2.1793,990.0217692487518,0.0,0.0,0.4794652008319844,25.035662375338624,0.05358027590265049,0.0,0.009304715876398043,0.03960087076995007,0.0,0.0,epa_udds,PPO_seed21
1309,2.0117,0.0,0.0,153.15602745316332,0.4794652008319844,25.035655784925574,0.0,0.0,0.0,0.0,0.0,0.0,epa_udds,PPO_seed21
1310,1.844,0.0,0.0,141.09814505970573,0.4794652008319844,25.035649194832857,0.0,0.0,0.0,0.0,0.0,0.0,epa_udds,PPO_seed21
1311,1.6764,0.0,0.0,128.50336135525308,0.4794652008319844,25.035642605119424,0.0,0.0,0.0,0.0,0.0,0.0,epa_udds,PPO_seed21
1312,1.5088,0.0,0.0,115.99590567626652,0.4794652008319844,25.035636015840343,0.0,0.0,0.0,0.0,0.0,0.0,epa_udds,PPO_seed21
1313,1.3411,0.0,0.0,103.52381402996387,0.4794652008319844,25.035629427047056,0.0,0.0,0.0,0.0,0.0,0.0,epa_udds,PPO_seed21
1314,1.1735,0.0,0.0,90.66345331830564,0.4794652008319844,25.03562283878762,0.0,0.0,0.0,0.0,0.0,0.0,epa_udds,PPO_seed21
1315,1.0058,0.0,0.0,77.97484805454536,0.4794652008319844,25.03561625110693,0.0,0.0,0.0,0.0,0.0,0.0,epa_udds,PPO_seed21
1316,0.8382,0.0,0.0,64.99703616940667,0.4794652008319844,25.035609664046916,0.0,0.0,0.0,0.0,0.0,0.0,epa_udds,PPO_seed21
1317,0.6706,0.0,0.0,52.07227389700145,0.4794652008319844,25.035603077646748,0.0,0.0,0.0,0.0,0.0,0.0,epa_udds,PPO_seed21
1318,0.5029,0.0,0.0,39.148401606818155,0.4794652008319844,25.035596491943018,0.0,0.0,0.0,0.0,0.0,0.0,epa_udds,PPO_seed21
1319,0.3353,0.0,0.0,26.083848237125196,0.4794652008319844,25.035589906969896,0.0,0.0,0.0,0.0,0.0,0.0,epa_udds,PPO_seed21
1320,0.1676,0.0,0.0,13.06276900778934,0.4794652008319844,25.0355833227593,0.0,0.0,0.0,0.0,0.0,0.0,epa_udds,PPO_seed21
1321,0.0,0.0,0.0,0.0,0.4794652008319844,25.035576739341046,0.0,0.0,0.0,0.0,0.0,0.0,epa_udds,PPO_seed21
1322,0.0,0.0,0.0,0.0,0.4794652008319844,25.035570156742974,0.0,0.0,0.0,0.0,0.0,0.0,epa_udds,PPO_seed21
1323,0.0,0.0,0.0,0.0,0.4794652008319844,25.035563574991087,0.0,0.0,0.0,0.0,0.0,0.0,epa_udds,PPO_seed21
1324,0.0,0.0,0.0,0.0,0.4794652008319844,25.035556994109673,0.0,0.0,0.0,0.0,0.0,0.0,epa_udds,PPO_seed21
1325,0.0,0.0,0.0,0.0,0.4794652008319844,25.035550414121403,0.0,0.0,0.0,0.0,0.0,0.0,epa_udds,PPO_seed21
1326,0.0,0.0,0.0,0.0,0.4794652008319844,25.035543835047452,0.0,0.0,0.0,0.0,0.0,0.0,epa_udds,PPO_seed21
1327,0.0,0.0,0.0,0.0,0.4794652008319844,25.035537256907595,0.0,0.0,0.0,0.0,0.0,0.0,epa_udds,PPO_seed21
1328,0.0,0.0,0.0,0.0,0.4794652008319844,25.035530679720296,0.0,0.0,0.0,0.0,0.0,0.0,epa_udds,PPO_seed21
1329,0.0,0.0,0.0,0.0,0.4794652008319844,25.035524103502787,0.0,0.0,0.0,0.0,0.0,0.0,epa_udds,PPO_seed21
1330,0.0,0.0,0.0,0.0,0.4794652008319844,25.03551752827116,0.0,0.0,0.0,0.0,0.0,0.0,epa_udds,PPO_seed21
1331,0.0,0.0,0.0,0.0,0.4794652008319844,25.03551095404044,0.0,0.0,0.0,0.0,0.0,0.0,epa_udds,PPO_seed21
1332,0.0,0.0,0.0,0.0,0.4794652008319844,25.035504380824644,0.0,0.0,0.0,0.0,0.0,0.0,epa_udds,PPO_seed21
1333,0.0,0.0,0.0,0.0,0.4794652008319844,25.035497808636865,0.0,0.0,0.0,0.0,0.0,0.0,epa_udds,PPO_seed21
1334,0.0,0.0,0.0,0.0,0.4794652008319844,25.035491237489317,0.0,0.0,0.0,0.0,0.0,0.0,epa_udds,PPO_seed21
1335,0.0,0.0,0.0,0.0,0.4794652008319844,25.0354846673934,0.0,0.0,0.0,0.0,0.0,0.0,epa_udds,PPO_seed21
1336,0.0,0.0,0.0,0.0,0.4794652008319844,25.035478098359757,0.0,0.0,0.0,0.0,0.0,0.0,epa_udds,PPO_seed21
1337,0.0,0.0,0.0,0.0,0.4794652008319844,25.035471530398308,0.0,0.0,0.0,0.0,0.0,0.0,epa_udds,PPO_seed21
1338,0.0,0.0,0.0,0.0,0.4794652008319844,25.035464963518315,0.0,0.0,0.0,0.0,0.0,0.0,epa_udds,PPO_seed21
1339,0.0,0.0,0.0,0.0,0.4794652008319844,25.03545839772842,0.0,0.0,0.0,0.0,0.0,0.0,epa_udds,PPO_seed21
1340,0.0,0.0,0.0,0.0,0.4794652008319844,25.035451833036674,0.0,0.0,0.0,0.0,0.0,0.0,epa_udds,PPO_seed21
1341,0.0,0.0,0.0,0.0,0.4794652008319844,25.035445269450598,0.0,0.0,0.0,0.0,0.0,0.0,epa_udds,PPO_seed21
1342,0.0,0.0,0.0,0.0,0.4794652008319844,25.0354387069772,0.0,0.0,0.0,0.0,0.0,0.0,epa_udds,PPO_seed21
1343,0.0,0.0,0.0,0.0,0.4794652008319844,25.03543214562301,0.0,0.0,0.0,0.0,0.0,0.0,epa_udds,PPO_seed21
1344,0.0,0.0,0.0,0.0,0.4794652008319844,25.035425585394115,0.0,0.0,0.0,0.0,0.0,0.0,epa_udds,PPO_seed21
1345,0.0,0.0,0.0,0.0,0.4794652008319844,25.035419026296196,0.0,0.0,0.0,0.0,0.0,0.0,epa_udds,PPO_seed21
1346,0.0,0.0,0.0,0.0,0.4794652008319844,25.035412468334545,0.0,0.0,0.0,0.0,0.0,0.0,epa_udds,PPO_seed21
1347,0.0,0.0,0.0,0.0,0.4794652008319844,25.035405911514086,0.0,0.0,0.0,0.0,0.0,0.0,epa_udds,PPO_seed21
1348,0.0,0.0,0.0,0.0,0.4794652008319844,25.03539935583941,0.0,0.0,0.0,0.0,0.0,0.0,epa_udds,PPO_seed21
1349,0.0,0.0,0.0,0.0,0.4794652008319844,25.03539280131479,0.0,0.0,0.0,0.0,0.0,0.0,epa_udds,PPO_seed21
1350,0.0,0.0,0.0,0.0,0.4794652008319844,25.035386247944206,0.0,0.0,0.0,0.0,0.0,0.0,epa_udds,PPO_seed21
1351,0.0,0.0,0.0,0.0,0.4794652008319844,25.035379695731365,0.0,0.0,0.0,0.0,0.0,0.0,epa_udds,PPO_seed21
1352,0.0,0.0,0.0,0.0,0.4794652008319844,25.035373144679713,0.0,0.0,0.0,0.0,0.0,0.0,epa_udds,PPO_seed21
1353,0.0,0.0,0.0,0.0,0.4794652008319844,25.035366594792453,0.0,0.0,0.0,0.0,0.0,0.0,epa_udds,PPO_seed21
1354,0.0,0.0,0.0,0.0,0.4794652008319844,25.03536004607257,0.0,0.0,0.0,0.0,0.0,0.0,epa_udds,PPO_seed21
1355,0.0,0.0,0.0,0.0,0.4794652008319844,25.03535349852283,0.0,0.0,0.0,0.0,0.0,0.0,epa_udds,PPO_seed21
1356,0.0,0.0,0.0,0.0,0.4794652008319844,25.035346952145815,0.0,0.0,0.0,0.0,0.0,0.0,epa_udds,PPO_seed21
1357,0.0,0.0,0.0,0.0,0.4794652008319844,25.03534040694391,0.0,0.0,0.0,0.0,0.0,0.0,epa_udds,PPO_seed21
1358,0.0,0.0,0.0,0.0,0.4794652008319844,25.035333862919337,0.0,0.0,0.0,0.0,0.0,0.0,epa_udds,PPO_seed21
1359,0.0,0.0,0.0,0.0,0.4794652008319844,25.035327320074156,0.0,0.0,0.0,0.0,0.0,0.0,epa_udds,PPO_seed21
1360,0.0,0.0,0.0,0.0,0.4794652008319844,25.035320778410277,0.0,0.0,0.0,0.0,0.0,0.0,epa_udds,PPO_seed21
1361,0.0,0.0,0.0,0.0,0.4794652008319844,25.035314237929466,0.0,0.0,0.0,0.0,0.0,0.0,epa_udds,PPO_seed21
1362,0.0,0.0,0.0,0.0,0.4794652008319844,25.035307698633368,0.0,0.0,0.0,0.0,0.0,0.0,epa_udds,PPO_seed21
1363,0.0,0.0,0.0,0.0,0.4794652008319844,25.035301160523495,0.0,0.0,0.0,0.0,0.0,0.0,epa_udds,PPO_seed21
1364,0.0,0.0,0.0,0.0,0.4794652008319844,25.035294623601253,0.0,0.0,0.0,0.0,0.0,0.0,epa_udds,PPO_seed21
1365,0.0,0.0,0.0,0.0,0.4794652008319844,25.03528808786794,0.0,0.0,0.0,0.0,0.0,0.0,epa_udds,PPO_seed21
1366,0.0,0.0,0.0,0.0,0.4794652008319844,25.03528155332475,0.0,0.0,0.0,0.0,0.0,0.0,epa_udds,PPO_seed21
1367,0.0,0.0,0.0,0.0,0.4794652008319844,25.035275019972786,0.0,0.0,0.0,0.0,0.0,0.0,epa_udds,PPO_seed21
1368,0.0,0.0,0.0,0.0,0.4794652008319844,25.035268487813067,0.0,0.0,0.0,0.0,0.0,0.0,epa_udds,PPO_seed21
1369,0.0,0.0,0.0,0.0,0.4794652008319844,25.035261956846526,0.0,0.0,0.0,0.0,0.0,0.0,epa_udds,PPO_seed21
1370,0.0,0.0,0.0,0.0,0.4794652008319844,25.035255427074024,0.0,0.0,0.0,0.0,0.0,0.0,epa_udds,PPO_seed21
1371,0.0,0.0,0.0,0.0,0.4794652008319844,25.03524889849635,0.0,0.0,0.0,0.0,0.0,0.0,epa_udds,PPO_seed21
1,0.0,0.0,0.0,0.0,0.5,25.0,0.0,0.0,0.0,0.0,0.0,0.0,epa_hwfet,PPO_seed21
2,1.3113,-2876.215333244662,0.0,0.0,0.4999819099127436,25.000007819378187,-0.005406419799332072,0.0,0.027032098996660356,0.0,0.0,0.0,epa_hwfet,PPO_seed21
3,3.0754,-8925.726037109984,0.0,0.0,0.49992577059190935,25.0000831263655,-0.01677768052088343,0.0,0.08388840260441714,0.0,0.0,0.0,epa_hwfet,PPO_seed21
4,4.3685,-9502.672219679598,0.0,0.0,0.4998660006710746,25.0001685242464,-0.01786216582646541,0.0,0.08931082913232705,0.0,0.0,0.0,epa_hwfet,PPO_seed21
5,5.6312,-12024.7573802557,0.0,0.0,0.49979036493202755,25.00030535299315,-0.02260292740649568,0.0,0.11301463703247838,0.0,0.0,0.0,epa_hwfet,PPO_seed21
6,6.8781,-14581.179199799011,0.0,0.0,0.4996986456655807,25.000506702958727,-0.027408231578569572,0.0,0.13704115789284785,0.0,0.0,0.0,epa_hwfet,PPO_seed21
7,8.1248,-17310.630732175046,0.0,0.0,0.4995897523165804,25.00079074485726,-0.0325387795717576,0.0,0.16269389785878802,0.0,0.0,0.0,epa_hwfet,PPO_seed21
8,9.3853,-20319.092353151867,0.0,0.0,0.49946192701926456,25.00118246980835,-0.03819378261870652,0.0,0.1909689130935326,0.0,0.0,0.0,epa_hwfet,PPO_seed21
9,10.6706,-23674.58033093917,0.0,0.0,0.4993129831376766,25.001714778877332,-0.04450109084763002,0.0,0.2225054542381501,0.0,0.0,0.0,epa_hwfet,PPO_seed21
10,11.9862,-27367.76600649664,0.0,0.0,0.49914079158711355,25.0024268395064,-0.05144316918514406,0.0,0.2572158459257203,0.0,0.0,0.0,epa_hwfet,PPO_seed21
11,13.3321,-31335.412165774673,0.0,0.0,0.4989436198616936,25.003361325016996,-0.05890115068754638,0.0,0.2945057534377319,0.0,0.0,0.0,epa_hwfet,PPO_seed21
12,14.7022,-35440.01044487642,0.0,0.0,0.4987205994000263,25.004558067144092,-0.06661656098660981,0.0,0.33308280493304904,0.0,0.0,0.0,epa_hwfet,PPO_seed21
13,16.0856,-39508.9720042311,0.0,0.0,0.49847194667882916,25.006047391985238,-0.07426498497035922,0.0,0.3713249248517961,0.0,0.0,0.0,epa_hwfet,PPO_seed21
14,17.4679,-43348.977582825966,0.0,0.0,0.498199094302381,25.007843133961817,-0.08148304056922175,0.0,0.4074152028461087,0.0,0.0,0.0,epa_hwfet,PPO_seed21
15,18.8332,-46786.06112988012,0.0,0.0,0.49790457005273464,25.00993888474878,-0.0879437239283461,0.0,0.4397186196417305,0.0,0.0,0.0,epa_hwfet,PPO_seed21
16,20.1668,-49719.189170799735,0.0,0.0,0.4975915386751931,25.012310963692297,-0.09345712250150327,0.0,0.4672856125075163,0.0,0.0,0.0,epa_hwfet,PPO_seed21
17,20.2264,-9810.42935081361,0.0,0.0,0.49752976352376016,25.01244204733814,-0.018440656674461677,0.0,0.09220328337230838,0.0,0.0,0.0,epa_hwfet,PPO_seed21
18,20.2364,-8258.726927807646,0.0,0.0,0.4974777592833898,25.01254623841833,-0.015523922796630913,0.0,0.07761961398315456,0.0,0.0,0.0,epa_hwfet,PPO_seed21
19,20.1966,-6658.876514857556,0.0,0.0,0.4974358293505444,25.012627112596704,-0.012516685178303677,0.0,0.06258342589151838,0.0,0.0,0.0,epa_hwfet,PPO_seed21
20,20.1132,-5227.636453284168,0.0,0.0,0.49740291207800985,25.01269079589199,-0.009826384310684527,0.0,0.04913192155342263,0.0,0.0,0.0,epa_hwfet,PPO_seed21
21,19.9988,-4179.742252848014,0.0,0.0,0.4973765935706504,25.01274376688024,-0.007856658370015064,0.0,0.03928329185007532,0.0,0.0,0.0,epa_hwfet,PPO_seed21
22,19.8702,-3654.2582502150294,0.0,0.0,0.49735358429518106,25.01279128261584,-0.006868906485366597,0.0,0.03434453242683298,0.0,0.0,0.0,epa_hwfet,PPO_seed21
23,19.7474,-3753.5458274854536,0.0,0.0,0.49732995031434774,25.012837898563447,-0.0070555372697095,0.0,0.0352776863485475,0.0,0.0,0.0,epa_hwfet,PPO_seed21
24,19.6503,-4476.61660042226,0.0,0.0,0.4973017640864118,25.012888663825837,-0.008414692857936579,0.0,0.042073464289682894,0.0,0.0,0.0,epa_hwfet,PPO_seed21
25,19.5966,-5763.170565718505,0.0,0.0,0.49726547785919667,25.012950661272495,-0.010833027379170123,0.0,0.05416513689585061,0.0,0.0,0.0,epa_hwfet,PPO_seed21
26,19.5999,-7503.484395151968,0.0,0.0,0.4972182347142617,25.013033627862708,-0.014104293975849565,0.0,0.07052146987924782,0.0,0.0,0.0,epa_hwfet,PPO_seed21
27,19.6674,-9523.98887711022,0.0,0.0,0.4971582703850263,25.013148702819418,-0.01790223473141019,0.0,0.08951117365705094,0.0,0.0,0.0,epa_hwfet,PPO_seed21
28,19.7997,-11644.444014938043,0.0,0.0,0.4970849551401978,25.01330627425032,-0.021888052659657976,0.0,0.10944026329828987,0.0,0.0,0.0,epa_hwfet,PPO_seed21
29,19.9901,-13651.821582440258,0.0,0.0,0.49699900021404225,25.013512389284823,-0.025661318763985447,0.0,0.12830659381992723,0.0,0.0,0.0,epa_hwfet,PPO_seed21
30,20.226,-15356.91170162342,0.0,0.0,0.49690230797252916,25.013766236255478,-0.02886637537899139,0.0,0.14433187689495694,0.0,0.0,0.0,epa_hwfet,PPO_seed21
31,20.4904,-16595.324525046944,0.0,0.0,0.49679781587267724,25.01405881470217,-0.03119421903204313,0.0,0.15597109516021565,0.0,0.0,0.0,epa_hwfet,PPO_seed21
32,20.7637,-17241.310110840608,0.0,0.0,0.49668925344316905,25.014373615121666,-0.03240847765195603,0.0,0.16204238825978015,0.0,0.0,0.0,epa_hwfet,PPO_seed21
33,21.0269,-17265.025408522233,0.0,0.0,0.4965805386185309,25.014690840098734,-0.03245305527917713,0.0,0.16226527639588564,0.0,0.0,0.0,epa_hwfet,PPO_seed21
34,21.2632,-16693.81087845844,0.0,0.0,0.4964754177334315,25.01499132177387,-0.03137934375650083,0.0,0.15689671878250414,0.0,0.0,0.0,epa_hwfet,PPO_seed21
35,21.4605,-15652.773963614529,0.0,0.0,0.49637684980473673,25.01526136881958,-0.029422507450403253,0.0,0.14711253725201626,0.0,0.0,0.0,epa_hwfet,PPO_seed21
36,21.6126,-14327.073843721239,0.0,0.0,0.49628662815510777,25.015494941504063,-0.026930589931806845,0.0,0.1346529496590342,0.0,0.0,0.0,epa_hwfet,PPO_seed21
37,21.7197,-12936.755688923024,0.0,0.0,0.496205160472059,25.015693419077945,-0.024317209941584633,0.0,0.12158604970792315,0.0,0.0,0.0,epa_hwfet,PPO_seed21
38,21.7879,-11696.849036095795,0.0,0.0,0.49613150019572283,25.015863399915894,-0.021986558338525933,0.0,0.10993279169262965,0.0,0.0,0.0,epa_hwfet,PPO_seed21
39,21.8286,-10807.625712900697,0.0,0.0,0.49606343936167047,25.01601453182644,-0.02031508592650507,0.0,0.10157542963252535,0.0,0.0,0.0,epa_hwfet,PPO_seed21
40,21.8561,-10387.847876461745,0.0,0.0,0.49599802189910364,25.016157113977666,-0.019526029842973205,0.0,0.09763014921486603,0.0,0.0,0.0,epa_hwfet,PPO_seed21
41,21.8853,-10475.979898827718,0.0,0.0,0.4959320493456103,25.016301215886127,-0.019691691539149847,0.0,0.09845845769574924,0.0,0.0,0.0,epa_hwfet,PPO_seed21
42,21.9131,-10457.199370313978,0.0,0.0,0.49586619495773165,25.0164447520813,-0.019656389793823267,0.0,0.09828194896911634,0.0,0.0,0.0,epa_hwfet,PPO_seed21
43,21.9668,-11398.173703960278,0.0,0.0,0.4957944146537649,25.01660758423167,-0.02142513854127872,0.0,0.10712569270639359,0.0,0.0,0.0,epa_hwfet,PPO_seed21
44,22.0515,-12553.670310080595,0.0,0.0,0.4957153571886215,25.016796696178638,-0.02359712464300864,0.0,0.11798562321504319,0.0,0.0,0.0,epa_hwfet,PPO_seed21
45,22.1666,-13733.535378682303,0.0,0.0,0.495628868682853,25.01701554499106,-0.025814916125342674,0.0,0.12907458062671337,0.0,0.0,0.0,epa_hwfet,PPO_seed21
46,22.3056,-14729.72175863142,0.0,0.0,0.49553610538475834,25.01726190254557,-0.027687446914720717,0.0,0.13843723457360357,0.0,0.0,0.0,epa_hwfet,PPO_seed21
47,22.4568,-15344.807721008623,0.0,0.0,0.49543946690887725,25.01752667045884,-0.028843623535730497,0.0,0.14421811767865247,0.0,0.0,0.0,epa_hwfet,PPO_seed21
48,22.6055,-15447.26218171672,0.0,0.0,0.4953421814585986,25.017795447997017,-0.029036207108490076,0.0,0.14518103554245038,0.0,0.0,0.0,epa_hwfet,PPO_seed21
49,22.7352,-14942.281856510317,0.0,0.0,0.4952480746538051,25.01805070428274,-0.028086995970884057,0.0,0.14043497985442027,0.0,0.0,0.0,epa_hwfet,PPO_seed21
50,22.831,-13859.688139399408,0.0,0.0,0.49516078468326236,25.018277270562987,-0.026052045374810918,0.0,0.13026022687405459,0.0,0.0,0.0,epa_hwfet,PPO_seed21
51,22.881,-12290.54054360319,0.0,0.0,0.49508337650095996,25.018465491684616,-0.023102519818802993,0.0,0.11551259909401496,0.0,0.0,0.0,epa_hwfet,PPO_seed21
52,22.8784,-10415.587477164672,0.0,0.0,0.4950177767510338,25.018613465351585,-0.019578171949557657,0.0,0.09789085974778827,0.0,0.0,0.0,epa_hwfet,PPO_seed21
53,22.823,-8481.977727009129,0.0,0.0,0.49496435535779865,25.01872639696028,-0.0159435671560322,0.0,0.07971783578016099,0.0,0.0,0.0,epa_hwfet,PPO_seed21
54,22.7209,-6731.577748407554,0.0,0.0,0.494921958686741,25.01881317544973,-0.012653341632345029,0.0,0.06326670816172514,0.0,0.0,0.0,epa_hwfet,PPO_seed21
55,22.5848,-5415.169370832719,0.0,0.0,0.4948878534359927,25.018883459703183,-0.010178889794798345,0.0,0.05089444897399172,0.0,0.0,0.0,epa_hwfet,PPO_seed21
56,22.4316,-4691.108323830208,0.0,0.0,0.49485830889770327,25.018945188960974,-0.008817872789154527,0.0,0.04408936394577263,0.0,0.0,0.0,epa_hwfet,PPO_seed21
57,22.2815,-4679.5396189432995,0.0,0.0,0.49482883778054304,25.019005091789285,-0.00879612710327688,0.0,0.04398063551638439,0.0,0.0,0.0,epa_hwfet,PPO_seed21
58,22.1548,-5386.276420214367,0.0,0.0,0.49479491635351863,25.019070099088154,-0.010124579737245051,0.0,0.05062289868622526,0.0,0.0,0.0,epa_hwfet,PPO_seed21
59,22.0696,-6741.551657368631,0.0,0.0,0.49475246038934867,25.01914930339161,-0.012672089581519982,0.0,0.06336044790759991,0.0,0.0,0.0,epa_hwfet,PPO_seed21
60,22.0399,-8618.338677604777,0.0,0.0,0.4946981856108335,25.019254842124283,-0.016199884732339808,0.0,0.08099942366169903,0.0,0.0,0.0,epa_hwfet,PPO_seed21
61,22.0735,-10824.152500478573,0.0,0.0,0.49463001972500203,25.019400532477405,-0.020346151316689046,0.0,0.10173075658344523,0.0,0.0,0.0,epa_hwfet,PPO_seed21
62,22.1714,-13146.06602726023,0.0,0.0,0.49454723102007575,25.019599024191347,-0.02471065042718089,0.0,0.12355325213590443,0.0,0.0,0.0,epa_hwfet,PPO_seed21
63,22.3276,-15354.483654579113,0.0,0.0,0.4944505333321836,25.019857780592954,-0.028861811380787805,0.0,0.14430905690393903,0.0,0.0,0.0,epa_hwfet,PPO_seed21
64,22.53,-17232.68831331049,0.0,0.0,0.4943420051025109,25.020175685146302,-0.03239227126562122,0.0,0.1619613563281061,0.0,0.0,0.0,epa_hwfet,PPO_seed21
65,22.762,-18598.35143348636,0.0,0.0,0.49422487309912877,25.020541558559472,-0.03495930720580143,0.0,0.17479653602900716,0.0,0.0,0.0,epa_hwfet,PPO_seed21
66,23.0047,-19329.284832796864,0.0,0.0,0.49410313399150657,25.020935627793776,-0.0363332421669114,0.0,0.181666210834557,0.0,0.0,0.0,epa_hwfet,PPO_seed21
67,23.2394,-19385.081309464917,0.0,0.0,0.4939810395420002,25.021333834602146,-0.0364381227621521,0.0,0.1821906138107605,0.0,0.0,0.0,epa_hwfet,PPO_seed21
68,23.4497,-18805.37063610179,0.0,0.0,0.49386259259412024,25.021713136452714,-0.03534844104530412,0.0,0.1767422052265206,0.0,0.0,0.0,epa_hwfet,PPO_seed21
69,23.6238,-17728.153511372308,0.0,0.0,0.4937509273732945,25.02205702651007,-0.0333235968258878,0.0,0.16661798412943898,0.0,0.0,0.0,epa_hwfet,PPO_seed21
70,23.7557,-16354.696411800418,0.0,0.0,0.49364791072594594,25.02235810254378,-0.030741910548497026,0.0,0.15370955274248513,0.0,0.0,0.0,epa_hwfet,PPO_seed21
71,23.8457,-14922.307818978772,0.0,0.0,0.49355391478901645,25.02261784929378,-0.02804945078755408,0.0,0.1402472539377704,0.0,0.0,0.0,epa_hwfet,PPO_seed21
72,23.8999,-13661.507157328293,0.0,0.0,0.493467859512099,25.022844136896424,-0.0256795247318201,0.0,0.12839762365910048,0.0,0.0,0.0,epa_hwfet,PPO_seed21
73,23.9295,-12782.575929889323,0.0,0.0,0.49338734001498263,25.023048715446667,-0.024027398364453615,0.0,0.12013699182226807,0.0,0.0,0.0,epa_hwfet,PPO_seed21
74,23.9486,-12414.450907234692,0.0,0.0,0.4933091389655065,25.02324456406514,-0.02333543403615544,0.0,0.11667717018077718,0.0,0.0,0.0,epa_hwfet,PPO_seed21
75,23.9721,-12606.526966547272,0.0,0.0,0.4932297276585012,25.02344492513058,-0.023696479260427204,0.0,0.11848239630213601,0.0,0.0,0.0,epa_hwfet,PPO_seed21
76,24.0134,-13321.03594148893,0.0,0.0,0.4931458150928849,25.023662861913152,-0.025039541243400243,0.0,0.12519770621700121,0.0,0.0,0.0,epa_hwfet,PPO_seed21
77,24.0822,-14436.078128971176,0.0,0.0,0.493054877928058,25.023910358505123,-0.02713548520483304,0.0,0.1356774260241652,0.0,0.0,0.0,epa_hwfet,PPO_seed21
78,24.1833,-15780.905521098006,0.0,0.0,0.49295546818767766,25.02419691297428,-0.029663356242665424,0.0,0.14831678121332711,0.0,0.0,0.0,epa_hwfet,PPO_seed21
79,24.3155,-17134.85380248768,0.0,0.0,0.49284752774308166,25.02452662692326,-0.03220837180918737,0.0,0.16104185904593685,0.0,0.0,0.0,epa_hwfet,PPO_seed21
80,24.4717,-18267.81052417003,0.0,0.0,0.49273244797481436,25.02489565024854,-0.03433798970708652,0.0,0.1716899485354326,0.0,0.0,0.0,epa_hwfet,PPO_seed21
81,24.6398,-18968.599214449314,0.0,0.0,0.4926129507187977,25.025291003277815,-0.0356552616812957,0.0,0.1782763084064785,0.0,0.0,0.0,epa_hwfet,PPO_seed21
82,24.8043,-19074.548526249033,0.0,0.0,0.4924927829646305,25.025691942800332,-0.0358544145230245,0.0,0.17927207261512249,0.0,0.0,0.0,epa_hwfet,PPO_seed21
83,24.9484,-18498.472722493283,0.0,0.0,0.4923762415072002,25.02607411674971,-0.03477156526784452,0.0,0.1738578263392226,0.0,0.0,0.0,epa_hwfet,PPO_seed21
84,25.0567,-17262.90619149245,0.0,0.0,0.4922674817478611,25.02641593053308,-0.03244907178851964,0.0,0.1622453589425982,0.0,0.0,0.0,epa_hwfet,PPO_seed21
85,25.1168,-15465.489705267855,0.0,0.0,0.49217004435426326,25.026703072008683,-0.029070469370804243,0.0,0.1453523468540212,0.0,0.0,0.0,epa_hwfet,PPO_seed21
86,25.1217,-13315.013874033564,0.0,0.0,0.49208615470625405,25.026932033885664,-0.025028221567732264,0.0,0.1251411078386613,0.0,0.0,0.0,epa_hwfet,PPO_seed21
87,25.0708,-11074.359273789267,0.0,0.0,0.4920163818038242,25.027108988896224,-0.020816464800355764,0.0,0.10408232400177882,0.0,0.0,0.0,epa_hwfet,PPO_seed21
88,24.9704,-9033.778217908792,0.0,0.0,0.49195946563420784,25.02724615190471,-0.016980786123888706,0.0,0.08490393061944353,0.0,0.0,0.0,epa_hwfet,PPO_seed21
89,24.8326,-7439.359041563823,0.0,0.0,0.4919125954292625,25.027356928608103,-0.01398375759692448,0.0,0.0699187879846224,0.0,0.0,0.0,epa_hwfet,PPO_seed21
90,24.6749,-6515.40794844938,0.0,0.0,0.49187154706691844,25.02745357732052,-0.01224700742189733,0.0,0.06123503710948665,0.0,0.0,0.0,epa_hwfet,PPO_seed21
91,24.5173,-6366.231410715676,0.0,0.0,0.49183143930687195,25.027546315605367,-0.011966600396082099,0.0,0.05983300198041049,0.0,0.0,0.0,epa_hwfet,PPO_seed21
92,24.3805,-7023.992261758665,0.0,0.0,0.49178718843237273,25.027645377416654,-0.013202992973230574,0.0,0.06601496486615287,0.0,0.0,0.0,epa_hwfet,PPO_seed21
93,24.2828,-8405.129832009357,0.0,0.0,0.4917342372813817,25.027762910183093,-0.0157991162255815,0.0,0.0789955811279075,0.0,0.0,0.0,epa_hwfet,PPO_seed21
94,24.2387,-10380.442944333432,0.0,0.0,0.49166884260989957,25.02791437336434,-0.019512110797619234,0.0,0.09756055398809617,0.0,0.0,0.0,epa_hwfet,PPO_seed21
95,24.2565,-12735.966515032642,0.0,0.0,0.49158860886489836,25.028116831432207,-0.023939786682392186,0.0,0.11969893341196092,0.0,0.0,0.0,epa_hwfet,PPO_seed21
96,24.3376,-15231.192347685517,0.0,0.0,0.4914926552377626,25.028385520456105,-0.028630060803920145,0.0,0.14315030401960072,0.0,0.0,0.0,epa_hwfet,PPO_seed21
97,24.4765,-17616.073573106823,0.0,0.0,0.49138167575203867,25.02872926626368,-0.033112920250200795,0.0,0.16556460125100397,0.0,0.0,0.0,epa_hwfet,PPO_seed21
98,24.6618,-19661.049593710373,0.0,0.0,0.49125781039130323,25.029146748148435,-0.03695686013855334,0.0,0.18478430069276666,0.0,0.0,0.0,epa_hwfet,PPO_seed21
99,24.8774,-21161.179630491053,0.0,0.0,0.49112449033413413,25.029624328089156,-0.039776653440772664,0.0,0.1988832672038633,0.0,0.0,0.0,epa_hwfet,PPO_seed21
100,25.105,-21990.75347560296,0.0,0.0,0.49098593918684014,25.030138301867005,-0.041336002773689776,0.0,0.20668001386844886,0.0,0.0,0.0,epa_hwfet,PPO_seed21
101,25.3262,-22097.924430739236,0.0,0.0,0.4908467079175841,25.03065942195007,-0.04153745193747977,0.0,0.20768725968739885,0.0,0.0,0.0,epa_hwfet,PPO_seed21
102,25.4803,-19689.698808879763,0.0,0.0,0.49072264573496993,25.031087742164388,-0.037010712046766474,0.0,0.18505356023383235,0.0,0.0,0.0,epa_hwfet,PPO_seed21
103,25.6008,-18537.081000235983,0.0,0.0,0.49060584308266486,25.031476109420453,-0.03484413721848869,0.0,0.17422068609244346,0.0,0.0,0.0,epa_hwfet,PPO_seed21
104,25.6818,-17080.237393087744,0.0,0.0,0.49049821781116043,25.031816680916936,-0.03210570938550328,0.0,0.1605285469275164,0.0,0.0,0.0,epa_hwfet,PPO_seed21
105,25.7239,-15584.276112679709,0.0,0.0,0.4904000173379069,25.032111810879037,-0.029293752091503214,0.0,0.14646876045751606,0.0,0.0,0.0,epa_hwfet,PPO_seed21
106,25.7333,-14288.297212789475,0.0,0.0,0.49030998228725,25.03237061002846,-0.026857701527799767,0.0,0.13428850763899883,0.0,0.0,0.0,epa_hwfet,PPO_seed21
107,25.7212,-13411.96395898306,0.0,0.0,0.4902254688658733,25.032606337563067,-0.025210458569517032,0.0,0.12605229284758515,0.0,0.0,0.0,epa_hwfet,PPO_seed21
108,25.7015,-13082.58662434199,0.0,0.0,0.49014303080527655,25.032833457046564,-0.024591328241244343,0.0,0.12295664120622171,0.0,0.0,0.0,epa_hwfet,PPO_seed21
109,25.6891,-13358.39651294233,0.0,0.0,0.49005885469386135,25.03306706958714,-0.025109767881470547,0.0,0.12554883940735273,0.0,0.0,0.0,epa_hwfet,PPO_seed21
110,25.6968,-14171.811537540907,0.0,0.0,0.4899695527835432,25.033321606302923,-0.026638743491618246,0.0,0.13319371745809122,0.0,0.0,0.0,epa_hwfet,PPO_seed21
111,25.7344,-15418.644035221156,0.0,0.0,0.48987239363841,25.033611100620067,-0.028982413600039766,0.0,0.14491206800019882,0.0,0.0,0.0,epa_hwfet,PPO_seed21
112,25.8059,-16878.037592607325,0.0,0.0,0.4897660372792137,25.033945675706786,-0.03172563457257016,0.0,0.1586281728628508,0.0,0.0,0.0,epa_hwfet,PPO_seed21
113,25.9097,-18329.2434171454,0.0,0.0,0.4896505345587622,25.034329557046366,-0.034453465069822185,0.0,0.1722673253491109,0.0,0.0,0.0,epa_hwfet,PPO_seed21
114,26.0381,-19518.235736562663,0.0,0.0,0.48952753700553664,25.034757423116364,-0.03668841303865163,0.0,0.18344206519325812,0.0,0.0,0.0,epa_hwfet,PPO_seed21
115,26.1786,-20228.83229691098,0.0,0.0,0.4894000586115368,25.035213742617394,-0.03802412085885523,0.0,0.19012060429427613,0.0,0.0,0.0,epa_hwfet,PPO_seed21
116,26.3151,-20281.057827280256,0.0,0.0,0.4892722479522484,25.035673926001945,-0.03812228914902304,0.0,0.19061144574511518,0.0,0.0,0.0,epa_hwfet,PPO_seed21
117,26.4303,-19588.22209829709,0.0,0.0,0.48914880053214405,25.036109728259124,-0.0368199663501825,0.0,0.1840998317509125,0.0,0.0,0.0,epa_hwfet,PPO_seed21
118,26.5081,-18167.67232303623,0.0,0.0,0.4890343031607363,25.036496178667214,-0.0341497600057072,0.0,0.17074880002853599,0.0,0.0,0.0,epa_hwfet,PPO_seed21
119,26.5359,-16145.750898028477,0.0,0.0,0.4889325468516141,25.036817794062625,-0.030349155823361798,0.0,0.15174577911680898,0.0,0.0,0.0,epa_hwfet,PPO_seed21
120,26.5061,-13728.122704443547,0.0,0.0,0.4888460265705259,25.037071131277433,-0.025804741925645764,0.0,0.12902370962822882,0.0,0.0,0.0,epa_hwfet,PPO_seed21
121,26.4179,-11210.26437813989,0.0,0.0,0.4887753748741921,25.037264283170117,-0.02107192552281934,0.0,0.1053596276140967,0.0,0.0,0.0,epa_hwfet,PPO_seed21
122,26.2772,-8890.428914125256,0.0,0.0,0.48871934422179014,25.037411732020768,-0.016711332545348227,0.0,0.08355666272674113,0.0,0.0,0.0,epa_hwfet,PPO_seed21
123,26.0962,-7048.293912009633,0.0,0.0,0.4886749240874735,25.037529130393555,-0.0132486727669354,0.0,0.066243363834677,0.0,0.0,0.0,epa_hwfet,PPO_seed21
124,25.8922,-5905.924373574736,0.0,0.0,0.4886377042792135,25.037629778042803,-0.011101361604463789,0.0,0.05550680802231894,0.0,0.0,0.0,epa_hwfet,PPO_seed21
125,25.6852,-5578.15756593754,0.0,0.0,0.4886025509839282,25.037723903693998,-0.010485258582589363,0.0,0.05242629291294681,0.0,0.0,0.0,epa_hwfet,PPO_seed21
126,25.496,-6098.356854786626,0.0,0.0,0.48856412039737784,25.037820890831103,-0.011463076794711704,0.0,0.057315383973558516,0.0,0.0,0.0,epa_hwfet,PPO_seed21
127,25.3434,-7389.531847179595,0.0,0.0,0.48851755415405684,25.037931818486953,-0.013890097457104504,0.0,0.06945048728552251,0.0,0.0,0.0,epa_hwfet,PPO_seed21
128,25.242,-9294.483961358354,0.0,0.0,0.4884589845922951,25.03807085322363,-0.017470834513831492,0.0,0.08735417256915746,0.0,0.0,0.0,epa_hwfet,PPO_seed21
129,25.2006,-11600.458624511595,0.0,0.0,0.48838588458183824,25.038254240889707,-0.021805373354345105,0.0,0.10902686677172552,0.0,0.0,0.0,epa_hwfet,PPO_seed21
130,25.221,-14049.629176782957,0.0,0.0,0.48829735133067753,25.038496634944153,-0.026409077399967965,0.0,0.1320453869998398,0.0,0.0,0.0,epa_hwfet,PPO_seed21
131,25.2984,-16393.834557176015,0.0,0.0,0.4881940454224431,25.038806916013556,-0.030815478490932358,0.0,0.1540773924546618,0.0,0.0,0.0,epa_hwfet,PPO_seed21
132,25.4216,-18377.898906092356,0.0,0.0,0.4880782351592747,25.039183549564957,-0.0345449227558127,0.0,0.1727246137790635,0.0,0.0,0.0,epa_hwfet,PPO_seed21
133,25.5753,-19819.882399817423,0.0,0.0,0.48795333536923097,25.039613937776792,-0.037255418044769596,0.0,0.18627709022384797,0.0,0.0,0.0,epa_hwfet,PPO_seed21
134,25.7417,-20586.178434253412,0.0,0.0,0.48782360317204765,25.04007562298295,-0.03869582412453649,0.0,0.19347912062268244,0.0,0.0,0.0,epa_hwfet,PPO_seed21
135,25.9029,-20631.92646149447,0.0,0.0,0.4876935789967585,25.040541223241323,-0.038781816656944496,0.0,0.19390908328472245,0.0,0.0,0.0,epa_hwfet,PPO_seed21
136,26.0436,-20025.030782733644,0.0,0.0,0.4875673760286415,25.040985506909287,-0.03764103530589031,0.0,0.18820517652945154,0.0,0.0,0.0,epa_hwfet,PPO_seed21
137,26.1527,-18910.63425791632,0.0,0.0,0.48744819330503275,25.041390466228624,-0.035546304996083314,0.0,0.17773152498041656,0.0,0.0,0.0,epa_hwfet,PPO_seed21
138,26.2249,-17515.643431842942,0.0,0.0,0.4873378001379436,25.041748635684915,-0.03292414178917846,0.0,0.1646207089458923,0.0,0.0,0.0,epa_hwfet,PPO_seed21
139,26.2608,-16085.75537982265,0.0,0.0,0.4872364173730161,25.042062130830182,-0.030236382292899724,0.0,0.1511819114644986,0.0,0.0,0.0,epa_hwfet,PPO_seed21
140,26.2672,-14889.477302082403,0.0,0.0,0.4871425733967699,25.042340868985,-0.02798773928962858,0.0,0.13993869644814289,0.0,0.0,0.0,epa_hwfet,PPO_seed21
141,26.2551,-14117.277935047961,0.0,0.0,0.487053595872363,25.042598339083277,-0.02653623672001497,0.0,0.13268118360007483,0.0,0.0,0.0,epa_hwfet,PPO_seed21
142,26.2385,-13911.285282009434,0.0,0.0,0.48696591641770876,25.042850057671096,-0.026149032484980142,0.0,0.1307451624249007,0.0,0.0,0.0,epa_hwfet,PPO_seed21
143,26.2321,-14318.946342175068,0.0,0.0,0.48687566737742455,25.04311236674298,-0.026915312673261405,0.0,0.13457656336630702,0.0,0.0,0.0,epa_hwfet,PPO_seed21
144,26.2487,-15280.527035102681,0.0,0.0,0.4867793573587019,25.043401507223816,-0.02872279517876444,0.0,0.1436139758938222,0.0,0.0,0.0,epa_hwfet,PPO_seed21
145,26.2976,-16669.896593722853,0.0,0.0,0.4866742896848931,25.04373292974593,-0.03133439209346401,0.0,0.15667196046732004,0.0,0.0,0.0,epa_hwfet,PPO_seed21
146,26.3826,-18274.530202424994,0.0,0.0,0.48655910689646625,25.0441181907362,-0.03435062068124999,0.0,0.17175310340624994,0.0,0.0,0.0,epa_hwfet,PPO_seed21
147,26.5015,-19852.045210907287,0.0,0.0,0.4864339790067149,25.04456168855343,-0.037315874456592645,0.0,0.18657937228296323,0.0,0.0,0.0,epa_hwfet,PPO_seed21
148,26.6464,-21158.530387905637,0.0,0.0,0.4863006133237301,25.04505770923395,-0.03977167366147677,0.0,0.19885836830738382,0.0,0.0,0.0,epa_hwfet,PPO_seed21
149,26.804,-21945.50448681869,0.0,0.0,0.4861622835563528,25.04558801334771,-0.04125094828349378,0.0,0.20625474141746888,0.0,0.0,0.0,epa_hwfet,PPO_seed21
150,26.8224,-16168.13380122894,0.0,0.0,0.486060367555821,25.045911575772966,-0.030391228949678457,0.0,0.15195614474839228,0.0,0.0,0.0,epa_hwfet,PPO_seed21
151,26.8224,-15400.417107895615,0.0,0.0,0.48596329011729816,25.04621231444396,-0.028948152458450407,0.0,0.14474076229225202,0.0,0.0,0.0,epa_hwfet,PPO_seed21
152,26.8224,-15400.417107895615,0.0,0.0,0.48586621219728493,25.046512956976418,-0.028948152458450407,0.0,0.14474076229225202,0.0,0.0,0.0,epa_hwfet,PPO_seed21
153,26.8224,-15400.417107895613,0.0,0.0,0.48576913379454906,25.046813504854413,-0.0289481524584504,0.0,0.144740762292252,0.0,0.0,0.0,epa_hwfet,PPO_seed21
154,26.8224,-15400.417107895615,0.0,0.0,0.48567205490789905,25.04711395951223,-0.028948152458450407,0.0,0.14474076229225202,0.0,0.0,0.0,epa_hwfet,PPO_seed21
155,26.8224,-15400.417107895615,0.0,0.0,0.48557497553618273,25.047414322336103,-0.028948152458450407,0.0,0.14474076229225202,0.0,0.0,0.0,epa_hwfet,PPO_seed21
156,26.8224,-15400.417107895615,0.0,0.0,0.485477895678286,25.047714594665823,-0.028948152458450407,0.0,0.14474076229225202,0.0,0.0,0.0,epa_hwfet,PPO_seed21
157,26.8205,-15318.45495389246,0.0,0.0,0.4853813320018779,25.048012387194888,-0.028794088259196354,0.0,0.14397044129598177,0.0,0.0,0.0,epa_hwfet,PPO_seed21
158,26.618,-6728.018433783853,0.0,0.0,0.4853389200694123,25.048130238775382,-0.012646651191323034,0.0,0.06323325595661516,0.0,0.0,0.0,epa_hwfet,PPO_seed21
159,26.4095,-6257.735151468811,0.0,0.0,0.48529947369224674,25.04823913910687,-0.0117626600591519,0.0,0.0588133002957595,0.0,0.0,0.0,epa_hwfet,PPO_seed21
160,26.2157,-6654.6135344165195,0.0,0.0,0.4852575266323969,25.04834975135779,-0.01250867205717391,0.0,0.06254336028586954,0.0,0.0,0.0,epa_hwfet,PPO_seed21
161,26.0557,-7856.260783183106,0.0,0.0,0.48520800621143884,25.04847406194364,-0.014767407487186288,0.0,0.07383703743593144,0.0,0.0,0.0,epa_hwfet,PPO_seed21
162,25.9442,-9691.844986143728,0.0,0.0,0.48514691667341164,25.048626639433127,-0.01821775373335287,0.0,0.09108876866676435,0.0,0.0,0.0,epa_hwfet,PPO_seed21
163,25.8902,-11944.943708996705,0.0,0.0,0.4850716262877568,25.048823895256227,-0.022452901708640425,0.0,0.11226450854320212,0.0,0.0,0.0,epa_hwfet,PPO_seed21
164,25.8963,-14373.567854327106,0.0,0.0,0.4849810282781326,25.04908103021618,-0.027017984688584785,0.0,0.13508992344292392,0.0,0.0,0.0,epa_hwfet,PPO_seed21
165,25.9578,-16693.19424377799,0.0,0.0,0.48487580884410086,25.04940659737723,-0.031378184668755624,0.0,0.1568909233437781,0.0,0.0,0.0,epa_hwfet,PPO_seed21
166,26.0642,-18666.594191164724,0.0,0.0,0.48475814919581894,25.049799187706878,-0.035087583066099104,0.0,0.17543791533049552,0.0,0.0,0.0,epa_hwfet,PPO_seed21
167,26.2007,-20100.65472656837,0.0,0.0,0.48463144777550987,25.050245968387003,-0.03778318557625634,0.0,0.18891592788128167,0.0,0.0,0.0,epa_hwfet,PPO_seed21
168,26.35,-20860.99195761633,0.0,0.0,0.48449995041742133,25.050724176239534,-0.03921239089777506,0.0,0.19606195448887528,0.0,0.0,0.0,epa_hwfet,PPO_seed21
169,26.4948,-20908.959863028023,0.0,0.0,0.48436814714693827,25.051206363560482,-0.03930255613351133,0.0,0.19651278066755662,0.0,0.0,0.0,epa_hwfet,PPO_seed21
170,26.6203,-20312.778401213185,0.0,0.0,0.4842400986269532,25.051667266493915,-0.038181914287994716,0.0,0.19090957143997356,0.0,0.0,0.0,epa_hwfet,PPO_seed21
171,26.7159,-19222.96123625658,0.0,0.0,0.4841189172682199,25.052089053437435,-0.03613338578243718,0.0,0.1806669289121859,0.0,0.0,0.0,epa_hwfet,PPO_seed21
172,26.6797,-13696.765051786757,0.0,0.0,0.4840325713251415,25.052339458583532,-0.025745798969523982,0.0,0.1287289948476199,0.0,0.0,0.0,epa_hwfet,PPO_seed21
173,26.6099,-12212.123198388948,0.0,0.0,0.4839555847576474,25.05255271409302,-0.02295511879396419,0.0,0.11477559396982094,0.0,0.0,0.0,epa_hwfet,PPO_seed21
174,26.5132,-10978.507798713072,0.0,0.0,0.48388637540807966,25.052737682411127,-0.02063629285472382,0.0,0.1031814642736191,0.0,0.0,0.0,epa_hwfet,PPO_seed21
175,26.401,-10203.646609635096,0.0,0.0,0.4838220514433597,25.052905559676717,-0.019179786860216347,0.0,0.09589893430108173,0.0,0.0,0.0,epa_hwfet,PPO_seed21
176,26.2874,-10010.298484017316,0.0,0.0,0.4837589470809876,25.05306801682528,-0.018816350533867137,0.0,0.09408175266933567,0.0,0.0,0.0,epa_hwfet,PPO_seed21
177,26.1871,-10433.124715029424,0.0,0.0,0.48369317802021033,25.053236980510338,-0.019611136682386135,0.0,0.09805568341193067,0.0,0.0,0.0,epa_hwfet,PPO_seed21
178,26.1128,-11400.182822833516,0.0,0.0,0.48362131345477893,25.053424506084685,-0.02142891508051413,0.0,0.10714457540257064,0.0,0.0,0.0,epa_hwfet,PPO_seed21
179,26.0735,-12771.248718399422,0.0,0.0,0.4835408064339478,25.053642396260905,-0.02400610661353275,0.0,0.12003053306766374,0.0,0.0,0.0,epa_hwfet,PPO_seed21
180,26.0728,-14335.87496918609,0.0,0.0,0.4834504364461917,25.05389995164413,-0.026947133400725732,0.0,0.13473566700362866,0.0,0.0,0.0,epa_hwfet,PPO_seed21
181,26.1082,-15849.718954757802,0.0,0.0,0.4833505230648585,25.054200829421315,-0.029792704802176318,0.0,0.1489635240108816,0.0,0.0,0.0,epa_hwfet,PPO_seed21
182,26.1713,-17066.306444706224,0.0,0.0,0.4832429394830915,25.05454016824663,-0.03207952339230493,0.0,0.16039761696152466,0.0,0.0,0.0,epa_hwfet,PPO_seed21
183,26.2483,-17746.144816177337,0.0,0.0,0.4831310687134017,25.05490280923712,-0.033357415068002515,0.0,0.16678707534001255,0.0,0.0,0.0,epa_hwfet,PPO_seed21
184,26.322,-17720.610514582513,0.0,0.0,0.48301935709554156,25.055265624345818,-0.03330941826049345,0.0,0.16654709130246723,0.0,0.0,0.0,epa_hwfet,PPO_seed21
185,26.3743,-16920.44114690446,0.0,0.0,0.48291268809767585,25.055603113913133,-0.03180534050170011,0.0,0.15902670250850057,0.0,0.0,0.0,epa_hwfet,PPO_seed21
186,26.3878,-15347.4652578557,0.0,0.0,0.48281593414587914,25.05589309775603,-0.028848618905743795,0.0,0.14424309452871897,0.0,0.0,0.0,epa_hwfet,PPO_seed21
187,26.3488,-13141.209287940801,0.0,0.0,0.4827330883597257,25.0561235273508,-0.024701521217933838,0.0,0.12350760608966918,0.0,0.0,0.0,epa_hwfet,PPO_seed21
188,26.2489,-10523.920965657877,0.0,0.0,0.482666742726899,25.056294512756494,-0.01978180632642458,0.0,0.0989090316321229,0.0,0.0,0.0,epa_hwfet,PPO_seed21
189,26.0863,-7784.371322809268,0.0,0.0,0.4826176684295376,25.056416380268814,-0.014632276922573812,0.0,0.07316138461286906,0.0,0.0,0.0,epa_hwfet,PPO_seed21
190,25.8662,-5231.792849782389,0.0,0.0,0.48258468673903127,25.056504359211985,-0.009834197086057123,0.0,0.049170985430285606,0.0,0.0,0.0,epa_hwfet,PPO_seed21
191,25.6003,-3148.8479461160027,0.0,0.0,0.4825648366557976,25.056572702543967,-0.005918887116759404,0.0,0.029594435583797016,0.0,0.0,0.0,epa_hwfet,PPO_seed21
192,25.3053,-1744.4041403332103,0.0,0.0,0.48255384043924776,25.05663096109043,-0.0032789551510022754,0.0,0.016394775755011377,0.0,0.0,0.0,epa_hwfet,PPO_seed21
193,25.0013,-1149.3887082646231,0.0,0.0,0.4825465952955276,25.05668379748197,-0.0021605050907229756,0.0,0.010802525453614879,0.0,0.0,0.0,epa_hwfet,PPO_seed21
194,24.709,-1375.2781131891697,0.0,0.0,0.4825379265918396,25.056733441687204,-0.0025851092353179886,0.0,0.012925546176589942,0.0,0.0,0.0,epa_hwfet,PPO_seed21
195,24.4474,-2344.005183773348,0.0,0.0,0.4825231523011576,25.056783072542135,-0.00440602478152885,0.0,0.02203012390764425,0.0,0.0,0.0,epa_hwfet,PPO_seed21
196,24.2314,-3892.8163812438556,0.0,0.0,0.4824986166025309,25.056838925938358,-0.007317324024894466,0.0,0.03658662012447233,0.0,0.0,0.0,epa_hwfet,PPO_seed21
197,24.0703,-5812.788586213844,0.0,0.0,0.48246198058279044,25.056910121872242,-0.010926294334988429,0.0,0.05463147167494214,0.0,0.0,0.0,epa_hwfet,PPO_seed21
198,23.9669,-7869.225484285116,0.0,0.0,0.48241238439693435,25.057006325753033,-0.014791777226099843,0.0,0.07395888613049921,0.0,0.0,0.0,epa_hwfet,PPO_seed21
199,23.917,-9809.781328088853,0.0,0.0,0.482350558341369,25.05713402602618,-0.018439438586633185,0.0,0.09219719293316592,0.0,0.0,0.0,epa_hwfet,PPO_seed21
200,23.9106,-11420.818305932085,0.0,0.0,0.4822785788997171,25.05729368400643,-0.02146770358257911,0.0,0.10733851791289555,0.0,0.0,0.0,epa_hwfet,PPO_seed21
201,23.9333,-12530.272364697938,0.0,0.0,0.4821996068663105,25.05747850255432,-0.0235531435426653,0.0,0.11776571771332649,0.0,0.0,0.0,epa_hwfet,PPO_seed21
202,23.9683,-13030.736343216282,0.0,0.0,0.4821174800456393,25.0576756986236,-0.02449386530679752,0.0,0.12246932653398761,0.0,0.0,0.0,epa_hwfet,PPO_seed21
203,23.999,-12907.608483966174,0.0,0.0,0.4820361285029539,25.057870224738355,-0.024262421962342434,0.0,0.12131210981171217,0.0,0.0,0.0,epa_hwfet,PPO_seed21
204,24.0111,-12227.568468508072,0.0,0.0,0.4819590623259129,25.05804884362862,-0.022984151256594122,0.0,0.1149207562829706,0.0,0.0,0.0,epa_hwfet,PPO_seed21
205,23.9946,-11140.536095738951,0.0,0.0,0.48188884691890416,25.058203475138036,-0.02094085732281758,0.0,0.10470428661408789,0.0,0.0,0.0,epa_hwfet,PPO_seed21
206,23.945,-9851.243266458478,0.0,0.0,0.4818267573971988,25.058332244061088,-0.018517374561012177,0.0,0.09258687280506088,0.0,0.0,0.0,epa_hwfet,PPO_seed21
207,23.8637,-8586.699660302089,0.0,0.0,0.48177263804884374,25.058438369314867,-0.01614041289530468,0.0,0.0807020644765234,0.0,0.0,0.0,epa_hwfet,PPO_seed21
208,23.7582,-7584.431905673433,0.0,0.0,0.4817248359984873,25.058528281110945,-0.014256450950513972,0.0,0.07128225475256986,0.0,0.0,0.0,epa_hwfet,PPO_seed21
209,23.6399,-6998.298966458471,0.0,0.0,0.48168072856764327,25.05860902156449,-0.013154697305373067,0.0,0.06577348652686534,0.0,0.0,0.0,epa_hwfet,PPO_seed21
210,23.5233,-6950.187464161956,0.0,0.0,0.48163692485904147,25.058687960943185,-0.013064262150680371,0.0,0.06532131075340185,0.0,0.0,0.0,epa_hwfet,PPO_seed21
211,23.423,-7449.829395854691,0.0,0.0,0.4815899726632362,25.058772605084066,-0.014003438714012578,0.0,0.07001719357006289,0.0,0.0,0.0,epa_hwfet,PPO_seed21
212,23.3517,-8434.939415090117,0.0,0.0,0.481536812327336,25.058871153479366,-0.015855149276485184,0.0,0.07927574638242592,0.0,0.0,0.0,epa_hwfet,PPO_seed21
213,23.3185,-9783.785726303155,0.0,0.0,0.48147515133544116,25.058992364611854,-0.01839057467350217,0.0,0.09195287336751085,0.0,0.0,0.0,epa_hwfet,PPO_seed21
214,23.3266,-11290.952989290168,0.0,0.0,0.48140399162779196,25.059143423137346,-0.02122359584453039,0.0,0.10611797922265195,0.0,0.0,0.0,epa_hwfet,PPO_seed21
215,23.3734,-12750.61770880828,0.0,0.0,0.4813236321521032,25.059327874789265,-0.02396732652031632,0.0,0.11983663260158159,0.0,0.0,0.0,epa_hwfet,PPO_seed21
216,23.45,-13928.725661460037,0.0,0.0,0.48123584686019055,25.059542607085024,-0.02618181515312037,0.0,0.13090907576560185,0.0,0.0,0.0,epa_hwfet,PPO_seed21
217,23.5511,-14951.909994529262,0.0,0.0,0.4811416116403105,25.059786120153,-0.028105093974679064,0.0,0.14052546987339531,0.0,0.0,0.0,epa_hwfet,PPO_seed21
218,23.6502,-15006.070315007351,0.0,0.0,0.48104703341397453,25.060032150072452,-0.028206899088359685,0.0,0.1410344954417984,0.0,0.0,0.0,epa_hwfet,PPO_seed21
219,23.7285,-14339.582995403814,0.0,0.0,0.48095665426914913,25.060260583378525,-0.0269541033748192,0.0,0.134770516874096,0.0,0.0,0.0,epa_hwfet,PPO_seed21
220,23.7681,-12958.869437685655,0.0,0.0,0.48087497625812775,25.060454009919678,-0.02435877713850687,0.0,0.12179388569253435,0.0,0.0,0.0,epa_hwfet,PPO_seed21
221,23.7549,-10991.871721075398,0.0,0.0,0.4808056953145025,25.060603103405338,-0.020661413009540223,0.0,0.10330706504770111,0.0,0.0,0.0,epa_hwfet,PPO_seed21
222,23.6798,-8627.590913795366,0.0,0.0,0.48075131612372146,25.060708021646303,-0.01621727615375069,0.0,0.08108638076875344,0.0,0.0,0.0,epa_hwfet,PPO_seed21
223,23.5405,-6135.194166059174,0.0,0.0,0.4807126465841721,25.060777255244986,-0.011532319861013485,0.0,0.057661599305067424,0.0,0.0,0.0,epa_hwfet,PPO_seed21
224,23.3418,-3799.214796043616,0.0,0.0,0.4806887008375801,25.06082309085619,-0.007141381195570707,0.0,0.03570690597785353,0.0,0.0,0.0,epa_hwfet,PPO_seed21
225,23.095,-1875.9323319696937,0.0,0.0,0.4806768774412795,25.060856671228652,-0.003526188593927996,0.0,0.01763094296963998,0.0,0.0,0.0,epa_hwfet,PPO_seed21
226,22.8164,-553.6436628276065,0.0,0.0,0.4806733881005717,25.060884936728765,-0.001040683576743621,0.0,0.005203417883718106,0.0,0.0,0.0,epa_hwfet,PPO_seed21
227,22.526,0.0,0.0,29.290355119203767,0.4806733881005717,25.06091046553843,0.0,0.0,0.0,0.0,0.0,0.0,epa_hwfet,PPO_seed21
228,22.2442,-92.96353245123156,0.0,0.0,0.48067280223492953,25.0609335851285,-0.00017474348205118715,0.0,0.0008737174102559357,0.0,0.0,0.0,epa_hwfet,PPO_seed21
229,21.9899,-887.638046082275,0.0,0.0,0.4806672084222067,25.060955206127996,-0.001668492567823825,0.0,0.008342462839119125,0.0,0.0,0.0,epa_hwfet,PPO_seed21
230,21.7783,-2207.4740078417453,0.0,0.0,0.48065329750184393,25.060978783110443,-0.004149387232785236,0.0,0.02074693616392618,0.0,0.0,0.0,epa_hwfet,PPO_seed21
231,21.6187,-3852.271149721268,0.0,0.0,0.4806290220255159,25.061010294136008,-0.007241111183686594,0.0,0.03620555591843297,0.0,0.0,0.0,epa_hwfet,PPO_seed21
232,21.5141,-5617.407056850279,0.0,0.0,0.48059362389985477,25.061056567180774,-0.010559035821147143,0.0,0.05279517910573571,0.0,0.0,0.0,epa_hwfet,PPO_seed21
233,21.4606,-7280.405461240699,0.0,0.0,0.480547746763009,25.061122506644242,-0.013684972671505076,0.0,0.06842486335752537,0.0,0.0,0.0,epa_hwfet,PPO_seed21
234,21.4488,-8661.3509087182,0.0,0.0,0.48049316778389906,25.061209013140967,-0.016280734790823686,0.0,0.08140367395411842,0.0,0.0,0.0,epa_hwfet,PPO_seed21
235,21.4645,-9594.368234982227,0.0,0.0,0.4804327092863736,25.06131164868754,-0.01803452675748539,0.0,0.09017263378742695,0.0,0.0,0.0,epa_hwfet,PPO_seed21
236,21.4917,-10005.702985957874,0.0,0.0,0.48036965840183304,25.061422090083916,-0.018807712379620065,0.0,0.09403856189810032,0.0,0.0,0.0,epa_hwfet,PPO_seed21
237,21.5141,-9867.63703462802,0.0,0.0,0.48030747708196586,25.06153016228583,-0.018548189914714325,0.0,0.09274094957357162,0.0,0.0,0.0,epa_hwfet,PPO_seed21
238,21.5181,-9255.746153020387,0.0,0.0,0.48024915122438094,25.061627330581736,-0.01739801908462479,0.0,0.08699009542312394,0.0,0.0,0.0,epa_hwfet,PPO_seed21
239,21.4941,-8296.234018000687,0.0,0.0,0.4801968715774891,25.061708586822476,-0.015594424845865954,0.0,0.07797212422932977,0.0,0.0,0.0,epa_hwfet,PPO_seed21
240,21.4382,-7180.69928415866,0.0,0.0,0.48015162154725816,25.061773331023318,-0.013497555045411015,0.0,0.06748777522705507,0.0,0.0,0.0,epa_hwfet,PPO_seed21
241,21.3525,-6116.304819669637,0.0,0.0,0.4801130790300644,25.061824294265886,-0.01149681357080759,0.0,0.057484067854037944,0.0,0.0,0.0,epa_hwfet,PPO_seed21
242,21.2445,-5291.1521928096945,0.0,0.0,0.4800797365046724,25.06186577457962,-0.009945774798514464,0.0,0.049728873992572316,0.0,0.0,0.0,epa_hwfet,PPO_seed21
243,21.1264,-4867.873497427711,0.0,0.0,0.48004906156790533,25.0619024833031,-0.009150138153059607,0.0,0.04575069076529804,0.0,0.0,0.0,epa_hwfet,PPO_seed21
244,21.0126,-4923.159408415366,0.0,0.0,0.48001803855595165,25.061938962901657,-0.009254059038374748,0.0,0.046270295191873735,0.0,0.0,0.0,epa_hwfet,PPO_seed21
245,20.9181,-5480.458023577883,0.0,0.0,0.4799835040824266,25.06198024614774,-0.010301612826274217,0.0,0.05150806413137108,0.0,0.0,0.0,epa_hwfet,PPO_seed21
246,20.8558,-6476.9751633694905,0.0,0.0,0.4799426904600815,25.06203227540311,-0.012174765344679494,0.0,0.060873826723397466,0.0,0.0,0.0,epa_hwfet,PPO_seed21
247,20.8346,-7791.626661018652,0.0,0.0,0.4798935929340592,25.062101754220663,-0.01464591477635085,0.0,0.07322957388175425,0.0,0.0,0.0,epa_hwfet,PPO_seed21
248,20.8578,-9252.703313866563,0.0,0.0,0.47983528861264246,25.06219477250358,-0.017392299462155196,0.0,0.08696149731077597,0.0,0.0,0.0,epa_hwfet,PPO_seed21
249,20.9224,-10661.85182050577,0.0,0.0,0.4797681043408346,25.06231460538937,-0.020041074850574755,0.0,0.10020537425287378,0.0,0.0,0.0,epa_hwfet,PPO_seed21
250,21.0192,-11814.012363497915,0.0,0.0,0.4796936590312016,25.062459458981,-0.02220679015695097,0.0,0.11103395078475485,0.0,0.0,0.0,epa_hwfet,PPO_seed21
251,21.1337,-12520.018120504663,0.0,0.0,0.4796147636720914,25.062621274688215,-0.023533868647565157,0.0,0.11766934323782578,0.0,0.0,0.0,epa_hwfet,PPO_seed21
252,21.248,-12641.433978841776,0.0,0.0,0.47953510183272435,25.062786775000518,-0.023762093945191312,0.0,0.11881046972595655,0.0,0.0,0.0,epa_hwfet,PPO_seed21
253,21.3427,-12097.500922008063,0.0,0.0,0.47945886635266227,25.06294030206801,-0.0227396633872332,0.0,0.113698316936166,0.0,0.0,0.0,epa_hwfet,PPO_seed21
254,21.3995,-10898.519138631473,0.0,0.0,0.4793901855370344,25.063068335959574,-0.020485938230510287,0.0,0.10242969115255143,0.0,0.0,0.0,epa_hwfet,PPO_seed21
255,21.4034,-9141.336928438901,0.0,0.0,0.47933257761947423,25.0631633651794,-0.017182964151200943,0.0,0.0859148207560047,0.0,0.0,0.0,epa_hwfet,PPO_seed21
256,21.3451,-7020.00887948203,0.0,0.0,0.4792883379500422,25.06322590158115,-0.013195505412560208,0.0,0.06597752706280104,0.0,0.0,0.0,epa_hwfet,PPO_seed21
257,21.2217,-4765.056051632919,0.0,0.0,0.4792583089581309,25.063262827212004,-0.008956872277505487,0.0,0.04478436138752743,0.0,0.0,0.0,epa_hwfet,PPO_seed21
258,21.0374,-2634.7235358175335,0.0,0.0,0.47924170533036603,25.06328396390757,-0.004952487849281078,0.0,0.02476243924640539,0.0,0.0,0.0,epa_hwfet,PPO_seed21
259,20.803,-864.5710986544391,0.0,0.0,0.4792362570329385,25.063298013671297,-0.0016251336440872917,0.0,0.008125668220436458,0.0,0.0,0.0,epa_hwfet,PPO_seed21
260,20.5347,0.0,0.0,261.2834530532727,0.4792362570329385,25.063309873784647,0.0,0.0,0.0,0.0,0.0,0.0,epa_hwfet,PPO_seed21
261,20.2517,689.7259895290948,0.0,0.0,0.4792406032881767,25.063320637130897,0.037328177989702435,0.0,0.00648238711963435,0.027589039581163793,0.0,0.0,epa_hwfet,PPO_seed21
262,19.9322,1601.6365098389606,0.0,0.0,0.47925069560128697,25.06333181322154,0.08668104960767548,0.0,0.015052974716531584,0.06406546039355843,0.0,0.0,epa_hwfet,PPO_seed21
263,19.6373,1133.5686398887715,0.0,0.0,0.47925783828978974,25.06334015592879,0.06134907571367952,0.0,0.010653840600458379,0.04534274559555086,0.0,0.0,epa_hwfet,PPO_seed21
264,19.3819,0.0,0.0,342.85856786409147,0.47925783828978974,25.06334585539949,0.0,0.0,0.0,0.0,0.0,0.0,epa_hwfet,PPO_seed21
265,19.1755,-901.0585753938934,0.0,0.0,0.4792521609415025,25.063351181400282,-0.001693719126680251,0.0,0.008468595633401254,0.0,0.0,0.0,epa_hwfet,PPO_seed21
266,19.0212,-2369.68102066057,0.0,0.0,0.4792372304380587,25.063360133758017,-0.004454287632820621,0.0,0.022271438164103104,0.0,0.0,0.0,epa_hwfet,PPO_seed21
267,18.9154,-3739.0758849953913,0.0,0.0,0.47921367216878036,25.06337636784007,-0.007028338129690586,0.0,0.035141690648452927,0.0,0.0,0.0,epa_hwfet,PPO_seed21
268,18.8489,-4850.489908447587,0.0,0.0,0.4791831115942785,25.063401240766012,-0.009117462233924038,0.0,0.045587311169620184,0.0,0.0,0.0,epa_hwfet,PPO_seed21
269,18.808,-5571.967517206304,0.0,0.0,0.47914800545283615,25.063433011273514,-0.01047362315264343,0.0,0.05236811576321715,0.0,0.0,0.0,epa_hwfet,PPO_seed21
270,18.7771,-5842.123261205162,0.0,0.0,0.47911119721607387,25.0634675859522,-0.010981434701513464,0.0,0.05490717350756731,0.0,0.0,0.0,epa_hwfet,PPO_seed21
271,18.7405,-5649.491423533228,0.0,0.0,0.4790756026361786,25.063499983755165,-0.010619344781077497,0.0,0.05309672390538748,0.0,0.0,0.0,epa_hwfet,PPO_seed21
272,18.685,-5060.679882525142,0.0,0.0,0.4790437178627921,25.063526297538825,-0.009512556170160042,0.0,0.04756278085080021,0.0,0.0,0.0,epa_hwfet,PPO_seed21
273,18.6017,-4199.843925146371,0.0,0.0,0.4790172568350056,25.063544866520033,-0.007894443468320246,0.0,0.03947221734160123,0.0,0.0,0.0,epa_hwfet,PPO_seed21
274,18.4872,-3230.743847118942,0.0,0.0,0.478996901702885,25.063556306394357,-0.006072826780298763,0.0,0.030364133901493815,0.0,0.0,0.0,epa_hwfet,PPO_seed21
275,18.3441,-2332.9750803029174,0.0,0.0,0.47898220303529426,25.063562586588677,-0.004385291504328793,0.0,0.02192645752164396,0.0,0.0,0.0,epa_hwfet,PPO_seed21
276,18.1804,-1665.880467138565,0.0,0.0,0.4789717074430764,25.063565811371053,-0.0031313542615386564,0.0,0.01565677130769328,0.0,0.0,0.0,epa_hwfet,PPO_seed21
277,18.0087,-1360.470440066643,0.0,0.0,0.4789631361444183,25.063567572359577,-0.002557275263283164,0.0,0.012786376316415817,0.0,0.0,0.0,epa_hwfet,PPO_seed21
278,17.8439,-1477.767045416952,0.0,0.0,0.4789538259739438,25.06356905505138,-0.002777757604167203,0.0,0.013888788020836014,0.0,0.0,0.0,epa_hwfet,PPO_seed21
279,17.7011,-2019.0648347321157,0.0,0.0,0.4789411057007642,25.063571788312608,-0.003795234651752098,0.0,0.018976173258760488,0.0,0.0,0.0,epa_hwfet,PPO_seed21
280,17.5935,-2930.982676488224,0.0,0.0,0.4789226404609785,25.063578356665094,-0.005509365933248542,0.0,0.02754682966624271,0.0,0.0,0.0,epa_hwfet,PPO_seed21
281,17.5301,-4102.838483810354,0.0,0.0,0.47889679268468827,25.063592431743242,-0.007712102413177358,0.0,0.03856051206588679,0.0,0.0,0.0,epa_hwfet,PPO_seed21
282,17.5141,-5384.712455401094,0.0,0.0,0.47886286921747634,25.063617887125954,-0.010121639953761455,0.0,0.050608199768807274,0.0,0.0,0.0,epa_hwfet,PPO_seed21
283,17.5425,-6615.280061483448,0.0,0.0,0.47882119313413074,25.063657354381817,-0.012434736957675654,0.0,0.062173684788378265,0.0,0.0,0.0,epa_hwfet,PPO_seed21
284,17.6059,-7620.720642205841,0.0,0.0,0.4787731824927516,25.063710553081687,-0.014324662861289176,0.0,0.07162331430644588,0.0,0.0,0.0,epa_hwfet,PPO_seed21
285,17.6896,-8246.170194847036,0.0,0.0,0.4787212310007827,25.06377344040208,-0.015500319915126008,0.0,0.07750159957563003,0.0,0.0,0.0,epa_hwfet,PPO_seed21
286,17.7752,-8370.228334364143,0.0,0.0,0.47866849731314415,25.06383863254299,-0.015733511906699516,0.0,0.07866755953349758,0.0,0.0,0.0,epa_hwfet,PPO_seed21
287,17.8428,-7927.635980456885,0.0,0.0,0.4786185514293173,25.063897342909822,-0.01490157139183625,0.0,0.07450785695918125,0.0,0.0,0.0,epa_hwfet,PPO_seed21
288,17.8738,-6935.390598960936,0.0,0.0,0.47857485647457265,25.063942361441757,-0.013036448494287473,0.0,0.06518224247143736,0.0,0.0,0.0,epa_hwfet,PPO_seed21
289,17.8526,-5469.610389506792,0.0,0.0,0.47854039613766386,25.063970293282203,-0.010281222536666903,0.0,0.05140611268333451,0.0,0.0,0.0,epa_hwfet,PPO_seed21
290,17.7693,-3696.6791003588887,0.0,0.0,0.47851710582262036,25.0639827735222,-0.006948644925486633,0.0,0.034743224627433164,0.0,0.0,0.0,epa_hwfet,PPO_seed21
291,17.6205,-1816.0191325413837,0.0,0.0,0.47850566435217595,25.063985152753176,-0.0034135697980101198,0.0,0.017067848990050597,0.0,0.0,0.0,epa_hwfet,PPO_seed21
292,17.4098,-42.63800952129162,0.0,0.0,0.4785053957228615,25.06398390921235,-8.01466344385181e-05,0.0,0.00040073317219259044,0.0,0.0,0.0,epa_hwfet,PPO_seed21
293,17.1476,1024.3870958831162,0.0,0.0,0.4785118494875924,25.063982969536998,0.05544013771553887,0.0,0.00962769826957816,0.04097548383532465,0.0,0.0,epa_hwfet,PPO_seed21
294,16.8495,1756.1062003674845,0.0,0.0,0.4785229129480929,25.063983187213893,0.09504099571612896,0.0,0.016504757522250793,0.07024424801469938,0.0,0.0,epa_hwfet,PPO_seed21
295,16.5344,2111.4597239941854,0.0,0.0,0.47853621483894876,25.063983907895462,0.1142728352880462,0.0,0.01984454627814084,0.08445838895976741,0.0,0.0,epa_hwfet,PPO_seed21
296,16.2224,2085.2400439849175,0.0,0.0,0.47854935125136855,25.063983746745727,0.11285381832032658,0.0,0.019598120714143963,0.0834096017593967,0.0,0.0,epa_hwfet,PPO_seed21
297,15.9321,1723.4532845573394,0.0,0.0,0.47856020827373563,25.06398156641313,0.09327381009205811,0.0,0.01619786921576447,0.06893813138229357,0.0,0.0,epa_hwfet,PPO_seed21
298,15.6782,1109.905645260745,0.0,0.0,0.47856720006781,25.063977118341207,0.06006842732772061,0.0,0.010431444034405497,0.0443962258104298,0.0,0.0,epa_hwfet,PPO_seed21
299,15.4703,0.0,0.0,340.42378872228227,0.47856720006781,25.063970989511517,0.0,0.0,0.0,0.0,0.0,0.0,epa_hwfet,PPO_seed21
300,15.3114,-655.2313100937829,0.0,0.0,0.4785630725947091,25.06396489397959,-0.0012316378009281635,0.0,0.006158189004640817,0.0,0.0,0.0,epa_hwfet,PPO_seed21
301,15.1981,-1697.6509630736396,0.0,0.0,0.47855237875499507,25.06396083247963,-0.0031910732388602246,0.0,0.015955366194301122,0.0,0.0,0.0,epa_hwfet,PPO_seed21
302,15.3494,-8073.933746743042,0.0,0.0,0.47850151975358085,25.064015659806476,-0.01517656719312602,0.0,0.0758828359656301,0.0,0.0,0.0,epa_hwfet,PPO_seed21
303,15.5241,-8779.967642306912,0.0,0.0,0.4784462124246801,25.06408214517381,-0.016503698575764874,0.0,0.08251849287882436,0.0,0.0,0.0,epa_hwfet,PPO_seed21
304,15.7068,-9131.273999343046,0.0,0.0,0.47838869106586046,25.064155038252835,-0.017164048870945577,0.0,0.08582024435472788,0.0,0.0,0.0,epa_hwfet,PPO_seed21
305,15.8823,-9107.014012343958,0.0,0.0,0.4783313214331966,25.06422798944491,-0.01711844739162398,0.0,0.0855922369581199,0.0,0.0,0.0,epa_hwfet,PPO_seed21
306,16.038,-8749.028987430027,0.0,0.0,0.4782762059074249,25.064295357157082,-0.01644554320945494,0.0,0.08222771604727469,0.0,0.0,0.0,epa_hwfet,PPO_seed21
307,16.1655,-8148.348815704604,0.0,0.0,0.47822487357679977,25.064353542081488,-0.015316445142301889,0.0,0.07658222571150944,0.0,0.0,0.0,epa_hwfet,PPO_seed21
308,16.2619,-7440.012446484154,0.0,0.0,0.4781780029029444,25.06440163328556,-0.013984985801661944,0.0,0.06992492900830971,0.0,0.0,0.0,epa_hwfet,PPO_seed21
309,16.3303,-6781.362926079311,0.0,0.0,0.4781352811119136,25.064441138798003,-0.012746922793382166,0.0,0.06373461396691082,0.0,0.0,0.0,epa_hwfet,PPO_seed21
310,16.3795,-6328.038578172158,0.0,0.0,0.4780954148618138,25.064475228710094,-0.011894809357466464,0.0,0.05947404678733231,0.0,0.0,0.0,epa_hwfet,PPO_seed21
311,16.4223,-6194.590354350687,0.0,0.0,0.47805638905527864,25.06450789906355,-0.011643966831486255,0.0,0.058219834157431274,0.0,0.0,0.0,epa_hwfet,PPO_seed21
312,16.4741,-6461.216293594962,0.0,0.0,0.47801568325191307,25.064543915800495,-0.012145143409013086,0.0,0.06072571704506543,0.0,0.0,0.0,epa_hwfet,PPO_seed21
313,16.5505,-7148.981765380682,0.0,0.0,0.4779706441898065,25.06458898260788,-0.013437935649211807,0.0,0.06718967824605904,0.0,0.0,0.0,epa_hwfet,PPO_seed21
314,16.6648,-8217.908593070808,0.0,0.0,0.47791887033242497,25.064649875158644,-0.015447196603516556,0.0,0.07723598301758278,0.0,0.0,0.0,epa_hwfet,PPO_seed21
315,16.8263,-9586.3016310658,0.0,0.0,0.4778584746501045,25.06473424147223,-0.0180193639681688,0.0,0.09009681984084399,0.0,0.0,0.0,epa_hwfet,PPO_seed21
316,17.0383,-11117.211843067913,0.0,0.0,0.47778843270554544,25.064849195662973,-0.02089701474260886,0.0,0.10448507371304429,0.0,0.0,0.0,epa_hwfet,PPO_seed21
317,17.2978,-12654.958665943212,0.0,0.0,0.4777087007033482,25.06499953618951,-0.023787516289366942,0.0,0.1189375814468347,0.0,0.0,0.0,epa_hwfet,PPO_seed21
318,17.5953,-14019.71163438092,0.0,0.0,0.4776203677587552,25.065185322031013,-0.02635284141800925,0.0,0.13176420709004624,0.0,0.0,0.0,epa_hwfet,PPO_seed21
319,17.9158,-15035.549444752196,0.0,0.0,0.4775256314720479,25.065400213515975,-0.028262310986376313,0.0,0.14131155493188155,0.0,0.0,0.0,epa_hwfet,PPO_seed21
320,18.2407,-15558.622029354892,0.0,0.0,0.4774275961061134,25.065631552594677,-0.029245530130366338,0.0,0.1462276506518317,0.0,0.0,0.0,epa_hwfet,PPO_seed21
321,18.5498,-15489.966004438413,0.0,0.0,0.4773299899793775,25.065862231224575,-0.029116477451951908,0.0,0.14558238725975953,0.0,0.0,0.0,epa_hwfet,PPO_seed21
322,18.8239,-14806.988756979788,0.0,0.0,0.4772366843582606,25.06607464465681,-0.02783268563342066,0.0,0.13916342816710328,0.0,0.0,0.0,epa_hwfet,PPO_seed21
323,19.0471,-13568.792268033085,0.0,0.0,0.4771511786190797,25.06625498636415,-0.025505248624122342,0.0,0.1275262431206117,0.0,0.0,0.0,epa_hwfet,PPO_seed21
324,19.2089,-11919.0623726794,0.0,0.0,0.47707606703138417,25.066396486995114,-0.022404252580224437,0.0,0.11202126290112219,0.0,0.0,0.0,epa_hwfet,PPO_seed21
325,19.3053,-10056.884969272665,0.0,0.0,0.4770126893536343,25.066499920539062,-0.018903919115174184,0.0,0.09451959557587092,0.0,0.0,0.0,epa_hwfet,PPO_seed21
326,19.3395,-8218.474167573806,0.0,0.0,0.4769608966004207,25.06657190009015,-0.015448259713484597,0.0,0.07724129856742298,0.0,0.0,0.0,epa_hwfet,PPO_seed21
327,19.3211,-6621.706097438746,0.0,0.0,0.47691916646725846,25.066621487935844,-0.012446815972629222,0.0,0.06223407986314611,0.0,0.0,0.0,epa_hwfet,PPO_seed21
328,19.2653,-5457.46418182358,0.0,0.0,0.4768847734415011,25.066657542786604,-0.010258391319217255,0.0,0.05129195659608628,0.0,0.0,0.0,epa_hwfet,PPO_seed21
329,19.1907,-4842.850460397962,0.0,0.0,0.4768542538684254,25.06668720715732,-0.009103102369169102,0.0,0.045515511845845506,0.0,0.0,0.0,epa_hwfet,PPO_seed21
330,19.1169,-4816.34829774446,0.0,0.0,0.4768239015162948,25.066716156315092,-0.009053286273955753,0.0,0.04526643136977876,0.0,0.0,0.0,epa_hwfet,PPO_seed21
331,19.062,-5339.527894392114,0.0,0.0,0.4767902523368044,25.06674969163159,-0.010036706568406231,0.0,0.05018353284203115,0.0,0.0,0.0,epa_hwfet,PPO_seed21
332,19.0407,-6319.7004639954575,0.0,0.0,0.4767504263837636,25.066793723181164,-0.011879136210517777,0.0,0.05939568105258888,0.0,0.0,0.0,epa_hwfet,PPO_seed21
333,19.0623,-7608.153379763616,0.0,0.0,0.4767024808032687,25.066854612836405,-0.014301040187525593,0.0,0.07150520093762797,0.0,0.0,0.0,epa_hwfet,PPO_seed21
334,19.1299,-9032.924695006199,0.0,0.0,0.4766455562875485,25.06693805105685,-0.016979181757530448,0.0,0.08489590878765224,0.0,0.0,0.0,epa_hwfet,PPO_seed21
335,19.24,-10404.517083687975,0.0,0.0,0.47657998757499587,25.0670470747175,-0.019557362939263113,0.0,0.09778681469631556,0.0,0.0,0.0,epa_hwfet,PPO_seed21
336,19.3838,-11561.506491425238,0.0,0.0,0.4765071266088185,25.067180727292957,-0.02173215505907,0.0,0.10866077529534998,0.0,0.0,0.0,epa_hwfet,PPO_seed21
337,19.5484,-12365.585327965551,0.0,0.0,0.4764291969887803,25.06733333871071,-0.02324358144354427,0.0,0.11621790721772135,0.0,0.0,0.0,epa_hwfet,PPO_seed21
338,19.7186,-12722.23843796505,0.0,0.0,0.47634901813891856,25.067495273107536,-0.023913982026250096,0.0,0.11956991013125047,0.0,0.0,0.0,epa_hwfet,PPO_seed21
339,19.8797,-12619.080544021856,0.0,0.0,0.47626948781761325,25.06765561060072,-0.0237200762105674,0.0,0.11860038105283699,0.0,0.0,0.0,epa_hwfet,PPO_seed21
340,20.0196,-12113.162717183885,0.0,0.0,0.4761931445180686,25.06780492531476,-0.02276910285184941,0.0,0.11384551425924704,0.0,0.0,0.0,epa_hwfet,PPO_seed21
341,20.1302,-11314.971676869682,0.0,0.0,0.4761218306134562,25.06793723578456,-0.021268743753514438,0.0,0.10634371876757219,0.0,0.0,0.0,epa_hwfet,PPO_seed21
342,20.2094,-10410.20577556289,0.0,0.0,0.47605621819663374,25.068051468380702,-0.019568055969103177,0.0,0.09784027984551588,0.0,0.0,0.0,epa_hwfet,PPO_seed21
343,20.2608,-9585.211475849856,0.0,0.0,0.4759958048514132,25.068150435447347,-0.01801731480422905,0.0,0.09008657402114525,0.0,0.0,0.0,epa_hwfet,PPO_seed21
344,20.2935,-9026.135352459378,0.0,0.0,0.47593891482369455,25.068239748497888,-0.01696641983544996,0.0,0.08483209917724979,0.0,0.0,0.0,epa_hwfet,PPO_seed21
345,20.3211,-8890.544872458368,0.0,0.0,0.4758828791112597,25.068326863058978,-0.01671155051213979,0.0,0.08355775256069894,0.0,0.0,0.0,epa_hwfet,PPO_seed21
346,20.3595,-9268.020580475857,0.0,0.0,0.4758244639619302,25.068420561338566,-0.017421091316683943,0.0,0.08710545658341971,0.0,0.0,0.0,epa_hwfet,PPO_seed21
347,20.4245,-10174.456643731155,0.0,0.0,0.4757603352880103,25.06853113602741,-0.019124918503254054,0.0,0.09562459251627026,0.0,0.0,0.0,epa_hwfet,PPO_seed21
348,20.53,-11572.378255246662,0.0,0.0,0.4756873949919644,25.068670888038405,-0.02175259070535087,0.0,0.10876295352675434,0.0,0.0,0.0,epa_hwfet,PPO_seed21
349,20.6854,-13343.253128215756,0.0,0.0,0.4756032917896468,25.06885311099958,-0.02508130287258601,0.0,0.12540651436293004,0.0,0.0,0.0,epa_hwfet,PPO_seed21
350,20.8944,-15326.594596021216,0.0,0.0,0.4755066856057409,25.06909024271348,-0.028809388338385745,0.0,0.14404694169192872,0.0,0.0,0.0,epa_hwfet,PPO_seed21
351,21.1539,-17313.95284977983,0.0,0.0,0.47539754993376476,25.06939027991778,-0.032545024153721486,0.0,0.16272512076860743,0.0,0.0,0.0,epa_hwfet,PPO_seed21
352,21.4008,-17228.333289557493,0.0,0.0,0.4752889504618307,25.069689239946843,-0.03238408513074717,0.0,0.16192042565373585,0.0,0.0,0.0,epa_hwfet,PPO_seed21
353,21.6737,-18473.89487886159,0.0,0.0,0.47517249593842054,25.07003212610648,-0.03472536631364961,0.0,0.173626831568248,0.0,0.0,0.0,epa_hwfet,PPO_seed21
354,21.9538,-19115.7238010942,0.0,0.0,0.47505199134189324,25.0703998944408,-0.0359318116561921,0.0,0.17965905828096052,0.0,0.0,0.0,epa_hwfet,PPO_seed21
355,22.2206,-19041.76800077719,0.0,0.0,0.4749319486640957,25.070767097425005,-0.03579279699394208,0.0,0.17896398496971042,0.0,0.0,0.0,epa_hwfet,PPO_seed21
356,22.4546,-18234.156909648453,0.0,0.0,0.47481699333759675,25.07110779808566,-0.034274731033173786,0.0,0.17137365516586892,0.0,0.0,0.0,epa_hwfet,PPO_seed21
357,22.6393,-16758.44677597346,0.0,0.0,0.47471133821567413,25.071401329200462,-0.031500839804461396,0.0,0.15750419902230697,0.0,0.0,0.0,epa_hwfet,PPO_seed21
358,22.7638,-14794.30200732756,0.0,0.0,0.47461806390217365,25.071637480325943,-0.027808838359638273,0.0,0.13904419179819136,0.0,0.0,0.0,epa_hwfet,PPO_seed21
359,22.8237,-12576.222596387377,0.0,0.0,0.4745387726390779,25.071816925299398,-0.023639516158622892,0.0,0.11819758079311445,0.0,0.0,0.0,epa_hwfet,PPO_seed21
360,22.8214,-10365.454140831598,0.0,0.0,0.474473419348947,25.07194856316032,-0.019483936354946614,0.0,0.09741968177473306,0.0,0.0,0.0,epa_hwfet,PPO_seed21
361,22.7662,-8433.40769877599,0.0,0.0,0.4744202473730396,25.072045493880008,-0.01585227011048119,0.0,0.07926135055240593,0.0,0.0,0.0,epa_hwfet,PPO_seed21
362,22.6726,-6987.92206343693,0.0,0.0,0.474376189305728,25.072120560036453,-0.01313519184856566,0.0,0.06567595924282829,0.0,0.0,0.0,epa_hwfet,PPO_seed21
363,22.5588,-6175.960026459914,0.0,0.0,0.474337250961411,25.072184448280126,-0.011608947418157734,0.0,0.05804473709078867,0.0,0.0,0.0,epa_hwfet,PPO_seed21
364,22.4438,-6034.520154287684,0.0,0.0,0.47429920484671334,25.072245515703514,-0.011343082996781361,0.0,0.0567154149839068,0.0,0.0,0.0,epa_hwfet,PPO_seed21
365,22.3454,-6527.364681048805,0.0,0.0,0.4742580519877595,25.072311303498353,-0.012269482483174447,0.0,0.06134741241587223,0.0,0.0,0.0,epa_hwfet,PPO_seed21
366,22.2779,-7539.152138496267,0.0,0.0,0.4742105206361884,25.072389621165566,-0.014171338606195991,0.0,0.07085669303097995,0.0,0.0,0.0,epa_hwfet,PPO_seed21
367,22.2505,-8901.909125276079,0.0,0.0,0.4741543980016408,25.072488514803112,-0.01673291188961669,0.0,0.08366455944808344,0.0,0.0,0.0,epa_hwfet,PPO_seed21
368,22.2659,-10399.428779019296,0.0,0.0,0.47408883424799525,25.072614506729277,-0.019547798456803187,0.0,0.09773899228401593,0.0,0.0,0.0,epa_hwfet,PPO_seed21
369,22.3209,-11832.157894745276,0.0,0.0,0.4740142374741919,25.072770762007924,-0.022240898298393378,0.0,0.11120449149196689,0.0,0.0,0.0,epa_hwfet,PPO_seed21
370,22.4065,-12994.350877876022,0.0,0.0,0.4739323128219333,25.07295477109246,-0.02442547157495493,0.0,0.12212735787477465,0.0,0.0,0.0,epa_hwfet,PPO_seed21
371,22.5099,-13738.848867468974,0.0,0.0,0.4738456932603971,25.07315830053374,-0.025824903886219875,0.0,0.12912451943109937,0.0,0.0,0.0,epa_hwfet,PPO_seed21
372,22.6163,-13972.962041849392,0.0,0.0,0.4737575963377294,25.073368772578483,-0.026264966244077804,0.0,0.13132483122038902,0.0,0.0,0.0,epa_hwfet,PPO_seed21
373,22.7114,-13689.86748862926,0.0,0.0,0.4736712829166004,25.0735726249556,-0.02573283362524297,0.0,0.12866416812621484,0.0,0.0,0.0,epa_hwfet,PPO_seed21
374,22.7832,-12950.990275775115,0.0,0.0,0.4735896268784146,25.073758508870988,-0.024343966683787813,0.0,0.12171983341893905,0.0,0.0,0.0,epa_hwfet,PPO_seed21
375,22.8243,-11909.43553286335,0.0,0.0,0.4735145369849782,25.073920323321037,-0.022386157016660434,0.0,0.11193078508330216,0.0,0.0,0.0,epa_hwfet,PPO_seed21
376,22.833,-10768.506345107442,0.0,0.0,0.4734466402200925,25.074057811234113,-0.020241553280277148,0.0,0.10120776640138573,0.0,0.0,0.0,epa_hwfet,PPO_seed21
377,22.8135,-9746.658815429768,0.0,0.0,0.47338518611465547,25.074175343515886,-0.01832078724704844,0.0,0.09160393623524218,0.0,0.0,0.0,epa_hwfet,PPO_seed21
378,22.7755,-9051.876225391594,0.0,0.0,0.47332811271757796,25.074280172959952,-0.017014804934946608,0.0,0.08507402467473303,0.0,0.0,0.0,epa_hwfet,PPO_seed21
379,22.7331,-8853.726309782101,0.0,0.0,0.47327228881625516,25.074381174028034,-0.016642342687560343,0.0,0.0832117134378017,0.0,0.0,0.0,epa_hwfet,PPO_seed21
380,22.7026,-9243.663164919708,0.0,0.0,0.47321400647923106,25.07448838846992,-0.017375306700976895,0.0,0.08687653350488447,0.0,0.0,0.0,epa_hwfet,PPO_seed21
381,22.7006,-10248.03423426355,0.0,0.0,0.47314939155412,25.07461382283664,-0.0192632222448563,0.0,0.09631611122428149,0.0,0.0,0.0,epa_hwfet,PPO_seed21
382,22.7411,-11794.280879356927,0.0,0.0,0.473075027208135,25.074771515001284,-0.02216970090104686,0.0,0.11084850450523429,0.0,0.0,0.0,epa_hwfet,PPO_seed21
383,22.834,-13760.335557261425,0.0,0.0,0.4729882659780626,25.07497719666579,-0.02586529240086734,0.0,0.1293264620043367,0.0,0.0,0.0,epa_hwfet,PPO_seed21
384,22.9832,-15955.125534580113,0.0,0.0,0.47288766476740135,25.075245573566892,-0.029990837471015247,0.0,0.14995418735507623,0.0,0.0,0.0,epa_hwfet,PPO_seed21
385,23.186,-18156.31565350799,0.0,0.0,0.47277318197943613,25.075586553443053,-0.034128412882533814,0.0,0.17064206441266908,0.0,0.0,0.0,epa_hwfet,PPO_seed21
386,23.4329,-20115.196384302177,0.0,0.0,0.4726463439923772,25.07600057104428,-0.037810519519364996,0.0,0.18905259759682497,0.0,0.0,0.0,epa_hwfet,PPO_seed21
387,23.7089,-21606.09858542092,0.0,0.0,0.4725101002229776,25.076475995145714,-0.0406129672658288,0.0,0.203064836329144,0.0,0.0,0.0,epa_hwfet,PPO_seed21
388,23.9951,-22439.598366488986,0.0,0.0,0.4723685950018673,25.076988996346483,-0.04217969617761088,0.0,0.21089848088805438,0.0,0.0,0.0,epa_hwfet,PPO_seed21
389,24.2707,-22486.312249214094,0.0,0.0,0.47222678935876755,25.077506903698843,-0.042267504227846045,0.0,0.2113375211392302,0.0,0.0,0.0,epa_hwfet,PPO_seed21
390,24.516,-21729.972554083626,0.0,0.0,0.47208974791182756,25.077995938048574,-0.04084581307158577,0.0,0.2042290653579288,0.0,0.0,0.0,epa_hwfet,PPO_seed21
391,24.7142,-20236.22389253321,0.0,0.0,0.4719621222228013,25.078428056618822,-0.038038014835588746,0.0,0.1901900741779437,0.0,0.0,0.0,epa_hwfet,PPO_seed21
392,24.854,-18193.764745922046,0.0,0.0,0.471847374419029,25.078787752424656,-0.0341988059133873,0.0,0.17099402956693652,0.0,0.0,0.0,epa_hwfet,PPO_seed21
393,24.9302,-15838.533799791969,0.0,0.0,0.4717474787792644,25.07907278117156,-0.029771680074796938,0.0,0.14885840037398468,0.0,0.0,0.0,epa_hwfet,PPO_seed21
394,24.945,-13476.201180349764,0.0,0.0,0.4716624815071443,25.079292744683027,-0.02533120522622136,0.0,0.1266560261311068,0.0,0.0,0.0,epa_hwfet,PPO_seed21
395,24.907,-11382.329854716068,0.0,0.0,0.4715906903565672,25.079463242216818,-0.021395356869767047,0.0,0.10697678434883523,0.0,0.0,0.0,epa_hwfet,PPO_seed21
396,24.8303,-9796.990161385731,0.0,0.0,0.4715288984663208,25.07960119109786,-0.018415395040198745,0.0,0.09207697520099371,0.0,0.0,0.0,epa_hwfet,PPO_seed21
397,24.7323,-8868.469880531504,0.0,0.0,0.4714729633879796,25.07972157476857,-0.0166700561664126,0.0,0.083350280832063,0.0,0.0,0.0,epa_hwfet,PPO_seed21
398,24.6316,-8657.162211231886,0.0,0.0,0.4714183616324274,25.079837112783984,-0.016272861299308057,0.0,0.08136430649654028,0.0,0.0,0.0,epa_hwfet,PPO_seed21
399,24.5457,-9131.310353896582,0.0,0.0,0.4713607699819093,25.079959336333165,-0.017164117206572526,0.0,0.08582058603286262,0.0,0.0,0.0,epa_hwfet,PPO_seed21
400,24.4884,-10159.13950126116,0.0,0.0,0.4712966963072061,25.080099270833443,-0.01909612688206985,0.0,0.09548063441034924,0.0,0.0,0.0,epa_hwfet,PPO_seed21
401,24.4684,-11556.51501389812,0.0,0.0,0.47122380972081984,25.08026725947015,-0.021722772582515266,0.0,0.10861386291257633,0.0,0.0,0.0,epa_hwfet,PPO_seed21
402,24.4527,-11701.65625554404,0.0,0.0,0.47115000769046694,25.08043810499305,-0.021995594465308348,0.0,0.10997797232654173,0.0,0.0,0.0,epa_hwfet,PPO_seed21
403,24.4734,-13111.823902044458,0.0,0.0,0.47106731167171706,25.08064191035899,-0.024646285530158758,0.0,0.12323142765079378,0.0,0.0,0.0,epa_hwfet,PPO_seed21
404,24.5217,-14224.502330012043,0.0,0.0,0.4709775974539697,25.08087474610691,-0.026737786334609104,0.0,0.13368893167304552,0.0,0.0,0.0,epa_hwfet,PPO_seed21
405,24.5848,-14871.73968454276,0.0,0.0,0.4708838001550808,25.081125920932067,-0.027954397903275863,0.0,0.1397719895163793,0.0,0.0,0.0,epa_hwfet,PPO_seed21
406,24.648,-14958.743162491308,0.0,0.0,0.47078945297298513,25.08138017754885,-0.028117938275359602,0.0,0.140589691376798,0.0,0.0,0.0,epa_hwfet,PPO_seed21
407,24.6971,-14481.914094727292,0.0,0.0,0.4706981121128618,25.08162171251694,-0.02722164303520168,0.0,0.13610821517600838,0.0,0.0,0.0,epa_hwfet,PPO_seed21
408,24.7207,-13532.058550723183,0.0,0.0,0.4706127613365302,25.081838416021174,-0.025436200283314253,0.0,0.12718100141657127,0.0,0.0,0.0,epa_hwfet,PPO_seed21
409,24.7117,-12267.532163261241,0.0,0.0,0.470535385782167,25.08202427290125,-0.023059270983573764,0.0,0.11529635491786881,0.0,0.0,0.0,epa_hwfet,PPO_seed21
410,24.6688,-10914.745855755937,0.0,0.0,0.4704665425568946,25.08218010233923,-0.0205164395784886,0.0,0.10258219789244301,0.0,0.0,0.0,epa_hwfet,PPO_seed21
411,24.5967,-9714.41401897418,0.0,0.0,0.4704052703986177,25.082311783959828,-0.018260176727395074,0.0,0.09130088363697537,0.0,0.0,0.0,epa_hwfet,PPO_seed21
412,24.5057,-8893.844173871665,0.0,0.0,0.47034917421155137,25.08242801173844,-0.016717752206525684,0.0,0.08358876103262843,0.0,0.0,0.0,epa_hwfet,PPO_seed21
413,24.4105,-8633.202317478896,0.0,0.0,0.47029472245451914,25.08253875741188,-0.016227823905035518,0.0,0.08113911952517759,0.0,0.0,0.0,epa_hwfet,PPO_seed21
414,24.3278,-9019.53723234561,0.0,0.0,0.47023783452006085,25.082654819107837,-0.016954017354033103,0.0,0.08477008677016551,0.0,0.0,0.0,epa_hwfet,PPO_seed21
415,24.2748,-10084.743036356214,0.0,0.0,0.4701742286143235,25.082789216749003,-0.018956283902925215,0.0,0.09478141951462607,0.0,0.0,0.0,epa_hwfet,PPO_seed21
416,24.2661,-11747.32788018153,0.0,0.0,0.47010013681176765,25.082957450415655,-0.022081443383799873,0.0,0.11040721691899935,0.0,0.0,0.0,epa_hwfet,PPO_seed21
417,24.3119,-13862.303720359538,0.0,0.0,0.47001270538440815,25.083176994739812,-0.026056961880375075,0.0,0.13028480940187537,0.0,0.0,0.0,epa_hwfet,PPO_seed21
418,24.4165,-16228.163945387732,0.0,0.0,0.4699103511384101,25.08346463633363,-0.030504067566518297,0.0,0.15252033783259147,0.0,0.0,0.0,epa_hwfet,PPO_seed21
419,24.5774,-18601.065883828003,0.0,0.0,0.4697930284139314,25.083831929050078,-0.03496440955606768,0.0,0.17482204778033839,0.0,0.0,0.0,epa_hwfet,PPO_seed21
420,24.7855,-20727.559109356498,0.0,0.0,0.4696622898463921,25.08428047649548,-0.0389615772732265,0.0,0.1948078863661325,0.0,0.0,0.0,epa_hwfet,PPO_seed21
421,25.0258,-22357.555075569224,0.0,0.0,0.46952126550999235,25.08479814131585,-0.04202547946535569,0.0,0.21012739732677843,0.0,0.0,0.0,epa_hwfet,PPO_seed21
422,25.2793,-23291.990822439227,0.0,0.0,0.4693743415362146,25.085359179750746,-0.04378193763616396,0.0,0.2189096881808198,0.0,0.0,0.0,epa_hwfet,PPO_seed21
423,25.5252,-23403.646535382002,0.0,0.0,0.4692267073704851,25.08592825616304,-0.043991816795830835,0.0,0.21995908397915415,0.0,0.0,0.0,epa_hwfet,PPO_seed21
424,25.7436,-22671.54471850499,0.0,0.0,0.46908368582858895,25.086468342830482,-0.042615685561099605,0.0,0.21307842780549802,0.0,0.0,0.0,epa_hwfet,PPO_seed21
425,25.9174,-21162.86796343967,0.0,0.0,0.46895017690053914,25.086948350770438,-0.03977982699894675,0.0,0.19889913499473372,0.0,0.0,0.0,epa_hwfet,PPO_seed21
426,26.0348,-19067.65621055296,0.0,0.0,0.46882988237767226,25.087350462259376,-0.03584145904239278,0.0,0.1792072952119639,0.0,0.0,0.0,epa_hwfet,PPO_seed21
427,26.0905,-16648.728888845697,0.0,0.0,0.46872484620707117,25.087671923559096,-0.031294603174521984,0.0,0.15647301587260992,0.0,0.0,0.0,epa_hwfet,PPO_seed21
428,26.0859,-14195.26750672005,0.0,0.0,0.46863528771857355,25.087922072770642,-0.026682833659248218,0.0,0.1334141682962411,0.0,0.0,0.0,epa_hwfet,PPO_seed21
429,26.0292,-12009.82217715339,0.0,0.0,0.4685595170169454,25.08811756383878,-0.022574853716453742,0.0,0.1128742685822687,0.0,0.0,0.0,epa_hwfet,PPO_seed21
430,25.934,-10337.56439265261,0.0,0.0,0.4684942969529745,25.08827659401373,-0.019431512016264307,0.0,0.09715756008132152,0.0,0.0,0.0,epa_hwfet,PPO_seed21
431,25.817,-9323.847681501355,0.0,0.0,0.4684354730272511,25.088415228605562,-0.017526029476506305,0.0,0.08763014738253153,0.0,0.0,0.0,epa_hwfet,PPO_seed21
432,25.6965,-9046.960804017257,0.0,0.0,0.4683783966976276,25.088547312979326,-0.01700556542108507,0.0,0.08502782710542535,0.0,0.0,0.0,epa_hwfet,PPO_seed21
433,25.5892,-9452.102846769432,0.0,0.0,0.46831876515129,25.088684797943905,-0.017767110614228258,0.0,0.08883555307114128,0.0,0.0,0.0,epa_hwfet,PPO_seed21
434,25.5085,-10416.144159925841,0.0,0.0,0.46825305238211856,25.08883897757129,-0.019579218345725267,0.0,0.09789609172862633,0.0,0.0,0.0,epa_hwfet,PPO_seed21
435,25.4629,-11753.119234900763,0.0,0.0,0.4681789055237189,25.08902019514476,-0.02209232938891121,0.0,0.11046164694455604,0.0,0.0,0.0,epa_hwfet,PPO_seed21
436,25.4547,-13224.00463419661,0.0,0.0,0.4680954794860213,25.089235669663044,-0.024857151568038742,0.0,0.1242857578401937,0.0,0.0,0.0,epa_hwfet,PPO_seed21
437,25.48,-14584.179176192945,0.0,0.0,0.46800347225700517,25.089486921875668,-0.02741387063194163,0.0,0.13706935315970814,0.0,0.0,0.0,epa_hwfet,PPO_seed21
438,25.5298,-15623.653803581561,0.0,0.0,0.4679049065167434,25.08976827845553,-0.029367770307484137,0.0,0.14683885153742068,0.0,0.0,0.0,epa_hwfet,PPO_seed21
439,25.5914,-16178.317758800686,0.0,0.0,0.4678028403746945,25.09006697439572,-0.03041037172706896,0.0,0.1520518586353448,0.0,0.0,0.0,epa_hwfet,PPO_seed21
440,25.65,-16140.79415057806,0.0,0.0,0.4677010096230433,25.090365240496205,-0.03033983862890613,0.0,0.15169919314453065,0.0,0.0,0.0,epa_hwfet,PPO_seed21
441,25.6916,-15519.724658469659,0.0,0.0,0.46760309588986854,25.090645495202306,-0.029172414771559508,0.0,0.14586207385779754,0.0,0.0,0.0,epa_hwfet,PPO_seed21
442,25.7051,-14414.732158612893,0.0,0.0,0.46751215259695383,25.090894758668913,-0.027095361200400177,0.0,0.13547680600200088,0.0,0.0,0.0,epa_hwfet,PPO_seed21
443,25.6836,-12987.71863300022,0.0,0.0,0.46743021188709116,25.09110692593102,-0.024413004949248536,0.0,0.12206502474624267,0.0,0.0,0.0,epa_hwfet,PPO_seed21
444,25.6263,-11487.495180397553,0.0,0.0,0.4673577361300271,25.091283800450608,-0.02159303605337886,0.0,0.10796518026689429,0.0,0.0,0.0,epa_hwfet,PPO_seed21
445,25.5384,-10165.163706503812,0.0,0.0,0.4672936033400595,25.091432603743186,-0.019107450576134985,0.0,0.09553725288067492,0.0,0.0,0.0,epa_hwfet,PPO_seed21
446,25.4306,-9253.162822606499,0.0,0.0,0.4672352249108865,25.091563335379327,-0.017393163200388157,0.0,0.08696581600194078,0.0,0.0,0.0,epa_hwfet,PPO_seed21
447,25.3181,-8942.42678171635,0.0,0.0,0.46717880754258484,25.09168722481388,-0.016809072897963066,0.0,0.08404536448981532,0.0,0.0,0.0,epa_hwfet,PPO_seed21
448,25.2184,-9334.885407073822,0.0,0.0,0.4671199148533809,25.091816437917572,-0.01754677708096583,0.0,0.08773388540482915,0.0,0.0,0.0,epa_hwfet,PPO_seed21
449,25.149,-10443.0418039339,0.0,0.0,0.4670540315777688,25.091965182416416,-0.01962977782694342,0.0,0.0981488891347171,0.0,0.0,0.0,epa_hwfet,PPO_seed21
450,25.125,-12189.695757080046,0.0,0.0,0.46697712939369435,25.092150602950696,-0.022912961949398583,0.0,0.11456480974699292,0.0,0.0,0.0,epa_hwfet,PPO_seed21
451,25.1574,-14436.573169711362,0.0,0.0,0.4668860520519501,25.092392565864223,-0.027136415732540154,0.0,0.13568207866270077,0.0,0.0,0.0,epa_hwfet,PPO_seed21
452,25.1791,-14046.049301899393,0.0,0.0,0.4667974376528758,25.092624293115332,-0.026402348311840962,0.0,0.1320117415592048,0.0,0.0,0.0,epa_hwfet,PPO_seed21
453,25.2597,-16465.53353779198,0.0,0.0,0.46669355832160414,25.092926439617912,-0.03095025101088718,0.0,0.1547512550544359,0.0,0.0,0.0,epa_hwfet,PPO_seed21
454,25.3902,-18619.781833080626,0.0,0.0,0.4665760862064675,25.093301417581646,-0.03499958991180569,0.0,0.17499794955902845,0.0,0.0,0.0,epa_hwfet,PPO_seed21
455,25.5558,-20262.906341229187,0.0,0.0,0.4664482446870643,25.09373875476605,-0.03808816981434058,0.0,0.1904408490717029,0.0,0.0,0.0,epa_hwfet,PPO_seed21
456,25.7378,-21204.602266613972,0.0,0.0,0.4663144581051139,25.094215315378378,-0.03985827493724431,0.0,0.19929137468622155,0.0,0.0,0.0,epa_hwfet,PPO_seed21
457,25.9153,-21308.657257929408,0.0,0.0,0.4661800108697585,25.09469843113804,-0.040053867026183104,0.0,0.2002693351309155,0.0,0.0,0.0,epa_hwfet,PPO_seed21
458,26.0682,-20558.243965669346,0.0,0.0,0.4660502944382154,25.09515400132892,-0.03864331572494238,0.0,0.1932165786247119,0.0,0.0,0.0,epa_hwfet,PPO_seed21
459,26.1793,-19032.668768732474,0.0,0.0,0.4659302006949301,25.095554160049215,-0.03577569317430916,0.0,0.1788784658715458,0.0,0.0,0.0,epa_hwfet,PPO_seed21
460,26.2366,-16924.7880727746,0.0,0.0,0.4658234051723744,25.095883699815612,-0.03181351141498986,0.0,0.15906755707494927,0.0,0.0,0.0,epa_hwfet,PPO_seed21
461,26.2342,-14485.021353212382,0.0,0.0,0.4657320033926206,25.096141066728478,-0.027227483746639816,0.0,0.13613741873319907,0.0,0.0,0.0,epa_hwfet,PPO_seed21
462,26.1733,-12020.677451349799,0.0,0.0,0.4656561515115833,25.096336171698873,-0.022595258367198872,0.0,0.11297629183599435,0.0,0.0,0.0,epa_hwfet,PPO_seed21
463,26.0615,-9816.659042783853,0.0,0.0,0.4655942075058778,25.09648453896485,-0.01845236662177416,0.0,0.0922618331088708,0.0,0.0,0.0,epa_hwfet,PPO_seed21
464,25.9118,-8114.494866809767,0.0,0.0,0.4655430049060522,25.096602220878513,-0.015252809900018358,0.0,0.07626404950009179,0.0,0.0,0.0,epa_hwfet,PPO_seed21
465,25.7405,-7062.516314872893,0.0,0.0,0.4654984410702508,25.0967025767203,-0.013275406606903937,0.0,0.06637703303451968,0.0,0.0,0.0,epa_hwfet,PPO_seed21
466,25.5652,-6720.616511746038,0.0,0.0,0.4654560354435816,25.096796072374993,-0.012632737804033907,0.0,0.06316368902016953,0.0,0.0,0.0,epa_hwfet,PPO_seed21
467,25.4023,-7044.193560332908,0.0,0.0,0.46541158902938234,25.096891435952756,-0.013240965338971634,0.0,0.06620482669485817,0.0,0.0,0.0,epa_hwfet,PPO_seed21
468,25.2645,-7889.059813157127,0.0,0.0,0.4653618127310885,25.096996650779957,-0.014829059799167533,0.0,0.07414529899583766,0.0,0.0,0.0,epa_hwfet,PPO_seed21
469,25.1598,-9073.984064212425,0.0,0.0,0.4653045609704859,25.097119199367064,-0.01705636102295569,0.0,0.08528180511477844,0.0,0.0,0.0,epa_hwfet,PPO_seed21
470,25.0902,-10367.389345008874,0.0,0.0,0.4652391492180159,25.097264323757756,-0.0194875739567836,0.0,0.097437869783918,0.0,0.0,0.0,epa_hwfet,PPO_seed21
471,25.0515,-11527.05579803167,0.0,0.0,0.46516642107987005,25.097432704438518,-0.021667398116600886,0.0,0.10833699058300442,0.0,0.0,0.0,epa_hwfet,PPO_seed21
472,25.0344,-12347.779699660312,0.0,0.0,0.4650885147880099,25.097619212264295,-0.0232101122174066,0.0,0.116050561087033,0.0,0.0,0.0,epa_hwfet,PPO_seed21
473,25.0259,-12672.13837896831,0.0,0.0,0.46500856184184713,25.097813192792582,-0.02381980898302314,0.0,0.11909904491511569,0.0,0.0,0.0,epa_hwfet,PPO_seed21
474,25.0115,-12424.736797761287,0.0,0.0,0.46493016958091005,25.098001125778698,-0.023354768416844526,0.0,0.11677384208422262,0.0,0.0,0.0,epa_hwfet,PPO_seed21
475,24.977,-11601.41061264247,0.0,0.0,0.4648569718093598,25.09817003091641,-0.02180716280571893,0.0,0.10903581402859465,0.0,0.0,0.0,epa_hwfet,PPO_seed21
476,24.9114,-10318.010870548078,0.0,0.0,0.46479187152457846,25.098311725958755,-0.019394757275466315,0.0,0.09697378637733156,0.0,0.0,0.0,epa_hwfet,PPO_seed21
477,24.8083,-8753.640986389433,0.0,0.0,0.4647366417081081,25.098424224859777,-0.016454212380431266,0.0,0.08227106190215633,0.0,0.0,0.0,epa_hwfet,PPO_seed21
478,24.6671,-7140.907756557785,0.0,0.0,0.4646915876411748,25.09851109585624,-0.013422758940898095,0.0,0.06711379470449047,0.0,0.0,0.0,epa_hwfet,PPO_seed21
479,24.4932,-5721.982941014699,0.0,0.0,0.4646554865288778,25.098578946716437,-0.010755607031982516,0.0,0.05377803515991258,0.0,0.0,0.0,epa_hwfet,PPO_seed21
480,24.298,-4735.707875407023,0.0,0.0,0.46462560860078167,25.098635000809992,-0.008901706532719968,0.0,0.04450853266359984,0.0,0.0,0.0,epa_hwfet,PPO_seed21
481,24.0972,-4349.4440588916705,0.0,0.0,0.464598168248351,25.098685555274756,-0.008175646727239983,0.0,0.04087823363619991,0.0,0.0,0.0,epa_hwfet,PPO_seed21
482,23.9087,-4646.100167238213,0.0,0.0,0.46456885697903977,25.098736494303186,-0.008733270991049272,0.0,0.04366635495524636,0.0,0.0,0.0,epa_hwfet,PPO_seed21
483,23.7507,-5637.4383166488315,0.0,0.0,0.4645332923090728,25.09879516973138,-0.010596688565129382,0.0,0.05298344282564691,0.0,0.0,0.0,epa_hwfet,PPO_seed21
484,23.6388,-7232.5903504791995,0.0,0.0,0.4644876651319794,25.098871772648284,-0.013595094643757894,0.0,0.06797547321878947,0.0,0.0,0.0,epa_hwfet,PPO_seed21
485,23.5844,-9289.938104124762,0.0,0.0,0.46442905968325343,25.098979596462016,-0.01746228966940745,0.0,0.08731144834703723,0.0,0.0,0.0,epa_hwfet,PPO_seed21
486,23.5927,-11599.695358092851,0.0,0.0,0.46435588337250006,25.099132775711187,-0.02180393864303168,0.0,0.10901969321515838,0.0,0.0,0.0,epa_hwfet,PPO_seed21
487,23.662,-13924.43284564428,0.0,0.0,0.4642680410548563,25.099342466336726,-0.02617374595045917,0.0,0.13086872975229585,0.0,0.0,0.0,epa_hwfet,PPO_seed21
488,23.7836,-16011.322369727675,0.0,0.0,0.46416703222890504,25.09961224970073,-0.030096470619788863,0.0,0.1504823530989443,0.0,0.0,0.0,epa_hwfet,PPO_seed21
489,23.9432,-17640.942732995616,0.0,0.0,0.46405574052186055,25.09993539980032,-0.033159666791345146,0.0,0.16579833395672572,0.0,0.0,0.0,epa_hwfet,PPO_seed21
490,24.1221,-18618.493549805946,0.0,0.0,0.46393827870837506,25.100293885140097,-0.0349971683267029,0.0,0.17498584163351452,0.0,0.0,0.0,epa_hwfet,PPO_seed21
491,24.2996,-18824.954950221716,0.0,0.0,0.46381951097757884,25.100661588458458,-0.03538525366583029,0.0,0.17692626832915145,0.0,0.0,0.0,epa_hwfet,PPO_seed21
492,24.4555,-18232.94668735796,0.0,0.0,0.46370447499089557,25.101010319919226,-0.034272456179244286,0.0,0.1713622808962214,0.0,0.0,0.0,epa_hwfet,PPO_seed21
493,24.5727,-16923.78506335817,0.0,0.0,0.46359769607848844,25.10131696869064,-0.03181162605894393,0.0,0.15905813029471963,0.0,0.0,0.0,epa_hwfet,PPO_seed21
494,24.6388,-15057.761661586657,0.0,0.0,0.4635026887124942,25.101568138031794,-0.02830406327365913,0.0,0.14152031636829565,0.0,0.0,0.0,epa_hwfet,PPO_seed21
495,24.6478,-12880.395987341288,0.0,0.0,0.4634214184056839,25.101762158719463,-0.02421127065289716,0.0,0.12105635326448579,0.0,0.0,0.0,epa_hwfet,PPO_seed21
496,24.6003,-10659.76029624914,0.0,0.0,0.463354159077349,25.10190651774558,-0.020037143414002145,0.0,0.10018571707001071,0.0,0.0,0.0,epa_hwfet,PPO_seed21
497,24.5037,-8678.256492955701,0.0,0.0,0.4632994024631266,25.102013846064388,-0.01631251220480395,0.0,0.08156256102401975,0.0,0.0,0.0,epa_hwfet,PPO_seed21
498,24.3704,-7146.734488995988,0.0,0.0,0.46325430959609576,25.102096994198586,-0.01343371144548118,0.0,0.0671685572274059,0.0,0.0,0.0,epa_hwfet,PPO_seed21
499,24.2163,-6211.7705080241885,0.0,0.0,0.4632151165020523,25.10216675212813,-0.011676260353428926,0.0,0.05838130176714463,0.0,0.0,0.0,epa_hwfet,PPO_seed21
500,24.0582,-5913.928614982607,0.0,0.0,0.46317780325961266,25.10223137578754,-0.011116407171019938,0.0,0.05558203585509969,0.0,0.0,0.0,epa_hwfet,PPO_seed21
501,23.9121,-6226.174857157023,0.0,0.0,0.4631385206066371,25.102297907634377,-0.011703336197663578,0.0,0.05851668098831789,0.0,0.0,0.0,epa_hwfet,PPO_seed21
502,23.7902,-7008.943457730014,0.0,0.0,0.46309429992941437,25.10237276326096,-0.013174705747612809,0.0,0.06587352873806404,0.0,0.0,0.0,epa_hwfet,PPO_seed21
503,23.6999,-8087.768438127439,0.0,0.0,0.4630432733662198,25.10246185982181,-0.015202572252119248,0.0,0.07601286126059624,0.0,0.0,0.0,epa_hwfet,PPO_seed21
504,23.6427,-9248.069259117001,0.0,0.0,0.46298492679945896,25.102569176811972,-0.017383588832926695,0.0,0.08691794416463347,0.0,0.0,0.0,epa_hwfet,PPO_seed21
505,23.6141,-10268.746008445936,0.0,0.0,0.4629201409464413,25.102694868585854,-0.019302154151214168,0.0,0.09651077075607083,0.0,0.0,0.0,epa_hwfet,PPO_seed21
506,23.6045,-10955.9458094119,0.0,0.0,0.4628510194987717,25.102834147087894,-0.020593883100398308,0.0,0.10296941550199154,0.0,0.0,0.0,epa_hwfet,PPO_seed21
507,23.6006,-11160.848379904308,0.0,0.0,0.4627806051078704,25.102977637551653,-0.02097903830809081,0.0,0.10489519154045403,0.0,0.0,0.0,epa_hwfet,PPO_seed21
508,23.5877,-10816.106608099253,0.0,0.0,0.4627123654610864,25.10311387954654,-0.020331027458833185,0.0,0.10165513729416592,0.0,0.0,0.0,epa_hwfet,PPO_seed21
509,23.5517,-9929.888383868269,0.0,0.0,0.46264971687841616,25.10323250400352,-0.018665203729075694,0.0,0.09332601864537847,0.0,0.0,0.0,epa_hwfet,PPO_seed21
510,23.4816,-8609.399649801195,0.0,0.0,0.46259539941283423,25.10332748887334,-0.016183082048498488,0.0,0.08091541024249244,0.0,0.0,0.0,epa_hwfet,PPO_seed21
511,23.371,-7025.512622508168,0.0,0.0,0.46255107505535453,25.10339823952962,-0.013205850794188284,0.0,0.06602925397094142,0.0,0.0,0.0,epa_hwfet,PPO_seed21
512,23.2195,-5406.659288113199,0.0,0.0,0.4625169644876828,25.10344879358717,-0.010162893398709022,0.0,0.0508144669935451,0.0,0.0,0.0,epa_hwfet,PPO_seed21
513,23.0332,-4000.1177949626917,0.0,0.0,0.4624917281710477,25.103485352443887,-0.007519018411584007,0.0,0.03759509205792003,0.0,0.0,0.0,epa_hwfet,PPO_seed21
514,22.8237,-3011.5707163873435,0.0,0.0,0.46247272887046204,25.103513633543272,-0.0056608472112544056,0.0,0.028304236056272025,0.0,0.0,0.0,epa_hwfet,PPO_seed21
515,22.607,-2599.366771739001,0.0,0.0,0.4624563304400796,25.103537883267386,-0.004886027766426694,0.0,0.024430138832133467,0.0,0.0,0.0,epa_hwfet,PPO_seed21
516,22.4017,-2851.7257928905374,0.0,0.0,0.46243834039017734,25.103561616233396,-0.005360386828741612,0.0,0.02680193414370806,0.0,0.0,0.0,epa_hwfet,PPO_seed21
517,22.2264,-3764.753449959517,0.0,0.0,0.462414591038186,25.10358943049189,-0.0070766042292472135,0.0,0.035383021146236066,0.0,0.0,0.0,epa_hwfet,PPO_seed21
518,22.0975,-5263.890857489289,0.0,0.0,0.46238138520113886,25.103628747723572,-0.009894531687009944,0.0,0.049472658435049714,0.0,0.0,0.0,epa_hwfet,PPO_seed21
519,22.0267,-7197.429107976476,0.0,0.0,0.4623359826942557,25.103690006584138,-0.01352900208266255,0.0,0.06764501041331275,0.0,0.0,0.0,epa_hwfet,PPO_seed21
520,22.0198,-9380.02119370931,0.0,0.0,0.46227681232667495,25.103785162347844,-0.017631618785167877,0.0,0.08815809392583938,0.0,0.0,0.0,epa_hwfet,PPO_seed21
521,22.0756,-11588.725607461094,0.0,0.0,0.46220370893088547,25.103924338547667,-0.021783318811017097,0.0,0.10891659405508547,0.0,0.0,0.0,epa_hwfet,PPO_seed21
522,22.1859,-13590.966217161345,0.0,0.0,0.46211797416270006,25.104111914856887,-0.025546928979626588,0.0,0.12773464489813294,0.0,0.0,0.0,epa_hwfet,PPO_seed21
523,22.3366,-15174.83206180828,0.0,0.0,0.4620222463251051,25.104343704428732,-0.02852412041693286,0.0,0.1426206020846643,0.0,0.0,0.0,epa_hwfet,PPO_seed21
524,22.5094,-16168.26158359918,0.0,0.0,0.4619202492761069,25.1046063306605,-0.030391469142103722,0.0,0.1519573457105186,0.0,0.0,0.0,epa_hwfet,PPO_seed21
525,22.6838,-16454.75029754998,0.0,0.0,0.4618164422489132,25.10487928167152,-0.030929981762311994,0.0,0.15464990881155996,0.0,0.0,0.0,epa_hwfet,PPO_seed21
526,22.8398,-16009.229348737297,0.0,0.0,0.46171544321814634,25.105139962900903,-0.030092536369806952,0.0,0.15046268184903475,0.0,0.0,0.0,epa_hwfet,PPO_seed21
527,22.9601,-14892.627034455381,0.0,0.0,0.46162148636879013,25.10536918572453,-0.027993659839201848,0.0,0.13996829919600923,0.0,0.0,0.0,epa_hwfet,PPO_seed21
528,23.0322,-13257.24317967889,0.0,0.0,0.4615378454589116,25.105555688118177,-0.024919630036990395,0.0,0.12459815018495198,0.0,0.0,0.0,epa_hwfet,PPO_seed21
529,23.05,-11331.610875362889,0.0,0.0,0.46146635256340923,25.10569779609806,-0.021300020442411444,0.0,0.10650010221205722,0.0,0.0,0.0,epa_hwfet,PPO_seed21
530,23.0139,-9361.85148560045,0.0,0.0,0.46140728682411186,25.105801283813022,-0.017597465198497086,0.0,0.08798732599248543,0.0,0.0,0.0,epa_hwfet,PPO_seed21
531,22.9308,-7600.250279047863,0.0,0.0,0.4613593354084725,25.1058760115298,-0.014286184735052374,0.0,0.07143092367526187,0.0,0.0,0.0,epa_hwfet,PPO_seed21
532,22.8127,-6246.867879684377,0.0,0.0,0.4613199230079132,25.105932158794996,-0.011742232856549581,0.0,0.058711164282747905,0.0,0.0,0.0,epa_hwfet,PPO_seed21
533,22.6749,-5430.991376618933,0.0,0.0,0.4612856584768799,25.105978195077753,-0.010208630407178447,0.0,0.05104315203589223,0.0,0.0,0.0,epa_hwfet,PPO_seed21
534,22.534,-5204.471164977242,0.0,0.0,0.4612528235273047,25.106020746438585,-0.009782840535671508,0.0,0.048914202678357534,0.0,0.0,0.0,epa_hwfet,PPO_seed21
535,22.405,-5513.311629283325,0.0,0.0,0.46121804059134913,25.106065257298805,-0.010363367724216775,0.0,0.051816838621083876,0.0,0.0,0.0,epa_hwfet,PPO_seed21
536,22.2999,-6255.1156464011265,0.0,0.0,0.4611785781739897,25.106117010449736,-0.011757736177445728,0.0,0.058788680887228634,0.0,0.0,0.0,epa_hwfet,PPO_seed21
537,22.2255,-7252.495690040928,0.0,0.0,0.4611328238862994,25.106180733197128,-0.013632510695565654,0.0,0.06816255347782826,0.0,0.0,0.0,epa_hwfet,PPO_seed21
538,22.1827,-8304.227202305348,0.0,0.0,0.46108043475490557,25.106259433197774,-0.015609449628393514,0.0,0.07804724814196756,0.0,0.0,0.0,epa_hwfet,PPO_seed21
539,22.1666,-9209.578614237866,0.0,0.0,0.46102233409026766,25.10635288688537,-0.01731123799668772,0.0,0.08655618998343859,0.0,0.0,0.0,epa_hwfet,PPO_seed21
540,22.1671,-9782.478057088461,0.0,0.0,0.4609606190487016,25.10645657482751,-0.018388116648662522,0.0,0.09194058324331261,0.0,0.0,0.0,epa_hwfet,PPO_seed21
541,22.1707,-9893.052391013416,0.0,0.0,0.46089820618017063,25.10656234905173,-0.01859596314100266,0.0,0.0929798157050133,0.0,0.0,0.0,epa_hwfet,PPO_seed21
542,22.1624,-9474.319620775754,0.0,0.0,0.46083843474031233,25.10666045152363,-0.017808871467623597,0.0,0.08904435733811798,0.0,0.0,0.0,epa_hwfet,PPO_seed21
543,22.1279,-8537.923889695327,0.0,0.0,0.4607845706698698,25.1067424594762,-0.01604872911596866,0.0,0.0802436455798433,0.0,0.0,0.0,epa_hwfet,PPO_seed21
544,22.0562,-7192.996804116542,0.0,0.0,0.46073919149980697,25.10680408667843,-0.01352067068442959,0.0,0.06760335342214795,0.0,0.0,0.0,epa_hwfet,PPO_seed21
545,21.9411,-5609.085381876249,0.0,0.0,0.4607038050875495,25.10684588321415,-0.010543393574955356,0.0,0.052716967874776775,0.0,0.0,0.0,epa_hwfet,PPO_seed21
546,21.7822,-3995.6940003234313,0.0,0.0,0.46067859744625783,25.106872074385155,-0.0075107030081267515,0.0,0.037553515040633756,0.0,0.0,0.0,epa_hwfet,PPO_seed21
547,21.5857,-2589.3383636376075,0.0,0.0,0.4606622623374601,25.10688828595922,-0.004867177375258661,0.0,0.024335886876293303,0.0,0.0,0.0,epa_hwfet,PPO_seed21
548,21.3637,-1595.9228419361375,0.0,0.0,0.46065219449375117,25.106899138112677,-0.0029998549660453715,0.0,0.014999274830226856,0.0,0.0,0.0,epa_hwfet,PPO_seed21
549,21.1326,-1157.9049852171604,0.0,0.0,0.46064489004172043,25.10690731498066,-0.0021765131301074445,0.0,0.010882565650537222,0.0,0.0,0.0,epa_hwfet,PPO_seed21
550,20.9115,-1357.1746248489135,0.0,0.0,0.4606363287309057,25.106914445085597,-0.002551080121896454,0.0,0.01275540060948227,0.0,0.0,0.0,epa_hwfet,PPO_seed21
551,20.7194,-2182.2895115943325,0.0,0.0,0.4606225627436906,25.10692296024761,-0.004102047954124686,0.0,0.020510239770623426,0.0,0.0,0.0,epa_hwfet,PPO_seed21
552,20.6716,-6793.375234057541,0.0,0.0,0.46057971059138464,25.106969670824444,-0.012769502319657034,0.0,0.06384751159828517,0.0,0.0,0.0,epa_hwfet,PPO_seed21
553,20.6821,-8677.724724159021,0.0,0.0,0.4605249721766911,25.107043855145726,-0.016311512639396657,0.0,0.08155756319698328,0.0,0.0,0.0,epa_hwfet,PPO_seed21
554,20.7571,-10829.62324010374,0.0,0.0,0.46045665940300357,25.107158062667697,-0.020356434661849138,0.0,0.10178217330924567,0.0,0.0,0.0,epa_hwfet,PPO_seed21
555,20.896,-13049.994230239217,0.0,0.0,0.4603743395948444,25.107323190813545,-0.02453006434255492,0.0,0.1226503217127746,0.0,0.0,0.0,epa_hwfet,PPO_seed21
556,21.0912,-15120.310763762305,0.0,0.0,0.4602789582489182,25.107544690055708,-0.028421636773989296,0.0,0.14210818386994647,0.0,0.0,0.0,epa_hwfet,PPO_seed21
557,21.329,-16830.264563600816,0.0,0.0,0.46017278740044776,25.107819447441102,-0.031635835645866195,0.0,0.15817917822933097,0.0,0.0,0.0,epa_hwfet,PPO_seed21
558,21.5913,-18002.540071045674,0.0,0.0,0.4600592178175219,25.1081346780397,-0.033839361035800146,0.0,0.1691968051790007,0.0,0.0,0.0,epa_hwfet,PPO_seed21
559,21.858,-18522.933629978877,0.0,0.0,0.45994236119884563,25.108469868450946,-0.03481754441725353,0.0,0.17408772208626763,0.0,0.0,0.0,epa_hwfet,PPO_seed21
560,22.1092,-18345.8115256239,0.0,0.0,0.45982661782324785,25.108800842822717,-0.034484608130871994,0.0,0.17242304065435995,0.0,0.0,0.0,epa_hwfet,PPO_seed21
561,22.3278,-17522.023159478853,0.0,0.0,0.45971606790090536,25.109105665591198,-0.032936133758418897,0.0,0.16468066879209448,0.0,0.0,0.0,epa_hwfet,PPO_seed21
562,22.5014,-16185.769314277384,0.0,0.0,0.45961394553736423,25.10936939844411,-0.030424378410295834,0.0,0.15212189205147916,0.0,0.0,0.0,epa_hwfet,PPO_seed21
563,22.6236,-14537.887964340922,0.0,0.0,0.45952221799329007,25.109586394950366,-0.027326857075828805,0.0,0.13663428537914402,0.0,0.0,0.0,epa_hwfet,PPO_seed21
564,22.6947,-12822.448598684794,0.0,0.0,0.4594413125822662,25.109759753324525,-0.024102346990009012,0.0,0.12051173495004505,0.0,0.0,0.0,epa_hwfet,PPO_seed21
565,22.7213,-11280.742519570682,0.0,0.0,0.45937013394968923,25.109898337849458,-0.02120440323227572,0.0,0.10602201616137859,0.0,0.0,0.0,epa_hwfet,PPO_seed21
566,22.715,-10111.301470997105,0.0,0.0,0.4593063337685919,25.11001331282936,-0.019006205772550952,0.0,0.09503102886275475,0.0,0.0,0.0,epa_hwfet,PPO_seed21
567,22.6908,-9454.10665477933,0.0,0.0,0.45924668019939485,25.11011595663668,-0.017770877170637838,0.0,0.0888543858531892,0.0,0.0,0.0,epa_hwfet,PPO_seed21
568,22.6646,-9356.896969432308,0.0,0.0,0.4591876399906097,25.11021660707701,-0.01758815219818103,0.0,0.08794076099090514,0.0,0.0,0.0,epa_hwfet,PPO_seed21
569,22.6511,-9790.688995813494,0.0,0.0,0.45912586263843247,25.110324890768368,-0.018403550744010327,0.0,0.09201775372005164,0.0,0.0,0.0,epa_hwfet,PPO_seed21
570,22.6615,-10643.946091329226,0.0,0.0,0.459058701290436,25.110449605644522,-0.02000741746490456,0.0,0.1000370873245228,0.0,0.0,0.0,epa_hwfet,PPO_seed21
571,22.7023,-11761.297132746522,0.0,0.0,0.4589844893164351,25.110598188527195,-0.022107701377343088,0.0,0.11053850688671543,0.0,0.0,0.0,epa_hwfet,PPO_seed21
572,22.7737,-12925.644401269197,0.0,0.0,0.4589029297945274,25.110774433697628,-0.024296324062536085,0.0,0.12148162031268042,0.0,0.0,0.0,epa_hwfet,PPO_seed21
573,22.8703,-13936.075336910757,0.0,0.0,0.45881499345946253,25.110977088140707,-0.026195630332539018,0.0,0.13097815166269508,0.0,0.0,0.0,epa_hwfet,PPO_seed21
574,22.9816,-14598.131447611451,0.0,0.0,0.4587228781165595,25.11119853342355,-0.02744009670603656,0.0,0.1372004835301828,0.0,0.0,0.0,epa_hwfet,PPO_seed21
575,23.0937,-14767.97032060731,0.0,0.0,0.4586296894303615,25.111425685658514,-0.02775934270790848,0.0,0.1387967135395424,0.0,0.0,0.0,epa_hwfet,PPO_seed21
576,23.1912,-14364.946231114314,0.0,0.0,0.45853904228467746,25.11164264915424,-0.027001778629914125,0.0,0.13500889314957062,0.0,0.0,0.0,epa_hwfet,PPO_seed21
577,23.2597,-13401.471773588113,0.0,0.0,0.45845447359921243,25.111835016498915,-0.025190736416519012,0.0,0.12595368208259505,0.0,0.0,0.0,epa_hwfet,PPO_seed21
578,23.2879,-11975.739082271617,0.0,0.0,0.45837890093328115,25.111993548362644,-0.02251078774863086,0.0,0.1125539387431543,0.0,0.0,0.0,epa_hwfet,PPO_seed21
579,23.2695,-10267.816262157625,0.0,0.0,0.45831410562432084,25.112116140917383,-0.019300406507815088,0.0,0.09650203253907542,0.0,0.0,0.0,epa_hwfet,PPO_seed21
580,23.2044,-8512.283236952282,0.0,0.0,0.4582603885974927,25.112207127856944,-0.016000532400286243,0.0,0.08000266200143122,0.0,0.0,0.0,epa_hwfet,PPO_seed21
581,23.0988,-6952.139961233478,0.0,0.0,0.45821651712562067,25.112274485128978,-0.013067932257957666,0.0,0.06533966128978833,0.0,0.0,0.0,epa_hwfet,PPO_seed21
582,22.965,-5821.5344890467995,0.0,0.0,0.45817978071523097,25.11232706355253,-0.01094273400196767,0.0,0.054713670009838344,0.0,0.0,0.0,epa_hwfet,PPO_seed21
583,22.8198,-5291.162973387254,0.0,0.0,0.45814639163975573,25.112372763741757,-0.009945795062757997,0.0,0.04972897531378998,0.0,0.0,0.0,epa_hwfet,PPO_seed21
584,22.6826,-5458.648011827933,0.0,0.0,0.45811194619616646,25.11241883860246,-0.010260616563586341,0.0,0.0513030828179317,0.0,0.0,0.0,epa_hwfet,PPO_seed21
585,22.573,-6335.8012212597905,0.0,0.0,0.458071966253227,25.11247352404312,-0.01190940079184171,0.0,0.059547003959208554,0.0,0.0,0.0,epa_hwfet,PPO_seed21
586,22.5084,-7854.847528545532,0.0,0.0,0.45802240139340106,25.112547751869773,-0.01476475099350664,0.0,0.0738237549675332,0.0,0.0,0.0,epa_hwfet,PPO_seed21
587,22.5017,-9875.186328327723,0.0,0.0,0.45796008828648765,25.112655490642418,-0.018562380316405495,0.0,0.09281190158202747,0.0,0.0,0.0,epa_hwfet,PPO_seed21
588,22.5596,-12202.074677146686,0.0,0.0,0.45788309214847966,25.112812027378425,-0.02293623059614039,0.0,0.11468115298070193,0.0,0.0,0.0,epa_hwfet,PPO_seed21
589,22.6822,-14624.943669513885,0.0,0.0,0.45779080650060083,25.11303087380198,-0.027490495619387004,0.0,0.137452478096935,0.0,0.0,0.0,epa_hwfet,PPO_seed21
590,22.8622,-16892.16656100031,0.0,0.0,0.4576842122941669,25.113318737822116,-0.03175219278383517,0.0,0.15876096391917585,0.0,0.0,0.0,epa_hwfet,PPO_seed21
591,23.0864,-18784.496865702353,0.0,0.0,0.45756567381948876,25.11367239871281,-0.03530920463477886,0.0,0.17654602317389428,0.0,0.0,0.0,epa_hwfet,PPO_seed21
592,23.3374,-20120.979210994188,0.0,0.0,0.4574386974294743,25.114077546598022,-0.03782138949434998,0.0,0.1891069474717499,0.0,0.0,0.0,epa_hwfet,PPO_seed21
593,23.5953,-20763.93844454637,0.0,0.0,0.45730765879855306,25.114510044092384,-0.03902995948223002,0.0,0.1951497974111501,0.0,0.0,0.0,epa_hwfet,PPO_seed21
594,23.8404,-20667.35439722848,0.0,0.0,0.4571772248007479,25.114941221040464,-0.038848410521106165,0.0,0.19424205260553082,0.0,0.0,0.0,epa_hwfet,PPO_seed21
595,24.056,-19895.915845829957,0.0,0.0,0.45705165489308835,25.11534505941104,-0.037398338056071345,0.0,0.18699169028035673,0.0,0.0,0.0,epa_hwfet,PPO_seed21
596,24.2296,-18575.50323100843,0.0,0.0,0.4569344147449878,25.115702753970876,-0.034916359456782765,0.0,0.17458179728391382,0.0,0.0,0.0,epa_hwfet,PPO_seed21
597,24.3548,-16924.647907653336,0.0,0.0,0.45682759115507043,25.116006468053193,-0.0318132479467168,0.0,0.159066239733584,0.0,0.0,0.0,epa_hwfet,PPO_seed21
598,24.432,-15207.95920614886,0.0,0.0,0.4567316008401414,25.11625897251216,-0.02858638948524222,0.0,0.1429319474262111,0.0,0.0,0.0,epa_hwfet,PPO_seed21
599,24.4674,-13663.887283690681,0.0,0.0,0.4566453552536052,25.116469813246393,-0.025683998653553915,0.0,0.12841999326776957,0.0,0.0,0.0,epa_hwfet,PPO_seed21
600,24.4725,-12516.844029842629,0.0,0.0,0.45656634906539856,25.11665237123205,-0.023527902311734267,0.0,0.11763951155867132,0.0,0.0,0.0,epa_hwfet,PPO_seed21
601,24.4617,-11898.725698645148,0.0,0.0,0.4564912441112742,25.116820524813317,-0.022366025749332986,0.0,0.11183012874666493,0.0,0.0,0.0,epa_hwfet,PPO_seed21
602,24.4328,-11176.518934811244,0.0,0.0,0.4564206975878092,25.116972597633808,-0.021008494238367,0.0,0.10504247119183499,0.0,0.0,0.0,epa_hwfet,PPO_seed21
603,24.4178,-11687.140266508113,0.0,0.0,0.45634692803124755,25.11713536717013,-0.021968308771631792,0.0,0.10984154385815896,0.0,0.0,0.0,epa_hwfet,PPO_seed21
604,24.4275,-12637.123556691156,0.0,0.0,0.4562671620260007,25.11731987840403,-0.02375399164791571,0.0,0.11876995823957853,0.0,0.0,0.0,epa_hwfet,PPO_seed21
605,24.4676,-13843.02463262814,0.0,0.0,0.45617978389004843,25.117534813369808,-0.026020722993661916,0.0,0.13010361496830958,0.0,0.0,0.0,epa_hwfet,PPO_seed21
606,24.5379,-15085.068349939585,0.0,0.0,0.45608456501158984,25.11778432365528,-0.028355391635224787,0.0,0.14177695817612393,0.0,0.0,0.0,epa_hwfet,PPO_seed21
607,24.6325,-16141.471983659098,0.0,0.0,0.4559826766133673,25.118065957151387,-0.030341112751238908,0.0,0.15170556375619454,0.0,0.0,0.0,epa_hwfet,PPO_seed21
608,24.7403,-16797.270763971293,0.0,0.0,0.4558766468904702,25.118369162988568,-0.03157381722550995,0.0,0.15786908612754974,0.0,0.0,0.0,epa_hwfet,PPO_seed21
609,24.847,-16904.230859644766,0.0,0.0,0.45576994000148585,25.11867697583263,-0.03177487003692625,0.0,0.15887435018463125,0.0,0.0,0.0,epa_hwfet,PPO_seed21
610,24.9368,-16375.087846726834,0.0,0.0,0.4556665713626658,25.118969200302747,-0.03078024031339631,0.0,0.15390120156698153,0.0,0.0,0.0,epa_hwfet,PPO_seed21
611,24.9948,-15219.179932824436,0.0,0.0,0.4555704978792381,25.119227640673788,-0.028607481076737662,0.0,0.1430374053836883,0.0,0.0,0.0,epa_hwfet,PPO_seed21
612,25.0098,-13566.427643917586,0.0,0.0,0.4554848566277129,25.119441391136345,-0.02550080384195035,0.0,0.12750401920975174,0.0,0.0,0.0,epa_hwfet,PPO_seed21
613,24.975,-11587.364619099726,0.0,0.0,0.45541170823561755,25.11960782880715,-0.021780760562217533,0.0,0.10890380281108765,0.0,0.0,0.0,epa_hwfet,PPO_seed21
614,24.8905,-9562.392908270613,0.0,0.0,0.4553513430863194,25.119732969751276,-0.017974422759907165,0.0,0.08987211379953583,0.0,0.0,0.0,epa_hwfet,PPO_seed21
615,24.7624,-7741.448960799325,0.0,0.0,0.4553024735150368,25.119827000499715,-0.014551595790976174,0.0,0.07275797895488087,0.0,0.0,0.0,epa_hwfet,PPO_seed21
616,24.6033,-6392.055403540775,0.0,0.0,0.45526212284224965,25.119901269330658,-0.012015141735978901,0.0,0.0600757086798945,0.0,0.0,0.0,epa_hwfet,PPO_seed21
617,24.4301,-5689.652157564605,0.0,0.0,0.4552262068283239,25.119965534860793,-0.010694834882640235,0.0,0.053474174413201174,0.0,0.0,0.0,epa_hwfet,PPO_seed21
618,24.2625,-5745.950551198152,0.0,0.0,0.45518993614889314,25.120028383136766,-0.010800658930823596,0.0,0.054003294654117975,0.0,0.0,0.0,epa_hwfet,PPO_seed21
619,24.1207,-6583.445171139113,0.0,0.0,0.45514837966233873,25.120099150795113,-0.012374896938231416,0.0,0.061874484691157076,0.0,0.0,0.0,epa_hwfet,PPO_seed21
620,24.0223,-8111.678132799244,0.0,0.0,0.45509717733798877,25.120189715210703,-0.015247515287216623,0.0,0.07623757643608312,0.0,0.0,0.0,epa_hwfet,PPO_seed21
621,23.9809,-10196.079329286094,0.0,0.0,0.4550328185117719,25.120315518574717,-0.019165562649034015,0.0,0.09582781324517006,0.0,0.0,0.0,epa_hwfet,PPO_seed21
622,24.0037,-12618.330807463763,0.0,0.0,0.45495317028674626,25.12049345420861,-0.023718666931322865,0.0,0.11859333465661431,0.0,0.0,0.0,epa_hwfet,PPO_seed21
623,24.0913,-15152.258183834858,0.0,0.0,0.45485752697780524,25.120738579903072,-0.028481688315479054,0.0,0.14240844157739527,0.0,0.0,0.0,epa_hwfet,PPO_seed21
624,24.237,-17534.38414624931,0.0,0.0,0.4547468455897841,25.12105872135332,-0.03295936869595736,0.0,0.16479684347978676,0.0,0.0,0.0,epa_hwfet,PPO_seed21
625,24.4282,-19534.87034348823,0.0,0.0,0.45462353370712566,25.12145099425816,-0.036719681096782385,0.0,0.18359840548391193,0.0,0.0,0.0,epa_hwfet,PPO_seed21
626,24.6478,-20955.015267341267,0.0,0.0,0.4544912533142683,25.121900085844644,-0.0393891264423708,0.0,0.19694563221185402,0.0,0.0,0.0,epa_hwfet,PPO_seed21
627,24.8765,-21666.689144530726,0.0,0.0,0.4543544757183038,25.12238051423886,-0.04072685929423069,0.0,0.20363429647115344,0.0,0.0,0.0,epa_hwfet,PPO_seed21
628,25.0949,-21615.31497273439,0.0,0.0,0.45421801753281704,25.12286146230646,-0.04063029130213232,0.0,0.20315145651066158,0.0,0.0,0.0,epa_hwfet,PPO_seed21
629,25.2865,-20869.210233072805,0.0,0.0,0.4540862649432054,25.123314813477098,-0.03922783878397144,0.0,0.19613919391985718,0.0,0.0,0.0,epa_hwfet,PPO_seed21
630,25.4391,-19567.23241859306,0.0,0.0,0.45396272820098493,25.123720345847865,-0.03678051206502455,0.0,0.18390256032512273,0.0,0.0,0.0,epa_hwfet,PPO_seed21
631,25.5465,-17935.60855007499,0.0,0.0,0.4538494896959372,25.124069468744324,-0.033713549906156,0.0,0.16856774953078,0.0,0.0,0.0,epa_hwfet,PPO_seed21
632,25.6089,-16234.694954867018,0.0,0.0,0.453746988092908,25.124364542678506,-0.030516343900125975,0.0,0.15258171950062988,0.0,0.0,0.0,epa_hwfet,PPO_seed21
633,25.6325,-14720.755465143817,0.0,0.0,0.4536540438788043,25.12461570687208,-0.02767059297959364,0.0,0.1383529648979682,0.0,0.0,0.0,epa_hwfet,PPO_seed21
634,25.6285,-13615.06213658508,0.0,0.0,0.4535680801559172,25.124837246806432,-0.025592222061250156,0.0,0.12796111030625076,0.0,0.0,0.0,epa_hwfet,PPO_seed21
635,25.6112,-13062.701301020428,0.0,0.0,0.4534856036614522,25.12504460507671,-0.024553949813948175,0.0,0.12276974906974086,0.0,0.0,0.0,epa_hwfet,PPO_seed21
636,25.5958,-13118.669218197274,0.0,0.0,0.4534027736418046,25.125253040077464,-0.02465915266578435,0.0,0.12329576332892175,0.0,0.0,0.0,epa_hwfet,PPO_seed21
637,25.596,-13740.054881481414,0.0,0.0,0.453316020070916,25.125477081723904,-0.02582717082985228,0.0,0.1291358541492614,0.0,0.0,0.0,epa_hwfet,PPO_seed21
638,25.622,-14802.300969022568,0.0,0.0,0.45322255915934445,25.125729920901342,-0.027823874001922124,0.0,0.1391193700096106,0.0,0.0,0.0,epa_hwfet,PPO_seed21
639,25.6792,-16125.79781041279,0.0,0.0,0.45312074093878835,25.126022011176783,-0.03031165001957292,0.0,0.15155825009786458,0.0,0.0,0.0,epa_hwfet,PPO_seed21
640,25.7668,-17467.334348729437,0.0,0.0,0.45301045087064357,25.126357708125195,-0.03283333524197263,0.0,0.16416667620986314,0.0,0.0,0.0,epa_hwfet,PPO_seed21
641,25.8782,-18588.160690959492,0.0,0.0,0.45289308181593996,25.126732995055015,-0.03494015167473589,0.0,0.17470075837367943,0.0,0.0,0.0,epa_hwfet,PPO_seed21
642,26.0019,-19272.294966314814,0.0,0.0,0.45277139050097764,25.127134389470523,-0.036226118357734614,0.0,0.18113059178867305,0.0,0.0,0.0,epa_hwfet,PPO_seed21
643,26.1229,-19348.804884721794,0.0,0.0,0.45264921332237074,25.127540223818304,-0.03636993399383796,0.0,0.1818496699691898,0.0,0.0,0.0,epa_hwfet,PPO_seed21
644,26.2251,-18739.77620999105,0.0,0.0,0.45253087918989515,25.127925569716837,-0.03522514325186288,0.0,0.1761257162593144,0.0,0.0,0.0,epa_hwfet,PPO_seed21
645,26.2934,-17457.307524211716,0.0,0.0,0.45242064116403063,25.128268052200355,-0.032814487827465634,0.0,0.16407243913732816,0.0,0.0,0.0,epa_hwfet,PPO_seed21
646,26.3157,-15607.169277968438,0.0,0.0,0.45232208479371916,25.12855313858612,-0.02933678435708353,0.0,0.14668392178541764,0.0,0.0,0.0,epa_hwfet,PPO_seed21
647,26.2856,-13422.362879892371,0.0,0.0,0.4522373243945109,25.128778021870474,-0.025230005413331525,0.0,0.12615002706665762,0.0,0.0,0.0,epa_hwfet,PPO_seed21
648,26.2026,-11156.908872543454,0.0,0.0,0.45216687001355926,25.12894932035686,-0.020971633219066643,0.0,0.10485816609533322,0.0,0.0,0.0,epa_hwfet,PPO_seed21
649,26.073,-9108.218070727175,0.0,0.0,0.4521093532741867,25.129079780834783,-0.017120710659261608,0.0,0.08560355329630803,0.0,0.0,0.0,epa_hwfet,PPO_seed21
650,25.9093,-7547.4981532326065,0.0,0.0,0.4520616928805599,25.129183557916846,-0.014187026603820688,0.0,0.07093513301910344,0.0,0.0,0.0,epa_hwfet,PPO_seed21
651,25.7286,-6673.808246988772,0.0,0.0,0.45201955041056674,25.129273152130324,-0.012544752343963858,0.0,0.06272376171981929,0.0,0.0,0.0,epa_hwfet,PPO_seed21
652,25.3989,-450.51220199395993,0.0,0.0,0.45201670566479285,25.129317991091163,-0.0008468274473570676,0.0,0.004234137236785338,0.0,0.0,0.0,epa_hwfet,PPO_seed21
653,25.0926,-1131.0565531284628,0.0,0.0,0.45200956394591973,25.129359493329016,-0.002126046152497111,0.0,0.010630230762485553,0.0,0.0,0.0,epa_hwfet,PPO_seed21
654,24.8279,-2533.5279606079457,0.0,0.0,0.4519935673596498,25.129402018962008,-0.004762270602646515,0.0,0.02381135301323257,0.0,0.0,0.0,epa_hwfet,PPO_seed21
655,24.6186,-4484.4550501807025,0.0,0.0,0.45196525362453216,25.12945437340144,-0.008429426786053953,0.0,0.04214713393026976,0.0,0.0,0.0,epa_hwfet,PPO_seed21
656,24.4726,-6764.8166922012215,0.0,0.0,0.45192254330216014,25.129528703471564,-0.012715820850002297,0.0,0.06357910425001148,0.0,0.0,0.0,epa_hwfet,PPO_seed21
657,24.391,-9128.71016569692,0.0,0.0,0.45186490921680444,25.129637140711626,-0.01715922963476865,0.0,0.08579614817384323,0.0,0.0,0.0,epa_hwfet,PPO_seed21
658,24.3676,-11309.74144976302,0.0,0.0,0.4517935056860617,25.12978710237486,-0.021258912499554552,0.0,0.10629456249777275,0.0,0.0,0.0,epa_hwfet,PPO_seed21
659,24.3904,-13089.068263206133,0.0,0.0,0.45171086836575836,25.129978129879223,-0.02460351177294386,0.0,0.1230175588647193,0.0,0.0,0.0,epa_hwfet,PPO_seed21
660,24.4429,-14283.223620339375,0.0,0.0,0.4516206911222824,25.130200516729193,-0.026848164699886046,0.0,0.13424082349943023,0.0,0.0,0.0,epa_hwfet,PPO_seed21
661,24.506,-14768.524676620877,0.0,0.0,0.45152744885335117,25.1304368893506,-0.02776038473049037,0.0,0.13880192365245184,0.0,0.0,0.0,epa_hwfet,PPO_seed21
662,24.5611,-14534.990990254926,0.0,0.0,0.45143567982580124,25.130667422838997,-0.027321411635817534,0.0,0.13660705817908766,0.0,0.0,0.0,epa_hwfet,PPO_seed21
663,24.5919,-13645.4594925992,0.0,0.0,0.45134952597343647,25.130874672127533,-0.025649359948494738,0.0,0.1282467997424737,0.0,0.0,0.0,epa_hwfet,PPO_seed21
664,24.5865,-12254.144145654776,0.0,0.0,0.45127215585790287,25.13104791633048,-0.02303410553694507,0.0,0.11517052768472534,0.0,0.0,0.0,epa_hwfet,PPO_seed21
665,24.5388,-10582.023666601353,0.0,0.0,0.4512053429239579,25.131184695073735,-0.019891021929701793,0.0,0.09945510964850895,0.0,0.0,0.0,epa_hwfet,PPO_seed21
666,24.4492,-8886.957961359965,0.0,0.0,0.4511492324465908,25.13128946826463,-0.01670480819804505,0.0,0.08352404099022524,0.0,0.0,0.0,epa_hwfet,PPO_seed21
667,24.3238,-7399.639709452322,0.0,0.0,0.45110251297254705,25.131370136156065,-0.013909097198218652,0.0,0.06954548599109325,0.0,0.0,0.0,epa_hwfet,PPO_seed21
668,24.1739,-6329.767796109992,0.0,0.0,0.45106254891440994,25.13143540635556,-0.011898059767124046,0.0,0.05949029883562022,0.0,0.0,0.0,epa_hwfet,PPO_seed21
669,24.0134,-5782.962865933423,0.0,0.0,0.4510260377875327,25.13149272978216,-0.010870230951002676,0.0,0.05435115475501338,0.0,0.0,0.0,epa_hwfet,PPO_seed21
670,23.8574,-5808.00007713129,0.0,0.0,0.45098936922288224,25.13154862195539,-0.010917293378066335,0.0,0.05458646689033167,0.0,0.0,0.0,epa_hwfet,PPO_seed21
671,23.7191,-6335.948178570415,0.0,0.0,0.45094936814492415,25.131609004018504,-0.011909677027387999,0.0,0.05954838513693999,0.0,0.0,0.0,epa_hwfet,PPO_seed21
672,23.6083,-7243.720363037654,0.0,0.0,0.4509036366278848,25.131679728094188,-0.013616015719995593,0.0,0.06808007859997796,0.0,0.0,0.0,epa_hwfet,PPO_seed21
673,23.5299,-8354.618181229516,0.0,0.0,0.45085089227018327,25.131765858018188,-0.015704169513589317,0.0,0.07852084756794658,0.0,0.0,0.0,epa_hwfet,PPO_seed21
674,23.4825,-9439.504390071494,0.0,0.0,0.45079129917556215,25.131869609583898,-0.017743429304645664,0.0,0.08871714652322832,0.0,0.0,0.0,epa_hwfet,PPO_seed21
675,23.4592,-10294.562892757855,0.0,0.0,0.4507263080916401,25.131988975631966,-0.01935068212924409,0.0,0.09675341064622044,0.0,0.0,0.0,epa_hwfet,PPO_seed21
676,23.4477,-10712.500504068976,0.0,0.0,0.45065867842864543,25.132116482275528,-0.020136279142986796,0.0,0.10068139571493398,0.0,0.0,0.0,epa_hwfet,PPO_seed21
677,23.4326,-10564.659501726408,0.0,0.0,0.45059198192909905,25.132240886217883,-0.019858382522042122,0.0,0.0992919126102106,0.0,0.0,0.0,epa_hwfet,PPO_seed21
678,23.3972,-9787.139984448551,0.0,0.0,0.4505301939065528,25.132350078855264,-0.018396879670016075,0.0,0.09198439835008038,0.0,0.0,0.0,epa_hwfet,PPO_seed21
679,23.3259,-8409.159983620024,0.0,0.0,0.45047710535082747,25.132435057990957,-0.015806691698533878,0.0,0.07903345849266939,0.0,0.0,0.0,epa_hwfet,PPO_seed21
680,23.2064,-6550.50196413114,0.0,0.0,0.45043575105422534,25.13249288789734,-0.012312973616787858,0.0,0.06156486808393929,0.0,0.0,0.0,epa_hwfet,PPO_seed21
681,23.0318,-4418.183070905497,0.0,0.0,0.45040785872267747,25.13252733875487,-0.008304855396438904,0.0,0.04152427698219452,0.0,0.0,0.0,epa_hwfet,PPO_seed21
682,22.8014,-2253.735721793545,0.0,0.0,0.45039363097636903,25.132546461014893,-0.00423634534171719,0.0,0.02118172670858595,0.0,0.0,0.0,epa_hwfet,PPO_seed21
683,22.5213,-317.3747099120897,0.0,0.0,0.4503916274528058,25.13255883090011,-0.0005965690035941536,0.0,0.002982845017970768,0.0,0.0,0.0,epa_hwfet,PPO_seed21
684,22.204,832.7565344758004,0.0,0.0,0.45039688431552977,25.13256942262566,0.045069034098923384,0.0,0.007826659158607146,0.033310261379032015,0.0,0.0,epa_hwfet,PPO_seed21
685,21.8668,1444.572580674612,0.0,0.0,0.45040600301935846,25.132578892409754,0.07818070252402899,0.0,0.013576809968746354,0.05778290322698448,0.0,0.0,epa_hwfet,PPO_seed21
686,21.5296,1555.2121051839472,0.0,0.0,0.4504158197774447,25.13258626542232,0.08416854686551918,0.0,0.014616655123909278,0.06220848420735789,0.0,0.0,epa_hwfet,PPO_seed21
687,21.2132,1159.2072250990323,0.0,0.0,0.45042313663487404,25.132590349964897,0.06273664365611152,0.0,0.010894804747171355,0.04636828900396129,0.0,0.0,epa_hwfet,PPO_seed21
688,20.936,0.0,0.0,328.0843348052245,0.45042313663487404,25.13259113041523,0.0,0.0,0.0,0.0,0.0,0.0,epa_hwfet,PPO_seed21
689,20.7123,-1159.846936803731,0.0,0.0,0.4504158161693426,25.13259153038896,-0.0021801634150446073,0.0,0.010900817075223036,0.0,0.0,0.0,epa_hwfet,PPO_seed21
690,20.5505,-3049.1767746580304,0.0,0.0,0.4503965714698192,25.132598162944568,-0.0057315352907105835,0.0,0.028657676453552917,0.0,0.0,0.0,epa_hwfet,PPO_seed21
691,20.452,-5000.001706219212,0.0,0.0,0.45036501471130597,25.13261882800388,-0.009398499447780474,0.0,0.046992497238902364,0.0,0.0,0.0,epa_hwfet,PPO_seed21
692,20.4114,-6808.620115415491,0.0,0.0,0.4503220434375547,25.132659303410463,-0.012798158111683253,0.0,0.06399079055841626,0.0,0.0,0.0,epa_hwfet,PPO_seed21
693,20.4172,-8287.056000423894,0.0,0.0,0.45026974133330633,25.13272084670524,-0.01557717293312762,0.0,0.0778858646656381,0.0,0.0,0.0,epa_hwfet,PPO_seed21
694,20.4532,-9280.14731670501,0.0,0.0,0.4502111712542236,25.13279908922786,-0.017443885933656034,0.0,0.08721942966828017,0.0,0.0,0.0,epa_hwfet,PPO_seed21
695,20.5012,-9708.230221381042,0.0,0.0,0.4501498989039123,25.132885337248975,-0.018248553047708723,0.0,0.09124276523854362,0.0,0.0,0.0,epa_hwfet,PPO_seed21
696,20.5428,-9543.967408982551,0.0,0.0,0.4500896627086617,25.132968913545366,-0.01793978836274916,0.0,0.08969894181374578,0.0,0.0,0.0,epa_hwfet,PPO_seed21
697,20.5623,-8855.798312163271,0.0,0.0,0.4500337693668914,25.133040737098675,-0.01664623742887833,0.0,0.08323118714439165,0.0,0.0,0.0,epa_hwfet,PPO_seed21
698,20.548,-7762.1931892681205,0.0,0.0,0.4499847780111159,25.133095427747783,-0.014590588701631805,0.0,0.07295294350815902,0.0,0.0,0.0,epa_hwfet,PPO_seed21
699,20.4942,-6456.09885952438,0.0,0.0,0.44994403002684524,25.1331324023907,-0.012135524172038309,0.0,0.06067762086019154,0.0,0.0,0.0,epa_hwfet,PPO_seed21
700,20.4015,-5147.059384578418,0.0,0.0,0.44991154418630425,25.133154643055107,-0.009674923655222592,0.0,0.04837461827611295,0.0,0.0,0.0,epa_hwfet,PPO_seed21
701,20.2762,-4026.662532396379,0.0,0.0,0.4498861299412561,25.133166598999015,-0.00756891453457966,0.0,0.0378445726728983,0.0,0.0,0.0,epa_hwfet,PPO_seed21
702,19.9774,1126.9086141977643,0.0,0.0,0.44989324234089556,25.13316365284896,0.06098863312026697,0.0,0.010591246374039139,0.04507634456791057,0.0,0.0,epa_hwfet,PPO_seed21
703,19.671,1377.8828643173158,0.0,0.0,0.4499019385018756,25.133159767182036,0.07457143501771459,0.0,0.012950026920275524,0.055115314572692635,0.0,0.0,epa_hwfet,PPO_seed21
704,19.3718,1296.1818462056556,0.0,0.0,0.4499101187983647,25.13315420277997,0.07014975134577675,0.0,0.01218216020869977,0.051847273848226225,0.0,0.0,epa_hwfet,PPO_seed21
705,19.0928,932.0021224953509,0.0,0.0,0.4499160005729016,25.133146514131127,0.05044023517083861,0.0,0.008759418444505177,0.037280084899814034,0.0,0.0,epa_hwfet,PPO_seed21
706,18.8435,0.0,0.0,368.2087132599741,0.4499160005729016,25.13313679962278,0.0,0.0,0.0,0.0,0.0,0.0,epa_hwfet,PPO_seed21
707,18.6283,-394.54613151567963,0.0,0.0,0.4499135107433309,25.133126255491288,-0.0007416280667587963,0.0,0.0037081403337939816,0.0,0.0,0.0,epa_hwfet,PPO_seed21
708,18.4454,-1244.1629309545538,0.0,0.0,0.4499056594527869,25.133116179008887,-0.002338652125854424,0.0,0.011693260629272121,0.0,0.0,0.0,epa_hwfet,PPO_seed21
709,18.2871,-1870.9638979912506,0.0,0.0,0.44989385291071304,25.133107275451298,-0.003516849432314381,0.0,0.017584247161571906,0.0,0.0,0.0,epa_hwfet,PPO_seed21
710,18.1408,-2137.9739019825583,0.0,0.0,0.44988036159190264,25.13309883059461,-0.00401874793605744,0.0,0.0200937396802872,0.0,0.0,0.0,epa_hwfet,PPO_seed21
711,17.9906,-1953.9198290561737,0.0,0.0,0.4498680318486997,25.133089175806358,-0.0036727816335642366,0.0,0.018363908167821182,0.0,0.0,0.0,epa_hwfet,PPO_seed21
712,17.819,-1277.947652623888,0.0,0.0,0.44985996775565995,25.13307695193009,-0.002402157241774226,0.0,0.012010786208871128,0.0,0.0,0.0,epa_hwfet,PPO_seed21
713,17.6101,-164.81781196408133,0.0,0.0,0.44985892773748637,25.133062651063593,-0.0003098079172257168,0.0,0.001549039586128584,0.0,0.0,0.0,epa_hwfet,PPO_seed21
714,17.3511,922.9659707575197,0.0,0.0,0.4498647516561119,25.133048481282138,0.04995119592114757,0.0,0.008674492206367667,0.03691863883030079,0.0,0.0,epa_hwfet,PPO_seed21
715,17.0346,2081.372150165089,0.0,0.0,0.44987788486229424,25.133036882626154,0.11264448674352112,0.0,0.019561768328619257,0.08325488600660355,0.0,0.0,epa_hwfet,PPO_seed21
716,16.6597,3214.0273929217055,0.0,0.0,0.4498981645160136,25.133030171745837,0.17394412912970253,0.0,0.030207024369564902,0.12856109571686822,0.0,0.0,epa_hwfet,PPO_seed21
717,16.2322,4184.119029978169,0.0,0.0,0.4499245644922637,25.133029413024477,0.22644578028408163,0.0,0.039324426973479036,0.16736476119912677,0.0,0.0,epa_hwfet,PPO_seed21
718,15.7645,4872.871977224509,0.0,0.0,0.44995530931157424,25.133033691707855,0.2637212969327971,0.0,0.04579766895887696,0.19491487908898034,0.0,0.0,epa_hwfet,PPO_seed21
719,15.2737,5214.487103695061,0.0,0.0,0.44998820851119936,25.13304037304846,0.2822096103187748,0.0,0.04900833744074305,0.20857948414780242,0.0,0.0,epa_hwfet,PPO_seed21
720,14.78,5186.461690864727,0.0,0.0,0.45002092989023146,25.133045963152767,0.2806928665477015,0.0,0.048744940703615854,0.20745846763458906,0.0,0.0,epa_hwfet,PPO_seed21
721,14.304,4819.410143724489,0.0,0.0,0.4500513346419712,25.133047338041855,0.2608279264250291,0.0,0.045295208117711365,0.19277640574897956,0.0,0.0,epa_hwfet,PPO_seed21
722,13.8647,4173.886478774041,0.0,0.0,0.4500776661854568,25.133042578752704,0.22589199153545525,0.0,0.039228256379455276,0.16695545915096166,0.0,0.0,epa_hwfet,PPO_seed21
723,13.4766,3344.5803603125505,0.0,0.0,0.45009876542394645,25.133031390675946,0.1810096949889454,0.0,0.03143402594278713,0.13378321441250202,0.0,0.0,epa_hwfet,PPO_seed21
724,13.1484,2429.5019018533676,0.0,0.0,0.4501140915869351,25.133014786322693,0.13148537360556795,0.0,0.02283366449110308,0.0971800760741347,0.0,0.0,epa_hwfet,PPO_seed21
725,12.8821,1524.8797758199396,0.0,0.0,0.4501237109102371,25.132994483257253,0.082526952077834,0.0,0.014331576840412965,0.06099519103279758,0.0,0.0,epa_hwfet,PPO_seed21
726,12.6727,0.0,0.0,721.0968357761533,0.4501237109102371,25.132971750465416,0.0,0.0,0.0,0.0,0.0,0.0,epa_hwfet,PPO_seed21
727,12.5092,0.0,0.0,90.44923531763152,0.4501237109102371,25.13294889760207,0.0,0.0,0.0,0.0,0.0,0.0,epa_hwfet,PPO_seed21
728,12.3762,-438.8914913600863,0.0,0.0,0.4501209423489362,25.13292611598352,-0.0008249840063159517,0.0,0.004124920031579759,0.0,0.0,0.0,epa_hwfet,PPO_seed21
729,12.2557,-651.6083131862786,0.0,0.0,0.4501168319753941,25.132903472201775,-0.0012248276563651855,0.0,0.006124138281825927,0.0,0.0,0.0,epa_hwfet,PPO_seed21
730,12.1302,-528.8368549090237,0.0,0.0,0.450113496064182,25.132880623255346,-0.0009940542385507964,0.0,0.004970271192753982,0.0,0.0,0.0,epa_hwfet,PPO_seed21
731,11.9841,-113.70369994517027,0.0,0.0,0.45011277882279604,25.13285745156166,-0.00021372875929543284,0.0,0.0010686437964771642,0.0,0.0,0.0,epa_hwfet,PPO_seed21
732,11.8065,0.0,0.0,356.92585111415974,0.45011277882279604,25.13283418372018,0.0,0.0,0.0,0.0,0.0,0.0,epa_hwfet,PPO_seed21
733,11.592,854.0609715841897,0.0,0.0,0.45011816616254835,25.13281152613439,0.04622203664257893,0.0,0.008026888830678475,0.03416243886336759,0.0,0.0,epa_hwfet,PPO_seed21
734,11.3412,1324.1907948831627,0.0,0.0,0.45012651896435657,25.132789728460935,0.0716656040719474,0.0,0.012445402207548521,0.05296763179532651,0.0,0.0,epa_hwfet,PPO_seed21
735,11.0608,1687.4514689319785,0.0,0.0,0.4501371630519232,25.132768847844236,0.09132538100279985,0.0,0.015859506286954685,0.06749805875727914,0.0,0.0,epa_hwfet,PPO_seed21
736,10.762,1893.2556515475635,0.0,0.0,0.4501491051748061,25.132748542584938,0.10246356526195008,0.0,0.017793756123567327,0.07573022606190254,0.0,0.0,epa_hwfet,PPO_seed21
737,10.4587,1921.0102262958376,0.0,0.0,0.4501612222253356,25.132728218316775,0.1039656511945672,0.0,0.018054607389998475,0.07684040905183351,0.0,0.0,epa_hwfet,PPO_seed21
738,10.1655,1778.0983148590205,0.0,0.0,0.45017243771132354,25.132707284000308,0.09623121556658068,0.0,0.016711450327622373,0.07112393259436083,0.0,0.0,epa_hwfet,PPO_seed21
739,9.8954,1497.4607680502636,0.0,0.0,0.45018188295649625,25.132685384787383,0.08104302713102103,0.0,0.014073879398968642,0.059898430722010544,0.0,0.0,epa_hwfet,PPO_seed21
740,9.6575,1132.1241579249536,0.0,0.0,0.45018902377284714,25.13266249943604,0.061270899915367036,0.0,0.01064026464215182,0.045284966316998146,0.0,0.0,epa_hwfet,PPO_seed21
741,9.4557,741.5415655988329,0.0,0.0,0.4501937009735764,25.13263886299203,0.04013245255022856,0.0,0.006969375616530385,0.029661662623953314,0.0,0.0,epa_hwfet,PPO_seed21
742,9.2879,0.0,0.0,387.02328862410525,0.4501937009735764,25.132614663636602,0.0,0.0,0.0,0.0,0.0,0.0,epa_hwfet,PPO_seed21
743,9.1461,0.0,0.0,124.86638344672534,0.4501937009735764,25.132590444939844,0.0,0.0,0.0,0.0,0.0,0.0,epa_hwfet,PPO_seed21
744,9.0169,0.0,0.0,4.7830197085479895,0.4501937009735764,25.132566208467047,0.0,0.0,0.0,0.0,0.0,0.0,epa_hwfet,PPO_seed21
745,8.8838,0.0,0.0,52.446744413336255,0.4501937009735764,25.13254195568084,0.0,0.0,0.0,0.0,0.0,0.0,epa_hwfet,PPO_seed21
746,8.7291,0.0,0.0,272.7422034672746,0.4501937009735764,25.1325176879479,0.0,0.0,0.0,0.0,0.0,0.0,epa_hwfet,PPO_seed21
747,8.5361,644.8766083787708,0.0,0.0,0.4501977683841879,25.13249380184537,0.03490091599331122,0.0,0.006060870379499725,0.025795064335150834,0.0,0.0,epa_hwfet,PPO_seed21
748,8.2915,1119.9784758919875,0.0,0.0,0.4502048323553233,25.13247068786249,0.060613571950906206,0.0,0.010526113495225446,0.0447991390356795,0.0,0.0,epa_hwfet,PPO_seed21
749,7.9874,1627.8642776297775,0.0,0.0,0.4502150996169117,25.132448869679767,0.08810050428856495,0.0,0.015299476293512946,0.0651145711051911,0.0,0.0,epa_hwfet,PPO_seed21
750,7.6226,2090.0444326006977,0.0,0.0,0.4502282818341771,25.132428649716267,0.11311383327714153,0.0,0.01964327474248776,0.08360177730402792,0.0,0.0,epa_hwfet,PPO_seed21
751,7.2026,2439.0987204046137,0.0,0.0,0.4502436654435725,25.132409896172117,0.13200475631182262,0.0,0.0229238601541787,0.09756394881618455,0.0,0.0,epa_hwfet,PPO_seed21
752,6.5288,4092.2573369333345,0.0,0.0,0.45026947540275347,25.132401371724953,0.22147419782891836,0.0,0.03846106519674187,0.16369029347733338,0.0,0.0,epa_hwfet,PPO_seed21
753,5.8287,3846.398865848612,0.0,0.0,0.45029373434418923,25.132390950886276,0.20816826343141584,0.0,0.03615036528053207,0.15385595463394447,0.0,0.0,epa_hwfet,PPO_seed21
754,5.1227,3431.0653023798495,0.0,0.0,0.45031537349628153,25.132377634299438,0.1856902860641365,0.0,0.03224685434567528,0.13724261209519398,0.0,0.0,epa_hwfet,PPO_seed21
755,4.4315,2907.0056950720073,0.0,0.0,0.450333707262328,25.132361152766812,0.1573280225047241,0.0,0.027321482096541422,0.11628022780288029,0.0,0.0,epa_hwfet,PPO_seed21
756,3.7739,2342.2004898824766,0.0,0.0,0.4503484787887724,25.132341855541448,0.1267605949336396,0.0,0.022013162498895456,0.09368801959529907,0.0,0.0,epa_hwfet,PPO_seed21
757,3.1649,1797.6065482801923,0.0,0.0,0.45035981564001937,25.132320423210757,0.09728700702647236,0.0,0.016894798386092032,0.07190426193120769,0.0,0.0,epa_hwfet,PPO_seed21
758,2.6135,1319.3322515400623,0.0,0.0,0.4503681361398189,25.132297583614125,0.07140265824500278,0.0,0.012399739206203594,0.052773290061602494,0.0,0.0,epa_hwfet,PPO_seed21
759,2.1221,930.7447821439504,0.0,0.0,0.45037400595025606,25.13227392234636,0.05037218753287334,0.0,0.008747601335939383,0.03722979128575801,0.0,0.0,epa_hwfet,PPO_seed21
760,1.6861,636.0788558744348,0.0,0.0,0.45037801741793393,25.132249830394358,0.03442477898183595,0.0,0.005978184735661981,0.02544315423497739,0.0,0.0,epa_hwfet,PPO_seed21
761,1.9159,-981.357561873409,0.0,0.0,0.45037182843959084,25.13222627587477,-0.0018446570711906187,0.0,0.009223285355953093,0.0,0.0,0.0,epa_hwfet,PPO_seed21
762,1.4369,611.7413968372277,0.0,0.0,0.4503756864321213,25.13220215971989,0.03310762837920575,0.0,0.005749449218394998,0.02446965587348911,0.0,0.0,epa_hwfet,PPO_seed21
763,0.9579,408.2769861016179,0.0,0.0,0.45037826125739516,25.132177852802158,0.02209607327789057,0.0,0.0038371897190001684,0.016331079444064717,0.0,0.0,epa_hwfet,PPO_seed21
764,0.479,204.24521734438827,0.0,0.0,0.45037954934214147,25.13215343259903,0.011053812589811328,0.0,0.0019195979073720702,0.00816980869377553,0.0,0.0,epa_hwfet,PPO_seed21
1,0.0,0.0,0.0,0.0,0.5,25.0,0.0,0.0,0.0,0.0,0.0,0.0,epa_us06,PPO_seed21
2,0.0,0.0,0.0,0.0,0.5,25.0,0.0,0.0,0.0,0.0,0.0,0.0,epa_us06,PPO_seed21
3,0.0,0.0,0.0,0.0,0.5,25.0,0.0,0.0,0.0,0.0,0.0,0.0,epa_us06,PPO_seed21
4,0.0,0.0,0.0,0.0,0.5,25.0,0.0,0.0,0.0,0.0,0.0,0.0,epa_us06,PPO_seed21
5,0.0,0.0,0.0,0.0,0.5,25.0,0.0,0.0,0.0,0.0,0.0,0.0,epa_us06,PPO_seed21
6,0.0,0.0,0.0,0.0,0.5,25.0,0.0,0.0,0.0,0.0,0.0,0.0,epa_us06,PPO_seed21
7,0.0,0.0,0.0,0.0,0.5,25.0,0.0,0.0,0.0,0.0,0.0,0.0,epa_us06,PPO_seed21
8,0.0,0.0,0.0,0.0,0.5,25.0,0.0,0.0,0.0,0.0,0.0,0.0,epa_us06,PPO_seed21
9,0.0,0.0,0.0,0.0,0.5,25.0,0.0,0.0,0.0,0.0,0.0,0.0,epa_us06,PPO_seed21
10,0.0,0.0,0.0,0.0,0.5,25.0,0.0,0.0,0.0,0.0,0.0,0.0,epa_us06,PPO_seed21
11,0.0,0.0,0.0,0.0,0.5,25.0,0.0,0.0,0.0,0.0,0.0,0.0,epa_us06,PPO_seed21
12,0.0,0.0,0.0,0.0,0.5,25.0,0.0,0.0,0.0,0.0,0.0,0.0,epa_us06,PPO_seed21
13,0.0,0.0,0.0,0.0,0.5,25.0,0.0,0.0,0.0,0.0,0.0,0.0,epa_us06,PPO_seed21
14,0.0,0.0,0.0,0.0,0.5,25.0,0.0,0.0,0.0,0.0,0.0,0.0,epa_us06,PPO_seed21
15,0.0,0.0,0.0,0.0,0.5,25.0,0.0,0.0,0.0,0.0,0.0,0.0,epa_us06,PPO_seed21
16,0.0,0.0,0.0,0.0,0.5,25.0,0.0,0.0,0.0,0.0,0.0,0.0,epa_us06,PPO_seed21
17,0.0,0.0,0.0,0.0,0.5,25.0,0.0,0.0,0.0,0.0,0.0,0.0,epa_us06,PPO_seed21
18,0.0,0.0,0.0,0.0,0.5,25.0,0.0,0.0,0.0,0.0,0.0,0.0,epa_us06,PPO_seed21
19,0.0,0.0,0.0,0.0,0.5,25.0,0.0,0.0,0.0,0.0,0.0,0.0,epa_us06,PPO_seed21
20,0.0,0.0,0.0,0.0,0.5,25.0,0.0,0.0,0.0,0.0,0.0,0.0,epa_us06,PPO_seed21
21,0.0,0.0,0.0,0.0,0.5,25.0,0.0,0.0,0.0,0.0,0.0,0.0,epa_us06,PPO_seed21
22,0.0,0.0,0.0,0.0,0.5,25.0,0.0,0.0,0.0,0.0,0.0,0.0,epa_us06,PPO_seed21
23,0.0,0.0,0.0,0.0,0.5,25.0,0.0,0.0,0.0,0.0,0.0,0.0,epa_us06,PPO_seed21
24,0.0,0.0,0.0,0.0,0.5,25.0,0.0,0.0,0.0,0.0,0.0,0.0,epa_us06,PPO_seed21
25,0.0,0.0,0.0,0.0,0.5,25.0,0.0,0.0,0.0,0.0,0.0,0.0,epa_us06,PPO_seed21
26,0.0,0.0,0.0,0.0,0.5,25.0,0.0,0.0,0.0,0.0,0.0,0.0,epa_us06,PPO_seed21
27,0.5748,-601.7735999734681,0.0,0.0,0.49999621511755177,25.000000342291163,-0.0011311533834087745,0.0,0.005655766917043873,0.0,0.0,0.0,epa_us06,PPO_seed21
28,1.1495,-1203.931163046236,0.0,0.0,0.4999886429218801,25.000001712411713,-0.0022630285019666087,0.0,0.011315142509833044,0.0,0.0,0.0,epa_us06,PPO_seed21
29,1.7243,-1807.8863232667547,0.0,0.0,0.49997727206798076,25.00000480274646,-0.0033982825625314943,0.0,0.01699141281265747,0.0,0.0,0.0,epa_us06,PPO_seed21
30,2.0263,-1265.9991286963254,0.0,0.0,0.49996930941090967,25.000006321659463,-0.002379697610331439,0.0,0.011898488051657195,0.0,0.0,0.0,epa_us06,PPO_seed21
31,2.8738,-4241.075306253023,0.0,0.0,0.49994263453924564,25.00002333077995,-0.007971946064385381,0.0,0.039859730321926905,0.0,0.0,0.0,epa_us06,PPO_seed21
32,3.7213,-5503.980308392646,0.0,0.0,0.499908015946506,25.000051991964487,-0.010345827647354599,0.0,0.05172913823677299,0.0,0.0,0.0,epa_us06,PPO_seed21
33,4.5217,-6374.001004946963,0.0,0.0,0.499867924422163,25.000090463521335,-0.011981204896516849,0.0,0.05990602448258424,0.0,0.0,0.0,epa_us06,PPO_seed21
34,5.2359,-6700.075556605052,0.0,0.0,0.49982578106570696,25.00013303691959,-0.012594126986099722,0.0,0.0629706349304986,0.0,0.0,0.0,epa_us06,PPO_seed21
35,5.8398,-6493.758859248986,0.0,0.0,0.49978493457193457,25.000173137595382,-0.01220631364520486,0.0,0.0610315682260243,0.0,0.0,0.0,epa_us06,PPO_seed21
36,6.3284,-5924.086641027318,0.0,0.0,0.4997476706426219,25.000206669378347,-0.011135501204938569,0.0,0.05567750602469284,0.0,0.0,0.0,epa_us06,PPO_seed21
37,6.7166,-5258.4317704474915,0.0,0.0,0.4997145932707822,25.000233286336268,-0.009884270245202054,0.0,0.04942135122601026,0.0,0.0,0.0,epa_us06,PPO_seed21
38,7.0366,-4780.601064650998,0.0,0.0,0.49968452118593565,25.000255483789477,-0.00898609222678759,0.0,0.04493046113393795,0.0,0.0,0.0,epa_us06,PPO_seed21
39,7.3325,-4725.013612825254,0.0,0.0,0.49965479840254573,25.00027728988906,-0.008881604535385817,0.0,0.04440802267692908,0.0,0.0,0.0,epa_us06,PPO_seed21
40,7.6526,-5240.8708144100265,0.0,0.0,0.4996218302200003,25.0003040680952,-0.009851260929342156,0.0,0.049256304646710776,0.0,0.0,0.0,epa_us06,PPO_seed21
41,8.0408,-6387.2214528290515,0.0,0.0,0.4995816502789491,25.000343584979856,-0.012006055362460624,0.0,0.060030276812303114,0.0,0.0,0.0,epa_us06,PPO_seed21
42,8.5294,-8147.908106187607,0.0,0.0,0.49953039356307105,25.00040748783497,-0.01531561674095415,0.0,0.07657808370477075,0.0,0.0,0.0,epa_us06,PPO_seed21
43,9.1333,-10419.9900360219,0.0,0.0,0.4994648421987876,25.000511560995683,-0.01958644743613139,0.0,0.09793223718065695,0.0,0.0,0.0,epa_us06,PPO_seed21
44,9.8475,-13002.639643907678,0.0,0.0,0.4993830411489054,25.00067325388893,-0.02444105196223248,0.0,0.12220525981116238,0.0,0.0,0.0,epa_us06,PPO_seed21
45,10.6478,-15587.788406839887,0.0,0.0,0.4992849729291442,25.000905452221364,-0.02930035414819528,0.0,0.1465017707409764,0.0,0.0,0.0,epa_us06,PPO_seed21
46,11.4953,-17798.897122222817,0.0,0.0,0.49917298873216553,25.00120832158348,-0.03345657353801281,0.0,0.16728286769006406,0.0,0.0,0.0,epa_us06,PPO_seed21
47,12.3428,-19257.248739569517,0.0,0.0,0.4990518228079401,25.001563431492432,-0.03619783597663443,0.0,0.18098917988317215,0.0,0.0,0.0,epa_us06,PPO_seed21
48,13.1432,-19700.17530991586,0.0,0.0,0.4989278631124257,25.0019362439778,-0.037030404717886954,0.0,0.18515202358943478,0.0,0.0,0.0,epa_us06,PPO_seed21
49,13.8574,-19069.139205746804,0.0,0.0,0.49880786743214595,25.002287466632087,-0.03584424662734362,0.0,0.1792212331367181,0.0,0.0,0.0,epa_us06,PPO_seed21
50,14.4613,-17563.841707331427,0.0,0.0,0.4986973383673019,25.00258811623109,-0.03301474005137486,0.0,0.16507370025687432,0.0,0.0,0.0,epa_us06,PPO_seed21
51,14.9499,-15601.80301963479,0.0,0.0,0.49859915197418786,25.00282869598513,-0.02932669740532855,0.0,0.14663348702664275,0.0,0.0,0.0,epa_us06,PPO_seed21
52,15.3381,-13717.133530319228,0.0,0.0,0.4985128231365275,25.00301828602603,-0.02578408558330682,0.0,0.1289204279165341,0.0,0.0,0.0,epa_us06,PPO_seed21
53,15.6581,-12433.169532314743,0.0,0.0,0.4984345726414474,25.00317716582655,-0.023370619421644256,0.0,0.11685309710822127,0.0,0.0,0.0,epa_us06,PPO_seed21
54,15.954,-12157.47338824786,0.0,0.0,0.4983580554564584,25.003330518021595,-0.022852393586932068,0.0,0.11426196793466033,0.0,0.0,0.0,epa_us06,PPO_seed21
55,16.2741,-13112.404434943384,0.0,0.0,0.49827552624223514,25.003507557666822,-0.024647376757412378,0.0,0.12323688378706188,0.0,0.0,0.0,epa_us06,PPO_seed21
56,16.6622,-15312.39657462804,0.0,0.0,0.498179147902778,25.003744781159767,-0.028782700328248197,0.0,0.14391350164124098,0.0,0.0,0.0,epa_us06,PPO_seed21
57,17.1509,-18611.498409664247,0.0,0.0,0.49806200080521823,25.004089292727162,-0.03498401956703806,0.0,0.1749200978351903,0.0,0.0,0.0,epa_us06,PPO_seed21
58,17.7548,-22667.790332103894,0.0,0.0,0.49791931594339883,25.004594233354908,-0.042608628443804315,0.0,0.21304314221902157,0.0,0.0,0.0,epa_us06,PPO_seed21
59,18.4689,-27025.407771446997,0.0,0.0,0.49774919213720314,25.005306884656594,-0.05079963866813345,0.0,0.25399819334066726,0.0,0.0,0.0,epa_us06,PPO_seed21
60,19.2693,-31124.476037486776,0.0,0.0,0.4975532513256642,25.00624887795371,-0.05850465420580221,0.0,0.29252327102901104,0.0,0.0,0.0,epa_us06,PPO_seed21
61,20.1168,-34360.746827393465,0.0,0.0,0.4973369193090979,25.00739625376539,-0.0645878699763035,0.0,0.3229393498815175,0.0,0.0,0.0,epa_us06,PPO_seed21
62,20.5386,-21686.924086002324,0.0,0.0,0.49720036815089125,25.00787638153782,-0.04076489489850061,0.0,0.20382447449250304,0.0,0.0,0.0,epa_us06,PPO_seed21
63,20.9131,-20733.85329204012,0.0,0.0,0.4970698122840983,25.00832092734098,-0.03897340844368444,0.0,0.1948670422184222,0.0,0.0,0.0,epa_us06,PPO_seed21
64,21.2016,-18334.52128634976,0.0,0.0,0.49695435989419273,25.00867914530226,-0.0344633858765973,0.0,0.17231692938298648,0.0,0.0,0.0,epa_us06,PPO_seed21
65,21.3797,-14911.935822907919,0.0,0.0,0.4968604567201636,25.008931404405175,-0.028029954554338196,0.0,0.14014977277169097,0.0,0.0,0.0,epa_us06,PPO_seed21
66,21.4426,-11147.136146802895,0.0,0.0,0.4967902599815674,25.009091645962496,-0.02095326343384003,0.0,0.10476631716920014,0.0,0.0,0.0,epa_us06,PPO_seed21
67,21.405,-7761.067692378116,0.0,0.0,0.4967413861236629,25.009191163324065,-0.014588473105973901,0.0,0.0729423655298695,0.0,0.0,0.0,epa_us06,PPO_seed21
68,21.2993,-5410.10188147776,0.0,0.0,0.4967073173107267,25.00926041257217,-0.01016936443886797,0.0,0.05084682219433985,0.0,0.0,0.0,epa_us06,PPO_seed21
69,21.1695,-4515.132277085079,0.0,0.0,0.4966788848106956,25.00931976261715,-0.008487090746400526,0.0,0.04243545373200262,0.0,0.0,0.0,epa_us06,PPO_seed21
70,21.0638,-5227.148833969516,0.0,0.0,0.4966459692425569,25.00938405388104,-0.009825467733025407,0.0,0.04912733866512703,0.0,0.0,0.0,epa_us06,PPO_seed21
71,21.0262,-7425.695359497722,0.0,0.0,0.4965992100605229,25.00947332743454,-0.013958073984018275,0.0,0.06979036992009137,0.0,0.0,0.0,epa_us06,PPO_seed21
72,21.0891,-10777.573895120444,0.0,0.0,0.4965313447802776,25.00961962926969,-0.02025859754721888,0.0,0.1012929877360944,0.0,0.0,0.0,epa_us06,PPO_seed21
73,21.2672,-14773.680788604584,0.0,0.0,0.4964383159806568,25.009862723679074,-0.027770076670309368,0.0,0.13885038335154684,0.0,0.0,0.0,epa_us06,PPO_seed21
74,21.5557,-18831.970552155864,0.0,0.0,0.49631973021387654,25.010236053272354,-0.035398440887511026,0.0,0.17699220443755512,0.0,0.0,0.0,epa_us06,PPO_seed21
75,21.9302,-22302.194273432717,0.0,0.0,0.49617928775417847,25.01074664279527,-0.041921417807204354,0.0,0.20960708903602177,0.0,0.0,0.0,epa_us06,PPO_seed21
76,22.352,-24620.394774476666,0.0,0.0,0.496024240260182,25.01136319274602,-0.04627893754600877,0.0,0.23139468773004385,0.0,0.0,0.0,epa_us06,PPO_seed21
77,22.7738,-25339.001192346706,0.0,0.0,0.4958646592809761,25.01201727315636,-0.04762970148937351,0.0,0.23814850744686755,0.0,0.0,0.0,epa_us06,PPO_seed21
78,23.1483,-24285.754021010263,0.0,0.0,0.4957117036030667,25.01262553478083,-0.045649913573327566,0.0,0.2282495678666378,0.0,0.0,0.0,epa_us06,PPO_seed21
79,23.4368,-21637.675856992733,0.0,0.0,0.4955754196285498,25.013121945851946,-0.04067232303946003,0.0,0.20336161519730012,0.0,0.0,0.0,epa_us06,PPO_seed21
80,23.6149,-17862.594226283545,0.0,0.0,0.4954629087984815,25.01347962103802,-0.033576304936623204,0.0,0.167881524683116,0.0,0.0,0.0,epa_us06,PPO_seed21
81,23.6778,-13708.382527947942,0.0,0.0,0.49537656214568865,25.013714414736853,-0.02576763633072922,0.0,0.12883818165364608,0.0,0.0,0.0,epa_us06,PPO_seed21
82,23.6402,-9966.217364027218,0.0,0.0,0.4953137862910611,25.013865385252533,-0.018733491285765447,0.0,0.09366745642882723,0.0,0.0,0.0,epa_us06,PPO_seed21
83,23.5345,-7359.805242854828,0.0,0.0,0.49526742816231006,25.0139725849102,-0.013834220381306068,0.0,0.06917110190653034,0.0,0.0,0.0,epa_us06,PPO_seed21
84,23.4047,-6358.240967059139,0.0,0.0,0.4952273793120658,25.01406507001985,-0.011951580765148758,0.0,0.05975790382574379,0.0,0.0,0.0,epa_us06,PPO_seed21
85,23.299,-7135.584178935307,0.0,0.0,0.4951824349897182,25.014165597650017,-0.013412752216043811,0.0,0.06706376108021905,0.0,0.0,0.0,epa_us06,PPO_seed21
86,23.2614,-9564.364374612005,0.0,0.0,0.49512219358151727,25.014302986877585,-0.01797812852370678,0.0,0.08989064261853388,0.0,0.0,0.0,epa_us06,PPO_seed21
87,23.3243,-13276.64026187009,0.0,0.0,0.4950385707616921,25.014519922229862,-0.024956090717800923,0.0,0.12478045358900461,0.0,0.0,0.0,epa_us06,PPO_seed21
88,23.5024,-17704.499721798526,0.0,0.0,0.49492705823954186,25.014867141935127,-0.03327913481541076,0.0,0.1663956740770538,0.0,0.0,0.0,epa_us06,PPO_seed21
89,23.7909,-22197.72456027574,0.0,0.0,0.4947872417327789,25.015385825408778,-0.04172504616593184,0.0,0.2086252308296592,0.0,0.0,0.0,epa_us06,PPO_seed21
90,24.1654,-26034.246339233294,0.0,0.0,0.4946232539250177,25.016082729442687,-0.048936553269235517,0.0,0.24468276634617758,0.0,0.0,0.0,epa_us06,PPO_seed21
91,24.5872,-28594.002920028302,0.0,0.0,0.49444313330541434,25.016916155053078,-0.05374812578952688,0.0,0.2687406289476344,0.0,0.0,0.0,epa_us06,PPO_seed21
92,24.2453,0.0,0.0,607.4531992178157,0.49444313330541434,25.016979034948875,0.0,0.0,0.0,0.0,0.0,0.0,epa_us06,PPO_seed21
93,23.8562,2047.2123958633492,0.0,0.0,0.494456029388628,25.017041549517987,0.11079575056710066,0.0,0.019240718006234486,0.08188849583453398,0.0,0.0,epa_us06,PPO_seed21
94,23.3809,4485.17854558471,0.0,0.0,0.4944842816645703,25.017114496821204,0.24273921181292285,0.0,0.04215393369910442,0.1794071418233884,0.0,0.0,epa_us06,PPO_seed21
95,22.7954,7446.372470447977,0.0,0.0,0.4945311839763598,25.017215901832717,0.40299991761116194,0.0,0.06998470366962385,0.2978548988179191,0.0,0.0,epa_us06,PPO_seed21
96,22.0945,10366.369401014024,0.0,0.0,0.494596474217453,25.017361150078525,0.5610310296879619,0.0,0.09742828384411677,0.41465477604056095,0.0,0.0,epa_us06,PPO_seed21
97,21.2933,12694.748675427103,0.0,0.0,0.49467642344597196,25.017551540021834,0.6870436162836413,0.0,0.11931154770138255,0.5077899470170841,0.0,0.0,epa_us06,PPO_seed21
98,20.4239,14049.000821897733,0.0,0.0,0.49476489459444223,25.017770484343423,0.7603361497445104,0.0,0.13203948140881328,0.5619600328759093,0.0,0.0,epa_us06,PPO_seed21
99,19.5303,14257.849291703627,0.0,0.0,0.4948546737112944,25.01798956043499,0.7716390917419752,0.0,0.13400234296713937,0.5703139716681451,0.0,0.0,epa_us06,PPO_seed21
100,18.6609,13378.77527079359,0.0,0.0,0.49493891083558766,25.018180720470514,0.7240633413471599,0.0,0.12574036908640593,0.5351510108317437,0.0,0.0,epa_us06,PPO_seed21
101,17.8597,11660.637733728865,0.0,0.0,0.49501232464168227,25.018326967617966,0.631077221108123,0.0,0.10959245990346678,0.4664255093491546,0.0,0.0,epa_us06,PPO_seed21
102,17.1588,9453.148102611232,0.0,0.0,0.49507183653312586,25.018425695992597,0.5116072183653808,0.0,0.08884537690424091,0.3781259241044493,0.0,0.0,epa_us06,PPO_seed21
103,16.5733,7126.612987357284,0.0,0.0,0.49511669934993635,25.018485256067407,0.385694438218028,0.0,0.06697944536989928,0.28506451949429135,0.0,0.0,epa_us06,PPO_seed21
104,16.098,5040.81601804564,0.0,0.0,0.49514843040761325,25.018518770891397,0.27281047893152266,0.0,0.047376090395165785,0.2016326407218256,0.0,0.0,epa_us06,PPO_seed21
105,15.7089,3484.39737846428,0.0,0.0,0.49517036327891284,25.018538193395802,0.188576634061548,0.0,0.03274809566225827,0.13937589513857118,0.0,0.0,epa_us06,PPO_seed21
106,15.367,2665.0821699637413,0.0,0.0,0.4951871383891087,25.018551655603908,0.14423504856690983,0.0,0.02504776475529832,0.10660328679854965,0.0,0.0,epa_us06,PPO_seed21
107,15.0251,2671.65511683221,0.0,0.0,0.49520395443149895,25.01856416098691,0.1445907784282575,0.0,0.025109540571731294,0.10686620467328839,0.0,0.0,epa_us06,PPO_seed21
108,14.636,3447.4496469556425,0.0,0.0,0.4952256529612583,25.018580250144037,0.18657701172020083,0.0,0.03240084254657559,0.1378979858782257,0.0,0.0,epa_us06,PPO_seed21
109,14.1607,4784.395398882746,0.0,0.0,0.495255765515887,25.018605837645577,0.2589329179034436,0.0,0.04496612216995062,0.19137581595530984,0.0,0.0,epa_us06,PPO_seed21
110,13.5752,6355.0881038580355,0.0,0.0,0.4952957626276987,25.01864701183308,0.34393927948548975,0.0,0.05972827165280108,0.2542035241543214,0.0,0.0,epa_us06,PPO_seed21
111,12.8743,7791.638943555532,0.0,0.0,0.49534479923893704,25.01870639435251,0.42168584297528355,0.0,0.07322968931913094,0.31166555774222127,0.0,0.0,epa_us06,PPO_seed21
112,12.0731,8764.79801075179,0.0,0.0,0.4953999582448576,25.018779992327634,0.4743535043713638,0.0,0.08237592115368224,0.35059192043007165,0.0,0.0,epa_us06,PPO_seed21
113,11.2037,9085.070766310228,0.0,0.0,0.495457130429157,25.018858027785644,0.4916867622248196,0.0,0.0853860034427653,0.3634028306524091,0.0,0.0,epa_us06,PPO_seed21
114,10.3101,8723.518594896024,0.0,0.0,0.4955120251004805,25.01892912063647,0.47211944997038774,0.0,0.0819879567189476,0.34894074379584095,0.0,0.0,epa_us06,PPO_seed21
115,9.4407,7800.418850972541,0.0,0.0,0.4955611090554888,25.01898509109728,0.42216101420526575,0.0,0.07331220724598253,0.3120167540389016,0.0,0.0,epa_us06,PPO_seed21
116,8.6395,6531.304115557659,0.0,0.0,0.4956022057198728,25.019023328978154,0.3534761430359702,0.0,0.06138443717629379,0.2612521646223064,0.0,0.0,epa_us06,PPO_seed21
117,7.9386,5148.56247188703,0.0,0.0,0.4956346008755731,25.019045911075775,0.2786417494183672,0.0,0.04838874503653224,0.20594249887548122,0.0,0.0,epa_us06,PPO_seed21
118,7.3531,3846.239090891495,0.0,0.0,0.49565880114793576,25.019057151312694,0.20815961636268404,0.0,0.036148863636198264,0.1538495636356598,0.0,0.0,epa_us06,PPO_seed21
119,6.8778,2768.361677554725,0.0,0.0,0.4956762191754959,25.01906147142237,0.1498245665792399,0.0,0.026018436819123355,0.110734467102189,0.0,0.0,epa_us06,PPO_seed21
120,6.4887,1999.5387753713785,0.0,0.0,0.4956887997366215,25.019062205416663,0.10821563988814421,0.0,0.018792657663264836,0.07998155101485514,0.0,0.0,epa_us06,PPO_seed21
121,6.1468,1580.4385803496798,0.0,0.0,0.495698743326114,25.019061437242875,0.08553381128839846,0.0,0.014853746055918044,0.06321754321398719,0.0,0.0,epa_us06,PPO_seed21
122,5.8049,1502.5381684355716,0.0,0.0,0.4957081967087256,25.019060378845914,0.0813178175669116,0.0,0.01412159932740199,0.06010152673742286,0.0,0.0,epa_us06,PPO_seed21
123,5.4158,1698.1002115741364,0.0,0.0,0.4957188804025921,25.01905985834683,0.0919016941572228,0.0,0.01595958845464414,0.06792400846296545,0.0,0.0,epa_us06,PPO_seed21
124,4.9405,2036.307511052878,0.0,0.0,0.49573169183519467,25.019060480818766,0.11020557492149334,0.0,0.01913822848733908,0.08145230044211511,0.0,0.0,epa_us06,PPO_seed21
125,4.355,2342.495375269025,0.0,0.0,0.4957464295075325,25.019062320518355,0.12677655421944692,0.0,0.022015933978092338,0.093699815010761,0.0,0.0,epa_us06,PPO_seed21
126,3.6541,2446.4299484044354,0.0,0.0,0.49576182091826165,25.019064583122788,0.1324015245760536,0.0,0.022992762672974017,0.09785719793617742,0.0,0.0,epa_us06,PPO_seed21
127,2.8529,2236.7826409339827,0.0,0.0,0.4957758932121813,25.019065876471235,0.12105534924393088,0.0,0.02102239324186074,0.0894713056373593,0.0,0.0,epa_us06,PPO_seed21
128,1.844,1878.411681059706,0.0,0.0,0.49578771077228534,25.01906574487005,0.10166020511479522,0.0,0.017654245122741597,0.07513646724238825,0.0,0.0,epa_us06,PPO_seed21
129,1.2294,710.3993791603084,0.0,0.0,0.49579218003828873,25.019062733122055,0.03844702805410451,0.0,0.006676685894363801,0.028415975166412335,0.0,0.0,epa_us06,PPO_seed21
130,0.6147,355.5625107950386,0.0,0.0,0.495794416945928,25.019059356174882,0.01924315002032096,0.0,0.003341752921006002,0.014222500431801543,0.0,0.0,epa_us06,PPO_seed21
131,0.0,0.0,0.0,0.0,0.495794416945928,25.0190558556594,0.0,0.0,0.0,0.0,0.0,0.0,epa_us06,PPO_seed21
132,0.6706,-802.0503840319424,0.0,0.0,0.49578937111856053,25.019052962244405,-0.0015076135038194407,0.0,0.007538067519097203,0.0,0.0,0.0,epa_us06,PPO_seed21
133,1.3411,-1604.83251162505,0.0,0.0,0.4957792748409978,25.019051900143246,-0.0030166024654606207,0.0,0.015083012327303103,0.0,0.0,0.0,epa_us06,PPO_seed21
134,2.0117,-2410.2718685372733,0.0,0.0,0.4957641113353383,25.019053906270177,-0.0045305862190550255,0.0,0.022652931095275126,0.0,0.0,0.0,epa_us06,PPO_seed21
135,2.4095,-1866.8851601781114,0.0,0.0,0.49575236629903624,25.01905373207998,-0.003509182631913743,0.0,0.017545913159568716,0.0,0.0,0.0,epa_us06,PPO_seed21
136,3.3528,-5453.471593830523,0.0,0.0,0.495718056981779,25.019078402932834,-0.010250886454568653,0.0,0.05125443227284326,0.0,0.0,0.0,epa_us06,PPO_seed21
137,4.2961,-7005.952204241971,0.0,0.0,0.4956739798022296,25.019121426837906,-0.013169083090680399,0.0,0.06584541545340199,0.0,0.0,0.0,epa_us06,PPO_seed21
138,5.1922,-8111.930601591994,0.0,0.0,0.4956229433384206,25.01918036692071,-0.015247989852616531,0.0,0.07623994926308265,0.0,0.0,0.0,epa_us06,PPO_seed21
139,6.0022,-8605.413994754932,0.0,0.0,0.49556880072436194,25.01924726394588,-0.01617559021570476,0.0,0.0808779510785238,0.0,0.0,0.0,epa_us06,PPO_seed21
140,6.7019,-8493.591390757809,0.0,0.0,0.49551536024635945,25.019312553891364,-0.015965397351048512,0.0,0.07982698675524257,0.0,0.0,0.0,epa_us06,PPO_seed21
141,7.2863,-7962.28861623966,0.0,0.0,0.4954652613804391,25.01936980541692,-0.014966707925262519,0.0,0.07483353962631259,0.0,0.0,0.0,epa_us06,PPO_seed21
142,7.7703,-7310.823702977732,0.0,0.0,0.49541926049684637,25.019417884848963,-0.013742149817627317,0.0,0.06871074908813658,0.0,0.0,0.0,epa_us06,PPO_seed21
143,8.1861,-6865.406824541207,0.0,0.0,0.49537606139167345,25.01946022405438,-0.01290490004613009,0.0,0.06452450023065044,0.0,0.0,0.0,epa_us06,PPO_seed21
144,8.5779,-6906.76807617648,0.0,0.0,0.4953326012602695,25.019503328555206,-0.012982646759730224,0.0,0.06491323379865112,0.0,0.0,0.0,epa_us06,PPO_seed21
145,8.9937,-7615.8309891715235,0.0,0.0,0.49528467859221487,25.01955641379342,-0.014315471784157,0.0,0.071577358920785,0.0,0.0,0.0,epa_us06,PPO_seed21
146,9.4777,-9080.808511137498,0.0,0.0,0.4952275364401544,25.01963292777328,-0.017069188930709585,0.0,0.08534594465354792,0.0,0.0,0.0,epa_us06,PPO_seed21
147,10.0621,-11279.538834944362,0.0,0.0,0.49515655680342047,25.019752184270345,-0.021202140667188653,0.0,0.10601070333594326,0.0,0.0,0.0,epa_us06,PPO_seed21
148,10.7618,-14085.96689396441,0.0,0.0,0.49506791420762464,25.01993934970226,-0.026477381379632355,0.0,0.13238690689816177,0.0,0.0,0.0,epa_us06,PPO_seed21
149,11.5718,-17254.29048313128,0.0,0.0,0.4949593291342799,25.020221274991503,-0.03243287684799113,0.0,0.16216438423995563,0.0,0.0,0.0,epa_us06,PPO_seed21
150,12.4679,-20417.67859692995,0.0,0.0,0.49483082979641774,25.020617114367052,-0.03837909510701118,0.0,0.1918954755350559,0.0,0.0,0.0,epa_us06,PPO_seed21
151,13.4112,-23138.962805153595,0.0,0.0,0.49468519536456806,25.02112669194434,-0.04349429098713082,0.0,0.2174714549356541,0.0,0.0,0.0,epa_us06,PPO_seed21
152,14.3545,-24986.781240413435,0.0,0.0,0.4945279204335419,25.021722462093955,-0.04696763391055157,0.0,0.23483816955275785,0.0,0.0,0.0,epa_us06,PPO_seed21
153,15.2506,-25663.953559628477,0.0,0.0,0.49436637164555863,25.022353148688964,-0.048240514209827966,0.0,0.2412025710491398,0.0,0.0,0.0,epa_us06,PPO_seed21
154,16.0606,-25114.66328213281,0.0,0.0,0.4942082692033678,25.022960175733903,-0.04720801368821957,0.0,0.23604006844109784,0.0,0.0,0.0,epa_us06,PPO_seed21
155,16.7603,-23558.653181201953,0.0,0.0,0.4940599521734235,25.02349833840204,-0.04428318267143225,0.0,0.2214159133571612,0.0,0.0,0.0,epa_us06,PPO_seed21
156,17.3447,-21471.794387920272,0.0,0.0,0.493924765137891,25.023950242803707,-0.040360515766767434,0.0,0.20180257883383715,0.0,0.0,0.0,epa_us06,PPO_seed21
157,17.8287,-19464.360121723465,0.0,0.0,0.4938022106904966,25.02432677359974,-0.036587143085946364,0.0,0.1829357154297318,0.0,0.0,0.0,epa_us06,PPO_seed21
158,18.2445,-18143.117758001226,0.0,0.0,0.4936879703630555,25.024658370950846,-0.03410360480827298,0.0,0.1705180240413649,0.0,0.0,0.0,epa_us06,PPO_seed21
159,18.6363,-17994.779634836283,0.0,0.0,0.49357465987486226,25.024986786955477,-0.03382477374969226,0.0,0.1691238687484613,0.0,0.0,0.0,epa_us06,PPO_seed21
160,19.0521,-19282.48998026363,0.0,0.0,0.4934532365604215,25.025362555985527,-0.03624528191778877,0.0,0.18122640958894387,0.0,0.0,0.0,epa_us06,PPO_seed21
161,19.5361,-22058.704372901517,0.0,0.0,0.49331432580104295,25.025849224846823,-0.041463730024250973,0.0,0.20731865012125486,0.0,0.0,0.0,epa_us06,PPO_seed21
162,20.1205,-26134.171929268177,0.0,0.0,0.4931497426866491,25.026524792768,-0.049124383325692064,0.0,0.2456219166284603,0.0,0.0,0.0,epa_us06,PPO_seed21
163,20.8202,-31126.6959189751,0.0,0.0,0.4929537067062923,25.027475068917813,-0.058508826915366734,0.0,0.29254413457683365,0.0,0.0,0.0,epa_us06,PPO_seed21
164,21.6302,-36484.73377402136,0.0,0.0,0.49272390831164464,25.02877384941038,-0.0685803266428973,0.0,0.34290163321448647,0.0,0.0,0.0,epa_us06,PPO_seed21
165,22.5263,-41535.537842756814,0.0,0.0,0.49246227330385556,25.030452987484843,-0.07807431925330229,0.0,0.3903715962665114,0.0,0.0,0.0,epa_us06,PPO_seed21
166,23.4696,-45594.7291638702,0.0,0.0,0.4921750383070831,25.032476063140102,-0.08570437812757557,0.0,0.4285218906378778,0.0,0.0,0.0,epa_us06,PPO_seed21
167,24.4129,-48073.41099563013,0.0,0.0,0.4918721523395895,25.034729634007505,-0.09036355450306416,0.0,0.4518177725153208,0.0,0.0,0.0,epa_us06,PPO_seed21
168,25.309,-48640.51408051085,0.0,0.0,0.4915656553944471,25.037046868751375,-0.09142953774532116,0.0,0.45714768872660577,0.0,0.0,0.0,epa_us06,PPO_seed21
169,26.119,-47336.561775564325,0.0,0.0,0.4912673385304023,25.039257654321847,-0.08897849957812844,0.0,0.44489249789064217,0.0,0.0,0.0,epa_us06,PPO_seed21
170,26.8187,-44585.24284035722,0.0,0.0,0.49098632848428214,25.041240559553327,-0.08380684744428049,0.0,0.41903423722140243,0.0,0.0,0.0,epa_us06,PPO_seed21
171,27.4031,-41150.695243485665,0.0,0.0,0.4907269392589363,25.04295517245756,-0.07735093090880764,0.0,0.3867546545440382,0.0,0.0,0.0,epa_us06,PPO_seed21
172,27.398,-16014.583787855134,0.0,0.0,0.4906259842154111,25.04331524888395,-0.030102601104990852,0.0,0.15051300552495425,0.0,0.0,0.0,epa_us06,PPO_seed21
173,27.3248,-13013.0538471282,0.0,0.0,0.49054395093432906,25.04359126775677,-0.024460627532195866,0.0,0.12230313766097932,0.0,0.0,0.0,epa_us06,PPO_seed21
174,27.2275,-11861.303547052607,0.0,0.0,0.4904691792178513,25.043837515491244,-0.02229568335912144,0.0,0.1114784167956072,0.0,0.0,0.0,epa_us06,PPO_seed21
175,27.1542,-12779.703158892364,0.0,0.0,0.49038861943455264,25.04410230240175,-0.02402199841897061,0.0,0.12010999209485304,0.0,0.0,0.0,epa_us06,PPO_seed21
176,27.1492,-15657.482283650264,0.0,0.0,0.49028992020969264,25.04444235641136,-0.02943135767603433,0.0,0.14715678838017165,0.0,0.0,0.0,epa_us06,PPO_seed21
177,27.2445,-20045.94475271811,0.0,0.0,0.4901635579902788,25.044930041206612,-0.03768034727954533,0.0,0.18840173639772662,0.0,0.0,0.0,epa_us06,PPO_seed21
178,27.4551,-25310.448893278066,0.0,0.0,0.4900040082031235,25.045645180494798,-0.04757603175428208,0.0,0.2378801587714104,0.0,0.0,0.0,epa_us06,PPO_seed21
179,27.7761,-30665.010540937274,0.0,0.0,0.4898106987679521,25.046647863483646,-0.0576409972574009,0.0,0.28820498628700447,0.0,0.0,0.0,epa_us06,PPO_seed21
180,28.1831,-35260.72955250409,0.0,0.0,0.48958840741575466,25.047943472954323,-0.06627956682801521,0.0,0.331397834140076,0.0,0.0,0.0,epa_us06,PPO_seed21
181,28.6374,-38369.35405229632,0.0,0.0,0.48934650315893385,25.049463686908478,-0.07212284596296302,0.0,0.36061422981481506,0.0,0.0,0.0,epa_us06,PPO_seed21
182,29.0916,-39420.34821448391,0.0,0.0,0.4890979546309823,25.05107019018076,-0.07409839889940584,0.0,0.3704919944970292,0.0,0.0,0.0,epa_us06,PPO_seed21
183,29.4987,-38222.998467411526,0.0,0.0,0.4888569374831435,25.052597485153935,-0.07184774148009686,0.0,0.35923870740048425,0.0,0.0,0.0,epa_us06,PPO_seed21
184,29.8196,-34972.93185403838,0.0,0.0,0.48863639869188197,25.05390722299555,-0.06573859371059847,0.0,0.3286929685529923,0.0,0.0,0.0,epa_us06,PPO_seed21
185,30.0303,-30294.08212417399,0.0,0.0,0.4884453540842114,25.05493352945779,-0.0569437633913045,0.0,0.28471881695652246,0.0,0.0,0.0,epa_us06,PPO_seed21
186,30.1256,-25083.537679893452,0.0,0.0,0.4882871629662083,25.0556898726723,-0.04714950691709296,0.0,0.23574753458546477,0.0,0.0,0.0,epa_us06,PPO_seed21
187,30.1205,-20369.71564586296,0.0,0.0,0.488158697526833,25.05624407155161,-0.03828893918395294,0.0,0.19144469591976468,0.0,0.0,0.0,epa_us06,PPO_seed21
188,30.0473,-17059.65787370978,0.0,0.0,0.4880511074044183,25.05667955133437,-0.032067026078401846,0.0,0.16033513039200922,0.0,0.0,0.0,epa_us06,PPO_seed21
189,29.95,-15779.173503491289,0.0,0.0,0.48795159387283243,25.057072452845503,-0.029660100570472348,0.0,0.14830050285236174,0.0,0.0,0.0,epa_us06,PPO_seed21
190,29.8767,-16779.18094960264,0.0,0.0,0.4878457750972959,25.05749314256166,-0.031539813815042554,0.0,0.15769906907521278,0.0,0.0,0.0,epa_us06,PPO_seed21
191,29.8716,-19940.02796394972,0.0,0.0,0.48772002346926474,25.05802160174596,-0.03748125557133406,0.0,0.1874062778566703,0.0,0.0,0.0,epa_us06,PPO_seed21
192,29.967,-24788.790521218572,0.0,0.0,0.487563692837427,25.058755297199145,-0.04659547090454619,0.0,0.23297735452273094,0.0,0.0,0.0,epa_us06,PPO_seed21
193,30.1776,-30594.803936572054,0.0,0.0,0.4873707428591105,25.05979615264673,-0.057509029955962514,0.0,0.28754514977981255,0.0,0.0,0.0,epa_us06,PPO_seed21
194,30.4985,-36500.96783865121,0.0,0.0,0.4871405359229155,25.06121809269053,-0.06861084180197595,0.0,0.34305420900987976,0.0,0.0,0.0,epa_us06,PPO_seed21
195,30.9056,-41584.979078105294,0.0,0.0,0.4868782493712609,25.063024814045427,-0.07816725390621297,0.0,0.3908362695310648,0.0,0.0,0.0,epa_us06,PPO_seed21
196,31.3599,-45018.56966947671,0.0,0.0,0.48659428504289526,25.06512430395192,-0.08462137155916676,0.0,0.42310685779583374,0.0,0.0,0.0,epa_us06,PPO_seed21
197,31.8141,-46200.544786767576,0.0,0.0,0.4863028403919605,25.067338240823258,-0.0868431292984353,0.0,0.4342156464921765,0.0,0.0,0.0,epa_us06,PPO_seed21
198,32.2212,-44923.182584265356,0.0,0.0,0.48601942906488577,25.069454048705296,-0.08444207252681458,0.0,0.4222103626340729,0.0,0.0,0.0,epa_us06,PPO_seed21
199,32.5421,-41403.3392420829,0.0,0.0,0.48575820282567,25.07129258656891,-0.07782582564301298,0.0,0.38912912821506485,0.0,0.0,0.0,epa_us06,PPO_seed21
200,32.7527,-36315.557240710965,0.0,0.0,0.48552906192422096,25.07276447967442,-0.06826232564043415,0.0,0.3413116282021707,0.0,0.0,0.0,epa_us06,PPO_seed21
201,32.8481,-30655.413068105223,0.0,0.0,0.4853356260165537,25.07388199772722,-0.05762295689493463,0.0,0.28811478447467315,0.0,0.0,0.0,epa_us06,PPO_seed21
202,32.843,-25509.75041377123,0.0,0.0,0.4851746552253778,25.07472720392268,-0.04795065867250232,0.0,0.23975329336251158,0.0,0.0,0.0,epa_us06,PPO_seed21
203,32.7698,-21889.25730888816,0.0,0.0,0.4850365294205834,25.075408579109748,-0.041145220505428876,0.0,0.20572610252714438,0.0,0.0,0.0,epa_us06,PPO_seed21
204,32.6724,-20472.23320208638,0.0,0.0,0.48490734609026054,25.07603011461463,-0.038481641357305224,0.0,0.19240820678652612,0.0,0.0,0.0,epa_us06,PPO_seed21
205,32.5992,-21562.279510954686,0.0,0.0,0.48477128578758877,25.076691768342776,-0.040530600584501295,0.0,0.20265300292250646,0.0,0.0,0.0,epa_us06,PPO_seed21
206,32.5941,-25005.357772906613,0.0,0.0,0.4846135002311504,25.077503272109276,-0.04700255220471168,0.0,0.2350127610235584,0.0,0.0,0.0,epa_us06,PPO_seed21
207,32.6895,-30308.301146477068,0.0,0.0,0.48442225148400875,25.078593294558726,-0.0569704908768366,0.0,0.284852454384183,0.0,0.0,0.0,epa_us06,PPO_seed21
208,32.9001,-36665.549845017864,0.0,0.0,0.4841908819778123,25.080091044722625,-0.06892020647559749,0.0,0.34460103237798745,0.0,0.0,0.0,epa_us06,PPO_seed21
209,33.221,-43136.199783987955,0.0,0.0,0.4839186681692288,25.08208655967381,-0.08108308230072925,0.0,0.4054154115036462,0.0,0.0,0.0,epa_us06,PPO_seed21
210,33.6281,-48710.20620906979,0.0,0.0,0.4836112582173286,25.084579621996756,-0.09156053798697329,0.0,0.45780268993486645,0.0,0.0,0.0,epa_us06,PPO_seed21
211,34.0823,-52479.39360899067,0.0,0.0,0.48328003242705336,25.087449533950647,-0.09864547670862908,0.0,0.4932273835431454,0.0,0.0,0.0,epa_us06,PPO_seed21
212,34.5366,-53815.14974653644,0.0,0.0,0.4829403430200392,25.090470864328665,-0.10115629651604595,0.0,0.5057814825802297,0.0,0.0,0.0,epa_us06,PPO_seed21
213,34.9436,-52457.282345566666,0.0,0.0,0.48260919188139806,25.093371875741177,-0.098603914183396,0.0,0.49301957091697995,0.0,0.0,0.0,epa_us06,PPO_seed21
214,35.2646,-48687.23904004609,0.0,0.0,0.48230181201821115,25.095925735733008,-0.091517366616628,0.0,0.45758683308313997,0.0,0.0,0.0,epa_us06,PPO_seed21
215,35.4752,-43195.405065747815,0.0,0.0,0.48202908332205535,25.09801205937683,-0.08119437042433801,0.0,0.40597185212169,0.0,0.0,0.0,epa_us06,PPO_seed21
216,35.5705,-37072.79733171453,0.0,0.0,0.48179499892430494,25.099639101646773,-0.0696857092701401,0.0,0.3484285463507005,0.0,0.0,0.0,epa_us06,PPO_seed21
217,35.5655,-31511.165479440984,0.0,0.0,0.48159602529323653,25.100906960683318,-0.0592315140590996,0.0,0.296157570295498,0.0,0.0,0.0,epa_us06,PPO_seed21
218,35.4922,-27567.050807711857,0.0,0.0,0.4814219542290606,25.10195286134718,-0.05181776467615012,0.0,0.25908882338075057,0.0,0.0,0.0,epa_us06,PPO_seed21
219,35.3949,-26027.01771512104,0.0,0.0,0.48125760794294453,25.102917304533502,-0.04892296562992677,0.0,0.24461482814963384,0.0,0.0,0.0,epa_us06,PPO_seed21
220,35.3217,-27190.22534636534,0.0,0.0,0.4810859178139749,25.103936892817195,-0.05110944613978448,0.0,0.2555472306989224,0.0,0.0,0.0,epa_us06,PPO_seed21
221,35.3166,-30920.049442908574,0.0,0.0,0.4808906764961701,25.10516011049495,-0.05812039368967778,0.0,0.29060196844838887,0.0,0.0,0.0,epa_us06,PPO_seed21
222,35.1909,-24025.4306082386,0.0,0.0,0.48073896880481015,25.10602231330166,-0.04516058385007256,0.0,0.22580291925036278,0.0,0.0,0.0,epa_us06,PPO_seed21
223,35.1806,-30318.76537971086,0.0,0.0,0.48054752456026467,25.10720533555988,-0.056990160488178315,0.0,0.28495080244089155,0.0,0.0,0.0,epa_us06,PPO_seed21
224,35.2805,-36598.23914865003,0.0,0.0,0.48031642705949834,25.108788322645456,-0.06879368261024442,0.0,0.34396841305122206,0.0,0.0,0.0,epa_us06,PPO_seed21
225,35.4666,-41820.58292131965,0.0,0.0,0.4800523449676818,25.11076561908273,-0.07861011827315724,0.0,0.3930505913657862,0.0,0.0,0.0,epa_us06,PPO_seed21
226,35.6999,-45064.16097089723,0.0,0.0,0.4797677667634767,25.113019248430387,-0.08470706949416773,0.0,0.42353534747083865,0.0,0.0,0.0,epa_us06,PPO_seed21
227,35.8973,-43605.95931184617,0.0,0.0,0.47949238061295774,25.115159685824217,-0.08196608893204167,0.0,0.40983044466020835,0.0,0.0,0.0,epa_us06,PPO_seed21
228,35.8973,-32583.09505851274,0.0,0.0,0.47928659659513967,25.11650843119501,-0.061246419282918685,0.0,0.3062320964145934,0.0,0.0,0.0,epa_us06,PPO_seed21
229,35.8973,-32583.09505851274,0.0,0.0,0.47908080985204093,25.11785740861809,-0.061246419282918685,0.0,0.3062320964145934,0.0,0.0,0.0,epa_us06,PPO_seed21
230,35.8973,-32583.09505851274,0.0,0.0,0.4788750203964532,25.119206603354947,-0.061246419282918685,0.0,0.3062320964145934,0.0,0.0,0.0,epa_us06,PPO_seed21
231,35.8973,-32583.095058512736,0.0,0.0,0.4786692282407406,25.120556001140738,-0.06124641928291868,0.0,0.30623209641459337,0.0,0.0,0.0,epa_us06,PPO_seed21
232,35.8571,-30243.736401078364,0.0,0.0,0.4784782087872473,25.12176549493236,-0.05684912857345558,0.0,0.2842456428672779,0.0,0.0,0.0,epa_us06,PPO_seed21
233,35.5629,-15506.444868564833,0.0,0.0,0.4783802696025091,25.12233074943618,-0.029147452760460213,0.0,0.14573726380230106,0.0,0.0,0.0,epa_us06,PPO_seed21
234,35.2445,-13575.257114929673,0.0,0.0,0.4782945318543888,25.122830136892112,-0.025517400591973074,0.0,0.12758700295986536,0.0,0.0,0.0,epa_us06,PPO_seed21
235,34.9503,-14354.696772209083,0.0,0.0,0.47820387605089015,25.123337162265635,-0.026982512729716326,0.0,0.13491256364858162,0.0,0.0,0.0,epa_us06,PPO_seed21
236,34.7243,-17625.343938958456,0.0,0.0,0.478092570001256,25.123931967960594,-0.03313034574992191,0.0,0.16565172874960954,0.0,0.0,0.0,epa_us06,PPO_seed21
237,34.5986,-22783.032042188,0.0,0.0,0.47794869743341684,25.124716324082925,-0.042825248199601505,0.0,0.2141262409980075,0.0,0.0,0.0,epa_us06,PPO_seed21
238,34.5883,-28970.790712165017,0.0,0.0,0.4777657524327493,25.12580072138084,-0.054456373519107176,0.0,0.27228186759553585,0.0,0.0,0.0,epa_us06,PPO_seed21
239,34.6882,-35141.463708414034,0.0,0.0,0.4775438390485249,25.127261423360146,-0.0660553829105527,0.0,0.3302769145527635,0.0,0.0,0.0,epa_us06,PPO_seed21
240,34.8743,-40270.79306349479,0.0,0.0,0.477289527140653,25.129094348852362,-0.07569697944265939,0.0,0.3784848972132969,0.0,0.0,0.0,epa_us06,PPO_seed21
241,35.1075,-43448.01060583415,0.0,0.0,0.47701513806223567,25.131187895786564,-0.08166919286810931,0.0,0.4083459643405465,0.0,0.0,0.0,epa_us06,PPO_seed21
242,35.3408,-44082.585337246055,0.0,0.0,0.47673672554918706,25.133343633125225,-0.08286200251362041,0.0,0.414310012568102,0.0,0.0,0.0,epa_us06,PPO_seed21
243,35.5269,-41980.802781805374,0.0,0.0,0.4764715719271886,25.135336476324127,-0.0789112834244462,0.0,0.39455641712223094,0.0,0.0,0.0,epa_us06,PPO_seed21
244,35.6268,-37470.08347798457,0.0,0.0,0.47623489669615626,25.136995454126364,-0.0704324877405725,0.0,0.35216243870286246,0.0,0.0,0.0,epa_us06,PPO_seed21
245,35.6165,-31338.47661861134,0.0,0.0,0.4760369446483268,25.138256449510482,-0.05890691093723937,0.0,0.2945345546861968,0.0,0.0,0.0,epa_us06,PPO_seed21
246,35.4908,-24671.002234894953,0.0,0.0,0.4758811066799017,25.13916100431384,-0.04637406435130631,0.0,0.23187032175653152,0.0,0.0,0.0,epa_us06,PPO_seed21
247,35.2648,-18681.38015616569,0.0,0.0,0.4757631045944118,25.139812732483303,-0.03511537623339416,0.0,0.1755768811669708,0.0,0.0,0.0,epa_us06,PPO_seed21
248,34.9705,-14386.495261486398,0.0,0.0,0.47567223445860546,25.140319697296384,-0.027042284326102253,0.0,0.13521142163051125,0.0,0.0,0.0,epa_us06,PPO_seed21
249,34.6522,-12511.896320404492,0.0,0.0,0.47559320867703975,25.140766623365284,-0.02351860210602348,0.0,0.1175930105301174,0.0,0.0,0.0,epa_us06,PPO_seed21
250,34.358,-13284.969323379373,0.0,0.0,0.4755093044933204,25.141219887618053,-0.02497174684845747,0.0,0.12485873424228734,0.0,0.0,0.0,epa_us06,PPO_seed21
251,34.1319,-16503.54141228015,0.0,0.0,0.4754050776468309,25.141753035043187,-0.031021694383985245,0.0,0.15510847191992622,0.0,0.0,0.0,epa_us06,PPO_seed21
252,34.0063,-21588.59701326748,0.0,0.0,0.4752687412201758,25.142462007164415,-0.04058006957381106,0.0,0.20290034786905528,0.0,0.0,0.0,epa_us06,PPO_seed21
253,33.9959,-27659.971938083054,0.0,0.0,0.4750940654883522,25.143450909954034,-0.051992428455043344,0.0,0.2599621422752167,0.0,0.0,0.0,epa_us06,PPO_seed21
254,34.0959,-33732.77625509101,0.0,0.0,0.4748810379099519,25.144794298007376,-0.06340747416370492,0.0,0.31703737081852457,0.0,0.0,0.0,epa_us06,PPO_seed21
255,34.282,-38764.01692033865,0.0,0.0,0.4746362304190948,25.14648856044216,-0.07286469345928318,0.0,0.36432346729641585,0.0,0.0,0.0,epa_us06,PPO_seed21
256,34.5152,-41880.99047352976,0.0,0.0,0.47437172628129,25.148428983351018,-0.07872366630362737,0.0,0.39361833151813685,0.0,0.0,0.0,epa_us06,PPO_seed21
257,34.7485,-42498.50438487199,0.0,0.0,0.4741033074038832,25.150427664079388,-0.07988440673848118,0.0,0.3994220336924059,0.0,0.0,0.0,epa_us06,PPO_seed21
258,34.9346,-40426.592874853915,0.0,0.0,0.4738479603853837,25.152271411849462,-0.07598983623092842,0.0,0.37994918115464205,0.0,0.0,0.0,epa_us06,PPO_seed21
259,35.0345,-35987.95498879079,0.0,0.0,0.47362063846308855,25.1537989959197,-0.06764653193381728,0.0,0.3382326596690864,0.0,0.0,0.0,epa_us06,PPO_seed21
260,35.0241,-29952.96170258749,0.0,0.0,0.4734314314647192,25.15495101497955,-0.056302559591329876,0.0,0.28151279795664935,0.0,0.0,0.0,epa_us06,PPO_seed21
261,34.8985,-23412.146720722667,0.0,0.0,0.4732835402090086,25.15576967926561,-0.04400779458782456,0.0,0.2200389729391228,0.0,0.0,0.0,epa_us06,PPO_seed21
262,34.6724,-17520.433073408458,0.0,0.0,0.47317286763644584,25.156353271186752,-0.03293314487482793,0.0,0.16466572437413965,0.0,0.0,0.0,epa_us06,PPO_seed21
263,34.3782,-13320.74954945833,0.0,0.0,0.47308872635938837,25.156804364894047,-0.025039002912515665,0.0,0.1251950145625783,0.0,0.0,0.0,epa_us06,PPO_seed21
264,34.0599,-11485.792826203195,0.0,0.0,0.4730161791227719,25.157200617672533,-0.021589836139479693,0.0,0.10794918069739845,0.0,0.0,0.0,epa_us06,PPO_seed21
265,33.7657,-12257.618788454773,0.0,0.0,0.4729387608589541,25.157602250528637,-0.023040636820403707,0.0,0.11520318410201853,0.0,0.0,0.0,epa_us06,PPO_seed21
266,33.5396,-15429.430535949541,0.0,0.0,0.472841314274915,25.158076630557254,-0.029002688977348763,0.0,0.1450134448867438,0.0,0.0,0.0,epa_us06,PPO_seed21
267,33.414,-20430.723109517512,0.0,0.0,0.47271228583806363,25.158713571030443,-0.03840361486751412,0.0,0.1920180743375706,0.0,0.0,0.0,epa_us06,PPO_seed21
268,33.4036,-26396.68781362948,0.0,0.0,0.47254558250173023,25.159611948438656,-0.049617834236145644,0.0,0.2480891711807282,0.0,0.0,0.0,epa_us06,PPO_seed21
269,33.5035,-32355.306710720648,0.0,0.0,0.47234124742048517,25.160843122269906,-0.060818245696843326,0.0,0.3040912284842166,0.0,0.0,0.0,epa_us06,PPO_seed21
270,33.6896,-37299.28022683943,0.0,0.0,0.4721056830896058,25.162405498558353,-0.07011142899781848,0.0,0.3505571449890924,0.0,0.0,0.0,epa_us06,PPO_seed21
271,33.9229,-40361.818040052305,0.0,0.0,0.4718507661139866,25.164200694925142,-0.07586807902265472,0.0,0.37934039511327355,0.0,0.0,0.0,epa_us06,PPO_seed21
272,34.1561,-40951.71218293242,0.0,0.0,0.4715921096862157,25.166049633425043,-0.07697690259949702,0.0,0.3848845129974851,0.0,0.0,0.0,epa_us06,PPO_seed21
273,34.3422,-38915.219525231136,0.0,0.0,0.4713463027113501,25.16775177180968,-0.0731489088820134,0.0,0.36574454441006704,0.0,0.0,0.0,epa_us06,PPO_seed21
274,34.4422,-34554.39547936747,0.0,0.0,0.4711280307994041,25.16915514573117,-0.06495187120181856,0.0,0.3247593560090928,0.0,0.0,0.0,epa_us06,PPO_seed21
275,34.4318,-28616.422242141773,0.0,0.0,0.4709472623514123,25.170204416311485,-0.053790267372446944,0.0,0.2689513368622347,0.0,0.0,0.0,epa_us06,PPO_seed21
276,34.3062,-22190.813978216054,0.0,0.0,0.4708070830193282,25.170941794985392,-0.041712056350030176,0.0,0.20856028175015087,0.0,0.0,0.0,epa_us06,PPO_seed21
277,34.0801,-16407.935017524596,0.0,0.0,0.4707034356233857,25.171461417415863,-0.030841983115647738,0.0,0.15420991557823868,0.0,0.0,0.0,epa_us06,PPO_seed21
278,33.7859,-12291.9658103166,0.0,0.0,0.4706257910602838,25.17185984235317,-0.02310519889157256,0.0,0.11552599445786278,0.0,0.0,0.0,epa_us06,PPO_seed21
279,33.4676,-10501.698571477522,0.0,0.0,0.47055945818713385,25.172208513498443,-0.019740034908792337,0.0,0.09870017454396167,0.0,0.0,0.0,epa_us06,PPO_seed21
280,33.1733,-11266.591393069537,0.0,0.0,0.4704882976236845,25.172561620413767,-0.021177803370431462,0.0,0.1058890168521573,0.0,0.0,0.0,epa_us06,PPO_seed21
281,32.9473,-14401.812300315001,0.0,0.0,0.4703973390757987,25.17298107964054,-0.027071075752471807,0.0,0.13535537876235904,0.0,0.0,0.0,epa_us06,PPO_seed21
282,32.7973,-18024.094005269548,0.0,0.0,0.4702835069465462,25.17350458708739,-0.03387987594975479,0.0,0.16939937974877395,0.0,0.0,0.0,epa_us06,PPO_seed21
283,32.7625,-23832.21066608439,0.0,0.0,0.4701329964229233,25.174254453843783,-0.04479738847008344,0.0,0.2239869423504172,0.0,0.0,0.0,epa_us06,PPO_seed21
284,32.8381,-29622.027931449113,0.0,0.0,0.46994592060055396,25.17529767503476,-0.05568050363054344,0.0,0.2784025181527172,0.0,0.0,0.0,epa_us06,PPO_seed21
285,32.9998,-34393.5209354789,0.0,0.0,0.46972870612524303,25.176633982262135,-0.0646494754426295,0.0,0.3232473772131475,0.0,0.0,0.0,epa_us06,PPO_seed21
286,33.2087,-37318.635599426445,0.0,0.0,0.46949300903026236,25.178175079673213,-0.07014781127711738,0.0,0.3507390563855869,0.0,0.0,0.0,epa_us06,PPO_seed21
287,33.4176,-37825.9266444238,0.0,0.0,0.4692540967496325,25.17975908922871,-0.07110136587297708,0.0,0.35550682936488537,0.0,0.0,0.0,epa_us06,PPO_seed21
288,33.5793,-35756.649404801334,0.0,0.0,0.46902824345942057,25.181204705090327,-0.06721174700150627,0.0,0.3360587350075313,0.0,0.0,0.0,epa_us06,PPO_seed21
289,33.6548,-31424.413977362346,0.0,0.0,0.46882974650079,25.18237812302965,-0.05906844732586908,0.0,0.2953422366293454,0.0,0.0,0.0,epa_us06,PPO_seed21
290,33.6201,-25582.792981036673,0.0,0.0,0.46866814525127837,25.183236379442434,-0.04808795673127195,0.0,0.2404397836563597,0.0,0.0,0.0,epa_us06,PPO_seed21
291,33.4701,-19268.237188525192,0.0,0.0,0.46854643146632546,25.183823120332917,-0.03621849095587442,0.0,0.1810924547793721,0.0,0.0,0.0,epa_us06,PPO_seed21
292,33.2197,-13610.852221621946,0.0,0.0,0.4684604559843562,25.184227066331207,-0.0255843086872593,0.0,0.1279215434362965,0.0,0.0,0.0,epa_us06,PPO_seed21
293,32.9011,-9583.747335898137,0.0,0.0,0.4683999207891901,25.184533211208226,-0.018014562661462664,0.0,0.09007281330731332,0.0,0.0,0.0,epa_us06,PPO_seed21
294,32.5584,-7835.370956032747,0.0,0.0,0.4683504316447779,25.18479954231172,-0.014728140894798398,0.0,0.07364070447399199,0.0,0.0,0.0,epa_us06,PPO_seed21
295,32.2398,-8577.329411179078,0.0,0.0,0.46829625920510687,25.185066234684655,-0.016122799645073457,0.0,0.08061399822536727,0.0,0.0,0.0,epa_us06,PPO_seed21
296,31.9893,-11597.831701440206,0.0,0.0,0.46822301369629543,25.185380816130362,-0.021800435529022943,0.0,0.10900217764511472,0.0,0.0,0.0,epa_us06,PPO_seed21
297,31.8393,-16342.369809353748,0.0,0.0,0.468119808278298,25.185813813019877,-0.030718740243146143,0.0,0.1535937012157307,0.0,0.0,0.0,epa_us06,PPO_seed21
298,31.8046,-21987.73388496788,0.0,0.0,0.4679809540754243,25.18644816150701,-0.04133032685144339,0.0,0.20665163425721694,0.0,0.0,0.0,epa_us06,PPO_seed21
299,31.8801,-27594.706555707653,0.0,0.0,0.4678066913938836,25.187345952379285,-0.05186974916486401,0.0,0.25934874582432005,0.0,0.0,0.0,epa_us06,PPO_seed21
300,32.0419,-32230.388296832374,0.0,0.0,0.46760314995612495,25.1885097634558,-0.06058343664818116,0.0,0.3029171832409058,0.0,0.0,0.0,epa_us06,PPO_seed21
301,32.2507,-35051.98758995187,0.0,0.0,0.4673817816025364,25.189858838989633,-0.06588719471795464,0.0,0.32943597358977317,0.0,0.0,0.0,epa_us06,PPO_seed21
302,32.4596,-35541.193509825236,0.0,0.0,0.4671573136143855,25.191246712345247,-0.06680675471771662,0.0,0.33403377358858305,0.0,0.0,0.0,epa_us06,PPO_seed21
303,32.6213,-33524.27170918917,0.0,0.0,0.46694557427608296,25.192507857963307,-0.06301554832554356,0.0,0.31507774162771773,0.0,0.0,0.0,epa_us06,PPO_seed21
304,32.6969,-29317.36786047244,0.0,0.0,0.4667603988193383,25.19352170477416,-0.05510783432419632,0.0,0.27553917162098157,0.0,0.0,0.0,epa_us06,PPO_seed21
305,32.6622,-23638.740944306333,0.0,0.0,0.46661108765932763,25.194250941762455,-0.04443372357952319,0.0,0.2221686178976159,0.0,0.0,0.0,epa_us06,PPO_seed21
306,32.5122,-17512.693552609904,0.0,0.0,0.4665004707416114,25.194738455059618,-0.03291859690340208,0.0,0.16459298451701038,0.0,0.0,0.0,epa_us06,PPO_seed21
307,32.2617,-12027.448762145234,0.0,0.0,0.4664245022372327,25.19506653125322,-0.02260798639500984,0.0,0.11303993197504919,0.0,0.0,0.0,epa_us06,PPO_seed21
308,31.9431,-8141.957739159317,0.0,0.0,0.46637307746321727,25.195311963659403,-0.015304431840525032,0.0,0.07652215920262516,0.0,0.0,0.0,epa_us06,PPO_seed21
309,31.6004,-6466.720947240709,0.0,0.0,0.46633223557067494,25.19552431987779,-0.01215549050233216,0.0,0.0607774525116608,0.0,0.0,0.0,epa_us06,PPO_seed21
310,31.2818,-7207.01764417412,0.0,0.0,0.46628672065588755,25.19573617962217,-0.013547025646943834,0.0,0.06773512823471917,0.0,0.0,0.0,epa_us06,PPO_seed21
311,31.0314,-10157.699583443302,0.0,0.0,0.46622257431779596,25.195987696175404,-0.01909342026963027,0.0,0.09546710134815134,0.0,0.0,0.0,epa_us06,PPO_seed21
312,30.8814,-14763.538783031632,0.0,0.0,0.46612934541491796,25.196341480345446,-0.027751012750059464,0.0,0.1387550637502973,0.0,0.0,0.0,epa_us06,PPO_seed21
313,30.8466,-20235.78544292239,0.0,0.0,0.46600156291845896,25.19687340478164,-0.038037190682184946,0.0,0.19018595341092473,0.0,0.0,0.0,epa_us06,PPO_seed21
314,30.9222,-25680.363785943773,0.0,0.0,0.4658393996990328,25.197642203255818,-0.04827136049989431,0.0,0.24135680249947156,0.0,0.0,0.0,epa_us06,PPO_seed21
315,31.0839,-30160.44253969643,0.0,0.0,0.4656489426017853,25.198650937834334,-0.05669256116484292,0.0,0.28346280582421457,0.0,0.0,0.0,epa_us06,PPO_seed21
316,31.2928,-32899.65406151942,0.0,0.0,0.46544118079533,25.19982816112182,-0.06184145500285605,0.0,0.30920727501428025,0.0,0.0,0.0,epa_us06,PPO_seed21
317,31.5017,-33361.41765384734,0.0,0.0,0.4652304938488423,25.201039821289385,-0.06270943168016417,0.0,0.31354715840082087,0.0,0.0,0.0,epa_us06,PPO_seed21
318,31.6634,-31397.367491305173,0.0,0.0,0.46503220177095367,25.20213568900424,-0.05901760806636311,0.0,0.2950880403318155,0.0,0.0,0.0,epa_us06,PPO_seed21
319,31.739,-27310.56528706509,0.0,0.0,0.46485971397847875,25.20300709935281,-0.05133564903583663,0.0,0.25667824517918314,0.0,0.0,0.0,epa_us06,PPO_seed21
320,31.7042,-21794.937380387742,0.0,0.0,0.4647220588884446,25.203622189600402,-0.040967927406743876,0.0,0.20483963703371938,0.0,0.0,0.0,epa_us06,PPO_seed21
321,31.5542,-15861.865864234316,0.0,0.0,0.464621876507524,25.204023047128835,-0.029815537338786308,0.0,0.14907768669393154,0.0,0.0,0.0,epa_us06,PPO_seed21
322,31.3038,-10558.32737322389,0.0,0.0,0.46455519219167873,25.20428586877902,-0.019846480024856936,0.0,0.09923240012428468,0.0,0.0,0.0,epa_us06,PPO_seed21
323,30.9852,-6803.371138276922,0.0,0.0,0.4645122250426309,25.20447941997689,-0.012788291613302485,0.0,0.06394145806651243,0.0,0.0,0.0,epa_us06,PPO_seed21
324,30.6425,-5200.160707139739,0.0,0.0,0.46447938468911243,25.204645885151262,-0.0097747381713153,0.0,0.048873690856576495,0.0,0.0,0.0,epa_us06,PPO_seed21
325,30.3239,-5937.767976346679,0.0,0.0,0.4644418881424277,25.204811100285088,-0.011161218000651653,0.0,0.05580609000325826,0.0,0.0,0.0,epa_us06,PPO_seed21
326,30.0734,-8807.883880593181,0.0,0.0,0.46438626973670144,25.205008453832495,-0.01655617270788192,0.0,0.0827808635394096,0.0,0.0,0.0,epa_us06,PPO_seed21
327,29.9234,-13284.180440582495,0.0,0.0,0.4643023883264266,25.20529369692707,-0.024970263986057326,0.0,0.12485131993028661,0.0,0.0,0.0,epa_us06,PPO_seed21
328,29.8887,-18593.131147010066,0.0,0.0,0.46418498649466966,25.20573631459881,-0.03494949463723697,0.0,0.17474747318618483,0.0,0.0,0.0,epa_us06,PPO_seed21
329,29.9643,-23860.815521412642,0.0,0.0,0.46403432321093613,25.20639083437137,-0.044851156995136546,0.0,0.22425578497568271,0.0,0.0,0.0,epa_us06,PPO_seed21
330,30.126,-28195.97723784198,0.0,0.0,0.4638562833656345,25.20726177735766,-0.05299995721398868,0.0,0.2649997860699434,0.0,0.0,0.0,epa_us06,PPO_seed21
331,30.3349,-30843.252928428497,0.0,0.0,0.46366152120239823,25.208285126034113,-0.05797603933915131,0.0,0.28988019669575654,0.0,0.0,0.0,epa_us06,PPO_seed21
332,30.5437,-31278.301877238715,0.0,0.0,0.4634640036807683,25.20933895989997,-0.05879380052112541,0.0,0.29396900260562703,0.0,0.0,0.0,epa_us06,PPO_seed21
333,30.7055,-29377.38439442627,0.0,0.0,0.46327848235010055,25.210287783641537,-0.05522064735794412,0.0,0.2761032367897206,0.0,0.0,0.0,epa_us06,PPO_seed21
334,30.781,-25401.169576292483,0.0,0.0,0.46311806572921127,25.211032828094165,-0.04774655935393324,0.0,0.2387327967696662,0.0,0.0,0.0,epa_us06,PPO_seed21
335,30.7463,-20063.47106937184,0.0,0.0,0.46299135591551827,25.211548250032898,-0.037713291483781664,0.0,0.1885664574189083,0.0,0.0,0.0,epa_us06,PPO_seed21
336,30.5963,-14313.0083525125,0.0,0.0,0.46290096279731574,25.211874143815184,-0.02690415103855733,0.0,0.13452075519278664,0.0,0.0,0.0,epa_us06,PPO_seed21
337,30.3458,-9180.313509830738,0.0,0.0,0.46284298608736224,25.212081117290484,-0.01725622840193748,0.0,0.08628114200968738,0.0,0.0,0.0,epa_us06,PPO_seed21
338,30.0272,-5564.617208178824,0.0,0.0,0.4628078449748206,25.21223091190063,-0.010459806782291022,0.0,0.05229903391145511,0.0,0.0,0.0,epa_us06,PPO_seed21
339,29.6845,-4032.3349490453083,0.0,0.0,0.46278238159496704,25.21235889759449,-0.0075795769718896774,0.0,0.03789788485944839,0.0,0.0,0.0,epa_us06,PPO_seed21
340,29.3659,-4766.224559486273,0.0,0.0,0.4627522854010174,25.212484960099456,-0.00895906872083886,0.0,0.0447953436041943,0.0,0.0,0.0,epa_us06,PPO_seed21
341,29.1155,-7564.58537028469,0.0,0.0,0.46270452128820255,25.212636633729264,-0.01421914543286596,0.0,0.0710957271643298,0.0,0.0,0.0,epa_us06,PPO_seed21
342,28.9655,-11901.513213761678,0.0,0.0,0.4626293757428645,25.212863137568707,-0.022371265439401652,0.0,0.11185632719700825,0.0,0.0,0.0,epa_us06,PPO_seed21
343,28.9308,-17042.09809829783,0.0,0.0,0.46252177488470314,25.213227982051777,-0.032034018981762835,0.0,0.16017009490881418,0.0,0.0,0.0,epa_us06,PPO_seed21
344,29.0063,-22133.24373314619,0.0,0.0,0.4623820294888816,25.21378182598851,-0.04160384160365826,0.0,0.20801920801829127,0.0,0.0,0.0,epa_us06,PPO_seed21
345,29.168,-26328.507093388107,0.0,0.0,0.46221579303230437,25.214530633438418,-0.04948967498757163,0.0,0.24744837493785815,0.0,0.0,0.0,epa_us06,PPO_seed21
346,29.3769,-28884.511362667297,0.0,0.0,0.46203341232489464,25.21541701880161,-0.05429419429072801,0.0,0.27147097145364,0.0,0.0,0.0,epa_us06,PPO_seed21
347,29.5858,-29303.44339190673,0.0,0.0,0.4618483790153337,25.216330866853344,-0.05508166051110289,0.0,0.2754083025555144,0.0,0.0,0.0,epa_us06,PPO_seed21
348,29.7475,-27446.707072099616,0.0,0.0,0.46167506283792037,25.21714867648579,-0.051591554646803796,0.0,0.25795777323401897,0.0,0.0,0.0,epa_us06,PPO_seed21
349,29.8231,-23600.85240511908,0.0,0.0,0.4615260269433476,25.217782819471623,-0.04436250452090053,0.0,0.22181252260450263,0.0,0.0,0.0,epa_us06,PPO_seed21
350,29.7883,-18421.459598214158,0.0,0.0,0.46140969596547304,25.218211062384636,-0.03462680375604165,0.0,0.17313401878020826,0.0,0.0,0.0,epa_us06,PPO_seed21
351,29.6383,-12862.706789895707,0.0,0.0,0.46132846832536445,25.218472600854046,-0.024178020281758847,0.0,0.12089010140879423,0.0,0.0,0.0,epa_us06,PPO_seed21
352,29.4837,-12426.730621091,0.0,0.0,0.46124999535104294,25.218720077889916,-0.023358516205058272,0.0,0.11679258102529134,0.0,0.0,0.0,epa_us06,PPO_seed21
353,29.2609,-9004.161360421818,0.0,0.0,0.4611931365184272,25.218894071301097,-0.016925115339138756,0.0,0.08462557669569377,0.0,0.0,0.0,epa_us06,PPO_seed21
354,29.014,-7595.871138619364,0.0,0.0,0.46114517213752093,25.219040812499138,-0.014277953268081511,0.0,0.07138976634040756,0.0,0.0,0.0,epa_us06,PPO_seed21
355,28.7912,-8399.61773239255,0.0,0.0,0.4610921343115906,25.219194451967358,-0.01578875513607622,0.0,0.0789437756803811,0.0,0.0,0.0,epa_us06,PPO_seed21
356,28.6365,-11238.972262039555,0.0,0.0,0.46102117008232046,25.219396490196054,-0.02112588771060067,0.0,0.10562943855300334,0.0,0.0,0.0,epa_us06,PPO_seed21
357,28.5823,-15634.126612298614,0.0,0.0,0.46092245624937944,25.219707768307167,-0.02938745603815529,0.0,0.14693728019077645,0.0,0.0,0.0,epa_us06,PPO_seed21
358,28.6434,-20863.584924915165,0.0,0.0,0.46079072408022514,25.220199593202825,-0.03921726489645708,0.0,0.19608632448228538,0.0,0.0,0.0,epa_us06,PPO_seed21
359,28.8147,-26094.02224785446,0.0,0.0,0.46062596455525634,25.22092638713808,-0.04904891399972643,0.0,0.24524456999863214,0.0,0.0,0.0,epa_us06,PPO_seed21
360,29.0722,-30479.391218111647,0.0,0.0,0.46043350910283753,25.221892761369794,-0.05729208875584896,0.0,0.2864604437792448,0.0,0.0,0.0,epa_us06,PPO_seed21
361,29.3769,-33262.32228266732,0.0,0.0,0.4602234714076286,25.2230332488749,-0.0625231621854649,0.0,0.3126158109273245,0.0,0.0,0.0,epa_us06,PPO_seed21
362,29.6816,-33920.29671986363,0.0,0.0,0.46000926682376,25.2242221621662,-0.06375995624034518,0.0,0.31879978120172586,0.0,0.0,0.0,epa_us06,PPO_seed21
363,29.9391,-32285.700820966336,0.0,0.0,0.4598053729704585,25.225314491936796,-0.060687407558207396,0.0,0.303437037791037,0.0,0.0,0.0,epa_us06,PPO_seed21
364,30.1104,-28614.44596630237,0.0,0.0,0.4596246551759104,25.226199425452673,-0.053786552568237535,0.0,0.26893276284118767,0.0,0.0,0.0,epa_us06,PPO_seed21
365,30.1715,-23565.561409266313,0.0,0.0,0.4594758188675909,25.226837078283413,-0.044296168062530665,0.0,0.2214808403126533,0.0,0.0,0.0,epa_us06,PPO_seed21
366,30.1173,-18063.857376156604,0.0,0.0,0.4593617284766886,25.227257711776407,-0.03395461912811392,0.0,0.16977309564056958,0.0,0.0,0.0,epa_us06,PPO_seed21
367,29.9626,-13123.738191092249,0.0,0.0,0.45927883981870926,25.2275300850191,-0.02466868081032378,0.0,0.12334340405161888,0.0,0.0,0.0,epa_us06,PPO_seed21
368,29.7399,-9648.677937204238,0.0,0.0,0.45921790059027723,25.227723327846824,-0.018136612663917744,0.0,0.09068306331958871,0.0,0.0,0.0,epa_us06,PPO_seed21
369,29.4929,-8200.87212974484,0.0,0.0,0.45916610702181815,25.22788677988193,-0.015415173176212105,0.0,0.07707586588106052,0.0,0.0,0.0,epa_us06,PPO_seed21
370,29.2702,-9020.912323910612,0.0,0.0,0.459109136368426,25.228058126079905,-0.016956602112613933,0.0,0.08478301056306967,0.0,0.0,0.0,epa_us06,PPO_seed21
371,29.1155,-11898.91280361806,0.0,0.0,0.4590339922912644,25.228281939099197,-0.022366377450409886,0.0,0.11183188725204943,0.0,0.0,0.0,epa_us06,PPO_seed21
372,29.0613,-16366.317631474109,0.0,0.0,0.4589306376351358,25.22862268725845,-0.030763754946379902,0.0,0.1538187747318995,0.0,0.0,0.0,epa_us06,PPO_seed21
373,29.1224,-21684.656020746286,0.0,0.0,0.4587936976309355,25.229154991205974,-0.04076063161794415,0.0,0.20380315808972074,0.0,0.0,0.0,epa_us06,PPO_seed21
374,29.2937,-27005.561342156187,0.0,0.0,0.4586231530411621,25.22993528321679,-0.05076233334991764,0.0,0.2538116667495882,0.0,0.0,0.0,epa_us06,PPO_seed21
375,29.5512,-31467.813825320965,0.0,0.0,0.45842442176755605,25.230967688496737,-0.059150025987445426,0.0,0.2957501299372271,0.0,0.0,0.0,epa_us06,PPO_seed21
376,29.8559,-34301.0329717069,0.0,0.0,0.4582077869917015,25.232183123755732,-0.06447562588666711,0.0,0.32237812943333555,0.0,0.0,0.0,epa_us06,PPO_seed21
377,30.1606,-34974.28259647719,0.0,0.0,0.45798688741675414,25.233449714378793,-0.0657411327001451,0.0,0.3287056635007255,0.0,0.0,0.0,epa_us06,PPO_seed21
378,30.4181,-33317.548311990206,0.0,0.0,0.45777643953626174,25.234615399398894,-0.06262697051125979,0.0,0.3131348525562989,0.0,0.0,0.0,epa_us06,PPO_seed21
379,30.5894,-29590.79541293851,0.0,0.0,0.4575895218372108,25.235563614259668,-0.05562179588898217,0.0,0.2781089794449108,0.0,0.0,0.0,epa_us06,PPO_seed21
380,30.6505,-24462.92561101011,0.0,0.0,0.4574349899142547,25.236251628197664,-0.04598294287783855,0.0,0.22991471438919275,0.0,0.0,0.0,epa_us06,PPO_seed21
381,30.5963,-18872.536970290304,0.0,0.0,0.45731577023671316,25.23671005635993,-0.03547469355317727,0.0,0.17737346776588633,0.0,0.0,0.0,epa_us06,PPO_seed21
382,30.4416,-13849.645666421382,0.0,0.0,0.45722828081969147,25.23701034286557,-0.02603316854590486,0.0,0.13016584272952428,0.0,0.0,0.0,epa_us06,PPO_seed21
383,30.2188,-10307.790877331956,0.0,0.0,0.4571631668545953,25.237225201029844,-0.019375546761902174,0.0,0.09687773380951087,0.0,0.0,0.0,epa_us06,PPO_seed21
384,29.9719,-8838.964182652426,0.0,0.0,0.4571073331351919,25.237407855188636,-0.016614594328294034,0.0,0.08307297164147016,0.0,0.0,0.0,epa_us06,PPO_seed21
385,29.7491,-9656.575472179009,0.0,0.0,0.45704633687195556,25.23759910577041,-0.018151457654471823,0.0,0.09075728827235911,0.0,0.0,0.0,epa_us06,PPO_seed21
386,29.5945,-12586.9431616683,0.0,0.0,0.45696683322362686,25.237847353470407,-0.023659667597120865,0.0,0.11829833798560432,0.0,0.0,0.0,epa_us06,PPO_seed21
387,29.5402,-17117.19578949332,0.0,0.0,0.45685871695456104,25.23822033663657,-0.03217518005543857,0.0,0.16087590027719284,0.0,0.0,0.0,epa_us06,PPO_seed21
388,29.6013,-22529.04011362521,0.0,0.0,0.4567164185612838,25.238796526434566,-0.04234781976245341,0.0,0.21173909881226702,0.0,0.0,0.0,epa_us06,PPO_seed21
389,29.7727,-27945.361719241762,0.0,0.0,0.4565399065461118,25.239634530155925,-0.05252887541210858,0.0,0.2626443770605429,0.0,0.0,0.0,epa_us06,PPO_seed21
390,30.0302,-32480.074120653313,0.0,0.0,0.4563347445624421,25.240737446167696,-0.06105277090348367,0.0,0.30526385451741833,0.0,0.0,0.0,epa_us06,PPO_seed21
391,30.3349,-35363.827137317414,0.0,0.0,0.45611135596285574,25.242032670290694,-0.06647335928067183,0.0,0.33236679640335914,0.0,0.0,0.0,epa_us06,PPO_seed21
392,30.6395,-36047.60390974159,0.0,0.0,0.4558836345643525,25.2433815627351,-0.06775865396567969,0.0,0.3387932698283984,0.0,0.0,0.0,epa_us06,PPO_seed21
393,30.897,-34373.709655087805,0.0,0.0,0.45566647452886516,25.24462541082946,-0.06461223619377407,0.0,0.3230611809688703,0.0,0.0,0.0,epa_us06,PPO_seed21
394,31.0684,-30596.652881420356,0.0,0.0,0.4554731663410052,25.24564162873239,-0.057512505416203674,0.0,0.28756252708101837,0.0,0.0,0.0,epa_us06,PPO_seed21
395,31.1295,-25385.014259132407,0.0,0.0,0.45531277894336264,25.24638390899969,-0.0477161922164143,0.0,0.2385809610820715,0.0,0.0,0.0,epa_us06,PPO_seed21
396,31.0752,-19700.886788173968,0.0,0.0,0.4551883026122921,25.24688326951521,-0.037031742083033774,0.0,0.18515871041516888,0.0,0.0,0.0,epa_us06,PPO_seed21
397,30.9206,-14604.918948551587,0.0,0.0,0.4550960243228062,25.247214412664274,-0.02745285516645035,0.0,0.13726427583225176,0.0,0.0,0.0,epa_us06,PPO_seed21
398,30.6978,-10996.042315595338,0.0,0.0,0.45502654932644704,25.247453416353935,-0.020669252472923567,0.0,0.10334626236461783,0.0,0.0,0.0,epa_us06,PPO_seed21
399,30.4509,-9496.645499920876,0.0,0.0,0.45496654964295596,25.247657463322312,-0.01785083740586631,0.0,0.08925418702933155,0.0,0.0,0.0,epa_us06,PPO_seed21
400,30.2281,-10320.920294952519,0.0,0.0,0.4549013444806853,25.247870978124602,-0.019400226118331806,0.0,0.09700113059165902,0.0,0.0,0.0,epa_us06,PPO_seed21
401,30.0734,-13289.488778370816,0.0,0.0,0.4548173871810889,25.24814593293369,-0.0249802420646068,0.0,0.12490121032303399,0.0,0.0,0.0,epa_us06,PPO_seed21
402,30.0192,-17901.24833817198,0.0,0.0,0.4547042969350881,25.24855433983722,-0.03364896304167666,0.0,0.16824481520838327,0.0,0.0,0.0,epa_us06,PPO_seed21
403,30.0803,-23397.476159956936,0.0,0.0,0.45455648488155237,25.249177831666934,-0.043980218345783716,0.0,0.21990109172891856,0.0,0.0,0.0,epa_us06,PPO_seed21
404,30.2516,-28899.71306047697,0.0,0.0,0.4543739096505767,25.250077027044135,-0.054322768910671,0.0,0.27161384455335497,0.0,0.0,0.0,epa_us06,PPO_seed21
405,30.5092,-33521.30436846103,0.0,0.0,0.4541621296387053,25.251255267352846,-0.06300997061740796,0.0,0.31504985308703976,0.0,0.0,0.0,epa_us06,PPO_seed21
406,30.8138,-36446.068343676976,0.0,0.0,0.4539318597609295,25.252634818624454,-0.06850764726255071,0.0,0.34253823631275354,0.0,0.0,0.0,epa_us06,PPO_seed21
407,31.1185,-37155.39564946397,0.0,0.0,0.45369709408612835,25.254071701095782,-0.06984096926590973,0.0,0.3492048463295486,0.0,0.0,0.0,epa_us06,PPO_seed21
408,31.376,-35455.012249867905,0.0,0.0,0.4534730585018603,25.25539860497398,-0.06664475986817275,0.0,0.33322379934086377,0.0,0.0,0.0,epa_us06,PPO_seed21
409,31.5474,-31622.81354721138,0.0,0.0,0.45327322732639946,25.256487046574755,-0.05944137884814169,0.0,0.29720689424070845,0.0,0.0,0.0,epa_us06,PPO_seed21
410,31.6084,-26327.096487507042,0.0,0.0,0.4531068544052577,25.257287273492455,-0.0494870234727576,0.0,0.24743511736378798,0.0,0.0,0.0,epa_us06,PPO_seed21
411,31.5542,-20564.14286867879,0.0,0.0,0.45297689767809135,25.25783127850166,-0.03865440388849398,0.0,0.19327201944246986,0.0,0.0,0.0,epa_us06,PPO_seed21
412,31.3996,-15380.39919516854,0.0,0.0,0.45287970012889556,25.25819597657036,-0.028910524802948385,0.0,0.14455262401474192,0.0,0.0,0.0,epa_us06,PPO_seed21
413,31.1768,-11709.056355122413,0.0,0.0,0.45280570529770797,25.258461571084943,-0.02200950442692183,0.0,0.11004752213460915,0.0,0.0,0.0,epa_us06,PPO_seed21
414,30.9299,-10178.89025479139,0.0,0.0,0.45274138227240013,25.258689274574806,-0.019133252358630434,0.0,0.09566626179315216,0.0,0.0,0.0,epa_us06,PPO_seed21
415,30.7071,-11009.648832104707,0.0,0.0,0.4526718119175751,25.258927344432987,-0.02069482863177577,0.0,0.10347414315887883,0.0,0.0,0.0,epa_us06,PPO_seed21
416,30.5524,-14021.042064253277,0.0,0.0,0.45258321520856964,25.25923164132504,-0.026355342226039996,0.0,0.13177671113019998,0.0,0.0,0.0,epa_us06,PPO_seed21
417,30.4982,-18704.920948318915,0.0,0.0,0.45246502409946465,25.259678255773622,-0.03515962584270473,0.0,0.17579812921352364,0.0,0.0,0.0,epa_us06,PPO_seed21
418,30.5593,-24290.17669673397,0.0,0.0,0.4523115416519258,25.26035252378639,-0.0456582268735601,0.0,0.2282911343678005,0.0,0.0,0.0,epa_us06,PPO_seed21
419,30.7306,-29883.296108009657,0.0,0.0,0.4521227145726041,25.26131723940832,-0.056171609225582064,0.0,0.2808580461279103,0.0,0.0,0.0,epa_us06,PPO_seed21
420,30.9881,-34577.42921265757,0.0,0.0,0.4519042180184435,25.262574804657774,-0.06499516769296536,0.0,0.32497583846482675,0.0,0.0,0.0,epa_us06,PPO_seed21
421,31.2928,-37562.976657075,0.0,0.0,0.4516668431339054,25.264044370396643,-0.0706070989794643,0.0,0.35303549489732144,0.0,0.0,0.0,epa_us06,PPO_seed21
422,31.342,-25221.92564507555,0.0,0.0,0.4515074462442604,25.26478247293128,-0.04740963467119464,0.0,0.2370481733559732,0.0,0.0,0.0,epa_us06,PPO_seed21
423,31.3441,-22929.55561606046,0.0,0.0,0.4513625341659124,25.26541648452553,-0.04310066845124147,0.0,0.21550334225620735,0.0,0.0,0.0,epa_us06,PPO_seed21
424,31.26,-18579.974790820368,0.0,0.0,0.451245109912953,25.265878182884936,-0.03492476464439919,0.0,0.17462382322199593,0.0,0.0,0.0,epa_us06,PPO_seed21
425,31.0656,-12913.711754187294,0.0,0.0,0.4511634966238161,25.266167281015093,-0.024273894274788148,0.0,0.12136947137394073,0.0,0.0,0.0,epa_us06,PPO_seed21
426,30.7559,-6923.68536345888,0.0,0.0,0.4511197408079184,25.266337837638552,-0.013014446171915188,0.0,0.06507223085957593,0.0,0.0,0.0,epa_us06,PPO_seed21
427,30.3458,-1646.4628964973538,0.0,0.0,0.45110933608776044,25.266457295137617,-0.0030948550686040483,0.0,0.015474275343020242,0.0,0.0,0.0,epa_us06,PPO_seed21
428,29.8676,1474.1183408413292,0.0,0.0,0.451118651100813,25.266566133452226,0.07977972795019464,0.0,0.013854495684598959,0.05896473363365317,0.0,0.0,epa_us06,PPO_seed21
429,29.3652,2613.912058914198,0.0,0.0,0.4511351673308897,25.266668460362606,0.14146570676740147,0.0,0.024566842658968028,0.10455648235656792,0.0,0.0,epa_us06,PPO_seed21
430,28.887,2127.879680987178,0.0,0.0,0.45114861153670005,25.266757852903968,0.11516148829883989,0.0,0.01999886918221032,0.08511518723948712,0.0,0.0,epa_us06,PPO_seed21
431,28.4769,0.0,0.0,208.31208135481756,0.45114861153670005,25.26683315586915,0.0,0.0,0.0,0.0,0.0,0.0,epa_us06,PPO_seed21
432,28.1672,-3823.3764010077143,0.0,0.0,0.4511244580841086,25.26691420951185,-0.007186797746255103,0.0,0.03593398873127551,0.0,0.0,0.0,epa_us06,PPO_seed21
433,27.9728,-8635.181964036361,0.0,0.0,0.4510699093731557,25.267046348499242,-0.016231545045181133,0.0,0.08115772522590566,0.0,0.0,0.0,epa_us06,PPO_seed21
434,27.8887,-13317.529398650127,0.0,0.0,0.45098578429609126,25.267272714091305,-0.025032949997462646,0.0,0.12516474998731322,0.0,0.0,0.0,epa_us06,PPO_seed21
435,27.8908,-17060.292932925295,0.0,0.0,0.45087801758086377,25.267605758897275,-0.032068219798731756,0.0,0.16034109899365878,0.0,0.0,0.0,epa_us06,PPO_seed21
436,27.94,-19182.429293899782,0.0,0.0,0.45075684509992026,25.268011974191168,-0.03605719792086425,0.0,0.18028598960432127,0.0,0.0,0.0,epa_us06,PPO_seed21
437,27.9892,-19261.33748780761,0.0,0.0,0.4506351726349909,25.268421776936343,-0.03620552159362333,0.0,0.18102760796811665,0.0,0.0,0.0,epa_us06,PPO_seed21
438,27.9913,-17213.881571313734,0.0,0.0,0.45052643242115664,25.268761076156313,-0.03235692024683033,0.0,0.16178460123415164,0.0,0.0,0.0,epa_us06,PPO_seed21
439,27.9072,-13343.242996918634,0.0,0.0,0.4504421426115741,25.26898745323449,-0.02508128382879443,0.0,0.12540641914397213,0.0,0.0,0.0,epa_us06,PPO_seed21
440,27.7128,-8319.814335402907,0.0,0.0,0.4503895864377865,25.26910837176864,-0.015638748750757346,0.0,0.07819374375378672,0.0,0.0,0.0,epa_us06,PPO_seed21
441,27.4031,-3037.854805707818,0.0,0.0,0.45037039683032826,25.269168477452794,-0.005710253394187628,0.0,0.028551266970938138,0.0,0.0,0.0,epa_us06,PPO_seed21
442,26.993,1134.8300896732942,0.0,0.0,0.45037756504938453,25.269215539838623,0.06141734575540129,0.0,0.010665696331515923,0.04539320358693177,0.0,0.0,epa_us06,PPO_seed21
443,26.5148,3423.29201031379,0.0,0.0,0.45039918725596634,25.269265841308254,0.18526959315968916,0.0,0.03217379708941532,0.1369316804125516,0.0,0.0,epa_us06,PPO_seed21
444,26.0124,4353.077865542759,0.0,0.0,0.45042668046720685,25.269315962595726,0.23558988327952465,0.0,0.04091238595434924,0.17412311462171037,0.0,0.0,epa_us06,PPO_seed21
445,25.5342,3846.5146195496186,0.0,0.0,0.45045097277975454,25.269355247623984,0.20817452805652747,0.0,0.03615145319125582,0.15386058478198475,0.0,0.0,epa_us06,PPO_seed21
446,25.1241,2088.677609711917,0.0,0.0,0.4504641628464764,25.269378396202963,0.11303986041132613,0.0,0.019630428662705986,0.08354710438847668,0.0,0.0,epa_us06,PPO_seed21
447,24.8144,-785.3979480959812,0.0,0.0,0.45045920328852074,25.269392796751244,-0.0014763119325112428,0.0,0.007381559662556214,0.0,0.0,0.0,epa_us06,PPO_seed21
448,24.62,-5056.341421877741,0.0,0.0,0.4504272752433044,25.269427028149543,-0.009504401168943123,0.0,0.04752200584471561,0.0,0.0,0.0,epa_us06,PPO_seed21
449,24.5359,-9189.44981049741,0.0,0.0,0.45036925022966473,25.269514927785213,-0.01727340189943122,0.0,0.0863670094971561,0.0,0.0,0.0,epa_us06,PPO_seed21
450,24.538,-12481.99123352524,0.0,0.0,0.45029043574071115,25.269669713283978,-0.02346238953670158,0.0,0.11731194768350789,0.0,0.0,0.0,epa_us06,PPO_seed21
451,24.5872,-14343.261800028358,0.0,0.0,0.45019986837534537,25.26987197946058,-0.026961018421105938,0.0,0.13480509210552968,0.0,0.0,0.0,epa_us06,PPO_seed21
452,24.6364,-14406.924145913086,0.0,0.0,0.4501088980947852,25.270076452274512,-0.027080684484799035,0.0,0.13540342242399517,0.0,0.0,0.0,epa_us06,PPO_seed21
453,24.6385,-12604.4653370643,0.0,0.0,0.4500293083395213,25.27023500819681,-0.023692604017038158,0.0,0.11846302008519079,0.0,0.0,0.0,epa_us06,PPO_seed21
454,24.5544,-9209.445256422832,0.0,0.0,0.4499711559088719,25.270322927106417,-0.01731098732410307,0.0,0.08655493662051535,0.0,0.0,0.0,epa_us06,PPO_seed21
455,24.36,-4821.167992871936,0.0,0.0,0.44994071320841256,25.27035111240807,-0.009062345851263037,0.0,0.045311729256315186,0.0,0.0,0.0,epa_us06,PPO_seed21
456,24.0503,-235.03551956037964,0.0,0.0,0.44993922913832757,25.27035490962457,-0.0004417960893992099,0.0,0.0022089804469960493,0.0,0.0,0.0,epa_us06,PPO_seed21
457,23.6402,2687.0149379003687,0.0,0.0,0.44995619493982136,25.27036206941325,0.14542205656396132,0.0,0.0252538997922967,0.10748059751601476,0.0,0.0,epa_us06,PPO_seed21
458,23.162,4617.974559062839,0.0,0.0,0.4499853514365634,25.27037863774637,0.24992617200100986,0.0,0.04340201653254548,0.18471898236251355,0.0,0.0,epa_us06,PPO_seed21
459,22.6596,5352.048580044782,0.0,0.0,0.45001914088421735,25.27039794409681,0.2896544787906943,0.0,0.0503012084590675,0.2140819432017913,0.0,0.0,epa_us06,PPO_seed21
460,22.1814,4838.5618721864175,0.0,0.0,0.4500496868743572,25.270408188246172,0.261864423729307,0.0,0.04547520556566182,0.1935424748874567,0.0,0.0,epa_us06,PPO_seed21
461,21.7713,3254.1250407734497,0.0,0.0,0.45007022924372087,25.27040259774616,0.17611422589088188,0.0,0.030583881962156483,0.130165001630938,0.0,0.0,epa_us06,PPO_seed21
462,21.4616,915.7525255200705,0.0,0.0,0.45007600988360363,25.27038474478379,0.0495608020954396,0.0,0.008606696668421716,0.03663010102080282,0.0,0.0,epa_us06,PPO_seed21
463,21.2672,-2450.519899715621,0.0,0.0,0.4500605416162588,25.2703695584048,-0.004606240412999288,0.0,0.023031202064996436,0.0,0.0,0.0,epa_us06,PPO_seed21
464,21.1831,-6031.065485250412,0.0,0.0,0.45002247285781105,25.27038188064751,-0.011336589257989497,0.0,0.05668294628994748,0.0,0.0,0.0,epa_us06,PPO_seed21
465,21.1852,-8873.46779215446,0.0,0.0,0.44996646292879333,25.270433936758018,-0.016679450737132447,0.0,0.08339725368566223,0.0,0.0,0.0,epa_us06,PPO_seed21
466,21.2344,-10475.817021366987,0.0,0.0,0.44990033864624984,25.27051551278413,-0.019691385378509375,0.0,0.09845692689254687,0.0,0.0,0.0,epa_us06,PPO_seed21
467,21.2836,-10526.177976408851,0.0,0.0,0.44983389589119127,25.270598425577788,-0.01978604882783619,0.0,0.09893024413918093,0.0,0.0,0.0,epa_us06,PPO_seed21
468,21.2857,-8968.799270328424,0.0,0.0,0.44977728303278725,25.27065276432958,-0.01685864524497824,0.0,0.0842932262248912,0.0,0.0,0.0,epa_us06,PPO_seed21
469,21.2016,-6046.073926349811,0.0,0.0,0.44973911887817986,25.27066532336917,-0.011364800613439495,0.0,0.05682400306719747,0.0,0.0,0.0,epa_us06,PPO_seed21
470,21.0072,-2285.2650836118114,0.0,0.0,0.44972469388053093,25.270647453918293,-0.004295611059420698,0.0,0.02147805529710349,0.0,0.0,0.0,epa_us06,PPO_seed21
471,20.6975,1164.4416993362718,0.0,0.0,0.4497320438969464,25.270624575347572,0.0630199349761089,0.0,0.010944000933611578,0.04657766797345087,0.0,0.0,epa_us06,PPO_seed21
472,20.2874,3566.5067621510007,0.0,0.0,0.4497545551703982,25.270610591878942,0.1930204186012248,0.0,0.03351980039615602,0.14266027048604002,0.0,0.0,epa_us06,PPO_seed21
473,19.8092,5153.571490036028,0.0,0.0,0.44978708251173743,25.27060754673193,0.27891283898706265,0.0,0.0484358222747747,0.20614285960144113,0.0,0.0,epa_us06,PPO_seed21
474,19.3068,5706.229705368528,0.0,0.0,0.4498230964730986,25.270607877295152,0.3088228678138546,0.0,0.05362997843391474,0.2282491882147411,0.0,0.0,epa_us06,PPO_seed21
475,18.8286,5199.426941845373,0.0,0.0,0.44985591040426154,25.270600723135342,0.2813945498300977,0.0,0.04886679456621591,0.20797707767381493,0.0,0.0,epa_us06,PPO_seed21
476,18.4185,3800.05987748729,0.0,0.0,0.4498798918704375,25.270579642224963,0.20566038344476323,0.0,0.035714848472624905,0.1520023950994916,0.0,0.0,epa_us06,PPO_seed21
477,18.1088,1786.2916386699185,0.0,0.0,0.4498911644380363,25.270546296687282,0.09667464071538401,0.0,0.016788455250657128,0.07145166554679674,0.0,0.0,epa_us06,PPO_seed21
478,17.9144,-685.2097545673658,0.0,0.0,0.4498868404673266,25.27050921702456,-0.0012879882604649735,0.0,0.006439941302324867,0.0,0.0,0.0,epa_us06,PPO_seed21
479,17.8303,-3709.8687799259915,0.0,0.0,0.44986342997227885,25.27048406113701,-0.006973437556251863,0.0,0.034867187781259315,0.0,0.0,0.0,epa_us06,PPO_seed21
480,17.8324,-6102.214965829817,0.0,0.0,0.4498249231901901,25.270480959818993,-0.011470328883138753,0.0,0.057351644415693764,0.0,0.0,0.0,epa_us06,PPO_seed21
481,17.8816,-7447.587314932007,0.0,0.0,0.4497779265586411,25.27049525155767,-0.013999224276187983,0.0,0.06999612138093991,0.0,0.0,0.0,epa_us06,PPO_seed21
482,17.9308,-7486.591336311834,0.0,0.0,0.44973068342634487,25.270510323490274,-0.014072540105849313,0.0,0.07036270052924656,0.0,0.0,0.0,epa_us06,PPO_seed21
483,17.9329,-6174.375728123372,0.0,0.0,0.4496917205488834,25.270508564466247,-0.011605969413765738,0.0,0.05802984706882868,0.0,0.0,0.0,epa_us06,PPO_seed21
484,17.8488,-3720.621363716424,0.0,0.0,0.4496682418088143,25.270483745080966,-0.006993649179918091,0.0,0.03496824589959045,0.0,0.0,0.0,epa_us06,PPO_seed21
485,17.6544,-579.5979646388702,0.0,0.0,0.44966458431357664,25.270445783591118,-0.001089469858343741,0.0,0.0054473492917187045,0.0,0.0,0.0,epa_us06,PPO_seed21
486,17.3447,1909.1518630973665,0.0,0.0,0.4496766316303278,25.27041027936861,0.10332387301184091,0.0,0.017943156608057956,0.07636607452389466,0.0,0.0,epa_us06,PPO_seed21
487,16.9346,3868.7110653730583,0.0,0.0,0.44970104375311964,25.270384584037473,0.20937580638011483,0.0,0.036360066403882126,0.15474844261492232,0.0,0.0,epa_us06,PPO_seed21
488,16.4564,5125.4883061813325,0.0,0.0,0.44973338533541773,25.270368517905954,0.27739296863077617,0.0,0.04817188257689222,0.2050195322472533,0.0,0.0,epa_us06,PPO_seed21
489,15.954,5511.026744461528,0.0,0.0,0.4497681584680337,25.270355187050058,0.2982584248619104,0.0,0.05179536413967602,0.22044106977846115,0.0,0.0,epa_us06,PPO_seed21
490,15.4758,5024.515331474578,0.0,0.0,0.4497998607581475,25.270335890226725,0.2719282808718346,0.0,0.047222888453708436,0.20098061325898312,0.0,0.0,epa_us06,PPO_seed21
491,15.0657,3821.887622801307,0.0,0.0,0.4498239742853451,25.270305545426844,0.20684170758589326,0.0,0.0359199964548995,0.15287550491205226,0.0,0.0,epa_us06,PPO_seed21
492,14.756,2141.536319768092,0.0,0.0,0.44983748557782105,25.270264947111258,0.11590058969692277,0.0,0.020127221050451994,0.0856614527907237,0.0,0.0,epa_us06,PPO_seed21
493,14.5616,0.0,0.0,267.9095927164135,0.44983748557782105,25.27021947778225,0.0,0.0,0.0,0.0,0.0,0.0,epa_us06,PPO_seed21
494,14.4775,-2093.35205154095,0.0,0.0,0.44982427869544556,25.270177884299034,-0.003934872277332613,0.0,0.019674361386663064,0.0,0.0,0.0,epa_us06,PPO_seed21
495,14.4796,-4035.72511156819,0.0,0.0,0.4497988175457913,25.270147506884697,-0.007585949457834944,0.0,0.03792974728917472,0.0,0.0,0.0,epa_us06,PPO_seed21
496,14.5288,-5126.065037740663,0.0,0.0,0.4497664774017045,25.27012668287445,-0.009635460597256887,0.0,0.04817730298628443,0.0,0.0,0.0,epa_us06,PPO_seed21
497,14.578,-5155.656582638594,0.0,0.0,0.4497339503384989,25.27010628740545,-0.009691083801952244,0.0,0.04845541900976122,0.0,0.0,0.0,epa_us06,PPO_seed21
498,14.5801,-4088.6870674658903,0.0,0.0,0.44970815461291985,25.270076650081933,-0.0076855020065148315,0.0,0.03842751003257416,0.0,0.0,0.0,epa_us06,PPO_seed21
499,14.496,-2100.5799255395127,0.0,0.0,0.4496949019120158,25.27003535777384,-0.0039484585066532196,0.0,0.019742292533266096,0.0,0.0,0.0,epa_us06,PPO_seed21
500,14.3016,0.0,0.0,308.40552506134264,0.4496949019120158,25.269989751833684,0.0,0.0,0.0,0.0,0.0,0.0,epa_us06,PPO_seed21
501,13.9919,2160.310420147707,0.0,0.0,0.4497085312502176,25.2699483043978,0.1169166496558135,0.0,0.020303669362290482,0.08641241680590829,0.0,0.0,epa_us06,PPO_seed21
502,13.5818,3689.0333505144117,0.0,0.0,0.4497318048319405,25.26991493387261,0.1996515944135544,0.0,0.03467136607626327,0.14756133402057647,0.0,0.0,epa_us06,PPO_seed21
503,13.1036,4629.1305104465955,0.0,0.0,0.44976100867725677,25.269888500128623,0.2505299354450721,0.0,0.04350686569968605,0.18516522041786382,0.0,0.0,epa_us06,PPO_seed21
504,12.6012,4861.8452002719105,0.0,0.0,0.4497916798655418,25.269863656763434,0.26312452444779855,0.0,0.04569403383714202,0.1944738080108764,0.0,0.0,epa_us06,PPO_seed21
505,12.123,4409.232544021676,0.0,0.0,0.4498194950110177,25.269834359607643,0.23862899136742877,0.0,0.04144015548892553,0.17636930176086707,0.0,0.0,epa_us06,PPO_seed21
506,11.7129,3415.0137796633694,0.0,0.0,0.4498410377382362,25.269797285639353,0.18482157282719497,0.0,0.03209599416976851,0.13660055118653477,0.0,0.0,epa_us06,PPO_seed21
507,11.4032,2076.892071762675,0.0,0.0,0.44985413902232935,25.269752942041357,0.1124020235529905,0.0,0.01951966232859657,0.08307568287050701,0.0,0.0,epa_us06,PPO_seed21
508,11.2088,84.12034367211163,0.0,530.692679495111,0.449854669656211,25.269704316814554,0.004552618298886162,0.0,0.0007906047337604477,0.0033648137468844652,0.0,0.0,epa_us06,PPO_seed21
509,11.1247,-1049.007657112259,0.0,0.0,0.4498480525240018,25.26965664973604,-0.0019718189043463515,0.0,0.009859094521731757,0.0,0.0,0.0,epa_us06,PPO_seed21
510,11.1268,-2541.490586386311,0.0,0.0,0.4498320208569333,25.269614050405803,-0.004777237944335171,0.0,0.023886189721675853,0.0,0.0,0.0,epa_us06,PPO_seed21
511,11.176,-3378.742546809593,0.0,0.0,0.4498107077576391,25.269576201695934,-0.006351019824830062,0.0,0.03175509912415031,0.0,0.0,0.0,epa_us06,PPO_seed21
512,11.2252,-3400.8660724062743,0.0,0.0,0.4497892549764396,25.269538569332884,-0.006392605399259914,0.0,0.03196302699629957,0.0,0.0,0.0,epa_us06,PPO_seed21
513,11.2273,-2579.225645372738,0.0,0.0,0.44977298503673874,25.26949633945527,-0.004848168506339734,0.0,0.024240842531698666,0.0,0.0,0.0,epa_us06,PPO_seed21
514,11.1432,-1053.4419688359276,0.0,0.0,0.44976633983088116,25.269448875540782,-0.0019801540767592626,0.0,0.009900770383796312,0.0,0.0,0.0,epa_us06,PPO_seed21
515,10.9488,0.0,0.0,627.1628215515032,0.44976633983088116,25.26940032202479,0.0,0.0,0.0,0.0,0.0,0.0,epa_us06,PPO_seed21
516,10.6391,2013.3228734351005,0.0,0.0,0.44977903993982554,25.269355543313175,0.10896163942094626,0.0,0.018922207457096808,0.08053291493740403,0.0,0.0,epa_us06,PPO_seed21
517,10.229,3122.8791205229295,0.0,0.0,0.44979873891118993,25.26931602428134,0.16901115721446652,0.0,0.029350367674087684,0.12491516482091718,0.0,0.0,epa_us06,PPO_seed21
518,9.7508,3759.9036057797457,0.0,0.0,0.4498224558119841,25.26928048886909,0.20348711394287675,0.0,0.03533743990394498,0.15039614423118983,0.0,0.0,epa_us06,PPO_seed21
519,9.2484,3854.09057574741,0.0,0.0,0.4498467663880933,25.269245452237584,0.20858454108443503,0.0,0.03622265578709972,0.15416362302989642,0.0,0.0,epa_us06,PPO_seed21
520,8.7702,3448.9840824345943,0.0,0.0,0.4498685212701656,25.269207444767282,0.18666005582980605,0.0,0.03241526393265596,0.13795936329738376,0.0,0.0,epa_us06,PPO_seed21
521,8.3601,2674.843851021362,0.0,0.0,0.4498853929001476,25.269164809347316,0.14476335368159218,0.0,0.025139509878020317,0.10699375404085447,0.0,0.0,epa_us06,PPO_seed21
522,8.0504,1687.7643976014651,0.0,0.0,0.44989603837116204,25.269117997878922,0.09134231679650637,0.0,0.015862447345878432,0.06751057590405861,0.0,0.0,epa_us06,PPO_seed21
523,7.856,642.7647710118288,0.0,0.0,0.4499000925345477,25.269068823000264,0.034786622719873254,0.0,0.006041022283945759,0.02571059084047315,0.0,0.0,epa_us06,PPO_seed21
524,7.7719,-444.32795365663435,0.0,0.0,0.449897290002132,25.269019421987736,-0.0008352029204072074,0.0,0.004176014602036037,0.0,0.0,0.0,epa_us06,PPO_seed21
525,7.774,-1487.0037473011682,0.0,0.0,0.4498879109572198,25.268971937025988,-0.002795119825754076,0.0,0.013975599128770378,0.0,0.0,0.0,epa_us06,PPO_seed21
526,7.8232,-2073.1121991556843,0.0,0.0,0.4498748350899683,25.2689264572907,-0.0038968274420219627,0.0,0.019484137210109814,0.0,0.0,0.0,epa_us06,PPO_seed21
527,7.8724,-2089.7121626316343,0.0,0.0,0.449861654460014,25.26888107639698,-0.0039280303808865305,0.0,0.019640151904432652,0.0,0.0,0.0,epa_us06,PPO_seed21
528,7.8745,-1513.4838188608132,0.0,0.0,0.4498521082837447,25.26883375561968,-0.002844894396354912,0.0,0.01422447198177456,0.0,0.0,0.0,epa_us06,PPO_seed21
529,7.7904,-446.69985062250606,0.0,0.0,0.44984929075396113,25.268784468703853,-0.0008396613733505754,0.0,0.004198306866752877,0.0,0.0,0.0,epa_us06,PPO_seed21
530,7.596,634.3668578783281,0.0,0.0,0.4498532919754268,25.268735373131488,0.03433212513540004,0.0,0.005962094528931656,0.025374674315133124,0.0,0.0,epa_us06,PPO_seed21
531,7.2863,1563.5947259074444,0.0,0.0,0.44986315418167305,25.268688195661014,0.08462221682016378,0.0,0.014695439153265455,0.06254378903629777,0.0,0.0,epa_us06,PPO_seed21
532,6.8762,2265.6538783464807,0.0,0.0,0.4498774444337076,25.268643535354755,0.1226178692957742,0.0,0.021293739458143616,0.09062615513385923,0.0,0.0,epa_us06,PPO_seed21
533,6.398,2613.213095128624,0.0,0.0,0.44989392668903,25.268600442567745,0.14142787863711154,0.0,0.02456027345045699,0.10452852380514496,0.0,0.0,epa_us06,PPO_seed21
534,5.8956,2583.1683738359266,0.0,0.0,0.44991021926015506,25.268557160642242,0.13980184928474437,0.0,0.024277898250337656,0.10332673495343707,0.0,0.0,epa_us06,PPO_seed21
535,5.4174,2239.1754496612484,0.0,0.0,0.4499243420445678,25.268512271259716,0.12118484877189221,0.0,0.021044882045688426,0.08956701798644993,0.0,0.0,epa_us06,PPO_seed21
536,5.0073,1696.7833398231055,0.0,0.0,0.44993504378856203,25.268465334046688,0.09183042466200535,0.0,0.01594721184044272,0.06787133359292422,0.0,0.0,epa_us06,PPO_seed21
537,4.6976,1069.5588002323311,0.0,0.0,0.4499417895307367,25.26841673952785,0.05788484394039337,0.0,0.010052244363085818,0.04278235200929324,0.0,0.0,epa_us06,PPO_seed21
538,4.5032,447.1703391981058,0.0,0.0,0.4499446098353265,25.268367247467644,0.024200993244721546,0.0,0.004202728751861897,0.017886813567924233,0.0,0.0,epa_us06,PPO_seed21
539,4.4191,-146.8052981909972,0.0,0.0,0.44994368393611656,25.268317590782946,-0.000275949808629694,0.0,0.00137974904314847,0.0,0.0,0.0,epa_us06,PPO_seed21
540,4.4212,-739.756951329512,0.0,0.0,0.4499390182992836,25.268268442407397,-0.0013905205852058498,0.0,0.0069526029260292485,0.0,0.0,0.0,epa_us06,PPO_seed21
541,4.4704,-1076.6663517958125,0.0,0.0,0.4499322277670964,25.26821988767618,-0.002023808931947016,0.0,0.01011904465973508,0.0,0.0,0.0,epa_us06,PPO_seed21
542,4.6619,-2159.50258538716,0.0,0.0,0.44991860774903847,25.268174677772134,-0.004059215386066089,0.0,0.020296076930330448,0.0,0.0,0.0,epa_us06,PPO_seed21
543,4.8062,-1877.311550750011,0.0,0.0,0.4499067674357031,25.26812840728904,-0.003528781110432352,0.0,0.01764390555216176,0.0,0.0,0.0,epa_us06,PPO_seed21
544,4.8643,-1249.3583928118494,0.0,0.0,0.44989888761643526,25.268080292448953,-0.002348418031601221,0.0,0.011742090158006103,0.0,0.0,0.0,epa_us06,PPO_seed21
545,4.8122,-409.6373229586057,0.0,0.0,0.44989630398779507,25.26803087055362,-0.0007699949679673039,0.0,0.0038499748398365197,0.0,0.0,0.0,epa_us06,PPO_seed21
546,4.6447,0.0,0.0,318.74934933438794,0.44989630398779507,25.26798129816243,0.0,0.0,0.0,0.0,0.0,0.0,epa_us06,PPO_seed21
547,4.3769,796.5159052687601,0.0,0.0,0.449901327696905,25.26793233385556,0.043107680346801014,0.0,0.007486051741247745,0.0318606362107504,0.0,0.0,epa_us06,PPO_seed21
548,4.0409,1048.8520109854305,0.0,0.0,0.4499079428892878,25.267883810239653,0.05676418627874533,0.0,0.009857631682193896,0.04195408043941722,0.0,0.0,epa_us06,PPO_seed21
549,3.6807,1059.439522430533,0.0,0.0,0.4499146248256935,25.267835305364358,0.05733718558236825,0.0,0.009957138368708018,0.04237758089722132,0.0,0.0,epa_us06,PPO_seed21
550,3.3447,875.4026749049615,0.0,0.0,0.449920146006756,25.267786461363567,0.04737705604485649,0.0,0.008227468749106782,0.03501610699619846,0.0,0.0,epa_us06,PPO_seed21
551,3.0769,572.5182754994274,0.0,0.0,0.44992375687606123,25.267737202662428,0.030984861255976527,0.0,0.005380810859957025,0.022900731019977097,0.0,0.0,epa_us06,PPO_seed21
552,2.9094,0.0,0.0,215.7519870430614,0.44992375687606123,25.26768763729686,0.0,0.0,0.0,0.0,0.0,0.0,epa_us06,PPO_seed21
553,2.8573,-218.12461067958168,0.0,0.0,0.4499223811701543,25.267638125308736,-0.000410008666690943,0.0,0.002050043333454715,0.0,0.0,0.0,epa_us06,PPO_seed21
554,2.9154,-722.8972316909662,0.0,0.0,0.44991782187669704,25.267589074025114,-0.0013588293828777562,0.0,0.00679414691438878,0.0,0.0,0.0,epa_us06,PPO_seed21
555,3.0597,-1170.4951815895972,0.0,0.0,0.4499104395810909,25.26754083989793,-0.002200178912762401,0.0,0.011000894563812005,0.0,0.0,0.0,epa_us06,PPO_seed21
556,3.2512,-1484.7666157605065,0.0,0.0,0.44990107514851635,25.267493413105598,-0.002790914691279148,0.0,0.013954573456395739,0.0,0.0,0.0,epa_us06,PPO_seed21
557,3.4427,-1574.8072553191842,0.0,0.0,0.44989114278548176,25.267446264818986,-0.002960164013757865,0.0,0.014800820068789324,0.0,0.0,0.0,epa_us06,PPO_seed21
558,3.587,-1379.581506757135,0.0,0.0,0.44988244167811703,25.267398586494235,-0.0025931983209720585,0.0,0.012965991604860292,0.0,0.0,0.0,epa_us06,PPO_seed21
559,3.6451,-914.0571663631732,0.0,0.0,0.4498766766404035,25.267349910741395,-0.0017181525683518295,0.0,0.008590762841759147,0.0,0.0,0.0,epa_us06,PPO_seed21
560,3.593,-284.2784185792784,0.0,0.0,0.44987488366817213,25.267300531491408,-0.0005343579296602978,0.0,0.002671789648301489,0.0,0.0,0.0,epa_us06,PPO_seed21
561,3.4255,0.0,0.0,249.29940003536413,0.44987488366817213,25.26725108361475,0.0,0.0,0.0,0.0,0.0,0.0,epa_us06,PPO_seed21
562,3.1577,586.8816138212561,0.0,0.0,0.4498785851834544,25.267201968850053,0.03176220944575489,0.0,0.005515804641177219,0.023475264552850244,0.0,0.0,epa_us06,PPO_seed21
563,2.8217,742.3579933274673,0.0,0.0,0.4498832672871911,25.26715305160716,0.04017663786444443,0.0,0.0069770488094686774,0.02969431973309869,0.0,0.0,epa_us06,PPO_seed21
564,2.4615,716.2861025711944,0.0,0.0,0.44988778493712683,25.2671040991005,0.03876561929554479,0.0,0.006732012242210474,0.028651444102847777,0.0,0.0,epa_us06,PPO_seed21
565,2.1255,562.2840344906067,0.0,0.0,0.4498913312765426,25.26705496163737,0.03043098105461193,0.0,0.005284624384310214,0.022491361379624267,0.0,0.0,epa_us06,PPO_seed21
566,1.8577,350.3771499913039,0.0,0.0,0.4498935411077328,25.267005644449196,0.01896251673411583,0.0,0.0032930183269859387,0.014015085999652156,0.0,0.0,epa_us06,PPO_seed21
567,1.6902,0.0,0.0,129.33876008940987,0.4498935411077328,25.266956216475,0.0,0.0,0.0,0.0,0.0,0.0,epa_us06,PPO_seed21
568,1.6381,-119.79081219038619,0.0,0.0,0.449892785588259,25.266906810144878,-0.0002251706996059891,0.0,0.0011258534980299454,0.0,0.0,0.0,epa_us06,PPO_seed21
569,2.1946,-2240.8814798579297,0.0,0.0,0.4498786523745244,25.26686217163616,-0.004212183232815657,0.0,0.021060916164078285,0.0,0.0,0.0,epa_us06,PPO_seed21
570,2.1133,-60.75789247532492,0.0,0.0,0.44987826917245377,25.266812783775084,-0.00011420656480324234,0.0,0.0005710328240162117,0.0,0.0,0.0,epa_us06,PPO_seed21
571,2.032,-58.0192273286822,0.0,0.0,0.4498779032434818,25.266763403330227,-0.00010905869798624474,0.0,0.0005452934899312237,0.0,0.0,0.0,epa_us06,PPO_seed21
572,1.9507,-55.32778183384036,0.0,0.0,0.4498775542897651,25.266714030385536,-0.00010399958991323376,0.0,0.0005199979495661688,0.0,0.0,0.0,epa_us06,PPO_seed21
573,1.8694,-52.681666739963624,0.0,0.0,0.44987722202537717,25.26666466502108,-9.902568936083387e-05,0.0,0.0004951284468041694,0.0,0.0,0.0,epa_us06,PPO_seed21
574,1.7882,-50.36033265108998,0.0,0.0,0.449876904401893,25.266615307340082,-9.466227941934207e-05,0.0,0.00047331139709671035,0.0,0.0,0.0,epa_us06,PPO_seed21
575,1.7069,-47.52099621333001,0.0,0.0,0.4498766046863377,25.266565957363557,-8.932518085212409e-05,0.0,0.0004466259042606204,0.0,0.0,0.0,epa_us06,PPO_seed21
576,1.6256,-44.999489192285154,0.0,0.0,0.44987632087413293,25.266516615185857,-8.4585506000536e-05,0.0,0.00042292753000268,0.0,0.0,0.0,epa_us06,PPO_seed21
577,1.5443,-42.515757892680455,0.0,0.0,0.4498760527270044,25.266467280873258,-7.99168381441362e-05,0.0,0.000399584190720681,0.0,0.0,0.0,epa_us06,PPO_seed21
578,1.463,-40.067913063681885,0.0,0.0,0.4498758000185946,25.266417954488983,-7.531562605955242e-05,0.0,0.0003765781302977621,0.0,0.0,0.0,epa_us06,PPO_seed21
579,1.3818,-37.87196107376434,0.0,0.0,0.449875561160195,25.266368636108986,-7.118789675519614e-05,0.0,0.00035593948377598064,0.0,0.0,0.0,epa_us06,PPO_seed21
580,1.3005,-35.27523643409111,0.0,0.0,0.44987533867945817,25.26631932576081,-6.630683540242691e-05,0.0,0.0003315341770121345,0.0,0.0,0.0,epa_us06,PPO_seed21
581,1.2192,-32.923679502995604,0.0,0.0,0.4498751310300931,25.266270023513666,-6.18866156071346e-05,0.0,0.000309433078035673,0.0,0.0,0.0,epa_us06,PPO_seed21
582,1.1379,-30.600454362978954,0.0,0.0,0.4498749380333931,25.26622072941997,-5.751965105823112e-05,0.0,0.0002875982552911556,0.0,0.0,0.0,epa_us06,PPO_seed21
583,1.0566,-28.303671763210055,0.0,0.0,0.449874759522568,25.26617144352976,-5.320239053234973e-05,0.0,0.0002660119526617486,0.0,0.0,0.0,epa_us06,PPO_seed21
584,0.9754,-26.18595190306644,0.0,0.0,0.4498745943682554,25.266122165898487,-4.922171410350835e-05,0.0,0.0002461085705175417,0.0,0.0,0.0,epa_us06,PPO_seed21
585,0.8941,-23.784631025830624,0.0,0.0,0.4498744443591053,25.266072896557247,-4.47079530560726e-05,0.0,0.000223539765280363,0.0,0.0,0.0,epa_us06,PPO_seed21
586,0.8128,-21.555816149035646,0.0,0.0,0.44987430840711007,25.266023635556493,-4.0518451407961745e-05,0.0,0.0002025922570398087,0.0,0.0,0.0,epa_us06,PPO_seed21
587,0.7315,-19.345889132960302,0.0,0.0,0.4498741863931293,25.265974382937927,-3.636445325744418e-05,0.0,0.0001818222662872209,0.0,0.0,0.0,epa_us06,PPO_seed21
588,0.6502,-17.152960726771905,0.0,0.0,0.4498740782099387,25.265925138741437,-3.22424073811502e-05,0.0,0.00016121203690575098,0.0,0.0,0.0,epa_us06,PPO_seed21
589,0.569,-15.066323027218031,0.0,0.0,0.4498739831871522,25.265875903007803,-2.832015606619931e-05,0.0,0.00014160078033099654,0.0,0.0,0.0,epa_us06,PPO_seed21
590,0.4877,-12.813197876772243,0.0,0.0,0.4498739023747869,25.265826675768782,-2.408495841498542e-05,0.0,0.0001204247920749271,0.0,0.0,0.0,epa_us06,PPO_seed21
591,0.4064,-10.65991701862944,0.0,0.0,0.4498738351431151,25.2657774570616,-2.0037438004942555e-05,0.0,0.00010018719002471277,0.0,0.0,0.0,epa_us06,PPO_seed21
592,0.3251,-8.5160800908465,0.0,0.0,0.4498737814325614,25.26572824691987,-1.600766934369643e-05,0.0,8.003834671848215e-05,0.0,0.0,0.0,epa_us06,PPO_seed21
593,0.2438,-6.379797842590967,0.0,0.0,0.44987374119546647,25.26567904537588,-1.1992101207877758e-05,0.0,5.9960506039388786e-05,0.0,0.0,0.0,epa_us06,PPO_seed21
594,0.1626,-4.277092334443073,0.0,0.0,0.4498737142200513,25.265629852460883,-8.039647245193746e-06,0.0,4.019823622596873e-05,0.0,0.0,0.0,epa_us06,PPO_seed21
595,0.0813,-2.1249548751387177,0.0,0.0,0.44987370081806904,25.26558066820439,-3.994276081087816e-06,0.0,1.9971380405439078e-05,0.0,0.0,0.0,epa_us06,PPO_seed21
1,0.0,0.0,0.0,0.0,0.5,25.0,0.0,0.0,0.0,0.0,0.0,0.0,wltp_class3b,PPO_seed21
2,0.0,0.0,0.0,0.0,0.5,25.0,0.0,0.0,0.0,0.0,0.0,0.0,wltp_class3b,PPO_seed21
3,0.0,0.0,0.0,0.0,0.5,25.0,0.0,0.0,0.0,0.0,0.0,0.0,wltp_class3b,PPO_seed21
4,0.0,0.0,0.0,0.0,0.5,25.0,0.0,0.0,0.0,0.0,0.0,0.0,wltp_class3b,PPO_seed21
5,0.0,0.0,0.0,0.0,0.5,25.0,0.0,0.0,0.0,0.0,0.0,0.0,wltp_class3b,PPO_seed21
6,0.0,0.0,0.0,0.0,0.5,25.0,0.0,0.0,0.0,0.0,0.0,0.0,wltp_class3b,PPO_seed21
7,0.0,0.0,0.0,0.0,0.5,25.0,0.0,0.0,0.0,0.0,0.0,0.0,wltp_class3b,PPO_seed21
8,0.0,0.0,0.0,0.0,0.5,25.0,0.0,0.0,0.0,0.0,0.0,0.0,wltp_class3b,PPO_seed21
9,0.0,0.0,0.0,0.0,0.5,25.0,0.0,0.0,0.0,0.0,0.0,0.0,wltp_class3b,PPO_seed21
10,0.0,0.0,0.0,0.0,0.5,25.0,0.0,0.0,0.0,0.0,0.0,0.0,wltp_class3b,PPO_seed21
11,0.0,0.0,0.0,0.0,0.5,25.0,0.0,0.0,0.0,0.0,0.0,0.0,wltp_class3b,PPO_seed21
12,0.0,0.0,0.0,0.0,0.5,25.0,0.0,0.0,0.0,0.0,0.0,0.0,wltp_class3b,PPO_seed21
13,0.0,0.0,0.0,0.0,0.5,25.0,0.0,0.0,0.0,0.0,0.0,0.0,wltp_class3b,PPO_seed21
14,0.0,0.0,0.0,0.0,0.5,25.0,0.0,0.0,0.0,0.0,0.0,0.0,wltp_class3b,PPO_seed21
15,0.0,0.0,0.0,0.0,0.5,25.0,0.0,0.0,0.0,0.0,0.0,0.0,wltp_class3b,PPO_seed21
16,0.0,0.0,0.0,0.0,0.5,25.0,0.0,0.0,0.0,0.0,0.0,0.0,wltp_class3b,PPO_seed21
17,0.0,0.0,0.0,0.0,0.5,25.0,0.0,0.0,0.0,0.0,0.0,0.0,wltp_class3b,PPO_seed21
18,0.0,0.0,0.0,0.0,0.5,25.0,0.0,0.0,0.0,0.0,0.0,0.0,wltp_class3b,PPO_seed21
19,0.0,0.0,0.0,0.0,0.5,25.0,0.0,0.0,0.0,0.0,0.0,0.0,wltp_class3b,PPO_seed21
20,0.0,0.0,0.0,0.0,0.5,25.0,0.0,0.0,0.0,0.0,0.0,0.0,wltp_class3b,PPO_seed21
21,0.0,0.0,0.0,0.0,0.5,25.0,0.0,0.0,0.0,0.0,0.0,0.0,wltp_class3b,PPO_seed21
22,0.0,0.0,0.0,0.0,0.5,25.0,0.0,0.0,0.0,0.0,0.0,0.0,wltp_class3b,PPO_seed21
23,0.0,0.0,0.0,0.0,0.5,25.0,0.0,0.0,0.0,0.0,0.0,0.0,wltp_class3b,PPO_seed21
24,0.0,0.0,0.0,0.0,0.5,25.0,0.0,0.0,0.0,0.0,0.0,0.0,wltp_class3b,PPO_seed21
25,0.0,0.0,0.0,0.0,0.5,25.0,0.0,0.0,0.0,0.0,0.0,0.0,wltp_class3b,PPO_seed21
26,0.0,0.0,0.0,0.0,0.5,25.0,0.0,0.0,0.0,0.0,0.0,0.0,wltp_class3b,PPO_seed21
27,0.0,0.0,0.0,0.0,0.5,25.0,0.0,0.0,0.0,0.0,0.0,0.0,wltp_class3b,PPO_seed21
28,0.0,0.0,0.0,0.0,0.5,25.0,0.0,0.0,0.0,0.0,0.0,0.0,wltp_class3b,PPO_seed21
29,0.0,0.0,0.0,0.0,0.5,25.0,0.0,0.0,0.0,0.0,0.0,0.0,wltp_class3b,PPO_seed21
30,0.0,0.0,0.0,0.0,0.5,25.0,0.0,0.0,0.0,0.0,0.0,0.0,wltp_class3b,PPO_seed21
31,0.0,0.0,0.0,0.0,0.5,25.0,0.0,0.0,0.0,0.0,0.0,0.0,wltp_class3b,PPO_seed21
32,0.1389,-51.209370266885784,0.0,0.0,0.49999967791633476,25.000000002478725,-9.62582147873793e-05,0.0,0.0004812910739368965,0.0,0.0,0.0,wltp_class3b,PPO_seed21
33,0.2778,-102.42816213508624,0.0,0.0,0.4999990336896322,25.000000012396004,-0.00019253413935166588,0.0,0.0009626706967583293,0.0,0.0,0.0,wltp_class3b,PPO_seed21
34,0.4167,-153.6657972059161,0.0,0.0,0.4999980672010958,25.000000034722113,-0.0002888454834697671,0.0,0.0014442274173488356,0.0,0.0,0.0,wltp_class3b,PPO_seed21
35,0.5556,-204.93169708068996,0.0,0.0,0.49999677827251104,25.000000074446728,-0.0003852099569185902,0.0,0.0019260497845929507,0.0,0.0,0.0,wltp_class3b,PPO_seed21
36,0.6944,-256.0903141408573,0.0,0.0,0.4999951675780435,25.00000013651709,-0.0004813727709414611,0.0,0.0024068638547073053,0.0,0.0,0.0,wltp_class3b,PPO_seed21
37,0.8333,-307.54898890112617,0.0,0.0,0.49999323322972006,25.000000226105094,-0.0005780996031976056,0.0,0.0028904980159880278,0.0,0.0,0.0,wltp_class3b,PPO_seed21
38,0.9722,-358.95616870849483,0.0,0.0,0.4999909755505325,25.000000348254463,-0.0006747296404295016,0.0,0.003373648202147508,0.0,0.0,0.0,wltp_class3b,PPO_seed21
39,1.1111,-410.4292929420564,0.0,0.0,0.49998839412469287,25.0000005081111,-0.0007714836333497302,0.0,0.0038574181667486505,0.0,0.0,0.0,wltp_class3b,PPO_seed21
40,1.25,-461.97778320312506,0.0,0.0,0.4999854884770212,25.000000710877334,-0.0008683792917351975,0.0,0.004341896458675987,0.0,0.0,0.0,wltp_class3b,PPO_seed21
41,1.3889,-513.6110610930156,0.0,0.0,0.49998225807294955,25.00000096181813,-0.0009654343253628113,0.0,0.004827171626814056,0.0,0.0,0.0,wltp_class3b,PPO_seed21
42,1.3137,-48.125394294473914,0.0,0.0,0.49998195538337675,25.000000966353607,-9.046126747081564e-05,0.0,0.00045230633735407813,0.0,0.0,0.0,wltp_class3b,PPO_seed21
43,1.4153,-441.31624524438575,0.0,0.0,0.4999791796801453,25.00000115271917,-0.0008295418143691463,0.0,0.004147709071845731,0.0,0.0,0.0,wltp_class3b,PPO_seed21
44,1.5327,-515.904885033855,0.0,0.0,0.499975934839988,25.000001407282788,-0.0009697460244997274,0.0,0.004848730122498637,0.0,0.0,0.0,wltp_class3b,PPO_seed21
45,1.6672,-605.9453840433285,0.0,0.0,0.49997212367458765,25.000001758281286,-0.0011389950827882115,0.0,0.005694975413941057,0.0,0.0,0.0,wltp_class3b,PPO_seed21
46,1.8192,-711.2774868101525,0.0,0.0,0.49996765000255244,25.000002241721855,-0.0013369877571619408,0.0,0.006684938785809703,0.0,0.0,0.0,wltp_class3b,PPO_seed21
47,1.9877,-828.9229855796497,0.0,0.0,0.4999624363730747,25.000002898195678,-0.0015581259127437025,0.0,0.007790629563718512,0.0,0.0,0.0,wltp_class3b,PPO_seed21
48,2.171,-956.3148537943863,0.0,0.0,0.4999564214796848,25.000003772012757,-0.0017975843116435832,0.0,0.008987921558217916,0.0,0.0,0.0,wltp_class3b,PPO_seed21
49,2.3662,-1087.3284524900896,0.0,0.0,0.49994958253646204,25.00000490207711,-0.0020438504746054316,0.0,0.010219252373027158,0.0,0.0,0.0,wltp_class3b,PPO_seed21
50,2.5698,-1215.9797756196115,0.0,0.0,0.49994193439394047,25.00000631637945,-0.002285676269961676,0.0,0.011428381349808378,0.0,0.0,0.0,wltp_class3b,PPO_seed21
51,2.7778,-1335.2243242996801,0.0,0.0,0.4999335362099603,25.000008023535177,-0.0025098201584580456,0.0,0.012549100792290227,0.0,0.0,0.0,wltp_class3b,PPO_seed21
52,2.9857,-1436.7889131776128,0.0,0.0,0.4999244991787802,25.000010003400206,-0.002700731039807543,0.0,0.013503655199037715,0.0,0.0,0.0,wltp_class3b,PPO_seed21
53,3.1894,-1516.3274938989193,0.0,0.0,0.4999149618316471,25.00001221322987,-0.002850239650185939,0.0,0.014251198250929693,0.0,0.0,0.0,wltp_class3b,PPO_seed21
54,3.3846,-1566.9239243728834,0.0,0.0,0.49990510620307227,25.000014579781766,-0.0029453457225054203,0.0,0.0147267286125271,0.0,0.0,0.0,wltp_class3b,PPO_seed21
55,3.5679,-1588.4024292878712,0.0,0.0,0.49989511543636833,25.000017020815914,-0.002985718852044871,0.0,0.014928594260224354,0.0,0.0,0.0,wltp_class3b,PPO_seed21
56,3.7364,-1580.09176623433,0.0,0.0,0.49988517690020745,25.00001944827489,-0.002970097304951748,0.0,0.01485048652475874,0.0,0.0,0.0,wltp_class3b,PPO_seed21
57,3.8883,-1546.5632404202968,0.0,0.0,0.49987544921368665,25.000021788485302,-0.002907073760188528,0.0,0.014535368800942639,0.0,0.0,0.0,wltp_class3b,PPO_seed21
58,4.0229,-1494.3495153812366,0.0,0.0,0.49986604990873834,25.00002399058603,-0.0028089276604910465,0.0,0.014044638302455231,0.0,0.0,0.0,wltp_class3b,PPO_seed21
59,4.1402,-1428.8274380823134,0.0,0.0,0.4998570626989989,25.00002602337093,-0.00268576586105698,0.0,0.0134288293052849,0.0,0.0,0.0,wltp_class3b,PPO_seed21
60,4.2418,-1362.413200890655,0.0,0.0,0.49984849320184743,25.000027892084052,-0.0025609270693433364,0.0,0.012804635346716681,0.0,0.0,0.0,wltp_class3b,PPO_seed21
61,4.3299,-1301.69788552182,0.0,0.0,0.4998403055766195,25.00002961832068,-0.0024468005366951504,0.0,0.01223400268347575,0.0,0.0,0.0,wltp_class3b,PPO_seed21
62,4.4078,-1256.9378875977268,0.0,0.0,0.4998323994692692,25.000031245943134,-0.0023626652022513666,0.0,0.011813326011256831,0.0,0.0,0.0,wltp_class3b,PPO_seed21
63,4.4793,-1234.4008602179422,0.0,0.0,0.4998246351007478,25.000032829493552,-0.002320302368830719,0.0,0.011601511844153593,0.0,0.0,0.0,wltp_class3b,PPO_seed21
64,4.5485,-1238.86243584008,0.0,0.0,0.4998168426515114,25.00003443211285,-0.002328688789173083,0.0,0.011643443945865414,0.0,0.0,0.0,wltp_class3b,PPO_seed21
65,4.62,-1276.640678877669,0.0,0.0,0.4998088125593664,25.00003613322512,-0.002399700524206145,0.0,0.011998502621030723,0.0,0.0,0.0,wltp_class3b,PPO_seed21
66,4.6978,-1346.1730383698725,0.0,0.0,0.49980034508827287,25.00003801593901,-0.0025304004480636703,0.0,0.012652002240318351,0.0,0.0,0.0,wltp_class3b,PPO_seed21
67,4.786,-1451.2197360409273,0.0,0.0,0.49979121684778,25.000040186731404,-0.0027278566466934725,0.0,0.013639283233467362,0.0,0.0,0.0,wltp_class3b,PPO_seed21
68,4.8875,-1585.9256188970046,0.0,0.0,0.49978124127354534,25.00004275630043,-0.0029810631934154225,0.0,0.014905315967077112,0.0,0.0,0.0,wltp_class3b,PPO_seed21
69,5.0049,-1751.2140424559975,0.0,0.0,0.4997702259899087,25.000045861673204,-0.0032917557189022515,0.0,0.016458778594511256,0.0,0.0,0.0,wltp_class3b,PPO_seed21
70,5.1394,-1939.092500515258,0.0,0.0,0.4997580288907319,25.000049639886676,-0.0036449107152542446,0.0,0.018224553576271223,0.0,0.0,0.0,wltp_class3b,PPO_seed21
71,5.2914,-2145.4015239229548,0.0,0.0,0.49974453402935004,25.00005423580764,-0.004032709631434125,0.0,0.020163548157170627,0.0,0.0,0.0,wltp_class3b,PPO_seed21
72,5.4599,-2359.653175901899,0.0,0.0,0.4997296914256192,25.00005976963426,-0.00443543830056748,0.0,0.022177191502837396,0.0,0.0,0.0,wltp_class3b,PPO_seed21
73,5.6432,-2575.5203086993974,0.0,0.0,0.4997134908950997,25.00006634090813,-0.004841203587780823,0.0,0.02420601793890411,0.0,0.0,0.0,wltp_class3b,PPO_seed21
74,5.8384,-2780.3509148270837,0.0,0.0,0.49969600183501706,25.00007398495709,-0.00522622352411106,0.0,0.026131117620555297,0.0,0.0,0.0,wltp_class3b,PPO_seed21
75,6.042,-2964.821289094812,0.0,0.0,0.49967735229125443,25.000082672154342,-0.0055729723479225795,0.0,0.027864861739612896,0.0,0.0,0.0,wltp_class3b,PPO_seed21
76,6.25,-3119.028455946182,0.0,0.0,0.49965773260490004,25.00009229303533,-0.005862835443507862,0.0,0.029314177217539306,0.0,0.0,0.0,wltp_class3b,PPO_seed21
77,6.458,-3232.8321482642154,0.0,0.0,0.49963739690810366,25.000102649195252,-0.006076752158391383,0.0,0.030383760791956912,0.0,0.0,0.0,wltp_class3b,PPO_seed21
78,6.6616,-3299.5846350888005,0.0,0.0,0.49961664115795923,25.000113473805147,-0.006202226757685715,0.0,0.031011133788428576,0.0,0.0,0.0,wltp_class3b,PPO_seed21
79,6.8568,-3317.2765688836016,0.0,0.0,0.49959577396122495,25.000124468373464,-0.0062354822723375974,0.0,0.031177411361687984,0.0,0.0,0.0,wltp_class3b,PPO_seed21
80,7.0401,-3286.1440214681816,0.0,0.0,0.4995751024501272,25.00013532940105,-0.0061769624463687625,0.0,0.030884812231843813,0.0,0.0,0.0,wltp_class3b,PPO_seed21
81,7.2086,-3208.9789308817876,0.0,0.0,0.4995549162040826,25.00014577716325,-0.006031915283612383,0.0,0.030159576418061915,0.0,0.0,0.0,wltp_class3b,PPO_seed21
82,7.3328,-2766.7164301457215,0.0,0.0,0.4995375119181775,25.000153784587827,-0.005200594793506996,0.0,0.026002973967534974,0.0,0.0,0.0,wltp_class3b,PPO_seed21
83,7.4395,-2611.3264085005526,0.0,0.0,0.4995210850475373,25.000161044981287,-0.004908508286655174,0.0,0.02454254143327587,0.0,0.0,0.0,wltp_class3b,PPO_seed21
84,7.5291,-2448.4196590175416,0.0,0.0,0.49950568289714675,25.00016756319374,-0.004602292592138236,0.0,0.02301146296069118,0.0,0.0,0.0,wltp_class3b,PPO_seed21
85,7.6029,-2290.531668797966,0.0,0.0,0.49949127391396997,25.000173404657446,-0.004305510655635275,0.0,0.021527553278176372,0.0,0.0,0.0,wltp_class3b,PPO_seed21
86,7.6633,-2153.1316709297917,0.0,0.0,0.49947772922996037,25.000178693111604,-0.004047239982950737,0.0,0.020236199914753682,0.0,0.0,0.0,wltp_class3b,PPO_seed21
87,7.7134,-2047.104168071202,0.0,0.0,0.4994648515019467,25.000183579068448,-0.003847940165547372,0.0,0.01923970082773686,0.0,0.0,0.0,wltp_class3b,PPO_seed21
88,7.757,-1983.309370669809,0.0,0.0,0.4994523750642082,25.000188235998863,-0.0037280251328379865,0.0,0.018640125664189933,0.0,0.0,0.0,wltp_class3b,PPO_seed21
89,7.7985,-1971.3949061762296,0.0,0.0,0.4994399735564236,25.000192859634726,-0.00370562952288765,0.0,0.01852814761443825,0.0,0.0,0.0,wltp_class3b,PPO_seed21
90,7.8422,-2012.4204624316064,0.0,0.0,0.4994273139479897,25.000197648277943,-0.003782745230134599,0.0,0.018913726150672994,0.0,0.0,0.0,wltp_class3b,PPO_seed21
91,7.8923,-2107.4946013439394,0.0,0.0,0.4994140562306261,25.000202819038325,-0.003961456017563795,0.0,0.019807280087818978,0.0,0.0,0.0,wltp_class3b,PPO_seed21
92,7.9526,-2254.230150850088,0.0,0.0,0.49939987540862896,25.000208610091434,-0.004237274719643023,0.0,0.021186373598215114,0.0,0.0,0.0,wltp_class3b,PPO_seed21
93,8.0264,-2449.249944396634,0.0,0.0,0.4993844677258936,25.000215288970512,-0.004603853278941041,0.0,0.023019266394705206,0.0,0.0,0.0,wltp_class3b,PPO_seed21
94,8.116,-2682.9429214591173,0.0,0.0,0.4993675898809616,25.000223129690283,-0.005043125792216386,0.0,0.02521562896108193,0.0,0.0,0.0,wltp_class3b,PPO_seed21
95,8.2228,-2946.661576826316,0.0,0.0,0.4993490529651235,25.000232410892586,-0.005538837550425406,0.0,0.02769418775212703,0.0,0.0,0.0,wltp_class3b,PPO_seed21
96,8.3469,-3225.8147148411012,0.0,0.0,0.49932875985315855,25.000243368314894,-0.00606356149406222,0.0,0.0303178074703111,0.0,0.0,0.0,wltp_class3b,PPO_seed21
97,8.4877,-3512.5096769236047,0.0,0.0,0.4993066630653189,25.000256210580464,-0.00660246179872858,0.0,0.0330123089936429,0.0,0.0,0.0,wltp_class3b,PPO_seed21
98,8.6432,-3787.9934758470945,0.0,0.0,0.4992828330900529,25.00027102463635,-0.007120288488434389,0.0,0.03560144244217194,0.0,0.0,0.0,wltp_class3b,PPO_seed21
99,8.8106,-4039.536712465777,0.0,0.0,0.4992574204946001,25.000287782521642,-0.007593114121176273,0.0,0.03796557060588136,0.0,0.0,0.0,wltp_class3b,PPO_seed21
100,8.9865,-4255.490270600271,0.0,0.0,0.4992306491333232,25.000306327687817,-0.007999041862030586,0.0,0.03999520931015293,0.0,0.0,0.0,wltp_class3b,PPO_seed21
101,9.1667,-4419.708324937866,0.0,0.0,0.49920284444156343,25.000326323617053,-0.00830772241529674,0.0,0.0415386120764837,0.0,0.0,0.0,wltp_class3b,PPO_seed21
102,9.3469,-4524.86318251496,0.0,0.0,0.4991743779661304,25.000347320714983,-0.008505381922020602,0.0,0.042526909610103004,0.0,0.0,0.0,wltp_class3b,PPO_seed21
103,9.5227,-4563.3009993743535,0.0,0.0,0.49914566942071287,25.00036876527455,-0.008577633457470589,0.0,0.042888167287352945,0.0,0.0,0.0,wltp_class3b,PPO_seed21
104,9.6902,-4536.729046570791,0.0,0.0,0.4991171277958569,25.000390100197947,-0.008527686177764645,0.0,0.04263843088882322,0.0,0.0,0.0,wltp_class3b,PPO_seed21
105,9.8456,-4441.681919355792,0.0,0.0,0.4990891839007897,25.000410745329425,-0.008349026164202617,0.0,0.04174513082101308,0.0,0.0,0.0,wltp_class3b,PPO_seed21
106,9.9864,-4294.739033224989,0.0,0.0,0.49906216425440914,25.000430287650538,-0.008072817731625919,0.0,0.04036408865812959,0.0,0.0,0.0,wltp_class3b,PPO_seed21
107,10.1106,-4101.861733174137,0.0,0.0,0.49903635788082934,25.00044840016163,-0.007710266415740859,0.0,0.038551332078704294,0.0,0.0,0.0,wltp_class3b,PPO_seed21
108,10.2173,-3879.997754439284,0.0,0.0,0.49901194718571484,25.000464927060406,-0.007293228861727979,0.0,0.03646614430863989,0.0,0.0,0.0,wltp_class3b,PPO_seed21
109,10.3069,-3650.9659131260078,0.0,0.0,0.49898897730419056,25.000479897132866,-0.006862717881815804,0.0,0.03431358940907902,0.0,0.0,0.0,wltp_class3b,PPO_seed21
110,10.3807,-3431.259877311086,0.0,0.0,0.4989673895983999,25.000493454598917,-0.006449736611487004,0.0,0.032248683057435015,0.0,0.0,0.0,wltp_class3b,PPO_seed21
111,10.4411,-3241.2799837631533,0.0,0.0,0.49894699707585993,25.00050585725057,-0.00609263154842698,0.0,0.0304631577421349,0.0,0.0,0.0,wltp_class3b,PPO_seed21
112,10.4911,-3093.5129107928965,0.0,0.0,0.49892753417630376,25.000517405697085,-0.005814873892467851,0.0,0.029074369462339253,0.0,0.0,0.0,wltp_class3b,PPO_seed21
113,10.5348,-3008.8296056634636,0.0,0.0,0.4989086040217395,25.000528486355883,-0.005655694747487713,0.0,0.028278473737438567,0.0,0.0,0.0,wltp_class3b,PPO_seed21
114,10.5763,-2989.917409402307,0.0,0.0,0.49888979281866735,25.00053947469263,-0.005620145506395315,0.0,0.02810072753197657,0.0,0.0,0.0,wltp_class3b,PPO_seed21
115,10.62,-3044.3795051109896,0.0,0.0,0.49887063893072314,25.000550787134806,-0.005722517866749981,0.0,0.028612589333749903,0.0,0.0,0.0,wltp_class3b,PPO_seed21
116,10.6701,-3171.6370271956243,0.0,0.0,0.4988506843560011,25.00056286399679,-0.005961723735330122,0.0,0.029808618676650606,0.0,0.0,0.0,wltp_class3b,PPO_seed21
117,10.7304,-3367.93039067788,0.0,0.0,0.49882949473801325,25.000576178751558,-0.006330696223078722,0.0,0.03165348111539361,0.0,0.0,0.0,wltp_class3b,PPO_seed21
118,10.8042,-3628.0433208076993,0.0,0.0,0.49880666852920147,25.000591250214452,-0.006819630302270112,0.0,0.03409815151135056,0.0,0.0,0.0,wltp_class3b,PPO_seed21
119,10.8938,-3938.286397018596,0.0,0.0,0.498781890298949,25.000608593203424,-0.007402793979358263,0.0,0.037013969896791316,0.0,0.0,0.0,wltp_class3b,PPO_seed21
120,11.0005,-4284.531742382841,0.0,0.0,0.4987549334918051,25.000628699293685,-0.008053631094704588,0.0,0.04026815547352294,0.0,0.0,0.0,wltp_class3b,PPO_seed21
121,11.1247,-4653.657672667806,0.0,0.0,0.49872565409738073,25.000652017591225,-0.008747476828322944,0.0,0.04373738414161472,0.0,0.0,0.0,wltp_class3b,PPO_seed21
122,11.2655,-5024.267309258762,0.0,0.0,0.49869404271723533,25.00067884316994,-0.009444111483569101,0.0,0.047220557417845505,0.0,0.0,0.0,wltp_class3b,PPO_seed21
123,11.421,-5378.387018102334,0.0,0.0,0.4986602030320982,25.000709291669093,-0.010109750034026943,0.0,0.050548750170134715,0.0,0.0,0.0,wltp_class3b,PPO_seed21
124,11.5884,-5697.8881015561155,0.0,0.0,0.4986243527840902,25.000743249405396,-0.010710315980368638,0.0,0.05355157990184319,0.0,0.0,0.0,wltp_class3b,PPO_seed21
125,11.7643,-5968.242626626524,0.0,0.0,0.49858680112931364,25.00078037398047,-0.011218501177869405,0.0,0.05609250588934703,0.0,0.0,0.0,wltp_class3b,PPO_seed21
126,11.9444,-6167.532317356994,0.0,0.0,0.4985479951457245,25.000819988497852,-0.011593105859693599,0.0,0.05796552929846799,0.0,0.0,0.0,wltp_class3b,PPO_seed21
127,12.1246,-6293.279183163653,0.0,0.0,0.49850839752530507,25.00086130134758,-0.01182947214880386,0.0,0.0591473607440193,0.0,0.0,0.0,wltp_class3b,PPO_seed21
128,12.3005,-6333.269950179366,0.0,0.0,0.49846854783253924,25.00090331649689,-0.01190464276349505,0.0,0.059523213817475246,0.0,0.0,0.0,wltp_class3b,PPO_seed21
129,12.4679,-6284.898350263288,0.0,0.0,0.4984290020610713,25.000944980536836,-0.011813718703502422,0.0,0.059068593517512105,0.0,0.0,0.0,wltp_class3b,PPO_seed21
130,12.6234,-6158.470640036468,0.0,0.0,0.4983902513849379,25.000985376672688,-0.011576072631647496,0.0,0.057880363158237476,0.0,0.0,0.0,wltp_class3b,PPO_seed21
131,12.7642,-5962.022104003522,0.0,0.0,0.4983527364417582,25.00102372752608,-0.011206808466172035,0.0,0.05603404233086017,0.0,0.0,0.0,wltp_class3b,PPO_seed21
132,12.5272,1119.4367324438754,0.0,0.0,0.49835978035758294,25.001029822972423,0.06058425263256402,0.0,0.010521021921464995,0.044777469297755015,0.0,0.0,wltp_class3b,PPO_seed21
133,12.2729,1367.1668093695412,0.0,0.0,0.4983683829473965,25.00103607012217,0.07399147890106735,0.0,0.012849312118134785,0.05468667237478165,0.0,0.0,wltp_class3b,PPO_seed21
134,12.0013,1602.829736907277,0.0,0.0,0.49837846822961385,25.001042560503738,0.08674562741547803,0.0,0.015064189256647341,0.06411318947629108,0.0,0.0,wltp_class3b,PPO_seed21
135,11.714,1804.110437909691,0.0,0.0,0.49838981981738617,25.00104929495011,0.09763899948927784,0.0,0.016955925168324164,0.07216441751638764,0.0,0.0,wltp_class3b,PPO_seed21
136,11.4133,1962.5759080721214,0.0,0.0,0.49840216827487654,25.001056207122843,0.10621519839325662,0.0,0.018445262293910913,0.07850303632288486,0.0,0.0,wltp_class3b,PPO_seed21
137,11.1023,2069.9726441243797,0.0,0.0,0.4984151922513386,25.001063163220252,0.11202754204817507,0.0,0.019454630113950936,0.08279890576497519,0.0,0.0,wltp_class3b,PPO_seed21
138,10.7848,2120.908223843059,0.0,0.0,0.49842853648664714,25.001069979849913,0.11478419094152136,0.0,0.019933347968449804,0.08483632895372237,0.0,0.0,wltp_class3b,PPO_seed21
139,10.4652,2112.6563244607614,0.0,0.0,0.49844182858789926,25.001076449051748,0.11433759566517712,0.0,0.01985579252312746,0.08450625297843045,0.0,0.0,wltp_class3b,PPO_seed21
140,10.1477,2052.712610739542,0.0,0.0,0.49845474334209283,25.00108239659962,0.11109342385040016,0.0,0.019292411755070883,0.08210850442958167,0.0,0.0,wltp_class3b,PPO_seed21
141,9.8367,1943.9841550790427,0.0,0.0,0.4984669738425743,25.00108767716758,0.10520900712976654,0.0,0.018270527773299274,0.0777593662031617,0.0,0.0,wltp_class3b,PPO_seed21
142,9.536,1797.9871288072695,0.0,0.0,0.4984782856491632,25.001092214419536,0.09730760415905809,0.0,0.016898375270745013,0.07191948515229078,0.0,0.0,wltp_class3b,PPO_seed21
143,9.2487,1626.071128165279,0.0,0.0,0.4984885157338731,25.001095996483794,0.08800345850025322,0.0,0.015282623385012021,0.06504284512661117,0.0,0.0,wltp_class3b,PPO_seed21
144,8.9771,1439.2139847794242,0.0,0.0,0.4984975701364628,25.001099064601203,0.07789069370257365,0.0,0.013526447225370528,0.05756855939117697,0.0,0.0,wltp_class3b,PPO_seed21
145,8.7228,1245.9957561799101,0.0,0.0,0.49850540887506095,25.001101493583228,0.0674336650600225,0.0,0.011710486430262313,0.049839830247196404,0.0,0.0,wltp_class3b,PPO_seed21
146,8.4858,1062.3220842120536,0.0,0.0,0.49851209202896113,25.001103394324748,0.057493190692920006,0.0,0.00998423011477494,0.04249288336848214,0.0,0.0,wltp_class3b,PPO_seed21
147,8.2655,893.0138124628268,0.0,0.0,0.4985177099997708,25.001104872935752,0.048330176106070884,0.0,0.008392986959237094,0.035720552498513074,0.0,0.0,wltp_class3b,PPO_seed21
148,8.0598,750.4146664636357,0.0,0.0,0.49852243083722453,25.00110603636465,0.04061266743763345,0.0,0.007052769421650712,0.030016586658545428,0.0,0.0,wltp_class3b,PPO_seed21
149,7.8662,636.018999266837,0.0,0.0,0.4985264319849315,25.001106968971907,0.03442153952423077,0.0,0.005977622173560498,0.02544075997067348,0.0,0.0,wltp_class3b,PPO_seed21
150,7.6809,558.9704519249436,0.0,0.0,0.4985299484020379,25.001107744006653,0.03025164896959206,0.0,0.0052534816910239064,0.022358818076997744,0.0,0.0,wltp_class3b,PPO_seed21
151,7.5,517.5351562500023,0.0,0.0,0.4985332041339759,25.001108414384866,0.028009158305921177,0.0,0.004864052220394758,0.020701406250000092,0.0,0.0,wltp_class3b,PPO_seed21
152,7.3191,513.3300536209665,0.0,0.0,0.49853643339295456,25.00110902433655,0.027781576886945235,0.0,0.004824530579144422,0.02053320214483866,0.0,0.0,wltp_class3b,PPO_seed21
153,7.1338,543.5495669046318,0.0,0.0,0.4985398527372331,25.001109612692353,0.029417066034432626,0.0,0.005108548561133758,0.02174198267618527,0.0,0.0,wltp_class3b,PPO_seed21
154,6.9402,601.2925958481641,0.0,0.0,0.4985436353079792,25.001110215026866,0.032542136127181084,0.0,0.00565124620158049,0.024051703833926564,0.0,0.0,wltp_class3b,PPO_seed21
155,6.7345,682.7289018414117,0.0,0.0,0.49854793014819776,25.001110870117955,0.03694949349965775,0.0,0.006416625017306501,0.027309156073656467,0.0,0.0,wltp_class3b,PPO_seed21
156,6.5142,774.9369287624648,0.0,0.0,0.49855280501279203,25.001111608011755,0.041939819648362575,0.0,0.007283241811677301,0.030997477150498595,0.0,0.0,wltp_class3b,PPO_seed21
157,6.2772,872.1803259957047,0.0,0.0,0.4985582915699021,25.001112454757116,0.04720266155276002,0.0,0.008197183514997226,0.03488721303982819,0.0,0.0,wltp_class3b,PPO_seed21
158,6.0229,961.4945718054977,0.0,0.0,0.4985643399323562,25.001113415497677,0.05203637539741332,0.0,0.009036603118472722,0.038459782872219905,0.0,0.0,wltp_class3b,PPO_seed21
159,5.7513,1037.3329594024892,0.0,0.0,0.49857086532204126,25.001114480787724,0.05614077174270013,0.0,0.009749369919196327,0.04149331837609957,0.0,0.0,wltp_class3b,PPO_seed21
160,5.464,1089.020819867935,0.0,0.0,0.49857771581353577,25.001115613679744,0.05893813429631124,0.0,0.010235158081465554,0.0435608327947174,0.0,0.0,wltp_class3b,PPO_seed21
161,5.1633,1113.5407872059673,0.0,0.0,0.49858472050417374,25.001116764264186,0.06026516230307182,0.0,0.010465608902311723,0.04454163148823869,0.0,0.0,wltp_class3b,PPO_seed21
162,4.8523,1108.8217714640318,0.0,0.0,0.4985916954671167,25.001117874881935,0.060009767751865416,0.0,0.010421257250601803,0.04435287085856127,0.0,0.0,wltp_class3b,PPO_seed21
163,4.5348,1074.9837752243006,0.0,0.0,0.4985984575344316,25.001118889144664,0.05817844521853019,0.0,0.010103230970153202,0.04299935100897202,0.0,0.0,wltp_class3b,PPO_seed21
164,4.2152,1014.1092384669741,0.0,0.0,0.4986048366412022,25.0011197603273,0.05488389698109233,0.0,0.00953110186529111,0.040564369538678965,0.0,0.0,wltp_class3b,PPO_seed21
165,3.8977,932.7921835167067,0.0,0.0,0.49861070420405207,25.00112046255494,0.05048299351092673,0.0,0.008766843830044236,0.03731168734066827,0.0,0.0,wltp_class3b,PPO_seed21
166,3.5867,835.7750977753954,0.0,0.0,0.4986159614729713,25.001120986609983,0.04523239965253605,0.0,0.007855029114430407,0.03343100391101581,0.0,0.0,wltp_class3b,PPO_seed21
167,3.286,730.6635176405102,0.0,0.0,0.49862055753957546,25.00112134203301,0.039543729323130765,0.0,0.006867138323689006,0.029226540705620408,0.0,0.0,wltp_class3b,PPO_seed21
168,2.9987,624.0602967229802,0.0,0.0,0.4986244830287606,25.00112155053462,0.03377433094595497,0.0,0.005865228352659588,0.024962411868919208,0.0,0.0,wltp_class3b,PPO_seed21
169,2.7271,521.3734485278965,0.0,0.0,0.4986277625820832,25.00112163960811,0.028216887838374425,0.0,0.004900126395938877,0.02085493794111586,0.0,0.0,wltp_class3b,PPO_seed21
170,2.4728,426.22232335673436,0.0,0.0,0.4986304436062713,25.001121636967774,0.02306728032723138,0.0,0.004005848903728707,0.017048892934269373,0.0,0.0,wltp_class3b,PPO_seed21
171,2.2358,343.10375645704545,0.0,0.0,0.49863260179266156,25.001121568802514,0.018568878488554985,0.0,0.0032246593651977956,0.013724150258281819,0.0,0.0,wltp_class3b,PPO_seed21
172,2.0155,272.3951907344992,0.0,0.0,0.49863431520546325,25.001121455506865,0.014742109645916728,0.0,0.0025601051760761203,0.010895807629379967,0.0,0.0,wltp_class3b,PPO_seed21
173,1.8098,215.6017483701758,0.0,0.0,0.49863567137529874,25.00112131285711,0.011668431464425002,0.0,0.0020263322215242087,0.008624069934807032,0.0,0.0,wltp_class3b,PPO_seed21
174,1.6162,171.08766744018715,0.0,0.0,0.49863674754273746,25.00112115140705,0.009259316016800504,0.0,0.0016079667992498791,0.006843506697607486,0.0,0.0,wltp_class3b,PPO_seed21
175,1.4309,138.5113930907122,0.0,0.0,0.498637618799311,25.001120978363904,0.007496278251631176,0.0,0.0013017988072435357,0.005540455723628488,0.0,0.0,wltp_class3b,PPO_seed21
176,1.25,115.09599609375007,0.0,0.0,0.49863834276883073,25.00112079799368,0.006229029923930925,0.0,0.0010817292865953954,0.004603839843750003,0.0,0.0,wltp_class3b,PPO_seed21
177,1.0,169.70611,0.0,0.0,0.4986394102423049,25.001120630872233,0.00918454571263158,0.0,0.0015949822368421052,0.0067882444,0.0,0.0,wltp_class3b,PPO_seed21
178,0.75,127.41801515625002,0.0,0.0,0.49864021171720885,25.00112045030748,0.006895901301463816,0.0,0.0011975377364309213,0.005096720606250001,0.0,0.0,wltp_class3b,PPO_seed21
179,0.5,85.01126375000001,0.0,0.0,0.498640746447916,25.001120259983182,0.004600835161447369,0.0,0.000798978042763158,0.0034004505500000006,0.0,0.0,wltp_class3b,PPO_seed21
180,0.25,42.52540796875,0.0,0.0,0.49864101393744026,25.001120063568543,0.0023014878688651314,0.0,0.0003996748869243421,0.00170101631875,0.0,0.0,wltp_class3b,PPO_seed21
181,0.0,0.0,0.0,0.0,0.49864101393744026,25.001119864713548,0.0,0.0,0.0,0.0,0.0,0.0,wltp_class3b,PPO_seed21
182,0.1389,-51.209370266885784,0.0,0.0,0.4986406918252026,25.001119667813114,-9.62582147873793e-05,0.0,0.0004812910739368965,0.0,0.0,0.0,wltp_class3b,PPO_seed21
183,0.2778,-102.42816213508624,0.0,0.0,0.4986400475416556,25.00111947803889,-0.00019253413935166588,0.0,0.0009626706967583293,0.0,0.0,0.0,wltp_class3b,PPO_seed21
184,0.4167,-153.6657972059161,0.0,0.0,0.49863908096828286,25.001119300547533,-0.0002888454834697671,0.0,0.0014442274173488356,0.0,0.0,0.0,wltp_class3b,PPO_seed21
185,0.5556,-204.93169708068996,0.0,0.0,0.4986377919271303,25.001119140491923,-0.0003852099569185902,0.0,0.0019260497845929507,0.0,0.0,0.0,wltp_class3b,PPO_seed21
186,0.6944,-256.0903141408573,0.0,0.0,0.49863618109268426,25.001119002961435,-0.0004813727709414611,0.0,0.0024068638547073053,0.0,0.0,0.0,wltp_class3b,PPO_seed21
187,0.8333,-307.54898890112617,0.0,0.0,0.49863424657705646,25.001118893250563,-0.0005780996031976056,0.0,0.0028904980159880278,0.0,0.0,0.0,wltp_class3b,PPO_seed21
188,0.9722,-358.95616870849483,0.0,0.0,0.49863198870350345,25.001118816509035,-0.0006747296404295016,0.0,0.003373648202147508,0.0,0.0,0.0,wltp_class3b,PPO_seed21
189,1.1111,-410.42929294205646,0.0,0.0,0.4986294070564261,25.001118777972696,-0.0007714836333497302,0.0,0.003857418166748651,0.0,0.0,0.0,wltp_class3b,PPO_seed21
190,1.25,-461.9777832031251,0.0,0.0,0.49862650116081697,25.001118782919626,-0.0008683792917351977,0.0,0.004341896458675988,0.0,0.0,0.0,wltp_class3b,PPO_seed21
191,1.3889,-513.6110610930156,0.0,0.0,0.498623270482265,25.001118836677705,-0.0009654343253628113,0.0,0.004827171626814056,0.0,0.0,0.0,wltp_class3b,PPO_seed21
192,1.3137,-48.125394294473914,0.0,0.0,0.49862296776707915,25.00111864466765,-9.046126747081564e-05,0.0,0.00045230633735407813,0.0,0.0,0.0,wltp_class3b,PPO_seed21
193,1.4153,-441.3162452443858,0.0,0.0,0.4986201918299115,25.00111863398506,-0.0008295418143691463,0.0,0.004147709071845731,0.0,0.0,0.0,wltp_class3b,PPO_seed21
194,1.5327,-515.904885033855,0.0,0.0,0.4986169467173393,25.00111869193254,-0.0009697460244997274,0.0,0.004848730122498637,0.0,0.0,0.0,wltp_class3b,PPO_seed21
195,1.6672,-605.9453840433285,0.0,0.0,0.49861313523318285,25.00111884686064,-0.0011389950827882115,0.0,0.005694975413941057,0.0,0.0,0.0,wltp_class3b,PPO_seed21
196,1.8192,-711.2774868101525,0.0,0.0,0.4986086611883465,25.00111913490804,-0.0013369877571619408,0.0,0.006684938785809703,0.0,0.0,0.0,wltp_class3b,PPO_seed21
197,1.9877,-828.9229855796497,0.0,0.0,0.49860344712594323,25.001119596810362,-0.0015581259127437025,0.0,0.007790629563718512,0.0,0.0,0.0,wltp_class3b,PPO_seed21
198,2.171,-956.3148537943863,0.0,0.0,0.4985974317348077,25.00112027702532,-0.0017975843116435832,0.0,0.008987921558217916,0.0,0.0,0.0,wltp_class3b,PPO_seed21
199,2.3662,-1087.3284524900896,0.0,0.0,0.4985905922275316,25.00112121459933,-0.0020438504746054316,0.0,0.010219252373027158,0.0,0.0,0.0,wltp_class3b,PPO_seed21
200,2.5698,-1215.9797756196115,0.0,0.0,0.49858294345625287,25.001122437646732,-0.002285676269961676,0.0,0.011428381349808378,0.0,0.0,0.0,wltp_class3b,PPO_seed21
201,2.7778,-1335.2243242996801,0.0,0.0,0.49857454458401507,25.00112395487653,-0.0025098201584580456,0.0,0.012549100792290227,0.0,0.0,0.0,wltp_class3b,PPO_seed21
202,2.9857,-1436.7889131776128,0.0,0.0,0.4985655068144689,25.00112574619715,-0.002700731039807543,0.0,0.013503655199037715,0.0,0.0,0.0,wltp_class3b,PPO_seed21
203,3.1894,-1516.3274938989193,0.0,0.0,0.49855596869038354,25.001127768866894,-0.002850239650185939,0.0,0.014251198250929693,0.0,0.0,0.0,wltp_class3b,PPO_seed21
204,3.3846,-1566.9239243728834,0.0,0.0,0.4985461122612169,25.001129949594997,-0.0029453457225054203,0.0,0.0147267286125271,0.0,0.0,0.0,wltp_class3b,PPO_seed21
205,3.5679,-1588.4024292878714,0.0,0.0,0.49853612068518643,25.001132206041383,-0.0029857188520448713,0.0,0.014928594260224356,0.0,0.0,0.0,wltp_class3b,PPO_seed21
206,3.7364,-1580.0917662343302,0.0,0.0,0.49852618134608656,25.00113445000538,-0.002970097304951749,0.0,0.014850486524758743,0.0,0.0,0.0,wltp_class3b,PPO_seed21
207,3.8883,-1546.5632404202968,0.0,0.0,0.4985164528757019,25.001136607636937,-0.002907073760188528,0.0,0.014535368800942639,0.0,0.0,0.0,wltp_class3b,PPO_seed21
208,4.0229,-1494.3495153812364,0.0,0.0,0.498507052815257,25.001138627879715,-0.002808927660491046,0.0,0.01404463830245523,0.0,0.0,0.0,wltp_class3b,PPO_seed21
209,4.1402,-1428.8274380823134,0.0,0.0,0.4984980648849062,25.00114047932744,-0.00268576586105698,0.0,0.0134288293052849,0.0,0.0,0.0,wltp_class3b,PPO_seed21
210,4.2418,-1362.413200890655,0.0,0.0,0.4984894947022609,25.001142167032015,-0.0025609270693433364,0.0,0.012804635346716681,0.0,0.0,0.0,wltp_class3b,PPO_seed21
211,4.3299,-1301.69788552182,0.0,0.0,0.4984813064235865,25.001143712418962,-0.0024468005366951504,0.0,0.01223400268347575,0.0,0.0,0.0,wltp_class3b,PPO_seed21
212,4.4078,-1256.9378875977268,0.0,0.0,0.4984733996866583,25.001145159210978,-0.0023626652022513666,0.0,0.011813326011256831,0.0,0.0,0.0,wltp_class3b,PPO_seed21
213,4.4793,-1234.4008602179422,0.0,0.0,0.4984656347011761,25.00114656184863,-0.002320302368830719,0.0,0.011601511844153593,0.0,0.0,0.0,wltp_class3b,PPO_seed21
214,4.5485,-1238.86243584008,0.0,0.0,0.4984578416340381,25.001147983411727,-0.002328688789173083,0.0,0.011643443945865414,0.0,0.0,0.0,wltp_class3b,PPO_seed21
215,4.62,-1276.640678877669,0.0,0.0,0.4984498109064332,25.001149503304966,-0.002399700524206145,0.0,0.011998502621030723,0.0,0.0,0.0,wltp_class3b,PPO_seed21
216,4.6978,-1346.1730383698725,0.0,0.0,0.4984413427665781,25.0011512046585,-0.0025304004480636703,0.0,0.012652002240318351,0.0,0.0,0.0,wltp_class3b,PPO_seed21
217,4.786,-1451.2197360409273,0.0,0.0,0.498432213806501,25.001153194006644,-0.0027278566466934725,0.0,0.013639283233467362,0.0,0.0,0.0,wltp_class3b,PPO_seed21
218,4.8875,-1585.9256188970046,0.0,0.0,0.4984222374473277,25.001155582136313,-0.0029810631934154225,0.0,0.014905315967077112,0.0,0.0,0.0,wltp_class3b,PPO_seed21
219,5.0049,-1751.2140424559975,0.0,0.0,0.4984112212984796,25.00115850618685,-0.0032917557189022515,0.0,0.016458778594511256,0.0,0.0,0.0,wltp_class3b,PPO_seed21
220,5.1394,-1939.092500515258,0.0,0.0,0.49839902324290875,25.001162103323686,-0.0036449107152542446,0.0,0.018224553576271223,0.0,0.0,0.0,wltp_class3b,PPO_seed21
221,5.2914,-2145.4015239229548,0.0,0.0,0.4983855273251311,25.001166518548427,-0.004032709631434125,0.0,0.020163548157170627,0.0,0.0,0.0,wltp_class3b,PPO_seed21
222,5.4599,-2359.653175901899,0.0,0.0,0.49837068356136854,25.00117187218957,-0.00443543830056748,0.0,0.022177191502837396,0.0,0.0,0.0,wltp_class3b,PPO_seed21
223,5.6432,-2575.5203086993974,0.0,0.0,0.4983544817666561,25.001178263904897,-0.004841203587780823,0.0,0.02420601793890411,0.0,0.0,0.0,wltp_class3b,PPO_seed21
224,5.8384,-2780.3509148270837,0.0,0.0,0.49833699134388315,25.001185729112755,-0.00522622352411106,0.0,0.026131117620555297,0.0,0.0,0.0,wltp_class3b,PPO_seed21
225,6.042,-2964.821289094812,0.0,0.0,0.49831834034912215,25.001194238242206,-0.0055729723479225795,0.0,0.027864861739612896,0.0,0.0,0.0,wltp_class3b,PPO_seed21
226,6.25,-3119.0284559461825,0.0,0.0,0.4982987191384357,25.00120368184332,-0.005862835443507863,0.0,0.02931417721753931,0.0,0.0,0.0,wltp_class3b,PPO_seed21
227,6.458,-3232.8321482642154,0.0,0.0,0.49827838186382684,25.001213861479755,-0.006076752158391383,0.0,0.030383760791956912,0.0,0.0,0.0,wltp_class3b,PPO_seed21
228,6.6616,-3299.5846350888,0.0,0.0,0.49825762450539784,25.00122451024543,-0.0062022267576857144,0.0,0.031011133788428572,0.0,0.0,0.0,wltp_class3b,PPO_seed21
229,6.8568,-3317.276568883601,0.0,0.0,0.4982367556938021,25.001235329532687,-0.006235482272337597,0.0,0.03117741136168798,0.0,0.0,0.0,wltp_class3b,PPO_seed21
230,7.0401,-3286.1440214681816,0.0,0.0,0.49821608258495764,25.001246015695838,-0.0061769624463687625,0.0,0.030884812231843813,0.0,0.0,0.0,wltp_class3b,PPO_seed21
231,7.2086,-3208.9789308817876,0.0,0.0,0.49819589478053455,25.00125628884326,-0.006031915283612383,0.0,0.030159576418061915,0.0,0.0,0.0,wltp_class3b,PPO_seed21
232,7.3606,-3097.2723824722643,0.0,0.0,0.4981764095993983,25.001265954518978,-0.0058219405685568885,0.0,0.02910970284278444,0.0,0.0,0.0,wltp_class3b,PPO_seed21
233,7.4951,-2958.610711836306,0.0,0.0,0.4981577966391279,25.001274880925028,-0.005561298330519372,0.0,0.02780649165259686,0.0,0.0,0.0,wltp_class3b,PPO_seed21
234,7.6125,-2810.372086371012,0.0,0.0,0.4981401161715435,25.00128304816094,-0.005282654297689872,0.0,0.02641327148844936,0.0,0.0,0.0,wltp_class3b,PPO_seed21
235,7.714,-2664.082400995883,0.0,0.0,0.4981233559563943,25.001290501611326,-0.005007673686082487,0.0,0.025038368430412433,0.0,0.0,0.0,wltp_class3b,PPO_seed21
236,7.8022,-2539.3806134225315,0.0,0.0,0.4981073801983544,25.00129737880853,-0.004773271829741601,0.0,0.023866359148708004,0.0,0.0,0.0,wltp_class3b,PPO_seed21
237,7.88,-2442.854792441776,0.0,0.0,0.49809201165051814,25.001303833084826,-0.00459183231661988,0.0,0.0229591615830994,0.0,0.0,0.0,wltp_class3b,PPO_seed21
238,7.9515,-2392.3696355098773,0.0,0.0,0.4980769606702878,25.001310083916362,-0.004496935405093754,0.0,0.02248467702546877,0.0,0.0,0.0,wltp_class3b,PPO_seed21
239,8.0207,-2389.6881460743857,0.0,0.0,0.49806192651790415,25.001316347391857,-0.0044918950114180185,0.0,0.022459475057090093,0.0,0.0,0.0,wltp_class3b,PPO_seed21
240,8.0922,-2445.4057287071846,0.0,0.0,0.4980465417897702,25.001322889732243,-0.004596627309599971,0.0,0.022983136547999855,0.0,0.0,0.0,wltp_class3b,PPO_seed21
241,8.1701,-2556.3492021680536,0.0,0.0,0.49803045903948384,25.00132998269571,-0.004805167673248221,0.0,0.024025838366241104,0.0,0.0,0.0,wltp_class3b,PPO_seed21
242,8.2119,-2111.5792174639023,0.0,0.0,0.49801717442683047,25.001335142026754,-0.00396913386741335,0.0,0.01984566933706675,0.0,0.0,0.0,wltp_class3b,PPO_seed21
243,8.2672,-2303.82458902879,0.0,0.0,0.49800268031528466,25.001341114484052,-0.0043304973477984775,0.0,0.021652486738992387,0.0,0.0,0.0,wltp_class3b,PPO_seed21
244,8.3383,-2534.343483253878,0.0,0.0,0.4979867358993036,25.0013481599289,-0.004763803539950899,0.0,0.023819017699754492,0.0,0.0,0.0,wltp_class3b,PPO_seed21
245,8.4265,-2792.5968734233097,0.0,0.0,0.497969166671761,25.001356534075754,-0.005249242243276898,0.0,0.02624621121638449,0.0,0.0,0.0,wltp_class3b,PPO_seed21
246,8.5321,-3067.482071474934,0.0,0.0,0.49794986797013363,25.0013664699581,-0.005765943743373936,0.0,0.02882971871686968,0.0,0.0,0.0,wltp_class3b,PPO_seed21
247,8.6544,-3346.9327832542895,0.0,0.0,0.4979288110397339,25.001378150885422,-0.006291227036192274,0.0,0.03145613518096137,0.0,0.0,0.0,wltp_class3b,PPO_seed21
248,8.7913,-3611.8395937663363,0.0,0.0,0.497906087346999,25.001391636966474,-0.006789172168733715,0.0,0.033945860843668574,0.0,0.0,0.0,wltp_class3b,PPO_seed21
249,8.9403,-3855.1719778735865,0.0,0.0,0.49788183258989593,25.00140691482205,-0.007246563868183434,0.0,0.03623281934091717,0.0,0.0,0.0,wltp_class3b,PPO_seed21
250,9.0976,-4055.5873277875544,0.0,0.0,0.49785631674551506,25.00142377651757,-0.007623284450728487,0.0,0.03811642225364243,0.0,0.0,0.0,wltp_class3b,PPO_seed21
251,9.2593,-4207.150530269331,0.0,0.0,0.49782984713969297,25.001441916361838,-0.007908177688476186,0.0,0.039540888442380934,0.0,0.0,0.0,wltp_class3b,PPO_seed21
252,9.4209,-4295.775396160266,0.0,0.0,0.4978028197336909,25.001460869861663,-0.008074765782256138,0.0,0.04037382891128069,0.0,0.0,0.0,wltp_class3b,PPO_seed21
253,9.5783,-4321.752969794014,0.0,0.0,0.49777562867249847,25.00148014016799,-0.008123595807883485,0.0,0.04061797903941742,0.0,0.0,0.0,wltp_class3b,PPO_seed21
254,9.7272,-4276.706215126472,0.0,0.0,0.4977487208222832,25.001499150007934,-0.008038921457004645,0.0,0.04019460728502323,0.0,0.0,0.0,wltp_class3b,PPO_seed21
255,9.8642,-4169.856646575481,0.0,0.0,0.4977224850462016,25.001517408847317,-0.007838076403337372,0.0,0.039190382016686856,0.0,0.0,0.0,wltp_class3b,PPO_seed21
256,9.9864,-4005.799193224972,0.0,0.0,0.4976972813099709,25.00153449462752,-0.007529697731625887,0.0,0.037648488658129434,0.0,0.0,0.0,wltp_class3b,PPO_seed21
257,10.092,-3800.098426152069,0.0,0.0,0.49767337165927017,25.001550146546894,-0.007143042154421183,0.0,0.03571521077210591,0.0,0.0,0.0,wltp_class3b,PPO_seed21
258,10.1803,-3570.062247816686,0.0,0.0,0.4976509092450598,25.001564266242518,-0.006710643322963696,0.0,0.03355321661481848,0.0,0.0,0.0,wltp_class3b,PPO_seed21
259,10.2513,-3327.8006723575418,0.0,0.0,0.4976299710229968,25.001576861546873,-0.006255264421724704,0.0,0.031276322108623515,0.0,0.0,0.0,wltp_class3b,PPO_seed21
260,10.3066,-3100.907929662345,0.0,0.0,0.4976104603247648,25.00158811746401,-0.005828774303876589,0.0,0.02914387151938294,0.0,0.0,0.0,wltp_class3b,PPO_seed21
261,10.3485,-2903.0533904927142,0.0,0.0,0.4975921944686062,25.00159827515845,-0.005456867275362245,0.0,0.027284336376811224,0.0,0.0,0.0,wltp_class3b,PPO_seed21
262,10.38,-2747.9361075390193,0.0,0.0,0.4975749045721598,25.001607616254944,-0.00516529343522372,0.0,0.0258264671761186,0.0,0.0,0.0,wltp_class3b,PPO_seed21
263,10.4052,-2655.8299742436316,0.0,0.0,0.4975581941840705,25.001616489167677,-0.004992161605721112,0.0,0.02496080802860556,0.0,0.0,0.0,wltp_class3b,PPO_seed21
264,10.4281,-2627.2807412505476,0.0,0.0,0.4975416634128704,25.00162521624954,-0.004938497633929601,0.0,0.024692488169648003,0.0,0.0,0.0,wltp_class3b,PPO_seed21
265,10.4533,-2674.252423067037,0.0,0.0,0.4975248370847697,25.001634174040245,-0.005026790268923002,0.0,0.02513395134461501,0.0,0.0,0.0,wltp_class3b,PPO_seed21
266,10.4849,-2790.7845802362067,0.0,0.0,0.497507277523304,25.00164373239184,-0.005245835677135727,0.0,0.026229178385678634,0.0,0.0,0.0,wltp_class3b,PPO_seed21
267,10.5267,-2974.351644436365,0.0,0.0,0.4974885629368561,25.0016542971053,-0.005590886549692416,0.0,0.02795443274846208,0.0,0.0,0.0,wltp_class3b,PPO_seed21
268,10.582,-3219.4368726874936,0.0,0.0,0.4974683062376098,25.001666314096862,-0.006051573068961455,0.0,0.03025786534480727,0.0,0.0,0.0,wltp_class3b,PPO_seed21
269,10.6531,-3512.322334934708,0.0,0.0,0.49744620664173445,25.00168022706389,-0.006602109652132911,0.0,0.03301054826066455,0.0,0.0,0.0,wltp_class3b,PPO_seed21
270,10.7413,-3838.997019781837,0.0,0.0,0.49742205151280044,25.001696459975694,-0.007216159811619995,0.0,0.03608079905809997,0.0,0.0,0.0,wltp_class3b,PPO_seed21
271,10.8469,-4184.817918346944,0.0,0.0,0.49739572033858176,25.001715385355595,-0.007866199094637113,0.0,0.03933099547318556,0.0,0.0,0.0,wltp_class3b,PPO_seed21
272,10.9692,-4534.106899492026,0.0,0.0,0.4973671912457548,25.001737279907367,-0.00852275732987223,0.0,0.04261378664936115,0.0,0.0,0.0,wltp_class3b,PPO_seed21
273,11.1061,-4862.593248570783,0.0,0.0,0.4973365950690959,25.001762203895435,-0.009140212873253352,0.0,0.04570106436626675,0.0,0.0,0.0,wltp_class3b,PPO_seed21
274,11.2551,-5161.6494495776415,0.0,0.0,0.4973041169289368,25.00179009357014,-0.009702348589431658,0.0,0.048511742947158286,0.0,0.0,0.0,wltp_class3b,PPO_seed21
275,11.4124,-5404.978673582549,0.0,0.0,0.49727010741541877,25.001820564220576,-0.010159734348839378,0.0,0.05079867174419689,0.0,0.0,0.0,wltp_class3b,PPO_seed21
276,11.5741,-5585.986923347061,0.0,0.0,0.4972349586232181,25.00185308111976,-0.010499975419825303,0.0,0.05249987709912651,0.0,0.0,0.0,wltp_class3b,PPO_seed21
277,11.7357,-5688.057417725803,0.0,0.0,0.49719916722335294,25.001886862395008,-0.010691837251364293,0.0,0.05345918625682146,0.0,0.0,0.0,wltp_class3b,PPO_seed21
278,11.8931,-5712.56284152794,0.0,0.0,0.49716322127329665,25.001921089711388,-0.01073790007806004,0.0,0.05368950039030019,0.0,0.0,0.0,wltp_class3b,PPO_seed21
279,12.042,-5650.008882110469,0.0,0.0,0.49712766859747526,25.00195482648658,-0.01062031744757607,0.0,0.053101587237880346,0.0,0.0,0.0,wltp_class3b,PPO_seed21
280,12.179,-5512.521857766414,0.0,0.0,0.49709298074066166,25.001987286417446,-0.010361883191290252,0.0,0.051809415956451256,0.0,0.0,0.0,wltp_class3b,PPO_seed21
281,12.3012,-5306.194255701983,0.0,0.0,0.4970595909299086,25.002017796466962,-0.009974049352823276,0.0,0.04987024676411638,0.0,0.0,0.0,wltp_class3b,PPO_seed21
282,12.4069,-5052.331275134843,0.0,0.0,0.4970277983410038,25.00204596145754,-0.009496863299125646,0.0,0.047484316495628225,0.0,0.0,0.0,wltp_class3b,PPO_seed21
283,12.4951,-4764.184504258099,0.0,0.0,0.4969978187678373,25.002071569719526,-0.008955234030560337,0.0,0.044776170152801685,0.0,0.0,0.0,wltp_class3b,PPO_seed21
284,12.5662,-4470.153196591128,0.0,0.0,0.49696968929619195,25.002094702074075,-0.008402543602614903,0.0,0.04201271801307451,0.0,0.0,0.0,wltp_class3b,PPO_seed21
285,12.6214,-4187.9026398973265,0.0,0.0,0.49694333584225836,25.002115588419596,-0.007871997443416028,0.0,0.03935998721708014,0.0,0.0,0.0,wltp_class3b,PPO_seed21
286,12.6633,-3947.6769973372025,0.0,0.0,0.4969184939935945,25.00213466614485,-0.007420445483716547,0.0,0.03710222741858273,0.0,0.0,0.0,wltp_class3b,PPO_seed21
287,12.6948,-3758.0650284688045,0.0,0.0,0.4968948452790089,25.002152380389692,-0.0070640320084000095,0.0,0.035320160042000046,0.0,0.0,0.0,wltp_class3b,PPO_seed21
288,12.72,-3645.6425765759977,0.0,0.0,0.49687190398096737,25.002169309339372,-0.00685271161010526,0.0,0.0342635580505263,0.0,0.0,0.0,wltp_class3b,PPO_seed21
289,12.743,-3612.9981257927006,0.0,0.0,0.4968491680829017,25.002186006661155,-0.0067913498605125956,0.0,0.033956749302562976,0.0,0.0,0.0,wltp_class3b,PPO_seed21
290,12.7681,-3666.6144731396303,0.0,0.0,0.4968260947646525,25.002203063255855,-0.0068921324683075755,0.0,0.03446066234153788,0.0,0.0,0.0,wltp_class3b,PPO_seed21
291,12.7997,-3811.167874064151,0.0,0.0,0.4968021117704608,25.002221137363406,-0.00716384938733863,0.0,0.035819246936693146,0.0,0.0,0.0,wltp_class3b,PPO_seed21
292,12.8415,-4035.430676176559,0.0,0.0,0.49677671748781654,25.002240883509508,-0.007585396007850674,0.0,0.03792698003925337,0.0,0.0,0.0,wltp_class3b,PPO_seed21
293,12.8968,-4334.397526837627,0.0,0.0,0.49674944179028896,25.002263022998,-0.00814736377225118,0.0,0.040736818861255894,0.0,0.0,0.0,wltp_class3b,PPO_seed21
294,12.9679,-4690.988970180296,0.0,0.0,0.4967199220154015,25.002288257925617,-0.008817648440188527,0.0,0.04408824220094263,0.0,0.0,0.0,wltp_class3b,PPO_seed21
295,13.0561,-5087.746500099882,0.0,0.0,0.4966879053492682,25.00231724318318,-0.00956343327086444,0.0,0.0478171663543222,0.0,0.0,0.0,wltp_class3b,PPO_seed21
296,13.1617,-5506.492438426617,0.0,0.0,0.4966532533529944,25.00235053763318,-0.010350549696290633,0.0,0.05175274848145316,0.0,0.0,0.0,wltp_class3b,PPO_seed21
297,13.284,-5927.923630131067,0.0,0.0,0.4966159490480515,25.002388537462792,-0.01114271359047193,0.0,0.05571356795235965,0.0,0.0,0.0,wltp_class3b,PPO_seed21
298,13.421,-6324.724430036946,0.0,0.0,0.4965761473445247,25.002431318182147,-0.011888579755708546,0.0,0.059442898778542724,0.0,0.0,0.0,wltp_class3b,PPO_seed21
299,13.5699,-6678.0445723027515,0.0,0.0,0.4965341217785292,25.002478659576855,-0.012552715361471338,0.0,0.06276357680735668,0.0,0.0,0.0,wltp_class3b,PPO_seed21
300,13.7272,-6969.361830320316,0.0,0.0,0.49649026245787864,25.002530006260304,-0.013100304192331422,0.0,0.06550152096165711,0.0,0.0,0.0,wltp_class3b,PPO_seed21
301,13.8889,-7182.861303091285,0.0,0.0,0.4964450590354002,25.002584479893343,-0.013501618990773094,0.0,0.06750809495386546,0.0,0.0,0.0,wltp_class3b,PPO_seed21
302,13.7265,-142.5109003774225,0.0,0.0,0.49644416217042797,25.002590432853072,-0.0002678776322883882,0.0,0.0013393881614419407,0.0,0.0,0.0,wltp_class3b,PPO_seed21
303,13.5597,-11.808250895909326,0.0,0.0,0.4964440878584317,25.002595958983296,-2.219596033065663e-05,0.0,0.00011097980165328314,0.0,0.0,0.0,wltp_class3b,PPO_seed21
304,13.3846,0.0,0.0,142.6725278125314,0.4964440878584317,25.002601091350723,0.0,0.0,0.0,0.0,0.0,0.0,wltp_class3b,PPO_seed21
305,13.1975,345.7445219208307,0.0,0.0,0.49644626365140254,25.002605967914306,0.01871179750967022,0.0,0.003249478589481492,0.01382978087683323,0.0,0.0,wltp_class3b,PPO_seed21
306,12.9957,583.3997089934516,0.0,0.0,0.49644993497501877,25.002610678618325,0.03157376770928469,0.0,0.005483079971742966,0.02333598835973806,0.0,0.0,wltp_class3b,PPO_seed21
307,12.7772,842.9319677127837,0.0,0.0,0.4964552394574516,25.002615370564325,0.0456197316059896,0.0,0.007922292929631427,0.03371727870851135,0.0,0.0,wltp_class3b,PPO_seed21
308,12.5414,1101.966518254154,0.0,0.0,0.4964621739187031,25.002620175392895,0.05963875938641654,0.0,0.010356828179080395,0.044078660730166155,0.0,0.0,wltp_class3b,PPO_seed21
309,12.2884,1349.027871719179,0.0,0.0,0.49647066296485903,25.002625196077684,0.07300979414011015,0.0,0.012678833380819352,0.05396111486876716,0.0,0.0,wltp_class3b,PPO_seed21
310,12.0196,1565.3512215779017,0.0,0.0,0.4964805131240256,25.002630465169666,0.08471727889411831,0.0,0.014711947571220881,0.06261404886311607,0.0,0.0,wltp_class3b,PPO_seed21
311,11.7373,1739.2642988190266,0.0,0.0,0.49649145748472184,25.002635942297974,0.09412950693909287,0.0,0.01634646897386303,0.06957057195276106,0.0,0.0,wltp_class3b,PPO_seed21
312,11.4448,1859.4068254526069,0.0,0.0,0.49650315766492686,25.002641508731802,0.10063165661359295,0.0,0.017475628058765104,0.07437627301810427,0.0,0.0,wltp_class3b,PPO_seed21
313,11.1459,1922.4910516590762,0.0,0.0,0.4965152546126697,25.00264700068877,0.10404579390858668,0.0,0.01806852492160786,0.07689964206636304,0.0,0.0,wltp_class3b,PPO_seed21
314,10.8448,1927.5726365359333,0.0,0.0,0.4965273833529128,25.002652233412057,0.1043208108104184,0.0,0.0181162841779693,0.07710290546143733,0.0,0.0,wltp_class3b,PPO_seed21
315,10.5459,1876.9073844336617,0.0,0.0,0.4965391931232269,25.002657030555756,0.10157879212897367,0.0,0.01764010699655697,0.07507629537734647,0.0,0.0,wltp_class3b,PPO_seed21
316,10.2534,1777.670626288059,0.0,0.0,0.4965503783256555,25.002661257037673,0.0962080689324921,0.0,0.016707430698196045,0.07110682505152237,0.0,0.0,wltp_class3b,PPO_seed21
317,9.9712,1637.726312104801,0.0,0.0,0.49656068285510463,25.002664829555695,0.08863424056037864,0.0,0.015392164587451138,0.06550905248419205,0.0,0.0,wltp_class3b,PPO_seed21
318,9.7024,1469.610150371921,0.0,0.0,0.49656992948894313,25.00266773112144,0.07953574332614351,0.0,0.01381212547342031,0.05878440601487684,0.0,0.0,wltp_class3b,PPO_seed21
319,9.4494,1283.3887095901382,0.0,0.0,0.49657800434582394,25.002669994426395,0.06945738294458507,0.0,0.012061923962313328,0.05133554838360553,0.0,0.0,wltp_class3b,PPO_seed21
320,9.2135,1092.0057273243126,0.0,0.0,0.4965848749839416,25.002671695872586,0.05909967838556693,0.0,0.010263211722972863,0.043680229092972506,0.0,0.0,wltp_class3b,PPO_seed21
321,8.9951,904.9080545739948,0.0,0.0,0.49659056839554877,25.00267293115646,0.048973896066342976,0.0,0.00850477494900371,0.036196322182959796,0.0,0.0,wltp_class3b,PPO_seed21
322,8.7932,735.4220139329865,0.0,0.0,0.49659519541298186,25.00267380730306,0.039801260573606285,0.0,0.00691186103320476,0.02941688055731946,0.0,0.0,wltp_class3b,PPO_seed21
323,8.6061,588.9389624277339,0.0,0.0,0.49659890078271934,25.002674417739474,0.031873553771088935,0.0,0.005535140624320808,0.023557558497109356,0.0,0.0,wltp_class3b,PPO_seed21
324,8.431,474.25484394577154,0.0,0.0,0.49660188458552285,25.00267484216146,0.025666814787380927,0.0,0.004457282367911387,0.01897019375783086,0.0,0.0,wltp_class3b,PPO_seed21
325,8.2643,396.83086539540113,0.0,0.0,0.4966043812554655,25.002675141303015,0.0214766057828278,0.0,0.003729613396573319,0.015873234615816044,0.0,0.0,wltp_class3b,PPO_seed21
326,8.1019,359.09897274111876,0.0,0.0,0.4966066405216438,25.00267535903655,0.019434544404440396,0.0,0.0033749903453112666,0.01436395890964475,0.0,0.0,wltp_class3b,PPO_seed21
327,7.9395,360.6270583165505,0.0,0.0,0.4966089093896624,25.00267552857187,0.01951724485535737,0.0,0.0033893520518472795,0.01442508233266202,0.0,0.0,wltp_class3b,PPO_seed21
328,7.7727,399.94872823706913,0.0,0.0,0.4966114256351171,25.00267568079209,0.02164534545752198,0.0,0.003758916618769447,0.015997949129482766,0.0,0.0,wltp_class3b,PPO_seed21
329,7.5976,470.1928361979464,0.0,0.0,0.49661438380059086,25.00267584760161,0.025446977706412164,0.0,0.004419105603364158,0.018807713447917856,0.0,0.0,wltp_class3b,PPO_seed21
330,7.4105,566.9899186181405,0.0,0.0,0.4966179509354766,25.002676067674372,0.030685664918897553,0.0,0.005328852618591545,0.022679596744725618,0.0,0.0,wltp_class3b,PPO_seed21
331,7.2086,680.0084625651128,0.0,0.0,0.4966222290871566,25.002676380312586,0.03680226250784724,0.0,0.006391056978995421,0.027200338502604515,0.0,0.0,wltp_class3b,PPO_seed21
332,6.9902,797.7302414464511,0.0,0.0,0.496627247836287,25.002676817538394,0.04317340058595154,0.0,0.007497464675248601,0.03190920965785805,0.0,0.0,wltp_class3b,PPO_seed21
333,6.7543,912.4325672232859,0.0,0.0,0.4966329881771226,25.002677401294836,0.049381124953933916,0.0,0.008575494052850432,0.036497302688931435,0.0,0.0,wltp_class3b,PPO_seed21
334,6.5013,1011.9664623209387,0.0,0.0,0.49663935467207393,25.00267812851046,0.05476792929162493,0.0,0.009510962991738146,0.04047865849283755,0.0,0.0,wltp_class3b,PPO_seed21
335,6.2325,1089.4165755098927,0.0,0.0,0.4966462083796155,25.00267897380177,0.05895955271067825,0.0,0.01023887758937869,0.04357666302039571,0.0,0.0,wltp_class3b,PPO_seed21
336,5.9503,1138.0218482438165,0.0,0.0,0.4966533678264396,25.00267988805261,0.061590084689165346,0.0,0.010695694062441885,0.04552087392975266,0.0,0.0,wltp_class3b,PPO_seed21
337,5.6578,1155.452920080059,0.0,0.0,0.4966606368890989,25.00268080962797,0.0625334595393704,0.0,0.010859519925564463,0.046218116803202355,0.0,0.0,wltp_class3b,PPO_seed21
338,5.3589,1140.2680467442058,0.0,0.0,0.4966678103785005,25.00268167108309,0.06171164962755482,0.0,0.010716804950603438,0.04561072186976823,0.0,0.0,wltp_class3b,PPO_seed21
339,5.0578,1095.355041377994,0.0,0.0,0.4966747012773034,25.002682413979475,0.05928094426946466,0.0,0.01029469023851498,0.04381420165511976,0.0,0.0,wltp_class3b,PPO_seed21
340,4.7589,1024.788201107223,0.0,0.0,0.4966811482031988,25.00268299535188,0.05546184565090068,0.0,0.009631468055519012,0.04099152804428892,0.0,0.0,wltp_class3b,PPO_seed21
341,4.4664,934.8703608129605,0.0,0.0,0.4966870294273883,25.00268339345718,0.05059546509121571,0.0,0.00878637557155038,0.03739481443251842,0.0,0.0,wltp_class3b,PPO_seed21
342,4.1841,832.2932279438464,0.0,0.0,0.4966922653195251,25.002683606618206,0.045043959810073725,0.0,0.007822304773908332,0.033291729117753854,0.0,0.0,wltp_class3b,PPO_seed21
343,3.9153,723.220927421567,0.0,0.0,0.49669681502746194,25.002683648537392,0.03914093410210857,0.0,0.006797189167495931,0.02892883709686268,0.0,0.0,wltp_class3b,PPO_seed21
344,3.6623,614.6417037054628,0.0,0.0,0.49670068166071846,25.002683544598447,0.033264593859187376,0.0,0.005776707741592695,0.024585668148218512,0.0,0.0,wltp_class3b,PPO_seed21
345,3.4265,511.4758162640108,0.0,0.0,0.49670389928031883,25.00268332419958,0.02768122500352142,0.0,0.004807103536315891,0.02045903265056043,0.0,0.0,wltp_class3b,PPO_seed21
346,3.208,418.66394936837526,0.0,0.0,0.4967065330269638,25.002683017077086,0.022658218853786202,0.0,0.003934811554214053,0.01674655797473501,0.0,0.0,wltp_class3b,PPO_seed21
347,3.0062,337.6902923563874,0.0,0.0,0.4967086573766974,25.002682648122512,0.018275900183317866,0.0,0.0031737809431991297,0.013507611694255494,0.0,0.0,wltp_class3b,PPO_seed21
348,2.8191,271.5557364504415,0.0,0.0,0.49671036568238186,25.002682238046415,0.014696678127596074,0.0,0.002552215568143247,0.01086222945801766,0.0,0.0,wltp_class3b,PPO_seed21
349,2.644,220.22055366041033,0.0,0.0,0.4967117510458935,25.002681801744988,0.011918402595846868,0.0,0.002069742045680548,0.008808822146416413,0.0,0.0,wltp_class3b,PPO_seed21
350,2.4772,184.1923636606575,0.0,0.0,0.4967129097616308,25.002681349802227,0.00996854611751438,0.0,0.0017311312374121944,0.007367694546426299,0.0,0.0,wltp_class3b,PPO_seed21
351,2.3148,161.46977033225943,0.0,0.0,0.4967139255330183,25.002680888917006,0.008738792532718823,0.0,0.0015175730294385284,0.006458790813290378,0.0,0.0,wltp_class3b,PPO_seed21
352,2.1524,150.80028034838026,0.0,0.0,0.4967148741838927,25.002680423611405,0.008161356525922113,0.0,0.0014172958679359046,0.00603201121393521,0.0,0.0,wltp_class3b,PPO_seed21
353,1.9857,149.26206232397726,0.0,0.0,0.49671581315719976,25.00267995676858,0.00807810770381946,0.0,0.0014028389316163277,0.00597048249295909,0.0,0.0,wltp_class3b,PPO_seed21
354,1.8105,153.83652376599812,0.0,0.0,0.4967167809064175,25.002679490255073,0.008325678932839507,0.0,0.0014458319902819373,0.006153460950639925,0.0,0.0,wltp_class3b,PPO_seed21
355,1.3889,502.0959000130289,0.0,0.0,0.4967199394699444,25.00267923885186,0.027173581114990842,0.0,0.004718946428693881,0.020083836000521157,0.0,0.0,wltp_class3b,PPO_seed21
356,1.1574,172.27071089153253,0.0,0.0,0.49672102318085276,25.00267877532513,0.009323342684189858,0.0,0.0016190856286798171,0.006890828435661301,0.0,0.0,wltp_class3b,PPO_seed21
357,0.9259,138.00198544747863,0.0,0.0,0.4967218913151578,25.002678301100012,0.007468708956774069,0.0,0.0012970111414236714,0.005520079417899146,0.0,0.0,wltp_class3b,PPO_seed21
358,0.6944,103.60765221858273,0.0,0.0,0.4967225430832044,25.00267781853607,0.005607277298265853,0.0,0.0009737561298738979,0.004144306088743309,0.0,0.0,wltp_class3b,PPO_seed21
359,0.463,69.08217421637917,0.0,0.0,0.49672297766040907,25.002677329988728,0.00373874804518419,0.0,0.0006492685546652178,0.0027632869686551667,0.0,0.0,wltp_class3b,PPO_seed21
360,0.2315,34.5827177770474,0.0,0.0,0.496723195210785,25.00267683782661,0.0018716270869111819,0.0,0.0003250255430173628,0.001383308711081896,0.0,0.0,wltp_class3b,PPO_seed21
361,0.0,0.0,0.0,0.0,0.496723195210785,25.00267634439494,0.0,0.0,0.0,0.0,0.0,0.0,wltp_class3b,PPO_seed21
362,0.0926,-27.469740819818007,0.0,0.0,0.4967230224063033,25.002675851618754,-5.163485116507145e-05,0.0,0.0002581742558253572,0.0,0.0,0.0,wltp_class3b,PPO_seed21
363,0.1852,-54.94227322521074,0.0,0.0,0.49672267677983045,25.002675360983496,-0.00010327494967144877,0.0,0.0005163747483572438,0.0,0.0,0.0,wltp_class3b,PPO_seed21
364,0.2778,-82.42038880175292,0.0,0.0,0.4967221582962437,25.00267487396989,-0.00015492554286043782,0.0,0.0007746277143021891,0.0,0.0,0.0,wltp_class3b,PPO_seed21
365,0.3704,-109.90687913501925,0.0,0.0,0.4967214669028092,25.002674392056672,-0.00020659187807334445,0.0,0.0010329593903667222,0.0,0.0,0.0,wltp_class3b,PPO_seed21
366,0.463,-137.4045358105845,0.0,0.0,0.4967206025291837,25.002673916723097,-0.00025827920265147463,0.0,0.001291396013257373,0.0,0.0,0.0,wltp_class3b,PPO_seed21
367,0.5556,-164.9161504140233,0.0,0.0,0.49671956508741655,25.002673449451258,-0.000309992763936134,0.0,0.00154996381968067,0.0,0.0,0.0,wltp_class3b,PPO_seed21
368,0.6481,-192.3139606828589,0.0,0.0,0.4967183552932299,25.002672991680704,-0.00036149240729860694,0.0,0.0018074620364930346,0.0,0.0,0.0,wltp_class3b,PPO_seed21
369,0.7407,-219.96265884591816,0.0,0.0,0.4967169715681251,25.002672544987774,-0.00041346364444721454,0.0,0.0020673182222360727,0.0,0.0,0.0,wltp_class3b,PPO_seed21
370,0.8333,-247.53287112334831,0.0,0.0,0.49671541440556105,25.00267211083867,-0.00046528735173561713,0.0,0.0023264367586780855,0.0,0.0,0.0,wltp_class3b,PPO_seed21
371,0.9259,-275.12820465627965,0.0,0.0,0.49671368364719315,25.002671690746464,-0.0005171582794290971,0.0,0.0025857913971454854,0.0,0.0,0.0,wltp_class3b,PPO_seed21
372,1.0185,-302.75145103028717,0.0,0.0,0.49671177911707715,25.00267128623617,-0.0005690816748689609,0.0,0.002845408374344804,0.0,0.0,0.0,wltp_class3b,PPO_seed21
373,1.1111,-330.4054018309453,0.0,0.0,0.49670970062167064,25.00267089884615,-0.0006210627853965138,0.0,0.003105313926982569,0.0,0.0,0.0,wltp_class3b,PPO_seed21
374,1.2037,-358.09284864382886,0.0,0.0,0.49670744794983407,25.002670530129457,-0.0006731068583530618,0.0,0.003365534291765309,0.0,0.0,0.0,wltp_class3b,PPO_seed21
375,1.2963,-385.8165830545125,0.0,0.0,0.4967050208728321,25.002670181655045,-0.0007252191410799107,0.0,0.003626095705399553,0.0,0.0,0.0,wltp_class3b,PPO_seed21
376,1.3889,-413.57939664857105,0.0,0.0,0.4967024191443345,25.00266985500892,-0.0007774048809183667,0.0,0.0038870244045918333,0.0,0.0,0.0,wltp_class3b,PPO_seed21
377,1.5506,-628.8337172130414,0.0,0.0,0.4966984632986414,25.002669741489704,-0.0011820182654380478,0.0,0.005910091327190239,0.0,0.0,0.0,wltp_class3b,PPO_seed21
378,1.7079,-681.4488274632891,0.0,0.0,0.4966941764561457,25.002669694873788,-0.0012809188486152053,0.0,0.006404594243076026,0.0,0.0,0.0,wltp_class3b,PPO_seed21
379,1.8568,-717.1749522392921,0.0,0.0,0.4966896648601231,25.002669697539215,-0.00134807321849491,0.0,0.00674036609247455,0.0,0.0,0.0,wltp_class3b,PPO_seed21
380,1.9938,-733.7990197057796,0.0,0.0,0.4966850486766406,25.002669725330797,-0.0013793214656123679,0.0,0.006896607328061839,0.0,0.0,0.0,wltp_class3b,PPO_seed21
381,2.116,-730.6812321075747,0.0,0.0,0.4966804520976056,25.00266975133749,-0.0013734609626082231,0.0,0.006867304813041116,0.0,0.0,0.0,wltp_class3b,PPO_seed21
382,2.2217,-710.7540086121182,0.0,0.0,0.49667598086861897,25.00266975282923,-0.0013360037755866885,0.0,0.006680018877933442,0.0,0.0,0.0,wltp_class3b,PPO_seed21
383,2.3099,-676.6308335473026,0.0,0.0,0.4966717242950888,25.002669712201286,-0.001271862469073877,0.0,0.006359312345369385,0.0,0.0,0.0,wltp_class3b,PPO_seed21
384,2.381,-634.5886251638116,0.0,0.0,0.49666773219586785,25.002669621976768,-0.001192835761586112,0.0,0.00596417880793056,0.0,0.0,0.0,wltp_class3b,PPO_seed21
385,2.4363,-589.8287457979875,0.0,0.0,0.49666402166897927,25.002669482256,-0.001108700649996217,0.0,0.005543503249981085,0.0,0.0,0.0,wltp_class3b,PPO_seed21
386,2.4781,-548.2067202880792,0.0,0.0,0.49666057297606886,25.002669299813395,-0.0010304637599399984,0.0,0.005152318799699992,0.0,0.0,0.0,wltp_class3b,PPO_seed21
387,2.5097,-515.6085019389216,0.0,0.0,0.49665732935074575,25.002669086379864,-0.0009691889134190255,0.0,0.004845944567095127,0.0,0.0,0.0,wltp_class3b,PPO_seed21
388,2.5348,-495.32362138570215,0.0,0.0,0.4966542133321989,25.002668855128906,-0.0009310594386949289,0.0,0.004655297193474644,0.0,0.0,0.0,wltp_class3b,PPO_seed21
389,2.5578,-491.6381063987472,0.0,0.0,0.49665112049633214,25.002668621857584,-0.0009241317789450137,0.0,0.004620658894725068,0.0,0.0,0.0,wltp_class3b,PPO_seed21
390,2.5829,-505.0953694264022,0.0,0.0,0.4966479430000599,25.00266840264561,-0.0009494273861398539,0.0,0.004747136930699269,0.0,0.0,0.0,wltp_class3b,PPO_seed21
391,2.6145,-537.961973302903,0.0,0.0,0.49664455874116253,25.002668217304183,-0.00101120671673478,0.0,0.0050560335836739,0.0,0.0,0.0,wltp_class3b,PPO_seed21
392,2.6563,-589.0523302413006,0.0,0.0,0.49664085307527783,25.002668088085827,-0.001107241222258084,0.0,0.00553620611129042,0.0,0.0,0.0,wltp_class3b,PPO_seed21
393,2.7116,-658.7307281659795,0.0,0.0,0.49663670906570234,25.002668043123048,-0.0012382156544473299,0.0,0.006191078272236649,0.0,0.0,0.0,wltp_class3b,PPO_seed21
394,2.7827,-745.0326433177531,0.0,0.0,0.4966320221335258,25.00266811528382,-0.0014004372994694608,0.0,0.007002186497347304,0.0,0.0,0.0,wltp_class3b,PPO_seed21
395,2.8709,-845.8518537455279,0.0,0.0,0.49662670094889405,25.002668342363627,-0.0015899470935066317,0.0,0.007949735467533157,0.0,0.0,0.0,wltp_class3b,PPO_seed21
396,2.9766,-959.1018933099444,0.0,0.0,0.4966206673065872,25.002668766841204,-0.0018028231077254595,0.0,0.009014115538627297,0.0,0.0,0.0,wltp_class3b,PPO_seed21
397,3.0988,-1079.3603496288652,0.0,0.0,0.4966138771121546,25.002669428264664,-0.002028872837648243,0.0,0.010144364188241214,0.0,0.0,0.0,wltp_class3b,PPO_seed21
398,3.2358,-1203.2203552786832,0.0,0.0,0.4966063077024369,25.002670363362025,-0.002261692397140382,0.0,0.01130846198570191,0.0,0.0,0.0,wltp_class3b,PPO_seed21
399,3.3847,-1323.197947057995,0.0,0.0,0.49659798349469275,25.00267159276732,-0.002487214186199239,0.0,0.012436070930996194,0.0,0.0,0.0,wltp_class3b,PPO_seed21
400,3.542,-1433.2355312063407,0.0,0.0,0.49658896701410127,25.002673118118587,-0.002694051750387859,0.0,0.013470258751939293,0.0,0.0,0.0,wltp_class3b,PPO_seed21
401,3.7037,-1526.558304838699,0.0,0.0,0.49657936340659053,25.002674915282828,-0.0028694704978171038,0.0,0.014347352489085518,0.0,0.0,0.0,wltp_class3b,PPO_seed21
402,3.8654,-1595.978522310283,0.0,0.0,0.4965693230377655,25.002676929472692,-0.002999959628402788,0.0,0.014999798142013939,0.0,0.0,0.0,wltp_class3b,PPO_seed21
403,4.0227,-1636.3174369823062,0.0,0.0,0.4965590288553828,25.002679080241776,-0.0030757846559817787,0.0,0.015378923279908892,0.0,0.0,0.0,wltp_class3b,PPO_seed21
404,4.1716,-1645.3591915070504,0.0,0.0,0.4965486777504607,25.002681273258748,-0.003092780435163629,0.0,0.015463902175818143,0.0,0.0,0.0,wltp_class3b,PPO_seed21
405,4.3086,-1622.5707687030924,0.0,0.0,0.49653846997069806,25.00268341050799,-0.0030499450539531814,0.0,0.015249725269765906,0.0,0.0,0.0,wltp_class3b,PPO_seed21
406,4.4308,-1569.3557578425234,0.0,0.0,0.49652859693693785,25.002685401720576,-0.002949916838049856,0.0,0.01474958419024928,0.0,0.0,0.0,wltp_class3b,PPO_seed21
407,4.5365,-1492.876620769319,0.0,0.0,0.4965192050126607,25.002687185407943,-0.002806159061596465,0.0,0.014030795307982322,0.0,0.0,0.0,wltp_class3b,PPO_seed21
408,4.6247,-1398.1965993727777,0.0,0.0,0.4965104087092729,25.002688723029127,-0.0026281890965653715,0.0,0.013140945482826858,0.0,0.0,0.0,wltp_class3b,PPO_seed21
409,4.6958,-1296.6075656134076,0.0,0.0,0.49650225149962735,25.002690012949884,-0.0024372322661906157,0.0,0.012186161330953078,0.0,0.0,0.0,wltp_class3b,PPO_seed21
410,4.7511,-1196.5599316195305,0.0,0.0,0.49649472369291353,25.002691076338795,-0.0022491728037961098,0.0,0.01124586401898055,0.0,0.0,0.0,wltp_class3b,PPO_seed21
411,4.7929,-1107.5567178046683,0.0,0.0,0.4964877558117584,25.00269195325634,-0.0020818735297080232,0.0,0.010409367648540117,0.0,0.0,0.0,wltp_class3b,PPO_seed21
412,4.8245,-1039.169340464398,0.0,0.0,0.4964812181614659,25.002692697065697,-0.0019533258279405977,0.0,0.009766629139702988,0.0,0.0,0.0,wltp_class3b,PPO_seed21
413,4.8496,-996.2309030407689,0.0,0.0,0.4964749506396456,25.002693362578167,-0.0018726144793999415,0.0,0.009363072396999707,0.0,0.0,0.0,wltp_class3b,PPO_seed21
414,4.8726,-985.6769663838934,0.0,0.0,0.49646874950927883,25.002694011763705,-0.0018527762526013036,0.0,0.009263881263006517,0.0,0.0,0.0,wltp_class3b,PPO_seed21
415,4.8977,-1007.4573779415134,0.0,0.0,0.4964624113475125,25.002694705169358,-0.0018937168758299126,0.0,0.009468584379149563,0.0,0.0,0.0,wltp_class3b,PPO_seed21
416,4.9293,-1064.6951341334884,0.0,0.0,0.49645571308265946,25.00269551422868,-0.0020013066431080607,0.0,0.010006533215540304,0.0,0.0,0.0,wltp_class3b,PPO_seed21
417,4.9712,-1154.603286817458,0.0,0.0,0.49644844917486675,25.002696516465207,-0.002170306930108004,0.0,0.010851534650540019,0.0,0.0,0.0,wltp_class3b,PPO_seed21
418,5.0264,-1273.0399791242846,0.0,0.0,0.4964404401399464,25.00269779670036,-0.0023929322915870015,0.0,0.011964661457935006,0.0,0.0,0.0,wltp_class3b,PPO_seed21
419,5.0975,-1419.275709076238,0.0,0.0,0.4964315110810015,25.00269945752884,-0.0026678114832260113,0.0,0.013339057416130055,0.0,0.0,0.0,wltp_class3b,PPO_seed21
420,5.1857,-1584.5284358107324,0.0,0.0,0.49642154234869,25.002701598801533,-0.00297843690941867,0.0,0.014892184547093349,0.0,0.0,0.0,wltp_class3b,PPO_seed21
421,5.2914,-1764.3031372562918,0.0,0.0,0.4964104425704142,25.00270432364331,-0.0033163592805569397,0.0,0.016581796402784697,0.0,0.0,0.0,wltp_class3b,PPO_seed21
422,5.4136,-1948.1468001362603,0.0,0.0,0.4963981861340029,25.002707711804202,-0.0036619300754440983,0.0,0.01830965037722049,0.0,0.0,0.0,wltp_class3b,PPO_seed21
423,5.5506,-2130.120432684386,0.0,0.0,0.4963847847894557,25.002711823593266,-0.0040039857757225294,0.0,0.020019928878612647,0.0,0.0,0.0,wltp_class3b,PPO_seed21
424,5.6995,-2298.3613830060735,0.0,0.0,0.49637032491783967,25.002716665878957,-0.004320228163545252,0.0,0.021601140817726256,0.0,0.0,0.0,wltp_class3b,PPO_seed21
425,5.8568,-2444.5609310214095,0.0,0.0,0.4963549451742574,25.002722193883162,-0.0045950393440252054,0.0,0.022975196720126028,0.0,0.0,0.0,wltp_class3b,PPO_seed21
426,6.0185,-2560.0178249230535,0.0,0.0,0.49633883895946695,25.00272830206416,-0.004812063580682431,0.0,0.024060317903412155,0.0,0.0,0.0,wltp_class3b,PPO_seed21
427,6.1802,-2635.941432803246,0.0,0.0,0.4963222549844937,25.00273482028019,-0.00495477712932941,0.0,0.024773885646647047,0.0,0.0,0.0,wltp_class3b,PPO_seed21
428,6.3375,-2666.967438485435,0.0,0.0,0.4963054757161969,25.002741533371378,-0.005013096688882397,0.0,0.025065483444411986,0.0,0.0,0.0,wltp_class3b,PPO_seed21
429,6.4864,-2652.1298664525702,0.0,0.0,0.4962887897062431,25.002748212233538,-0.00498520651588829,0.0,0.02492603257944145,0.0,0.0,0.0,wltp_class3b,PPO_seed21
430,6.6234,-2592.5098196375975,0.0,0.0,0.496272478711799,25.002754635543848,-0.0048731387587172895,0.0,0.024365693793586444,0.0,0.0,0.0,wltp_class3b,PPO_seed21
431,6.7457,-2492.591241862505,0.0,0.0,0.4962567962853903,25.00276061676221,-0.004685321883200197,0.0,0.023426609416000985,0.0,0.0,0.0,wltp_class3b,PPO_seed21
432,6.8513,-2359.394057527712,0.0,0.0,0.49624195181770575,25.002766022023884,-0.004434951235954346,0.0,0.02217475617977173,0.0,0.0,0.0,wltp_class3b,PPO_seed21
433,6.9395,-2206.8844979719943,0.0,0.0,0.4962280668315331,25.002770799450104,-0.004148279131526305,0.0,0.020741395657631525,0.0,0.0,0.0,wltp_class3b,PPO_seed21
434,7.0106,-2047.0880519100685,0.0,0.0,0.4962151871893961,25.002774959474774,-0.003847909872011407,0.0,0.019239549360057034,0.0,0.0,0.0,wltp_class3b,PPO_seed21
435,7.0659,-1892.7944290118403,0.0,0.0,0.4962032782833379,25.002778564398014,-0.0035578842650598507,0.0,0.017789421325299253,0.0,0.0,0.0,wltp_class3b,PPO_seed21
436,7.1077,-1757.1974736777454,0.0,0.0,0.4961922224908829,25.002781715516996,-0.0033030027700709503,0.0,0.01651501385035475,0.0,0.0,0.0,wltp_class3b,PPO_seed21
437,7.1393,-1653.6162320456342,0.0,0.0,0.4961818183866179,25.002784541880246,-0.0031083011880557038,0.0,0.015541505940278517,0.0,0.0,0.0,wltp_class3b,PPO_seed21
438,7.1644,-1588.4970825918037,0.0,0.0,0.49617182398302473,25.00278717419437,-0.002985896771789105,0.0,0.014929483858945524,0.0,0.0,0.0,wltp_class3b,PPO_seed21
439,7.1874,-1571.5080083815617,0.0,0.0,0.49616193646140566,25.002789758987376,-0.002953962421769853,0.0,0.014769812108849265,0.0,0.0,0.0,wltp_class3b,PPO_seed21
440,7.2126,-1603.2346823738276,0.0,0.0,0.4961518493155103,25.002792441618187,-0.003013599027018473,0.0,0.015067995135092365,0.0,0.0,0.0,wltp_class3b,PPO_seed21
441,7.2441,-1683.1617565161037,0.0,0.0,0.49614125927900404,25.00279537625221,-0.0031638378881881646,0.0,0.015819189440940823,0.0,0.0,0.0,wltp_class3b,PPO_seed21
442,7.286,-1813.367675184393,0.0,0.0,0.4961298500056167,25.00279874766416,-0.003408585855609761,0.0,0.017042929278048805,0.0,0.0,0.0,wltp_class3b,PPO_seed21
443,7.3413,-1983.6358691381547,0.0,0.0,0.49611736942550994,25.00280274101579,-0.003728638851763449,0.0,0.018643194258817244,0.0,0.0,0.0,wltp_class3b,PPO_seed21
444,7.4123,-2188.394697525034,0.0,0.0,0.49610360052004726,25.00280755841585,-0.00411352386752826,0.0,0.0205676193376413,0.0,0.0,0.0,wltp_class3b,PPO_seed21
445,7.5005,-2420.8955154054593,0.0,0.0,0.4960883687265734,25.002813412293264,-0.00455055548008545,0.0,0.02275277740042725,0.0,0.0,0.0,wltp_class3b,PPO_seed21
446,7.6062,-2669.186101824291,0.0,0.0,0.49607157467801694,25.002820492238172,-0.005017267108692277,0.0,0.025086335543461385,0.0,0.0,0.0,wltp_class3b,PPO_seed21
447,7.7284,-2918.91702861497,0.0,0.0,0.4960532092866372,25.002828931387693,-0.005486686144013102,0.0,0.02743343072006551,0.0,0.0,0.0,wltp_class3b,PPO_seed21
448,7.8654,-3161.5851543208278,0.0,0.0,0.4960333169620676,25.002838814308987,-0.005942829237445165,0.0,0.029714146187225825,0.0,0.0,0.0,wltp_class3b,PPO_seed21
449,8.0143,-3380.8945068785592,0.0,0.0,0.4960120446451175,25.0028501114378,-0.0063550648625536835,0.0,0.031775324312768416,0.0,0.0,0.0,wltp_class3b,PPO_seed21
450,8.1717,-3567.541925933605,0.0,0.0,0.495989597813638,25.002862700741318,-0.006705905875815047,0.0,0.03352952937907523,0.0,0.0,0.0,wltp_class3b,PPO_seed21
451,8.3333,-3705.5602041327875,0.0,0.0,0.49596628241609586,25.002876312464586,-0.00696533872957291,0.0,0.034826693647864546,0.0,0.0,0.0,wltp_class3b,PPO_seed21
452,8.495,-3792.3296692564386,0.0,0.0,0.49594242089350954,25.002890618225532,-0.007128439227925637,0.0,0.035642196139628185,0.0,0.0,0.0,wltp_class3b,PPO_seed21
453,8.6523,-3817.0060525371905,0.0,0.0,0.4959184039310114,25.00290518392875,-0.007174823407024794,0.0,0.03587411703512397,0.0,0.0,0.0,wltp_class3b,PPO_seed21
454,8.8013,-3782.515327825281,0.0,0.0,0.49589460381677575,25.002919584943395,-0.007109991217716694,0.0,0.03554995608858347,0.0,0.0,0.0,wltp_class3b,PPO_seed21
455,8.9382,-3685.8330064071333,0.0,0.0,0.4958714118822243,25.00293338423124,-0.006928257530840476,0.0,0.03464128765420238,0.0,0.0,0.0,wltp_class3b,PPO_seed21
456,9.0605,-3542.178218441713,0.0,0.0,0.49584912370867035,25.0029462774202,-0.0066582297339129945,0.0,0.03329114866956497,0.0,0.0,0.0,wltp_class3b,PPO_seed21
457,9.1661,-3355.684975007383,0.0,0.0,0.4958280088724666,25.002958022029294,-0.006307678524449968,0.0,0.03153839262224984,0.0,0.0,0.0,wltp_class3b,PPO_seed21
458,9.2543,-3146.3017499094667,0.0,0.0,0.49580821143316167,25.00296853683417,-0.005914101033664411,0.0,0.029570505168322055,0.0,0.0,0.0,wltp_class3b,PPO_seed21
459,9.3254,-2929.6373046182853,0.0,0.0,0.495789777235044,25.00297785269728,-0.005506837038756176,0.0,0.027534185193780876,0.0,0.0,0.0,wltp_class3b,PPO_seed21
460,9.3807,-2722.139458539403,0.0,0.0,0.4957726486242881,25.002986093409454,-0.005116803493495119,0.0,0.025584017467475594,0.0,0.0,0.0,wltp_class3b,PPO_seed21
461,9.4225,-2540.7362084718143,0.0,0.0,0.4957566614254087,25.00299345358312,-0.004775819940736493,0.0,0.023879099703682464,0.0,0.0,0.0,wltp_class3b,PPO_seed21
462,9.4541,-2402.556397247125,0.0,0.0,0.49574154367647405,25.003000180067843,-0.00451608345347204,0.0,0.0225804172673602,0.0,0.0,0.0,wltp_class3b,PPO_seed21
463,9.4793,-2317.238898418898,0.0,0.0,0.4957269627585889,25.00300653046968,-0.004355712215073116,0.0,0.02177856107536558,0.0,0.0,0.0,wltp_class3b,PPO_seed21
464,9.5022,-2291.2603329562476,0.0,0.0,0.4957125452946797,25.00301276781914,-0.004306880325105729,0.0,0.02153440162552864,0.0,0.0,0.0,wltp_class3b,PPO_seed21
465,9.5274,-2334.100856840293,0.0,0.0,0.49569785825066137,25.003019191439627,-0.004387407625639649,0.0,0.021937038128198243,0.0,0.0,0.0,wltp_class3b,PPO_seed21
466,9.5589,-2438.862701015213,0.0,0.0,0.49568251199118546,25.003026089168422,-0.004584328385366942,0.0,0.02292164192683471,0.0,0.0,0.0,wltp_class3b,PPO_seed21
467,9.6008,-2609.3889362975733,0.0,0.0,0.49566609269395245,25.0030338078042,-0.0049048664216119805,0.0,0.0245243321080599,0.0,0.0,0.0,wltp_class3b,PPO_seed21
468,9.6561,-2831.7202096490014,0.0,0.0,0.4956482743678777,25.003042686138514,-0.005322782348964289,0.0,0.02661391174482144,0.0,0.0,0.0,wltp_class3b,PPO_seed21
469,9.7271,-3097.9427981175454,0.0,0.0,0.4956287808109073,25.003053084458998,-0.005823200748341251,0.0,0.029116003741706253,0.0,0.0,0.0,wltp_class3b,PPO_seed21
470,9.8154,-3400.1330686545684,0.0,0.0,0.4956073856713043,25.00306538055862,-0.006391227572658963,0.0,0.03195613786329481,0.0,0.0,0.0,wltp_class3b,PPO_seed21
471,9.921,-3715.814740911757,0.0,0.0,0.49558400401898545,25.003079857347352,-0.0069846141746461605,0.0,0.0349230708732308,0.0,0.0,0.0,wltp_class3b,PPO_seed21
472,10.0432,-4035.2782556295206,0.0,0.0,0.4955586120139353,25.00309674856566,-0.007585109503063009,0.0,0.037925547515315045,0.0,0.0,0.0,wltp_class3b,PPO_seed21
473,10.1802,-4341.221740752488,0.0,0.0,0.4955312946830336,25.00311615292294,-0.008160191242015955,0.0,0.04080095621007977,0.0,0.0,0.0,wltp_class3b,PPO_seed21
474,10.3291,-4614.404539239944,0.0,0.0,0.49550225812496557,25.003137976974635,-0.008673692742932225,0.0,0.043368463714661125,0.0,0.0,0.0,wltp_class3b,PPO_seed21
475,10.4865,-4843.508167560396,0.0,0.0,0.4954717796657537,25.003161971220013,-0.009104338660827813,0.0,0.04552169330413906,0.0,0.0,0.0,wltp_class3b,PPO_seed21
476,10.6481,-5009.025165254645,0.0,0.0,0.4954402593949178,25.003187641422127,-0.009415460836944821,0.0,0.047077304184724104,0.0,0.0,0.0,wltp_class3b,PPO_seed21
477,10.8098,-5108.750452234363,0.0,0.0,0.49540811129420903,25.003214408735086,-0.00960291438389918,0.0,0.048014571919495895,0.0,0.0,0.0,wltp_class3b,PPO_seed21
478,10.9672,-5131.8073809153975,0.0,0.0,0.4953758178082759,25.00324154733911,-0.009646254475404882,0.0,0.04823127237702441,0.0,0.0,0.0,wltp_class3b,PPO_seed21
479,11.1161,-5075.919549315122,0.0,0.0,0.49534387572856625,25.003268294463787,-0.00954120216036677,0.0,0.04770601080183385,0.0,0.0,0.0,wltp_class3b,PPO_seed21
480,11.2531,-4950.377540857826,0.0,0.0,0.49531272340312865,25.003293993785622,-0.009305220941462078,0.0,0.04652610470731039,0.0,0.0,0.0,wltp_class3b,PPO_seed21
481,11.3753,-4760.68138816966,0.0,0.0,0.49528276458546233,25.003318082943547,-0.00894864922588282,0.0,0.0447432461294141,0.0,0.0,0.0,wltp_class3b,PPO_seed21
482,11.4647,-4226.858870580554,0.0,0.0,0.4952561649105634,25.00333774991821,-0.007945223440940891,0.0,0.03972611720470445,0.0,0.0,0.0,wltp_class3b,PPO_seed21
483,11.5367,-3952.339435464846,0.0,0.0,0.4952312926669803,25.003355369535274,-0.007429209465159486,0.0,0.037146047325797425,0.0,0.0,0.0,wltp_class3b,PPO_seed21
484,11.5916,-3671.4353239890215,0.0,0.0,0.4952081880757512,25.003371018276813,-0.006901194218024477,0.0,0.034505971090122385,0.0,0.0,0.0,wltp_class3b,PPO_seed21
485,11.6307,-3404.1508618264966,0.0,0.0,0.49518676546355594,25.00338491102654,-0.0063987798154633395,0.0,0.031993899077316694,0.0,0.0,0.0,wltp_class3b,PPO_seed21
486,11.6563,-3170.933089238093,0.0,0.0,0.49516681047422273,25.00339736570805,-0.005960400543680626,0.0,0.02980200271840313,0.0,0.0,0.0,wltp_class3b,PPO_seed21
487,11.6717,-2992.3884357390434,0.0,0.0,0.4951479790649302,25.00340877448256,-0.005624790292742563,0.0,0.028123951463712812,0.0,0.0,0.0,wltp_class3b,PPO_seed21
488,11.6806,-2877.9888694026013,0.0,0.0,0.49512986757704347,25.003419530191877,-0.005409753513914664,0.0,0.02704876756957332,0.0,0.0,0.0,wltp_class3b,PPO_seed21
489,11.6874,-2842.573700781365,0.0,0.0,0.49511197896048864,25.0034300688284,-0.005343183648085273,0.0,0.026715918240426365,0.0,0.0,0.0,wltp_class3b,PPO_seed21
490,11.6964,-2886.23270281627,0.0,0.0,0.49509381559479415,25.00344081706766,-0.005425249441383967,0.0,0.02712624720691983,0.0,0.0,0.0,wltp_class3b,PPO_seed21
491,11.7117,-3007.240615951304,0.0,0.0,0.49507489071167865,25.00345221716781,-0.005652707924720496,0.0,0.02826353962360248,0.0,0.0,0.0,wltp_class3b,PPO_seed21
492,11.7374,-3207.8694601839693,0.0,0.0,0.4950547032389075,25.00346478373363,-0.006029829812375882,0.0,0.03014914906187941,0.0,0.0,0.0,wltp_class3b,PPO_seed21
493,11.7764,-3468.496921190216,0.0,0.0,0.49503287558145725,25.003478998275884,-0.006519731054868827,0.0,0.032598655274344135,0.0,0.0,0.0,wltp_class3b,PPO_seed21
494,11.8313,-3786.279223857026,0.0,0.0,0.49500904803114765,25.00349541455991,-0.007117066210257568,0.0,0.03558533105128784,0.0,0.0,0.0,wltp_class3b,PPO_seed21
495,11.9033,-4137.867844707363,0.0,0.0,0.49498300780334936,25.00351450980725,-0.007777947076517598,0.0,0.03888973538258799,0.0,0.0,0.0,wltp_class3b,PPO_seed21
496,11.9928,-4510.480075186859,0.0,0.0,0.49495462254568595,25.003536721591477,-0.008478346005990336,0.0,0.04239173002995168,0.0,0.0,0.0,wltp_class3b,PPO_seed21
497,12.0988,-4878.986685900921,0.0,0.0,0.49492391803831853,25.00356230075839,-0.009171027605076919,0.0,0.045855138025384594,0.0,0.0,0.0,wltp_class3b,PPO_seed21
498,12.2196,-5230.05726959015,0.0,0.0,0.49489100394683194,25.003591357252738,-0.009830934717274718,0.0,0.04915467358637359,0.0,0.0,0.0,wltp_class3b,PPO_seed21
499,12.3523,-5539.1090752471155,0.0,0.0,0.4948561446414995,25.003623706971226,-0.010411859163998338,0.0,0.052059295819991684,0.0,0.0,0.0,wltp_class3b,PPO_seed21
500,12.4934,-5791.293342636832,0.0,0.0,0.49481969794769787,25.00365892629489,-0.010885889741798556,0.0,0.05442944870899278,0.0,0.0,0.0,wltp_class3b,PPO_seed21
501,12.6389,-5972.327265728708,0.0,0.0,0.4947821115920294,25.003696344476925,-0.011226179070918624,0.0,0.05613089535459312,0.0,0.0,0.0,wltp_class3b,PPO_seed21
502,12.7844,-6068.791511159483,0.0,0.0,0.49474391777587345,25.003735057896282,-0.011407502840525344,0.0,0.05703751420262672,0.0,0.0,0.0,wltp_class3b,PPO_seed21
503,12.9255,-6074.77946058347,0.0,0.0,0.4947056859006088,25.003774041790667,-0.011418758384555396,0.0,0.05709379192277697,0.0,0.0,0.0,wltp_class3b,PPO_seed21
504,13.0582,-5992.902069473531,0.0,0.0,0.49466796896392407,25.003812290158898,-0.01126485351404799,0.0,0.05632426757023995,0.0,0.0,0.0,wltp_class3b,PPO_seed21
505,13.179,-5828.859441908743,0.0,0.0,0.4946312841153857,25.003848892786294,-0.010956502710354782,0.0,0.0547825135517739,0.0,0.0,0.0,wltp_class3b,PPO_seed21
506,13.285,-5591.728145179297,0.0,0.0,0.49459609140106464,25.003883104300655,-0.010510767190186648,0.0,0.05255383595093324,0.0,0.0,0.0,wltp_class3b,PPO_seed21
507,13.3745,-5304.819385149398,0.0,0.0,0.49456270416738324,25.003914504331796,-0.00997146500967932,0.0,0.0498573250483966,0.0,0.0,0.0,wltp_class3b,PPO_seed21
508,13.4465,-4982.549029143081,0.0,0.0,0.49453134503587237,25.00394288458218,-0.009365693663802783,0.0,0.04682846831901392,0.0,0.0,0.0,wltp_class3b,PPO_seed21
509,13.5013,-4653.302956794362,0.0,0.0,0.4945020579717862,25.003968347492798,-0.008746810069162335,0.0,0.043734050345811674,0.0,0.0,0.0,wltp_class3b,PPO_seed21
510,13.5404,-4344.481321926937,0.0,0.0,0.4944747144804781,25.003991232858805,-0.008166318274298754,0.0,0.040831591371493774,0.0,0.0,0.0,wltp_class3b,PPO_seed21
511,13.5661,-4075.487118510953,0.0,0.0,0.4944490639361882,25.00401199652075,-0.007660690072389009,0.0,0.038303450361945046,0.0,0.0,0.0,wltp_class3b,PPO_seed21
512,13.5814,-3863.672092447089,0.0,0.0,0.49442474649180956,25.004031164635073,-0.007262541527156183,0.0,0.036312707635780914,0.0,0.0,0.0,wltp_class3b,PPO_seed21
513,13.5904,-3734.993937117258,0.0,0.0,0.49440123891512405,25.004049383664842,-0.0070206652953331925,0.0,0.03510332647666596,0.0,0.0,0.0,wltp_class3b,PPO_seed21
514,13.5971,-3689.6391681315013,0.0,0.0,0.4943780167899446,25.004067249108495,-0.0069354119701719955,0.0,0.034677059850859976,0.0,0.0,0.0,wltp_class3b,PPO_seed21
515,13.6061,-3742.7128880655328,0.0,0.0,0.4943544606226147,25.00408544999828,-0.007035174601626941,0.0,0.035175873008134705,0.0,0.0,0.0,wltp_class3b,PPO_seed21
516,13.6214,-3883.7362419554397,0.0,0.0,0.4943300168635289,25.00410463711852,-0.007300256093901203,0.0,0.036501280469506014,0.0,0.0,0.0,wltp_class3b,PPO_seed21
517,13.6471,-4117.44762539526,0.0,0.0,0.49430410213127346,25.004125576465942,-0.007739563205630188,0.0,0.038697816028150936,0.0,0.0,0.0,wltp_class3b,PPO_seed21
518,13.6862,-4423.096410163837,0.0,0.0,0.4942762636342853,25.00414899092959,-0.008314090996548567,0.0,0.04157045498274283,0.0,0.0,0.0,wltp_class3b,PPO_seed21
519,13.741,-4788.494111030253,0.0,0.0,0.4942461252803514,25.004175623589745,-0.009000928780132056,0.0,0.04500464390066028,0.0,0.0,0.0,wltp_class3b,PPO_seed21
520,13.813,-5199.216596298447,0.0,0.0,0.4942134017456654,25.00420620421631,-0.009772963526876781,0.0,0.048864817634383904,0.0,0.0,0.0,wltp_class3b,PPO_seed21
521,13.9025,-5631.568527949184,0.0,0.0,0.49417795682690485,25.004241318880446,-0.01058565512772403,0.0,0.05292827563862015,0.0,0.0,0.0,wltp_class3b,PPO_seed21
522,14.0085,-6058.343164867078,0.0,0.0,0.4941398255457442,25.004281295830225,-0.01138786309185541,0.0,0.056939315459277044,0.0,0.0,0.0,wltp_class3b,PPO_seed21
523,14.1293,-6464.015496324004,0.0,0.0,0.4940991406312466,25.00432625912882,-0.012150405068278204,0.0,0.060752025341391014,0.0,0.0,0.0,wltp_class3b,PPO_seed21
524,14.262,-6820.214881302241,0.0,0.0,0.49405621337860406,25.004375915452826,-0.012819952784402712,0.0,0.06409976392201355,0.0,0.0,0.0,wltp_class3b,PPO_seed21
525,14.4031,-7110.025917010781,0.0,0.0,0.4940114615614811,25.00442963906508,-0.013364710370321019,0.0,0.06682355185160509,0.0,0.0,0.0,wltp_class3b,PPO_seed21
526,14.5486,-7317.339219427123,0.0,0.0,0.4939654043694627,25.004486465387313,-0.01375439702899835,0.0,0.06877198514499175,0.0,0.0,0.0,wltp_class3b,PPO_seed21
527,14.6941,-7427.154146273312,0.0,0.0,0.49391865543972846,25.00454511347495,-0.013960816064423521,0.0,0.0698040803221176,0.0,0.0,0.0,wltp_class3b,PPO_seed21
528,14.8352,-7433.153964767993,0.0,0.0,0.4938718682060862,25.004604142545986,-0.013972093918736828,0.0,0.06986046959368414,0.0,0.0,0.0,wltp_class3b,PPO_seed21
529,14.9679,-7338.748993410926,0.0,0.0,0.4938256746755175,25.004662144373484,-0.013794640965058134,0.0,0.06897320482529067,0.0,0.0,0.0,wltp_class3b,PPO_seed21
530,15.0887,-7150.77003268737,0.0,0.0,0.4937806638943926,25.004717845627606,-0.013441297053923629,0.0,0.06720648526961814,0.0,0.0,0.0,wltp_class3b,PPO_seed21
531,15.1947,-6879.7697941037995,0.0,0.0,0.49373735851383166,25.00477019930378,-0.012931898109217669,0.0,0.06465949054608834,0.0,0.0,0.0,wltp_class3b,PPO_seed21
532,15.2842,-6552.429095243961,0.0,0.0,0.49369611325969975,25.004818606674057,-0.012316596043691655,0.0,0.061582980218458275,0.0,0.0,0.0,wltp_class3b,PPO_seed21
533,15.3562,-6185.116815300409,0.0,0.0,0.4936571798286948,25.00486275851338,-0.011626159427256408,0.0,0.05813079713628204,0.0,0.0,0.0,wltp_class3b,PPO_seed21
534,15.4111,-5812.547226334999,0.0,0.0,0.4936205914001377,25.004902805413668,-0.010925840651005637,0.0,0.05462920325502819,0.0,0.0,0.0,wltp_class3b,PPO_seed21
535,15.4501,-5456.020447369639,0.0,0.0,0.4935862470637842,25.004939128650566,-0.0102556775326497,0.0,0.05127838766324849,0.0,0.0,0.0,wltp_class3b,PPO_seed21
536,15.4758,-5152.126337396415,0.0,0.0,0.49355381557032063,25.00497243550584,-0.009684448002624841,0.0,0.0484222400131242,0.0,0.0,0.0,wltp_class3b,PPO_seed21
537,15.4911,-4910.909054096526,0.0,0.0,0.4935229024271485,25.00500344305391,-0.009231032056572419,0.0,0.04615516028286209,0.0,0.0,0.0,wltp_class3b,PPO_seed21
538,15.5001,-4764.394481761021,0.0,0.0,0.49349291153050506,25.00503307898243,-0.008955628725114701,0.0,0.0447781436255735,0.0,0.0,0.0,wltp_class3b,PPO_seed21
539,15.5069,-4715.332441523405,0.0,0.0,0.49346322945228843,25.005062228816254,-0.008863406844968806,0.0,0.04431703422484403,0.0,0.0,0.0,wltp_class3b,PPO_seed21
540,15.5158,-4771.233909526927,0.0,0.0,0.4934331954721596,25.005091830727068,-0.008968484792343847,0.0,0.04484242396171924,0.0,0.0,0.0,wltp_class3b,PPO_seed21
541,15.5312,-4937.358453587956,0.0,0.0,0.4934021157496191,25.005122917738863,-0.009280748972909694,0.0,0.046403744864548464,0.0,0.0,0.0,wltp_class3b,PPO_seed21
542,15.1601,3165.392472129972,0.0,0.0,0.49342204131251327,25.005140389464806,0.17131199258941007,0.0,0.02974992924934184,0.12661569888519889,0.0,0.0,wltp_class3b,PPO_seed21
543,14.8025,2933.825775146928,0.0,0.0,0.4934405087092715,25.005155578771507,0.15877953330456832,0.0,0.027573550518298198,0.11735303100587713,0.0,0.0,wltp_class3b,PPO_seed21
544,14.4607,2671.2065900632933,0.0,0.0,0.4934573225870907,25.005168535369805,0.14456650402462845,0.0,0.025105325094579824,0.10684826360253173,0.0,0.0,wltp_class3b,PPO_seed21
545,14.136,2395.8710535817877,0.0,0.0,0.49347240301438966,25.005179430472527,0.12966526198256922,0.0,0.022517585090054394,0.09583484214327151,0.0,0.0,wltp_class3b,PPO_seed21
546,13.8288,2122.8807514286223,0.0,0.0,0.4934857648568185,25.00518850630562,0.11489094472769341,0.0,0.019951886761547202,0.0849152300571449,0.0,0.0,wltp_class3b,PPO_seed21
547,13.5381,1873.509727696459,0.0,0.0,0.49349755686997293,25.005196066652175,0.10139490992450459,0.0,0.017608174132485516,0.07494038910785836,0.0,0.0,wltp_class3b,PPO_seed21
548,13.2622,1656.8662348515104,0.0,0.0,0.493507985118282,25.005202399688148,0.08967009893579828,0.0,0.015572051079431489,0.06627464939406041,0.0,0.0,wltp_class3b,PPO_seed21
549,12.9983,1487.2035662418448,0.0,0.0,0.4935173453550702,25.005207783215166,0.08048790428427668,0.0,0.013977477126333128,0.059488142649673795,0.0,0.0,wltp_class3b,PPO_seed21
550,12.7427,1374.873861363509,0.0,0.0,0.4935259984660072,25.005212466803577,0.07440858687289124,0.0,0.012921746817326211,0.054994954454540355,0.0,0.0,wltp_class3b,PPO_seed21
551,12.4915,1319.61840691961,0.0,0.0,0.4935343036866693,25.00521665364574,0.07141814506020566,0.0,0.012402428636462499,0.0527847362767844,0.0,0.0,wltp_class3b,PPO_seed21
552,12.2403,1325.1636958018398,0.0,0.0,0.49354264368631273,25.00522053061031,0.07171825776226799,0.0,0.012454546013175187,0.05300654783207359,0.0,0.0,wltp_class3b,PPO_seed21
553,11.9847,1387.8601302867394,0.0,0.0,0.49355137814689937,25.00522427008695,0.07511140765266126,0.0,0.013043798216980634,0.055514405211469574,0.0,0.0,wltp_class3b,PPO_seed21
554,11.7208,1497.1910003746186,0.0,0.0,0.49356080054799034,25.00522802947027,0.08102842722328198,0.0,0.014071343988483257,0.05988764001498474,0.0,0.0,wltp_class3b,PPO_seed21
555,11.4449,1646.6284391258284,0.0,0.0,0.49357116327385214,25.0052319708914,0.08911602635208807,0.0,0.015475831194791621,0.06586513756503314,0.0,0.0,wltp_class3b,PPO_seed21
556,11.1542,1820.6114884394215,0.0,0.0,0.4935826207684434,25.00523623395144,0.09853204130666882,0.0,0.017111010229693812,0.07282445953757685,0.0,0.0,wltp_class3b,PPO_seed21
557,10.847,2001.8519849821896,0.0,0.0,0.4935952186714203,25.005240915459705,0.10834083148798346,0.0,0.01881439835509577,0.08007407939928758,0.0,0.0,wltp_class3b,PPO_seed21
558,10.5223,2178.966792298312,0.0,0.0,0.4936089309851923,25.00524607261652,0.11792633812754325,0.0,0.020479011205811203,0.08715867169193249,0.0,0.0,wltp_class3b,PPO_seed21
559,10.1805,2333.556209026475,0.0,0.0,0.49362361592463666,25.005251677523606,0.12629276385392907,0.0,0.02193191925776762,0.09334224836105899,0.0,0.0,wltp_class3b,PPO_seed21
560,9.8229,2455.0580452177587,0.0,0.0,0.49363906524521195,25.005257634710148,0.13286847977050698,0.0,0.023073853808437583,0.09820232180871034,0.0,0.0,wltp_class3b,PPO_seed21
561,9.4518,2533.742269952693,0.0,0.0,0.49365500948428975,25.005263780608416,0.1371268936775901,0.0,0.023813367198803503,0.10134969079810771,0.0,0.0,wltp_class3b,PPO_seed21
562,9.0705,2562.1752893667926,0.0,0.0,0.4936711324161298,25.005269897790505,0.1386656972395652,0.0,0.02408059482487587,0.1024870115746717,0.0,0.0,wltp_class3b,PPO_seed21
563,8.6828,2540.1121947567426,0.0,0.0,0.4936871162901635,25.005275760570097,0.13747163592375214,0.0,0.02387323491312728,0.1016044877902697,0.0,0.0,wltp_class3b,PPO_seed21
564,8.2928,2470.5445389904726,0.0,0.0,0.49370266219580644,25.005281163957104,0.13370661347107834,0.0,0.023219403561940532,0.0988217815596189,0.0,0.0,wltp_class3b,PPO_seed21
565,7.9051,2355.6236599954573,0.0,0.0,0.4937174847731207,25.005285931041087,0.12748706093719775,0.0,0.02213932011273926,0.0942249463998183,0.0,0.0,wltp_class3b,PPO_seed21
566,7.5238,2206.7443371040285,0.0,0.0,0.4937313703734124,25.005289961178498,0.11942966720657741,0.0,0.02074007835624087,0.08826977348416114,0.0,0.0,wltp_class3b,PPO_seed21
567,7.1527,2032.623073237438,0.0,0.0,0.4937441602012291,25.00529321449251,0.11000617203882014,0.0,0.019103600312381935,0.08130492292949752,0.0,0.0,wltp_class3b,PPO_seed21
568,6.7951,1842.5587113721504,0.0,0.0,0.4937557539744537,25.005295706691243,0.09971983161245668,0.0,0.017317281121918705,0.07370234845488602,0.0,0.0,wltp_class3b,PPO_seed21
569,6.4533,1648.0073368879182,0.0,0.0,0.4937661234943501,25.005297504416955,0.08919065271367846,0.0,0.015488790760224795,0.06592029347551673,0.0,0.0,wltp_class3b,PPO_seed21
570,6.1287,1457.609589400161,0.0,0.0,0.4937752949270565,25.00529870110081,0.07888626935716059,0.0,0.013699338246242115,0.05830438357600644,0.0,0.0,wltp_class3b,PPO_seed21
571,5.8214,1280.7469871828641,0.0,0.0,0.4937833534633434,25.005299406511728,0.06931441213340041,0.0,0.01203709574419985,0.05122987948731456,0.0,0.0,wltp_class3b,PPO_seed21
572,5.5308,1121.0626905256293,0.0,0.0,0.4937904072113826,25.00529972287226,0.060672249972958496,0.0,0.010536303482383734,0.04484250762102517,0.0,0.0,wltp_class3b,PPO_seed21
573,5.2549,985.2198687593101,0.0,0.0,0.49379660619876636,25.005299747794147,0.053320395603981295,0.0,0.009259585232700283,0.0394087947503724,0.0,0.0,wltp_class3b,PPO_seed21
574,4.9909,874.9003133922618,0.0,0.0,0.4938021110297818,25.005299562066963,0.04734986808870301,0.0,0.00822274730631825,0.03499601253569047,0.0,0.0,wltp_class3b,PPO_seed21
575,4.7353,790.5106630647133,0.0,0.0,0.4938070848629581,25.00529923012357,0.042782674832630124,0.0,0.00742961149496911,0.031620426522588535,0.0,0.0,wltp_class3b,PPO_seed21
576,4.4841,730.8589448609648,0.0,0.0,0.49381168335351827,25.00529880155301,0.039554305903076875,0.0,0.006868975045685759,0.029234357794438594,0.0,0.0,wltp_class3b,PPO_seed21
577,4.2329,693.826534387201,0.0,0.0,0.4938160488237611,25.005298314191048,0.03755010071066972,0.0,0.006520926075067679,0.027753061375488042,0.0,0.0,wltp_class3b,PPO_seed21
578,3.9774,674.622016527514,0.0,0.0,0.4938202934469108,25.00529779454049,0.036510746428308614,0.0,0.006340432486160846,0.02698488066110056,0.0,0.0,wltp_class3b,PPO_seed21
579,3.7134,668.3764090403587,0.0,0.0,0.4938244987598219,25.00529726067572,0.03617273227272558,0.0,0.006281733167672544,0.026735056361614346,0.0,0.0,wltp_class3b,PPO_seed21
580,3.4375,667.3932937622072,0.0,0.0,0.49382869787388456,25.005296720233805,0.03611952577819825,0.0,0.00627249336242676,0.02669573175048829,0.0,0.0,wltp_class3b,PPO_seed21
581,3.1468,665.6561272384635,0.0,0.0,0.4938328860452259,25.005296173095164,0.036025509803477136,0.0,0.006256166609384055,0.02662624508953854,0.0,0.0,wltp_class3b,PPO_seed21
582,2.8396,655.3517453855271,0.0,0.0,0.4938370093713351,25.005295609334883,0.035467833558534015,0.0,0.00615932091527751,0.026214069815421084,0.0,0.0,wltp_class3b,PPO_seed21
583,2.5149,631.5509001571677,0.0,0.0,0.4938409829366307,25.00529501358049,0.03417972465662626,0.0,0.005935628760875636,0.02526203600628671,0.0,0.0,wltp_class3b,PPO_seed21
584,2.1731,588.8051001902239,0.0,0.0,0.4938446875458579,25.005294366147385,0.031866309106535574,0.0,0.005533882520584812,0.023552204007608955,0.0,0.0,wltp_class3b,PPO_seed21
585,1.8155,525.1323466625427,0.0,0.0,0.49384799153458325,25.005293649924266,0.028420320535917153,0.0,0.004935454385926153,0.021005293866501705,0.0,0.0,wltp_class3b,PPO_seed21
586,1.2812,625.0353146006344,0.0,0.0,0.4938519240769993,25.00529304124234,0.033827099206732075,0.0,0.0058743920545172405,0.025001412584025374,0.0,0.0,wltp_class3b,PPO_seed21
587,0.9609,238.75910554714258,0.0,0.0,0.49385342627698736,25.005292115996433,0.012921714599461143,0.0,0.0022439765558941974,0.009550364221885703,0.0,0.0,wltp_class3b,PPO_seed21
588,0.6406,159.31137112507935,0.0,0.0,0.49385442861488776,25.00529116067212,0.008621979318483616,0.0,0.001497287322604129,0.006372454845003174,0.0,0.0,wltp_class3b,PPO_seed21
589,0.3203,79.69727579063489,0.0,0.0,0.4938549300451633,25.005290187331827,0.004313240534894661,0.0,0.0007490345469044632,0.0031878910316253954,0.0,0.0,wltp_class3b,PPO_seed21
590,0.0,0.0,0.0,0.0,0.4938549300451633,25.005289208066447,0.0,0.0,0.0,0.0,0.0,0.0,wltp_class3b,PPO_seed21
591,0.1594,-63.85092874105591,0.0,0.0,0.49385452831533716,25.005288232812454,-0.0001200205427463457,0.0,0.0006001027137317285,0.0,0.0,0.0,wltp_class3b,PPO_seed21
592,0.3188,-127.71609659511402,0.0,0.0,0.493853724766001,25.00528726933508,-0.00024006785074269553,0.0,0.0012003392537134777,0.0,0.0,0.0,wltp_class3b,PPO_seed21
593,0.4781,-191.49527581866676,0.0,0.0,0.49385251993780876,25.00528632536983,-0.00035995352597493753,0.0,0.0017997676298746876,0.0,0.0,0.0,wltp_class3b,PPO_seed21
594,0.6375,-255.5059790863443,0.0,0.0,0.49385091237347156,25.005285408784612,-0.0004802743967788427,0.0,0.0024013719838942133,0.0,0.0,0.0,wltp_class3b,PPO_seed21
595,0.7969,-319.4992587619757,0.0,0.0,0.4938489021817557,25.005284527399215,-0.0006005625164698791,0.0,0.0030028125823493954,0.0,0.0,0.0,wltp_class3b,PPO_seed21
596,0.9563,-383.5637250696737,0.0,0.0,0.49384648891368466,25.00528368911647,-0.0007209844456196875,0.0,0.003604922228098437,0.0,0.0,0.0,wltp_class3b,PPO_seed21
597,1.1157,-447.7136171224404,0.0,0.0,0.4938436720304662,25.005282901908505,-0.0008415669494782714,0.0,0.004207834747391357,0.0,0.0,0.0,wltp_class3b,PPO_seed21
598,1.275,-511.72449935742196,0.0,0.0,0.4938404524051734,25.00528217359808,-0.0009618881566868835,0.0,0.004809440783434417,0.0,0.0,0.0,wltp_class3b,PPO_seed21
599,1.3006,-251.55347598861772,0.0,0.0,0.4938388696996983,25.005281258475787,-0.00047284487967785285,0.0,0.002364224398389264,0.0,0.0,0.0,wltp_class3b,PPO_seed21
600,1.5247,-766.2565608009998,0.0,0.0,0.4938340486208205,25.005280839390885,-0.0014403318812048868,0.0,0.007201659406024434,0.0,0.0,0.0,wltp_class3b,PPO_seed21
601,1.7532,-893.8611491380293,0.0,0.0,0.4938284246752191,25.00528062248964,-0.0016801901299587016,0.0,0.008400950649793508,0.0,0.0,0.0,wltp_class3b,PPO_seed21
602,1.9816,-1010.9920959309787,0.0,0.0,0.4938220637543754,25.005280619107225,-0.0019003610825770276,0.0,0.009501805412885138,0.0,0.0,0.0,wltp_class3b,PPO_seed21
603,2.2058,-1112.178846055918,0.0,0.0,0.4938150661693458,25.005280822207204,-0.002090561740706613,0.0,0.010452808703533064,0.0,0.0,0.0,wltp_class3b,PPO_seed21
604,2.4215,-1190.3348059166653,0.0,0.0,0.49380757681940696,25.005281199683417,-0.00223747143969298,0.0,0.0111873571984649,0.0,0.0,0.0,wltp_class3b,PPO_seed21
605,2.6252,-1243.0450663335398,0.0,0.0,0.49379975579975516,25.005281703549144,-0.0023365508765668046,0.0,0.011682754382834021,0.0,0.0,0.0,wltp_class3b,PPO_seed21
606,2.8143,-1270.3652044388007,0.0,0.0,0.493791762858149,25.00528227828125,-0.002387904519621806,0.0,0.011939522598109029,0.0,0.0,0.0,wltp_class3b,PPO_seed21
607,2.9867,-1272.3483777243684,0.0,0.0,0.49378375741027597,25.005282864416532,-0.00239163228895558,0.0,0.011958161444777899,0.0,0.0,0.0,wltp_class3b,PPO_seed21
608,3.1417,-1255.092446457732,0.0,0.0,0.49377586050714656,25.005283416447295,-0.0023591963279280675,0.0,0.011795981639640338,0.0,0.0,0.0,wltp_class3b,PPO_seed21
609,3.2796,-1224.647071310867,0.0,0.0,0.49376815513755995,25.005283904512567,-0.002301968179155765,0.0,0.011509840895778825,0.0,0.0,0.0,wltp_class3b,PPO_seed21
610,3.4016,-1187.695284181168,0.0,0.0,0.49376068224217823,25.00528431579789,-0.0022325099326713687,0.0,0.011162549663356842,0.0,0.0,0.0,wltp_class3b,PPO_seed21
611,3.5103,-1154.5699234521053,0.0,0.0,0.49375341774833925,25.00528466115974,-0.0021702442170152356,0.0,0.010851221085076178,0.0,0.0,0.0,wltp_class3b,PPO_seed21
612,3.6086,-1130.002261689024,0.0,0.0,0.4937463078138942,25.00528496077005,-0.0021240644016710976,0.0,0.010620322008355488,0.0,0.0,0.0,wltp_class3b,PPO_seed21
613,3.7006,-1124.0035267629776,0.0,0.0,0.4937392356054662,25.005285254813188,-0.0021127885841409357,0.0,0.010563942920704677,0.0,0.0,0.0,wltp_class3b,PPO_seed21
614,3.7903,-1139.1800849438528,0.0,0.0,0.49373206788903334,25.005285588599726,-0.0021413159491425805,0.0,0.010706579745712902,0.0,0.0,0.0,wltp_class3b,PPO_seed21
615,3.8823,-1182.3266037846856,0.0,0.0,0.4937246286769403,25.00528602463281,-0.0022224184281667025,0.0,0.011112092140833512,0.0,0.0,0.0,wltp_class3b,PPO_seed21
616,3.9806,-1253.0758599192557,0.0,0.0,0.4937167442900781,25.005286631725504,-0.0023554057517279244,0.0,0.011777028758639622,0.0,0.0,0.0,wltp_class3b,PPO_seed21
617,4.0892,-1354.8806421877089,0.0,0.0,0.49370821932203374,25.00528749898633,-0.0025467681244129865,0.0,0.012733840622064932,0.0,0.0,0.0,wltp_class3b,PPO_seed21
618,4.2113,-1486.2744519964883,0.0,0.0,0.49369886759082715,25.005288729809948,-0.0027937489699182113,0.0,0.013968744849591055,0.0,0.0,0.0,wltp_class3b,PPO_seed21
619,4.3492,-1644.8449536731941,0.0,0.0,0.49368851808977327,25.005290442658733,-0.0030918138226939743,0.0,0.01545906911346987,0.0,0.0,0.0,wltp_class3b,PPO_seed21
620,4.5042,-1826.8986866439486,0.0,0.0,0.49367702304804983,25.00529276823427,-0.0034340200876765955,0.0,0.017170100438382976,0.0,0.0,0.0,wltp_class3b,PPO_seed21
621,4.6766,-2027.7411679022064,0.0,0.0,0.4936642642290304,25.005295844067753,-0.003811543548688358,0.0,0.01905771774344179,0.0,0.0,0.0,wltp_class3b,PPO_seed21
622,4.8656,-2240.4726347712894,0.0,0.0,0.49365016680630613,25.00529980043617,-0.004211414727013702,0.0,0.02105707363506851,0.0,0.0,0.0,wltp_class3b,PPO_seed21
623,5.0694,-2457.040126778904,0.0,0.0,0.4936347066205131,25.00530474507678,-0.004618496478907714,0.0,0.02309248239453857,0.0,0.0,0.0,wltp_class3b,PPO_seed21
624,5.2851,-2666.335522501864,0.0,0.0,0.4936179294044455,25.00531073482619,-0.005011908876883204,0.0,0.025059544384416016,0.0,0.0,0.0,wltp_class3b,PPO_seed21
625,5.5092,-2859.1898931030814,0.0,0.0,0.4935999385836064,25.00531776857107,-0.0053744170922990255,0.0,0.026872085461495127,0.0,0.0,0.0,wltp_class3b,PPO_seed21
626,5.7377,-3025.689436701863,0.0,0.0,0.4935808999657921,25.0053257705196,-0.005687386159214029,0.0,0.028436930796070143,0.0,0.0,0.0,wltp_class3b,PPO_seed21
627,5.9662,-3155.534809118258,0.0,0.0,0.49356104417022,25.005334578248256,-0.005931456408117027,0.0,0.029657282040585133,0.0,0.0,0.0,wltp_class3b,PPO_seed21
628,6.1903,-3241.574207266822,0.0,0.0,0.4935406468253336,25.005343957879425,-0.006093184600125606,0.0,0.030465923000628028,0.0,0.0,0.0,wltp_class3b,PPO_seed21
629,6.406,-3281.0200151676336,0.0,0.0,0.49352000110984084,25.005353635904118,-0.006167330855578259,0.0,0.03083665427789129,0.0,0.0,0.0,wltp_class3b,PPO_seed21
630,6.6098,-3273.321171992625,0.0,0.0,0.4934994036801807,25.005363323713055,-0.0061528593458507995,0.0,0.030764296729253994,0.0,0.0,0.0,wltp_class3b,PPO_seed21
631,6.7988,-3220.490606910767,0.0,0.0,0.4934791385364109,25.005372745495485,-0.00605355377238866,0.0,0.0302677688619433,0.0,0.0,0.0,wltp_class3b,PPO_seed21
632,6.9712,-3131.839231943356,0.0,0.0,0.49345943109770396,25.005381692382926,-0.005886915849517587,0.0,0.02943457924758793,0.0,0.0,0.0,wltp_class3b,PPO_seed21
633,7.1262,-3017.7153303207974,0.0,0.0,0.49344044167134954,25.005390030962463,-0.005672397237445108,0.0,0.02836198618722554,0.0,0.0,0.0,wltp_class3b,PPO_seed21
634,7.2641,-2891.333076708364,0.0,0.0,0.4934222474153459,25.005397715154654,-0.005434836610354068,0.0,0.02717418305177034,0.0,0.0,0.0,wltp_class3b,PPO_seed21
635,7.3862,-2766.1381570462795,0.0,0.0,0.4934048408781638,25.005404777029817,-0.005199507813996767,0.0,0.02599753906998383,0.0,0.0,0.0,wltp_class3b,PPO_seed21
636,7.4948,-2656.515376518827,0.0,0.0,0.4933881240863386,25.00541131960997,-0.004993449955862457,0.0,0.024967249779312285,0.0,0.0,0.0,wltp_class3b,PPO_seed21
637,7.5931,-2576.298108447077,0.0,0.0,0.4933719120122717,25.005417503780826,-0.004842665617381724,0.0,0.02421332808690862,0.0,0.0,0.0,wltp_class3b,PPO_seed21
638,7.6851,-2538.528835209859,0.0,0.0,0.4933559375495599,25.005423540444166,-0.0047716707428756755,0.0,0.023858353714378375,0.0,0.0,0.0,wltp_class3b,PPO_seed21
639,7.7748,-2546.659519228232,0.0,0.0,0.4933399118632392,25.005429649533024,-0.004786953983511715,0.0,0.023934769917558572,0.0,0.0,0.0,wltp_class3b,PPO_seed21
640,7.8668,-2611.573427101049,0.0,0.0,0.49332347762571627,25.005436108501588,-0.0049089726073328,0.0,0.024544863036663995,0.0,0.0,0.0,wltp_class3b,PPO_seed21
641,7.9651,-2729.5279321441694,0.0,0.0,0.49330630105405215,25.005443198611278,-0.005130691601774755,0.0,0.025653458008873774,0.0,0.0,0.0,wltp_class3b,PPO_seed21
642,8.0738,-2905.6420417878603,0.0,0.0,0.4932880161445736,25.005451266924325,-0.005461733161255377,0.0,0.02730866580627688,0.0,0.0,0.0,wltp_class3b,PPO_seed21
643,8.1958,-3128.642281711134,0.0,0.0,0.49326832782744184,25.005460654250502,-0.005880906544569801,0.0,0.029404532722849003,0.0,0.0,0.0,wltp_class3b,PPO_seed21
644,8.3337,-3398.534887058237,0.0,0.0,0.49324694098423355,25.005471762937837,-0.00638822347191398,0.0,0.0319411173595699,0.0,0.0,0.0,wltp_class3b,PPO_seed21
645,8.4887,-3700.5139043408603,0.0,0.0,0.49322365365902904,25.00548496560294,-0.006955853203648234,0.0,0.03477926601824117,0.0,0.0,0.0,wltp_class3b,PPO_seed21
646,8.6611,-4025.101055855007,0.0,0.0,0.4931983235326561,25.00550061947287,-0.007565979428298886,0.0,0.03782989714149443,0.0,0.0,0.0,wltp_class3b,PPO_seed21
647,8.8502,-4360.0629904611305,0.0,0.0,0.4931708852616915,25.005519024031155,-0.008195607124926937,0.0,0.04097803562463469,0.0,0.0,0.0,wltp_class3b,PPO_seed21
648,9.0539,-4685.388639515807,0.0,0.0,0.49314139942754737,25.00554032198121,-0.008807121502849262,0.0,0.0440356075142463,0.0,0.0,0.0,wltp_class3b,PPO_seed21
649,9.2696,-4991.5135520106505,0.0,0.0,0.49310998680040063,25.005564548274123,-0.009382544270696713,0.0,0.04691272135348356,0.0,0.0,0.0,wltp_class3b,PPO_seed21
650,9.4938,-5261.172422219889,0.0,0.0,0.4930768768071591,25.00559153231188,-0.009889421846277988,0.0,0.04944710923138994,0.0,0.0,0.0,wltp_class3b,PPO_seed21
651,9.7222,-5476.265961314962,0.0,0.0,0.4930424127881017,25.005620858780556,-0.01029373300999053,0.0,0.05146866504995265,0.0,0.0,0.0,wltp_class3b,PPO_seed21
652,9.8905,-4665.542806366831,0.0,0.0,0.4930130505882095,25.005642573904144,-0.008769817305200812,0.0,0.043849086526004055,0.0,0.0,0.0,wltp_class3b,PPO_seed21
653,10.0545,-4694.922426886341,0.0,0.0,0.4929835032412311,25.005664673106274,-0.008825042155801393,0.0,0.04412521077900696,0.0,0.0,0.0,wltp_class3b,PPO_seed21
654,10.21,-4651.385913324014,0.0,0.0,0.49295422964697067,25.00568651197957,-0.008743206603992509,0.0,0.04371603301996254,0.0,0.0,0.0,wltp_class3b,PPO_seed21
655,10.3536,-4543.064142666397,0.0,0.0,0.4929256375514135,25.00570752938612,-0.008539594253132325,0.0,0.042697971265661626,0.0,0.0,0.0,wltp_class3b,PPO_seed21
656,10.4824,-4374.736064789323,0.0,0.0,0.49289810463846184,25.005727239218874,-0.008223188091709254,0.0,0.04111594045854627,0.0,0.0,0.0,wltp_class3b,PPO_seed21
657,10.5947,-4164.367036146011,0.0,0.0,0.4928718955356208,25.005745349819435,-0.007827757586740623,0.0,0.03913878793370311,0.0,0.0,0.0,wltp_class3b,PPO_seed21
658,10.6895,-3923.2756402760147,0.0,0.0,0.4928472036398256,25.005761700594128,-0.007374578271195516,0.0,0.03687289135597758,0.0,0.0,0.0,wltp_class3b,PPO_seed21
659,10.7672,-3675.9041774204925,0.0,0.0,0.492824068515948,25.005776340255274,-0.006909594318459573,0.0,0.03454797159229786,0.0,0.0,0.0,wltp_class3b,PPO_seed21
660,10.8291,-3439.364123350137,0.0,0.0,0.4928024220293771,25.00578943698357,-0.0064649701566731905,0.0,0.03232485078336595,0.0,0.0,0.0,wltp_class3b,PPO_seed21
661,10.8776,-3234.7405808191925,0.0,0.0,0.49278206333438,25.005801273950766,-0.006080339437630061,0.0,0.030401697188150306,0.0,0.0,0.0,wltp_class3b,PPO_seed21
662,10.9157,-3074.7897271354736,0.0,0.0,0.4927627112928359,25.005812173761278,-0.005779679938224575,0.0,0.028898399691122872,0.0,0.0,0.0,wltp_class3b,PPO_seed21
663,10.9475,-2980.9216858451623,0.0,0.0,0.49274395000852084,25.00582254218564,-0.005603236251588651,0.0,0.028016181257943255,0.0,0.0,0.0,wltp_class3b,PPO_seed21
664,10.9771,-2955.589710223032,0.0,0.0,0.4927253481374855,25.005832768286446,-0.005555619756058332,0.0,0.027778098780291655,0.0,0.0,0.0,wltp_class3b,PPO_seed21
665,11.0089,-3006.3368559879905,0.0,0.0,0.492706426855,25.005843278987275,-0.005651009127796975,0.0,0.02825504563898487,0.0,0.0,0.0,wltp_class3b,PPO_seed21
666,11.047,-3130.441418898911,0.0,0.0,0.49268672445956124,25.005854512204053,-0.0058842883813889305,0.0,0.02942144190694465,0.0,0.0,0.0,wltp_class3b,PPO_seed21
667,11.0955,-3330.667664776897,0.0,0.0,0.4926657618445723,25.005866979831364,-0.006260653505219731,0.0,0.03130326752609865,0.0,0.0,0.0,wltp_class3b,PPO_seed21
668,11.1574,-3590.824208296357,0.0,0.0,0.4926431617996295,25.005881174949863,-0.006749669564466838,0.0,0.033748347822334185,0.0,0.0,0.0,wltp_class3b,PPO_seed21
669,11.2351,-3903.418722582171,0.0,0.0,0.49261859425935783,25.005897627574203,-0.007337253237936412,0.0,0.03668626618968206,0.0,0.0,0.0,wltp_class3b,PPO_seed21
670,11.3299,-4251.932067681636,0.0,0.0,0.49259183311538685,25.005916830970847,-0.007992353510679768,0.0,0.039961767553398836,0.0,0.0,0.0,wltp_class3b,PPO_seed21
671,11.4422,-4622.704444069961,0.0,0.0,0.4925627382205925,25.005939232204383,-0.00868929406780068,0.0,0.043446470339003396,0.0,0.0,0.0,wltp_class3b,PPO_seed21
672,11.571,-4991.826236694413,0.0,0.0,0.49253131990238863,25.005965100428543,-0.009383132023861679,0.0,0.04691566011930839,0.0,0.0,0.0,wltp_class3b,PPO_seed21
673,11.7146,-5346.425424022937,0.0,0.0,0.49249766949816,25.005994571138185,-0.010049671849667175,0.0,0.05024835924833587,0.0,0.0,0.0,wltp_class3b,PPO_seed21
674,11.8701,-5662.63111782201,0.0,0.0,0.4924620285875356,25.00602749362712,-0.010644043454552651,0.0,0.05322021727276326,0.0,0.0,0.0,wltp_class3b,PPO_seed21
675,12.0341,-5927.628703752077,0.0,0.0,0.49242471941298693,25.00606350205269,-0.011142159217579092,0.0,0.05571079608789546,0.0,0.0,0.0,wltp_class3b,PPO_seed21
676,12.2024,-6121.313892280166,0.0,0.0,0.4923861907696585,25.006101916832954,-0.01150622912082738,0.0,0.0575311456041369,0.0,0.0,0.0,wltp_class3b,PPO_seed21
677,12.3707,-6235.7194774608,0.0,0.0,0.49234694162199266,25.006141880693107,-0.01172127721327218,0.0,0.0586063860663609,0.0,0.0,0.0,wltp_class3b,PPO_seed21
678,12.5346,-6262.52557816893,0.0,0.0,0.4923075233286492,25.00618237996463,-0.01177166462061829,0.0,0.05885832310309145,0.0,0.0,0.0,wltp_class3b,PPO_seed21
679,12.6902,-6205.607590084203,0.0,0.0,0.49226846288469917,25.00622242584519,-0.011664675921210909,0.0,0.05832337960605454,0.0,0.0,0.0,wltp_class3b,PPO_seed21
680,12.8337,-6061.764865447781,0.0,0.0,0.492230307458763,25.006261012418506,-0.01139429485986425,0.0,0.05697147429932125,0.0,0.0,0.0,wltp_class3b,PPO_seed21
681,12.9626,-5853.509656831669,0.0,0.0,0.4921934625417903,25.006297445745755,-0.01100283770081141,0.0,0.055014188504057045,0.0,0.0,0.0,wltp_class3b,PPO_seed21
682,13.0748,-5586.903119631044,0.0,0.0,0.4921582954877758,25.006331165883733,-0.010501697593291438,0.0,0.052508487966457185,0.0,0.0,0.0,wltp_class3b,PPO_seed21
683,13.1697,-5292.262651172209,0.0,0.0,0.4921249828249418,25.006361998445826,-0.009947862126263552,0.0,0.04973931063131776,0.0,0.0,0.0,wltp_class3b,PPO_seed21
684,13.2474,-4984.978179545172,0.0,0.0,0.4920936042069656,25.006389958179756,-0.009370259735987164,0.0,0.04685129867993582,0.0,0.0,0.0,wltp_class3b,PPO_seed21
685,13.3093,-4693.978006663405,0.0,0.0,0.4920640571882432,25.006415337082462,-0.00882326692981843,0.0,0.04411633464909215,0.0,0.0,0.0,wltp_class3b,PPO_seed21
686,13.3577,-4440.6384614131775,0.0,0.0,0.4920361047551654,25.00643858137027,-0.008347064777092439,0.0,0.041735323885462194,0.0,0.0,0.0,wltp_class3b,PPO_seed21
687,13.3959,-4248.811431717819,0.0,0.0,0.49200935974123006,25.006460278465774,-0.007986487653604922,0.0,0.03993243826802461,0.0,0.0,0.0,wltp_class3b,PPO_seed21
688,13.4277,-4131.928695808873,0.0,0.0,0.4919833504178287,25.0064810600616,-0.007766783262798634,0.0,0.03883391631399317,0.0,0.0,0.0,wltp_class3b,PPO_seed21
689,13.4572,-4099.113383594811,0.0,0.0,0.49195754761710336,25.006501586400624,-0.007705100345103029,0.0,0.038525501725515145,0.0,0.0,0.0,wltp_class3b,PPO_seed21
690,13.489,-4163.83327184433,0.0,0.0,0.4919313373843686,25.006522616310683,-0.00782675427038408,0.0,0.03913377135192039,0.0,0.0,0.0,wltp_class3b,PPO_seed21
691,13.5272,-4318.4759459353,0.0,0.0,0.4919041536713047,25.006544891416674,-0.008117435988600189,0.0,0.04058717994300094,0.0,0.0,0.0,wltp_class3b,PPO_seed21
692,13.5757,-4561.928659865371,0.0,0.0,0.4918754374217773,25.00656923096611,-0.008575053871927389,0.0,0.042875269359636946,0.0,0.0,0.0,wltp_class3b,PPO_seed21
693,13.6375,-4878.279509926185,0.0,0.0,0.49184472972642485,25.00659643775684,-0.009169698326928918,0.0,0.04584849163464459,0.0,0.0,0.0,wltp_class3b,PPO_seed21
694,13.7152,-5262.376331619436,0.0,0.0,0.491811604091086,25.00662740061909,-0.009891684833871123,0.0,0.04945842416935561,0.0,0.0,0.0,wltp_class3b,PPO_seed21
695,13.8101,-5689.42324946378,0.0,0.0,0.491775790087451,25.006662894502217,-0.010694404604255227,0.0,0.05347202302127613,0.0,0.0,0.0,wltp_class3b,PPO_seed21
696,13.9223,-6135.6953477279985,0.0,0.0,0.49173716661393724,25.006703526263284,-0.011533261931819548,0.0,0.057666309659097734,0.0,0.0,0.0,wltp_class3b,PPO_seed21
697,14.0512,-6587.209731250863,0.0,0.0,0.49169570057528333,25.00674977883657,-0.012381973179042976,0.0,0.061909865895214876,0.0,0.0,0.0,wltp_class3b,PPO_seed21
698,14.1948,-7012.854318060713,0.0,0.0,0.49165155471485644,25.006801735434628,-0.013182056988835927,0.0,0.06591028494417964,0.0,0.0,0.0,wltp_class3b,PPO_seed21
699,14.3503,-7392.642270552147,0.0,0.0,0.4916050175940339,25.00685913459786,-0.013895944117579224,0.0,0.06947972058789612,0.0,0.0,0.0,wltp_class3b,PPO_seed21
700,14.5143,-7709.299000983868,0.0,0.0,0.4915564865299213,25.006921359547547,-0.014491163535683964,0.0,0.07245581767841981,0.0,0.0,0.0,wltp_class3b,PPO_seed21
701,14.6825,-7936.814552870548,0.0,0.0,0.49150652259811056,25.006987282507673,-0.014918824347501032,0.0,0.07459412173750515,0.0,0.0,0.0,wltp_class3b,PPO_seed21
702,14.8508,-8073.354056452027,0.0,0.0,0.4914556984598666,25.007055623440365,-0.015175477549721856,0.0,0.07587738774860928,0.0,0.0,0.0,wltp_class3b,PPO_seed21
703,15.0148,-8105.1696674347595,0.0,0.0,0.491404673362303,25.007124810779384,-0.015235281329764587,0.0,0.07617640664882293,0.0,0.0,0.0,wltp_class3b,PPO_seed21
704,15.1703,-8030.249166238971,0.0,0.0,0.4913541192648592,25.007193211523386,-0.015094453319998067,0.0,0.07547226659999033,0.0,0.0,0.0,wltp_class3b,PPO_seed21
705,15.3139,-7862.066042113562,0.0,0.0,0.49130462334778136,25.007259425820653,-0.01477831962803301,0.0,0.07389159814016505,0.0,0.0,0.0,wltp_class3b,PPO_seed21
706,15.4428,-7610.991647963138,0.0,0.0,0.49125670753175715,25.007322280713726,-0.014306375278126199,0.0,0.071531876390631,0.0,0.0,0.0,wltp_class3b,PPO_seed21
707,15.555,-7293.905229175789,0.0,0.0,0.49121078749679203,25.007380943798175,-0.013710348175142462,0.0,0.06855174087571231,0.0,0.0,0.0,wltp_class3b,PPO_seed21
708,15.6498,-6941.897257842306,0.0,0.0,0.4911670831999854,25.007435100932028,-0.013048679056094562,0.0,0.06524339528047281,0.0,0.0,0.0,wltp_class3b,PPO_seed21
709,15.7275,-6580.479647854629,0.0,0.0,0.49112565398131713,25.00748482069455,-0.012369322646343286,0.0,0.06184661323171643,0.0,0.0,0.0,wltp_class3b,PPO_seed21
710,15.7894,-6236.360167226431,0.0,0.0,0.49108639102474566,25.00753050484594,-0.011722481517342917,0.0,0.05861240758671458,0.0,0.0,0.0,wltp_class3b,PPO_seed21
711,15.8379,-5939.6194008731545,0.0,0.0,0.49104899611652003,25.007572861662048,-0.01116469812194202,0.0,0.0558234906097101,0.0,0.0,0.0,wltp_class3b,PPO_seed21
712,15.8761,-5710.845006786519,0.0,0.0,0.49101304140681024,25.007612748668773,-0.010734671065388194,0.0,0.053673355326940966,0.0,0.0,0.0,wltp_class3b,PPO_seed21
713,15.9078,-5570.794066831598,0.0,0.0,0.4909779683427629,25.00765116318883,-0.010471417418856387,0.0,0.05235708709428193,0.0,0.0,0.0,wltp_class3b,PPO_seed21
714,15.9374,-5537.900375921988,0.0,0.0,0.4909431022958113,25.007689237017058,-0.010409587172785692,0.0,0.05204793586392845,0.0,0.0,0.0,wltp_class3b,PPO_seed21
715,15.9692,-5613.094518194724,0.0,0.0,0.4909077627599656,25.007728105859456,-0.010550929545478805,0.0,0.05275464772739402,0.0,0.0,0.0,wltp_class3b,PPO_seed21
716,16.0074,-5797.341512150532,0.0,0.0,0.4908712631355721,25.007768975934972,-0.010897258481485964,0.0,0.05448629240742982,0.0,0.0,0.0,wltp_class3b,PPO_seed21
717,16.0558,-6084.222324399269,0.0,0.0,0.490832957216842,25.007813107063676,-0.011436508128570055,0.0,0.05718254064285028,0.0,0.0,0.0,wltp_class3b,PPO_seed21
718,16.1177,-6464.959254036214,0.0,0.0,0.4907922540391346,25.007861831145597,-0.012152179048940252,0.0,0.060760895244701255,0.0,0.0,0.0,wltp_class3b,PPO_seed21
719,16.1954,-6917.998767972787,0.0,0.0,0.490748698311919,25.007916411371987,-0.013003757082655616,0.0,0.06501878541327807,0.0,0.0,0.0,wltp_class3b,PPO_seed21
720,16.2902,-7421.208970733334,0.0,0.0,0.4907019740600771,25.00797799397624,-0.013949640922431082,0.0,0.0697482046121554,0.0,0.0,0.0,wltp_class3b,PPO_seed21
721,16.4025,-7954.1675700080405,0.0,0.0,0.490651893862251,25.00804756654166,-0.014951442800766993,0.0,0.07475721400383496,0.0,0.0,0.0,wltp_class3b,PPO_seed21
722,16.2238,-468.11022244295646,0.0,0.0,0.4906489465662698,25.00805771087159,-0.0008799064331634519,0.0,0.0043995321658172595,0.0,0.0,0.0,wltp_class3b,PPO_seed21
723,16.0598,-780.7890529176582,0.0,0.0,0.49064403067517903,25.00806753434554,-0.0014676485957098838,0.0,0.007338242978549419,0.0,0.0,0.0,wltp_class3b,PPO_seed21
724,15.9078,-1025.0518401649324,0.0,0.0,0.49063757698684557,25.008077167354042,-0.0019267891732423542,0.0,0.00963394586621177,0.0,0.0,0.0,wltp_class3b,PPO_seed21
725,15.7643,-1182.2615172896296,0.0,0.0,0.49063013361150315,25.008086587501488,-0.002222296085130883,0.0,0.011111480425654414,0.0,0.0,0.0,wltp_class3b,PPO_seed21
726,15.625,-1233.86476304795,0.0,0.0,0.49062236544419363,25.00809563492406,-0.0023192946673833647,0.0,0.011596473336916824,0.0,0.0,0.0,wltp_class3b,PPO_seed21
727,15.4857,-1183.540540510212,0.0,0.0,0.49061491419559344,25.008104110820934,-0.0022247002641169397,0.0,0.011123501320584699,0.0,0.0,0.0,wltp_class3b,PPO_seed21
728,15.3422,-1032.567912902061,0.0,0.0,0.49060841350425966,25.008111834205323,-0.0019409171295151522,0.0,0.00970458564757576,0.0,0.0,0.0,wltp_class3b,PPO_seed21
729,15.1902,-780.1816817631742,0.0,0.0,0.49060350180667667,25.00811869730779,-0.0014665069206074705,0.0,0.007332534603037352,0.0,0.0,0.0,wltp_class3b,PPO_seed21
730,15.0262,-447.63770102121396,0.0,0.0,0.4906006837010391,25.00812474488949,-0.0008414242500398759,0.0,0.004207121250199379,0.0,0.0,0.0,wltp_class3b,PPO_seed21
731,14.8475,-56.35687906698764,0.0,0.0,0.4906003289105528,25.00813016828593,-0.00010593398320862338,0.0,0.0005296699160431169,0.0,0.0,0.0,wltp_class3b,PPO_seed21
732,14.6522,0.0,0.0,267.9845826895881,0.4906003289105528,25.008135139340567,0.0,0.0,0.0,0.0,0.0,0.0,wltp_class3b,PPO_seed21
733,14.4395,583.1867030892781,0.0,0.0,0.49060400021830436,25.008140006951617,0.0315622397656889,0.0,0.005481078036553366,0.023327468123571126,0.0,0.0,wltp_class3b,PPO_seed21
734,14.2097,885.5177889827645,0.0,0.0,0.49060957469255245,25.00814484294059,0.047924489060886755,0.0,0.008322535610740268,0.03542071155931058,0.0,0.0,wltp_class3b,PPO_seed21
735,13.964,1159.6582308872098,0.0,0.0,0.4906168748099239,25.008149762336465,0.06276105222500852,0.0,0.010899043523376032,0.04638632923548839,0.0,0.0,wltp_class3b,PPO_seed21
736,13.7049,1385.2750218034034,0.0,0.0,0.49062559505807896,25.008154786954382,0.07497150080406689,0.0,0.013019502084618453,0.055411000872136136,0.0,0.0,wltp_class3b,PPO_seed21
737,13.4356,1552.9723685023132,0.0,0.0,0.4906353707941573,25.0081598542418,0.08404733164270414,0.0,0.014595604967127003,0.06211889474009253,0.0,0.0,wltp_class3b,PPO_seed21
738,13.1598,1657.6208838599887,0.0,0.0,0.49064580510630934,25.008164835699365,0.08971094076709922,0.0,0.015579143645300645,0.06630483535439954,0.0,0.0,wltp_class3b,PPO_seed21
739,12.8819,1692.2457503754604,0.0,0.0,0.4906564572004232,25.00816954762198,0.09158484895641024,0.0,0.015904565323077637,0.06768983001501841,0.0,0.0,wltp_class3b,PPO_seed21
740,12.6061,1663.7515018678057,0.0,0.0,0.49066692976737153,25.008173818295106,0.09004273165747718,0.0,0.015636762235599677,0.06655006007471223,0.0,0.0,wltp_class3b,PPO_seed21
741,12.3367,1574.7403137161164,0.0,0.0,0.49067684189799565,25.008177496424587,0.08522541938442561,0.0,0.014800190918384552,0.06298961254864466,0.0,0.0,wltp_class3b,PPO_seed21
742,12.0776,1434.5721532758735,0.0,0.0,0.4906858716162615,25.00818048803029,0.07763947638556193,0.0,0.013482820989434902,0.05738288613103494,0.0,0.0,wltp_class3b,PPO_seed21
743,11.832,1255.8129018461593,0.0,0.0,0.49069377605230813,25.008182769658827,0.06796497193600493,0.0,0.011802752836899993,0.05023251607384637,0.0,0.0,wltp_class3b,PPO_seed21
744,11.6021,1053.7714674435667,0.0,0.0,0.49070040870090054,25.00818438623865,0.05703042874179543,0.0,0.009903867175221492,0.04215085869774267,0.0,0.0,wltp_class3b,PPO_seed21
745,11.3894,838.5456065566306,0.0,0.0,0.49070568661507225,25.00818542320743,0.045382340421012225,0.0,0.0078810677307954,0.03354182426226522,0.0,0.0,wltp_class3b,PPO_seed21
746,11.1942,625.5869284381988,0.0,0.0,0.49070962409966623,25.008185997607086,0.03385695271351996,0.0,0.005879576395095854,0.025023477137527953,0.0,0.0,wltp_class3b,PPO_seed21
747,11.0155,430.4785154945539,0.0,0.0,0.4907123335345301,25.00818623308071,0.023297626725787963,0.0,0.004045850709535281,0.017219140619782157,0.0,0.0,wltp_class3b,PPO_seed21
748,10.8515,0.0,0.0,261.82847539929094,0.4907123335345301,25.008186169315003,0.0,0.0,0.0,0.0,0.0,0.0,wltp_class3b,PPO_seed21
749,10.6995,0.0,0.0,129.14647462352625,0.4907123335345301,25.008186010361104,0.0,0.0,0.0,0.0,0.0,0.0,wltp_class3b,PPO_seed21
750,10.5559,0.0,0.0,41.69635921547079,0.4907123335345301,25.00818576247753,0.0,0.0,0.0,0.0,0.0,0.0,wltp_class3b,PPO_seed21
751,10.4167,0.0,0.0,2.6428441726642244,0.4907123335345301,25.008185431512516,0.0,0.0,0.0,0.0,0.0,0.0,wltp_class3b,PPO_seed21
752,10.2774,0.0,0.0,16.257711392560676,0.4907123335345301,25.008185022930903,0.0,0.0,0.0,0.0,0.0,0.0,wltp_class3b,PPO_seed21
753,10.1338,0.0,0.0,77.36618701492067,0.4907123335345301,25.008184541839285,0.0,0.0,0.0,0.0,0.0,0.0,wltp_class3b,PPO_seed21
754,9.9818,0.0,0.0,182.990631938096,0.4907123335345301,25.00818399300948,0.0,0.0,0.0,0.0,0.0,0.0,wltp_class3b,PPO_seed21
755,9.8179,0.0,0.0,324.2806553260151,0.4907123335345301,25.00818338090049,0.0,0.0,0.0,0.0,0.0,0.0,wltp_class3b,PPO_seed21
756,9.6392,492.2974445368353,0.0,0.0,0.49071543189162004,25.00818293905809,0.02664328575771534,0.0,0.004626855681737174,0.019691897781473414,0.0,0.0,wltp_class3b,PPO_seed21
757,9.4439,672.7531425618552,0.0,0.0,0.49071966594921446,25.00818262382928,0.0364096024072198,0.0,0.006322867881220443,0.026910125702474207,0.0,0.0,wltp_class3b,PPO_seed21
758,9.2312,852.9686135370753,0.0,0.0,0.49072503417823743,25.00818249599468,0.04616291789654036,0.0,0.008016622307679279,0.03411874454148301,0.0,0.0,wltp_class3b,PPO_seed21
759,9.0013,1021.0447964972209,0.0,0.0,0.4907314601611432,25.008182593629993,0.055259251467571394,0.0,0.009596285681364858,0.040841791859888836,0.0,0.0,wltp_class3b,PPO_seed21
760,8.7557,1163.2555939655347,0.0,0.0,0.4907387810961789,25.008182913846024,0.06295574259672118,0.0,0.010932853326743748,0.046530223758621383,0.0,0.0,wltp_class3b,PPO_seed21
761,8.4966,1273.3245032373322,0.0,0.0,0.4907467946844685,25.008183419002734,0.06891270506994222,0.0,0.011967335556741844,0.05093298012949329,0.0,0.0,wltp_class3b,PPO_seed21
762,8.2273,1342.5876924414279,0.0,0.0,0.49075524410764015,25.00818403052414,0.07266124970070224,0.0,0.012618305380088608,0.05370350769765712,0.0,0.0,wltp_class3b,PPO_seed21
763,7.9515,1370.4365264328862,0.0,0.0,0.4907638687243201,25.00818465337876,0.07416843697190913,0.0,0.012880042541662464,0.05481746105731545,0.0,0.0,wltp_class3b,PPO_seed21
764,7.6735,1355.493226311136,0.0,0.0,0.49077239922994836,25.008185183293847,0.0733597010750944,0.0,0.012739597991646014,0.05421972905244544,0.0,0.0,wltp_class3b,PPO_seed21
765,7.3977,1301.5192505043706,0.0,0.0,0.4907805899992656,25.008185529427532,0.07043861327165758,0.0,0.012232323782935813,0.052060770020174826,0.0,0.0,wltp_class3b,PPO_seed21
766,7.1284,1214.009611329136,0.0,0.0,0.49078822999446703,25.008185625671427,0.06570256528080541,0.0,0.011409864768130978,0.04856038445316544,0.0,0.0,wltp_class3b,PPO_seed21
767,6.8693,1101.9192327611465,0.0,0.0,0.4907951645370005,25.00818544102886,0.05963620028131377,0.0,0.01035638376655213,0.04407676931044586,0.0,0.0,wltp_class3b,PPO_seed21
768,6.6237,971.632212640932,0.0,0.0,0.49080127912655414,25.008184971407964,0.05258502756834157,0.0,0.00913188169775312,0.03886528850563728,0.0,0.0,wltp_class3b,PPO_seed21
769,6.3938,833.552356793322,0.0,0.0,0.49080652473561776,25.008184241902537,0.04511210424209272,0.0,0.00783413869166656,0.03334209427173288,0.0,0.0,wltp_class3b,PPO_seed21
770,6.1811,693.7250765521318,0.0,0.0,0.4908108903798922,25.008183290905706,0.03754460978212214,0.0,0.0065199725239862005,0.027749003062085272,0.0,0.0,wltp_class3b,PPO_seed21
771,5.9858,561.1553716537969,0.0,0.0,0.49081442174211776,25.00818216697529,0.03036989748243632,0.0,0.00527401665088155,0.02244621486615188,0.0,0.0,wltp_class3b,PPO_seed21
772,5.8071,441.6000616294582,0.0,0.0,0.49081720073040125,25.008180917277773,0.023899528147434887,0.0,0.004150376519073855,0.017664002465178328,0.0,0.0,wltp_class3b,PPO_seed21
773,5.6432,340.06270253643385,0.0,0.0,0.4908193407377741,25.008179582698173,0.0184042957357688,0.0,0.003196078031357461,0.013602508101457354,0.0,0.0,wltp_class3b,PPO_seed21
774,5.4912,261.6371954173406,0.0,0.0,0.4908209872108197,25.008178195661337,0.014159883703864793,0.0,0.0024589961975313964,0.010465487816693623,0.0,0.0,wltp_class3b,PPO_seed21
775,5.3476,153.89847103506327,0.0,54.09795599411328,0.4908219556859482,25.00817675992534,0.00832903153767207,0.0,0.0014464142014573615,0.006155938841402531,0.0,0.0,wltp_class3b,PPO_seed21
776,5.2083,0.0,0.0,180.72617559089332,0.4908219556859482,25.008175296971665,0.0,0.0,0.0,0.0,0.0,0.0,wltp_class3b,PPO_seed21
777,5.0691,0.0,0.0,178.38776040801892,0.4908219556859482,25.008173830928452,0.0,0.0,0.0,0.0,0.0,0.0,wltp_class3b,PPO_seed21
778,4.9255,200.589590899234,0.0,0.0,0.49082321798063294,25.008172400089162,0.010855968987163055,0.0,0.0018852405159702442,0.00802358363596936,0.0,0.0,wltp_class3b,PPO_seed21
779,4.7735,242.27749812597938,0.0,0.0,0.49082474261129827,25.008170982452263,0.013112131063990973,0.0,0.0022770441553193552,0.009691099925039175,0.0,0.0,wltp_class3b,PPO_seed21
780,4.6095,298.89794017198454,0.0,0.0,0.49082662354576373,25.008169589609803,0.016176446416225145,0.0,0.0028091911670299298,0.011955917606879382,0.0,0.0,wltp_class3b,PPO_seed21
781,4.4308,363.2789007533804,0.0,0.0,0.49082890961842357,25.008168232904815,0.019660763365585206,0.0,0.0034142753830204925,0.014531156030135217,0.0,0.0,wltp_class3b,PPO_seed21
782,4.2356,428.57140828584835,0.0,0.0,0.49083160656344266,25.008166920926833,0.023194413510086737,0.0,0.0040279267696038375,0.017142856331433934,0.0,0.0,wltp_class3b,PPO_seed21
783,4.0229,488.87989932550846,0.0,0.0,0.4908346830148175,25.00816565718478,0.026458327183045187,0.0,0.004594735895916433,0.01955519597302034,0.0,0.0,wltp_class3b,PPO_seed21
784,3.793,536.8852383205533,0.0,0.0,0.4908380615485021,25.008164436098355,0.029056390567152948,0.0,0.005045913893990162,0.02147540953282213,0.0,0.0,wltp_class3b,PPO_seed21
785,3.5474,567.1970372361716,0.0,0.0,0.4908416308203056,25.00816324304929,0.03069687424079671,0.0,0.00533079922214447,0.022687881489446865,0.0,0.0,wltp_class3b,PPO_seed21
786,3.2883,577.9454868074461,0.0,0.0,0.49084526772073017,25.008162058446707,0.031278583564210496,0.0,0.005431818485032388,0.02311781947229784,0.0,0.0,wltp_class3b,PPO_seed21
787,3.0189,567.5863987547654,0.0,0.0,0.49084883942422586,25.008160859927496,0.030717946603284217,0.0,0.005334458634913208,0.022703455950190615,0.0,0.0,wltp_class3b,PPO_seed21
788,2.7431,537.2346194765228,0.0,0.0,0.4908522201219793,25.008159627541914,0.029075299180391055,0.0,0.005049197551471079,0.02148938477906091,0.0,0.0,wltp_class3b,PPO_seed21
789,2.4652,490.1115530127219,0.0,0.0,0.4908553042777701,25.00815834775411,0.02652498465101934,0.0,0.004606311588465432,0.019604462120508877,0.0,0.0,wltp_class3b,PPO_seed21
790,2.1894,431.31548245265867,0.0,0.0,0.4908580184382985,25.008157015600244,0.023342923629279977,0.0,0.004053716940344536,0.017252619298106345,0.0,0.0,wltp_class3b,PPO_seed21
791,1.9201,365.1810976307901,0.0,0.0,0.49086031642760214,25.00815563291051,0.0197637108326799,0.0,0.003432153173221711,0.014607243905231604,0.0,0.0,wltp_class3b,PPO_seed21
792,1.661,297.5781804788737,0.0,0.0,0.49086218900661294,25.00815420745403,0.016105020624713782,0.0,0.0027967874105157306,0.011903127219154949,0.0,0.0,wltp_class3b,PPO_seed21
793,1.4153,232.77003622404206,0.0,0.0,0.4908636537637309,25.008152749337214,0.012597584366471088,0.0,0.002187688310376335,0.009310801448961683,0.0,0.0,wltp_class3b,PPO_seed21
794,1.1855,174.16307522724344,0.0,0.0,0.4908647497225029,25.008151268676336,0.009425758011170663,0.0,0.0016368710077748444,0.006966523009089737,0.0,0.0,wltp_class3b,PPO_seed21
795,1.25,-317.3111165364583,0.0,0.0,0.49086275297518217,25.008149854706982,-0.0005964494671737939,0.0,0.0029822473358689693,0.0,0.0,0.0,wltp_class3b,PPO_seed21
796,1.0417,128.09388090812703,0.0,0.0,0.4908635590338432,25.00814836147443,0.006932479359223296,0.0,0.0012038898581590886,0.005123755236325082,0.0,0.0,wltp_class3b,PPO_seed21
797,0.8333,102.69842879118924,0.0,0.0,0.4908642052857249,25.00814686284192,0.005558069852924662,0.0,0.0009652107969096733,0.004107937151647569,0.0,0.0,wltp_class3b,PPO_seed21
798,0.625,77.03699951171878,0.0,0.0,0.4908646900573403,25.008145360032064,0.00416926558259663,0.0,0.0007240319502981088,0.003081479980468751,0.0,0.0,wltp_class3b,PPO_seed21
799,0.4167,51.40025481174042,0.0,0.0,0.4908650135042027,25.008143854324153,0.0027817972491346425,0.0,0.00048308510161410164,0.0020560101924696167,0.0,0.0,wltp_class3b,PPO_seed21
800,0.2083,25.728735797927524,0.0,0.0,0.4908651754076173,25.00814234698297,0.001392446919349491,0.0,0.00024181142667225117,0.0010291494319171009,0.0,0.0,wltp_class3b,PPO_seed21
801,0.0,0.0,0.0,0.0,0.4908651754076173,25.00814083927266,0.0,0.0,0.0,0.0,0.0,0.0,wltp_class3b,PPO_seed21
802,0.1562,-61.79148199738392,0.0,0.0,0.4908647865719649,25.008139335445545,-0.00011614940225072165,0.0,0.0005807470112536082,0.0,0.0,0.0,wltp_class3b,PPO_seed21
803,0.3125,-123.68454869588214,0.0,0.0,0.49086400826129617,25.00813784277803,-0.0002324897531877484,0.0,0.0011624487659387419,0.0,0.0,0.0,wltp_class3b,PPO_seed21
804,0.4688,-185.58015782992058,0.0,0.0,0.4908628404592448,25.008136368551227,-0.0003488348831389485,0.0,0.0017441744156947423,0.0,0.0,0.0,wltp_class3b,PPO_seed21
805,0.625,-247.37916734483505,0.0,0.0,0.4908612837730808,25.008134920012555,-0.0004649984348587125,0.0,0.0023249921742935623,0.0,0.0,0.0,wltp_class3b,PPO_seed21
806,0.7812,-309.3047130638377,0.0,0.0,0.4908593374057185,25.008133504525034,-0.0005813998365861612,0.0,0.0029069991829308054,0.0,0.0,0.0,wltp_class3b,PPO_seed21
807,0.9375,-371.4828147888183,0.0,0.0,0.490856999766844,25.008132129610143,-0.0006982759676481547,0.0,0.0034913798382407734,0.0,0.0,0.0,wltp_class3b,PPO_seed21
808,1.0938,-433.619917153753,0.0,0.0,0.49085427111319097,25.008130802668788,-0.0008150750322438966,0.0,0.004075375161219483,0.0,0.0,0.0,wltp_class3b,PPO_seed21
809,1.25,-495.6166720920137,0.0,0.0,0.4908511523264632,25.008129531030193,-0.0009316102858872438,0.0,0.004658051429436219,0.0,0.0,0.0,wltp_class3b,PPO_seed21
810,1.6203,-1183.0791891941258,0.0,0.0,0.49084370750581646,25.008129352304973,-0.0022238330623949734,0.0,0.011119165311974866,0.0,0.0,0.0,wltp_class3b,PPO_seed21
811,1.7258,-549.5919187761899,0.0,0.0,0.4908402490483762,25.008128137657106,-0.0010330675164965976,0.0,0.005165337582482988,0.0,0.0,0.0,wltp_class3b,PPO_seed21
812,1.821,-551.0927823094016,0.0,0.0,0.4908367811410178,25.008126926063554,-0.0010358886885515068,0.0,0.005179443442757534,0.0,0.0,0.0,wltp_class3b,PPO_seed21
813,1.9098,-559.3241196315811,0.0,0.0,0.4908332614303749,25.008125724707735,-0.0010513611271270322,0.0,0.005256805635635161,0.0,0.0,0.0,wltp_class3b,PPO_seed21
814,1.9964,-578.2503010256704,0.0,0.0,0.49082962261581126,25.008124545423982,-0.0010869366560632904,0.0,0.0054346832803164515,0.0,0.0,0.0,wltp_class3b,PPO_seed21
815,2.0852,-611.5497805009854,0.0,0.0,0.49082577424843543,25.008123405476805,-0.0011495296625958372,0.0,0.005747648312979186,0.0,0.0,0.0,wltp_class3b,PPO_seed21
816,2.1805,-662.0661534074676,0.0,0.0,0.4908216079844916,25.008122328467586,-0.0012444852507659167,0.0,0.006222426253829583,0.0,0.0,0.0,wltp_class3b,PPO_seed21
817,2.286,-731.0015576613476,0.0,0.0,0.4908170079145253,25.008121344691546,-0.001374063078310804,0.0,0.006870315391554019,0.0,0.0,0.0,wltp_class3b,PPO_seed21
818,2.4049,-819.9373591842818,0.0,0.0,0.4908118481767204,25.0081204942271,-0.0015412356375644398,0.0,0.007706178187822198,0.0,0.0,0.0,wltp_class3b,PPO_seed21
819,2.5396,-929.271414314823,0.0,0.0,0.490806000404198,25.008119828111365,-0.0017467507787872615,0.0,0.008733753893936307,0.0,0.0,0.0,wltp_class3b,PPO_seed21
820,2.6915,-1058.1192781526831,0.0,0.0,0.49079934179400253,25.00811940847281,-0.001988946011565194,0.0,0.009944730057825969,0.0,0.0,0.0,wltp_class3b,PPO_seed21
821,2.8608,-1203.6848672030599,0.0,0.0,0.49079176713650036,25.00811930558223,-0.002262565539855376,0.0,0.011312827699276879,0.0,0.0,0.0,wltp_class3b,PPO_seed21
822,3.0467,-1362.5356262925109,0.0,0.0,0.4907831928204871,25.00811959494668,-0.002561157192279156,0.0,0.012805785961395779,0.0,0.0,0.0,wltp_class3b,PPO_seed21
823,3.2473,-1528.9046645951673,0.0,0.0,0.49077357152301154,25.008120347654806,-0.002873880948487157,0.0,0.014369404742435784,0.0,0.0,0.0,wltp_class3b,PPO_seed21
824,3.4599,-1696.477420326854,0.0,0.0,0.4907628956563143,25.00812162191497,-0.003188867331441455,0.0,0.015944336657207275,0.0,0.0,0.0,wltp_class3b,PPO_seed21
825,3.6809,-1856.340230974948,0.0,0.0,0.49075121372476044,25.008123446008167,-0.003489361336419075,0.0,0.017446806682095375,0.0,0.0,0.0,wltp_class3b,PPO_seed21
826,3.9062,-2000.003510509824,0.0,0.0,0.4907386276576673,25.00812580926464,-0.003759405094943279,0.0,0.018797025474716393,0.0,0.0,0.0,wltp_class3b,PPO_seed21
827,4.1316,-2120.4387591921227,0.0,0.0,0.4907252836164286,25.008128659683717,-0.0039857871413385764,0.0,0.019928935706692883,0.0,0.0,0.0,wltp_class3b,PPO_seed21
828,4.3526,-2208.8523671179896,0.0,0.0,0.49071138310428536,25.008131892531935,-0.004151978133680432,0.0,0.02075989066840216,0.0,0.0,0.0,wltp_class3b,PPO_seed21
829,4.5652,-2262.1620499269616,0.0,0.0,0.49069714702638595,25.008135373554463,-0.004252184304373988,0.0,0.021260921521869938,0.0,0.0,0.0,wltp_class3b,PPO_seed21
830,4.7658,-2277.8294938344,0.0,0.0,0.4906828122674335,25.008138946487026,-0.004281634386906767,0.0,0.021408171934533836,0.0,0.0,0.0,wltp_class3b,PPO_seed21
831,4.9517,-2258.693618446477,0.0,0.0,0.4906685978522431,25.008142463209207,-0.004245664696327965,0.0,0.021228323481639822,0.0,0.0,0.0,wltp_class3b,PPO_seed21
832,5.121,-2208.800486841978,0.0,0.0,0.490654697348146,25.008145795538724,-0.004151880614364621,0.0,0.020759403071823102,0.0,0.0,0.0,wltp_class3b,PPO_seed21
833,5.2729,-2136.476608649905,0.0,0.0,0.4906412519258153,25.008148856820007,-0.004015933474905836,0.0,0.02007966737452918,0.0,0.0,0.0,wltp_class3b,PPO_seed21
834,5.4076,-2050.929678104803,0.0,0.0,0.4906283448117553,25.008151604562393,-0.0038551309738812088,0.0,0.019275654869406043,0.0,0.0,0.0,wltp_class3b,PPO_seed21
835,5.5265,-1964.4055525099043,0.0,0.0,0.4906159821662521,25.008154047538167,-0.0036924916400562116,0.0,0.018462458200281057,0.0,0.0,0.0,wltp_class3b,PPO_seed21
836,5.632,-1888.39479872352,0.0,0.0,0.4906040978346762,25.00815623567198,-0.003549614283314887,0.0,0.017748071416574435,0.0,0.0,0.0,wltp_class3b,PPO_seed21
837,5.7273,-1833.1084426296484,0.0,0.0,0.4905925613986468,25.008158249711432,-0.0034456925613339257,0.0,0.017228462806669627,0.0,0.0,0.0,wltp_class3b,PPO_seed21
838,5.8161,-1806.2163597311185,0.0,0.0,0.4905811941675132,25.00816019039314,-0.0033951435333291705,0.0,0.01697571766664585,0.0,0.0,0.0,wltp_class3b,PPO_seed21
839,5.9027,-1816.4201251143488,0.0,0.0,0.49056976268489827,25.008162184539618,-0.003414323543448025,0.0,0.017071617717240122,0.0,0.0,0.0,wltp_class3b,PPO_seed21
840,5.9915,-1867.9586185956275,0.0,0.0,0.4905580068136219,25.008164376942332,-0.0035112004108940366,0.0,0.017556002054470183,0.0,0.0,0.0,wltp_class3b,PPO_seed21
841,6.0867,-1962.336403845516,0.0,0.0,0.4905456569434912,25.008166931092642,-0.0036886022628675116,0.0,0.018443011314337558,0.0,0.0,0.0,wltp_class3b,PPO_seed21
842,6.1922,-2100.2624155183266,0.0,0.0,0.49053243899801263,25.00817003737893,-0.003947861683305126,0.0,0.019739308416525627,0.0,0.0,0.0,wltp_class3b,PPO_seed21
843,6.3112,-2278.662302500072,0.0,0.0,0.4905180982436262,25.00817390824639,-0.004283199816729459,0.0,0.021415999083647295,0.0,0.0,0.0,wltp_class3b,PPO_seed21
844,6.4459,-2491.209391289569,0.0,0.0,0.4905024197576219,25.008178768509634,-0.004682724419717235,0.0,0.023413622098586172,0.0,0.0,0.0,wltp_class3b,PPO_seed21
845,6.5978,-2734.1033835814346,0.0,0.0,0.4904852125280482,25.008184865706497,-0.005139292074401194,0.0,0.025696460372005965,0.0,0.0,0.0,wltp_class3b,PPO_seed21
846,6.7671,-2996.3955602359883,0.0,0.0,0.4904663544423888,25.00819242824712,-0.005632322481646595,0.0,0.028161612408232974,0.0,0.0,0.0,wltp_class3b,PPO_seed21
847,6.953,-3268.6433322823964,0.0,0.0,0.4904457828097579,25.0082016559897,-0.006144066414064655,0.0,0.030720332070323274,0.0,0.0,0.0,wltp_class3b,PPO_seed21
848,7.1536,-3538.3871142749244,0.0,0.0,0.49042351335049034,25.008212681497344,-0.006651103598261137,0.0,0.03325551799130568,0.0,0.0,0.0,wltp_class3b,PPO_seed21
849,7.3662,-3794.3718951375536,0.0,0.0,0.490399632618031,25.008225553152577,-0.00713227799837886,0.0,0.0356613899918943,0.0,0.0,0.0,wltp_class3b,PPO_seed21
850,7.5872,-4022.04166232987,0.0,0.0,0.4903743187783857,25.008240188578814,-0.007560228688589982,0.0,0.03780114344294991,0.0,0.0,0.0,wltp_class3b,PPO_seed21
851,7.8125,-4209.615039825438,0.0,0.0,0.49034782415243033,25.00825637446619,-0.007912810225235786,0.0,0.039564051126178924,0.0,0.0,0.0,wltp_class3b,PPO_seed21
852,8.0378,-4347.832696624628,0.0,0.0,0.49032045934749274,25.008273777578278,-0.008172617850798173,0.0,0.04086308925399086,0.0,0.0,0.0,wltp_class3b,PPO_seed21
853,8.2588,-4429.563553578482,0.0,0.0,0.49029257986651587,25.008291964528837,-0.00832624728116256,0.0,0.0416312364058128,0.0,0.0,0.0,wltp_class3b,PPO_seed21
854,8.4714,-4450.5532313182175,0.0,0.0,0.4902645680052649,25.008310437645733,-0.008365701562628228,0.0,0.04182850781314114,0.0,0.0,0.0,wltp_class3b,PPO_seed21
855,8.672,-4411.538420203085,0.0,0.0,0.4902368014397046,25.008328695395758,-0.008292365451509558,0.0,0.04146182725754779,0.0,0.0,0.0,wltp_class3b,PPO_seed21
856,8.8579,-4320.471466020299,0.0,0.0,0.4902096078087724,25.008346311419515,-0.00812118696620357,0.0,0.04060593483101785,0.0,0.0,0.0,wltp_class3b,PPO_seed21
857,9.0272,-4185.962283018887,0.0,0.0,0.4901832605716675,25.00836295141434,-0.00786835015605054,0.0,0.0393417507802527,0.0,0.0,0.0,wltp_class3b,PPO_seed21
858,9.1791,-4022.826142919138,0.0,0.0,0.4901579399456626,25.00837842410574,-0.007561703276163794,0.0,0.03780851638081897,0.0,0.0,0.0,wltp_class3b,PPO_seed21
859,9.3138,-3846.258374824047,0.0,0.0,0.49013373050828285,25.008392673074276,-0.007229808975233173,0.0,0.03614904487616586,0.0,0.0,0.0,wltp_class3b,PPO_seed21
860,9.4328,-3677.36147049431,0.0,0.0,0.49011058401088436,25.008405800605395,-0.006912333591154719,0.0,0.03456166795577359,0.0,0.0,0.0,wltp_class3b,PPO_seed21
861,9.5383,-3529.3723736390943,0.0,0.0,0.4900883688821735,25.008417989894326,-0.006634158597065967,0.0,0.033170792985329836,0.0,0.0,0.0,wltp_class3b,PPO_seed21
862,9.6335,-3420.5509967425364,0.0,0.0,0.49006683860957057,25.008429525365887,-0.006429607136734091,0.0,0.03214803568367045,0.0,0.0,0.0,wltp_class3b,PPO_seed21
863,9.7223,-3365.0819082376524,0.0,0.0,0.49004565738870726,25.008440759443438,-0.006325341932777543,0.0,0.03162670966388771,0.0,0.0,0.0,wltp_class3b,PPO_seed21
864,9.8089,-3371.209172625541,0.0,0.0,0.4900244375142839,25.008452083242112,-0.006336859347040491,0.0,0.031684296735202455,0.0,0.0,0.0,wltp_class3b,PPO_seed21
865,9.8977,-3445.749924806764,0.0,0.0,0.49000274836126373,25.008463937951298,-0.006476973542869857,0.0,0.032384867714349286,0.0,0.0,0.0,wltp_class3b,PPO_seed21
866,9.993,-3591.067215324431,0.0,0.0,0.4899801444199425,25.008476813740884,-0.006750126344594796,0.0,0.033750631722973976,0.0,0.0,0.0,wltp_class3b,PPO_seed21
867,10.0985,-3801.7516710498167,0.0,0.0,0.48995621421824304,25.008491224391786,-0.007146149757612437,0.0,0.035730748788062185,0.0,0.0,0.0,wltp_class3b,PPO_seed21
868,10.2174,-4073.951510086373,0.0,0.0,0.4899305705165649,25.00850773612371,-0.00765780359038792,0.0,0.0382890179519396,0.0,0.0,0.0,wltp_class3b,PPO_seed21
869,10.3521,-4398.89848513872,0.0,0.0,0.48990288125319414,25.008526941029253,-0.008268606175072784,0.0,0.041343030875363916,0.0,0.0,0.0,wltp_class3b,PPO_seed21
870,10.504,-4763.984422749381,0.0,0.0,0.4898728937144763,25.00854941823631,-0.008954857937498837,0.0,0.04477428968749419,0.0,0.0,0.0,wltp_class3b,PPO_seed21
871,10.6733,-5152.0823652310655,0.0,0.0,0.48984046297993017,25.008575665810653,-0.009684365348178695,0.0,0.04842182674089347,0.0,0.0,0.0,wltp_class3b,PPO_seed21
872,10.8592,-5547.6969273496015,0.0,0.0,0.48980554165537776,25.008606071813386,-0.010428001743138349,0.0,0.052140008715691744,0.0,0.0,0.0,wltp_class3b,PPO_seed21
873,11.0598,-5931.574074108336,0.0,0.0,0.48976820353756195,25.008640826104045,-0.011149575327271309,0.0,0.055747876636356546,0.0,0.0,0.0,wltp_class3b,PPO_seed21
874,11.2724,-6287.37362903065,0.0,0.0,0.48972862527969424,25.008679898538745,-0.01181837148314032,0.0,0.059091857415701596,0.0,0.0,0.0,wltp_class3b,PPO_seed21
875,11.4934,-6594.704250547138,0.0,0.0,0.48968711190188263,25.00872294644766,-0.012396060621329207,0.0,0.06198030310664603,0.0,0.0,0.0,wltp_class3b,PPO_seed21
876,11.7187,-6838.272910759317,0.0,0.0,0.4896440647087452,25.008769341902433,-0.012853896448795707,0.0,0.06426948224397853,0.0,0.0,0.0,wltp_class3b,PPO_seed21
877,11.9441,-7008.9881677956255,0.0,0.0,0.48959994225969916,25.00881824408805,-0.013174789789089522,0.0,0.06587394894544761,0.0,0.0,0.0,wltp_class3b,PPO_seed21
878,12.1651,-7093.391358923186,0.0,0.0,0.48955528786824476,25.00886855539748,-0.013333442403990951,0.0,0.06666721201995475,0.0,0.0,0.0,wltp_class3b,PPO_seed21
879,12.3777,-7093.46550841068,0.0,0.0,0.48951063239985465,25.008919156562726,-0.013333581782726842,0.0,0.06666790891363421,0.0,0.0,0.0,wltp_class3b,PPO_seed21
880,12.5783,-7010.528585317102,0.0,0.0,0.4894664984574244,25.00896893833162,-0.013177685310746432,0.0,0.06588842655373216,0.0,0.0,0.0,wltp_class3b,PPO_seed21
881,12.7642,-6857.501646225737,0.0,0.0,0.4894233273320188,25.00901699028987,-0.012890040688394245,0.0,0.06445020344197122,0.0,0.0,0.0,wltp_class3b,PPO_seed21
882,12.887,-5682.330853734961,0.0,0.0,0.48938755402600537,25.009051350879627,-0.010681073033336394,0.0,0.05340536516668196,0.0,0.0,0.0,wltp_class3b,PPO_seed21
883,12.9923,-5395.828010245633,0.0,0.0,0.48935358415806074,25.009082859365,-0.010142533853845176,0.0,0.05071266926922587,0.0,0.0,0.0,wltp_class3b,PPO_seed21
884,13.0805,-5102.142763545035,0.0,0.0,0.48932146301028545,25.009111571978067,-0.009590493916438037,0.0,0.04795246958219018,0.0,0.0,0.0,wltp_class3b,PPO_seed21
885,13.1529,-4821.751837522294,0.0,0.0,0.4892911069444616,25.00913774286841,-0.009063443303613335,0.0,0.04531721651806667,0.0,0.0,0.0,wltp_class3b,PPO_seed21
886,13.2119,-4580.028341586999,0.0,0.0,0.48926227257172833,25.009161826023295,-0.00860907583005075,0.0,0.04304537915025375,0.0,0.0,0.0,wltp_class3b,PPO_seed21
887,13.2606,-4394.463743343933,0.0,0.0,0.48923460636984595,25.009184371755122,-0.008260270194255513,0.0,0.041301350971277566,0.0,0.0,0.0,wltp_class3b,PPO_seed21
888,13.3029,-4284.802568571573,0.0,0.0,0.48920763049836835,25.009206036929154,-0.00805414016648792,0.0,0.040270700832439596,0.0,0.0,0.0,wltp_class3b,PPO_seed21
889,13.343,-4260.409891945913,0.0,0.0,0.48918080814454235,25.009227514334587,-0.008008289270575024,0.0,0.04004144635287512,0.0,0.0,0.0,wltp_class3b,PPO_seed21
890,13.3852,-4326.455853429073,0.0,0.0,0.4891535699341047,25.009249535732675,-0.008132435814716302,0.0,0.04066217907358151,0.0,0.0,0.0,wltp_class3b,PPO_seed21
891,13.4339,-4488.309813303726,0.0,0.0,0.48912531267671056,25.009272921142912,-0.008436672581397981,0.0,0.0421833629069899,0.0,0.0,0.0,wltp_class3b,PPO_seed21
892,13.4929,-4736.768701935417,0.0,0.0,0.4890954911082273,25.009298505016634,-0.008903700567547777,0.0,0.04451850283773888,0.0,0.0,0.0,wltp_class3b,PPO_seed21
893,13.5653,-5060.517939630019,0.0,0.0,0.4890636311827795,25.009327143413017,-0.009512251766221842,0.0,0.047561258831109204,0.0,0.0,0.0,wltp_class3b,PPO_seed21
894,13.6535,-5448.2000291183,0.0,0.0,0.4890293303410727,25.00935972036806,-0.010240977498342671,0.0,0.05120488749171335,0.0,0.0,0.0,wltp_class3b,PPO_seed21
895,13.7589,-5881.678824362204,0.0,0.0,0.4889923001859213,25.00939706422481,-0.01105578726383873,0.0,0.055278936319193644,0.0,0.0,0.0,wltp_class3b,PPO_seed21
896,13.8817,-6337.514220470535,0.0,0.0,0.48895239987637856,25.00943983855696,-0.011912620715170179,0.0,0.059563103575850894,0.0,0.0,0.0,wltp_class3b,PPO_seed21
897,14.021,-6792.915449824597,0.0,0.0,0.48890963204448185,25.00948847347022,-0.01276863806358007,0.0,0.06384319031790035,0.0,0.0,0.0,wltp_class3b,PPO_seed21
898,14.1751,-7230.006160895886,0.0,0.0,0.4888641118617993,25.009543153254736,-0.013590237144541141,0.0,0.0679511857227057,0.0,0.0,0.0,wltp_class3b,PPO_seed21
899,14.3412,-7622.2307530565195,0.0,0.0,0.4888161216931673,25.00960363149131,-0.014327501415519773,0.0,0.07163750707759886,0.0,0.0,0.0,wltp_class3b,PPO_seed21
900,14.5156,-7945.140638999566,0.0,0.0,0.4887660978453175,25.00966918940822,-0.014934474885337532,0.0,0.07467237442668766,0.0,0.0,0.0,wltp_class3b,PPO_seed21
901,14.6944,-8188.551614902757,0.0,0.0,0.48871454077070087,25.00973881638152,-0.015392014313726988,0.0,0.07696007156863494,0.0,0.0,0.0,wltp_class3b,PPO_seed21
902,14.8732,-8334.26297301999,0.0,0.0,0.48866206555098823,25.009811096048235,-0.015665907844022536,0.0,0.07832953922011268,0.0,0.0,0.0,wltp_class3b,PPO_seed21
903,15.0477,-8377.42941383014,0.0,0.0,0.48860931781816025,25.009884443531327,-0.015747047770357406,0.0,0.07873523885178703,0.0,0.0,0.0,wltp_class3b,PPO_seed21
904,15.2138,-8315.916692533836,0.0,0.0,0.4885569566877564,25.009957203248355,-0.01563142235438691,0.0,0.07815711177193455,0.0,0.0,0.0,wltp_class3b,PPO_seed21
905,15.3679,-8155.717911825492,0.0,0.0,0.48850560358404443,25.010027835969172,-0.015330296826739646,0.0,0.07665148413369822,0.0,0.0,0.0,wltp_class3b,PPO_seed21
906,15.5072,-7911.714431200839,0.0,0.0,0.48845578626711106,25.010095102573047,-0.01487164366767075,0.0,0.07435821833835375,0.0,0.0,0.0,wltp_class3b,PPO_seed21
907,15.63,-7608.215515519249,0.0,0.0,0.48840787945593134,25.01015821896348,-0.01430115698405874,0.0,0.07150578492029369,0.0,0.0,0.0,wltp_class3b,PPO_seed21
908,15.7354,-7264.097723599734,0.0,0.0,0.4883621390213456,25.01021675509332,-0.01365431902932281,0.0,0.06827159514661404,0.0,0.0,0.0,wltp_class3b,PPO_seed21
909,15.8236,-6907.253770206415,0.0,0.0,0.48831864520151036,25.010270719226543,-0.01298355971843311,0.0,0.06491779859216555,0.0,0.0,0.0,wltp_class3b,PPO_seed21
910,15.896,-6569.559665470344,0.0,0.0,0.4882772775077002,25.01032053973505,-0.012348796363666061,0.0,0.0617439818183303,0.0,0.0,0.0,wltp_class3b,PPO_seed21
911,15.9549,-6276.387899879702,0.0,0.0,0.488237755667066,25.010366912325615,-0.01179772161631523,0.0,0.05898860808157615,0.0,0.0,0.0,wltp_class3b,PPO_seed21
912,16.0036,-6056.21672436248,0.0,0.0,0.4881996200618237,25.010410791090766,-0.011383866023237744,0.0,0.05691933011618872,0.0,0.0,0.0,wltp_class3b,PPO_seed21
913,16.0459,-5925.224940535098,0.0,0.0,0.4881623091757072,25.01045323053036,-0.011137640865667478,0.0,0.05568820432833738,0.0,0.0,0.0,wltp_class3b,PPO_seed21
914,16.086,-5897.127635264952,0.0,0.0,0.4881251751086186,25.010495384203274,-0.011084826382076978,0.0,0.05542413191038489,0.0,0.0,0.0,wltp_class3b,PPO_seed21
915,16.1283,-5980.707322629762,0.0,0.0,0.4880875146370506,25.010538502594123,-0.01124193105757474,0.0,0.0562096552878737,0.0,0.0,0.0,wltp_class3b,PPO_seed21
916,16.177,-6174.730396285047,0.0,0.0,0.4880486322845666,25.010583889483268,-0.01160663608324257,0.0,0.05803318041621285,0.0,0.0,0.0,wltp_class3b,PPO_seed21
917,16.236,-6475.580917015698,0.0,0.0,0.4880078553217069,25.01063294021475,-0.012172144580856576,0.0,0.06086072290428288,0.0,0.0,0.0,wltp_class3b,PPO_seed21
918,16.3084,-6866.912623619234,0.0,0.0,0.48796461392607365,25.010687033278355,-0.012907730495524877,0.0,0.06453865247762439,0.0,0.0,0.0,wltp_class3b,PPO_seed21
919,16.3966,-7334.756894504622,0.0,0.0,0.48791842620852816,25.01074756530376,-0.01378713701974553,0.0,0.06893568509872765,0.0,0.0,0.0,wltp_class3b,PPO_seed21
920,16.5019,-7854.308647627461,0.0,0.0,0.48786896644997174,25.010815776159035,-0.014763738059450117,0.0,0.07381869029725058,0.0,0.0,0.0,wltp_class3b,PPO_seed21
921,16.6247,-8404.945710674105,0.0,0.0,0.4878160387641093,25.01089273616398,-0.015798770132846064,0.0,0.07899385066423031,0.0,0.0,0.0,wltp_class3b,PPO_seed21
922,16.7641,-8954.028908747348,0.0,0.0,0.4877596527766947,25.010979062421946,-0.01683088140741983,0.0,0.08415440703709914,0.0,0.0,0.0,wltp_class3b,PPO_seed21
923,16.9182,-9474.65425455097,0.0,0.0,0.487699987523398,25.01107488378101,-0.017809500478479266,0.0,0.08904750239239632,0.0,0.0,0.0,wltp_class3b,PPO_seed21
924,17.0842,-9940.370294932594,0.0,0.0,0.48763738861614464,25.011179742854214,-0.01868490656942217,0.0,0.09342453284711084,0.0,0.0,0.0,wltp_class3b,PPO_seed21
925,17.2587,-10330.705582909537,0.0,0.0,0.48757233060319644,25.011292628974456,-0.019418619516747254,0.0,0.09709309758373626,0.0,0.0,0.0,wltp_class3b,PPO_seed21
926,17.4375,-10617.756140716525,0.0,0.0,0.4875054637944557,25.011411792049,-0.01995818823442956,0.0,0.09979094117214779,0.0,0.0,0.0,wltp_class3b,PPO_seed21
927,17.6163,-10791.325086848909,0.0,0.0,0.48743750276991815,25.011535090204603,-0.020284445651971635,0.0,0.10142222825985817,0.0,0.0,0.0,wltp_class3b,PPO_seed21
928,17.7908,-10843.628153441741,0.0,0.0,0.4873692111959335,25.011660092606984,-0.020382759686920566,0.0,0.10191379843460283,0.0,0.0,0.0,wltp_class3b,PPO_seed21
929,17.9568,-10769.815859058654,0.0,0.0,0.4873013833482549,25.0117842142955,-0.020244014772666644,0.0,0.1012200738633332,0.0,0.0,0.0,wltp_class3b,PPO_seed21
930,18.1109,-10585.969518654387,0.0,0.0,0.487234712289617,25.011905224994834,-0.019898438944839072,0.0,0.09949219472419536,0.0,0.0,0.0,wltp_class3b,PPO_seed21
931,18.2503,-10304.33123197834,0.0,0.0,0.4871698140344433,25.012021229676467,-0.01936904366913222,0.0,0.0968452183456611,0.0,0.0,0.0,wltp_class3b,PPO_seed21
932,18.3731,-9947.649194427837,0.0,0.0,0.48710716136489707,25.01213090132479,-0.01869858871133052,0.0,0.09349294355665261,0.0,0.0,0.0,wltp_class3b,PPO_seed21
933,18.4784,-9543.65409251351,0.0,0.0,0.48704705242986185,25.012233552832836,-0.01793919942201788,0.0,0.08969599711008938,0.0,0.0,0.0,wltp_class3b,PPO_seed21
934,18.5666,-9130.882271918033,0.0,0.0,0.4869895426670838,25.012329263170216,-0.01716331254119931,0.0,0.08581656270599655,0.0,0.0,0.0,wltp_class3b,PPO_seed21
935,18.639,-8737.802286061886,0.0,0.0,0.4869345081943606,25.01241860154111,-0.01642444038733437,0.0,0.08212220193667186,0.0,0.0,0.0,wltp_class3b,PPO_seed21
936,18.698,-8399.846888964115,0.0,0.0,0.48688160193510643,25.01250266044181,-0.015789185881511496,0.0,0.07894592940755747,0.0,0.0,0.0,wltp_class3b,PPO_seed21
937,18.7467,-8141.3923531272885,0.0,0.0,0.4868303232488638,25.012582812881323,-0.01530336908482573,0.0,0.07651684542412865,0.0,0.0,0.0,wltp_class3b,PPO_seed21
938,18.789,-7990.188191960835,0.0,0.0,0.4867799966825901,25.012660749797057,-0.015019150736768487,0.0,0.07509575368384243,0.0,0.0,0.0,wltp_class3b,PPO_seed21
939,18.8291,-7959.446933274697,0.0,0.0,0.4867298635303958,25.0127382889551,-0.014961366415929881,0.0,0.0748068320796494,0.0,0.0,0.0,wltp_class3b,PPO_seed21
940,18.8714,-8059.54444006519,0.0,0.0,0.48667909970089374,25.01281740723115,-0.01514951962418269,0.0,0.07574759812091345,0.0,0.0,0.0,wltp_class3b,PPO_seed21
941,18.9201,-8289.107108940472,0.0,0.0,0.48662688972073215,25.012900157384877,-0.015581028400264048,0.0,0.07790514200132023,0.0,0.0,0.0,wltp_class3b,PPO_seed21
942,18.979,-8640.870037321887,0.0,0.0,0.48657246383963165,25.012988664334618,-0.01624223691225919,0.0,0.08121118456129593,0.0,0.0,0.0,wltp_class3b,PPO_seed21
943,19.0514,-9104.649246597332,0.0,0.0,0.4865151164131903,25.013085142120463,-0.017114002343228067,0.0,0.08557001171614033,0.0,0.0,0.0,wltp_class3b,PPO_seed21
944,19.1396,-9654.985945046556,0.0,0.0,0.48645430211043644,25.01319165224523,-0.01814846982151608,0.0,0.0907423491075804,0.0,0.0,0.0,wltp_class3b,PPO_seed21
945,19.245,-10268.688559042106,0.0,0.0,0.48638962163461325,25.01331008945389,-0.019302046163612984,0.0,0.09651023081806491,0.0,0.0,0.0,wltp_class3b,PPO_seed21
946,19.3678,-10912.245293293443,0.0,0.0,0.48632088673220963,25.013441885970032,-0.020511739273107978,0.0,0.10255869636553988,0.0,0.0,0.0,wltp_class3b,PPO_seed21
947,19.5071,-11553.310676489695,0.0,0.0,0.48624811285925656,25.013587879090263,-0.021716749391897924,0.0,0.10858374695948961,0.0,0.0,0.0,wltp_class3b,PPO_seed21
948,19.6612,-12166.75944603768,0.0,0.0,0.486171473719112,25.013748316891462,-0.022869848582777595,0.0,0.11434924291388797,0.0,0.0,0.0,wltp_class3b,PPO_seed21
949,19.8273,-12715.857919462835,0.0,0.0,0.48609137440481714,25.013922460017486,-0.023901988570418864,0.0,0.1195099428520943,0.0,0.0,0.0,wltp_class3b,PPO_seed21
950,20.0018,-13170.58461946922,0.0,0.0,0.4860084091486786,25.014108606605944,-0.02475673800652109,0.0,0.12378369003260545,0.0,0.0,0.0,wltp_class3b,PPO_seed21
951,20.1806,-13508.262824606125,0.0,0.0,0.4859233150850022,25.014304212331638,-0.02539147147482354,0.0,0.1269573573741177,0.0,0.0,0.0,wltp_class3b,PPO_seed21
952,20.3594,-13714.419441957449,0.0,0.0,0.48583692059634787,25.014506109228524,-0.025778983913453853,0.0,0.12889491956726926,0.0,0.0,0.0,wltp_class3b,PPO_seed21
953,20.5338,-13777.164792762831,0.0,0.0,0.48575012905569503,25.01471063814378,-0.025896926302185777,0.0,0.12948463151092887,0.0,0.0,0.0,wltp_class3b,PPO_seed21
954,20.6999,-13704.42340477523,0.0,0.0,0.48566379401210813,25.01491426486141,-0.025760194369878253,0.0,0.12880097184939127,0.0,0.0,0.0,wltp_class3b,PPO_seed21
955,20.854,-13495.418560912574,0.0,0.0,0.4855787739985662,25.01511346212213,-0.02536732812201612,0.0,0.1268366406100806,0.0,0.0,0.0,wltp_class3b,PPO_seed21
956,20.9933,-13173.960219803632,0.0,0.0,0.48549577762900314,25.01530542890098,-0.02476308311993164,0.0,0.1238154155996582,0.0,0.0,0.0,wltp_class3b,PPO_seed21
957,21.1161,-12773.02321453341,0.0,0.0,0.48541530583121734,25.01548834224569,-0.0240094421325816,0.0,0.120047210662908,0.0,0.0,0.0,wltp_class3b,PPO_seed21
958,21.2215,-12317.873233169983,0.0,0.0,0.48533770038420637,25.01566113207639,-0.023153897054830796,0.0,0.11576948527415397,0.0,0.0,0.0,wltp_class3b,PPO_seed21
959,21.3097,-11845.755819641852,0.0,0.0,0.48526306841812555,25.01582369221533,-0.022266458307597468,0.0,0.11133229153798734,0.0,0.0,0.0,wltp_class3b,PPO_seed21
960,21.3821,-11399.203211915597,0.0,0.0,0.4851912490806837,25.015976876974314,-0.021427073706608266,0.0,0.10713536853304133,0.0,0.0,0.0,wltp_class3b,PPO_seed21
961,21.4411,-11015.47219119253,0.0,0.0,0.48512184675357034,25.016122260122987,-0.020705774795474682,0.0,0.1035288739773734,0.0,0.0,0.0,wltp_class3b,PPO_seed21
962,21.0368,3286.744728438899,0.0,0.0,0.48514255485332153,25.016163056857472,0.1778796131977684,0.0,0.030890457974049802,0.13146978913755597,0.0,0.0,wltp_class3b,PPO_seed21
963,20.6262,3516.995330062748,0.0,0.0,0.48516471270879524,25.016202412320077,0.1903408450059523,0.0,0.03305446738780778,0.1406798132025099,0.0,0.0,wltp_class3b,PPO_seed21
964,20.2134,3640.1813653149393,0.0,0.0,0.4851876457084032,25.01623985274083,0.19700771028223257,0.0,0.034212230877020106,0.14560725461259758,0.0,0.0,wltp_class3b,PPO_seed21
965,19.8028,3654.714901491184,0.0,0.0,0.48521066933077195,25.016274832226124,0.19779426963107924,0.0,0.03434882426213519,0.14618859605964735,0.0,0.0,wltp_class3b,PPO_seed21
966,19.3986,3570.746777901066,0.0,0.0,0.48523316309096015,25.01630687442804,0.1932498895288111,0.0,0.033559650168243096,0.14282987111604264,0.0,0.0,wltp_class3b,PPO_seed21
967,19.0046,3402.430686306931,0.0,0.0,0.4852545957390716,25.01633564522614,0.18414057203035553,0.0,0.03197773201416289,0.13609722745227723,0.0,0.0,wltp_class3b,PPO_seed21
968,18.6241,3165.2115681819505,0.0,0.0,0.4852745333729593,25.016360982216714,0.17130220201333593,0.0,0.02974822902426645,0.12660846272727802,0.0,0.0,wltp_class3b,PPO_seed21
969,18.2594,2883.7339588717196,0.0,0.0,0.4852926973629831,25.01638294398101,0.15606854914254614,0.0,0.027102762771350746,0.11534935835486879,0.0,0.0,wltp_class3b,PPO_seed21
970,17.9118,2580.8027728145134,0.0,0.0,0.48530895273728764,25.016401759883564,0.13967382224600652,0.0,0.024255665158031143,0.10323211091258054,0.0,0.0,wltp_class3b,PPO_seed21
971,17.5817,2275.5462810928852,0.0,0.0,0.4853232850023925,25.016417763870333,0.12315324910756831,0.0,0.021386713168166215,0.09102185124371541,0.0,0.0,wltp_class3b,PPO_seed21
972,17.2682,1993.5154753365987,0.0,0.0,0.4853358405788221,25.01643137348968,0.10788965707874314,0.0,0.018736047700531944,0.07974061901346395,0.0,0.0,wltp_class3b,PPO_seed21
973,16.9693,1754.791259965735,0.0,0.0,0.4853468923328737,25.016443017085958,0.0949698307461155,0.0,0.016492399059828335,0.0701916503986294,0.0,0.0,wltp_class3b,PPO_seed21
974,16.6825,1566.9799414403003,0.0,0.0,0.48535676100267316,25.01645306787069,0.08480542570291189,0.0,0.014727255088724626,0.06267919765761201,0.0,0.0,wltp_class3b,PPO_seed21
975,16.404,1452.1002372884107,0.0,0.0,0.4853659059632341,25.016461887395625,0.07858810156392466,0.0,0.01364755862113168,0.05808400949153643,0.0,0.0,wltp_class3b,PPO_seed21
976,16.1299,1409.0327159452322,0.0,0.0,0.48537477950248364,25.016469768818645,0.07625727435619384,0.0,0.013242788683695791,0.05636130863780929,0.0,0.0,wltp_class3b,PPO_seed21
977,15.8558,1443.7364960156297,0.0,0.0,0.4853838714027426,25.016476988881553,0.07813545337083083,0.0,0.013568952030222084,0.057749459840625184,0.0,0.0,wltp_class3b,PPO_seed21
978,15.5774,1550.9189243507587,0.0,0.0,0.48539363808358504,25.016483810538343,0.08393619862764481,0.0,0.014576305679988334,0.06203675697403035,0.0,0.0,wltp_class3b,PPO_seed21
979,15.2905,1725.049366720808,0.0,0.0,0.4854045011072843,25.016490511906955,0.09336019053876973,0.0,0.016212869987977517,0.06900197466883232,0.0,0.0,wltp_class3b,PPO_seed21
980,14.9917,1948.3778738861356,0.0,0.0,0.4854167702355158,25.016497363008135,0.1054467965130256,0.0,0.018311822122989995,0.07793511495544543,0.0,0.0,wltp_class3b,PPO_seed21
981,14.6782,2206.896537635351,0.0,0.0,0.4854306670017115,25.01650463227006,0.11943790434510716,0.0,0.02074150881236232,0.08827586150541403,0.0,0.0,wltp_class3b,PPO_seed21
982,14.348,2483.632648631311,0.0,0.0,0.48544630604889055,25.016512556765075,0.1344149459011141,0.0,0.02334241211119653,0.09934530594525244,0.0,0.0,wltp_class3b,PPO_seed21
983,14.0005,2752.9414639101046,0.0,0.0,0.4854636405331335,25.01652126712239,0.1489900199791348,0.0,0.02587350999915512,0.11011765855640418,0.0,0.0,wltp_class3b,PPO_seed21
984,13.6357,3003.4131336869605,0.0,0.0,0.4854825517694292,25.016530819283727,0.16254562207728376,0.0,0.02822756704593008,0.12013652534747842,0.0,0.0,wltp_class3b,PPO_seed21
985,13.2553,3208.427743054369,0.0,0.0,0.48550275346945915,25.016541082288455,0.17364107439477702,0.0,0.030154396081338054,0.12833710972217474,0.0,0.0,wltp_class3b,PPO_seed21
986,12.8613,3364.79765924409,0.0,0.0,0.4855239392953861,25.01655185572982,0.18210386128751097,0.0,0.03162403815079032,0.1345919063697636,0.0,0.0,wltp_class3b,PPO_seed21
987,12.4571,3455.143461581913,0.0,0.0,0.48554569350841426,25.016562784980724,0.18699340328170383,0.0,0.03247315283441648,0.13820573846327652,0.0,0.0,wltp_class3b,PPO_seed21
988,12.0465,3478.7412709217447,0.0,0.0,0.4855675958435708,25.016573479841295,0.18827052382026102,0.0,0.03269493675678332,0.13914965083686978,0.0,0.0,wltp_class3b,PPO_seed21
989,11.6336,3437.462781568391,0.0,0.0,0.48558923785096597,25.01658355516264,0.18603651956187428,0.0,0.03230698102977811,0.13749851126273566,0.0,0.0,wltp_class3b,PPO_seed21
990,11.223,3331.6658122748327,0.0,0.0,0.4856102133620514,25.016592643774793,0.1803107557650695,0.0,0.03131264861160557,0.1332666324909933,0.0,0.0,wltp_class3b,PPO_seed21
991,10.8188,3174.790710184482,0.0,0.0,0.4856302008505237,25.016600497394055,0.1718206280594579,0.0,0.029838258554365435,0.1269916284073793,0.0,0.0,wltp_class3b,PPO_seed21
992,10.4249,2975.741947561691,0.0,0.0,0.48564893486647953,25.01660696136176,0.16104804916202292,0.0,0.027967499507158752,0.11902967790246764,0.0,0.0,wltp_class3b,PPO_seed21
993,10.0444,2749.3886245605336,0.0,0.0,0.4856662435795561,25.016612003081857,0.14879773924501294,0.0,0.025840118651884715,0.10997554498242135,0.0,0.0,wltp_class3b,PPO_seed21
994,9.6797,2507.6457786038527,0.0,0.0,0.4856820301730166,25.016615677923667,0.13571454371722202,0.0,0.02356809942296854,0.1003058311441541,0.0,0.0,wltp_class3b,PPO_seed21
995,9.3321,2264.885790311138,0.0,0.0,0.4856962883071542,25.01661811995408,0.12257630014029751,0.0,0.021286520585630995,0.09059543161244552,0.0,0.0,wltp_class3b,PPO_seed21
996,9.0019,2032.3092710625015,0.0,0.0,0.48570908214642033,25.01661950361559,0.10998918897073598,0.0,0.019100651043820503,0.08129237084250006,0.0,0.0,wltp_class3b,PPO_seed21
997,8.6884,1819.353074826771,0.0,0.0,0.4857205352529542,25.016620018481717,0.09846393558348193,0.0,0.017099183034086193,0.07277412299307084,0.0,0.0,wltp_class3b,PPO_seed21
998,8.3896,1636.7195854197635,0.0,0.0,0.4857308385514312,25.01661985993184,0.08857975620940944,0.0,0.015382702870486499,0.06546878341679054,0.0,0.0,wltp_class3b,PPO_seed21
999,8.1027,1488.9306033216512,0.0,0.0,0.4857402114206912,25.01661920142611,0.08058137205044545,0.0,0.013993708677835068,0.05955722413286605,0.0,0.0,wltp_class3b,PPO_seed21
1000,7.8243,1377.9220842995728,0.0,0.0,0.4857488854165312,25.01661818951752,0.07457355761494981,0.0,0.012950395529131324,0.055116883371982915,0.0,0.0,wltp_class3b,PPO_seed21
1001,7.5502,1306.7126696731775,0.0,0.0,0.48575711108829644,25.016616952808032,0.07071968267900398,0.0,0.012281134113469714,0.0522685067869271,0.0,0.0,wltp_class3b,PPO_seed21
1002,7.2761,1271.7491745448503,0.0,0.0,0.4857651166106163,25.01661559340611,0.06882744780732206,0.0,0.011952529835947842,0.05086996698179402,0.0,0.0,wltp_class3b,PPO_seed21
1003,6.9976,1269.2916065660124,0.0,0.0,0.485773106609151,25.016614195842887,0.06869444348918916,0.0,0.011929432392537711,0.0507716642626405,0.0,0.0,wltp_class3b,PPO_seed21
1004,6.7108,1290.783811488586,0.0,0.0,0.48578123184506167,25.016612822202024,0.06985760808341987,0.0,0.012131426799704756,0.05163135245954344,0.0,0.0,wltp_class3b,PPO_seed21
1005,6.412,1330.0958065511015,0.0,0.0,0.48578960448908004,25.016611521363785,0.07198518507935961,0.0,0.012500900437510353,0.05320383226204406,0.0,0.0,wltp_class3b,PPO_seed21
1006,6.0984,1376.2241430761462,0.0,0.0,0.48579826744559274,25.01661031698676,0.07448166452527895,0.0,0.012934437434926187,0.05504896572304585,0.0,0.0,wltp_class3b,PPO_seed21
1007,5.7683,1417.8616022763376,0.0,0.0,0.4858071924425726,25.016609203856422,0.07673509633973744,0.0,0.013325766938687384,0.056714464091053504,0.0,0.0,wltp_class3b,PPO_seed21
1008,5.4207,1447.5610151324368,0.0,0.0,0.4858163043313631,25.0166081551956,0.07834243749566376,0.0,0.013604896758763503,0.05790244060529747,0.0,0.0,wltp_class3b,PPO_seed21
1009,5.056,1455.1530442037658,0.0,0.0,0.48582546395308346,25.016607114093052,0.07875332039232111,0.0,0.013676250415448926,0.05820612176815063,0.0,0.0,wltp_class3b,PPO_seed21
1010,4.6755,1435.684080990153,0.0,0.0,0.48583450097124586,25.016606009191463,0.07769965424787309,0.0,0.013493271437877378,0.05742736323960612,0.0,0.0,wltp_class3b,PPO_seed21
1011,4.2816,1385.3625066103757,0.0,0.0,0.4858432211866475,25.016604762075072,0.07497623550813147,0.0,0.013020324310247891,0.05541450026441503,0.0,0.0,wltp_class3b,PPO_seed21
1012,3.8773,1305.105133779105,0.0,0.0,0.48585143617487897,25.01660330521054,0.07063268235294735,0.0,0.012266025693412641,0.0522042053511642,0.0,0.0,wltp_class3b,PPO_seed21
1013,3.4667,1195.767868052654,0.0,0.0,0.4858589629022141,25.01660158632655,0.06471531664844363,0.0,0.011238419812524943,0.047830714722106156,0.0,0.0,wltp_class3b,PPO_seed21
1014,3.0539,1064.3737059074765,0.0,0.0,0.4858656625431639,25.016599584909745,0.057604225076105374,0.0,0.010003512273566509,0.04257494823629906,0.0,0.0,wltp_class3b,PPO_seed21
1015,2.6433,917.3631855961871,0.0,0.0,0.4858714368125596,25.016597307594537,0.049647971503168076,0.0,0.008621834451091985,0.03669452742384748,0.0,0.0,wltp_class3b,PPO_seed21
1016,2.2391,762.8990438757285,0.0,0.0,0.48587623880442277,25.016594785329346,0.04128832569787588,0.0,0.007170103795824515,0.030515961755029138,0.0,0.0,wltp_class3b,PPO_seed21
1017,1.8451,608.8308209615396,0.0,0.0,0.48588007101944347,25.016592064192267,0.03295010713745235,0.0,0.005722094181969358,0.024353232838461587,0.0,0.0,wltp_class3b,PPO_seed21
1018,1.4646,461.90997625080104,0.0,0.0,0.48588297845258793,25.016589195463208,0.02499870683498696,0.0,0.0043412591752894835,0.018476399050032042,0.0,0.0,wltp_class3b,PPO_seed21
1019,1.3728,-14.969402807783672,0.0,0.0,0.4858828842297301,25.016586126219277,-2.8137975202600888e-05,0.0,0.00014068987601300443,0.0,0.0,0.0,wltp_class3b,PPO_seed21
1020,1.0296,282.1770814971357,0.0,0.0,0.4858846603553365,25.01658313250789,0.015271508515912649,0.0,0.002652040239634734,0.011287083259885427,0.0,0.0,wltp_class3b,PPO_seed21
1021,0.6864,188.28860014729958,0.0,0.0,0.48588584551169817,25.01658009793531,0.010190235668122273,0.0,0.0017696297006325149,0.007531544005891983,0.0,0.0,wltp_class3b,PPO_seed21
1022,0.3432,94.19546381841245,0.0,0.0,0.48588643841170087,25.01657703897161,0.005097886831315284,0.0,0.0008852957125790644,0.003767818552736498,0.0,0.0,wltp_class3b,PPO_seed21
1023,0.0,0.0,0.0,0.0,0.48588643841170087,25.01657397217696,0.0,0.0,0.0,0.0,0.0,0.0,wltp_class3b,PPO_seed21
1024,0.1781,-76.52298578801864,0.0,0.0,0.4858859567484839,25.016570911295194,-0.0001438401988496591,0.0,0.0007192009942482955,0.0,0.0,0.0,wltp_class3b,PPO_seed21
1025,0.3561,-152.9674528956552,0.0,0.0,0.4858849939157467,25.016567867249872,-0.00028753280619484066,0.0,0.0014376640309742032,0.0,0.0,0.0,wltp_class3b,PPO_seed21
1026,0.5342,-229.60538832491878,0.0,0.0,0.4858835486948418,25.01656485107955,-0.00043158907579871953,0.0,0.0021579453789935974,0.0,0.0,0.0,wltp_class3b,PPO_seed21
1027,0.7123,-306.2475034533628,0.0,0.0,0.4858816210582258,25.016561873837684,-0.0005756532019800053,0.0,0.0028782660099000265,0.0,0.0,0.0,wltp_class3b,PPO_seed21
1028,0.8903,-382.7874581027271,0.0,0.0,0.48587921164736847,25.016558946552244,-0.0007195252971855773,0.0,0.003597626485927886,0.0,0.0,0.0,wltp_class3b,PPO_seed21
1029,1.0684,-459.7467332660173,0.0,0.0,0.48587631782101814,25.016556080718136,-0.0008641855888458972,0.0,0.004320927944229486,0.0,0.0,0.0,wltp_class3b,PPO_seed21
1030,1.2464,-536.4495413842641,0.0,0.0,0.48587294119127816,25.016553287390696,-0.0010083637995944815,0.0,0.005041818997972407,0.0,0.0,0.0,wltp_class3b,PPO_seed21
1031,1.6887,-1422.380533776181,0.0,0.0,0.48586398813727216,25.016552137257793,-0.0026736476198800396,0.0,0.013368238099400197,0.0,0.0,0.0,wltp_class3b,PPO_seed21
1032,1.8798,-849.5516184561736,0.0,0.0,0.48585864067991924,25.016549755960558,-0.0015969015384514542,0.0,0.00798450769225727,0.0,0.0,0.0,wltp_class3b,PPO_seed21
1033,2.0535,-873.2938046001241,0.0,0.0,0.4858531437631483,25.016547414894006,-0.0016415297078949702,0.0,0.00820764853947485,0.0,0.0,0.0,wltp_class3b,PPO_seed21
1034,2.21,-881.5829750240134,0.0,0.0,0.48584759465485733,25.01654508959409,-0.001657110855308296,0.0,0.00828555427654148,0.0,0.0,0.0,wltp_class3b,PPO_seed21
1035,2.3508,-881.2217829411023,0.0,0.0,0.4858420478047631,25.016542766129884,-0.001656431922821621,0.0,0.008282159614108105,0.0,0.0,0.0,wltp_class3b,PPO_seed21
1036,2.4781,-877.7940202880795,0.0,0.0,0.4858365225159179,25.016540439780094,-0.0016499887599399994,0.0,0.008249943799699996,0.0,0.0,0.0,wltp_class3b,PPO_seed21
1037,2.5951,-878.5611454833339,0.0,0.0,0.48583099238407995,25.01653811785796,-0.001651430724592733,0.0,0.008257153622963665,0.0,0.0,0.0,wltp_class3b,PPO_seed21
1038,2.7058,-890.4517441243481,0.0,0.0,0.48582538739238773,25.016535819304888,-0.0016737814739179475,0.0,0.008368907369589737,0.0,0.0,0.0,wltp_class3b,PPO_seed21
1039,2.8142,-917.0432299790407,0.0,0.0,0.48581961500497123,25.01653357003203,-0.001723765469885415,0.0,0.008618827349427075,0.0,0.0,0.0,wltp_class3b,PPO_seed21
1040,2.9248,-964.1807896873707,0.0,0.0,0.4858135458919777,25.01653140887169,-0.0018123699054273888,0.0,0.009061849527136944,0.0,0.0,0.0,wltp_class3b,PPO_seed21
1041,3.0419,-1034.7859956388613,0.0,0.0,0.4858070323319858,25.016529385999213,-0.0019450864579677847,0.0,0.009725432289838923,0.0,0.0,0.0,wltp_class3b,PPO_seed21
1042,3.1692,-1129.843528790465,0.0,0.0,0.485799920403555,25.016527563293,-0.002123766031561024,0.0,0.01061883015780512,0.0,0.0,0.0,wltp_class3b,PPO_seed21
1043,3.3099,-1250.7651920099636,0.0,0.0,0.4857920472962526,25.016526019419583,-0.002351062390996172,0.0,0.011755311954980861,0.0,0.0,0.0,wltp_class3b,PPO_seed21
1044,3.4665,-1397.8357582724843,0.0,0.0,0.4857832484043271,25.016524851879343,-0.0026275108238204593,0.0,0.013137554119102297,0.0,0.0,0.0,wltp_class3b,PPO_seed21
1045,3.6401,-1566.7302886616026,0.0,0.0,0.4857733863427408,25.016524167562444,-0.0029449817456045162,0.0,0.01472490872802258,0.0,0.0,0.0,wltp_class3b,PPO_seed21
1046,3.8313,-1757.1239181698918,0.0,0.0,0.48576232576780776,25.01652409365956,-0.003302864507838142,0.0,0.01651432253919071,0.0,0.0,0.0,wltp_class3b,PPO_seed21
1047,4.039,-1959.9163992255149,0.0,0.0,0.4857499886152864,25.016524747297236,-0.003684053382002848,0.0,0.01842026691001424,0.0,0.0,0.0,wltp_class3b,PPO_seed21
1048,4.2614,-2169.889042357898,0.0,0.0,0.4857363296678158,25.016526238956743,-0.00407873880142462,0.0,0.0203936940071231,0.0,0.0,0.0,wltp_class3b,PPO_seed21
1049,4.4958,-2378.573752019621,0.0,0.0,0.48572135700994756,25.01652865003434,-0.004471003293269965,0.0,0.022355016466349825,0.0,0.0,0.0,wltp_class3b,PPO_seed21
1050,4.7386,-2575.174119006352,0.0,0.0,0.48570514668618714,25.016532008148502,-0.004840552855275099,0.0,0.02420276427637549,0.0,0.0,0.0,wltp_class3b,PPO_seed21
1051,4.9858,-2750.66188998681,0.0,0.0,0.48568783157332807,25.01653628068,-0.005170417086441372,0.0,0.02585208543220686,0.0,0.0,0.0,wltp_class3b,PPO_seed21
1052,5.2329,-2893.915191515085,0.0,0.0,0.4856696145623844,25.016541353058198,-0.0054396902096148225,0.0,0.02719845104807411,0.0,0.0,0.0,wltp_class3b,PPO_seed21
1053,5.4757,-2999.905217265582,0.0,0.0,0.4856507302063525,25.016547055730424,-0.005638919581326282,0.0,0.02819459790663141,0.0,0.0,0.0,wltp_class3b,PPO_seed21
1054,5.7101,-3062.4838603919225,0.0,0.0,0.48563145176824263,25.016553160564964,-0.005756548609759254,0.0,0.028782743048796265,0.0,0.0,0.0,wltp_class3b,PPO_seed21
1055,5.9325,-3080.0240727814944,0.0,0.0,0.48561206276269403,25.01655941369151,-0.005789518933799802,0.0,0.02894759466899901,0.0,0.0,0.0,wltp_class3b,PPO_seed21
1056,6.1403,-3057.482548518609,0.0,0.0,0.48559281551093725,25.016565584320766,-0.0057471476475913705,0.0,0.02873573823795685,0.0,0.0,0.0,wltp_class3b,PPO_seed21
1057,6.3314,-2997.0046538187967,0.0,0.0,0.4855739488369755,25.016571457740397,-0.005633467394396234,0.0,0.02816733697198117,0.0,0.0,0.0,wltp_class3b,PPO_seed21
1058,6.5051,-2911.654162680149,0.0,0.0,0.48555561933262686,25.016576902790245,-0.00547303414037622,0.0,0.0273651707018811,0.0,0.0,0.0,wltp_class3b,PPO_seed21
1059,6.6616,-2811.5114084221395,0.0,0.0,0.4855379201352481,25.01658185281975,-0.005284795880492744,0.0,0.02642397940246372,0.0,0.0,0.0,wltp_class3b,PPO_seed21
1060,6.8024,-2712.3622059076547,0.0,0.0,0.48552084500726417,25.01658632957025,-0.005098425199074539,0.0,0.025492125995372695,0.0,0.0,0.0,wltp_class3b,PPO_seed21
1061,6.9297,-2624.695779110512,0.0,0.0,0.4855043216765264,25.01659040587752,-0.004933638682538557,0.0,0.02466819341269278,0.0,0.0,0.0,wltp_class3b,PPO_seed21
1062,7.0467,-2562.8589694983225,0.0,0.0,0.48548818754940815,25.01659421832187,-0.004817404078004366,0.0,0.024087020390021828,0.0,0.0,0.0,wltp_class3b,PPO_seed21
1063,7.1573,-2538.41731358928,0.0,0.0,0.48547220721811024,25.016597950462597,-0.004771461115769324,0.0,0.02385730557884662,0.0,0.0,0.0,wltp_class3b,PPO_seed21
1064,7.2658,-2559.825637858211,0.0,0.0,0.485456092042492,25.016601822658295,-0.004811702326801149,0.0,0.02405851163400574,0.0,0.0,0.0,wltp_class3b,PPO_seed21
1065,7.3764,-2629.887131907532,0.0,0.0,0.4854395357286286,25.016606076265564,-0.0049433968644878425,0.0,0.02471698432243921,0.0,0.0,0.0,wltp_class3b,PPO_seed21
1066,7.4934,-2753.8407749105518,0.0,0.0,0.48542219899385,25.016611000980955,-0.005176392434042391,0.0,0.025881962170211954,0.0,0.0,0.0,wltp_class3b,PPO_seed21
1067,7.6207,-2931.315915583649,0.0,0.0,0.4854037448806828,25.016616924371974,-0.005509992322525656,0.0,0.02754996161262828,0.0,0.0,0.0,wltp_class3b,PPO_seed21
1068,7.7615,-3158.3163261713144,0.0,0.0,0.48538386158065244,25.016624206158678,-0.00593668482363029,0.0,0.02968342411815145,0.0,0.0,0.0,wltp_class3b,PPO_seed21
1069,7.918,-3426.759486311107,0.0,0.0,0.48536228815895477,25.016633219545803,-0.0064412772299080965,0.0,0.03220638614954048,0.0,0.0,0.0,wltp_class3b,PPO_seed21
1070,8.0917,-3731.6167495163936,0.0,0.0,0.4853387953283585,25.016644367409448,-0.007014317198339086,0.0,0.03507158599169543,0.0,0.0,0.0,wltp_class3b,PPO_seed21
1071,8.2828,-4059.1203774890632,0.0,0.0,0.4853132404669789,25.016658011729522,-0.0076299255215959835,0.0,0.038149627607979915,0.0,0.0,0.0,wltp_class3b,PPO_seed21
1072,8.4905,-4397.482959123805,0.0,0.0,0.48528555515301447,25.01667446005282,-0.008265945411886853,0.0,0.04132972705943426,0.0,0.0,0.0,wltp_class3b,PPO_seed21
1073,8.713,-4732.857513640802,0.0,0.0,0.48525575813417143,25.016693917929977,-0.008896348709851131,0.0,0.04448174354925565,0.0,0.0,0.0,wltp_class3b,PPO_seed21
1074,8.9474,-5047.511821174798,0.0,0.0,0.4852239797932013,25.01671641635149,-0.009487804175140599,0.0,0.04743902087570299,0.0,0.0,0.0,wltp_class3b,PPO_seed21
1075,9.1902,-5328.283113891943,0.0,0.0,0.4851904333864782,25.016741816415355,-0.01001556976295478,0.0,0.050077848814773895,0.0,0.0,0.0,wltp_class3b,PPO_seed21
1076,9.4373,-5560.124672320169,0.0,0.0,0.48515542691214303,25.01676976586829,-0.010451362166015356,0.0,0.05225681083007678,0.0,0.0,0.0,wltp_class3b,PPO_seed21
1077,9.6845,-5734.096534928177,0.0,0.0,0.485119324669753,25.016799749159627,-0.010778376945353716,0.0,0.05389188472676858,0.0,0.0,0.0,wltp_class3b,PPO_seed21
1078,9.9273,-5837.6081523926305,0.0,0.0,0.48508257025053514,25.0168310515817,-0.010972947654873368,0.0,0.05486473827436683,0.0,0.0,0.0,wltp_class3b,PPO_seed21
1079,10.1617,-5870.702334685234,0.0,0.0,0.48504560700166593,25.016862913650943,-0.011035154764445929,0.0,0.05517577382222964,0.0,0.0,0.0,wltp_class3b,PPO_seed21
1080,10.3841,-5833.155703618891,0.0,0.0,0.4850088797024321,25.01689455577562,-0.010964578390261073,0.0,0.05482289195130536,0.0,0.0,0.0,wltp_class3b,PPO_seed21
1081,10.5918,-5734.668954611432,0.0,0.0,0.4849727720777368,25.01692531378779,-0.010779452922201942,0.0,0.0538972646110097,0.0,0.0,0.0,wltp_class3b,PPO_seed21
1082,10.7829,-5585.5054134545635,0.0,0.0,0.4849376032496748,25.01695466136375,-0.010499070326042415,0.0,0.052495351630212066,0.0,0.0,0.0,wltp_class3b,PPO_seed21
1083,10.9566,-5403.166090685009,0.0,0.0,0.4849035821591197,25.016982289640726,-0.010156327238129717,0.0,0.050781636190648585,0.0,0.0,0.0,wltp_class3b,PPO_seed21
1084,11.1132,-5207.286981244956,0.0,0.0,0.4848707941141101,25.017008114228016,-0.009788133423392777,0.0,0.048940667116963876,0.0,0.0,0.0,wltp_class3b,PPO_seed21
1085,11.2539,-5015.620652020532,0.0,0.0,0.48483921264108065,25.017032232384967,-0.009427858368459649,0.0,0.04713929184229824,0.0,0.0,0.0,wltp_class3b,PPO_seed21
1086,11.3812,-4854.33684294213,0.0,0.0,0.4848086464788453,25.017054976456798,-0.009124693313800995,0.0,0.045623466569004976,0.0,0.0,0.0,wltp_class3b,PPO_seed21
1087,11.4983,-4739.894028826011,0.0,0.0,0.4847788007208679,25.01707680027373,-0.008909575242154157,0.0,0.04454787621077078,0.0,0.0,0.0,wltp_class3b,PPO_seed21
1088,11.6089,-4685.49172836369,0.0,0.0,0.4847492973333125,25.017098247472383,-0.008807315278879116,0.0,0.04403657639439558,0.0,0.0,0.0,wltp_class3b,PPO_seed21
1089,11.7173,-4706.504781443321,0.0,0.0,0.4847196614557835,25.017119984470103,-0.008846813498953611,0.0,0.044234067494768055,0.0,0.0,0.0,wltp_class3b,PPO_seed21
1090,11.8279,-4809.455461772154,0.0,0.0,0.4846893771416625,25.017142751891853,-0.009040329815361193,0.0,0.04520164907680596,0.0,0.0,0.0,wltp_class3b,PPO_seed21
1091,11.945,-4997.332454484805,0.0,0.0,0.48465790960698757,25.0171673730497,-0.009393482057302265,0.0,0.04696741028651132,0.0,0.0,0.0,wltp_class3b,PPO_seed21
1092,12.0723,-5263.764730055268,0.0,0.0,0.484624764165444,25.017194705195887,-0.009894294605367046,0.0,0.04947147302683522,0.0,0.0,0.0,wltp_class3b,PPO_seed21
1093,12.213,-5604.138640835672,0.0,0.0,0.4845894751611782,25.017225682050285,-0.010534095189540738,0.0,0.05267047594770369,0.0,0.0,0.0,wltp_class3b,PPO_seed21
1094,12.3696,-6009.841027243391,0.0,0.0,0.4845516311513609,25.017261288647497,-0.011296693660231939,0.0,0.05648346830115969,0.0,0.0,0.0,wltp_class3b,PPO_seed21
1095,12.5433,-6459.691478186481,0.0,0.0,0.4845109540415694,25.017302407061713,-0.012142277214636243,0.0,0.06071138607318121,0.0,0.0,0.0,wltp_class3b,PPO_seed21
1096,12.7344,-6938.8289625490825,0.0,0.0,0.4844672592959651,25.017349841358335,-0.01304291158373888,0.0,0.06521455791869439,0.0,0.0,0.0,wltp_class3b,PPO_seed21
1097,12.9421,-7426.6391413530055,0.0,0.0,0.48442049217067795,25.01740418871762,-0.01395984801006204,0.0,0.0697992400503102,0.0,0.0,0.0,wltp_class3b,PPO_seed21
1098,13.1645,-7900.07587270399,0.0,0.0,0.4843707430360474,25.017465727254947,-0.01484976667801502,0.0,0.0742488333900751,0.0,0.0,0.0,wltp_class3b,PPO_seed21
1099,13.3989,-8339.738343062885,0.0,0.0,0.48431822443312006,25.017534389947166,-0.015676199892975348,0.0,0.07838099946487674,0.0,0.0,0.0,wltp_class3b,PPO_seed21
1100,13.6417,-8721.594149746868,0.0,0.0,0.4842633002542202,25.017609626258782,-0.0163939739656896,0.0,0.081969869828448,0.0,0.0,0.0,wltp_class3b,PPO_seed21
1101,13.8889,-9030.085003091279,0.0,0.0,0.4842064323942336,25.017690489699184,-0.01697384399077308,0.0,0.0848692199538654,0.0,0.0,0.0,wltp_class3b,PPO_seed21
1102,14.0413,-7093.567898618491,0.0,0.0,0.48416175916058113,25.01774223265258,-0.013333774245523481,0.0,0.0666688712276174,0.0,0.0,0.0,wltp_class3b,PPO_seed21
1103,14.1894,-7108.237894447093,0.0,0.0,0.48411699307810074,25.017794433893183,-0.013361349425652431,0.0,0.06680674712826215,0.0,0.0,0.0,wltp_class3b,PPO_seed21
1104,14.329,-7022.136538524058,0.0,0.0,0.4840727687960266,25.017845740123,-0.013199504771661763,0.0,0.06599752385830882,0.0,0.0,0.0,wltp_class3b,PPO_seed21
1105,14.4568,-6850.567838608706,0.0,0.0,0.4840296246141794,25.01789503458332,-0.012877007215429899,0.0,0.06438503607714949,0.0,0.0,0.0,wltp_class3b,PPO_seed21
1106,14.5697,-6594.351209593906,0.0,0.0,0.48398809369698975,25.017941284298562,-0.012395397010514862,0.0,0.061976985052574304,0.0,0.0,0.0,wltp_class3b,PPO_seed21
1107,14.6661,-6285.7726026665105,0.0,0.0,0.4839485058924058,25.017983953496152,-0.011815362035087427,0.0,0.05907681017543713,0.0,0.0,0.0,wltp_class3b,PPO_seed21
1108,14.7451,-5940.605602866743,0.0,0.0,0.48391109171232144,25.01802276965801,-0.011166551885087863,0.0,0.05583275942543931,0.0,0.0,0.0,wltp_class3b,PPO_seed21
1109,14.8069,-5585.182679593101,0.0,0.0,0.4838759158241732,25.018057806290354,-0.01049846368344568,0.0,0.052492318417228394,0.0,0.0,0.0,wltp_class3b,PPO_seed21
1110,14.8529,-5249.356857486978,0.0,0.0,0.48384285486998263,25.01808945332251,-0.009867212138133418,0.0,0.04933606069066709,0.0,0.0,0.0,wltp_class3b,PPO_seed21
1111,14.8855,-4959.054477871839,0.0,0.0,0.4838116221915678,25.01811830961769,-0.009321530973443305,0.0,0.046607654867216526,0.0,0.0,0.0,wltp_class3b,PPO_seed21
1112,14.9078,-4733.431247853566,0.0,0.0,0.4837818104711511,25.018145076899078,-0.008897427157619485,0.0,0.044487135788097425,0.0,0.0,0.0,wltp_class3b,PPO_seed21
1113,14.9237,-4594.0537693740725,0.0,0.0,0.48375287654829907,25.018170569965264,-0.008635439416116678,0.0,0.04317719708058339,0.0,0.0,0.0,wltp_class3b,PPO_seed21
1114,14.9374,-4550.732723345634,0.0,0.0,0.48372421546133415,25.018195630757912,-0.008554008878469238,0.0,0.04277004439234619,0.0,0.0,0.0,wltp_class3b,PPO_seed21
1115,14.9533,-4610.914483072543,0.0,0.0,0.4836951753395771,25.01822115425206,-0.008667132486978464,0.0,0.04333566243489232,0.0,0.0,0.0,wltp_class3b,PPO_seed21
1116,14.9756,-4772.7378157092435,0.0,0.0,0.48366511602365647,25.018248066002172,-0.008971311683663993,0.0,0.04485655841831996,0.0,0.0,0.0,wltp_class3b,PPO_seed21
1117,15.0082,-5032.188245468591,0.0,0.0,0.4836334226254811,25.018277358049296,-0.009459000461407126,0.0,0.04729500230703563,0.0,0.0,0.0,wltp_class3b,PPO_seed21
1118,15.0542,-5373.606778424492,0.0,0.0,0.48359957886395893,25.018310017133743,-0.01010076462109867,0.0,0.050503823105493346,0.0,0.0,0.0,wltp_class3b,PPO_seed21
1119,15.116,-5783.698703276681,0.0,0.0,0.48356315217200413,25.01834705159884,-0.010871614103903537,0.0,0.05435807051951768,0.0,0.0,0.0,wltp_class3b,PPO_seed21
1120,15.195,-6241.796800052603,0.0,0.0,0.4835238401275048,25.018389391880454,-0.011732700751978579,0.0,0.05866350375989289,0.0,0.0,0.0,wltp_class3b,PPO_seed21
1121,15.2914,-6721.615992419504,0.0,0.0,0.48348150583644617,25.01843776262534,-0.012634616527104332,0.0,0.06317308263552165,0.0,0.0,0.0,wltp_class3b,PPO_seed21
1122,15.4044,-7200.372040077165,0.0,0.0,0.48343615588874367,25.01849263830131,-0.013534533909919483,0.0,0.06767266954959741,0.0,0.0,0.0,wltp_class3b,PPO_seed21
1123,15.5321,-7651.184295070997,0.0,0.0,0.4833879661662191,25.0185540996856,-0.014381925366674805,0.0,0.07190962683337403,0.0,0.0,0.0,wltp_class3b,PPO_seed21
1124,15.6717,-8050.0539320226335,0.0,0.0,0.48333726370411867,25.01862178603735,-0.015131680323350816,0.0,0.07565840161675408,0.0,0.0,0.0,wltp_class3b,PPO_seed21
1125,15.8198,-8378.534178906602,0.0,0.0,0.4832844917358098,25.018694919628437,-0.015749124396440984,0.0,0.07874562198220492,0.0,0.0,0.0,wltp_class3b,PPO_seed21
1126,15.9722,-8611.430546175223,0.0,0.0,0.48323025220679766,25.018772171144057,-0.016186899522885757,0.0,0.08093449761442878,0.0,0.0,0.0,wltp_class3b,PPO_seed21
1127,16.1246,-8739.814254415101,0.0,0.0,0.48317520333989894,25.018851925000114,-0.016428222282735154,0.0,0.08214111141367576,0.0,0.0,0.0,wltp_class3b,PPO_seed21
1128,16.2727,-8756.990662016275,0.0,0.0,0.48312004557055094,25.018932364821914,-0.016460508763188487,0.0,0.08230254381594243,0.0,0.0,0.0,wltp_class3b,PPO_seed21
1129,16.4124,-8661.625644498006,0.0,0.0,0.48306548778601577,25.019011626725774,-0.01628125121146242,0.0,0.0814062560573121,0.0,0.0,0.0,wltp_class3b,PPO_seed21
1130,16.5401,-8461.054108590206,0.0,0.0,0.48301219271880935,25.019088010047405,-0.01590423704622219,0.0,0.07952118523111096,0.0,0.0,0.0,wltp_class3b,PPO_seed21
1131,16.6531,-8174.658839297389,0.0,0.0,0.482960701049691,25.01916021939588,-0.015365900073867273,0.0,0.07682950036933636,0.0,0.0,0.0,wltp_class3b,PPO_seed21
1132,16.7495,-7821.073097741742,0.0,0.0,0.4829114361141736,25.019227362908513,-0.014701265221319064,0.0,0.07350632610659531,0.0,0.0,0.0,wltp_class3b,PPO_seed21
1133,16.8284,-7425.932534636621,0.0,0.0,0.4828646597805088,25.019289034668866,-0.013958519801948536,0.0,0.06979259900974268,0.0,0.0,0.0,wltp_class3b,PPO_seed21
1134,16.8902,-7024.547302786518,0.0,0.0,0.48282041149497934,25.019345385732265,-0.013204036283433305,0.0,0.06602018141716652,0.0,0.0,0.0,wltp_class3b,PPO_seed21
1135,16.9363,-6645.57342258551,0.0,0.0,0.48277855018383015,25.01939694163971,-0.012491679365762239,0.0,0.062458396828811186,0.0,0.0,0.0,wltp_class3b,PPO_seed21
1136,16.9688,-6310.297947840791,0.0,0.0,0.48273880066479824,25.019444438313236,-0.011861462307971412,0.0,0.059307311539857056,0.0,0.0,0.0,wltp_class3b,PPO_seed21
1137,16.9911,-6056.5384680677635,0.0,0.0,0.48270064951683994,25.019488969008595,-0.011384470804638655,0.0,0.05692235402319327,0.0,0.0,0.0,wltp_class3b,PPO_seed21
1138,17.007,-5898.27893730258,0.0,0.0,0.4826634952098161,25.0195316786757,-0.011086990483651466,0.0,0.05543495241825733,0.0,0.0,0.0,wltp_class3b,PPO_seed21
1139,17.0207,-5849.431086306956,0.0,0.0,0.4826266485620991,25.019573795255962,-0.0109951712148627,0.0,0.054975856074313496,0.0,0.0,0.0,wltp_class3b,PPO_seed21
1140,17.0366,-5918.604165330192,0.0,0.0,0.48258936614311193,25.01961662915312,-0.011125195799492843,0.0,0.05562597899746421,0.0,0.0,0.0,wltp_class3b,PPO_seed21
1141,17.0589,-6103.782235541515,0.0,0.0,0.4825509172030647,25.01966153076566,-0.011473274878837434,0.0,0.05736637439418717,0.0,0.0,0.0,wltp_class3b,PPO_seed21
1142,17.0915,-6400.440158936908,0.0,0.0,0.4825105994772488,25.019709933708253,-0.012030902554392686,0.0,0.060154512771963424,0.0,0.0,0.0,wltp_class3b,PPO_seed21
1143,17.1375,-6790.699198086979,0.0,0.0,0.48246782329959503,25.01976324401744,-0.012764472176855224,0.0,0.06382236088427612,0.0,0.0,0.0,wltp_class3b,PPO_seed21
1144,17.1994,-7262.046045929563,0.0,0.0,0.4824220778021268,25.01982291508158,-0.013650462492348803,0.0,0.06825231246174401,0.0,0.0,0.0,wltp_class3b,PPO_seed21
1145,17.2783,-7779.81598881527,0.0,0.0,0.4823730704496751,25.019890115461937,-0.014623714264690358,0.0,0.07311857132345179,0.0,0.0,0.0,wltp_class3b,PPO_seed21
1146,17.3747,-8330.20912292525,0.0,0.0,0.48232059561076773,25.019965937904324,-0.015658287825047464,0.0,0.07829143912523731,0.0,0.0,0.0,wltp_class3b,PPO_seed21
1147,17.4877,-8876.325464777654,0.0,0.0,0.4822646800759097,25.020050959018345,-0.016684822302213635,0.0,0.08342411151106817,0.0,0.0,0.0,wltp_class3b,PPO_seed21
1148,17.6154,-9390.217903015808,0.0,0.0,0.48220552667422856,25.020145242987788,-0.0176507855319846,0.0,0.088253927659923,0.0,0.0,0.0,wltp_class3b,PPO_seed21
1149,17.7551,-9847.523745824086,0.0,0.0,0.4821434917092401,25.020248299807434,-0.018510382980872344,0.0,0.09255191490436171,0.0,0.0,0.0,wltp_class3b,PPO_seed21
1150,17.9031,-10216.120556872806,0.0,0.0,0.4820791338599939,25.020358861004784,-0.019203234129460164,0.0,0.09601617064730081,0.0,0.0,0.0,wltp_class3b,PPO_seed21
1151,18.0556,-10487.548095710124,0.0,0.0,0.48201306513992037,25.020475290800597,-0.019713436270131814,0.0,0.09856718135065906,0.0,0.0,0.0,wltp_class3b,PPO_seed21
1152,18.208,-10632.200600326147,0.0,0.0,0.4819460841204705,25.02059519085777,-0.01998533947429727,0.0,0.09992669737148634,0.0,0.0,0.0,wltp_class3b,PPO_seed21
1153,18.356,-10651.190631216663,0.0,0.0,0.4818789824299388,25.02071606095621,-0.020021035021083954,0.0,0.10010517510541976,0.0,0.0,0.0,wltp_class3b,PPO_seed21
1154,18.4957,-10549.246950639677,0.0,0.0,0.48181252197121605,25.020835461282097,-0.01982941156135278,0.0,0.09914705780676389,0.0,0.0,0.0,wltp_class3b,PPO_seed21
1155,18.6234,-10326.17200823537,0.0,0.0,0.48174746595242984,25.020950997799698,-0.01941009775984092,0.0,0.0970504887992046,0.0,0.0,0.0,wltp_class3b,PPO_seed21
1156,18.7364,-10006.736961095216,0.0,0.0,0.4816844215735564,25.02106087883759,-0.0188096559419083,0.0,0.0940482797095415,0.0,0.0,0.0,wltp_class3b,PPO_seed21
1157,18.8328,-9611.883521976455,0.0,0.0,0.48162386413163555,25.021163852346426,-0.01806745022927905,0.0,0.09033725114639525,0.0,0.0,0.0,wltp_class3b,PPO_seed21
1158,18.9117,-9170.335067260994,0.0,0.0,0.4815660879756449,25.021259321468975,-0.017237471930941717,0.0,0.08618735965470858,0.0,0.0,0.0,wltp_class3b,PPO_seed21
1159,18.9736,-8724.676446076755,0.0,0.0,0.48151111915493366,25.021347502063186,-0.016399767755783376,0.0,0.08199883877891688,0.0,0.0,0.0,wltp_class3b,PPO_seed21
1160,19.0196,-8294.888068339695,0.0,0.0,0.48145885781746295,25.02142893479141,-0.015591894865300177,0.0,0.07795947432650088,0.0,0.0,0.0,wltp_class3b,PPO_seed21
1161,19.0522,-7925.828999498338,0.0,0.0,0.48140892145712005,25.021504798473156,-0.0148981748110871,0.0,0.0744908740554355,0.0,0.0,0.0,wltp_class3b,PPO_seed21
1162,19.0745,-7638.992907190676,0.0,0.0,0.4813607921177154,25.021576468089336,-0.014359009224042624,0.0,0.07179504612021312,0.0,0.0,0.0,wltp_class3b,PPO_seed21
1163,19.0904,-7462.093050863886,0.0,0.0,0.48131377720723867,25.021645592439572,-0.014026490697112568,0.0,0.07013245348556284,0.0,0.0,0.0,wltp_class3b,PPO_seed21
1164,19.1041,-7407.92719081539,0.0,0.0,0.48126710347295015,25.02171391034691,-0.01392467517070562,0.0,0.0696233758535281,0.0,0.0,0.0,wltp_class3b,PPO_seed21
1165,19.12,-7486.334653802728,0.0,0.0,0.48121993564278903,25.021783285037948,-0.01407205761992994,0.0,0.0703602880996497,0.0,0.0,0.0,wltp_class3b,PPO_seed21
1166,19.1423,-7695.208879339744,0.0,0.0,0.4811714516900507,25.02185563163663,-0.014464678344623581,0.0,0.0723233917231179,0.0,0.0,0.0,wltp_class3b,PPO_seed21
1167,19.1749,-8029.5735564681145,0.0,0.0,0.48112086091246065,25.021932966824668,-0.015093183376819764,0.0,0.07546591688409882,0.0,0.0,0.0,wltp_class3b,PPO_seed21
1168,19.2209,-8469.377403524839,0.0,0.0,0.481067498908676,25.02201724431412,-0.015919882337452704,0.0,0.07959941168726352,0.0,0.0,0.0,wltp_class3b,PPO_seed21
1169,19.2827,-8997.420373742729,0.0,0.0,0.48101080961162,25.022110404773198,-0.016912444311546482,0.0,0.08456222155773241,0.0,0.0,0.0,wltp_class3b,PPO_seed21
1170,19.3617,-9586.95096788556,0.0,0.0,0.48095040546631596,25.022214180747486,-0.018020584526100676,0.0,0.09010292263050337,0.0,0.0,0.0,wltp_class3b,PPO_seed21
1171,19.458,-10200.89327815925,0.0,0.0,0.48088613248425066,25.022329801815943,-0.019174611425111374,0.0,0.09587305712555687,0.0,0.0,0.0,wltp_class3b,PPO_seed21
1172,19.571,-10819.120963499732,0.0,0.0,0.48081796346038164,25.022458172869037,-0.020336693540413033,0.0,0.10168346770206516,0.0,0.0,0.0,wltp_class3b,PPO_seed21
1173,19.6987,-11398.042139271629,0.0,0.0,0.4807461458360841,25.022599269951247,-0.021424891239232385,0.0,0.10712445619616193,0.0,0.0,0.0,wltp_class3b,PPO_seed21
1174,19.8384,-11913.397863166252,0.0,0.0,0.48067107991095487,25.022752383774638,-0.022393605005951604,0.0,0.11196802502975801,0.0,0.0,0.0,wltp_class3b,PPO_seed21
1175,19.9865,-12332.565903234903,0.0,0.0,0.4805933715618056,25.02291584304558,-0.023181514855704705,0.0,0.11590757427852352,0.0,0.0,0.0,wltp_class3b,PPO_seed21
1176,20.1389,-12633.472106297464,0.0,0.0,0.48051376580677424,25.023087199851233,-0.023747128019356138,0.0,0.11873564009678068,0.0,0.0,0.0,wltp_class3b,PPO_seed21
1177,20.2913,-12802.335292910262,0.0,0.0,0.48043309457153704,25.023263446451296,-0.024064540024267413,0.0,0.12032270012133706,0.0,0.0,0.0,wltp_class3b,PPO_seed21
1178,20.4394,-12831.304419632688,0.0,0.0,0.4803522393356587,25.023441231143085,-0.024118993269986257,0.0,0.12059496634993128,0.0,0.0,0.0,wltp_class3b,PPO_seed21
1179,20.579,-12715.89006707416,0.0,0.0,0.4802721099557477,25.02361704250755,-0.023902048998259703,0.0,0.1195102449912985,0.0,0.0,0.0,wltp_class3b,PPO_seed21
1180,20.7068,-12478.793004780462,0.0,0.0,0.48019347332279544,25.02378797103746,-0.023456377828534703,0.0,0.11728188914267351,0.0,0.0,0.0,wltp_class3b,PPO_seed21
1181,20.8197,-12121.472254546337,0.0,0.0,0.48011708719876,25.023951279142018,-0.02278472228298184,0.0,0.11392361141490918,0.0,0.0,0.0,wltp_class3b,PPO_seed21
1182,20.9161,-11690.060690358918,0.0,0.0,0.4800434186800855,25.02410546953241,-0.021973798290148342,0.0,0.10986899145074171,0.0,0.0,0.0,wltp_class3b,PPO_seed21
1183,20.9951,-11206.67919029285,0.0,0.0,0.47997279548105765,25.024249681217366,-0.021065186447918896,0.0,0.10532593223959447,0.0,0.0,0.0,wltp_class3b,PPO_seed21
1184,21.0569,-10708.342858786606,0.0,0.0,0.4799053120523218,25.024383936825007,-0.020128464020275575,0.0,0.10064232010137787,0.0,0.0,0.0,wltp_class3b,PPO_seed21
1185,21.1029,-10237.054345726108,0.0,0.0,0.4798407981277966,25.02450911414434,-0.019242583356628026,0.0,0.09621291678314012,0.0,0.0,0.0,wltp_class3b,PPO_seed21
1186,21.1355,-9829.36404672046,0.0,0.0,0.47977885306827117,25.02462670707105,-0.018476248208121167,0.0,0.09238124104060583,0.0,0.0,0.0,wltp_class3b,PPO_seed21
1187,21.1578,-9512.432674291666,0.0,0.0,0.47971890502767905,25.024738567933326,-0.017880512545661028,0.0,0.08940256272830513,0.0,0.0,0.0,wltp_class3b,PPO_seed21
1188,21.1737,-9317.136008541833,0.0,0.0,0.47966018753905915,25.024846952639837,-0.017513413549890663,0.0,0.08756706774945332,0.0,0.0,0.0,wltp_class3b,PPO_seed21
1189,21.1874,-9257.86144586707,0.0,0.0,0.47960184342473205,25.02495426295578,-0.017401995198998255,0.0,0.08700997599499127,0.0,0.0,0.0,wltp_class3b,PPO_seed21
1190,21.2033,-9345.745471013428,0.0,0.0,0.4795429452855714,25.025063082920617,-0.017567190734987647,0.0,0.08783595367493824,0.0,0.0,0.0,wltp_class3b,PPO_seed21
1191,21.2256,-9578.654994869812,0.0,0.0,0.4794825791264943,25.025176063537156,-0.01800499059186055,0.0,0.09002495295930274,0.0,0.0,0.0,wltp_class3b,PPO_seed21
1192,21.2582,-9951.222066094842,0.0,0.0,0.4794198647409246,25.025295977304086,-0.01870530463551662,0.0,0.0935265231775831,0.0,0.0,0.0,wltp_class3b,PPO_seed21
1193,21.3042,-10441.270266621817,0.0,0.0,0.47935406163597416,25.025425481620726,-0.019626447869589884,0.0,0.09813223934794942,0.0,0.0,0.0,wltp_class3b,PPO_seed21
1194,21.366,-11029.701861527663,0.0,0.0,0.47928454962815176,25.025567184868336,-0.02073252229610463,0.0,0.10366261148052315,0.0,0.0,0.0,wltp_class3b,PPO_seed21
1195,21.445,-11686.755329039155,0.0,0.0,0.4792108960474464,25.02572338324949,-0.02196758520496082,0.0,0.10983792602480409,0.0,0.0,0.0,wltp_class3b,PPO_seed21
1196,21.5414,-12374.649432560584,0.0,0.0,0.47913290628578586,25.02589575405402,-0.023260619234136436,0.0,0.11630309617068217,0.0,0.0,0.0,wltp_class3b,PPO_seed21
1197,21.6544,-13060.662550943187,0.0,0.0,0.479050591924251,25.026085288668238,-0.024550117576960878,0.0,0.12275058788480439,0.0,0.0,0.0,wltp_class3b,PPO_seed21
1198,21.7821,-13706.564280268745,0.0,0.0,0.47896420547182883,25.026291974093258,-0.025764218571933735,0.0,0.12882109285966867,0.0,0.0,0.0,wltp_class3b,PPO_seed21
1199,21.9217,-14278.572975258772,0.0,0.0,0.47887421235616673,25.026514724111244,-0.026839422885824762,0.0,0.1341971144291238,0.0,0.0,0.0,wltp_class3b,PPO_seed21
1200,22.0698,-14751.102552920156,0.0,0.0,0.4787812393011595,25.02675147829748,-0.02772763637766947,0.0,0.13863818188834734,0.0,0.0,0.0,wltp_class3b,PPO_seed21
1201,22.2222,-15089.501085158756,0.0,0.0,0.4786861314973071,25.026998892225688,-0.02836372384428338,0.0,0.1418186192214169,0.0,0.0,0.0,wltp_class3b,PPO_seed21
1202,22.3396,-14021.43333837039,0.0,0.0,0.47859775380924247,25.02721792492794,-0.02635607770370374,0.0,0.1317803885185187,0.0,0.0,0.0,wltp_class3b,PPO_seed21
1203,22.4527,-14008.887026116661,0.0,0.0,0.47850945375506776,25.02743747824912,-0.026332494409993724,0.0,0.13166247204996862,0.0,0.0,0.0,wltp_class3b,PPO_seed21
1204,22.5574,-13841.751503229232,0.0,0.0,0.4784222057888435,25.027653444034918,-0.02601832989328803,0.0,0.13009164946644014,0.0,0.0,0.0,wltp_class3b,PPO_seed21
1205,22.6501,-13531.452038606401,0.0,0.0,0.478336912437293,25.02786211643398,-0.025435060222944363,0.0,0.1271753011147218,0.0,0.0,0.0,wltp_class3b,PPO_seed21
1206,22.7281,-13105.472387272153,0.0,0.0,0.47825430305905,25.02806069035761,-0.024634346592616832,0.0,0.12317173296308415,0.0,0.0,0.0,wltp_class3b,PPO_seed21
1207,22.7895,-12589.721964488697,0.0,0.0,0.4781749437394831,25.028247231947756,-0.023664890910693043,0.0,0.1183244545534652,0.0,0.0,0.0,wltp_class3b,PPO_seed21
1208,22.8334,-12019.194891447018,0.0,0.0,0.4780991799985546,25.02842084766006,-0.02259247160046432,0.0,0.1129623580023216,0.0,0.0,0.0,wltp_class3b,PPO_seed21
1209,22.8602,-11441.62424665498,0.0,0.0,0.47802705646289995,25.028581845820653,-0.02150681249371237,0.0,0.10753406246856184,0.0,0.0,0.0,wltp_class3b,PPO_seed21
1210,22.8713,-10895.414801393583,0.0,0.0,0.47795837564365445,25.02873135318776,-0.020480103010138317,0.0,0.10240051505069157,0.0,0.0,0.0,wltp_class3b,PPO_seed21
1211,22.8688,-10408.889372058471,0.0,0.0,0.47789276147779725,25.028870970559066,-0.0195655815264257,0.0,0.0978279076321285,0.0,0.0,0.0,wltp_class3b,PPO_seed21
1212,22.8561,-10032.68152369718,0.0,0.0,0.47782951868589507,25.029003115522023,-0.018858423916724022,0.0,0.0942921195836201,0.0,0.0,0.0,wltp_class3b,PPO_seed21
1213,22.837,-9785.263986519993,0.0,0.0,0.47776783549971336,25.02913034467875,-0.018393353358120288,0.0,0.09196676679060144,0.0,0.0,0.0,wltp_class3b,PPO_seed21
1214,22.8157,-9685.056807860541,0.0,0.0,0.4777067840000528,25.029255407621086,-0.01820499399973786,0.0,0.0910249699986893,0.0,0.0,0.0,wltp_class3b,PPO_seed21
1215,22.7966,-9743.326765025084,0.0,0.0,0.47764536521181117,25.02938121738944,-0.01831452399440805,0.0,0.09157261997204026,0.0,0.0,0.0,wltp_class3b,PPO_seed21
1216,22.7839,-9956.996947138481,0.0,0.0,0.47758259952217685,25.02951072156415,-0.018716159675072334,0.0,0.09358079837536167,0.0,0.0,0.0,wltp_class3b,PPO_seed21
1217,22.7815,-10319.49854999266,0.0,0.0,0.4775175486903505,25.02964696560385,-0.01939755366539974,0.0,0.0969877683269987,0.0,0.0,0.0,wltp_class3b,PPO_seed21
1218,22.7925,-10806.27357517746,0.0,0.0,0.477449429239972,25.029792832101467,-0.020312544314243345,0.0,0.10156272157121672,0.0,0.0,0.0,wltp_class3b,PPO_seed21
1219,22.8194,-11399.833054729348,0.0,0.0,0.4773775678945425,25.029951196518,-0.021428257621671706,0.0,0.10714128810835853,0.0,0.0,0.0,wltp_class3b,PPO_seed21
1220,22.8633,-12053.23851004354,0.0,0.0,0.47730158721449834,25.030124241352834,-0.0226564633647435,0.0,0.11328231682371749,0.0,0.0,0.0,wltp_class3b,PPO_seed21
1221,22.9247,-12747.434163106236,0.0,0.0,0.4772212298401759,25.030313921121337,-0.02396134241185383,0.0,0.11980671205926914,0.0,0.0,0.0,wltp_class3b,PPO_seed21
1222,23.0027,-13433.072395950247,0.0,0.0,0.4771365494512344,25.030521097322744,-0.025250136082613246,0.0,0.12625068041306622,0.0,0.0,0.0,wltp_class3b,PPO_seed21
1223,23.0954,-14073.15221503801,0.0,0.0,0.47704783296056263,25.0307456030847,-0.026453293637289495,0.0,0.13226646818644747,0.0,0.0,0.0,wltp_class3b,PPO_seed21
1224,23.2001,-14635.912978938408,0.0,0.0,0.47695556750659074,25.030986208335847,-0.027511114622064677,0.0,0.13755557311032338,0.0,0.0,0.0,wltp_class3b,PPO_seed21
1225,23.3131,-15079.997186745713,0.0,0.0,0.4768605009831384,25.03124022814501,-0.028345859373582166,0.0,0.14172929686791083,0.0,0.0,0.0,wltp_class3b,PPO_seed21
1226,23.4306,-15395.422752549968,0.0,0.0,0.47676344428115974,25.03150435392028,-0.028938764572462347,0.0,0.14469382286231172,0.0,0.0,0.0,wltp_class3b,PPO_seed21
1227,23.548,-15544.999887783524,0.0,0.0,0.4766654428325812,25.03177391227905,-0.029219924601096847,0.0,0.14609962300548424,0.0,0.0,0.0,wltp_class3b,PPO_seed21
1228,23.661,-15531.61047017604,0.0,0.0,0.47656752401392094,25.032044128877367,-0.029194756522887295,0.0,0.14597378261443647,0.0,0.0,0.0,wltp_class3b,PPO_seed21
1229,23.7657,-15362.645466475347,0.0,0.0,0.47647066871592497,25.032310413023644,-0.028877153132472456,0.0,0.14438576566236228,0.0,0.0,0.0,wltp_class3b,PPO_seed21
1230,23.8584,-15038.930271846817,0.0,0.0,0.4763758527261053,25.032568304623958,-0.028268665924524095,0.0,0.14134332962262047,0.0,0.0,0.0,wltp_class3b,PPO_seed21
1231,23.9364,-14593.039052474096,0.0,0.0,0.47628384654793854,25.03281448843481,-0.027430524534725744,0.0,0.1371526226736287,0.0,0.0,0.0,wltp_class3b,PPO_seed21
1232,23.9978,-14052.181447210845,0.0,0.0,0.4761952491873561,25.033046652189366,-0.026413874900772266,0.0,0.13206937450386133,0.0,0.0,0.0,wltp_class3b,PPO_seed21
1233,24.0417,-13453.128555718944,0.0,0.0,0.47611042783800744,25.0332636901524,-0.02528783563105065,0.0,0.12643917815525324,0.0,0.0,0.0,wltp_class3b,PPO_seed21
1234,24.0686,-12849.952254066302,0.0,0.0,0.4760294087687465,25.03346599928413,-0.024154045590350195,0.0,0.12077022795175096,0.0,0.0,0.0,wltp_class3b,PPO_seed21
1235,24.0796,-12267.729148498292,0.0,0.0,0.475952060109348,25.033654577767813,-0.02305964125657574,0.0,0.11529820628287869,0.0,0.0,0.0,wltp_class3b,PPO_seed21
1236,24.0772,-11762.99999515573,0.0,0.0,0.4758778934578875,25.033831625840488,-0.022110902246533327,0.0,0.11055451123266663,0.0,0.0,0.0,wltp_class3b,PPO_seed21
1237,24.0645,-11362.607379354282,0.0,0.0,0.4758062511167842,25.033999726994214,-0.021358284547658424,0.0,0.10679142273829212,0.0,0.0,0.0,wltp_class3b,PPO_seed21
1238,24.0454,-11101.256636400227,0.0,0.0,0.47573625651971196,25.034161991943737,-0.020867023752632007,0.0,0.10433511876316003,0.0,0.0,0.0,wltp_class3b,PPO_seed21
1239,24.0241,-10994.793776261718,0.0,0.0,0.47566693314277697,25.03432169820331,-0.020666905594476915,0.0,0.10333452797238457,0.0,0.0,0.0,wltp_class3b,PPO_seed21
1240,24.005,-11055.29951257596,0.0,0.0,0.4755972282491691,25.034482328724742,-0.020780638181533764,0.0,0.10390319090766881,0.0,0.0,0.0,wltp_class3b,PPO_seed21
1241,23.9923,-11279.737738362788,0.0,0.0,0.47552610820243313,25.034647406108718,-0.021202514545794717,0.0,0.10601257272897358,0.0,0.0,0.0,wltp_class3b,PPO_seed21
1242,23.9899,-11661.362136162788,0.0,0.0,0.4754525818577964,25.034820557361858,-0.02191985363940374,0.0,0.10959926819701869,0.0,0.0,0.0,wltp_class3b,PPO_seed21
1243,24.0009,-12174.418723240287,0.0,0.0,0.4753758204019729,25.035005195683535,-0.02288424572037648,0.0,0.1144212286018824,0.0,0.0,0.0,wltp_class3b,PPO_seed21
1244,24.0277,-12796.682766407208,0.0,0.0,0.4752951350978516,25.035204610085113,-0.02405391497444964,0.0,0.1202695748722482,0.0,0.0,0.0,wltp_class3b,PPO_seed21
1245,24.0717,-13494.019489526865,0.0,0.0,0.47521005237632086,25.03542162635298,-0.02536469828858433,0.0,0.12682349144292165,0.0,0.0,0.0,wltp_class3b,PPO_seed21
1246,24.133,-14219.61436999045,0.0,0.0,0.47512039379073057,25.035658118213597,-0.026728598439831677,0.0,0.13364299219915837,0.0,0.0,0.0,wltp_class3b,PPO_seed21
1247,24.211,-14948.01683025446,0.0,0.0,0.4750261413292822,25.03591535683333,-0.02809777599671891,0.0,0.14048887998359455,0.0,0.0,0.0,wltp_class3b,PPO_seed21
1248,24.3037,-15625.04100384408,0.0,0.0,0.4749276186183483,25.036193011458085,-0.029370377826774586,0.0,0.14685188913387293,0.0,0.0,0.0,wltp_class3b,PPO_seed21
1249,24.4084,-16220.920929881451,0.0,0.0,0.4748253369839686,25.036489618182273,-0.030490452875717014,0.0,0.15245226437858506,0.0,0.0,0.0,wltp_class3b,PPO_seed21
1250,24.5215,-16696.012578180682,0.0,0.0,0.474720057771138,25.036802153808086,-0.031383482289813316,0.0,0.15691741144906657,0.0,0.0,0.0,wltp_class3b,PPO_seed21
1251,24.6389,-17024.078139641493,0.0,0.0,0.4746127078502392,25.037126382804654,-0.03200014687902537,0.0,0.16000073439512683,0.0,0.0,0.0,wltp_class3b,PPO_seed21
1252,24.7563,-17189.316032946874,0.0,0.0,0.47450431383944447,25.037457234572777,-0.03231074442283247,0.0,0.16155372211416236,0.0,0.0,0.0,wltp_class3b,PPO_seed21
1253,24.8694,-17183.28755992148,0.0,0.0,0.4743959556937958,25.037789160568114,-0.03229941270661932,0.0,0.1614970635330966,0.0,0.0,0.0,wltp_class3b,PPO_seed21
1254,24.974,-17001.642876260972,0.0,0.0,0.47428874092768064,25.03811642550145,-0.03195797533131762,0.0,0.1597898766565881,0.0,0.0,0.0,wltp_class3b,PPO_seed21
1255,25.0668,-16672.912035747926,0.0,0.0,0.47418359726296727,25.038434325382635,-0.03134006021757129,0.0,0.15670030108785646,0.0,0.0,0.0,wltp_class3b,PPO_seed21
1256,25.1447,-16199.55880646103,0.0,0.0,0.4740814369772647,25.038738462715877,-0.030450298508385393,0.0,0.15225149254192696,0.0,0.0,0.0,wltp_class3b,PPO_seed21
1257,25.2061,-15637.820579990064,0.0,0.0,0.47398281776629386,25.03902645498033,-0.02939439958644749,0.0,0.14697199793223745,0.0,0.0,0.0,wltp_class3b,PPO_seed21
1258,25.2501,-15014.52916499831,0.0,0.0,0.47388812813660325,25.03929694255702,-0.028222799182327653,0.0,0.14111399591163826,0.0,0.0,0.0,wltp_class3b,PPO_seed21
1259,25.2769,-14374.224022066946,0.0,0.0,0.47379747570335085,25.039549983992675,-0.02701921808659201,0.0,0.13509609043296003,0.0,0.0,0.0,wltp_class3b,PPO_seed21
1260,25.2879,-13767.200779234146,0.0,0.0,0.47371065085791925,25.039787013390985,-0.025878196953447646,0.0,0.12939098476723823,0.0,0.0,0.0,wltp_class3b,PPO_seed21
1261,25.2855,-13237.033635353464,0.0,0.0,0.47362716913520836,25.0400104607109,-0.02488164217171704,0.0,0.1244082108585852,0.0,0.0,0.0,wltp_class3b,PPO_seed21
1262,25.2728,-12815.950136764188,0.0,0.0,0.47354634276358876,25.040223338180898,-0.02409013183602291,0.0,0.12045065918011455,0.0,0.0,0.0,wltp_class3b,PPO_seed21
1263,25.2537,-12540.569297546626,0.0,0.0,0.4734672529690352,25.04042930787469,-0.023572498679598923,0.0,0.11786249339799461,0.0,0.0,0.0,wltp_class3b,PPO_seed21
1264,25.2324,-12427.741937126615,0.0,0.0,0.47338887464758184,25.040632251233674,-0.023360417175050028,0.0,0.11680208587525014,0.0,0.0,0.0,wltp_class3b,PPO_seed21
1265,25.2133,-12490.385224055666,0.0,0.0,0.4733101011777753,25.040836305280962,-0.02347816771439035,0.0,0.11739083857195175,0.0,0.0,0.0,wltp_class3b,PPO_seed21
1266,25.2006,-12725.525411178285,0.0,0.0,0.47322984464015844,25.04104565313213,-0.023920160547327606,0.0,0.11960080273663802,0.0,0.0,0.0,wltp_class3b,PPO_seed21
1267,25.1982,-13126.258701831499,0.0,0.0,0.4731470606011306,25.04126458896905,-0.024673418612465223,0.0,0.12336709306232611,0.0,0.0,0.0,wltp_class3b,PPO_seed21
1268,25.2092,-13665.651140747279,0.0,0.0,0.47306087443205735,25.04149713301671,-0.025687314174336992,0.0,0.12843657087168495,0.0,0.0,0.0,wltp_class3b,PPO_seed21
1269,25.236,-14320.415287969732,0.0,0.0,0.47297055830929347,25.041747135825656,-0.026918073849567167,0.0,0.13459036924783582,0.0,0.0,0.0,wltp_class3b,PPO_seed21
1270,25.28,-15054.688936846242,0.0,0.0,0.47287561051828997,25.042017881737888,-0.028298287475274894,0.0,0.14149143737637446,0.0,0.0,0.0,wltp_class3b,PPO_seed21
1271,25.3414,-15823.31394605416,0.0,0.0,0.4727758140892367,25.042311647331275,-0.029743071327169475,0.0,0.14871535663584737,0.0,0.0,0.0,wltp_class3b,PPO_seed21
1272,25.4194,-16587.37623808069,0.0,0.0,0.4726711974361082,25.042629637474878,-0.031179278643008818,0.0,0.1558963932150441,0.0,0.0,0.0,wltp_class3b,PPO_seed21
1273,25.5121,-17301.823707807172,0.0,0.0,0.4725620730956851,25.042971548456784,-0.03252222501467514,0.0,0.1626111250733757,0.0,0.0,0.0,wltp_class3b,PPO_seed21
1274,25.6167,-17927.23130259069,0.0,0.0,0.47244900227613273,25.043335511046656,-0.033697803200358444,0.0,0.16848901600179222,0.0,0.0,0.0,wltp_class3b,PPO_seed21
1275,25.7298,-18434.14087211615,0.0,0.0,0.4723327320351673,25.043718275053635,-0.03465064073706044,0.0,0.17325320368530217,0.0,0.0,0.0,wltp_class3b,PPO_seed21
1276,25.8472,-18782.848674843506,0.0,0.0,0.47221425994149707,25.044114788941066,-0.035306106531660726,0.0,0.17653053265830362,0.0,0.0,0.0,wltp_class3b,PPO_seed21
1277,25.9646,-18960.705175248084,0.0,0.0,0.4720946634754463,25.044519177676165,-0.03564042326174452,0.0,0.1782021163087226,0.0,0.0,0.0,wltp_class3b,PPO_seed21
1278,26.0777,-18958.806316984985,0.0,0.0,0.47197507642198927,25.044925014453145,-0.035636853979295086,0.0,0.17818426989647543,0.0,0.0,0.0,wltp_class3b,PPO_seed21
1279,26.1824,-18776.75246829543,0.0,0.0,0.47185663523449056,25.045325799159386,-0.03529464749679592,0.0,0.1764732374839796,0.0,0.0,0.0,wltp_class3b,PPO_seed21
1280,26.2751,-18427.632276854572,0.0,0.0,0.4717403939441196,25.045715615736565,-0.034638406535440924,0.0,0.17319203267720462,0.0,0.0,0.0,wltp_class3b,PPO_seed21
1281,26.3531,-17943.11746803525,0.0,0.0,0.4716272069108863,25.046089903599608,-0.03372766441360009,0.0,0.16863832206800045,0.0,0.0,0.0,wltp_class3b,PPO_seed21
1282,26.4145,-17352.988975611748,0.0,0.0,0.47151774070800395,25.046445412944795,-0.03261840033009727,0.0,0.16309200165048635,0.0,0.0,0.0,wltp_class3b,PPO_seed21
1283,26.4584,-16697.558143318485,0.0,0.0,0.4714124076539833,25.046780494155172,-0.03138638748744076,0.0,0.15693193743720382,0.0,0.0,0.0,wltp_class3b,PPO_seed21
1284,26.4852,-16031.985008512103,0.0,0.0,0.47131127210088314,25.047095402338915,-0.030135310166376134,0.0,0.15067655083188067,0.0,0.0,0.0,wltp_class3b,PPO_seed21
1285,26.4963,-15400.736116100066,0.0,0.0,0.47121411785338485,25.047391734052443,-0.02894875209793246,0.0,0.14474376048966228,0.0,0.0,0.0,wltp_class3b,PPO_seed21
1286,26.4938,-14836.735375194883,0.0,0.0,0.47112052096338236,25.04767190923509,-0.02788860032931369,0.0,0.13944300164656845,0.0,0.0,0.0,wltp_class3b,PPO_seed21
1287,26.4811,-14399.017063054836,0.0,0.0,0.4710296850057926,25.0479397756389,-0.02706582154709556,0.0,0.1353291077354778,0.0,0.0,0.0,wltp_class3b,PPO_seed21
1288,26.462,-14109.508088115588,0.0,0.0,0.47094067515809696,25.048199504666346,-0.026521631744578174,0.0,0.13260815872289086,0.0,0.0,0.0,wltp_class3b,PPO_seed21
1289,26.4407,-13990.206895452411,0.0,0.0,0.470852417754531,25.04845566493614,-0.026297381382429347,0.0,0.13148690691214673,0.0,0.0,0.0,wltp_class3b,PPO_seed21
1290,26.4216,-14054.889693537683,0.0,0.0,0.4707637521584268,25.048713139893366,-0.02641896558935655,0.0,0.13209482794678273,0.0,0.0,0.0,wltp_class3b,PPO_seed21
1291,26.4089,-14300.666653455632,0.0,0.0,0.4706735358997641,25.048976867048527,-0.02688095235611961,0.0,0.13440476178059804,0.0,0.0,0.0,wltp_class3b,PPO_seed21
1292,26.4065,-14720.496517868114,0.0,0.0,0.47058067086273403,25.049251901777442,-0.027670106236594202,0.0,0.138350531182971,0.0,0.0,0.0,wltp_class3b,PPO_seed21
1293,26.4175,-15286.281271137494,0.0,0.0,0.4704842361171276,25.0495429551519,-0.02873361141191258,0.0,0.1436680570595629,0.0,0.0,0.0,wltp_class3b,PPO_seed21
1294,26.4444,-15977.939016696451,0.0,0.0,0.4703834373463974,25.04985464388046,-0.030033719956196338,0.0,0.15016859978098168,0.0,0.0,0.0,wltp_class3b,PPO_seed21
1295,26.4883,-16740.9991081069,0.0,0.0,0.47027782379002125,25.050190381758256,-0.031468043436291164,0.0,0.1573402171814558,0.0,0.0,0.0,wltp_class3b,PPO_seed21
1296,26.5497,-17553.20859908192,0.0,0.0,0.47016708500969606,25.050553168773206,-0.03299475300579309,0.0,0.16497376502896544,0.0,0.0,0.0,wltp_class3b,PPO_seed21
1297,26.6277,-18357.081870567636,0.0,0.0,0.4700512731735281,25.05094423426835,-0.034505792989788786,0.0,0.17252896494894393,0.0,0.0,0.0,wltp_class3b,PPO_seed21
1298,26.7204,-19109.425384206963,0.0,0.0,0.4699307129299753,25.051363190350386,-0.03591997252670482,0.0,0.1795998626335241,0.0,0.0,0.0,wltp_class3b,PPO_seed21
1299,26.8251,-19773.15874814575,0.0,0.0,0.46980596288168675,25.051808010558634,-0.03716759163185292,0.0,0.18583795815926457,0.0,0.0,0.0,wltp_class3b,PPO_seed21
1300,26.9381,-20300.148724685972,0.0,0.0,0.4696778853642849,25.05227443809665,-0.03815817429452251,0.0,0.19079087147261253,0.0,0.0,0.0,wltp_class3b,PPO_seed21
1301,27.0556,-20678.662596869144,0.0,0.0,0.4695474168432328,25.052757292338185,-0.03886966653546832,0.0,0.19434833267734158,0.0,0.0,0.0,wltp_class3b,PPO_seed21
1302,27.0207,-14216.400118570124,0.0,0.0,0.4694577188145841,25.05302741731248,-0.026722556613853615,0.0,0.13361278306926808,0.0,0.0,0.0,wltp_class3b,PPO_seed21
1303,26.9816,-13986.165797084928,0.0,0.0,0.4693694734572124,25.05329072072142,-0.026289785332866408,0.0,0.13144892666433203,0.0,0.0,0.0,wltp_class3b,PPO_seed21
1304,26.934,-13564.861389317193,0.0,0.0,0.4692838863766934,25.053542276323846,-0.02549785975435563,0.0,0.12748929877177814,0.0,0.0,0.0,wltp_class3b,PPO_seed21
1305,26.8745,-12987.001582380863,0.0,0.0,0.4692019454548232,25.053778402851222,-0.024411657109738465,0.0,0.12205828554869232,0.0,0.0,0.0,wltp_class3b,PPO_seed21
1306,26.8003,-12275.767892193073,0.0,0.0,0.4691244923303702,25.053996426287092,-0.02307475167705465,0.0,0.11537375838527324,0.0,0.0,0.0,wltp_class3b,PPO_seed21
1307,26.7095,-11468.437004729,0.0,0.0,0.4690521334446933,25.054194987747664,-0.021557212414904135,0.0,0.10778606207452067,0.0,0.0,0.0,wltp_class3b,PPO_seed21
1308,26.6012,-10607.798300109996,0.0,0.0,0.4689852052396763,25.05437401117745,-0.019939470488928565,0.0,0.09969735244464283,0.0,0.0,0.0,wltp_class3b,PPO_seed21
1309,26.4758,-9750.27902979755,0.0,0.0,0.4689236881003955,25.05453472203651,-0.018327592161273592,0.0,0.09163796080636795,0.0,0.0,0.0,wltp_class3b,PPO_seed21
1310,26.3346,-8935.967007614907,0.0,0.0,0.4688673094442681,25.054679027918098,-0.016796930465441555,0.0,0.08398465232720777,0.0,0.0,0.0,wltp_class3b,PPO_seed21
1311,26.1799,-8209.070913808324,0.0,0.0,0.4688155177334863,25.054809355584343,-0.015430584424451738,0.0,0.07715292212225869,0.0,0.0,0.0,wltp_class3b,PPO_seed21
1312,26.015,-7613.3912491574965,0.0,0.0,0.4687674850713949,25.0549284469529,-0.014310885806687025,0.0,0.07155442903343512,0.0,0.0,0.0,wltp_class3b,PPO_seed21
1313,25.8437,-7171.447045757088,0.0,0.0,0.46872224149176617,25.05503896167305,-0.01348016361984415,0.0,0.06740081809922074,0.0,0.0,0.0,wltp_class3b,PPO_seed21
1314,25.6702,-6901.0155375661125,0.0,0.0,0.4686787048959525,25.055143464758743,-0.012971833717229535,0.0,0.06485916858614767,0.0,0.0,0.0,wltp_class3b,PPO_seed21
1315,25.4989,-6811.262802906073,0.0,0.0,0.468635735394417,25.05524443566382,-0.012803125569372319,0.0,0.06401562784686159,0.0,0.0,0.0,wltp_class3b,PPO_seed21
1316,25.3339,-6890.952386134696,0.0,0.0,0.4685922640236792,25.055344171448045,-0.01295291801905018,0.0,0.0647645900952509,0.0,0.0,0.0,wltp_class3b,PPO_seed21
1317,25.1793,-7141.026328787602,0.0,0.0,0.46854721591436377,25.055445107233826,-0.013422981821029328,0.0,0.06711490910514664,0.0,0.0,0.0,wltp_class3b,PPO_seed21
1318,25.0381,-7518.856678456768,0.0,0.0,0.4684997851335108,25.055549353556913,-0.014133189245219491,0.0,0.07066594622609745,0.0,0.0,0.0,wltp_class3b,PPO_seed21
1319,24.9127,-8002.060118997466,0.0,0.0,0.46844930695563736,25.055658981748923,-0.015041466389092982,0.0,0.0752073319454649,0.0,0.0,0.0,wltp_class3b,PPO_seed21
1320,24.8044,-8548.81258719093,0.0,0.0,0.46839538047989476,25.055775689539303,-0.016069196592464155,0.0,0.08034598296232077,0.0,0.0,0.0,wltp_class3b,PPO_seed21
1321,24.7136,-9125.166966472038,0.0,0.0,0.46833781892704673,25.055900786788502,-0.017152569485849697,0.0,0.08576284742924847,0.0,0.0,0.0,wltp_class3b,PPO_seed21
1322,24.6394,-9681.143058464635,0.0,0.0,0.46827675076800734,25.056034752669422,-0.018197637327941045,0.0,0.09098818663970522,0.0,0.0,0.0,wltp_class3b,PPO_seed21
1323,24.5798,-10173.710086623965,0.0,0.0,0.46821257588854137,25.05617714869427,-0.01912351520042099,0.0,0.09561757600210494,0.0,0.0,0.0,wltp_class3b,PPO_seed21
1324,24.5323,-10582.26785033772,0.0,0.0,0.46814582410930444,25.056326914114646,-0.019891480921687445,0.0,0.09945740460843722,0.0,0.0,0.0,wltp_class3b,PPO_seed21
1325,24.4931,-10854.010161340377,0.0,0.0,0.4680773583487973,25.05648166720501,-0.02040227473936161,0.0,0.10201137369680806,0.0,0.0,0.0,wltp_class3b,PPO_seed21
1326,24.4583,-10981.578257695235,0.0,0.0,0.4680080879664461,25.05663861500571,-0.020642064394163977,0.0,0.10321032197081988,0.0,0.0,0.0,wltp_class3b,PPO_seed21
1327,24.4235,-10941.608828270977,0.0,0.0,0.46793906972643395,25.056794328039945,-0.0205669338877274,0.0,0.102834669438637,0.0,0.0,0.0,wltp_class3b,PPO_seed21
1328,24.3844,-10733.720153810813,0.0,0.0,0.4678713628411717,25.056945357898424,-0.020176165702651905,0.0,0.10088082851325952,0.0,0.0,0.0,wltp_class3b,PPO_seed21
1329,24.3368,-10357.909032730066,0.0,0.0,0.4678060265806493,25.057088408170134,-0.019469753820921178,0.0,0.09734876910460588,0.0,0.0,0.0,wltp_class3b,PPO_seed21
1330,24.2773,-9842.037853727923,0.0,0.0,0.4677439444913396,25.057221018447176,-0.018500071153623916,0.0,0.09250035576811957,0.0,0.0,0.0,wltp_class3b,PPO_seed21
1331,24.2031,-9207.49672376884,0.0,0.0,0.46768586520426453,25.057341480198936,-0.01730732466873842,0.0,0.08653662334369211,0.0,0.0,0.0,wltp_class3b,PPO_seed21
1332,24.1122,-8484.483117418153,0.0,0.0,0.4676323468630596,25.05744897477432,-0.015948276536500286,0.0,0.07974138268250143,0.0,0.0,0.0,wltp_class3b,PPO_seed21
1333,24.004,-7727.209307950389,0.0,0.0,0.4675836056299685,25.057543826847784,-0.014524829526222536,0.0,0.07262414763111268,0.0,0.0,0.0,wltp_class3b,PPO_seed21
1334,23.8786,-6963.942314337855,0.0,0.0,0.46753967933329194,25.057626884095995,-0.013090117132214014,0.0,0.06545058566107007,0.0,0.0,0.0,wltp_class3b,PPO_seed21
1335,23.7374,-6245.833941102452,0.0,0.0,0.46750028312031866,25.05769963541664,-0.011740289362974533,0.0,0.05870144681487267,0.0,0.0,0.0,wltp_class3b,PPO_seed21
1336,23.5827,-5608.73518909472,0.0,0.0,0.4674649059801961,25.05776378989144,-0.010542735317847218,0.0,0.05271367658923609,0.0,0.0,0.0,wltp_class3b,PPO_seed21
1337,23.4178,-5091.6045397335965,0.0,0.0,0.4674327911620104,25.057821170331014,-0.009570685225063151,0.0,0.047853426125315755,0.0,0.0,0.0,wltp_class3b,PPO_seed21
1338,23.2465,-4714.043300734754,0.0,0.0,0.46740305828987166,25.057873461243723,-0.008860983647997657,0.0,0.044304918239988285,0.0,0.0,0.0,wltp_class3b,PPO_seed21
1339,23.073,-4491.248052621189,0.0,0.0,0.46737473116257544,25.057922217925242,-0.008442195587633814,0.0,0.042210977938169074,0.0,0.0,0.0,wltp_class3b,PPO_seed21
1340,22.9016,-4426.950913635881,0.0,0.0,0.4673468100743344,25.057968871945477,-0.008321336303826844,0.0,0.04160668151913422,0.0,0.0,0.0,wltp_class3b,PPO_seed21
1341,22.7367,-4524.704699985913,0.0,0.0,0.46731827295018047,25.058014865374897,-0.008505084022529912,0.0,0.04252542011264956,0.0,0.0,0.0,wltp_class3b,PPO_seed21
1342,22.5821,-4763.0456634289085,0.0,0.0,0.46728823312059664,25.058061570534917,-0.008953093352309979,0.0,0.04476546676154989,0.0,0.0,0.0,wltp_class3b,PPO_seed21
1343,22.4409,-5117.437473283027,0.0,0.0,0.46725595868579756,25.058110337430413,-0.00961924337083276,0.0,0.04809621685416379,0.0,0.0,0.0,wltp_class3b,PPO_seed21
1344,22.3155,-5563.91840854818,0.0,0.0,0.46722086887584524,25.058162514105536,-0.010458493249150715,0.0,0.05229246624575357,0.0,0.0,0.0,wltp_class3b,PPO_seed21
1345,22.2072,-6064.883762293643,0.0,0.0,0.46718262007665967,25.058219258636893,-0.011400157447920382,0.0,0.057000787239601905,0.0,0.0,0.0,wltp_class3b,PPO_seed21
1346,22.1164,-6589.987707253756,0.0,0.0,0.4671410600382822,25.058281505178186,-0.01238719493844691,0.0,0.061935974692234545,0.0,0.0,0.0,wltp_class3b,PPO_seed21
1347,22.0421,-7091.219610506211,0.0,0.0,0.4670963392713995,25.05834960599515,-0.013329360170124458,0.0,0.06664680085062229,0.0,0.0,0.0,wltp_class3b,PPO_seed21
1348,21.9826,-7544.42492330411,0.0,0.0,0.46704876059968514,25.058423483911238,-0.014181249855834794,0.0,0.07090624927917397,0.0,0.0,0.0,wltp_class3b,PPO_seed21
1349,21.9351,-7910.765492255049,0.0,0.0,0.4669988717670561,25.058502334344194,-0.014869859947847836,0.0,0.07434929973923918,0.0,0.0,0.0,wltp_class3b,PPO_seed21
1350,21.8959,-8157.284305374728,0.0,0.0,0.46694742835957775,25.058584634682244,-0.015333241175516408,0.0,0.07666620587758204,0.0,0.0,0.0,wltp_class3b,PPO_seed21
1351,21.8611,-8274.440823516725,0.0,0.0,0.46689524614376443,25.058668513886467,-0.01555346019458031,0.0,0.07776730097290155,0.0,0.0,0.0,wltp_class3b,PPO_seed21
1352,21.8263,-8241.825148856624,0.0,0.0,0.4668432696211928,25.058751664194357,-0.015492152535444781,0.0,0.0774607626772239,0.0,0.0,0.0,wltp_class3b,PPO_seed21
1353,21.7872,-8059.558072869013,0.0,0.0,0.4667924425591376,25.058831774544945,-0.015149545249753786,0.0,0.07574772624876892,0.0,0.0,0.0,wltp_class3b,PPO_seed21
1354,21.7396,-7728.111389802864,0.0,0.0,0.46674370577464014,25.05890666493168,-0.014526525168802377,0.0,0.07263262584401188,0.0,0.0,0.0,wltp_class3b,PPO_seed21
1355,21.6801,-7272.817777894419,0.0,0.0,0.46669784034417466,25.058974757127466,-0.013670710108824098,0.0,0.06835355054412048,0.0,0.0,0.0,wltp_class3b,PPO_seed21
1356,21.6058,-6709.762852445349,0.0,0.0,0.4666555259059327,25.059034976626247,-0.012612336188807048,0.0,0.06306168094403523,0.0,0.0,0.0,wltp_class3b,PPO_seed21
1357,21.515,-6079.985600298685,0.0,0.0,0.4666171832821039,25.05908704987353,-0.011428544361463695,0.0,0.05714272180731847,0.0,0.0,0.0,wltp_class3b,PPO_seed21
1358,21.4067,-5408.335695986328,0.0,0.0,0.46658307656351977,25.059131190269788,-0.010166044541327683,0.0,0.050830222706638416,0.0,0.0,0.0,wltp_class3b,PPO_seed21
1359,21.2813,-4743.81859153725,0.0,0.0,0.46655316077179304,25.0591682100358,-0.008916952239731673,0.0,0.04458476119865836,0.0,0.0,0.0,wltp_class3b,PPO_seed21
1360,21.1401,-4118.568776454675,0.0,0.0,0.4665271882553177,25.059199154668008,-0.007741670632433599,0.0,0.038708353162167995,0.0,0.0,0.0,wltp_class3b,PPO_seed21
1361,20.9855,-3570.934875205881,0.0,0.0,0.4665046695120126,25.059225204756572,-0.006712283600011054,0.0,0.03356141800005527,0.0,0.0,0.0,wltp_class3b,PPO_seed21
1362,20.8206,-3125.1781756938612,0.0,0.0,0.4664849620413141,25.059247465091186,-0.005874395067093724,0.0,0.02937197533546862,0.0,0.0,0.0,wltp_class3b,PPO_seed21
1363,20.6493,-2807.9374687943277,0.0,0.0,0.46646725536815054,25.059266949030263,-0.005278077948861519,0.0,0.02639038974430759,0.0,0.0,0.0,wltp_class3b,PPO_seed21
1364,20.4757,-2625.4167947547026,0.0,0.0,0.4664506999183792,25.05928449704127,-0.004934993975102824,0.0,0.02467496987551412,0.0,0.0,0.0,wltp_class3b,PPO_seed21
1365,20.3044,-2592.985378702396,0.0,0.0,0.46643434923369936,25.059300911689533,-0.004874032666733827,0.0,0.024370163333669134,0.0,0.0,0.0,wltp_class3b,PPO_seed21
1366,20.1395,-2693.724033887784,0.0,0.0,0.46641736357788816,25.05931690730896,-0.005063391041142452,0.0,0.02531695520571226,0.0,0.0,0.0,wltp_class3b,PPO_seed21
1367,19.9849,-2920.6064603551963,0.0,0.0,0.46639894754887684,25.059333255915572,-0.005489861767584956,0.0,0.027449308837924777,0.0,0.0,0.0,wltp_class3b,PPO_seed21
1368,19.8437,-3248.2111288703954,0.0,0.0,0.46637846606132694,25.059350751667555,-0.006105660016673676,0.0,0.03052830008336838,0.0,0.0,0.0,wltp_class3b,PPO_seed21
1369,19.7183,-3654.995659206272,0.0,0.0,0.46635541987283763,25.059370237073185,-0.006870292592492992,0.0,0.03435146296246496,0.0,0.0,0.0,wltp_class3b,PPO_seed21
1370,19.61,-4107.605530620964,0.0,0.0,0.4663295200512943,25.05939248255693,-0.007721063027483015,0.0,0.038605315137415074,0.0,0.0,0.0,wltp_class3b,PPO_seed21
1371,19.5192,-4579.30569127169,0.0,0.0,0.4663006462263188,25.059418143437206,-0.00860771746479641,0.0,0.04303858732398205,0.0,0.0,0.0,wltp_class3b,PPO_seed21
1372,19.4449,-5027.974576322731,0.0,0.0,0.4662689435996679,25.05944751836861,-0.009451080030681826,0.0,0.04725540015340913,0.0,0.0,0.0,wltp_class3b,PPO_seed21
1373,19.3854,-5432.640370532942,0.0,0.0,0.4662346895908064,25.0594806204772,-0.010211730019798764,0.0,0.05105865009899382,0.0,0.0,0.0,wltp_class3b,PPO_seed21
1374,19.3378,-5756.379082525849,0.0,0.0,0.46619839442310423,25.059516944434556,-0.010820261433319267,0.0,0.05410130716659633,0.0,0.0,0.0,wltp_class3b,PPO_seed21
1375,19.2987,-5982.828487177242,0.0,0.0,0.466160671486141,25.059555632941052,-0.011245918208979779,0.0,0.05622959104489889,0.0,0.0,0.0,wltp_class3b,PPO_seed21
1376,19.2639,-6085.746114379894,0.0,0.0,0.4661222996406238,25.05959538132059,-0.011439372395450929,0.0,0.05719686197725464,0.0,0.0,0.0,wltp_class3b,PPO_seed21
1377,19.2291,-6059.6589017569395,0.0,0.0,0.46608409227132963,25.059634728670492,-0.011390336281498006,0.0,0.05695168140749003,0.0,0.0,0.0,wltp_class3b,PPO_seed21
1378,19.1899,-5899.027147874498,0.0,0.0,0.4660468977100107,25.059672150603095,-0.011088396894500937,0.0,0.05544198447250468,0.0,0.0,0.0,wltp_class3b,PPO_seed21
1379,19.1424,-5616.852768632174,0.0,0.0,0.4660114823257265,25.059706364051046,-0.010557993926000327,0.0,0.05278996963000163,0.0,0.0,0.0,wltp_class3b,PPO_seed21
1380,19.0829,-5217.747956310387,0.0,0.0,0.46597858341690035,25.0597363096704,-0.009807796910357871,0.0,0.04903898455178935,0.0,0.0,0.0,wltp_class3b,PPO_seed21
1381,19.0086,-4728.288791000714,0.0,0.0,0.46594877071684976,25.059761416468948,-0.008887760885339688,0.0,0.04443880442669844,0.0,0.0,0.0,wltp_class3b,PPO_seed21
1382,18.9178,-4181.972153370927,0.0,0.0,0.4659224027470388,25.059781620089183,-0.007860849912351368,0.0,0.039304249561756835,0.0,0.0,0.0,wltp_class3b,PPO_seed21
1383,18.8095,-3600.9622288189034,0.0,0.0,0.46589969826407884,25.059797180022212,-0.006768725994020496,0.0,0.03384362997010248,0.0,0.0,0.0,wltp_class3b,PPO_seed21
1384,18.6841,-3028.483442813888,0.0,0.0,0.4658806034703101,25.059808717419532,-0.005692638050402045,0.0,0.028463190252010225,0.0,0.0,0.0,wltp_class3b,PPO_seed21
1385,18.5429,-2492.73994469911,0.0,0.0,0.4658648867212287,25.059816965246092,-0.004685601399810357,0.0,0.023428006999051783,0.0,0.0,0.0,wltp_class3b,PPO_seed21
1386,18.3883,-2027.1437424607032,0.0,0.0,0.4658521056984976,25.059822682876923,-0.0038104205685351566,0.0,0.01905210284267578,0.0,0.0,0.0,wltp_class3b,PPO_seed21
1387,18.2234,-1652.518758468328,0.0,0.0,0.465841686789643,25.059826523689402,-0.0031062382677976095,0.0,0.015531191338988046,0.0,0.0,0.0,wltp_class3b,PPO_seed21
1388,18.052,-1388.6821641268182,0.0,0.0,0.46583293144807814,25.05982901562898,-0.0026103048197872523,0.0,0.01305152409893626,0.0,0.0,0.0,wltp_class3b,PPO_seed21
1389,17.8785,-1251.6251451912153,0.0,0.0,0.4658250403270183,25.059830575725943,-0.00235267884434439,0.0,0.011763394221721948,0.0,0.0,0.0,wltp_class3b,PPO_seed21
1390,17.7072,-1236.9824773565927,0.0,0.0,0.4658172416280341,25.059831529607546,-0.002325155032625174,0.0,0.01162577516312587,0.0,0.0,0.0,wltp_class3b,PPO_seed21
1391,17.5423,-1340.3578181592188,0.0,0.0,0.465808791296978,25.059832196524667,-0.0025194695830060504,0.0,0.012597347915030251,0.0,0.0,0.0,wltp_class3b,PPO_seed21
1392,17.3876,-1549.36622620749,0.0,0.0,0.4657990233842932,25.059832941086675,-0.0029123425304652065,0.0,0.014561712652326033,0.0,0.0,0.0,wltp_class3b,PPO_seed21
1393,17.2464,-1849.5386648528402,0.0,0.0,0.4657873631759392,25.059834211870335,-0.003476576437693309,0.0,0.017382882188466543,0.0,0.0,0.0,wltp_class3b,PPO_seed21
1394,17.121,-2213.6511904164026,0.0,0.0,0.4657734075950104,25.059836504444995,-0.004160998478226321,0.0,0.020804992391131604,0.0,0.0,0.0,wltp_class3b,PPO_seed21
1395,17.0128,-2618.030929158477,0.0,0.0,0.4657569028037044,25.05984033117317,-0.004921110769094882,0.0,0.024605553845474408,0.0,0.0,0.0,wltp_class3b,PPO_seed21
1396,16.9219,-3028.843751673454,0.0,0.0,0.46573780825459166,25.059846101070253,-0.005693315322694462,0.0,0.02846657661347231,0.0,0.0,0.0,wltp_class3b,PPO_seed21
1397,16.8477,-3428.492092736343,0.0,0.0,0.4657161943271379,25.05985411948946,-0.0064445340089029,0.0,0.0322226700445145,0.0,0.0,0.0,wltp_class3b,PPO_seed21
1398,16.7882,-3780.586554184929,0.0,0.0,0.46569236079500326,25.0598643987259,-0.007106365703355129,0.0,0.035531828516775645,0.0,0.0,0.0,wltp_class3b,PPO_seed21
1399,16.7406,-4064.099122295549,0.0,0.0,0.46566673998845565,25.059876684660342,-0.007639284064465318,0.0,0.03819642032232659,0.0,0.0,0.0,wltp_class3b,PPO_seed21
1400,16.7015,-4262.641259289446,0.0,0.0,0.4656398675520631,25.05989046974602,-0.008012483570092944,0.0,0.040062417850464715,0.0,0.0,0.0,wltp_class3b,PPO_seed21
1401,16.6667,-4353.900731714636,0.0,0.0,0.4656124197947359,25.05990495462153,-0.00818402393179443,0.0,0.040920119658972146,0.0,0.0,0.0,wltp_class3b,PPO_seed21
1402,16.5193,-1374.5987465113742,0.0,0.0,0.46560375407725935,25.059903196889827,-0.0025838322302845383,0.0,0.01291916115142269,0.0,0.0,0.0,wltp_class3b,PPO_seed21
1403,16.3676,-1204.646865725825,0.0,0.0,0.46559615984146324,25.05990067328346,-0.00226437380775531,0.0,0.01132186903877655,0.0,0.0,0.0,wltp_class3b,PPO_seed21
1404,16.2075,-931.5565551399641,0.0,0.0,0.4655902872582351,25.059897248282486,-0.0017510461562781278,0.0,0.008755230781390639,0.0,0.0,0.0,wltp_class3b,PPO_seed21
1405,16.0354,-570.1984609945771,0.0,0.0,0.4655866927344254,25.05989295309007,-0.0010718016184108592,0.0,0.005359008092054296,0.0,0.0,0.0,wltp_class3b,PPO_seed21
1406,15.8486,-145.84097159054704,0.0,0.0,0.46558577336542895,25.059888000256915,-0.0002741371646438854,0.0,0.001370685823219427,0.0,0.0,0.0,wltp_class3b,PPO_seed21
1407,15.6452,0.0,0.0,229.4997753009144,0.46558577336542895,25.059882640802822,0.0,0.0,0.0,0.0,0.0,0.0,wltp_class3b,PPO_seed21
1408,15.4244,0.0,0.0,571.4934185085402,0.46558577336542895,25.05987690664782,0.0,0.0,0.0,0.0,0.0,0.0,wltp_class3b,PPO_seed21
1409,15.1864,901.9033262432052,0.0,0.0,0.465591458672545,25.0598715948127,0.04881127926540294,0.0,0.008476535021082756,0.03607613304972821,0.0,0.0,wltp_class3b,PPO_seed21
1410,14.9326,1199.2355385993965,0.0,0.0,0.4655990181521448,25.05986647253175,0.06490298802134177,0.0,0.011271010701122148,0.04796942154397586,0.0,0.0,wltp_class3b,PPO_seed21
1411,14.6654,1446.8069448341998,0.0,0.0,0.4656081380762671,25.05986157420019,0.07830162698433511,0.0,0.013597809631900375,0.057872277793367996,0.0,0.0,wltp_class3b,PPO_seed21
1412,14.388,1632.7305864501152,0.0,0.0,0.46561842980296086,25.059856832816937,0.08836387038547314,0.0,0.015345212278666497,0.0653092234580046,0.0,0.0,wltp_class3b,PPO_seed21
1413,14.1041,1751.3239116944703,0.0,0.0,0.4656294688913623,25.05985210289297,0.09478217681486313,0.0,0.016459811200136,0.07005295646777882,0.0,0.0,wltp_class3b,PPO_seed21
1414,13.818,1796.4165068894506,0.0,0.0,0.4656407920302372,25.059847177387756,0.09722260162849822,0.0,0.016883613786554987,0.07185666027557802,0.0,0.0,wltp_class3b,PPO_seed21
1415,13.5341,1770.4987887251382,0.0,0.0,0.46565195163074624,25.05984184300443,0.09581992692664319,0.0,0.016640026209822727,0.07081995154900553,0.0,0.0,wltp_class3b,PPO_seed21
1416,13.2566,1680.7530101158268,0.0,0.0,0.4656625453969828,25.05983592270815,0.09096285839709564,0.0,0.01579655084695326,0.06723012040463307,0.0,0.0,wltp_class3b,PPO_seed21
1417,12.9894,1535.4615878016332,0.0,0.0,0.4656722232553611,25.059829297622368,0.08309964292478313,0.0,0.014431029960541665,0.06141846351206533,0.0,0.0,wltp_class3b,PPO_seed21
1418,12.7357,1347.9753062300663,0.0,0.0,0.46568071929399946,25.059821929039597,0.07295282897927832,0.0,0.012668940848026939,0.053919012249202654,0.0,0.0,wltp_class3b,PPO_seed21
1419,12.4977,1134.690477818948,0.0,0.0,0.4656878709506757,25.05981385735084,0.06140978991985554,0.0,0.010664384190027706,0.04538761911275792,0.0,0.0,wltp_class3b,PPO_seed21
1420,12.2769,906.4744873184442,0.0,0.0,0.46569358415860174,25.059805170808165,0.04905867187758015,0.0,0.008519497061263573,0.036258979492737764,0.0,0.0,wltp_class3b,PPO_seed21
1421,12.0735,681.3963076130021,0.0,0.0,0.4656978787308961,25.0597959976138,0.036877373099236006,0.0,0.006404100635460546,0.027255852304520087,0.0,0.0,wltp_class3b,PPO_seed21
1422,11.8867,0.0,0.0,472.30171039030324,0.4656978787308961,25.05978625846871,0.0,0.0,0.0,0.0,0.0,0.0,wltp_class3b,PPO_seed21
1423,11.7146,0.0,0.0,292.6688211034808,0.4656978787308961,25.05977643366374,0.0,0.0,0.0,0.0,0.0,0.0,wltp_class3b,PPO_seed21
1424,11.5545,0.0,0.0,151.53675062362439,0.4656978787308961,25.05976652894847,0.0,0.0,0.0,0.0,0.0,0.0,wltp_class3b,PPO_seed21
1425,11.4028,0.0,0.0,59.02361618527874,0.4656978787308961,25.059756549695532,0.0,0.0,0.0,0.0,0.0,0.0,wltp_class3b,PPO_seed21
1426,11.2554,0.0,0.0,19.913897133640322,0.4656978787308961,25.059746500925332,0.0,0.0,0.0,0.0,0.0,0.0,wltp_class3b,PPO_seed21
1427,11.108,0.0,0.0,35.10104045641574,0.4656978787308961,25.059736387329135,0.0,0.0,0.0,0.0,0.0,0.0,wltp_class3b,PPO_seed21
1428,10.9563,0.0,0.0,102.85894265641134,0.4656978787308961,25.059726213290638,0.0,0.0,0.0,0.0,0.0,0.0,wltp_class3b,PPO_seed21
1429,10.7962,0.0,0.0,218.78902040482086,0.4656978787308961,25.059715982906145,0.0,0.0,0.0,0.0,0.0,0.0,wltp_class3b,PPO_seed21
1430,10.6241,0.0,0.0,374.6125922314675,0.4656978787308961,25.05970570000339,0.0,0.0,0.0,0.0,0.0,0.0,wltp_class3b,PPO_seed21
1431,10.4373,0.0,0.0,557.1897442936587,0.4656978787308961,25.059695368159165,0.0,0.0,0.0,0.0,0.0,0.0,wltp_class3b,PPO_seed21
1432,10.2339,754.7533723330686,0.0,0.0,0.4657026353500197,25.0596855313302,0.04084747950416111,0.0,0.007093546732453652,0.030190134893322743,0.0,0.0,wltp_class3b,PPO_seed21
1433,10.0131,952.4900537352722,0.0,0.0,0.4657086381064547,25.05967594886604,0.05154904817132699,0.0,0.00895197418924128,0.03809960214941089,0.0,0.0,wltp_class3b,PPO_seed21
1434,9.7752,1136.48916274649,0.0,0.0,0.46571580040347155,25.059666665025063,0.061507135289091984,0.0,0.010681289123557236,0.0454595665098596,0.0,0.0,wltp_class3b,PPO_seed21
1435,9.5214,1296.2119165116178,0.0,0.0,0.4657239692289628,25.059657684783563,0.07015137875977914,0.0,0.01218244282435731,0.051848476660464715,0.0,0.0,wltp_class3b,PPO_seed21
1436,9.2542,1418.3102466077335,0.0,0.0,0.465732907454235,25.05964895624091,0.07675937710588318,0.0,0.013329983520749374,0.05673240986430934,0.0,0.0,wltp_class3b,PPO_seed21
1437,8.9767,1498.4950878513682,0.0,0.0,0.46574235092746064,25.059640390534675,0.08109900482973043,0.0,0.014083600449730905,0.05993980351405473,0.0,0.0,wltp_class3b,PPO_seed21
1438,8.6928,1531.8102571087256,0.0,0.0,0.4657520042711663,25.059631866412094,0.0829020318095384,0.0,0.01439671294275118,0.06127241028434902,0.0,0.0,wltp_class3b,PPO_seed21
1439,8.4067,1519.4600360354843,0.0,0.0,0.465761579706064,25.059623258120535,0.08223363413070238,0.0,0.014280639436423725,0.060778401441419376,0.0,0.0,wltp_class3b,PPO_seed21
1440,8.1229,1463.3165788912702,0.0,0.0,0.4657708012593203,25.059614448833987,0.07919513334480724,0.0,0.013752975365519457,0.05853266315565081,0.0,0.0,wltp_class3b,PPO_seed21
1441,7.8454,1372.6354475324777,0.0,0.0,0.46577945129198955,25.0596053599121,0.07428744324314866,0.0,0.012900709093350353,0.0549054179012991,0.0,0.0,wltp_class3b,PPO_seed21
1442,7.5782,1251.6399939161552,0.0,0.0,0.4657873387844941,25.059595940312,0.06773913290382319,0.0,0.011763533777407473,0.050065599756646206,0.0,0.0,wltp_class3b,PPO_seed21
1443,7.3244,1111.4845602525497,0.0,0.0,0.4657943430117537,25.05958618282481,0.060153878681938736,0.0,0.010446283461020204,0.044459382410101986,0.0,0.0,wltp_class3b,PPO_seed21
1444,7.0864,960.2208233490674,0.0,0.0,0.46580039398842,25.059576109466537,0.051967439747869076,0.0,0.00902463179839349,0.038408832933962696,0.0,0.0,wltp_class3b,PPO_seed21
1445,6.8656,806.9661292109736,0.0,0.0,0.46580547918250664,25.059565764958695,0.043673249609478104,0.0,0.007584268131682083,0.032278645168438945,0.0,0.0,wltp_class3b,PPO_seed21
1446,6.6622,660.9598653829954,0.0,0.0,0.4658096442829849,25.059555206509987,0.035771346699449626,0.0,0.006212028809990559,0.026438394615319816,0.0,0.0,wltp_class3b,PPO_seed21
1447,6.4754,528.7410981815831,0.0,0.0,0.4658129761825903,25.05954449110171,0.02861562725346643,0.0,0.0049693712235111195,0.021149643927263324,0.0,0.0,wltp_class3b,PPO_seed21
1448,6.3034,111.33665684610605,0.0,304.7199362272752,0.465813677776335,25.05953351672195,0.0060255733532200845,0.0,0.0010463971508092673,0.004453466273844242,0.0,0.0,wltp_class3b,PPO_seed21
1449,6.1432,0.0,0.0,329.4618607420416,0.465813677776335,25.05952252910112,0.0,0.0,0.0,0.0,0.0,0.0,wltp_class3b,PPO_seed21
1450,5.9915,0.0,0.0,268.94023461114784,0.465813677776335,25.059511541082628,0.0,0.0,0.0,0.0,0.0,0.0,wltp_class3b,PPO_seed21
1451,5.8442,0.0,0.0,237.8267077059416,0.465813677776335,25.05950055282601,0.0,0.0,0.0,0.0,0.0,0.0,wltp_class3b,PPO_seed21
1452,5.6968,0.0,0.0,236.55494934775913,0.465813677776335,25.05948956448031,0.0,0.0,0.0,0.0,0.0,0.0,wltp_class3b,PPO_seed21
1453,5.5451,0.0,0.0,260.9505746892534,0.465813677776335,25.05947857618478,0.0,0.0,0.0,0.0,0.0,0.0,wltp_class3b,PPO_seed21
1454,5.385,0.0,0.0,308.05398073282817,0.465813677776335,25.05946758806952,0.0,0.0,0.0,0.0,0.0,0.0,wltp_class3b,PPO_seed21
1455,5.2129,372.28146080285796,0.0,0.0,0.4658160237106723,25.059456731755123,0.020147984622999788,0.0,0.0034988859098012966,0.01489125843211432,0.0,0.0,wltp_class3b,PPO_seed21
1456,5.0261,445.74646028867335,0.0,0.0,0.46581883257924783,25.059445930677732,0.0241239324899088,0.0,0.004189346431284524,0.017829858411546932,0.0,0.0,wltp_class3b,PPO_seed21
1457,4.8227,521.4471973517014,0.0,0.0,0.4658221184679213,25.059435197321317,0.028220879146898848,0.0,0.004900819523982156,0.020857887894068058,0.0,0.0,wltp_class3b,PPO_seed21
1458,4.6019,591.2955145427131,0.0,0.0,0.46582584449494696,25.059424536075,0.03200109108028909,0.0,0.005557288670514221,0.023651820581708526,0.0,0.0,wltp_class3b,PPO_seed21
1459,4.3639,648.7098194797815,0.0,0.0,0.46582993230515896,25.059413940978196,0.03510837053094336,0.0,0.006096896799622006,0.025948392779191257,0.0,0.0,wltp_class3b,PPO_seed21
1460,4.1101,687.44318120197,0.0,0.0,0.4658342641794605,25.059403393950568,0.03720463171647955,0.0,0.006460932154153854,0.0274977272480788,0.0,0.0,wltp_class3b,PPO_seed21
1461,3.8429,703.871631684796,0.0,0.0,0.46583869956384966,25.059392868055852,0.03809374439749745,0.0,0.006615334884255601,0.02815486526739184,0.0,0.0,wltp_class3b,PPO_seed21
1462,3.5655,696.8862485853501,0.0,0.0,0.46584309091810083,25.059382332878243,0.037715693363288345,0.0,0.006549682787456298,0.027875449943414007,0.0,0.0,wltp_class3b,PPO_seed21
1463,3.2816,667.9785711228094,0.0,0.0,0.46584730010231856,25.059371760839326,0.03615120116497731,0.0,0.006277994089500088,0.026719142844912377,0.0,0.0,wltp_class3b,PPO_seed21
1464,2.9955,619.3926327839931,0.0,0.0,0.4658512031184153,25.05936113056198,0.03352171556976829,0.0,0.0058213593306766275,0.024775705311359725,0.0,0.0,wltp_class3b,PPO_seed21
1465,2.7116,555.8615621204945,0.0,0.0,0.4658547057943725,25.05935043099998,0.03008339491837082,0.0,0.005224262801884347,0.022234462484819778,0.0,0.0,wltp_class3b,PPO_seed21
1466,2.4341,482.9944907116144,0.0,0.0,0.4658577493036613,25.059339661512624,0.02613980709881353,0.0,0.004539421905184346,0.019319779628464574,0.0,0.0,wltp_class3b,PPO_seed21
1467,2.1669,406.1009700788311,0.0,0.0,0.4658603082769616,25.059328829279963,0.021978306636296435,0.0,0.0038167384405905177,0.016244038803153244,0.0,0.0,wltp_class3b,PPO_seed21
1468,1.9132,330.4627152051791,0.0,0.0,0.4658623906263796,25.059317946425118,0.01788474153418706,0.0,0.003105852586514841,0.013218508608207164,0.0,0.0,wltp_class3b,PPO_seed21
1469,1.6752,260.50038822127425,0.0,0.0,0.46586403211946337,25.059307026615507,0.01409835935651678,0.0,0.0024483119193728785,0.01042001552885097,0.0,0.0,wltp_class3b,PPO_seed21
1470,1.4544,198.57153691975367,0.0,0.0,0.4658652833788326,25.059296082086767,0.01074675129886005,0.0,0.0018662738432307677,0.007942861476790146,0.0,0.0,wltp_class3b,PPO_seed21
1471,1.251,146.71195290186563,0.0,0.0,0.46586620785476607,25.059285122775744,0.007940095014944578,0.0,0.001378871737799489,0.0058684781160746255,0.0,0.0,wltp_class3b,PPO_seed21
1472,1.2987,-295.82865226772253,0.0,0.0,0.46586434375050795,25.05927422822216,-0.0005560688952400799,0.0,0.0027803444762003996,0.0,0.0,0.0,wltp_class3b,PPO_seed21
1473,1.0823,142.86555822993856,0.0,0.0,0.4658652439899399,25.059263271599526,0.007731926978489456,0.0,0.0013427214119355127,0.005714622329197542,0.0,0.0,wltp_class3b,PPO_seed21
1474,0.8658,114.53819471621925,0.0,0.0,0.4658659657297631,25.059252310194687,0.006198841545619144,0.0,0.0010764867924456696,0.00458152778864877,0.0,0.0,wltp_class3b,PPO_seed21
1475,0.6494,85.92736141001937,0.0,0.0,0.4658665071839349,25.059241345454446,0.004650414642325709,0.0,0.0008075879831768738,0.0034370944564007747,0.0,0.0,wltp_class3b,PPO_seed21
1476,0.4329,57.3717767395274,0.0,0.0,0.46586686870072086,25.05923037890436,0.003104977811812919,0.0,0.0005392084280030771,0.002294871069581096,0.0,0.0,wltp_class3b,PPO_seed21
1477,0.2165,28.68110272688589,0.0,0.0,0.4658670494289515,25.05921941204914,0.001552229905474621,0.0,0.00026955923615494255,0.0011472441090754355,0.0,0.0,wltp_class3b,PPO_seed21
1478,0.0,0.0,0.0,0.0,0.4658670494289515,25.059208446415916,0.0,0.0,0.0,0.0,0.0,0.0,wltp_class3b,PPO_seed21
1479,0.3044,-190.6047494753745,0.0,0.0,0.46586584837098566,25.059197517220973,-0.00035827960427701973,0.0,0.0017913980213850986,0.0,0.0,0.0,wltp_class3b,PPO_seed21
1480,0.6088,-381.30866246966264,0.0,0.0,0.46586344562822324,25.05918669327078,-0.0007167456061459824,0.0,0.003583728030729912,0.0,0.0,0.0,wltp_class3b,PPO_seed21
1481,0.9132,-572.210902501778,0.0,0.0,0.46585983994666597,25.059176043684676,-0.001075584403198831,0.0,0.005377922015994154,0.0,0.0,0.0,wltp_class3b,PPO_seed21
1482,1.2177,-763.662924836866,0.0,0.0,0.4658550278554557,25.059165638475882,-0.0014354566256332068,0.0,0.007177283128166034,0.0,0.0,0.0,wltp_class3b,PPO_seed21
1483,1.7949,-1888.8709640959635,0.0,0.0,0.46584312542641493,25.059158067016526,-0.0035505093310074505,0.0,0.01775254665503725,0.0,0.0,0.0,wltp_class3b,PPO_seed21
1484,2.0778,-1236.6990735730928,0.0,0.0,0.46583533250709125,25.059148565154086,-0.0023246223187464153,0.0,0.011623111593732076,0.0,0.0,0.0,wltp_class3b,PPO_seed21
1485,2.3449,-1339.666726820603,0.0,0.0,0.4658268907144928,25.059139319438657,-0.0025181705391364717,0.0,0.012590852695682359,0.0,0.0,0.0,wltp_class3b,PPO_seed21
1486,2.5986,-1432.3515894275222,0.0,0.0,0.46581786483757437,25.059130323171587,-0.0026923902056908314,0.0,0.013461951028454155,0.0,0.0,0.0,wltp_class3b,PPO_seed21
1487,2.842,-1523.184071877571,0.0,0.0,0.46580826654215485,25.059121588654033,-0.0028631279546570882,0.0,0.01431563977328544,0.0,0.0,0.0,wltp_class3b,PPO_seed21
1488,3.079,-1622.0839923856029,0.0,0.0,0.4657980449842882,25.0591131578017,-0.0030490300608751932,0.0,0.015245150304375966,0.0,0.0,0.0,wltp_class3b,PPO_seed21
1489,3.3137,-1736.7866086750341,0.0,0.0,0.46578710057477773,25.05910510269585,-0.003264636482471869,0.0,0.016323182412359343,0.0,0.0,0.0,wltp_class3b,PPO_seed21
1490,3.5507,-1877.0921805553476,0.0,0.0,0.465775271965011,25.059097540830496,-0.0035283687604423827,0.0,0.017641843802211912,0.0,0.0,0.0,wltp_class3b,PPO_seed21
1491,3.7941,-2047.5134074893447,0.0,0.0,0.4657623693649503,25.059090628091642,-0.0038487094125739564,0.0,0.019243547062869782,0.0,0.0,0.0,wltp_class3b,PPO_seed21
1492,4.0478,-2253.9979482036597,0.0,0.0,0.4657481654990443,25.05908457557955,-0.00423683824850312,0.0,0.0211841912425156,0.0,0.0,0.0,wltp_class3b,PPO_seed21
1493,4.3149,-2498.32051227676,0.0,0.0,0.46573242190060177,25.059079646008623,-0.00469609118849015,0.0,0.02348045594245075,0.0,0.0,0.0,wltp_class3b,PPO_seed21
1494,4.5978,-2781.915846867428,0.0,0.0,0.4657148910523846,25.05907616333757,-0.005229165125690655,0.0,0.026145825628453273,0.0,0.0,0.0,wltp_class3b,PPO_seed21
1495,4.8978,-3101.8888791686063,0.0,0.0,0.4656953436700916,25.05907449919683,-0.005830618193925952,0.0,0.029153090969629758,0.0,0.0,0.0,wltp_class3b,PPO_seed21
1496,5.2153,-3454.753327441195,0.0,0.0,0.46567357242693064,25.059075070187152,-0.0064938972320323215,0.0,0.032469486160161605,0.0,0.0,0.0,wltp_class3b,PPO_seed21
1497,5.5493,-3830.126774035375,0.0,0.0,0.46564943541139114,25.059078285253236,-0.007199486417359728,0.0,0.03599743208679864,0.0,0.0,0.0,wltp_class3b,PPO_seed21
1498,5.8981,-4220.45536099512,0.0,0.0,0.4656228383036184,25.05908454285841,-0.00793318676878782,0.0,0.0396659338439391,0.0,0.0,0.0,wltp_class3b,PPO_seed21
1499,6.2589,-4611.549233958829,0.0,0.0,0.4655937761973434,25.05909415241061,-0.00866832562774216,0.0,0.0433416281387108,0.0,0.0,0.0,wltp_class3b,PPO_seed21
1500,6.628,-4987.549653013584,0.0,0.0,0.46556234412274705,25.05910727663158,-0.009375093332732301,0.0,0.046875466663661505,0.0,0.0,0.0,wltp_class3b,PPO_seed21
1501,7.0015,-5337.413339834341,0.0,0.0,0.4655287067060841,25.05912393555047,-0.010032731841793874,0.0,0.05016365920896937,0.0,0.0,0.0,wltp_class3b,PPO_seed21
1502,7.375,-5645.345969807941,0.0,0.0,0.4654931281187862,25.059143928807632,-0.010611552574826958,0.0,0.05305776287413479,0.0,0.0,0.0,wltp_class3b,PPO_seed21
1503,7.7442,-5901.487555685952,0.0,0.0,0.4654559346868098,25.059166872310026,-0.011093021721214198,0.0,0.055465108606070984,0.0,0.0,0.0,wltp_class3b,PPO_seed21
1504,8.1049,-6096.344837598662,0.0,0.0,0.46541751258663033,25.059192195934624,-0.011459294807516283,0.0,0.05729647403758141,0.0,0.0,0.0,wltp_class3b,PPO_seed21
1505,8.4537,-6230.82761467916,0.0,0.0,0.4653782422860265,25.05921927072064,-0.011712081982479625,0.0,0.05856040991239812,0.0,0.0,0.0,wltp_class3b,PPO_seed21
1506,8.7878,-6305.791296894173,0.0,0.0,0.46533849888757317,25.0592474293841,-0.011852991159575513,0.0,0.059264955797877564,0.0,0.0,0.0,wltp_class3b,PPO_seed21
1507,9.1052,-6327.312868576633,0.0,0.0,0.46529861921807353,25.059276049173185,-0.011893445241685402,0.0,0.059467226208427,0.0,0.0,0.0,wltp_class3b,PPO_seed21
1508,9.4053,-6313.363134172605,0.0,0.0,0.4652588268596175,25.059304712493812,-0.011867223936414671,0.0,0.059336119682073356,0.0,0.0,0.0,wltp_class3b,PPO_seed21
1509,9.6882,-6274.712221417527,0.0,0.0,0.4652192775250638,25.059333129837885,-0.011794571844769787,0.0,0.058972859223848935,0.0,0.0,0.0,wltp_class3b,PPO_seed21
1510,9.9553,-6233.6310192288165,0.0,0.0,0.4651799865618102,25.059361277662028,-0.011717351539903791,0.0,0.05858675769951895,0.0,0.0,0.0,wltp_class3b,PPO_seed21
1511,10.2089,-6208.628564355412,0.0,0.0,0.4651408526518918,25.059389349500268,-0.01167035444427709,0.0,0.05835177222138545,0.0,0.0,0.0,wltp_class3b,PPO_seed21
1512,10.4523,-6221.6114491708995,0.0,0.0,0.4651016363876687,25.05941779484953,-0.011694758363103195,0.0,0.05847379181551597,0.0,0.0,0.0,wltp_class3b,PPO_seed21
1513,10.6893,-6287.648614832681,0.0,0.0,0.4650620033619482,25.059447247329917,-0.011818888373745642,0.0,0.059094441868728205,0.0,0.0,0.0,wltp_class3b,PPO_seed21
1514,10.9241,-6420.862027424754,0.0,0.0,0.46502153013068626,25.0594785355593,-0.0120692895252345,0.0,0.0603464476261725,0.0,0.0,0.0,wltp_class3b,PPO_seed21
1515,11.1611,-6632.590665580013,0.0,0.0,0.46497972174887936,25.059512686352,-0.012467275687180476,0.0,0.062336378435902375,0.0,0.0,0.0,wltp_class3b,PPO_seed21
1516,11.4045,-6927.475332649693,0.0,0.0,0.4649360539864175,25.05955088818662,-0.013021570174153558,0.0,0.06510785087076779,0.0,0.0,0.0,wltp_class3b,PPO_seed21
1517,11.6581,-7306.448896633043,0.0,0.0,0.4648899966967465,25.059594489133957,-0.013733926497430533,0.0,0.06866963248715266,0.0,0.0,0.0,wltp_class3b,PPO_seed21
1518,11.9252,-7768.292973920246,0.0,0.0,0.46484102737324784,25.05964500862774,-0.014602054462256105,0.0,0.07301027231128052,0.0,0.0,0.0,wltp_class3b,PPO_seed21
1519,12.2081,-8301.465909519879,0.0,0.0,0.464788696220789,25.05970401063234,-0.015604259228420826,0.0,0.07802129614210412,0.0,0.0,0.0,wltp_class3b,PPO_seed21
1520,12.5082,-8894.560664952443,0.0,0.0,0.46473262530782844,25.059773091534378,-0.01671909899427151,0.0,0.08359549497135756,0.0,0.0,0.0,wltp_class3b,PPO_seed21
1521,12.8256,-9525.844308765687,0.0,0.0,0.46467257366302045,25.059853665129733,-0.017905722384897908,0.0,0.08952861192448953,0.0,0.0,0.0,wltp_class3b,PPO_seed21
1522,13.1597,-10182.792018598611,0.0,0.0,0.4646083792357704,25.059947047696756,-0.019140586501125212,0.0,0.09570293250562605,0.0,0.0,0.0,wltp_class3b,PPO_seed21
1523,13.5085,-10835.211128542642,0.0,0.0,0.46454007028690664,25.060054036425917,-0.020366938211546323,0.0,0.1018346910577316,0.0,0.0,0.0,wltp_class3b,PPO_seed21
1524,13.8692,-11461.51705128851,0.0,0.0,0.4644678111428205,25.060174945875268,-0.021544204983625023,0.0,0.1077210249181251,0.0,0.0,0.0,wltp_class3b,PPO_seed21
1525,14.2384,-12041.466653601256,0.0,0.0,0.46439189375895035,25.060309536291566,-0.022634335815039958,0.0,0.11317167907519977,0.0,0.0,0.0,wltp_class3b,PPO_seed21
1526,14.6119,-12547.33453182771,0.0,0.0,0.46431278491690886,25.06045675274776,-0.023585215285390433,0.0,0.11792607642695216,0.0,0.0,0.0,wltp_class3b,PPO_seed21
1527,14.9854,-12965.12981443094,0.0,0.0,0.4642310396602936,25.060614977324505,-0.024370544763967935,0.0,0.12185272381983966,0.0,0.0,0.0,wltp_class3b,PPO_seed21
1528,15.3545,-13280.129850830517,0.0,0.0,0.46414730592846376,25.060782002816268,-0.024962650095546088,0.0,0.12481325047773043,0.0,0.0,0.0,wltp_class3b,PPO_seed21
1529,15.7153,-13492.511581613675,0.0,0.0,0.4640622306287493,25.060955430275676,-0.025361863875213678,0.0,0.12680931937606837,0.0,0.0,0.0,wltp_class3b,PPO_seed21
1530,16.0641,-13596.452417650025,0.0,0.0,0.4639764974693201,25.06113257229355,-0.0255572413865602,0.0,0.127786206932801,0.0,0.0,0.0,wltp_class3b,PPO_seed21
1531,16.3981,-13605.805197977425,0.0,0.0,0.46389070289740225,25.06131101854594,-0.025574821800709448,0.0,0.12787410900354723,0.0,0.0,0.0,wltp_class3b,PPO_seed21
1532,16.7156,-13543.184033214675,0.0,0.0,0.46380530083545785,25.06148891876566,-0.025457112844388487,0.0,0.12728556422194243,0.0,0.0,0.0,wltp_class3b,PPO_seed21
1533,17.0156,-13423.939663414383,0.0,0.0,0.46372064845890737,25.06166482552056,-0.025232969292132302,0.0,0.1261648464606615,0.0,0.0,0.0,wltp_class3b,PPO_seed21
1534,17.2985,-13285.381653935223,0.0,0.0,0.46363686770045165,25.06183825800742,-0.024972521905893278,0.0,0.12486260952946639,0.0,0.0,0.0,wltp_class3b,PPO_seed21
1535,17.5656,-13154.64088699806,0.0,0.0,0.4635539094037371,25.062009421597722,-0.024726768584582823,0.0,0.1236338429229141,0.0,0.0,0.0,wltp_class3b,PPO_seed21
1536,17.8193,-13066.933697431454,0.0,0.0,0.46347150230747014,25.06217938747167,-0.02456190544629973,0.0,0.12280952723149863,0.0,0.0,0.0,wltp_class3b,PPO_seed21
1537,18.0627,-13048.452049712692,0.0,0.0,0.4633892099300735,25.062349859183083,-0.024527165506978747,0.0,0.12263582753489373,0.0,0.0,0.0,wltp_class3b,PPO_seed21
1538,18.2997,-13129.885042842634,0.0,0.0,0.46330640218755736,25.06252330853011,-0.024680235042937284,0.0,0.12340117521468641,0.0,0.0,0.0,wltp_class3b,PPO_seed21
1539,18.5344,-13325.856047572604,0.0,0.0,0.46322235669605205,25.062702641085366,-0.025048601593181587,0.0,0.12524300796590793,0.0,0.0,0.0,wltp_class3b,PPO_seed21
1540,18.7714,-13660.663780084558,0.0,0.0,0.4631361977370806,25.062891541938242,-0.025677939436249173,0.0,0.12838969718124585,0.0,0.0,0.0,wltp_class3b,PPO_seed21
1541,19.0148,-14129.571811747894,0.0,0.0,0.4630470793655597,25.063093861032034,-0.026559345510804314,0.0,0.13279672755402155,0.0,0.0,0.0,wltp_class3b,PPO_seed21
1542,19.2685,-14736.47516942415,0.0,0.0,0.4629541309655377,25.063313943656617,-0.027700141295910058,0.0,0.1385007064795503,0.0,0.0,0.0,wltp_class3b,PPO_seed21
1543,19.5356,-15466.604742456502,0.0,0.0,0.462856574960778,25.063556208353173,-0.029072565305369363,0.0,0.14536282652684682,0.0,0.0,0.0,wltp_class3b,PPO_seed21
1544,19.8185,-16306.96393869878,0.0,0.0,0.46275371563524553,25.063825212759948,-0.030652187854696956,0.0,0.15326093927348478,0.0,0.0,0.0,wltp_class3b,PPO_seed21
1545,20.1185,-17230.20104044295,0.0,0.0,0.46264502968247806,25.064125174545893,-0.03238759594068224,0.0,0.16193797970341117,0.0,0.0,0.0,wltp_class3b,PPO_seed21
1546,20.436,-18212.618865434175,0.0,0.0,0.4625301431694559,25.064459951430823,-0.03423424598765822,0.0,0.17117122993829112,0.0,0.0,0.0,wltp_class3b,PPO_seed21
1547,20.77,-19210.875446621336,0.0,0.0,0.46240895547943484,25.064832169209577,-0.036110668132746875,0.0,0.18055334066373435,0.0,0.0,0.0,wltp_class3b,PPO_seed21
1548,21.1188,-20200.499041276165,0.0,0.0,0.4622815203193108,25.06524361643613,-0.03797086285954167,0.0,0.18985431429770833,0.0,0.0,0.0,wltp_class3b,PPO_seed21
1549,21.4796,-21140.0059179746,0.0,0.0,0.4621481530784823,25.065694371601076,-0.03973685322927556,0.0,0.1986842661463778,0.0,0.0,0.0,wltp_class3b,PPO_seed21
1550,21.8487,-21990.10392662615,0.0,0.0,0.4620094170683232,25.066182597539058,-0.041334781816966454,0.0,0.20667390908483224,0.0,0.0,0.0,wltp_class3b,PPO_seed21
1551,22.2222,-22732.456405158748,0.0,0.0,0.46186599137910145,25.06670521665921,-0.042730181212704416,0.0,0.21365090606352208,0.0,0.0,0.0,wltp_class3b,PPO_seed21
1552,22.4128,-16662.47005762177,0.0,0.0,0.46176085833546443,25.06700337832318,-0.031320432439138665,0.0,0.1566021621956933,0.0,0.0,0.0,wltp_class3b,PPO_seed21
1553,22.5991,-16760.85397550104,0.0,0.0,0.4616551022086471,25.067306015920863,-0.03150536461560346,0.0,0.15752682307801727,0.0,0.0,0.0,wltp_class3b,PPO_seed21
1554,22.777,-16702.91323626597,0.0,0.0,0.46154970937667683,25.067608156456735,-0.03139645345162776,0.0,0.1569822672581388,0.0,0.0,0.0,wltp_class3b,PPO_seed21
1555,22.9429,-16498.2728248276,0.0,0.0,0.4614456056043758,25.06790513668196,-0.03101179102411203,0.0,0.15505895512056014,0.0,0.0,0.0,wltp_class3b,PPO_seed21
1556,23.094,-16169.38567002477,0.0,0.0,0.46134357508164103,25.068193113059326,-0.03039358208651273,0.0,0.15196791043256364,0.0,0.0,0.0,wltp_class3b,PPO_seed21
1557,23.2286,-15752.29066765118,0.0,0.0,0.4612441746632988,25.068469518513652,-0.029609568924156355,0.0,0.14804784462078177,0.0,0.0,0.0,wltp_class3b,PPO_seed21
1558,23.3458,-15274.54665687607,0.0,0.0,0.4611477873414869,25.068732771134588,-0.028711553866308404,0.0,0.14355776933154202,0.0,0.0,0.0,wltp_class3b,PPO_seed21
1559,23.4458,-14776.952163842112,0.0,0.0,0.46105453866894025,25.0689825835761,-0.02777622587188367,0.0,0.13888112935941835,0.0,0.0,0.0,wltp_class3b,PPO_seed21
1560,23.53,-14306.239905259172,0.0,0.0,0.46096425927895596,25.069219991340855,-0.02689142839334431,0.0,0.13445714196672154,0.0,0.0,0.0,wltp_class3b,PPO_seed21
1561,23.6008,-13903.486471399186,0.0,0.0,0.4608765205506833,25.069447053668448,-0.026134373066539825,0.0,0.13067186533269912,0.0,0.0,0.0,wltp_class3b,PPO_seed21
1562,23.6613,-13599.664727415118,0.0,0.0,0.46079069835263975,25.069666497521236,-0.025563279562810372,0.0,0.12781639781405185,0.0,0.0,0.0,wltp_class3b,PPO_seed21
1563,23.7154,-13430.276638415931,0.0,0.0,0.4607059444536618,25.069881816853556,-0.025244880899278066,0.0,0.12622440449639033,0.0,0.0,0.0,wltp_class3b,PPO_seed21
1564,23.7673,-13412.651327137846,0.0,0.0,0.4606213011977176,25.070096860015813,-0.025211750614920765,0.0,0.12605875307460382,0.0,0.0,0.0,wltp_class3b,PPO_seed21
1565,23.8214,-13560.64026635526,0.0,0.0,0.4605357234484543,25.07031586384742,-0.02548992531269786,0.0,0.1274496265634893,0.0,0.0,0.0,wltp_class3b,PPO_seed21
1566,23.8819,-13873.225053364746,0.0,0.0,0.4604481724245411,25.070543227573037,-0.026077490701813436,0.0,0.13038745350906716,0.0,0.0,0.0,wltp_class3b,PPO_seed21
1567,23.9526,-14341.808999755123,0.0,0.0,0.4603576635209519,25.070783457287504,-0.026958287593524668,0.0,0.13479143796762333,0.0,0.0,0.0,wltp_class3b,PPO_seed21
1568,24.0369,-14957.77781280479,0.0,0.0,0.4602632664147121,25.071041275545902,-0.028116123708279685,0.0,0.14058061854139842,0.0,0.0,0.0,wltp_class3b,PPO_seed21
1569,24.1369,-15677.616200482005,0.0,0.0,0.46016432531530177,25.0713206644505,-0.029469203384364675,0.0,0.14734601692182336,0.0,0.0,0.0,wltp_class3b,PPO_seed21
1570,24.254,-16479.36485610518,0.0,0.0,0.46006032293691473,25.071625372348812,-0.030976249729521017,0.0,0.15488124864760508,0.0,0.0,0.0,wltp_class3b,PPO_seed21
1571,24.3886,-17328.296065396094,0.0,0.0,0.45995096108569933,25.07195839870957,-0.03257198508533101,0.0,0.16285992542665503,0.0,0.0,0.0,wltp_class3b,PPO_seed21
1572,24.5398,-18175.77473892523,0.0,0.0,0.4598362484523854,25.072321300011353,-0.034164990110761705,0.0,0.17082495055380853,0.0,0.0,0.0,wltp_class3b,PPO_seed21
1573,24.7057,-18981.858704348375,0.0,0.0,0.4597164457883849,25.072714180213826,-0.03568018553448943,0.0,0.17840092767244714,0.0,0.0,0.0,wltp_class3b,PPO_seed21
1574,24.8835,-19707.644449705385,0.0,0.0,0.45959205939345366,25.07313547936548,-0.037044444454333435,0.0,0.18522222227166715,0.0,0.0,0.0,wltp_class3b,PPO_seed21
1575,25.0698,-20323.380085407087,0.0,0.0,0.4594637834031301,25.073582128271788,-0.038201842265802796,0.0,0.19100921132901397,0.0,0.0,0.0,wltp_class3b,PPO_seed21
1576,25.2604,-20788.848386613492,0.0,0.0,0.45933256589003346,25.074049043027188,-0.03907678268160431,0.0,0.19538391340802155,0.0,0.0,0.0,wltp_class3b,PPO_seed21
1577,25.451,-21089.85387560576,0.0,0.0,0.4591994446705521,25.074530121360233,-0.039642582472943166,0.0,0.1982129123647158,0.0,0.0,0.0,wltp_class3b,PPO_seed21
1578,25.6373,-21215.724813825742,0.0,0.0,0.4590655250877223,25.075018492065784,-0.03987918198087546,0.0,0.19939590990437728,0.0,0.0,0.0,wltp_class3b,PPO_seed21
1579,25.8152,-21164.084517230036,0.0,0.0,0.45893192766480745,25.07550700192043,-0.0397821137541918,0.0,0.19891056877095897,0.0,0.0,0.0,wltp_class3b,PPO_seed21
1580,25.9811,-20945.93240808781,0.0,0.0,0.45879970366596157,25.075988925977548,-0.0393720533986613,0.0,0.1968602669933065,0.0,0.0,0.0,wltp_class3b,PPO_seed21
1581,26.1322,-20586.702312901296,0.0,0.0,0.4586697439520461,25.07645868335656,-0.03869680885883703,0.0,0.19348404429418511,0.0,0.0,0.0,wltp_class3b,PPO_seed21
1582,26.2668,-20127.110764465364,0.0,0.0,0.45854268245945534,25.076912490500998,-0.03783291497079956,0.0,0.1891645748539978,0.0,0.0,0.0,wltp_class3b,PPO_seed21
1583,26.384,-19598.18726461789,0.0,0.0,0.4584189572984513,25.077347948222545,-0.036838697865823104,0.0,0.1841934893291155,0.0,0.0,0.0,wltp_class3b,PPO_seed21
1584,26.484,-19045.91702181564,0.0,0.0,0.4582987162930323,25.077764508632583,-0.035800595905668496,0.0,0.1790029795283425,0.0,0.0,0.0,wltp_class3b,PPO_seed21
1585,26.5682,-18523.023520717772,0.0,0.0,0.458181774391895,25.078163548607154,-0.034817713384807845,0.0,0.1740885669240392,0.0,0.0,0.0,wltp_class3b,PPO_seed21
1586,26.639,-18075.910745618206,0.0,0.0,0.45806765352279477,25.078547967022846,-0.03397727583762821,0.0,0.16988637918814103,0.0,0.0,0.0,wltp_class3b,PPO_seed21
1587,26.6995,-17739.66316496553,0.0,0.0,0.4579556540300011,25.07892168550568,-0.0333452315130931,0.0,0.1667261575654655,0.0,0.0,0.0,wltp_class3b,PPO_seed21
1588,26.7536,-17554.5947852189,0.0,0.0,0.4578448216429562,25.0792898043416,-0.03299735861883252,0.0,0.1649867930941626,0.0,0.0,0.0,wltp_class3b,PPO_seed21
1589,26.8055,-17540.575777976745,0.0,0.0,0.4577340765352961,25.079657987162776,-0.03297100710146005,0.0,0.16485503550730024,0.0,0.0,0.0,wltp_class3b,PPO_seed21
1590,26.8595,-17709.261405987305,0.0,0.0,0.4576222651865933,25.08003234297554,-0.0332880853496002,0.0,0.166440426748001,0.0,0.0,0.0,wltp_class3b,PPO_seed21
1591,26.9201,-18077.004810406466,0.0,0.0,0.45750813071534635,25.080419788835563,-0.033979332350388095,0.0,0.16989666175194046,0.0,0.0,0.0,wltp_class3b,PPO_seed21
1592,26.9908,-18608.81646017469,0.0,0.0,0.45739063703321403,25.080826492423586,-0.03497897830859904,0.0,0.1748948915429952,0.0,0.0,0.0,wltp_class3b,PPO_seed21
1593,27.075,-19307.66524842509,0.0,0.0,0.4572687291904874,25.08125928889868,-0.03629260385042311,0.0,0.18146301925211553,0.0,0.0,0.0,wltp_class3b,PPO_seed21
1594,27.1751,-20137.650553082247,0.0,0.0,0.45714157878149064,25.081724362522863,-0.037852726603538056,0.0,0.18926363301769028,0.0,0.0,0.0,wltp_class3b,PPO_seed21
1595,27.2922,-21048.152099452887,0.0,0.0,0.4570086768987502,25.082226534394586,-0.03956419567566333,0.0,0.1978209783783166,0.0,0.0,0.0,wltp_class3b,PPO_seed21
1596,27.4268,-22016.941559652092,0.0,0.0,0.4568696548895265,25.082770140370368,-0.041385228495586644,0.0,0.2069261424779332,0.0,0.0,0.0,wltp_class3b,PPO_seed21
1597,27.578,-22984.83765323809,0.0,0.0,0.4567245177068485,25.0833572653597,-0.04320458205495882,0.0,0.2160229102747941,0.0,0.0,0.0,wltp_class3b,PPO_seed21
1598,27.7439,-23906.720298262062,0.0,0.0,0.4565735551815065,25.083987931539138,-0.04493744416966553,0.0,0.22468722084832765,0.0,0.0,0.0,wltp_class3b,PPO_seed21
1599,27.9217,-24738.720951093892,0.0,0.0,0.4564173341796011,25.084659831237808,-0.04650135517122912,0.0,0.2325067758561456,0.0,0.0,0.0,wltp_class3b,PPO_seed21
1600,28.108,-25447.354171384046,0.0,0.0,0.4562566331021226,25.085368569329564,-0.04783337250260159,0.0,0.23916686251300795,0.0,0.0,0.0,wltp_class3b,PPO_seed21
1601,28.2986,-25987.471117511395,0.0,0.0,0.45609251560355774,25.086106963424747,-0.0488486299201342,0.0,0.244243149600671,0.0,0.0,0.0,wltp_class3b,PPO_seed21
1602,28.4892,-26343.19111245608,0.0,0.0,0.45592614582934965,25.08686644337228,-0.04951727652717308,0.0,0.2475863826358654,0.0,0.0,0.0,wltp_class3b,PPO_seed21
1603,28.6755,-26502.59500720534,0.0,0.0,0.4557587634305081,25.0876373830803,-0.049816907908280715,0.0,0.24908453954140355,0.0,0.0,0.0,wltp_class3b,PPO_seed21
1604,28.8533,-26458.35091652295,0.0,0.0,0.45559165461219053,25.08840952159387,-0.049733742324291265,0.0,0.24866871162145632,0.0,0.0,0.0,wltp_class3b,PPO_seed21
1605,29.0193,-26241.262694634912,0.0,0.0,0.45542591126916615,25.08917409822853,-0.049325681756832544,0.0,0.2466284087841627,0.0,0.0,0.0,wltp_class3b,PPO_seed21
1606,29.1704,-25852.079147224085,0.0,0.0,0.45526262076717133,25.08992252475658,-0.04859413373538363,0.0,0.2429706686769181,0.0,0.0,0.0,wltp_class3b,PPO_seed21
1607,29.305,-25354.359184829824,0.0,0.0,0.45510246918253344,25.090649585485746,-0.04765856989629666,0.0,0.2382928494814833,0.0,0.0,0.0,wltp_class3b,PPO_seed21
1608,29.4222,-24778.05965120413,0.0,0.0,0.4549459534542487,25.091351738331507,-0.04657530009624837,0.0,0.23287650048124184,0.0,0.0,0.0,wltp_class3b,PPO_seed21
1609,29.5222,-24174.35892765577,0.0,0.0,0.45479324727955234,25.092028021963714,-0.04544052430010483,0.0,0.22720262150052414,0.0,0.0,0.0,wltp_class3b,PPO_seed21
1610,29.6064,-23602.016700560012,0.0,0.0,0.4546441531552963,25.092680201302205,-0.04436469304616544,0.0,0.2218234652308272,0.0,0.0,0.0,wltp_class3b,PPO_seed21
1611,29.6772,-23112.84223468852,0.0,0.0,0.45449814622213797,25.093312238761442,-0.04344519217046715,0.0,0.21722596085233573,0.0,0.0,0.0,wltp_class3b,PPO_seed21
1612,29.7377,-22746.132205125723,0.0,0.0,0.4543544532667891,25.0939296115806,-0.042755887603619785,0.0,0.2137794380180989,0.0,0.0,0.0,wltp_class3b,PPO_seed21
1613,29.7918,-22547.13922517272,0.0,0.0,0.4542120150729369,25.09453954711977,-0.042381840648820904,0.0,0.2119092032441045,0.0,0.0,0.0,wltp_class3b,PPO_seed21
1614,29.8437,-22538.41081658907,0.0,0.0,0.45406962983290283,25.09515013442132,-0.04236543386576893,0.0,0.21182716932884463,0.0,0.0,0.0,wltp_class3b,PPO_seed21
1615,29.8977,-22733.374541573354,0.0,0.0,0.45392601075428135,25.09577012829666,-0.04273190703303262,0.0,0.2136595351651631,0.0,0.0,0.0,wltp_class3b,PPO_seed21
1616,29.9583,-23150.699271298963,0.0,0.0,0.4537797529386366,25.096409432743773,-0.04351635201371986,0.0,0.21758176006859928,0.0,0.0,0.0,wltp_class3b,PPO_seed21
1617,30.029,-23751.74799186602,0.0,0.0,0.4536296954022781,25.097076836141014,-0.04464614284185343,0.0,0.22323071420926713,0.0,0.0,0.0,wltp_class3b,PPO_seed21
1618,30.1132,-24540.07826771667,0.0,0.0,0.45347465451894453,25.097782010662005,-0.04612796666864036,0.0,0.2306398333432018,0.0,0.0,0.0,wltp_class3b,PPO_seed21
1619,30.2133,-25475.835378873464,0.0,0.0,0.4533136982741555,25.098533621879834,-0.04788690860690501,0.0,0.23943454303452505,0.0,0.0,0.0,wltp_class3b,PPO_seed21
1620,30.3304,-26502.644654905573,0.0,0.0,0.45314625066058944,25.099338339578924,-0.04981700123102552,0.0,0.24908500615512758,0.0,0.0,0.0,wltp_class3b,PPO_seed21
1621,30.465,-27595.660498117086,0.0,0.0,0.4529718925153279,25.100202101529337,-0.051871542289693776,0.0,0.25935771144846886,0.0,0.0,0.0,wltp_class3b,PPO_seed21
1622,30.6162,-28688.880858521665,0.0,0.0,0.4527906215861663,25.101127673996587,-0.05392646777917606,0.0,0.2696323388958803,0.0,0.0,0.0,wltp_class3b,PPO_seed21
1623,30.7821,-29731.946084454474,0.0,0.0,0.4526027537796553,25.102114964942636,-0.05588711670010239,0.0,0.27943558350051195,0.0,0.0,0.0,wltp_class3b,PPO_seed21
1624,30.9599,-30675.931733082773,0.0,0.0,0.45240891417455015,25.103160692112407,-0.05766152581406536,0.0,0.2883076290703268,0.0,0.0,0.0,wltp_class3b,PPO_seed21
1625,31.1462,-31483.50847414993,0.0,0.0,0.4522099638428788,25.10425874406802,-0.05917952720704875,0.0,0.2958976360352437,0.0,0.0,0.0,wltp_class3b,PPO_seed21
1626,31.3368,-32104.45954795474,0.0,0.0,0.4520070813726137,25.10539922949194,-0.060346728473599134,0.0,0.30173364236799566,0.0,0.0,0.0,wltp_class3b,PPO_seed21
1627,31.5274,-32521.079531608353,0.0,0.0,0.45180155751144785,25.106570395560773,-0.06112984874362473,0.0,0.30564924371812363,0.0,0.0,0.0,wltp_class3b,PPO_seed21
1628,31.7137,-32720.06231907542,0.0,0.0,0.45159476740850174,25.10775905985686,-0.061503876539615455,0.0,0.30751938269807727,0.0,0.0,0.0,wltp_class3b,PPO_seed21
1629,31.8915,-32693.160286835526,0.0,0.0,0.45138813867206445,25.108951156095483,-0.06145330880984121,0.0,0.30726654404920606,0.0,0.0,0.0,wltp_class3b,PPO_seed21
1630,32.0575,-32474.305830126563,0.0,0.0,0.4511828847795778,25.110134627136052,-0.0610419282521176,0.0,0.30520964126058797,0.0,0.0,0.0,wltp_class3b,PPO_seed21
1631,32.2086,-32064.11393642875,0.0,0.0,0.450980215594224,25.111297583436937,-0.06027089085794878,0.0,0.3013544542897439,0.0,0.0,0.0,wltp_class3b,PPO_seed21
1632,32.2864,-28555.12534517533,0.0,0.0,0.45079971922130857,25.11226188262879,-0.05367504764130701,0.0,0.268375238206535,0.0,0.0,0.0,wltp_class3b,PPO_seed21
1633,32.3467,-27801.777694952507,0.0,0.0,0.45062398060906955,25.11318795392001,-0.05225898062960998,0.0,0.2612949031480499,0.0,0.0,0.0,wltp_class3b,PPO_seed21
1634,32.3898,-27025.16910168678,0.0,0.0,0.4504531475486071,25.11407517927354,-0.050799190040764636,0.0,0.25399595020382315,0.0,0.0,0.0,wltp_class3b,PPO_seed21
1635,32.4172,-26290.060728807417,0.0,0.0,0.450286958413405,25.11492628884125,-0.04941740738497635,0.0,0.24708703692488174,0.0,0.0,0.0,wltp_class3b,PPO_seed21
1636,32.4311,-25637.409791673486,0.0,0.0,0.45012489257239446,25.11574587817048,-0.04819061990916069,0.0,0.24095309954580343,0.0,0.0,0.0,wltp_class3b,PPO_seed21
1637,32.4348,-25130.263931721038,0.0,0.0,0.449966030719353,25.116541317105874,-0.04723733821752075,0.0,0.23618669108760373,0.0,0.0,0.0,wltp_class3b,PPO_seed21
1638,32.432,-24796.719351016476,0.0,0.0,0.44980927578662255,25.1173209787762,-0.046610374719955786,0.0,0.2330518735997789,0.0,0.0,0.0,wltp_class3b,PPO_seed21
1639,32.4271,-24681.005725777577,0.0,0.0,0.4496532509527216,25.11809509753748,-0.046392867905596956,0.0,0.23196433952798476,0.0,0.0,0.0,wltp_class3b,PPO_seed21
1640,32.4243,-24781.34399655236,0.0,0.0,0.4494965904777972,25.118873811277897,-0.04658147367773,0.0,0.23290736838865,0.0,0.0,0.0,wltp_class3b,PPO_seed21
1641,32.428,-25116.614421335853,0.0,0.0,0.4493378091090182,25.119668414149604,-0.04721168124311251,0.0,0.23605840621556254,0.0,0.0,0.0,wltp_class3b,PPO_seed21
1642,32.4419,-25659.2660666791,0.0,0.0,0.44917559559190434,25.1204894342327,-0.04823170313285546,0.0,0.24115851566427726,0.0,0.0,0.0,wltp_class3b,PPO_seed21
1643,32.4693,-26396.631246950612,0.0,0.0,0.449008718588665,25.121347519410325,-0.0496177279078019,0.0,0.2480886395390095,0.0,0.0,0.0,wltp_class3b,PPO_seed21
1644,32.5125,-27284.31678267145,0.0,0.0,0.44883622723654765,25.122251928974396,-0.05128630974186363,0.0,0.2564315487093181,0.0,0.0,0.0,wltp_class3b,PPO_seed21
1645,32.5728,-28276.263640490375,0.0,0.0,0.44865746169872606,25.123210274239188,-0.05315087150468115,0.0,0.26575435752340576,0.0,0.0,0.0,wltp_class3b,PPO_seed21
1646,32.6505,-29324.412036973787,0.0,0.0,0.44847206584225885,25.124228115349503,-0.05512107525746952,0.0,0.2756053762873476,0.0,0.0,0.0,wltp_class3b,PPO_seed21
1647,32.7448,-30372.971743164293,0.0,0.0,0.4482800361560158,25.125308133578816,-0.05709205214880506,0.0,0.2854602607440253,0.0,0.0,0.0,wltp_class3b,PPO_seed21
1648,32.8539,-31368.315033628372,0.0,0.0,0.4480817081461313,25.126449788506953,-0.058962998183511986,0.0,0.2948149909175599,0.0,0.0,0.0,wltp_class3b,PPO_seed21
1649,32.9749,-32248.150278628247,0.0,0.0,0.4478778111969216,25.12764835662944,-0.060616823832007984,0.0,0.3030841191600399,0.0,0.0,0.0,wltp_class3b,PPO_seed21
1650,33.1043,-32973.1244828961,0.0,0.0,0.4476693236390554,25.12889597680859,-0.06197955729867688,0.0,0.3098977864933844,0.0,0.0,0.0,wltp_class3b,PPO_seed21
1651,33.2381,-33506.77280513903,0.0,0.0,0.44745745456864233,25.130181710566603,-0.06298265564875759,0.0,0.3149132782437879,0.0,0.0,0.0,wltp_class3b,PPO_seed21
1652,33.3719,-33815.93260790657,0.0,0.0,0.4472436230431966,25.131491769497135,-0.06356378309756876,0.0,0.31781891548784375,0.0,0.0,0.0,wltp_class3b,PPO_seed21
1653,33.5013,-33887.625816682965,0.0,0.0,0.44702933050860366,25.132810984551554,-0.06369854476820107,0.0,0.3184927238410053,0.0,0.0,0.0,wltp_class3b,PPO_seed21
1654,33.6223,-33730.702576443306,0.0,0.0,0.4468160227835749,25.13412450840378,-0.06340357627150998,0.0,0.3170178813575499,0.0,0.0,0.0,wltp_class3b,PPO_seed21
1655,33.7314,-33360.98899332954,0.0,0.0,0.4466050459180197,25.13541856254906,-0.06270862592731118,0.0,0.31354312963655584,0.0,0.0,0.0,wltp_class3b,PPO_seed21
1656,33.8257,-32801.77953286672,0.0,0.0,0.446397598915287,25.136681144527646,-0.061657480324937446,0.0,0.3082874016246872,0.0,0.0,0.0,wltp_class3b,PPO_seed21
1657,33.9034,-32106.212120045537,0.0,0.0,0.44619454492599214,25.137903999474702,-0.060350022782040484,0.0,0.3017501139102024,0.0,0.0,0.0,wltp_class3b,PPO_seed21
1658,33.9637,-31325.475383622466,0.0,0.0,0.4459964234722505,25.139082397666495,-0.05888247252560615,0.0,0.2944123626280307,0.0,0.0,0.0,wltp_class3b,PPO_seed21
1659,34.0069,-30519.247313218344,0.0,0.0,0.4458033966647513,25.140215423762193,-0.05736700622785404,0.0,0.28683503113927017,0.0,0.0,0.0,wltp_class3b,PPO_seed21
1660,34.0343,-29744.529500966855,0.0,0.0,0.4456152660458729,25.141305514844017,-0.05591076973865951,0.0,0.2795538486932975,0.0,0.0,0.0,wltp_class3b,PPO_seed21
1661,34.0482,-29060.545709143204,0.0,0.0,0.4454314584710273,25.142358290471748,-0.05462508591944211,0.0,0.27312542959721053,0.0,0.0,0.0,wltp_class3b,PPO_seed21
1662,34.0519,-28528.44112013076,0.0,0.0,0.44525101390594884,25.143382420507102,-0.05362488932355406,0.0,0.2681244466177703,0.0,0.0,0.0,wltp_class3b,PPO_seed21
1663,34.0491,-28178.01668656636,0.0,0.0,0.4450727836448433,25.14438782967516,-0.05296619677926008,0.0,0.2648309838963004,0.0,0.0,0.0,wltp_class3b,PPO_seed21
1664,34.0442,-28056.094585520346,0.0,0.0,0.44489532264259685,25.14538671740294,-0.05273701989759464,0.0,0.2636850994879732,0.0,0.0,0.0,wltp_class3b,PPO_seed21
1665,34.0414,-28161.186330455985,0.0,0.0,0.4447171950694459,25.146391200129813,-0.0529345607715338,0.0,0.264672803857669,0.0,0.0,0.0,wltp_class3b,PPO_seed21
1666,34.0451,-28513.506547580902,0.0,0.0,0.4445368370411407,25.14741478372618,-0.0535968168187611,0.0,0.2679840840938055,0.0,0.0,0.0,wltp_class3b,PPO_seed21
1667,34.059,-29084.44327838126,0.0,0.0,0.4443528654458675,25.14847004114919,-0.05467000616237079,0.0,0.27335003081185394,0.0,0.0,0.0,wltp_class3b,PPO_seed21
1668,34.0864,-29860.949373078965,0.0,0.0,0.44416397950100944,25.149569652452726,-0.0561296040847349,0.0,0.2806480204236745,0.0,0.0,0.0,wltp_class3b,PPO_seed21
1669,34.1295,-30791.022395913056,0.0,0.0,0.4439692071594348,25.150724273854035,-0.057877861646453116,0.0,0.28938930823226555,0.0,0.0,0.0,wltp_class3b,PPO_seed21
1670,34.1898,-31842.723379859643,0.0,0.0,0.44376777822465063,25.15194352424421,-0.059854743195224894,0.0,0.29927371597612445,0.0,0.0,0.0,wltp_class3b,PPO_seed21
1671,34.2676,-32954.9652749748,0.0,0.0,0.4435593087535283,25.15323397124812,-0.06194542344920076,0.0,0.30972711724600377,0.0,0.0,0.0,wltp_class3b,PPO_seed21
1672,34.3619,-34057.91511315755,0.0,0.0,0.4433438564478022,25.154598044438316,-0.06401863743074727,0.0,0.32009318715373636,0.0,0.0,0.0,wltp_class3b,PPO_seed21
1673,34.471,-35111.3335554655,0.0,0.0,0.44312173353438183,25.156035394644405,-0.06599874728470959,0.0,0.3299937364235479,0.0,0.0,0.0,wltp_class3b,PPO_seed21
1674,34.592,-36044.301932702954,0.0,0.0,0.4428937009265783,25.15754043787974,-0.06775244724192285,0.0,0.3387622362096142,0.0,0.0,0.0,wltp_class3b,PPO_seed21
1675,34.7214,-36815.30766148269,0.0,0.0,0.44266078231437295,25.159103931723056,-0.06920170613060657,0.0,0.34600853065303283,0.0,0.0,0.0,wltp_class3b,PPO_seed21
1676,34.8552,-37385.872385421564,0.0,0.0,0.44242424506063305,25.160713047231045,-0.07027419621319843,0.0,0.3513709810659921,0.0,0.0,0.0,wltp_class3b,PPO_seed21
1677,34.9889,-37715.28822501381,0.0,0.0,0.44218561439630993,25.16235121668532,-0.07089339891919888,0.0,0.3544669945959944,0.0,0.0,0.0,wltp_class3b,PPO_seed21
1678,35.1183,-37806.548573109685,0.0,0.0,0.4419463969918738,25.164001459873248,-0.0710649409268979,0.0,0.3553247046344895,0.0,0.0,0.0,wltp_class3b,PPO_seed21
1679,35.2394,-37657.87327422102,0.0,0.0,0.44170811115853464,25.16564637210638,-0.07078547607936282,0.0,0.3539273803968141,0.0,0.0,0.0,wltp_class3b,PPO_seed21
1680,35.3484,-37268.38337077717,0.0,0.0,0.44147228113744547,25.167268517994742,-0.07005335220070896,0.0,0.3502667610035448,0.0,0.0,0.0,wltp_class3b,PPO_seed21
1681,35.4428,-36701.751549233515,0.0,0.0,0.4412400285880104,25.168855296192664,-0.06898825479179233,0.0,0.3449412739589616,0.0,0.0,0.0,wltp_class3b,PPO_seed21
1682,35.5205,-35974.230514466544,0.0,0.0,0.4410123725381835,25.17039567632563,-0.06762073404974915,0.0,0.3381036702487457,0.0,0.0,0.0,wltp_class3b,PPO_seed21
1683,35.5808,-35161.63472330784,0.0,0.0,0.4407898523926812,25.1718842872412,-0.06609329835208241,0.0,0.33046649176041204,0.0,0.0,0.0,wltp_class3b,PPO_seed21
1684,35.624,-34320.937364088495,0.0,0.0,0.4405726470338936,25.173319844137087,-0.06451304015806109,0.0,0.32256520079030543,0.0,0.0,0.0,wltp_class3b,PPO_seed21
1685,35.6513,-33506.111724786824,0.0,0.0,0.4403605937168675,25.174704651503912,-0.0629814130165166,0.0,0.3149070650825829,0.0,0.0,0.0,wltp_class3b,PPO_seed21
1686,35.6653,-32802.259515884456,0.0,0.0,0.44015299099163896,25.17604626614407,-0.061658382548654994,0.0,0.30829191274327494,0.0,0.0,0.0,wltp_class3b,PPO_seed21
1687,35.6689,-32233.894298080795,0.0,0.0,0.4399489820794443,25.177353408674698,-0.06059002687609172,0.0,0.3029501343804586,0.0,0.0,0.0,wltp_class3b,PPO_seed21
1688,35.6662,-31877.900325744667,0.0,0.0,0.4397472234092623,25.17863916039546,-0.05992086527395614,0.0,0.2996043263697807,0.0,0.0,0.0,wltp_class3b,PPO_seed21
1689,35.6612,-31738.391275189657,0.0,0.0,0.4395463451392889,25.179916588986625,-0.059658630216521916,0.0,0.29829315108260956,0.0,0.0,0.0,wltp_class3b,PPO_seed21
1690,35.6585,-31859.542978489015,0.0,0.0,0.43934469760958916,25.181201449698243,-0.05988635898212222,0.0,0.29943179491061106,0.0,0.0,0.0,wltp_class3b,PPO_seed21
1691,35.6621,-32217.613289047636,0.0,0.0,0.43914078118279,25.18250840999756,-0.060559423475653455,0.0,0.30279711737826726,0.0,0.0,0.0,wltp_class3b,PPO_seed21
1692,35.676,-32822.50857494989,0.0,0.0,0.43893303328973293,25.183853419227738,-0.061696444689755436,0.0,0.3084822234487772,0.0,0.0,0.0,wltp_class3b,PPO_seed21
1693,35.7034,-33638.40504846763,0.0,0.0,0.43872011785305315,25.185251150841445,-0.06323008467757074,0.0,0.3161504233878537,0.0,0.0,0.0,wltp_class3b,PPO_seed21
1694,35.7466,-34622.331277606514,0.0,0.0,0.43850097054480436,25.186714561538942,-0.06507957007068894,0.0,0.3253978503534447,0.0,0.0,0.0,wltp_class3b,PPO_seed21
1695,35.8069,-35723.72605282816,0.0,0.0,0.43827484685307433,25.188254207838266,-0.0671498610015567,0.0,0.3357493050077835,0.0,0.0,0.0,wltp_class3b,PPO_seed21
1696,35.8846,-36889.65083026061,0.0,0.0,0.4380413371736785,25.18987772064179,-0.0693414489290613,0.0,0.3467072446453065,0.0,0.0,0.0,wltp_class3b,PPO_seed21
1697,35.979,-38064.36924326362,0.0,0.0,0.43780038458181875,25.191589132296986,-0.07154956624673613,0.0,0.35774783123368065,0.0,0.0,0.0,wltp_class3b,PPO_seed21
1698,36.088,-39165.39428362719,0.0,0.0,0.43755245425584577,25.193386335892775,-0.07361916218726915,0.0,0.36809581093634575,0.0,0.0,0.0,wltp_class3b,PPO_seed21
1699,36.209,-40158.21853441449,0.0,0.0,0.4372982298887764,25.195264036798548,-0.07548537318498966,0.0,0.37742686592494823,0.0,0.0,0.0,wltp_class3b,PPO_seed21
1700,36.3385,-40982.36266829595,0.0,0.0,0.43703877819294307,25.197211481066617,-0.07703451629378938,0.0,0.3851725814689469,0.0,0.0,0.0,wltp_class3b,PPO_seed21
1701,36.4722,-41579.477895835844,0.0,0.0,0.43677553554892623,25.199212327748132,-0.07815691333803731,0.0,0.3907845666901865,0.0,0.0,0.0,wltp_class3b,PPO_seed21
1702,36.2007,-18033.726291648378,0.0,0.0,0.4366613579487703,25.199875238371096,-0.033897981751218755,0.0,0.16948990875609377,0.0,0.0,0.0,wltp_class3b,PPO_seed21
1703,35.9249,-17237.29470967062,0.0,0.0,0.4365522273860047,25.200499357992644,-0.032400929905395906,0.0,0.16200464952697952,0.0,0.0,0.0,wltp_class3b,PPO_seed21
1704,35.6407,-16210.468440395318,0.0,0.0,0.43644960214667994,25.201078668401916,-0.03047080533908894,0.0,0.1523540266954447,0.0,0.0,0.0,wltp_class3b,PPO_seed21
1705,35.3445,-14980.530565436176,0.0,0.0,0.43635476766315084,25.20160914182561,-0.028158892040293565,0.0,0.14079446020146782,0.0,0.0,0.0,wltp_class3b,PPO_seed21
1706,35.0336,-13598.4870344192,0.0,0.0,0.4362686863260905,25.202089396786114,-0.02556106585417143,0.0,0.12780532927085714,0.0,0.0,0.0,wltp_class3b,PPO_seed21
1707,34.7061,-12110.700763310035,0.0,0.0,0.4361920268822684,25.202520268531583,-0.022764475119003827,0.0,0.11382237559501912,0.0,0.0,0.0,wltp_class3b,PPO_seed21
1708,34.3612,-10580.680884992653,0.0,0.0,0.4361250559236817,25.20290475784088,-0.01988849790412153,0.0,0.09944248952060764,0.0,0.0,0.0,wltp_class3b,PPO_seed21
1709,33.9991,-9066.380421928223,0.0,0.0,0.43606767310814665,25.203247269116304,-0.017042068462271097,0.0,0.08521034231135548,0.0,0.0,0.0,wltp_class3b,PPO_seed21
1710,33.6213,-7641.234367608814,0.0,0.0,0.43601931324905707,25.203553209842827,-0.014363222495505291,0.0,0.07181611247752645,0.0,0.0,0.0,wltp_class3b,PPO_seed21
1711,33.2299,-6339.804053791478,0.0,0.0,0.4359791924398782,25.2038277922823,-0.011916924913141877,0.0,0.05958462456570938,0.0,0.0,0.0,wltp_class3b,PPO_seed21
1712,32.8284,-5237.245775249996,0.0,0.0,0.43594605124823693,25.20407618142488,-0.00984444694595864,0.0,0.049222234729793195,0.0,0.0,0.0,wltp_class3b,PPO_seed21
1713,32.4204,-4338.620711373755,0.0,0.0,0.43591859839595776,25.204302489252346,-0.00815530208904841,0.0,0.040776510445242053,0.0,0.0,0.0,wltp_class3b,PPO_seed21
1714,32.0102,-3678.452741435298,0.0,0.0,0.4358953243853666,25.204510166038617,-0.006914384852321988,0.0,0.03457192426160994,0.0,0.0,0.0,wltp_class3b,PPO_seed21
1715,31.6022,-3259.1146969147876,0.0,0.0,0.4358747049885052,25.204701923250212,-0.006126155445328549,0.0,0.03063077722664274,0.0,0.0,0.0,wltp_class3b,PPO_seed21
1716,31.2006,-3067.20953391533,0.0,0.0,0.4358553010273789,25.2048799442924,-0.005765431454728065,0.0,0.02882715727364032,0.0,0.0,0.0,wltp_class3b,PPO_seed21
1717,30.8093,-3084.330081504641,0.0,0.0,0.4358357900447815,25.20504615596529,-0.0057976129351591,0.0,0.028988064675795497,0.0,0.0,0.0,wltp_class3b,PPO_seed21
1718,30.4314,-3268.151335582245,0.0,0.0,0.43581511755477026,25.205202314669528,-0.006143141608237302,0.0,0.03071570804118651,0.0,0.0,0.0,wltp_class3b,PPO_seed21
1719,30.0694,-3587.1032606804156,0.0,0.0,0.43579242893537284,25.205350173947597,-0.006742675302030857,0.0,0.03371337651015428,0.0,0.0,0.0,wltp_class3b,PPO_seed21
1720,29.7244,-3972.693793147074,0.0,0.0,0.43576730288491144,25.205491223230645,-0.007467469535990741,0.0,0.037337347679953704,0.0,0.0,0.0,wltp_class3b,PPO_seed21
1721,29.3969,-4395.650776564585,0.0,0.0,0.43573950327484756,25.205626826454406,-0.008262501459707866,0.0,0.04131250729853933,0.0,0.0,0.0,wltp_class3b,PPO_seed21
1722,29.086,-4790.342912124919,0.0,0.0,0.435709209041549,25.205757793037353,-0.009004403970159624,0.0,0.045022019850798116,0.0,0.0,0.0,wltp_class3b,PPO_seed21
1723,28.7898,-5110.693988489166,0.0,0.0,0.4356768904487076,25.205884347997905,-0.009606567647536028,0.0,0.048032838237680134,0.0,0.0,0.0,wltp_class3b,PPO_seed21
1724,28.5056,-5320.3656734602255,0.0,0.0,0.43564324746867955,25.20600612616622,-0.010000687356128244,0.0,0.05000343678064122,0.0,0.0,0.0,wltp_class3b,PPO_seed21
1725,28.2298,-5378.924018550147,0.0,0.0,0.43560923565488097,25.206122121614516,-0.010110759433364938,0.0,0.050553797166824684,0.0,0.0,0.0,wltp_class3b,PPO_seed21
1726,27.9583,-5264.287570746423,0.0,0.0,0.43557595007456684,25.20623095666434,-0.009895277388621096,0.0,0.04947638694310548,0.0,0.0,0.0,wltp_class3b,PPO_seed21
1727,27.6869,-4972.485258010201,0.0,0.0,0.43554451079219547,25.206331232667733,-0.009346776800771053,0.0,0.04673388400385527,0.0,0.0,0.0,wltp_class3b,PPO_seed21
1728,27.411,-4486.895273090353,0.0,0.0,0.43551614285165663,25.20642161675611,-0.008434013671222469,0.0,0.04217006835611234,0.0,0.0,0.0,wltp_class3b,PPO_seed21
1729,27.1268,-3843.768036920046,0.0,0.0,0.43549184199065477,25.20650149606052,-0.007225127888947455,0.0,0.036125639444737276,0.0,0.0,0.0,wltp_class3b,PPO_seed21
1730,26.8306,-3049.6940280205094,0.0,0.0,0.4354725621696526,25.20657081718782,-0.005732507571467123,0.0,0.028662537857335614,0.0,0.0,0.0,wltp_class3b,PPO_seed21
1731,26.5197,-2150.191919494189,0.0,0.0,0.435458969473975,25.20663034986641,-0.004041714134387573,0.0,0.020208570671937865,0.0,0.0,0.0,wltp_class3b,PPO_seed21
1732,26.1922,-1182.350917767279,0.0,0.0,0.43545149542982553,25.206681465671174,-0.002222464131141502,0.0,0.01111232065570751,0.0,0.0,0.0,wltp_class3b,PPO_seed21
1733,25.8473,-195.34463057056033,0.0,0.0,0.43545026064632913,25.206725925930517,-0.0003671891552078202,0.0,0.0018359457760391009,0.0,0.0,0.0,wltp_class3b,PPO_seed21
1734,25.4852,0.0,0.0,552.1209975716274,0.43545026064632913,25.206764988039808,0.0,0.0,0.0,0.0,0.0,0.0,wltp_class3b,PPO_seed21
1735,25.1074,1187.8897022064364,0.0,0.0,0.4354577686474904,25.206800319454413,0.06428894794347315,0.0,0.011164376900436432,0.047515588088257454,0.0,0.0,wltp_class3b,PPO_seed21
1736,24.7161,1746.3772067077125,0.0,0.0,0.4354688059964884,25.20683208530056,0.09451445965324898,0.0,0.01641331961191459,0.0698550882683085,0.0,0.0,wltp_class3b,PPO_seed21
1737,24.3145,2200.4811986455625,0.0,0.0,0.4354827126537391,25.206860608150407,0.11909070426955456,0.0,0.02068121427298461,0.0880192479458225,0.0,0.0,wltp_class3b,PPO_seed21
1738,23.9065,2533.3506250876003,0.0,0.0,0.4354987221910608,25.206885890476293,0.13710569773970332,0.0,0.02380968632601128,0.10133402500350401,0.0,0.0,wltp_class3b,PPO_seed21
1739,23.4963,2740.5287418390853,0.0,0.0,0.43551604013917516,25.20690771231343,0.14831823972750177,0.0,0.02575684907743501,0.10962114967356341,0.0,0.0,wltp_class3b,PPO_seed21
1740,23.0883,2821.1886476097443,0.0,0.0,0.4355338669305131,25.206925726708697,0.1526835780864281,0.0,0.02651493089858782,0.11284754590438976,0.0,0.0,wltp_class3b,PPO_seed21
1741,22.6867,2785.4497243016776,0.0,0.0,0.43555146706245007,25.206939602298714,0.1507493768084472,0.0,0.026179038762233812,0.1114179889720671,0.0,0.0,wltp_class3b,PPO_seed21
1742,22.2954,2645.7698779396096,0.0,0.0,0.43556818385434354,25.20694910606496,0.1431898615143557,0.0,0.02486625825131212,0.10583079511758438,0.0,0.0,wltp_class3b,PPO_seed21
1743,21.9175,2426.4826817362095,0.0,0.0,0.43558351445569016,25.206954204102157,0.13132197250479125,0.0,0.02280528836218242,0.09705930726944838,0.0,0.0,wltp_class3b,PPO_seed21
1744,21.5555,2145.660498014689,0.0,0.0,0.43559707025332534,25.206955030728405,0.11612379146398294,0.0,0.020165982124198206,0.08582641992058757,0.0,0.0,wltp_class3b,PPO_seed21
1745,21.2105,1839.4994147306907,0.0,0.0,0.4356086913419994,25.206951933614064,0.09955426155813167,0.0,0.01728852833393506,0.07357997658922763,0.0,0.0,wltp_class3b,PPO_seed21
1746,20.883,1523.245743805291,0.0,0.0,0.43561831413721835,25.20694532912966,0.08243851777376304,0.0,0.014316219396666269,0.060929829752211645,0.0,0.0,wltp_class3b,PPO_seed21
1747,20.5721,1229.9520694141324,0.0,0.0,0.43562608384292845,25.206935706566412,0.06656537590708966,0.0,0.011559699900508763,0.049198082776565295,0.0,0.0,wltp_class3b,PPO_seed21
1748,20.276,979.6186483832115,0.0,0.0,0.43563227197355536,25.20692352695783,0.05301725587264929,0.0,0.00920694218405274,0.03918474593532846,0.0,0.0,wltp_class3b,PPO_seed21
1749,19.9917,208.70810840278864,0.0,589.5212571982747,0.4356335903172239,25.206908635039625,0.011295345596114831,0.0,0.00196154237220666,0.008348324336111546,0.0,0.0,wltp_class3b,PPO_seed21
1750,19.7159,0.0,0.0,690.614578907928,0.4356335903172239,25.20689213279532,0.0,0.0,0.0,0.0,0.0,0.0,wltp_class3b,PPO_seed21
1751,19.4444,0.0,0.0,674.6788660258635,0.4356335903172239,25.20687420356698,0.0,0.0,0.0,0.0,0.0,0.0,wltp_class3b,PPO_seed21
1752,19.1167,1968.5049227612844,0.0,0.0,0.4356460238074841,25.206858635196845,0.10653607845139643,0.0,0.018500986116177485,0.07874019691045138,0.0,0.0,wltp_class3b,PPO_seed21
1753,18.7846,2126.6306677683965,0.0,0.0,0.4356594556482187,25.206842111771966,0.11509389132779638,0.0,0.01998713033616914,0.08506522671073587,0.0,0.0,wltp_class3b,PPO_seed21
1754,18.4441,2360.243969810679,0.0,0.0,0.4356743625521355,25.20682510740268,0.1277371134939644,0.0,0.022182744077168037,0.09440975879242716,0.0,0.0,wltp_class3b,PPO_seed21
1755,18.0917,2654.5471818101137,0.0,0.0,0.4356911277299288,25.20680810636353,0.143664891839618,0.0,0.02494875170874167,0.10618188727240455,0.0,0.0,wltp_class3b,PPO_seed21
1756,17.7245,2992.815917429302,0.0,0.0,0.4357100287327886,25.206791588615474,0.16197209754628658,0.0,0.028127969148771633,0.11971263669717208,0.0,0.0,wltp_class3b,PPO_seed21
1757,17.3407,3348.865967936761,0.0,0.0,0.4357311777231372,25.206775944962043,0.1812416333624722,0.0,0.03147430420993196,0.13395463871747043,0.0,0.0,wltp_class3b,PPO_seed21
1758,16.9395,3699.7913191739726,0.0,0.0,0.435754542197157,25.206761438847685,0.20023381891288916,0.0,0.03477247480426666,0.14799165276695891,0.0,0.0,wltp_class3b,PPO_seed21
1759,16.5212,4022.4017550861918,0.0,0.0,0.43577994320908164,25.206748147008078,0.21769359273015346,0.0,0.037804527773366466,0.16089607020344768,0.0,0.0,wltp_class3b,PPO_seed21
1760,16.087,4299.257586244499,0.0,0.0,0.43580709170440085,25.20673595516034,0.23267711357735263,0.0,0.04040655626169642,0.17197030344977995,0.0,0.0,wltp_class3b,PPO_seed21
1761,15.6395,4506.306946155334,0.0,0.0,0.4358355467833768,25.206724474892788,0.24388268720621126,0.0,0.04235250889243735,0.18025227784621337,0.0,0.0,wltp_class3b,PPO_seed21
1762,15.1816,4641.597789129718,0.0,0.0,0.4358648552679556,25.20671322431391,0.2512046683169602,0.0,0.04362403937151991,0.18566391156518872,0.0,0.0,wltp_class3b,PPO_seed21
1763,14.7174,4689.697156984788,0.0,0.0,0.43589446658350584,25.206701532394497,0.2538078205712519,0.0,0.044076101099481096,0.18758788627939152,0.0,0.0,wltp_class3b,PPO_seed21
1764,14.2509,4659.005980206507,0.0,0.0,0.4359238832564953,25.206688782462834,0.25214680485358226,0.0,0.04378765018991078,0.18636023920826028,0.0,0.0,wltp_class3b,PPO_seed21
1765,13.7866,4548.9606973062955,0.0,0.0,0.435952604305274,25.206674367599657,0.24619112104669713,0.0,0.042753390012277216,0.18195842789225183,0.0,0.0,wltp_class3b,PPO_seed21
1766,13.3288,4370.677817138095,0.0,0.0,0.43598019898000073,25.206657822266813,0.2365423979530827,0.0,0.04107779903325277,0.17482711268552378,0.0,0.0,wltp_class3b,PPO_seed21
1767,12.8812,4140.504196648252,0.0,0.0,0.43600633977106135,25.20663887578875,0.22408533238702344,0.0,0.038914513126393345,0.1656201678659301,0.0,0.0,wltp_class3b,PPO_seed21
1768,12.4471,3870.5061085037887,0.0,0.0,0.43603077536838414,25.206617409135394,0.20947295465421256,0.0,0.036376937109998016,0.15482024434015154,0.0,0.0,wltp_class3b,PPO_seed21
1769,12.0287,3580.858522013894,0.0,0.0,0.43605338184105374,25.206593495379888,0.19379714016132335,0.0,0.03365468535727344,0.14323434088055575,0.0,0.0,wltp_class3b,PPO_seed21
1770,11.6275,3283.989669427945,0.0,0.0,0.43607411371702026,25.20656731007048,0.17773050857550637,0.0,0.030864564562292716,0.13135958677711781,0.0,0.0,wltp_class3b,PPO_seed21
1771,11.2438,2996.870554133422,0.0,0.0,0.43609303265310123,25.206539129869302,0.16219153570415315,0.0,0.028166076636592312,0.11987482216533688,0.0,0.0,wltp_class3b,PPO_seed21
1772,10.8766,2735.27165127893,0.0,0.0,0.4361102998477676,25.206509289620804,0.1480337244053063,0.0,0.025707440331568892,0.10941086605115721,0.0,0.0,wltp_class3b,PPO_seed21
1773,10.5241,2506.8497121180026,0.0,0.0,0.43612612481589247,25.206478115121953,0.13567146035958932,0.0,0.023560617595094008,0.1002739884847201,0.0,0.0,wltp_class3b,PPO_seed21
1774,10.1836,2319.168240343506,0.0,0.0,0.4361407647993001,25.2064459156515,0.12551408266159816,0.0,0.021796693988190848,0.09276672961374025,0.0,0.0,wltp_class3b,PPO_seed21
1775,9.8516,2177.4191374637753,0.0,0.0,0.43615450979565507,25.206412972542907,0.11784257858243799,0.0,0.02046446557766706,0.08709676549855101,0.0,0.0,wltp_class3b,PPO_seed21
1776,9.5238,2085.687532087794,0.0,0.0,0.43616767557272745,25.206379541220585,0.11287803651103713,0.0,0.01960232642939656,0.08342750128351176,0.0,0.0,wltp_class3b,PPO_seed21
1777,9.1961,2036.6924424016124,0.0,0.0,0.43618053192220296,25.206345818483715,0.1102264075218557,0.0,0.01914184626317305,0.0814676976960645,0.0,0.0,wltp_class3b,PPO_seed21
1778,8.864,2029.2523034748392,0.0,0.0,0.43619334116513725,25.20631198150309,0.10982374496550294,0.0,0.019071920145440218,0.08117009213899357,0.0,0.0,wltp_class3b,PPO_seed21
1779,8.5235,2052.7798756103307,0.0,0.0,0.43620629878260486,25.206278161756227,0.11109706424543729,0.0,0.019293043943706116,0.08211119502441323,0.0,0.0,wltp_class3b,PPO_seed21
1780,8.171,2097.9893303292297,0.0,0.0,0.4362195416343064,25.20624445605031,0.11354381353165259,0.0,0.019717944833921332,0.08391957321316919,0.0,0.0,wltp_class3b,PPO_seed21
1781,7.8039,2150.6497854234944,0.0,0.0,0.4362331167479847,25.206210907236613,0.11639381319908505,0.0,0.020212873923153143,0.08602599141693978,0.0,0.0,wltp_class3b,PPO_seed21
1782,7.4201,2201.9564450803878,0.0,0.0,0.4362470155734746,25.206177522842108,0.11917054505029046,0.0,0.020695079371056278,0.08807825780321552,0.0,0.0,wltp_class3b,PPO_seed21
1783,7.0189,2236.8364461948368,0.0,0.0,0.4362611344215129,25.206144245247526,0.12105826120083032,0.0,0.0210228989304026,0.08947345784779347,0.0,0.0,wltp_class3b,PPO_seed21
1784,6.6005,2246.5177121789925,0.0,0.0,0.43627531423822735,25.20611097584049,0.12158221422755178,0.0,0.021113888272358952,0.0898607084871597,0.0,0.0,wltp_class3b,PPO_seed21
1785,6.1664,2221.6173240818766,0.0,0.0,0.4362893367520413,25.20607757468867,0.12023459773489735,0.0,0.02087986206843869,0.08886469296327507,0.0,0.0,wltp_class3b,PPO_seed21
1786,5.7188,2159.660358173735,0.0,0.0,0.4363029680778289,25.206043896335512,0.11688146810627476,0.0,0.020297559757271946,0.08638641432694939,0.0,0.0,wltp_class3b,PPO_seed21
1787,5.261,2058.0341626922204,0.0,0.0,0.4363159578476074,25.206009797707388,0.11138142784254587,0.0,0.019342426341092296,0.08232136650768881,0.0,0.0,wltp_class3b,PPO_seed21
1788,4.7967,1920.7762311974982,0.0,0.0,0.43632808118382954,25.20597517280877,0.1039529873094706,0.0,0.01805240818794641,0.07683104924789992,0.0,0.0,wltp_class3b,PPO_seed21
1789,4.3303,1751.9741244177492,0.0,0.0,0.4363391390131404,25.2059399562934,0.09481736652299969,0.0,0.016465922221971328,0.07007896497670997,0.0,0.0,wltp_class3b,PPO_seed21
1790,3.866,1561.2394501091371,0.0,0.0,0.4363489929297137,25.205904140691196,0.08449474858560577,0.0,0.014673303102529484,0.062449578004365486,0.0,0.0,wltp_class3b,PPO_seed21
1791,3.4082,1356.3388552643314,0.0,0.0,0.43635755354761385,25.20586776137352,0.07340546676836585,0.0,0.012747545632183567,0.054253554210573256,0.0,0.0,wltp_class3b,PPO_seed21
1792,2.9606,1147.9491720596077,0.0,0.0,0.43636479886640983,25.205830892537772,0.06212735443973726,0.0,0.010788995978003832,0.04591796688238431,0.0,0.0,wltp_class3b,PPO_seed21
1793,2.5264,944.2147249339231,0.0,0.0,0.4363707582853675,25.205793626276304,0.051101184887777276,0.0,0.00887419854261206,0.037768588997356925,0.0,0.0,wltp_class3b,PPO_seed21
1794,2.1081,752.0627455024428,0.0,0.0,0.4363755049209892,25.20575605849004,0.040701861970876566,0.0,0.007068258886301154,0.030082509820097712,0.0,0.0,wltp_class3b,PPO_seed21
1795,1.7069,577.3466699264021,0.0,0.0,0.43637914882966417,25.20571827831866,0.0312461754145131,0.0,0.005426190506827087,0.023093866797056085,0.0,0.0,wltp_class3b,PPO_seed21
1796,1.3231,422.39364439206975,0.0,0.0,0.43638181475197363,25.205680359098945,0.02286007107018134,0.0,0.003969865078872836,0.01689574577568279,0.0,0.0,wltp_class3b,PPO_seed21
1797,1.1905,0.0,0.0,45.289071735257004,0.43638181475197363,25.205642278038297,0.0,0.0,0.0,0.0,0.0,0.0,wltp_class3b,PPO_seed21
1798,0.7937,265.31662821937834,0.0,0.0,0.43638348928740117,25.20560427051289,0.014359015713707407,0.0,0.0024935773328888943,0.010612665128775133,0.0,0.0,wltp_class3b,PPO_seed21
1799,0.3968,132.76514269268017,0.0,0.0,0.4363843272289652,25.20556622021482,0.0071852894518940735,0.0,0.0012477926944800767,0.0053106057077072066,0.0,0.0,wltp_class3b,PPO_seed21
