step,speed_mps,applied_power_w,power_deficit_w,friction_braking_w,soc,temperature_c,reward,rc_tracking_error,rc_energy_cost,rc_regen_recovery,rc_thermal_stress,rc_safety_penalty,cycle_id,controller
1,0.0,0.0,0.0,0.0,0.5,25.0,0.0,0.0,0.0,0.0,0.0,0.0,epa_udds,PPO_seed7
2,0.0,0.0,0.0,0.0,0.5,25.0,0.0,0.0,0.0,0.0,0.0,0.0,epa_udds,PPO_seed7
3,0.0,0.0,0.0,0.0,0.5,25.0,0.0,0.0,0.0,0.0,0.0,0.0,epa_udds,PPO_seed7
4,0.0,0.0,0.0,0.0,0.5,25.0,0.0,0.0,0.0,0.0,0.0,0.0,epa_udds,PPO_seed7
5,0.0,0.0,0.0,0.0,0.5,25.0,0.0,0.0,0.0,0.0,0.0,0.0,epa_udds,PPO_seed7
6,0.0,0.0,0.0,0.0,0.5,25.0,0.0,0.0,0.0,0.0,0.0,0.0,epa_udds,PPO_seed7
7,0.0,0.0,0.0,0.0,0.5,25.0,0.0,0.0,0.0,0.0,0.0,0.0,epa_udds,PPO_seed7
8,0.0,0.0,0.0,0.0,0.5,25.0,0.0,0.0,0.0,0.0,0.0,0.0,epa_udds,PPO_seed7
9,0.0,0.0,0.0,0.0,0.5,25.0,0.0,0.0,0.0,0.0,0.0,0.0,epa_udds,PPO_seed7
10,0.0,0.0,0.0,0.0,0.5,25.0,0.0,0.0,0.0,0.0,0.0,0.0,epa_udds,PPO_seed7
11,0.0,0.0,0.0,0.0,0.5,25.0,0.0,0.0,0.0,0.0,0.0,0.0,epa_udds,PPO_seed7
12,0.0,0.0,0.0,0.0,0.5,25.0,0.0,0.0,0.0,0.0,0.0,0.0,epa_udds,PPO_seed7
13,0.0,0.0,0.0,0.0,0.5,25.0,0.0,0.0,0.0,0.0,0.0,0.0,epa_udds,PPO_seed7
14,0.0,0.0,0.0,0.0,0.5,25.0,0.0,0.0,0.0,0.0,0.0,0.0,epa_udds,PPO_seed7
15,0.0,0.0,0.0,0.0,0.5,25.0,0.0,0.0,0.0,0.0,0.0,0.0,epa_udds,PPO_seed7
16,0.0,0.0,0.0,0.0,0.5,25.0,0.0,0.0,0.0,0.0,0.0,0.0,epa_udds,PPO_seed7
17,0.0,0.0,0.0,0.0,0.5,25.0,0.0,0.0,0.0,0.0,0.0,0.0,epa_udds,PPO_seed7
18,0.0,0.0,0.0,0.0,0.5,25.0,0.0,0.0,0.0,0.0,0.0,0.0,epa_udds,PPO_seed7
19,0.0,0.0,0.0,0.0,0.5,25.0,0.0,0.0,0.0,0.0,0.0,0.0,epa_udds,PPO_seed7
20,0.0,0.0,0.0,0.0,0.5,25.0,0.0,0.0,0.0,0.0,0.0,0.0,epa_udds,PPO_seed7
21,0.0,0.0,0.0,0.0,0.5,25.0,0.0,0.0,0.0,0.0,0.0,0.0,epa_udds,PPO_seed7
22,0.3353,-226.07389744843724,0.0,0.0,0.4999985780979317,25.000000048309246,-0.0004249509350534535,0.0,0.0021247546752672674,0.0,0.0,0.0,epa_udds,PPO_seed7
23,0.6706,-452.28032625416466,0.0,0.0,0.49999573345800014,25.000000241670623,-0.0008501509891995578,0.0,0.004250754945997789,0.0,0.0,0.0,epa_udds,PPO_seed7
24,1.0058,-678.5277643686871,0.0,0.0,0.49999146581679005,25.000000676977383,-0.0012754281285125698,0.0,0.006377140642562849,0.0,0.0,0.0,epa_udds,PPO_seed7
25,1.3411,-905.5531694028277,0.0,0.0,0.49998577027261154,25.000001452638365,-0.0017021676116594508,0.0,0.008510838058297254,0.0,0.0,0.0,epa_udds,PPO_seed7
26,1.6764,-1132.9522025621486,0.0,0.0,0.4999786444638391,25.00000266749328,-0.0021296094033123095,0.0,0.010648047016561546,0.0,0.0,0.0,epa_udds,PPO_seed7
27,2.0117,-1361.013852981718,0.0,0.0,0.49997008420827793,25.000004421985608,-0.002558296716131049,0.0,0.012791483580655244,0.0,0.0,0.0,epa_udds,PPO_seed7
28,2.7894,-3812.872009899653,0.0,0.0,0.49994610259931166,25.000018170912927,-0.007167052650187318,0.0,0.03583526325093659,0.0,0.0,0.0,epa_udds,PPO_seed7
29,3.1247,-2124.4801819076883,0.0,0.0,0.49993274020385936,25.000022459662794,-0.003993383800578362,0.0,0.019966919002891808,0.0,0.0,0.0,epa_udds,PPO_seed7
30,3.4242,-2141.3554372566655,0.0,0.0,0.4999192715798026,25.000026828725375,-0.0040251042053696725,0.0,0.02012552102684836,0.0,0.0,0.0,epa_udds,PPO_seed7
31,3.6907,-2122.658311047381,0.0,0.0,0.49990592047095705,25.00003113691406,-0.00398995923129207,0.0,0.01994979615646035,0.0,0.0,0.0,epa_udds,PPO_seed7
32,3.9298,-2096.8724302685746,0.0,0.0,0.4998927314693416,25.00003535844169,-0.003941489530580027,0.0,0.019707447652900136,0.0,0.0,0.0,epa_udds,PPO_seed7
33,4.1493,-2091.7978440989486,0.0,0.0,0.49987957430887203,25.000039577406508,-0.0039319508347724595,0.0,0.019659754173862298,0.0,0.0,0.0,epa_udds,PPO_seed7
34,4.3586,-2132.7042083472033,0.0,0.0,0.4998661597760342,25.000043978573576,-0.0040088424968932395,0.0,0.0200442124844662,0.0,0.0,0.0,epa_udds,PPO_seed7
35,4.568,-2240.879475773714,0.0,0.0,0.4998520647499987,25.00004884757275,-0.0042121794657400645,0.0,0.021060897328700322,0.0,0.0,0.0,epa_udds,PPO_seed7
36,4.7875,-2429.5351310395786,0.0,0.0,0.4998367829991323,25.00005457278903,-0.004566795359096952,0.0,0.02283397679548476,0.0,0.0,0.0,epa_udds,PPO_seed7
37,5.0266,-2711.0392619135573,0.0,0.0,0.4998197304818524,25.000061693454956,-0.005095938462243529,0.0,0.025479692311217644,0.0,0.0,0.0,epa_udds,PPO_seed7
38,5.2931,-3088.9065201897806,0.0,0.0,0.4998003010294584,25.000070919670364,-0.005806215263514626,0.0,0.029031076317573127,0.0,0.0,0.0,epa_udds,PPO_seed7
39,5.5926,-3561.4572179881384,0.0,0.0,0.49977789901306097,25.000083159490984,-0.006694468454864922,0.0,0.03347234227432461,0.0,0.0,0.0,epa_udds,PPO_seed7
40,5.9278,-4117.521620780175,0.0,0.0,0.49975199903119344,25.000099491125763,-0.0077397022946995775,0.0,0.038698511473497885,0.0,0.0,0.0,epa_udds,PPO_seed7
41,6.299,-4744.857342168054,0.0,0.0,0.49972215265279196,25.000121150341617,-0.00891890477851138,0.0,0.0445945238925569,0.0,0.0,0.0,epa_udds,PPO_seed7
42,6.5168,-3364.525294672221,0.0,0.0,0.49970098864115364,25.0001323189773,-0.006324295666677107,0.0,0.031621478333385536,0.0,0.0,0.0,epa_udds,PPO_seed7
43,6.7619,-3791.117457751502,0.0,0.0,0.4996771410290928,25.000146433486453,-0.007126160634871244,0.0,0.03563080317435622,0.0,0.0,0.0,epa_udds,PPO_seed7
44,7.0267,-4169.942543994067,0.0,0.0,0.49965091021689007,25.000163473397684,-0.007838237864650502,0.0,0.03919118932325251,0.0,0.0,0.0,epa_udds,PPO_seed7
45,7.3017,-4465.85146121698,0.0,0.0,0.4996228177157738,25.000183017692525,-0.008394457633866505,0.0,0.041972288169332524,0.0,0.0,0.0,epa_udds,PPO_seed7
46,7.5766,-4650.964726309857,0.0,0.0,0.49959356043477593,25.0002042588924,-0.008742414899078678,0.0,0.04371207449539339,0.0,0.0,0.0,epa_udds,PPO_seed7
47,7.8414,-4709.07636144006,0.0,0.0,0.4995639372616718,25.00022612561936,-0.008851647295939962,0.0,0.044258236479699814,0.0,0.0,0.0,epa_udds,PPO_seed7
48,8.0865,-4626.960664789205,0.0,0.0,0.49953483032345314,25.000247384194072,-0.008697294482686475,0.0,0.04348647241343238,0.0,0.0,0.0,epa_udds,PPO_seed7
49,8.3043,-4416.297377401688,0.0,0.0,0.49950704831515946,25.00026695756898,-0.00830131085977761,0.0,0.04150655429888805,0.0,0.0,0.0,epa_udds,PPO_seed7
50,8.4892,-4095.6162225741837,0.0,0.0,0.4994812833983888,25.000284058964,-0.007698526734161999,0.0,0.038492633670809996,0.0,0.0,0.0,epa_udds,PPO_seed7
51,8.6382,-3698.0230017357394,0.0,0.0,0.49945801949105245,25.00029832592368,-0.006951171055894247,0.0,0.03475585527947123,0.0,0.0,0.0,epa_udds,PPO_seed7
52,8.7514,-3269.222699936502,0.0,0.0,0.49943745298958914,25.00030984511899,-0.006145155451008463,0.0,0.030725777255042313,0.0,0.0,0.0,epa_udds,PPO_seed7
53,8.8316,-2853.1246902356,0.0,0.0,0.49941950404953755,25.000319011668672,-0.005363016335029324,0.0,0.026815081675146617,0.0,0.0,0.0,epa_udds,PPO_seed7
54,8.8845,-2497.798310354601,0.0,0.0,0.4994037904066246,25.00032641561745,-0.004695109605929702,0.0,0.023475548029648508,0.0,0.0,0.0,epa_udds,PPO_seed7
55,8.9177,-2236.9426178465133,0.0,0.0,0.49938971777748176,25.000332668861414,-0.004204779356854349,0.0,0.02102389678427174,0.0,0.0,0.0,epa_udds,PPO_seed7
56,8.9408,-2104.428414366497,0.0,0.0,0.49937647878204533,25.000338382073217,-0.003955692508207701,0.0,0.019778462541038502,0.0,0.0,0.0,epa_udds,PPO_seed7
57,8.9639,-2112.0379597347664,0.0,0.0,0.4993631919065175,25.000344122989638,-0.003969996164914975,0.0,0.019849980824574873,0.0,0.0,0.0,epa_udds,PPO_seed7
58,8.9971,-2264.358524312865,0.0,0.0,0.4993489467697586,25.00035049208367,-0.004256313015625686,0.0,0.02128156507812843,0.0,0.0,0.0,epa_udds,PPO_seed7
59,9.05,-2560.0670886267517,0.0,0.0,0.49933284130382694,25.000358215537318,-0.004812156181629233,0.0,0.024060780908146163,0.0,0.0,0.0,epa_udds,PPO_seed7
60,9.1302,-2978.2837090653843,0.0,0.0,0.49931410478220384,25.00036814891051,-0.005598277648619143,0.0,0.027991388243095716,0.0,0.0,0.0,epa_udds,PPO_seed7
61,9.2434,-3500.9694437381763,0.0,0.0,0.49929207994076596,25.000381324573368,-0.006580769631086798,0.0,0.032903848155433985,0.0,0.0,0.0,epa_udds,PPO_seed7
62,9.3924,-4095.7379341578094,0.0,0.0,0.4992663132319572,25.00039883818311,-0.007698755515334228,0.0,0.03849377757667114,0.0,0.0,0.0,epa_udds,PPO_seed7
63,9.5773,-4730.889879110793,0.0,0.0,0.4992365505005984,25.000421748413864,-0.008892650148704499,0.0,0.04446325074352249,0.0,0.0,0.0,epa_udds,PPO_seed7
64,9.7951,-5363.984600278708,0.0,0.0,0.4992028045631228,25.00045083070779,-0.01008267782007276,0.0,0.0504133891003638,0.0,0.0,0.0,epa_udds,PPO_seed7
65,10.0402,-5953.181543529833,0.0,0.0,0.49916535144534646,25.000486382328322,-0.01119019087129668,0.0,0.055950954356483396,0.0,0.0,0.0,epa_udds,PPO_seed7
66,10.305,-6458.5124092281285,0.0,0.0,0.49912471862426394,25.000528064110295,-0.012140060919601747,0.0,0.06070030459800873,0.0,0.0,0.0,epa_udds,PPO_seed7
67,10.5799,-6832.616314390632,0.0,0.0,0.4990817315642472,25.000574679877673,-0.012843263748854573,0.0,0.06421631874427286,0.0,0.0,0.0,epa_udds,PPO_seed7
68,10.8549,-7049.395417934584,0.0,0.0,0.4990373799732249,25.000624400273676,-0.01325074326679433,0.0,0.06625371633397165,0.0,0.0,0.0,epa_udds,PPO_seed7
69,11.1197,-7082.84333989062,0.0,0.0,0.4989928172491862,25.000674844295528,-0.013313615300546278,0.0,0.06656807650273139,0.0,0.0,0.0,epa_udds,PPO_seed7
70,11.3648,-6927.394189948056,0.0,0.0,0.49894923189107365,25.00072351060907,-0.0130214176502783,0.0,0.0651070882513915,0.0,0.0,0.0,epa_udds,PPO_seed7
71,11.5826,-6602.200039180926,0.0,0.0,0.4989076919764303,25.000768288576477,-0.012410150449588209,0.0,0.062050752247941036,0.0,0.0,0.0,epa_udds,PPO_seed7
72,11.246,2403.973189987638,0.0,0.0,0.4989228175579852,25.000777550912193,0.1301037520415866,0.0,0.02259373298860562,0.09615892759950552,0.0,0.0,epa_udds,PPO_seed7
73,10.8734,2800.548512893884,0.0,0.0,0.49894043802277516,25.000788326395735,0.1515665277880464,0.0,0.026320944670055302,0.11202194051575536,0.0,0.0,epa_udds,PPO_seed7
74,10.465,3153.441471270662,0.0,0.0,0.49896027842607443,25.00080066133539,0.17066520082861822,0.0,0.029637607812694193,0.12613765885082648,0.0,0.0,epa_udds,PPO_seed7
75,10.0237,3428.0531481419553,0.0,0.0,0.49898184615752883,25.00081429512035,0.1855272673708706,0.0,0.032218544625394314,0.1371221259256782,0.0,0.0,epa_udds,PPO_seed7
76,9.555,3597.9761094039272,0.0,0.0,0.49900448250018103,25.000828671991247,0.19472354913901854,0.0,0.03381556493800684,0.1439190443761571,0.0,0.0,epa_udds,PPO_seed7
77,9.0667,3647.9188528594877,0.0,0.0,0.4990274325821455,25.00084303655319,0.19742646543520748,0.0,0.034284951624619246,0.14591675411437952,0.0,0.0,epa_udds,PPO_seed7
78,8.5683,3576.088162227267,0.0,0.0,0.49904993030595557,25.000856592935108,0.19353896685497643,0.0,0.033609851148752506,0.14304352648909066,0.0,0.0,epa_udds,PPO_seed7
79,8.0698,3397.1745147456113,0.0,0.0,0.4990713020465386,25.000868692480022,0.18385610644465344,0.0,0.031928331905503864,0.13588698058982446,0.0,0.0,epa_udds,PPO_seed7
80,7.5815,3129.447026232218,0.0,0.0,0.4990909891509013,25.000878903684168,0.16936661424676322,0.0,0.029412096111205054,0.12517788104928873,0.0,0.0,epa_udds,PPO_seed7
81,7.1128,2800.5069055807267,0.0,0.0,0.49910860662885204,25.000887073810006,0.15156427598774486,0.0,0.02632055362387901,0.11202027622322906,0.0,0.0,epa_udds,PPO_seed7
82,6.6715,2439.141329724869,0.0,0.0,0.4991239505946788,25.000893292886694,0.13200706234104967,0.0,0.022924260617714937,0.09756565318899477,0.0,0.0,epa_udds,PPO_seed7
83,6.2631,2073.003207789813,0.0,0.0,0.4991369911157744,25.00089782050723,0.11219155706519604,0.0,0.019483112855167416,0.08292012831159253,0.0,0.0,epa_udds,PPO_seed7
84,5.8906,1724.1124559596453,0.0,0.0,0.4991478367662824,25.00090099246368,0.09330948464659794,0.0,0.016204064435710954,0.06896449823838581,0.0,0.0,epa_udds,PPO_seed7
85,5.5539,1411.9039229883783,0.0,0.0,0.4991567183596652,25.00090315702276,0.07641266494488982,0.0,0.01326977371229679,0.056476156919535135,0.0,0.0,epa_udds,PPO_seed7
86,5.2501,1148.4867484243637,0.0,0.0,0.4991639428640721,25.000904619109967,0.06215644823427497,0.0,0.010794048387447026,0.04593946993697455,0.0,0.0,epa_udds,PPO_seed7
87,4.9738,940.7793266050029,0.0,0.0,0.49916986075123354,25.000905619089423,0.05091526009701361,0.0,0.008841910964332733,0.037631173064200114,0.0,0.0,epa_udds,PPO_seed7
88,4.717,794.1395442425942,0.0,0.0,0.4991748561825577,25.000906336447716,0.042979070973369865,0.0,0.007463717521077013,0.03176558176970377,0.0,0.0,epa_udds,PPO_seed7
89,4.4704,705.8258651070141,0.0,0.0,0.4991792960632846,25.00090689352089,0.03819950809804727,0.0,0.006633701739727577,0.028233034604280564,0.0,0.0,epa_udds,PPO_seed7
90,4.2238,670.7110441352636,0.0,0.0,0.4991835150384224,25.000907374821466,0.03629908342620772,0.0,0.006303675226835184,0.026828441765410542,0.0,0.0,epa_udds,PPO_seed7
91,3.967,678.7722636629396,0.0,0.0,0.49918778470040037,25.00090783974815,0.036735359051472474,0.0,0.0063794385682607105,0.027150890546517585,0.0,0.0,epa_udds,PPO_seed7
92,3.6907,715.3954112458864,0.0,0.0,0.49919228471071214,25.00090832863881,0.038717414813142025,0.0,0.00672364108313803,0.028615816449835456,0.0,0.0,epa_udds,PPO_seed7
93,3.3869,763.8965355050304,0.0,0.0,0.49919708978228855,25.000908862801616,0.04134231024485119,0.0,0.007179478717152542,0.030555861420201218,0.0,0.0,epa_udds,PPO_seed7
94,3.0502,803.1385647052998,0.0,0.0,0.49920214167076177,25.000909434077194,0.04346610066728382,0.0,0.007548294781064848,0.03212554258821199,0.0,0.0,epa_udds,PPO_seed7
95,2.2352,1789.9932827383768,0.0,0.0,0.4992134010029904,25.000912405299257,0.09687497480564539,0.0,0.01682324513851858,0.07159973130953508,0.0,0.0,epa_udds,PPO_seed7
96,1.8627,569.7332245099134,0.0,0.0,0.49921698468373743,25.000912625103442,0.030834133458814708,0.0,0.005354635568702194,0.022789328980396536,0.0,0.0,epa_udds,PPO_seed7
97,1.4901,456.7204723861345,0.0,0.0,0.49921985749257064,25.000912723760756,0.024717849325078166,0.0,0.004292485642726828,0.01826881889544538,0.0,0.0,epa_udds,PPO_seed7
98,1.1176,342.8808499422972,0.0,0.0,0.4992220142344824,25.000912727200472,0.018556814720937256,0.0,0.0032225643791569283,0.013715233997691888,0.0,0.0,epa_udds,PPO_seed7
99,0.7451,228.81557371726987,0.0,0.0,0.4992234534950943,25.000912661791027,0.012383567666292545,0.0,0.002150522309372837,0.009152622948690795,0.0,0.0,epa_udds,PPO_seed7
100,0.3725,114.49959389681858,0.0,0.0,0.49922417370140953,25.00091255374166,0.00619675245766391,0.0,0.0010761240027896484,0.004579983755872743,0.0,0.0,epa_udds,PPO_seed7
101,0.0,0.0,0.0,0.0,0.49922417370140953,25.000912429180943,0.0,0.0,0.0,0.0,0.0,0.0,epa_udds,PPO_seed7
102,0.0,0.0,0.0,0.0,0.49922417370140953,25.00091230173061,0.0,0.0,0.0,0.0,0.0,0.0,epa_udds,PPO_seed7
103,0.0,0.0,0.0,0.0,0.49922417370140953,25.000912171582147,0.0,0.0,0.0,0.0,0.0,0.0,epa_udds,PPO_seed7
104,0.0,0.0,0.0,0.0,0.49922417370140953,25.00091203891447,0.0,0.0,0.0,0.0,0.0,0.0,epa_udds,PPO_seed7
105,0.0,0.0,0.0,0.0,0.49922417370140953,25.000911903894778,0.0,0.0,0.0,0.0,0.0,0.0,epa_udds,PPO_seed7
106,0.0,0.0,0.0,0.0,0.49922417370140953,25.0009117666793,0.0,0.0,0.0,0.0,0.0,0.0,epa_udds,PPO_seed7
107,0.0,0.0,0.0,0.0,0.49922417370140953,25.000911627414034,0.0,0.0,0.0,0.0,0.0,0.0,epa_udds,PPO_seed7
108,0.0,0.0,0.0,0.0,0.49922417370140953,25.000911486235395,0.0,0.0,0.0,0.0,0.0,0.0,epa_udds,PPO_seed7
109,0.0,0.0,0.0,0.0,0.49922417370140953,25.000911343270865,0.0,0.0,0.0,0.0,0.0,0.0,epa_udds,PPO_seed7
110,0.0,0.0,0.0,0.0,0.49922417370140953,25.00091119863956,0.0,0.0,0.0,0.0,0.0,0.0,epa_udds,PPO_seed7
111,0.0,0.0,0.0,0.0,0.49922417370140953,25.000911052452793,0.0,0.0,0.0,0.0,0.0,0.0,epa_udds,PPO_seed7
112,0.0,0.0,0.0,0.0,0.49922417370140953,25.000910904814575,0.0,0.0,0.0,0.0,0.0,0.0,epa_udds,PPO_seed7
113,0.0,0.0,0.0,0.0,0.49922417370140953,25.0009107558221,0.0,0.0,0.0,0.0,0.0,0.0,epa_udds,PPO_seed7
114,0.0,0.0,0.0,0.0,0.49922417370140953,25.000910605566194,0.0,0.0,0.0,0.0,0.0,0.0,epa_udds,PPO_seed7
115,0.0,0.0,0.0,0.0,0.49922417370140953,25.00091045413172,0.0,0.0,0.0,0.0,0.0,0.0,epa_udds,PPO_seed7
116,0.0,0.0,0.0,0.0,0.49922417370140953,25.000910301597983,0.0,0.0,0.0,0.0,0.0,0.0,epa_udds,PPO_seed7
117,0.0,0.0,0.0,0.0,0.49922417370140953,25.00091014803909,0.0,0.0,0.0,0.0,0.0,0.0,epa_udds,PPO_seed7
118,0.0,0.0,0.0,0.0,0.49922417370140953,25.000909993524285,0.0,0.0,0.0,0.0,0.0,0.0,epa_udds,PPO_seed7
119,0.0,0.0,0.0,0.0,0.49922417370140953,25.000909838118275,0.0,0.0,0.0,0.0,0.0,0.0,epa_udds,PPO_seed7
120,0.0,0.0,0.0,0.0,0.49922417370140953,25.000909681881527,0.0,0.0,0.0,0.0,0.0,0.0,epa_udds,PPO_seed7
121,0.0,0.0,0.0,0.0,0.49922417370140953,25.000909524870536,0.0,0.0,0.0,0.0,0.0,0.0,epa_udds,PPO_seed7
122,0.0,0.0,0.0,0.0,0.49922417370140953,25.000909367138103,0.0,0.0,0.0,0.0,0.0,0.0,epa_udds,PPO_seed7
123,0.0,0.0,0.0,0.0,0.49922417370140953,25.00090920873356,0.0,0.0,0.0,0.0,0.0,0.0,epa_udds,PPO_seed7
124,0.0,0.0,0.0,0.0,0.49922417370140953,25.000909049703004,0.0,0.0,0.0,0.0,0.0,0.0,epa_udds,PPO_seed7
125,0.0,0.0,0.0,0.0,0.49922417370140953,25.000908890089516,0.0,0.0,0.0,0.0,0.0,0.0,epa_udds,PPO_seed7
126,0.0,0.0,0.0,0.0,0.49922417370140953,25.00090872993335,0.0,0.0,0.0,0.0,0.0,0.0,epa_udds,PPO_seed7
127,0.3576,-253.51751533958927,0.0,0.0,0.49922257910151113,25.000908630028842,-0.00047653668296915276,0.0,0.0023826834148457637,0.0,0.0,0.0,epa_udds,PPO_seed7
128,0.7153,-507.37804820209,0.0,0.0,0.4992193877428371,25.00090871310818,-0.0009537181357182142,0.0,0.004768590678591071,0.0,0.0,0.0,epa_udds,PPO_seed7
129,1.0729,-761.2667231682425,0.0,0.0,0.49921459944287555,25.000909101954495,-0.0014309524871583506,0.0,0.007154762435791753,0.0,0.0,0.0,epa_udds,PPO_seed7
130,1.4305,-1015.749028094516,0.0,0.0,0.4992082104582335,25.000909920627855,-0.0019093026843881881,0.0,0.00954651342194094,0.0,0.0,0.0,epa_udds,PPO_seed7
131,1.7882,-1271.2240793177561,0.0,0.0,0.49920021453120444,25.000911295283657,-0.002389518946086008,0.0,0.011947594730430038,0.0,0.0,0.0,epa_udds,PPO_seed7
132,2.1458,-1526.875505345942,0.0,0.0,0.49919061053521796,25.00091335155334,-0.0028700667393720715,0.0,0.014350333696860357,0.0,0.0,0.0,epa_udds,PPO_seed7
133,2.5034,-1783.7698179610359,0.0,0.0,0.4991793906317349,25.000916219412222,-0.003352950785641045,0.0,0.016764753928205225,0.0,0.0,0.0,epa_udds,PPO_seed7
134,2.987,-2718.4528269136085,0.0,0.0,0.4991622914862153,25.00092307585544,-0.005109873734800017,0.0,0.02554936867400008,0.0,0.0,0.0,epa_udds,PPO_seed7
135,3.4604,-3100.5754301940688,0.0,0.0,0.49914278861522826,25.00093205413677,-0.00582814930487607,0.0,0.029140746524380347,0.0,0.0,0.0,epa_udds,PPO_seed7
136,3.9142,-3395.523706907999,0.0,0.0,0.4991214302936216,25.00094287108484,-0.006382563358849622,0.0,0.03191281679424811,0.0,0.0,0.0,epa_udds,PPO_seed7
137,4.3406,-3589.3672254756193,0.0,0.0,0.4990988524386405,25.000955003507897,-0.0067469308749541716,0.0,0.033734654374770856,0.0,0.0,0.0,epa_udds,PPO_seed7
138,4.7341,-3682.3886062812194,0.0,0.0,0.49907568921514206,25.000967818679744,-0.0069217830945135705,0.0,0.03460891547256785,0.0,0.0,0.0,epa_udds,PPO_seed7
139,5.0917,-3686.6854874880473,0.0,0.0,0.49905249871754764,25.000980713672213,-0.006929859938887308,0.0,0.03464929969443654,0.0,0.0,0.0,epa_udds,PPO_seed7
140,5.4135,-3628.938979526856,0.0,0.0,0.49902967123004416,25.00099326398426,-0.006821313871291083,0.0,0.03410656935645542,0.0,0.0,0.0,epa_udds,PPO_seed7
141,5.7023,-3540.544370918016,0.0,0.0,0.4990073995621454,25.001005272763535,-0.006655158591951158,0.0,0.03327579295975579,0.0,0.0,0.0,epa_udds,PPO_seed7
142,5.9638,-3460.3071221527507,0.0,0.0,0.49898563242353056,25.001016809440962,-0.006504336695775848,0.0,0.03252168347887924,0.0,0.0,0.0,epa_udds,PPO_seed7
143,6.2057,-3422.161574131287,0.0,0.0,0.49896410505399436,25.001028157561805,-0.006432634537840766,0.0,0.03216317268920383,0.0,0.0,0.0,epa_udds,PPO_seed7
144,6.4374,-3458.843377673775,0.0,0.0,0.4989423467547194,25.0010398050799,-0.006501585296379277,0.0,0.03250792648189638,0.0,0.0,0.0,epa_udds,PPO_seed7
145,6.6691,-3595.2039664976965,0.0,0.0,0.49891973047693683,25.001052425599436,-0.006757902192664843,0.0,0.033789510963324214,0.0,0.0,0.0,epa_udds,PPO_seed7
146,6.911,-3848.5657823821016,0.0,0.0,0.4988955201775003,25.001066898574337,-0.007234146207485154,0.0,0.03617073103742577,0.0,0.0,0.0,epa_udds,PPO_seed7
147,7.1724,-4227.167732290934,0.0,0.0,0.49886892795369814,25.001084341560748,-0.007945804008065665,0.0,0.03972902004032832,0.0,0.0,0.0,epa_udds,PPO_seed7
148,7.4613,-4735.096809410442,0.0,0.0,0.4988391401537748,25.001106182910075,-0.008900557912425644,0.0,0.04450278956212821,0.0,0.0,0.0,epa_udds,PPO_seed7
149,7.783,-5358.725479323577,0.0,0.0,0.4988054288068383,25.001134091753897,-0.010072792254367626,0.0,0.05036396127183813,0.0,0.0,0.0,epa_udds,PPO_seed7
150,8.1407,-6088.057214058489,0.0,0.0,0.4987671287738318,25.00117003857498,-0.011443716567779115,0.0,0.057218582838895575,0.0,0.0,0.0,epa_udds,PPO_seed7
151,8.5342,-6890.410347261121,0.0,0.0,0.4987237804539325,25.001216012653142,-0.01295189914898707,0.0,0.06475949574493535,0.0,0.0,0.0,epa_udds,PPO_seed7
152,8.8265,-5763.167890091489,0.0,0.0,0.49868752308958386,25.00124872170943,-0.010833022349796034,0.0,0.054165111748980165,0.0,0.0,0.0,epa_udds,PPO_seed7
153,9.1462,-6392.53773019936,0.0,0.0,0.4986473056785123,25.001288844149364,-0.012016048365036391,0.0,0.06008024182518196,0.0,0.0,0.0,epa_udds,PPO_seed7
154,9.4854,-6952.463973289699,0.0,0.0,0.49860356493191454,25.00133624858801,-0.013068541303176126,0.0,0.06534270651588063,0.0,0.0,0.0,epa_udds,PPO_seed7
155,9.8349,-7405.12538183981,0.0,0.0,0.4985569755283119,25.001390051792477,-0.013919408612480847,0.0,0.06959704306240423,0.0,0.0,0.0,epa_udds,PPO_seed7
156,10.1843,-7708.3611150216175,0.0,0.0,0.4985084774476063,25.001448475573696,-0.0144894005921459,0.0,0.07244700296072949,0.0,0.0,0.0,epa_udds,PPO_seed7
157,10.5236,-7843.161558483112,0.0,0.0,0.4984591303445618,25.001509195199198,-0.01474278488436675,0.0,0.07371392442183375,0.0,0.0,0.0,epa_udds,PPO_seed7
158,10.8433,-7794.233706343193,0.0,0.0,0.4984100901819268,25.001569521026465,-0.014650815237487206,0.0,0.07325407618743603,0.0,0.0,0.0,epa_udds,PPO_seed7
159,11.1356,-7571.6362130980115,0.0,0.0,0.4983624497276234,25.00162694475909,-0.014232398896800775,0.0,0.07116199448400387,0.0,0.0,0.0,epa_udds,PPO_seed7
160,11.395,-7203.8673978572315,0.0,0.0,0.4983171225175415,25.0016795501289,-0.013541104131310586,0.0,0.06770552065655293,0.0,0.0,0.0,epa_udds,PPO_seed7
161,11.6185,-6731.351251692931,0.0,0.0,0.49827476778910335,25.001726222875195,-0.012652915886640848,0.0,0.06326457943320424,0.0,0.0,0.0,epa_udds,PPO_seed7
162,11.8062,-6213.040802224045,0.0,0.0,0.49823567385879536,25.00176680769427,-0.01167864812448129,0.0,0.058393240622406445,0.0,0.0,0.0,epa_udds,PPO_seed7
163,11.9609,-5706.2281506115805,0.0,0.0,0.4981997685381119,25.00180189279558,-0.010725992764307482,0.0,0.05362996382153741,0.0,0.0,0.0,epa_udds,PPO_seed7
164,12.0882,-5273.418466687833,0.0,0.0,0.49816658630748084,25.001832652206943,-0.00991244072685683,0.0,0.049562203634284145,0.0,0.0,0.0,epa_udds,PPO_seed7
165,12.196,-4969.20833119524,0.0,0.0,0.49813531806554545,25.001860593906343,-0.009340617163900828,0.0,0.046703085819504137,0.0,0.0,0.0,epa_udds,PPO_seed7
166,12.2936,-4831.134369447992,0.0,0.0,0.49810491847298805,25.001887356415235,-0.009081079641819534,0.0,0.04540539820909767,0.0,0.0,0.0,epa_udds,PPO_seed7
167,12.3912,-4886.981989376034,0.0,0.0,0.49807416731259185,25.00191471885248,-0.009186056371007582,0.0,0.04593028185503791,0.0,0.0,0.0,epa_udds,PPO_seed7
168,12.499,-5147.46604601801,0.0,0.0,0.49804177690431056,25.00194464332157,-0.009675688056424832,0.0,0.04837844028212416,0.0,0.0,0.0,epa_udds,PPO_seed7
169,12.6263,-5606.5534926818145,0.0,0.0,0.4980064974865446,25.001979348757978,-0.010538634384740253,0.0,0.052693171923701265,0.0,0.0,0.0,epa_udds,PPO_seed7
170,12.781,-6249.436859320825,0.0,0.0,0.4979671724200257,25.00202141434878,-0.01174706176564065,0.0,0.05873530882820324,0.0,0.0,0.0,epa_udds,PPO_seed7
171,12.9687,-7043.670023887754,0.0,0.0,0.4979228491677577,25.00207367391301,-0.01323998124790931,0.0,0.06619990623954655,0.0,0.0,0.0,epa_udds,PPO_seed7
172,12.5217,4064.7768928034297,0.0,0.0,0.4979484276318108,25.00209490026147,0.21998694792781268,0.0,0.038202790345896895,0.16259107571213718,0.0,0.0,epa_udds,PPO_seed7
173,12.1105,3497.461975966826,0.0,0.0,0.497970435550818,25.002111299649627,0.18928369400758804,0.0,0.03287088323277092,0.13989847903867303,0.0,0.0,epa_udds,PPO_seed7
174,11.7322,3000.5471626315993,0.0,0.0,0.4979893161551933,25.002123999990424,0.16239051486182143,0.0,0.028200631227740594,0.12002188650526398,0.0,0.0,epa_udds,PPO_seed7
175,11.3814,2599.2152148247364,0.0,0.0,0.4980056710673847,25.002134031309613,0.14067030914517634,0.0,0.024428714425044514,0.10396860859298945,0.0,0.0,epa_udds,PPO_seed7
176,11.0501,2316.8661119517606,0.0,0.0,0.4980202490813301,25.00214228724536,0.12538949078066744,0.0,0.021775057443155645,0.09267464447807042,0.0,0.0,epa_udds,PPO_seed7
177,10.729,2158.627958865211,0.0,0.0,0.4980338311952274,25.00214947293607,0.1168255943452014,0.0,0.020287856756251985,0.08634511835460844,0.0,0.0,epa_udds,PPO_seed7
178,10.4079,2123.8259398802725,0.0,0.0,0.49804719410778625,25.00215616368857,0.11494209861096391,0.0,0.019960770111656697,0.0849530375952109,0.0,0.0,epa_udds,PPO_seed7
179,10.0766,2200.187208632744,0.0,0.0,0.4980610372526621,25.002162846531395,0.11907479344164278,0.0,0.02067845120895436,0.08800748834530976,0.0,0.0,epa_udds,PPO_seed7
180,9.7257,2365.5795341528024,0.0,0.0,0.4980759207747357,25.00216994772718,0.12802587584084113,0.0,0.02223289035857897,0.0946231813661121,0.0,0.0,epa_udds,PPO_seed7
181,9.3474,2588.8730182932163,0.0,0.0,0.49809220893057415,25.002177817570225,0.1401105863584554,0.0,0.024331513329823463,0.10355492073172866,0.0,0.0,epa_udds,PPO_seed7
182,8.9362,2832.6117888841873,0.0,0.0,0.4981100303017011,25.002186674691526,0.15330180192773216,0.0,0.026622291248911533,0.11330447155536749,0.0,0.0,epa_udds,PPO_seed7
183,8.4892,3059.2008573465873,0.0,0.0,0.49812927693599945,25.00219654688081,0.1655648704600055,0.0,0.028751887757016797,0.12236803429386349,0.0,0.0,epa_udds,PPO_seed7
184,8.0063,3234.0047486749763,0.0,0.0,0.4981496229850607,25.002207228638262,0.1750253096312968,0.0,0.030394781472509177,0.12936018994699905,0.0,0.0,epa_udds,PPO_seed7
185,7.4905,3326.9263143175835,0.0,0.0,0.4981705532735787,25.0022182757132,0.18005425271021025,0.0,0.03126810445787202,0.13307705257270333,0.0,0.0,epa_udds,PPO_seed7
186,6.9473,3321.847943061721,0.0,0.0,0.4981914512613679,25.002229102259,0.1797794097305133,0.0,0.031220375404715422,0.13287391772246884,0.0,0.0,epa_udds,PPO_seed7
187,6.3845,3213.108079886475,0.0,0.0,0.4982116648294133,25.002239093101696,0.17389437563175072,0.0,0.03019838420945935,0.128524323195459,0.0,0.0,epa_udds,PPO_seed7
188,5.8115,3008.2607017499868,0.0,0.0,0.49823058941703463,25.00224774092374,0.16280797391876994,0.0,0.028273126896146493,0.12033042806999947,0.0,0.0,epa_udds,PPO_seed7
189,5.2385,2725.6467863027,0.0,0.0,0.49824773587242027,25.002254743753035,0.1475128238180965,0.0,0.025616981074273498,0.109025871452108,0.0,0.0,epa_udds,PPO_seed7
190,4.6758,2389.9331176796927,0.0,0.0,0.4982627702331778,25.00226003323315,0.12934389910570246,0.0,0.022461777421801624,0.09559732470718771,0.0,0.0,epa_udds,PPO_seed7
191,4.1325,2030.7896365224112,0.0,0.0,0.498275545185202,25.00226375228909,0.10990694589239336,0.0,0.019086368764308376,0.08123158546089645,0.0,0.0,epa_udds,PPO_seed7
192,3.6167,1672.0201567678816,0.0,0.0,0.49828606314872387,25.00226616283469,0.0904902337474828,0.0,0.01571447515759287,0.06688080627071527,0.0,0.0,epa_udds,PPO_seed7
193,3.1338,1337.6084526695722,0.0,0.0,0.4982944774031328,25.00226758271225,0.07239177174673368,0.0,0.01257150801381177,0.05350433810678289,0.0,0.0,epa_udds,PPO_seed7
194,2.6868,1041.7325999611735,0.0,0.0,0.49830103040038587,25.00226830814454,0.05637888161293629,0.0,0.00979071992444712,0.04166930399844694,0.0,0.0,epa_udds,PPO_seed7
195,2.2756,793.0177082022551,0.0,0.0,0.4983060188345938,25.002268580906637,0.042918356869472415,0.0,0.007453173949269315,0.0317207083280902,0.0,0.0,epa_udds,PPO_seed7
196,2.2352,-207.16520508558773,0.0,0.0,0.4983047156790399,25.00226828396334,-0.00038940828023606715,0.0,0.0019470414011803357,0.0,0.0,0.0,epa_udds,PPO_seed7
197,1.7882,696.3589476912149,0.0,0.0,0.4983090960637621,25.00226840183701,0.03768715568031101,0.0,0.006544726951985103,0.027854357907648595,0.0,0.0,epa_udds,PPO_seed7
198,1.3411,523.1915548299639,0.0,0.0,0.49831238714134607,25.002268307536838,0.028315284298241202,0.0,0.004917213861183872,0.020927662193198557,0.0,0.0,epa_udds,PPO_seed7
199,0.8941,349.0841200614019,0.0,0.0,0.4983145830087041,25.00226806023677,0.01889253756542835,0.0,0.0032808657900507696,0.013963364802456076,0.0,0.0,epa_udds,PPO_seed7
200,0.447,174.68567905370253,0.0,0.0,0.4983156818430687,25.002267719712837,0.009454041487432714,0.0,0.001641782697873144,0.006987427162148101,0.0,0.0,epa_udds,PPO_seed7
201,0.0,0.0,0.0,0.0,0.4983156818430687,25.00226734560009,0.0,0.0,0.0,0.0,0.0,0.0,epa_udds,PPO_seed7
202,0.0,0.0,0.0,0.0,0.4983156818430687,25.002266968551858,0.0,0.0,0.0,0.0,0.0,0.0,epa_udds,PPO_seed7
203,0.0,0.0,0.0,0.0,0.4983156818430687,25.002266588765668,0.0,0.0,0.0,0.0,0.0,0.0,epa_udds,PPO_seed7
204,0.0,0.0,0.0,0.0,0.4983156818430687,25.002266206426093,0.0,0.0,0.0,0.0,0.0,0.0,epa_udds,PPO_seed7
205,0.0,0.0,0.0,0.0,0.4983156818430687,25.002265821705603,0.0,0.0,0.0,0.0,0.0,0.0,epa_udds,PPO_seed7
206,0.0,0.0,0.0,0.0,0.4983156818430687,25.002265434765363,0.0,0.0,0.0,0.0,0.0,0.0,epa_udds,PPO_seed7
207,0.0,0.0,0.0,0.0,0.4983156818430687,25.002265045755973,0.0,0.0,0.0,0.0,0.0,0.0,epa_udds,PPO_seed7
208,0.0,0.0,0.0,0.0,0.4983156818430687,25.002264654818156,0.0,0.0,0.0,0.0,0.0,0.0,epa_udds,PPO_seed7
209,0.0,0.0,0.0,0.0,0.4983156818430687,25.00226426208341,0.0,0.0,0.0,0.0,0.0,0.0,epa_udds,PPO_seed7
210,0.0,0.0,0.0,0.0,0.4983156818430687,25.002263867674618,0.0,0.0,0.0,0.0,0.0,0.0,epa_udds,PPO_seed7
211,0.0,0.0,0.0,0.0,0.4983156818430687,25.002263471706595,0.0,0.0,0.0,0.0,0.0,0.0,epa_udds,PPO_seed7
212,0.0,0.0,0.0,0.0,0.4983156818430687,25.002263074286635,0.0,0.0,0.0,0.0,0.0,0.0,epa_udds,PPO_seed7
213,0.0,0.0,0.0,0.0,0.4983156818430687,25.002262675515,0.0,0.0,0.0,0.0,0.0,0.0,epa_udds,PPO_seed7
214,0.0,0.0,0.0,0.0,0.4983156818430687,25.002262275485368,0.0,0.0,0.0,0.0,0.0,0.0,epa_udds,PPO_seed7
215,0.0,0.0,0.0,0.0,0.4983156818430687,25.00226187428529,0.0,0.0,0.0,0.0,0.0,0.0,epa_udds,PPO_seed7
216,0.0,0.0,0.0,0.0,0.4983156818430687,25.00226147199656,0.0,0.0,0.0,0.0,0.0,0.0,epa_udds,PPO_seed7
217,0.0,0.0,0.0,0.0,0.4983156818430687,25.002261068695624,0.0,0.0,0.0,0.0,0.0,0.0,epa_udds,PPO_seed7
218,0.0,0.0,0.0,0.0,0.4983156818430687,25.002260664453907,0.0,0.0,0.0,0.0,0.0,0.0,epa_udds,PPO_seed7
219,0.0,0.0,0.0,0.0,0.4983156818430687,25.00226025933815,0.0,0.0,0.0,0.0,0.0,0.0,epa_udds,PPO_seed7
220,0.0,0.0,0.0,0.0,0.4983156818430687,25.002259853410724,0.0,0.0,0.0,0.0,0.0,0.0,epa_udds,PPO_seed7
221,0.0,0.0,0.0,0.0,0.4983156818430687,25.002259446729905,0.0,0.0,0.0,0.0,0.0,0.0,epa_udds,PPO_seed7
222,0.0,0.0,0.0,0.0,0.4983156818430687,25.00225903935015,0.0,0.0,0.0,0.0,0.0,0.0,epa_udds,PPO_seed7
223,0.0,0.0,0.0,0.0,0.4983156818430687,25.002258631322345,0.0,0.0,0.0,0.0,0.0,0.0,epa_udds,PPO_seed7
224,0.0,0.0,0.0,0.0,0.4983156818430687,25.00225822269404,0.0,0.0,0.0,0.0,0.0,0.0,epa_udds,PPO_seed7
225,0.0,0.0,0.0,0.0,0.4983156818430687,25.00225781350966,0.0,0.0,0.0,0.0,0.0,0.0,epa_udds,PPO_seed7
226,0.0,0.0,0.0,0.0,0.4983156818430687,25.00225740381073,0.0,0.0,0.0,0.0,0.0,0.0,epa_udds,PPO_seed7
227,0.0,0.0,0.0,0.0,0.4983156818430687,25.002256993636042,0.0,0.0,0.0,0.0,0.0,0.0,epa_udds,PPO_seed7
228,0.0,0.0,0.0,0.0,0.4983156818430687,25.002256583021843,0.0,0.0,0.0,0.0,0.0,0.0,epa_udds,PPO_seed7
229,0.0,0.0,0.0,0.0,0.4983156818430687,25.00225617200201,0.0,0.0,0.0,0.0,0.0,0.0,epa_udds,PPO_seed7
230,0.0,0.0,0.0,0.0,0.4983156818430687,25.002255760608193,0.0,0.0,0.0,0.0,0.0,0.0,epa_udds,PPO_seed7
231,0.0,0.0,0.0,0.0,0.4983156818430687,25.002255348869966,0.0,0.0,0.0,0.0,0.0,0.0,epa_udds,PPO_seed7
232,0.3912,-297.7904402979551,0.0,0.0,0.49831380868134795,25.00225502065307,-0.0005597564667254796,0.0,0.0027987823336273975,0.0,0.0,0.0,epa_udds,PPO_seed7
233,0.7823,-595.5934503446737,0.0,0.0,0.4983100622764536,25.00225494453968,-0.001119536560798259,0.0,0.005597682803991294,0.0,0.0,0.0,epa_udds,PPO_seed7
234,1.1735,-894.136892613464,0.0,0.0,0.49830443796280877,25.00225529041928,-0.0016807084447621507,0.0,0.008403542223810753,0.0,0.0,0.0,epa_udds,PPO_seed7
235,1.5646,-1192.8701094240566,0.0,0.0,0.498296934533061,25.002256228442945,-0.0022422370477895802,0.0,0.0112111852389479,0.0,0.0,0.0,epa_udds,PPO_seed7
236,1.9558,-1493.0082656118075,0.0,0.0,0.4982875431308501,25.002257932932025,-0.002806406514307909,0.0,0.014032032571539545,0.0,0.0,0.0,epa_udds,PPO_seed7
237,1.9045,-142.69531257534473,0.0,0.0,0.4982866455369211,25.002257555738996,-0.00026822427175816676,0.0,0.0013411213587908339,0.0,0.0,0.0,epa_udds,PPO_seed7
238,2.2956,-1753.9891036345764,0.0,0.0,0.4982756124518645,25.002260067354822,-0.0032969719993131137,0.0,0.016484859996565567,0.0,0.0,0.0,epa_udds,PPO_seed7
239,2.7226,-2235.7056479998273,0.0,0.0,0.4982615491593483,25.00226440506781,-0.004202454225563586,0.0,0.021012271127817925,0.0,0.0,0.0,epa_udds,PPO_seed7
240,3.1826,-2781.8810426404875,0.0,0.0,0.4982440501319744,25.002271347825378,-0.005229099704211444,0.0,0.026145498521057214,0.0,0.0,0.0,epa_udds,PPO_seed7
241,3.6699,-3370.8545518322985,0.0,0.0,0.49822284606952727,25.00228173814616,-0.006336192766602066,0.0,0.03168096383301033,0.0,0.0,0.0,epa_udds,PPO_seed7
242,4.1768,-3973.5299296102166,0.0,0.0,0.4981978506728328,25.00229634508049,-0.007469041221071836,0.0,0.03734520610535918,0.0,0.0,0.0,epa_udds,PPO_seed7
243,4.6939,-4552.557378550887,0.0,0.0,0.49816921257067137,25.002315665012237,-0.00855743868148663,0.0,0.042787193407433144,0.0,0.0,0.0,epa_udds,PPO_seed7
244,5.211,-5069.725598508196,0.0,0.0,0.498137320755522,25.00233975219037,-0.009529559395692097,0.0,0.047647796978460485,0.0,0.0,0.0,epa_udds,PPO_seed7
245,5.7179,-5490.72014680167,0.0,0.0,0.4981027800919951,25.00236812449616,-0.010320902531582087,0.0,0.05160451265791043,0.0,0.0,0.0,epa_udds,PPO_seed7
246,6.2053,-5791.658063735842,0.0,0.0,0.49806634571864805,25.00239980913061,-0.01088657530777414,0.0,0.054432876538870696,0.0,0.0,0.0,epa_udds,PPO_seed7
247,6.6652,-5958.896321750583,0.0,0.0,0.4980288586491552,25.002433473677367,-0.011200932935621398,0.0,0.05600466467810699,0.0,0.0,0.0,epa_udds,PPO_seed7
248,7.0922,-6002.097063612516,0.0,0.0,0.4979910991707275,25.00246776567322,-0.011282137337617511,0.0,0.056410686688087554,0.0,0.0,0.0,epa_udds,PPO_seed7
249,7.4834,-5941.428573080327,0.0,0.0,0.49795372074427097,25.002501524237964,-0.011168098821579563,0.0,0.055840494107897806,0.0,0.0,0.0,epa_udds,PPO_seed7
250,7.8387,-5810.775212510447,0.0,0.0,0.49791716370029065,25.002533990506485,-0.010922509797951969,0.0,0.05461254898975984,0.0,0.0,0.0,epa_udds,PPO_seed7
251,8.1611,-5656.768679875971,0.0,0.0,0.49788157502018104,25.00256494960452,-0.01063302383435333,0.0,0.053165119171766646,0.0,0.0,0.0,epa_udds,PPO_seed7
252,8.456,-5523.726921176728,0.0,0.0,0.49784682286770915,25.002594665004583,-0.01038294534055776,0.0,0.051914726702788794,0.0,0.0,0.0,epa_udds,PPO_seed7
253,8.7315,-5464.42143411139,0.0,0.0,0.49781244338257397,25.0026239260726,-0.010271468861111637,0.0,0.05135734430555818,0.0,0.0,0.0,epa_udds,PPO_seed7
254,8.9967,-5511.028977280773,0.0,0.0,0.49777777023250447,25.002653833783313,-0.010359077024963859,0.0,0.05179538512481929,0.0,0.0,0.0,epa_udds,PPO_seed7
255,9.2619,-5699.759134989453,0.0,0.0,0.49774190922824546,25.002685910768047,-0.010713832960506492,0.0,0.05356916480253245,0.0,0.0,0.0,epa_udds,PPO_seed7
256,9.5373,-6049.498169291543,0.0,0.0,0.49770384730161404,25.002722055104382,-0.011371237160322449,0.0,0.056856185801612245,0.0,0.0,0.0,epa_udds,PPO_seed7
257,9.8323,-6569.312580548575,0.0,0.0,0.49766251427640296,25.0027646068154,-0.012348331918324391,0.0,0.06174165959162195,0.0,0.0,0.0,epa_udds,PPO_seed7
258,10.1547,-7255.877625200633,0.0,0.0,0.4976168608179046,25.002816373902174,-0.013638867716542545,0.0,0.06819433858271272,0.0,0.0,0.0,epa_udds,PPO_seed7
259,10.51,-8092.8461413894265,0.0,0.0,0.49756594035547985,25.00288057724581,-0.015212116807122984,0.0,0.07606058403561491,0.0,0.0,0.0,epa_udds,PPO_seed7
260,10.9012,-9056.350379138777,0.0,0.0,0.49750895639257675,25.002960757716615,-0.01702321499838116,0.0,0.08511607499190581,0.0,0.0,0.0,epa_udds,PPO_seed7
261,11.3282,-10104.948687104205,0.0,0.0,0.4974453730818796,25.003060370358742,-0.018994264449443993,0.0,0.09497132224721996,0.0,0.0,0.0,epa_udds,PPO_seed7
262,11.7881,-11191.909307222997,0.0,0.0,0.49737494852738895,25.00318240095299,-0.021037423509817663,0.0,0.10518711754908831,0.0,0.0,0.0,epa_udds,PPO_seed7
263,12.2754,-12262.113285349591,0.0,0.0,0.49729778759270066,25.00332880490103,-0.023049085122837577,0.0,0.11524542561418788,0.0,0.0,0.0,epa_udds,PPO_seed7
264,12.7823,-13253.317511000578,0.0,0.0,0.4972143867858124,25.00349988263238,-0.024912250960527405,0.0,0.12456125480263701,0.0,0.0,0.0,epa_udds,PPO_seed7
265,13.2994,-14105.590951347463,0.0,0.0,0.4971256197866941,25.003693892597045,-0.026514268705540345,0.0,0.13257134352770172,0.0,0.0,0.0,epa_udds,PPO_seed7
266,13.8165,-14767.554463020615,0.0,0.0,0.49703268371658804,25.003906980259593,-0.027758561020715444,0.0,0.13879280510357722,0.0,0.0,0.0,epa_udds,PPO_seed7
267,14.3234,-15201.799668684229,0.0,0.0,0.4969370112979309,25.004133486231193,-0.028574811407301184,0.0,0.1428740570365059,0.0,0.0,0.0,epa_udds,PPO_seed7
268,14.8108,-15393.064069104998,0.0,0.0,0.49684013153944556,25.00436672268402,-0.028934330956964283,0.0,0.1446716547848214,0.0,0.0,0.0,epa_udds,PPO_seed7
269,15.2707,-15341.58858630162,0.0,0.0,0.49674357218574633,25.004599714339054,-0.028837572530642144,0.0,0.1441878626532107,0.0,0.0,0.0,epa_udds,PPO_seed7
270,15.6977,-15088.829809425639,0.0,0.0,0.49664860029342184,25.004826702548186,-0.028362462047792553,0.0,0.14181231023896276,0.0,0.0,0.0,epa_udds,PPO_seed7
271,16.0889,-14686.112539776059,0.0,0.0,0.496556160050994,25.005043605800275,-0.027605474698827178,0.0,0.13802737349413588,0.0,0.0,0.0,epa_udds,PPO_seed7
272,16.1648,-6850.28700126377,0.0,0.0,0.4965130402585034,25.00510196679671,-0.01287647932568378,0.0,0.0643823966284189,0.0,0.0,0.0,epa_udds,PPO_seed7
273,16.2078,-6052.250433564044,0.0,0.0,0.49647494365657785,25.005150616740735,-0.011376410589406099,0.0,0.05688205294703049,0.0,0.0,0.0,epa_udds,PPO_seed7
274,16.2234,-5371.407820819865,0.0,0.0,0.4964411326802167,25.005191819298815,-0.010096631242142605,0.0,0.05048315621071302,0.0,0.0,0.0,epa_udds,PPO_seed7
275,16.2194,-4874.338644258289,0.0,0.0,0.4964104506203746,25.00522801754878,-0.00916229068469603,0.0,0.045811453423480156,0.0,0.0,0.0,epa_udds,PPO_seed7
276,16.2052,-4608.576639811826,0.0,0.0,0.49638144152677477,25.005261580467092,-0.008662738044759071,0.0,0.04331369022379535,0.0,0.0,0.0,epa_udds,PPO_seed7
277,16.191,-4600.173936821349,0.0,0.0,0.496352485444551,25.005294791871307,-0.008646943490265695,0.0,0.043234717451328473,0.0,0.0,0.0,epa_udds,PPO_seed7
278,16.187,-4854.642784016771,0.0,0.0,0.49632192771377664,25.005330013127438,-0.009125268391008967,0.0,0.045626341955044836,0.0,0.0,0.0,epa_udds,PPO_seed7
279,16.2026,-5358.117782311019,0.0,0.0,0.49628820093877934,25.005369882015223,-0.010071649966750036,0.0,0.05035824983375018,0.0,0.0,0.0,epa_udds,PPO_seed7
280,16.2456,-6078.043179227541,0.0,0.0,0.4962499426179283,25.005417405772608,-0.011424893194036733,0.0,0.05712446597018366,0.0,0.0,0.0,epa_udds,PPO_seed7
281,16.3215,-6965.378115936766,0.0,0.0,0.4962060988859286,25.005475854774353,-0.013092816007399938,0.0,0.06546408003699969,0.0,0.0,0.0,epa_udds,PPO_seed7
282,16.4333,-7966.060602280121,0.0,0.0,0.4961559560994879,25.005548545046377,-0.014973798124586693,0.0,0.07486899062293347,0.0,0.0,0.0,epa_udds,PPO_seed7
283,16.5809,-9008.325441002255,0.0,0.0,0.496099252262874,25.005638221492905,-0.016932942558274915,0.0,0.08466471279137458,0.0,0.0,0.0,epa_udds,PPO_seed7
284,16.7614,-10023.309930786212,0.0,0.0,0.4960361587726746,25.00574656894897,-0.01884080814057559,0.0,0.09420404070287794,0.0,0.0,0.0,epa_udds,PPO_seed7
285,16.9694,-10943.36974961212,0.0,0.0,0.49596727278444686,25.005873706089456,-0.02057024389024835,0.0,0.10285121945124173,0.0,0.0,0.0,epa_udds,PPO_seed7
286,17.1969,-11690.04541901786,0.0,0.0,0.4958936853484205,25.00601750130393,-0.02197376958462004,0.0,0.1098688479231002,0.0,0.0,0.0,epa_udds,PPO_seed7
287,17.4346,-12212.353986254155,0.0,0.0,0.49581680852360077,25.006173882645513,-0.022955552605740892,0.0,0.11477776302870446,0.0,0.0,0.0,epa_udds,PPO_seed7
288,17.6723,-12465.268359326543,0.0,0.0,0.495738337949709,25.006337014850832,-0.02343095556264388,0.0,0.11715477781321938,0.0,0.0,0.0,epa_udds,PPO_seed7
289,17.8998,-12426.606847987858,0.0,0.0,0.49566010908347474,25.00650011055974,-0.02335828354884936,0.0,0.11679141774424678,0.0,0.0,0.0,epa_udds,PPO_seed7
290,18.1077,-12098.282650389081,0.0,0.0,0.495583945533015,25.006656440979672,-0.022741132801483238,0.0,0.11370566400741618,0.0,0.0,0.0,epa_udds,PPO_seed7
291,18.2882,-11509.795384041741,0.0,0.0,0.49551148537087575,25.00680040811186,-0.02163495372940177,0.0,0.10817476864700884,0.0,0.0,0.0,epa_udds,PPO_seed7
292,18.4358,-10717.740255264345,0.0,0.0,0.4954440104991918,25.00692838131115,-0.02014612829936907,0.0,0.10073064149684535,0.0,0.0,0.0,epa_udds,PPO_seed7
293,18.5476,-9794.777381417194,0.0,0.0,0.495382345437026,25.007038950526265,-0.01841123567935563,0.0,0.09205617839677814,0.0,0.0,0.0,epa_udds,PPO_seed7
294,18.6235,-8825.627857122001,0.0,0.0,0.4953267813162685,25.0071327774703,-0.016589526047221807,0.0,0.08294763023610903,0.0,0.0,0.0,epa_udds,PPO_seed7
295,18.6665,-7908.233875676899,0.0,0.0,0.49527699259007096,25.007212229525916,-0.01486510127006936,0.0,0.07432550635034679,0.0,0.0,0.0,epa_udds,PPO_seed7
296,18.6821,-7124.948441355976,0.0,0.0,0.4952321351504716,25.007280522641068,-0.013392760228112735,0.0,0.06696380114056368,0.0,0.0,0.0,epa_udds,PPO_seed7
297,18.6781,-6552.312844369111,0.0,0.0,0.49519088291968594,25.007341250067462,-0.012316377527009608,0.0,0.06158188763504804,0.0,0.0,0.0,epa_udds,PPO_seed7
298,18.6639,-6245.398551523445,0.0,0.0,0.4951515630382824,25.00739801193216,-0.011739470961510236,0.0,0.05869735480755118,0.0,0.0,0.0,epa_udds,PPO_seed7
299,18.6497,-6234.856676478531,0.0,0.0,0.4951123096330608,25.007454358116377,-0.011719655406914532,0.0,0.05859827703457266,0.0,0.0,0.0,epa_udds,PPO_seed7
300,18.6458,-6530.710838517682,0.0,0.0,0.49507119369582714,25.00751399945753,-0.012275772252852785,0.0,0.06137886126426392,0.0,0.0,0.0,epa_udds,PPO_seed7
301,18.6613,-7105.619419833794,0.0,0.0,0.4950264583216268,25.007580846600185,-0.01335642748089059,0.0,0.06678213740445295,0.0,0.0,0.0,epa_udds,PPO_seed7
302,18.7043,-7939.730382135103,0.0,0.0,0.494976471537189,25.007659468791072,-0.014924305229577262,0.0,0.07462152614788631,0.0,0.0,0.0,epa_udds,PPO_seed7
303,18.7802,-8964.386209477107,0.0,0.0,0.4949200335387453,25.007754534621707,-0.01685035001781411,0.0,0.08425175008907056,0.0,0.0,0.0,epa_udds,PPO_seed7
304,18.892,-10119.388924031664,0.0,0.0,0.494856323412478,25.007870694035507,-0.01902140775193922,0.0,0.09510703875969609,0.0,0.0,0.0,epa_udds,PPO_seed7
305,19.0396,-11321.205618526797,0.0,0.0,0.49478504604099904,25.00801167490857,-0.021280461688960146,0.0,0.10640230844480073,0.0,0.0,0.0,epa_udds,PPO_seed7
306,19.2201,-12489.950586351268,0.0,0.0,0.4947064091666006,25.008179636905023,-0.02347735072622419,0.0,0.11738675363112094,0.0,0.0,0.0,epa_udds,PPO_seed7
307,19.4281,-13547.722276212555,0.0,0.0,0.4946211109523574,25.00837451136363,-0.025465643376339386,0.0,0.12732821688169693,0.0,0.0,0.0,epa_udds,PPO_seed7
308,19.6556,-14404.99095374746,0.0,0.0,0.4945304132750771,25.00859309533475,-0.027077050664938835,0.0,0.13538525332469417,0.0,0.0,0.0,epa_udds,PPO_seed7
309,19.8933,-15004.415887466892,0.0,0.0,0.494435939159186,25.00882954243042,-0.02820378926215581,0.0,0.14101894631077905,0.0,0.0,0.0,epa_udds,PPO_seed7
310,20.131,-15295.92366070072,0.0,0.0,0.49433962710520923,25.00907562757775,-0.028751736204324665,0.0,0.1437586810216233,0.0,0.0,0.0,epa_udds,PPO_seed7
311,20.3585,-15255.645505278459,0.0,0.0,0.494243566158271,25.009321864637762,-0.028676025385861767,0.0,0.14338012692930882,0.0,0.0,0.0,epa_udds,PPO_seed7
312,20.5854,-15518.519795383318,0.0,0.0,0.49414584748864887,25.009577062381947,-0.029170149991322027,0.0,0.14585074995661013,0.0,0.0,0.0,epa_udds,PPO_seed7
313,20.785,-14886.89035216629,0.0,0.0,0.4940521037379821,25.009815401456553,-0.027982876601816337,0.0,0.13991438300908168,0.0,0.0,0.0,epa_udds,PPO_seed7
314,20.9516,-14016.063445672704,0.0,0.0,0.4939638416434007,25.010031075982205,-0.026345983920437417,0.0,0.13172991960218708,0.0,0.0,0.0,epa_udds,PPO_seed7
315,21.0823,-12994.036150568289,0.0,0.0,0.4938820139111558,25.01022156617962,-0.02442487998227122,0.0,0.1221243999113561,0.0,0.0,0.0,epa_udds,PPO_seed7
316,21.1772,-11922.958060065384,0.0,0.0,0.49380692998380443,25.0103874923948,-0.022411575300874786,0.0,0.11205787650437392,0.0,0.0,0.0,epa_udds,PPO_seed7
317,21.2392,-10903.618394421153,0.0,0.0,0.4937382645201687,25.010531835953472,-0.020495523297784125,0.0,0.10247761648892062,0.0,0.0,0.0,epa_udds,PPO_seed7
318,21.2738,-10032.980660801328,0.0,0.0,0.49367508143947175,25.01065912829646,-0.018858986204513775,0.0,0.09429493102256888,0.0,0.0,0.0,epa_udds,PPO_seed7
319,21.2888,-9398.947095327328,0.0,0.0,0.49361589097178465,25.01077476276137,-0.017667193788209266,0.0,0.08833596894104633,0.0,0.0,0.0,epa_udds,PPO_seed7
320,21.2936,-9065.758104983357,0.0,0.0,0.49355879868074815,25.010884439723373,-0.01704089869357774,0.0,0.08520449346788869,0.0,0.0,0.0,epa_udds,PPO_seed7
321,21.2984,-9070.353132815326,0.0,0.0,0.4935016774133744,25.010993996746365,-0.017049535963938583,0.0,0.08524767981969292,0.0,0.0,0.0,epa_udds,PPO_seed7
322,21.3135,-9426.309210007059,0.0,0.0,0.4934423144382743,25.01110960154663,-0.017718626334599735,0.0,0.08859313167299868,0.0,0.0,0.0,epa_udds,PPO_seed7
323,21.3481,-10107.635335298086,0.0,0.0,0.49337866062125046,25.01123771306001,-0.018999314540033996,0.0,0.09499657270016998,0.0,0.0,0.0,epa_udds,PPO_seed7
324,21.41,-11079.35847423295,0.0,0.0,0.4933088869688518,25.011385385147975,-0.02082586179367096,0.0,0.10412930896835479,0.0,0.0,0.0,epa_udds,PPO_seed7
325,21.5049,-12283.705056040557,0.0,0.0,0.49323152818488636,25.01155998894839,-0.023089671157970976,0.0,0.11544835578985486,0.0,0.0,0.0,epa_udds,PPO_seed7
326,21.6357,-13638.189454685462,0.0,0.0,0.4931456382749786,25.011768398801966,-0.025635694463694476,0.0,0.12817847231847238,0.0,0.0,0.0,epa_udds,PPO_seed7
327,21.8023,-15049.80407606881,0.0,0.0,0.4930508568169571,25.01201601688309,-0.028289105406144384,0.0,0.1414455270307219,0.0,0.0,0.0,epa_udds,PPO_seed7
328,22.0019,-16429.736439242235,0.0,0.0,0.4929473825847498,25.0123059457008,-0.03088296323165834,0.0,0.1544148161582917,0.0,0.0,0.0,epa_udds,PPO_seed7
329,22.2288,-17673.874879193496,0.0,0.0,0.4928360699842871,25.012637538559574,-0.03322156932179229,0.0,0.16610784660896144,0.0,0.0,0.0,epa_udds,PPO_seed7
330,22.4753,-18700.234336208272,0.0,0.0,0.4927182898248127,25.01300624971278,-0.035150816421444124,0.0,0.1757540821072206,0.0,0.0,0.0,epa_udds,PPO_seed7
331,22.732,-19429.073611052878,0.0,0.0,0.4925959153211973,25.013403272521806,-0.03652081505837007,0.0,0.18260407529185035,0.0,0.0,0.0,epa_udds,PPO_seed7
332,22.9887,-19806.57111408412,0.0,0.0,0.4924711589753059,25.013816472969516,-0.03723039683098519,0.0,0.18615198415492593,0.0,0.0,0.0,epa_udds,PPO_seed7
333,23.2352,-19805.41536596951,0.0,0.0,0.4923464056908958,25.014231846384803,-0.03722822437212314,0.0,0.1861411218606157,0.0,0.0,0.0,epa_udds,PPO_seed7
334,23.4621,-19429.155504330072,0.0,0.0,0.4922240184196602,25.014635417516793,-0.036520968993101637,0.0,0.1826048449655082,0.0,0.0,0.0,epa_udds,PPO_seed7
335,23.6617,-18720.023146491294,0.0,0.0,0.4921060944587221,25.01501540283673,-0.03518801343325431,0.0,0.17594006716627156,0.0,0.0,0.0,epa_udds,PPO_seed7
336,23.8283,-17739.1112764684,0.0,0.0,0.49199434653439716,25.015363312944654,-0.0333441941287,0.0,0.1667209706435,0.0,0.0,0.0,epa_udds,PPO_seed7
337,23.959,-16586.11921443531,0.0,0.0,0.4918898594687357,25.01567521807847,-0.031176915816607732,0.0,0.15588457908303865,0.0,0.0,0.0,epa_udds,PPO_seed7
338,24.0539,-15376.501661171462,0.0,0.0,0.4917929907756532,25.015951618700754,-0.02890319861122455,0.0,0.14451599305612275,0.0,0.0,0.0,epa_udds,PPO_seed7
339,24.1159,-14224.139469255571,0.0,0.0,0.4917033804541632,25.016196449491847,-0.026737104265517994,0.0,0.13368552132758996,0.0,0.0,0.0,epa_udds,PPO_seed7
340,24.1505,-13238.832134626533,0.0,0.0,0.49161997662866236,25.016416037343607,-0.024885022809448373,0.0,0.12442511404724185,0.0,0.0,0.0,epa_udds,PPO_seed7
341,24.1655,-12520.537898123677,0.0,0.0,0.49154109752200736,25.016618194125662,-0.023534845673164807,0.0,0.11767422836582403,0.0,0.0,0.0,epa_udds,PPO_seed7
342,24.1703,-12142.808697389306,0.0,0.0,0.4914645978206702,25.016811416668606,-0.022824828378551328,0.0,0.11412414189275663,0.0,0.0,0.0,epa_udds,PPO_seed7
343,24.1751,-12148.507387852218,0.0,0.0,0.49138806203630975,25.017004562967408,-0.022835540202729737,0.0,0.11417770101364867,0.0,0.0,0.0,epa_udds,PPO_seed7
344,24.1902,-12554.028049945005,0.0,0.0,0.49130897127178325,25.01720700962227,-0.023597797086362796,0.0,0.11798898543181396,0.0,0.0,0.0,epa_udds,PPO_seed7
345,24.2248,-13330.581821140324,0.0,0.0,0.49122498786524144,25.017428443529617,-0.02505748462620362,0.0,0.1252874231310181,0.0,0.0,0.0,epa_udds,PPO_seed7
346,24.2867,-14438.753462175273,0.0,0.0,0.4911340223117286,25.017679214496564,-0.027140514026645253,0.0,0.13570257013322626,0.0,0.0,0.0,epa_udds,PPO_seed7
347,24.3816,-15812.745932918706,0.0,0.0,0.49103439943237037,25.017969877176366,-0.029723206640824635,0.0,0.14861603320412317,0.0,0.0,0.0,epa_udds,PPO_seed7
348,24.5124,-17358.315717447465,0.0,0.0,0.4909250375664316,25.01831002619546,-0.032628413002720805,0.0,0.163142065013604,0.0,0.0,0.0,epa_udds,PPO_seed7
349,24.679,-18969.149590708552,0.0,0.0,0.4908055246286581,25.01870697777182,-0.035656296223136374,0.0,0.17828148111568187,0.0,0.0,0.0,epa_udds,PPO_seed7
350,24.8786,-20543.870062715505,0.0,0.0,0.49067608707795,25.019164707354324,-0.038616297110367494,0.0,0.19308148555183746,0.0,0.0,0.0,epa_udds,PPO_seed7
351,25.1055,-21964.22366890784,0.0,0.0,0.49053769635946876,25.019681921000057,-0.041286134715992184,0.0,0.20643067357996092,0.0,0.0,0.0,epa_udds,PPO_seed7
352,24.9228,-5791.20265632759,0.0,0.0,0.49050120628358196,25.019775924497594,-0.01088571927881126,0.0,0.0544285963940563,0.0,0.0,0.0,epa_udds,PPO_seed7
353,24.7504,-6023.503012843875,0.0,0.0,0.490463253365658,25.019869998221896,-0.011322374084293,0.0,0.05661187042146499,0.0,0.0,0.0,epa_udds,PPO_seed7
354,24.5779,-5855.153144476164,0.0,0.0,0.4904263619733234,25.01995984348444,-0.011005926963301061,0.0,0.0550296348165053,0.0,0.0,0.0,epa_udds,PPO_seed7
355,24.3953,-5300.545561442506,0.0,0.0,0.49039296568577934,25.02004155667129,-0.009963431506470877,0.0,0.049817157532354384,0.0,0.0,0.0,epa_udds,PPO_seed7
356,24.193,-4375.866669660067,0.0,0.0,0.49036539598653717,25.020112472080307,-0.008225313288834713,0.0,0.04112656644417356,0.0,0.0,0.0,epa_udds,PPO_seed7
357,23.9634,-3161.4390683684874,0.0,0.0,0.4903454781556284,25.020172249127796,-0.00594255463979039,0.0,0.02971277319895195,0.0,0.0,0.0,epa_udds,PPO_seed7
358,23.7009,-1740.0869055992584,0.0,0.0,0.4903345154946507,25.020222754086383,-0.003270840048118907,0.0,0.016354200240594533,0.0,0.0,0.0,epa_udds,PPO_seed7
359,23.4025,-218.53554074139925,0.0,0.0,0.4903331387505859,25.02026753162444,-0.00041078109161917154,0.0,0.0020539054580958577,0.0,0.0,0.0,epa_udds,PPO_seed7
360,23.0682,923.6201483409083,0.0,0.0,0.49033895722054177,25.02030994447349,0.0499866002087057,0.0,0.00868064049192583,0.03694480593363633,0.0,0.0,epa_udds,PPO_seed7
361,22.701,1906.365229304579,0.0,0.0,0.4903509661575414,25.02035177664877,0.10317305955288991,0.0,0.01791696644083251,0.07625460917218316,0.0,0.0,epa_udds,PPO_seed7
362,22.3065,2722.374445048575,0.0,0.0,0.4903681147489307,25.02039394934308,0.14733572372526046,0.0,0.02558622598729864,0.108894977801943,0.0,0.0,epa_udds,PPO_seed7
363,21.8923,3323.942908385145,0.0,0.0,0.49038905180595305,25.02043636745067,0.17989278988388174,0.0,0.031240064928431815,0.1329577163354058,0.0,0.0,epa_udds,PPO_seed7
364,21.468,3668.9979027237405,0.0,0.0,0.49041216131533116,25.02047797088291,0.1985672699534247,0.0,0.034483062995523873,0.14675991610894962,0.0,0.0,epa_udds,PPO_seed7
365,21.0436,3759.0002343920323,0.0,0.0,0.49043583669140395,25.020517268183983,0.20343822321168306,0.0,0.035328949571353685,0.15036000937568128,0.0,0.0,epa_udds,PPO_seed7
366,20.6295,3597.2407452977686,0.0,0.0,0.4904584923024434,25.020552708720526,0.1946837510124311,0.0,0.03380865362121963,0.14388962981191075,0.0,0.0,epa_udds,PPO_seed7
367,20.2349,3224.1610275126823,0.0,0.0,0.4904787974232582,25.02058325575904,0.17449256448147582,0.0,0.030302265296171825,0.12896644110050728,0.0,0.0,epa_udds,PPO_seed7
368,19.8677,2679.3830039833806,0.0,0.0,0.4904956710080205,25.020608539451647,0.14500901400505545,0.0,0.025182171090069365,0.10717532015933523,0.0,0.0,epa_udds,PPO_seed7
369,19.5335,2020.8705655385472,0.0,0.0,0.4905083971309611,25.020628945320166,0.10937012278756739,0.0,0.01899314441295627,0.08083482262154189,0.0,0.0,epa_udds,PPO_seed7
370,19.2351,1312.6284298616602,0.0,0.0,0.49051666295127117,25.020645430776522,0.07103984539958068,0.0,0.012336733363361468,0.05250513719446641,0.0,0.0,epa_udds,PPO_seed7
371,18.9725,614.296651603161,0.0,0.0,0.4905205311639939,25.020659198969923,0.03324591953563573,0.0,0.0057734647707064005,0.024571866064126438,0.0,0.0,epa_udds,PPO_seed7
372,18.7429,-24.167828835588143,0.0,0.0,0.4905203789833798,25.020671381011624,-4.542824969095516e-05,0.0,0.00022714124845477578,0.0,0.0,0.0,epa_udds,PPO_seed7
373,18.5407,-732.2514403099702,0.0,0.0,0.4905157682210332,25.020683022524665,-0.0013764124817856585,0.0,0.006882062408928292,0.0,0.0,0.0,epa_udds,PPO_seed7
374,18.358,-1209.3778556044376,0.0,0.0,0.49050815327728275,25.020694666586305,-0.0022732666458730034,0.0,0.011366333229365016,0.0,0.0,0.0,epa_udds,PPO_seed7
375,18.1856,-1422.260243881331,0.0,0.0,0.49049919804350656,25.02070608876888,-0.0026734215110551336,0.0,0.013367107555275667,0.0,0.0,0.0,epa_udds,PPO_seed7
376,18.0131,-1340.0594493413557,0.0,0.0,0.49049076050733365,25.020716617619907,-0.002518908739363451,0.0,0.012594543696817253,0.0,0.0,0.0,epa_udds,PPO_seed7
377,17.8305,-977.9560759846163,0.0,0.0,0.4904846030026799,25.02072570135765,-0.001838263300722963,0.0,0.009191316503614815,0.0,0.0,0.0,epa_udds,PPO_seed7
378,17.6282,-352.5582902603571,0.0,0.0,0.49048238322329524,25.020733336893272,-0.000662703553120972,0.0,0.00331351776560486,0.0,0.0,0.0,epa_udds,PPO_seed7
379,17.3986,0.0,0.0,340.4755914256543,0.49048238322329524,25.020740154067,0.0,0.0,0.0,0.0,0.0,0.0,epa_udds,PPO_seed7
380,17.1361,1032.308163058137,0.0,0.0,0.49048888262641355,25.020747280714506,0.05586882825332685,0.0,0.009702144389644146,0.041292326522325486,0.0,0.0,epa_udds,PPO_seed7
381,16.8377,1763.357603040691,0.0,0.0,0.49049998448444465,25.020755565403906,0.09543344380967589,0.0,0.016572909803014013,0.07053430412162764,0.0,0.0,epa_udds,PPO_seed7
382,16.5034,2469.5210244840678,0.0,0.0,0.49051553190511016,25.020765875412675,0.1336512205581678,0.0,0.023209784064699885,0.09878084097936271,0.0,0.0,epa_udds,PPO_seed7
383,16.1362,3090.7530556751035,0.0,0.0,0.4905349899643786,25.020778635795242,0.1672724849229278,0.0,0.029048430974390072,0.12363012222700415,0.0,0.0,epa_udds,PPO_seed7
384,15.7417,3580.027566292676,0.0,0.0,0.4905575277152943,25.02079366915063,0.19375216858777955,0.0,0.033646875623051464,0.14320110265170705,0.0,0.0,epa_udds,PPO_seed7
385,15.3275,3907.2315871198,0.0,0.0,0.49058212470501117,25.020810228233394,0.2114605486021678,0.0,0.03672210138270489,0.156289263484792,0.0,0.0,epa_udds,PPO_seed7
386,14.9032,4048.3047315958784,0.0,0.0,0.4906076091085176,25.020827099284702,0.21909546960922652,0.0,0.038047976800713146,0.16193218926383512,0.0,0.0,epa_udds,PPO_seed7
387,14.4789,4009.2015339028244,0.0,0.0,0.4906328466930825,25.0208429818551,0.21697919278971825,0.0,0.03768046554419948,0.16036806135611298,0.0,0.0,epa_udds,PPO_seed7
388,14.0647,3805.563206811867,0.0,0.0,0.4906568017871154,25.020856739799175,0.205958225282946,0.0,0.035766571492592734,0.15222252827247468,0.0,0.0,epa_udds,PPO_seed7
389,13.6701,3461.826052969854,0.0,0.0,0.49067859262234265,25.02086759309135,0.18735506713742112,0.0,0.032535959144453515,0.13847304211879416,0.0,0.0,epa_udds,PPO_seed7
390,13.303,3014.7020114589936,0.0,0.0,0.49069756857393687,25.02087524455003,0.1631565795374574,0.0,0.028333665521231143,0.12058808045835974,0.0,0.0,epa_udds,PPO_seed7
391,12.9687,2510.5783508008203,0.0,0.0,0.49071337102538587,25.020879874455872,0.13587325540649853,0.0,0.023595661191737033,0.10042313403203282,0.0,0.0,epa_udds,PPO_seed7
392,12.6334,2505.5718194208275,0.0,0.0,0.4907291416931441,25.020884164391134,0.13560230042248958,0.0,0.023548607325383716,0.1002228727768331,0.0,0.0,epa_udds,PPO_seed7
393,12.334,1989.1646831932444,0.0,0.0,0.49074166176299716,25.020885971757558,0.10765419089943588,0.0,0.01869515679692899,0.07956658732772978,0.0,0.0,epa_udds,PPO_seed7
394,12.0675,1534.6294773417828,0.0,0.0,0.4907513207891344,25.02088603258907,0.08305460885643724,0.0,0.014423209373512996,0.06138517909367131,0.0,0.0,epa_udds,PPO_seed7
395,11.8284,1169.745116259563,0.0,0.0,0.4907586831266437,25.020884972776283,0.06330695749501003,0.0,0.010993845077627473,0.04678980465038252,0.0,0.0,epa_udds,PPO_seed7
396,11.6089,918.395592378141,0.0,0.0,0.4907644634172133,25.02088326300706,0.0497038456687057,0.0,0.008631537522350949,0.03673582369512564,0.0,0.0,epa_udds,PPO_seed7
397,11.3995,796.049713469499,0.0,0.0,0.4907694736279689,25.020881225502084,0.04308244990641694,0.0,0.0074816702393749905,0.03184198853877996,0.0,0.0,epa_udds,PPO_seed7
398,11.1902,802.501737180702,0.0,0.0,0.49077452440302094,25.02087908417744,0.0434316353701255,0.0,0.007542309559969004,0.03210006948722808,0.0,0.0,epa_udds,PPO_seed7
399,10.9706,935.8341292394325,0.0,0.0,0.49078041429428954,25.02087705746798,0.05064762452831154,0.0,0.008795433545483388,0.0374333651695773,0.0,0.0,epa_udds,PPO_seed7
400,10.7315,1173.3070812436786,0.0,0.0,0.49078779871375544,25.020875403466068,0.06349973211121804,0.0,0.011027322192139836,0.046932283249747145,0.0,0.0,epa_udds,PPO_seed7
401,10.465,1490.259951270666,0.0,0.0,0.49079717784746363,25.020874447154664,0.08065331676125002,0.0,0.014006202549536335,0.05961039805082664,0.0,0.0,epa_udds,PPO_seed7
402,10.1656,1848.6970132268846,0.0,0.0,0.49080881273297466,25.02087452066598,0.10005203835494073,0.0,0.017374971928824104,0.07394788052907539,0.0,0.0,epa_udds,PPO_seed7
403,9.8303,2210.7828121058624,0.0,0.0,0.4908227262757466,25.02087588132767,0.11964823068825561,0.0,0.02077803394836337,0.0884313124842345,0.0,0.0,epa_udds,PPO_seed7
404,9.4592,2535.1675165710035,0.0,0.0,0.4908386811426134,25.020878595959463,0.13720402845321866,0.0,0.023826762373787627,0.10140670066284015,0.0,0.0,epa_udds,PPO_seed7
405,9.0551,2790.1225963664956,0.0,0.0,0.49085624032762104,25.020882496625074,0.1510022740499702,0.0,0.026222956732767817,0.11160490385465982,0.0,0.0,epa_udds,PPO_seed7
406,8.6237,2948.62239769097,0.0,0.0,0.4908747967631921,25.02088716686736,0.1595803309667639,0.0,0.027712616519651973,0.1179448959076388,0.0,0.0,epa_udds,PPO_seed7
407,8.1727,2999.9422873429858,0.0,0.0,0.4908936759186821,25.02089204560758,0.1623577788292843,0.0,0.028194946309614527,0.11999769149371943,0.0,0.0,epa_udds,PPO_seed7
408,7.7114,2943.4106891120928,0.0,0.0,0.4909121990706928,25.020896538937148,0.15929827173104394,0.0,0.027663634296166285,0.11773642756448371,0.0,0.0,epa_udds,PPO_seed7
409,7.2502,2787.666978520826,0.0,0.0,0.4909297418961216,25.020900133915788,0.15086937527363084,0.0,0.026199877617676937,0.11150667914083304,0.0,0.0,epa_udds,PPO_seed7
410,6.7992,2554.7612992766644,0.0,0.0,0.4909458188587548,25.020902511041303,0.138264449866116,0.0,0.024010914466885944,0.10219045197106658,0.0,0.0,epa_udds,PPO_seed7
411,6.3677,2268.820244242853,0.0,0.0,0.49096009626407144,25.020903554359602,0.12278923397037636,0.0,0.02132349853611704,0.09075280976971412,0.0,0.0,epa_udds,PPO_seed7
412,5.9637,1953.7270807716905,0.0,0.0,0.4909723907165007,25.020903319644738,0.10573629719845586,0.0,0.018362096623794084,0.07814908323086762,0.0,0.0,epa_udds,PPO_seed7
413,5.5926,1636.1960702485417,0.0,0.0,0.49098268692500735,25.020901994558965,0.08855142341089474,0.0,0.015377782615117873,0.06544784280994166,0.0,0.0,epa_udds,PPO_seed7
414,5.2573,1335.3715308155308,0.0,0.0,0.4909910900604898,25.020899817031918,0.07227070886323451,0.0,0.01255048431217604,0.053414861232621236,0.0,0.0,epa_udds,PPO_seed7
415,4.9578,1066.908824176831,0.0,0.0,0.4909978037981255,25.020897026060563,0.05774142643928443,0.0,0.010027338573090518,0.04267635296707324,0.0,0.0,epa_udds,PPO_seed7
416,4.6913,841.2576152121816,0.0,0.0,0.4910030975593034,25.02089382652017,0.04552911514509235,0.0,0.007906556533949075,0.033650304608487266,0.0,0.0,epa_udds,PPO_seed7
417,4.4522,665.8588357628705,0.0,0.0,0.4910072875800523,25.020890376857476,0.03603648044978302,0.0,0.006258071764688632,0.02663435343051482,0.0,0.0,epa_udds,PPO_seed7
418,4.2327,543.5189944867741,0.0,0.0,0.4910107077501671,25.02088678779548,0.029415411445983457,0.0,0.005108261226379455,0.021740759779470965,0.0,0.0,epa_udds,PPO_seed7
419,4.0234,473.61272522530635,0.0,0.0,0.49101368801964596,25.02088313233548,0.02563206312911094,0.0,0.004451247417531075,0.018944509009012254,0.0,0.0,epa_udds,PPO_seed7
420,3.814,452.03122424411606,0.0,0.0,0.49101653248028154,25.02087945899876,0.024464065805331933,0.0,0.00424841376169282,0.01808124896976464,0.0,0.0,epa_udds,PPO_seed7
421,3.5945,469.14335535632915,0.0,0.0,0.49101948461679296,25.020875801711707,0.025390179487630504,0.0,0.004409242061619635,0.018765734214253166,0.0,0.0,epa_udds,PPO_seed7
422,3.3554,513.9468300360732,0.0,0.0,0.4910227186794101,25.020872187366326,0.027814957012027474,0.0,0.004830327349963094,0.020557873201442926,0.0,0.0,epa_udds,PPO_seed7
423,3.0889,570.1572536476368,0.0,0.0,0.49102630644618633,25.020868632128746,0.030857082043275856,0.0,0.005358620804958992,0.02280629014590547,0.0,0.0,epa_udds,PPO_seed7
424,2.7894,620.0428344722509,0.0,0.0,0.4910302081158385,25.02086513475591,0.03355690468068618,0.0,0.0058274702487993504,0.024801713378890037,0.0,0.0,epa_udds,PPO_seed7
425,2.0117,1527.7747778531634,0.0,0.0,0.49103982174439287,25.020863483934544,0.0826836304585494,0.0,0.014358785506138753,0.06111099111412654,0.0,0.0,epa_udds,PPO_seed7
426,1.6764,443.3715149552526,0.0,0.0,0.49104261167655155,25.02085981566016,0.0239953997341948,0.0,0.0041670255164967356,0.017734860598210105,0.0,0.0,epa_udds,PPO_seed7
427,1.3411,355.2643772299638,0.0,0.0,0.49104484718889013,25.020856082583634,0.019227014942114883,0.0,0.0033389509138154493,0.014210575089198553,0.0,0.0,epa_udds,PPO_seed7
428,1.0058,266.7755776545454,0.0,0.0,0.4910465258814943,25.02085229886509,0.014437974495920432,0.0,0.002507289263670539,0.010671023106181815,0.0,0.0,epa_udds,PPO_seed7
429,0.6706,177.9519410970015,0.0,0.0,0.4910476456485313,25.020848478840335,0.009630812571550502,0.0,0.001672480649407909,0.00711807764388006,0.0,0.0,epa_udds,PPO_seed7
430,0.3353,89.06123543712516,0.0,0.0,0.49104820606855437,25.02084463704902,0.00482002084719118,0.0,0.0008370416864391463,0.0035624494174850067,0.0,0.0,epa_udds,PPO_seed7
431,0.0,0.0,0.0,0.0,0.49104820606855437,25.020840788075212,0.0,0.0,0.0,0.0,0.0,0.0,epa_udds,PPO_seed7
432,0.0,0.0,0.0,0.0,0.49104820606855437,25.020836939083615,0.0,0.0,0.0,0.0,0.0,0.0,epa_udds,PPO_seed7
433,0.0,0.0,0.0,0.0,0.49104820606855437,25.020833090122125,0.0,0.0,0.0,0.0,0.0,0.0,epa_udds,PPO_seed7
434,0.0,0.0,0.0,0.0,0.49104820606855437,25.02082924123549,0.0,0.0,0.0,0.0,0.0,0.0,epa_udds,PPO_seed7
435,0.0,0.0,0.0,0.0,0.49104820606855437,25.02082539246551,0.0,0.0,0.0,0.0,0.0,0.0,epa_udds,PPO_seed7
436,0.0,0.0,0.0,0.0,0.49104820606855437,25.02082154385125,0.0,0.0,0.0,0.0,0.0,0.0,epa_udds,PPO_seed7
437,0.0,0.0,0.0,0.0,0.49104820606855437,25.020817695429187,0.0,0.0,0.0,0.0,0.0,0.0,epa_udds,PPO_seed7
438,0.0,0.0,0.0,0.0,0.49104820606855437,25.020813847233416,0.0,0.0,0.0,0.0,0.0,0.0,epa_udds,PPO_seed7
439,0.0,0.0,0.0,0.0,0.49104820606855437,25.020809999295775,0.0,0.0,0.0,0.0,0.0,0.0,epa_udds,PPO_seed7
440,0.0,0.0,0.0,0.0,0.49104820606855437,25.020806151646013,0.0,0.0,0.0,0.0,0.0,0.0,epa_udds,PPO_seed7
441,0.0,0.0,0.0,0.0,0.49104820606855437,25.020802304311918,0.0,0.0,0.0,0.0,0.0,0.0,epa_udds,PPO_seed7
442,0.0,0.0,0.0,0.0,0.49104820606855437,25.020798457319447,0.0,0.0,0.0,0.0,0.0,0.0,epa_udds,PPO_seed7
443,0.0,0.0,0.0,0.0,0.49104820606855437,25.02079461069285,0.0,0.0,0.0,0.0,0.0,0.0,epa_udds,PPO_seed7
444,0.0,0.0,0.0,0.0,0.49104820606855437,25.020790764454773,0.0,0.0,0.0,0.0,0.0,0.0,epa_udds,PPO_seed7
445,0.0,0.0,0.0,0.0,0.49104820606855437,25.020786918626374,0.0,0.0,0.0,0.0,0.0,0.0,epa_udds,PPO_seed7
446,0.0,0.0,0.0,0.0,0.49104820606855437,25.020783073227413,0.0,0.0,0.0,0.0,0.0,0.0,epa_udds,PPO_seed7
447,0.0,0.0,0.0,0.0,0.49104820606855437,25.020779228276346,0.0,0.0,0.0,0.0,0.0,0.0,epa_udds,PPO_seed7
448,0.0,0.0,0.0,0.0,0.49104820606855437,25.020775383790415,0.0,0.0,0.0,0.0,0.0,0.0,epa_udds,PPO_seed7
449,0.0,0.0,0.0,0.0,0.49104820606855437,25.020771539785713,0.0,0.0,0.0,0.0,0.0,0.0,epa_udds,PPO_seed7
450,0.0,0.0,0.0,0.0,0.49104820606855437,25.02076769627728,0.0,0.0,0.0,0.0,0.0,0.0,epa_udds,PPO_seed7
451,0.0,0.0,0.0,0.0,0.49104820606855437,25.020763853279153,0.0,0.0,0.0,0.0,0.0,0.0,epa_udds,PPO_seed7
452,0.0,0.0,0.0,0.0,0.49104820606855437,25.020760010804448,0.0,0.0,0.0,0.0,0.0,0.0,epa_udds,PPO_seed7
453,0.0,0.0,0.0,0.0,0.49104820606855437,25.020756168865407,0.0,0.0,0.0,0.0,0.0,0.0,epa_udds,PPO_seed7
454,0.0,0.0,0.0,0.0,0.49104820606855437,25.02075232747346,0.0,0.0,0.0,0.0,0.0,0.0,epa_udds,PPO_seed7
455,0.0,0.0,0.0,0.0,0.49104820606855437,25.020748486639285,0.0,0.0,0.0,0.0,0.0,0.0,epa_udds,PPO_seed7
456,0.0,0.0,0.0,0.0,0.49104820606855437,25.020744646372844,0.0,0.0,0.0,0.0,0.0,0.0,epa_udds,PPO_seed7
457,0.0,0.0,0.0,0.0,0.49104820606855437,25.020740806683445,0.0,0.0,0.0,0.0,0.0,0.0,epa_udds,PPO_seed7
458,0.0,0.0,0.0,0.0,0.49104820606855437,25.020736967579772,0.0,0.0,0.0,0.0,0.0,0.0,epa_udds,PPO_seed7
459,0.0,0.0,0.0,0.0,0.49104820606855437,25.02073312906993,0.0,0.0,0.0,0.0,0.0,0.0,epa_udds,PPO_seed7
460,0.0,0.0,0.0,0.0,0.49104820606855437,25.02072929116149,0.0,0.0,0.0,0.0,0.0,0.0,epa_udds,PPO_seed7
461,0.0,0.0,0.0,0.0,0.49104820606855437,25.020725453861512,0.0,0.0,0.0,0.0,0.0,0.0,epa_udds,PPO_seed7
462,0.0,0.0,0.0,0.0,0.49104820606855437,25.02072161717659,0.0,0.0,0.0,0.0,0.0,0.0,epa_udds,PPO_seed7
463,0.0,0.0,0.0,0.0,0.49104820606855437,25.02071778111287,0.0,0.0,0.0,0.0,0.0,0.0,epa_udds,PPO_seed7
464,0.0,0.0,0.0,0.0,0.49104820606855437,25.020713945676096,0.0,0.0,0.0,0.0,0.0,0.0,epa_udds,PPO_seed7
465,0.0,0.0,0.0,0.0,0.49104820606855437,25.02071011087162,0.0,0.0,0.0,0.0,0.0,0.0,epa_udds,PPO_seed7
466,0.0,0.0,0.0,0.0,0.49104820606855437,25.020706276704434,0.0,0.0,0.0,0.0,0.0,0.0,epa_udds,PPO_seed7
467,0.0,0.0,0.0,0.0,0.49104820606855437,25.020702443179196,0.0,0.0,0.0,0.0,0.0,0.0,epa_udds,PPO_seed7
468,0.0,0.0,0.0,0.0,0.49104820606855437,25.020698610300254,0.0,0.0,0.0,0.0,0.0,0.0,epa_udds,PPO_seed7
469,0.0,0.0,0.0,0.0,0.49104820606855437,25.020694778071658,0.0,0.0,0.0,0.0,0.0,0.0,epa_udds,PPO_seed7
470,0.0,0.0,0.0,0.0,0.49104820606855437,25.02069094649718,0.0,0.0,0.0,0.0,0.0,0.0,epa_udds,PPO_seed7
471,0.0,0.0,0.0,0.0,0.49104820606855437,25.020687115580344,0.0,0.0,0.0,0.0,0.0,0.0,epa_udds,PPO_seed7
472,0.3193,-207.3370171758427,0.0,0.0,0.4910469013784452,25.02068332599738,-0.0003897312352929374,0.0,0.001948656176464687,0.0,0.0,0.0,epa_udds,PPO_seed7
473,0.6386,-414.7884840734083,0.0,0.0,0.4910442912757947,25.0206796589892,-0.000779677601641745,0.0,0.003898388008208725,0.0,0.0,0.0,epa_udds,PPO_seed7
474,0.9579,-622.4688504144196,0.0,0.0,0.4910403743152594,25.0206761961757,-0.0011700542301022925,0.0,0.0058502711505114624,0.0,0.0,0.0,epa_udds,PPO_seed7
475,1.2773,-830.7564726946258,0.0,0.0,0.49103514666801046,25.020673020235872,-0.0015615723170951615,0.0,0.007807861585475807,0.0,0.0,0.0,epa_udds,PPO_seed7
476,1.5966,-1039.0394572799585,0.0,0.0,0.49102860835309237,25.020670213633974,-0.0019530816866164633,0.0,0.009765408433082316,0.0,0.0,0.0,epa_udds,PPO_seed7
477,1.9159,-1248.0934174289641,0.0,0.0,0.49102075450643806,25.02066786099845,-0.0023460402583251206,0.0,0.011730201291625603,0.0,0.0,0.0,epa_udds,PPO_seed7
478,2.2352,-1457.8341117522539,0.0,0.0,0.4910115807916682,25.020666048039228,-0.0027402896837448384,0.0,0.01370144841872419,0.0,0.0,0.0,epa_udds,PPO_seed7
479,2.112,55.39805798596548,0.0,0.0,0.49101192939676164,25.020662231357687,0.0029981595592705225,0.0,0.0005206584397177207,0.002215922319438619,0.0,0.0,epa_udds,PPO_seed7
480,2.4313,-1587.0374385056957,0.0,0.0,0.4910019426030997,25.020660794913713,-0.0029831530798979243,0.0,0.014915765399489621,0.0,0.0,0.0,epa_udds,PPO_seed7
481,2.7865,-1977.531832778604,0.0,0.0,0.4909894984715412,25.020660681287083,-0.0037171650992079024,0.0,0.018585825496039512,0.0,0.0,0.0,epa_udds,PPO_seed7
482,3.1746,-2419.732339295894,0.0,0.0,0.4909742715829947,25.020662416607898,-0.004548369058826868,0.0,0.02274184529413434,0.0,0.0,0.0,epa_udds,PPO_seed7
483,3.5901,-2895.36410927903,0.0,0.0,0.4909560515003451,25.02066655802205,-0.005442413739246297,0.0,0.027212068696231485,0.0,0.0,0.0,epa_udds,PPO_seed7
484,4.0251,-3376.0929951145554,0.0,0.0,0.4909348060719617,25.02067357322692,-0.006346039464501044,0.0,0.03173019732250522,0.0,0.0,0.0,epa_udds,PPO_seed7
485,4.4704,-3831.1281473513654,0.0,0.0,0.4909106968988636,25.020683721963046,-0.0072013686980288835,0.0,0.036006843490144415,0.0,0.0,0.0,epa_udds,PPO_seed7
486,4.9157,-4224.7887717866015,0.0,0.0,0.4908841101193833,25.02069691325388,-0.007941332277794364,0.0,0.03970666138897182,0.0,0.0,0.0,epa_udds,PPO_seed7
487,5.3507,-4526.92039760354,0.0,0.0,0.49085562164899554,25.02071266125187,-0.008509248867675828,0.0,0.042546244338379134,0.0,0.0,0.0,epa_udds,PPO_seed7
488,5.7662,-4719.149754193481,0.0,0.0,0.4908259230565741,25.020730159069156,-0.00887058224472459,0.0,0.04435291122362295,0.0,0.0,0.0,epa_udds,PPO_seed7
489,6.1543,-4791.150381863096,0.0,0.0,0.4907957709359834,25.02074838512023,-0.009005921770419353,0.0,0.04502960885209677,0.0,0.0,0.0,epa_udds,PPO_seed7
490,6.5095,-4751.690839418933,0.0,0.0,0.4907658667406333,25.020766344952506,-0.00893174969815589,0.0,0.04465874849077945,0.0,0.0,0.0,epa_udds,PPO_seed7
491,6.8288,-4620.458927092923,0.0,0.0,0.4907367880589714,25.020783237337326,-0.008685073171227298,0.0,0.04342536585613649,0.0,0.0,0.0,epa_udds,PPO_seed7
492,7.1122,-4431.499466183216,0.0,0.0,0.490708898246642,25.020798609879396,-0.008329886214630105,0.0,0.04164943107315053,0.0,0.0,0.0,epa_udds,PPO_seed7
493,7.3628,-4227.627770709264,0.0,0.0,0.49068229121134804,25.02081240942352,-0.007946668741934707,0.0,0.03973334370967353,0.0,0.0,0.0,epa_udds,PPO_seed7
494,7.5859,-4046.045449347648,0.0,0.0,0.49065682672582284,25.020824881374374,-0.007605348588999339,0.0,0.038026742944996694,0.0,0.0,0.0,epa_udds,PPO_seed7
495,7.7895,-3932.645144298794,0.0,0.0,0.4906320757163927,25.02083658703404,-0.0073921901208623955,0.0,0.036960950604311975,0.0,0.0,0.0,epa_udds,PPO_seed7
496,7.9829,-3917.892613054132,0.0,0.0,0.4906074173441249,25.020848270275028,-0.0073644597989739324,0.0,0.03682229899486966,0.0,0.0,0.0,epa_udds,PPO_seed7
497,8.1762,-4026.4542963020635,0.0,0.0,0.49058207549823885,25.020860857341056,-0.007568523113349744,0.0,0.03784261556674872,0.0,0.0,0.0,epa_udds,PPO_seed7
498,8.3798,-4277.533596907023,0.0,0.0,0.49055515317343173,25.020875510505018,-0.008040476685915458,0.0,0.040202383429577285,0.0,0.0,0.0,epa_udds,PPO_seed7
499,8.6029,-4671.4706679936435,0.0,0.0,0.4905257511856674,25.0208936046559,-0.00878095990224369,0.0,0.04390479951121845,0.0,0.0,0.0,epa_udds,PPO_seed7
500,8.8535,-5208.976654949728,0.0,0.0,0.49049296583007296,25.020916848592254,-0.009791309501785203,0.0,0.048956547508926015,0.0,0.0,0.0,epa_udds,PPO_seed7
501,9.1369,-5869.197081609829,0.0,0.0,0.4904560246053854,25.02094716568058,-0.01103232534137186,0.0,0.0551616267068593,0.0,0.0,0.0,epa_udds,PPO_seed7
502,9.4563,-6636.826441446978,0.0,0.0,0.49041425128289745,25.020986755723204,-0.012475237671892816,0.0,0.062376188359464076,0.0,0.0,0.0,epa_udds,PPO_seed7
503,9.8114,-7470.245124258345,0.0,0.0,0.4903672315278054,25.02103770622385,-0.014041814143342754,0.0,0.07020907071671377,0.0,0.0,0.0,epa_udds,PPO_seed7
504,10.1995,-8335.727408602781,0.0,0.0,0.4903147632237901,25.021101891940535,-0.01566866054248643,0.0,0.07834330271243216,0.0,0.0,0.0,epa_udds,PPO_seed7
505,10.615,-9181.530000701148,0.0,0.0,0.49025696990031536,25.02118045191992,-0.017258515038911935,0.0,0.08629257519455967,0.0,0.0,0.0,epa_udds,PPO_seed7
506,11.0501,-9955.814062289206,0.0,0.0,0.49019430137203884,25.021273457339678,-0.01871393620731054,0.0,0.0935696810365527,0.0,0.0,0.0,epa_udds,PPO_seed7
507,11.3037,-7030.4369799100195,0.0,0.0,0.4901500459971569,25.021319903701833,-0.01321510710509402,0.0,0.0660755355254701,0.0,0.0,0.0,epa_udds,PPO_seed7
508,11.5574,-7229.303331479497,0.0,0.0,0.49010453813825755,25.021369318047523,-0.013588916036615595,0.0,0.06794458018307797,0.0,0.0,0.0,epa_udds,PPO_seed7
509,11.8009,-7233.704616776825,0.0,0.0,0.49005900190485857,25.02141909225935,-0.013597189129279747,0.0,0.06798594564639873,0.0,0.0,0.0,epa_udds,PPO_seed7
510,12.0248,-7041.915417210019,0.0,0.0,0.4900146723523914,25.021466574749763,-0.013236683115056429,0.0,0.06618341557528214,0.0,0.0,0.0,epa_udds,PPO_seed7
511,12.2213,-6670.208393581705,0.0,0.0,0.48997268217652074,25.02150951559638,-0.012537985702221253,0.0,0.06268992851110626,0.0,0.0,0.0,epa_udds,PPO_seed7
512,12.3848,-6152.8867809993,0.0,0.0,0.4899339481856727,25.02154642616852,-0.011565576656013724,0.0,0.05782788328006861,0.0,0.0,0.0,epa_udds,PPO_seed7
513,12.5126,-5544.841815873003,0.0,0.0,0.4898990416621396,25.021576804603598,-0.010422634992242488,0.0,0.052113174961212434,0.0,0.0,0.0,epa_udds,PPO_seed7
514,12.6044,-4896.705128892894,0.0,0.0,0.48986821514359796,25.02160091996011,-0.009204332949046793,0.0,0.04602166474523397,0.0,0.0,0.0,epa_udds,PPO_seed7
515,12.6634,-4284.5734044746205,0.0,0.0,0.4898412420878059,25.021619796777152,-0.00805370940690718,0.0,0.040268547034535904,0.0,0.0,0.0,epa_udds,PPO_seed7
516,12.6949,-3758.113518244579,0.0,0.0,0.4898175832435655,25.02163468939802,-0.007064123154595075,0.0,0.03532061577297537,0.0,0.0,0.0,epa_udds,PPO_seed7
517,12.7069,-3378.492899306687,0.0,0.0,0.489796314251981,25.021646993007888,-0.006350550562606555,0.0,0.031752752813032775,0.0,0.0,0.0,epa_udds,PPO_seed7
518,12.7087,-3177.667449505533,0.0,0.0,0.4897763095526163,25.02165799259931,-0.005973059115611905,0.0,0.02986529557805952,0.0,0.0,0.0,epa_udds,PPO_seed7
519,12.7105,-3178.458291136144,0.0,0.0,0.48975629990137526,25.021668923751974,-0.005974545660030347,0.0,0.02987272830015173,0.0,0.0,0.0,epa_udds,PPO_seed7
520,12.7225,-3385.5979364088944,0.0,0.0,0.48973498625094225,25.02168107217846,-0.006363905895505441,0.0,0.031819529477527204,0.0,0.0,0.0,epa_udds,PPO_seed7
521,12.754,-3786.8491742846145,0.0,0.0,0.48971114657941156,25.021695896786074,-0.007118137545647773,0.0,0.03559068772823886,0.0,0.0,0.0,epa_udds,PPO_seed7
522,12.813,-4363.804094375905,0.0,0.0,0.4896836747275236,25.02171516283539,-0.008202639275142679,0.0,0.04101319637571339,0.0,0.0,0.0,epa_udds,PPO_seed7
523,12.9048,-5071.352885456363,0.0,0.0,0.489651748483384,25.021740790655123,-0.009532618205745044,0.0,0.047663091028725214,0.0,0.0,0.0,epa_udds,PPO_seed7
524,13.0326,-5876.715241749499,0.0,0.0,0.48961475195263643,25.02177487031189,-0.011046457221333645,0.0,0.05523228610666822,0.0,0.0,0.0,epa_udds,PPO_seed7
525,13.1961,-6716.424189551302,0.0,0.0,0.4895724687387905,25.02181913695112,-0.012624857499156584,0.0,0.06312428749578292,0.0,0.0,0.0,epa_udds,PPO_seed7
526,13.3927,-7547.085038812705,0.0,0.0,0.4895249555897157,25.021874871719273,-0.014186250072956211,0.0,0.07093125036478105,0.0,0.0,0.0,epa_udds,PPO_seed7
527,13.6166,-8299.75990719461,0.0,0.0,0.48947270322698877,25.02194222630014,-0.015601052457132725,0.0,0.07800526228566362,0.0,0.0,0.0,epa_udds,PPO_seed7
528,13.86,-8922.854329696987,0.0,0.0,0.48941652720024476,25.02202013997655,-0.016772282574618397,0.0,0.08386141287309198,0.0,0.0,0.0,epa_udds,PPO_seed7
529,14.1137,-9371.00719314252,0.0,0.0,0.48935752868861904,25.022106276509742,-0.017614675175079923,0.0,0.08807337587539961,0.0,0.0,0.0,epa_udds,PPO_seed7
530,14.3674,-9600.285798383,0.0,0.0,0.48929708555318263,25.022197037974752,-0.018045649996960525,0.0,0.09022824998480262,0.0,0.0,0.0,epa_udds,PPO_seed7
531,14.6108,-9589.21351566992,0.0,0.0,0.4892367109935867,25.022288128542048,-0.018024837435469777,0.0,0.09012418717734888,0.0,0.0,0.0,epa_udds,PPO_seed7
532,14.8347,-9343.4838475015,0.0,0.0,0.48917788249699645,25.022375341105946,-0.017562939562972748,0.0,0.08781469781486373,0.0,0.0,0.0,epa_udds,PPO_seed7
533,15.0312,-8878.273263083942,0.0,0.0,0.48912198211763575,25.022455022340754,-0.016688483577225455,0.0,0.08344241788612727,0.0,0.0,0.0,epa_udds,PPO_seed7
534,15.1948,-8241.29620888587,0.0,0.0,0.4890700915756193,25.022524813130136,-0.015491158287379453,0.0,0.07745579143689726,0.0,0.0,0.0,epa_udds,PPO_seed7
535,15.3225,-7489.87028371183,0.0,0.0,0.4890229317399544,25.02258376262945,-0.014078703540811711,0.0,0.07039351770405855,0.0,0.0,0.0,epa_udds,PPO_seed7
536,15.4144,-6701.895023082153,0.0,0.0,0.48898073298474254,25.022632375951996,-0.01259754703586871,0.0,0.06298773517934354,0.0,0.0,0.0,epa_udds,PPO_seed7
537,15.4733,-5949.702515842301,0.0,0.0,0.48894327020354056,25.022672127184272,-0.011183651345568237,0.0,0.055918256727841176,0.0,0.0,0.0,epa_udds,PPO_seed7
538,15.5049,-5312.305370542763,0.0,0.0,0.4889098207254202,25.022705132382026,-0.009985536410794667,0.0,0.049927682053973334,0.0,0.0,0.0,epa_udds,PPO_seed7
539,15.5169,-4846.708481425383,0.0,0.0,0.4888793028863864,25.022733628947964,-0.009110354288393577,0.0,0.045551771441967884,0.0,0.0,0.0,epa_udds,PPO_seed7
540,15.5187,-4601.548661464306,0.0,0.0,0.488850328732166,25.022759845874972,-0.008649527559143434,0.0,0.043247637795717164,0.0,0.0,0.0,epa_udds,PPO_seed7
541,15.5205,-4602.590498277147,0.0,0.0,0.48882134804946337,25.022785959026663,-0.008651485899017194,0.0,0.04325742949508597,0.0,0.0,0.0,epa_udds,PPO_seed7
542,14.8832,7597.148744036761,0.0,0.0,0.48886918422736886,25.022846572355984,0.4111599748840346,0.0,0.07140177391011994,0.30388594976147043,0.0,0.0,epa_udds,PPO_seed7
543,14.2655,7077.050221274539,0.0,0.0,0.48891374362259776,25.022898376023118,0.38301208641153484,0.0,0.06651362989919679,0.28308200885098156,0.0,0.0,epa_udds,PPO_seed7
544,13.6751,6461.198160866118,0.0,0.0,0.48895442377914683,25.022940936389418,0.3496819876835663,0.0,0.06072554662468156,0.2584479264346447,0.0,0.0,epa_udds,PPO_seed7
545,13.1177,5795.657985607568,0.0,0.0,0.48899091230568253,25.022974638289927,0.3136627532361148,0.0,0.05447046978954481,0.2318263194243027,0.0,0.0,epa_udds,PPO_seed7
546,12.5962,5130.043512225042,0.0,0.0,0.4890232091548603,25.02300050931588,0.27763949775184843,0.0,0.04821469466376919,0.20520174048900167,0.0,0.0,epa_udds,PPO_seed7
547,12.1105,4507.962095966832,0.0,0.0,0.48905158876018967,25.02301992052663,0.24397226441179892,0.0,0.04236806481171834,0.18031848383867327,0.0,0.0,epa_udds,PPO_seed7
548,11.6577,3962.782354803173,0.0,0.0,0.4890765355491924,25.02303431115732,0.21446697285618976,0.0,0.0372441950639396,0.15851129419212692,0.0,0.0,epa_udds,PPO_seed7
549,11.2323,3519.6235971744277,0.0,0.0,0.48909869199943484,25.02304502359955,0.1904830876124927,0.0,0.0330791691463762,0.1407849438869771,0.0,0.0,epa_udds,PPO_seed7
550,10.8265,3195.690097904617,0.0,0.0,0.48911880881086706,25.023053224510743,0.17295170920840172,0.0,0.030034681371283994,0.12782760391618467,0.0,0.0,epa_udds,PPO_seed7
551,10.4309,2996.7643750627562,0.0,0.0,0.4891376730112059,25.02305987438549,0.16218578926091518,0.0,0.02816507871299583,0.11987057500251025,0.0,0.0,epa_udds,PPO_seed7
552,10.0353,2917.38835495503,0.0,0.0,0.4891560372079461,25.023065746232998,0.15788993518019778,0.0,0.027419063486419457,0.11669553419820121,0.0,0.0,epa_udds,PPO_seed7
553,9.6295,2941.843949873226,0.0,0.0,0.4891745550164246,25.023071458905626,0.15921347933223667,0.0,0.027648909303319792,0.11767375799492903,0.0,0.0,epa_udds,PPO_seed7
554,9.2041,3045.0420676464437,0.0,0.0,0.48919372208621087,25.02307749143907,0.16479859250315113,0.0,0.02861881642524853,0.12180168270585774,0.0,0.0,epa_udds,PPO_seed7
555,8.7514,3192.8669872457276,0.0,0.0,0.48921381929782193,25.02308415593444,0.1727989216104868,0.0,0.03000814837636962,0.1277146794898291,0.0,0.0,epa_udds,PPO_seed7
556,8.2657,3349.986684711654,0.0,0.0,0.48923490512396645,25.023091573846038,0.18130228689138708,0.0,0.03148483726232758,0.13399946738846616,0.0,0.0,epa_udds,PPO_seed7
557,7.7441,3477.2464815644234,0.0,0.0,0.48925679158651997,25.023099615025693,0.18818962537068212,0.0,0.03268088798462804,0.13908985926257694,0.0,0.0,epa_udds,PPO_seed7
558,7.1867,3540.3549015313597,0.0,0.0,0.4892790748857883,25.023107897640937,0.1916050720392686,0.0,0.03327401223243759,0.1416141960612544,0.0,0.0,epa_udds,PPO_seed7
559,6.5964,3515.2645312260547,0.0,0.0,0.48930119989374504,25.023115857720402,0.19024717365236946,0.0,0.033038200481447885,0.1406105812490422,0.0,0.0,epa_udds,PPO_seed7
560,5.9787,3389.1552569020423,0.0,0.0,0.4893225308281738,25.023122862547925,0.18342210179835267,0.0,0.031852962940808666,0.1355662102760817,0.0,0.0,epa_udds,PPO_seed7
561,5.3414,3161.39970025204,0.0,0.0,0.48934242799420136,25.023128348142063,0.1710959025745427,0.0,0.02971240319785752,0.1264559880100816,0.0,0.0,epa_udds,PPO_seed7
562,4.6939,2844.656540243362,0.0,0.0,0.48936033139773966,25.02313194890829,0.15395366749377232,0.0,0.026735493799279718,0.11378626160973448,0.0,0.0,epa_udds,PPO_seed7
563,4.0464,2461.911683898777,0.0,0.0,0.48937582572924204,25.02313356363528,0.1332394007571684,0.0,0.023138267705815573,0.09847646735595109,0.0,0.0,epa_udds,PPO_seed7
564,3.4091,2042.0536617463051,0.0,0.0,0.48938867749730236,25.02313334228636,0.11051655832518725,0.0,0.019192233663029183,0.08168214646985221,0.0,0.0,epa_udds,PPO_seed7
565,2.7914,1615.2845582173572,0.0,0.0,0.4893988432818524,25.023131611281148,0.0874196860905905,0.0,0.015181245847907494,0.06461138232869429,0.0,0.0,epa_udds,PPO_seed7
566,2.2011,1208.888163883145,0.0,0.0,0.4894064513585073,25.023128772127187,0.06542539100474344,0.0,0.011361730863563391,0.048355526555325795,0.0,0.0,epa_udds,PPO_seed7
567,2.0862,35.423336991808235,0.0,0.0,0.48940667429226087,25.023124536777654,0.0019171216516318472,0.0,0.00033292609954706985,0.0014169334796723294,0.0,0.0,epa_udds,PPO_seed7
568,1.5646,740.505191614679,0.0,0.0,0.489411334592686,25.02312081662386,0.04007636367851473,0.0,0.006959635259536457,0.02962020766458716,0.0,0.0,epa_udds,PPO_seed7
569,1.0431,494.1675395239762,0.0,0.0,0.4894144445786121,25.02311680084715,0.026744495860853985,0.0,0.004644431762443385,0.019766701580959046,0.0,0.0,epa_udds,PPO_seed7
570,0.5215,247.29804405287018,0.0,0.0,0.48941600091587156,25.023112606900337,0.013383844519492928,0.0,0.0023242297373390055,0.009891921762114807,0.0,0.0,epa_udds,PPO_seed7
571,0.0,0.0,0.0,0.0,0.48941600091587156,25.02310835236972,0.0,0.0,0.0,0.0,0.0,0.0,epa_udds,PPO_seed7
572,0.0,0.0,0.0,0.0,0.48941600091587156,25.023104096949954,0.0,0.0,0.0,0.0,0.0,0.0,epa_udds,PPO_seed7
573,0.0,0.0,0.0,0.0,0.48941600091587156,25.023099840751136,0.0,0.0,0.0,0.0,0.0,0.0,epa_udds,PPO_seed7
574,0.0,0.0,0.0,0.0,0.48941600091587156,25.02309558387615,0.0,0.0,0.0,0.0,0.0,0.0,epa_udds,PPO_seed7
575,0.0,0.0,0.0,0.0,0.48941600091587156,25.02309132642111,0.0,0.0,0.0,0.0,0.0,0.0,epa_udds,PPO_seed7
576,0.0,0.0,0.0,0.0,0.48941600091587156,25.02308706847583,0.0,0.0,0.0,0.0,0.0,0.0,epa_udds,PPO_seed7
577,0.0,0.0,0.0,0.0,0.48941600091587156,25.023082810124226,0.0,0.0,0.0,0.0,0.0,0.0,epa_udds,PPO_seed7
578,0.0,0.0,0.0,0.0,0.48941600091587156,25.0230785514447,0.0,0.0,0.0,0.0,0.0,0.0,epa_udds,PPO_seed7
579,0.0,0.0,0.0,0.0,0.48941600091587156,25.023074292510508,0.0,0.0,0.0,0.0,0.0,0.0,epa_udds,PPO_seed7
580,0.0,0.0,0.0,0.0,0.48941600091587156,25.023070033390088,0.0,0.0,0.0,0.0,0.0,0.0,epa_udds,PPO_seed7
581,0.0,0.0,0.0,0.0,0.48941600091587156,25.023065774147387,0.0,0.0,0.0,0.0,0.0,0.0,epa_udds,PPO_seed7
582,0.0,0.0,0.0,0.0,0.48941600091587156,25.023061514842148,0.0,0.0,0.0,0.0,0.0,0.0,epa_udds,PPO_seed7
583,0.0,0.0,0.0,0.0,0.48941600091587156,25.02305725553019,0.0,0.0,0.0,0.0,0.0,0.0,epa_udds,PPO_seed7
584,0.0,0.0,0.0,0.0,0.48941600091587156,25.023052996263665,0.0,0.0,0.0,0.0,0.0,0.0,epa_udds,PPO_seed7
585,0.0,0.0,0.0,0.0,0.48941600091587156,25.02304873709129,0.0,0.0,0.0,0.0,0.0,0.0,epa_udds,PPO_seed7
586,0.0,0.0,0.0,0.0,0.48941600091587156,25.023044478058587,0.0,0.0,0.0,0.0,0.0,0.0,epa_udds,PPO_seed7
587,0.0,0.0,0.0,0.0,0.48941600091587156,25.023040219208077,0.0,0.0,0.0,0.0,0.0,0.0,epa_udds,PPO_seed7
588,0.0,0.0,0.0,0.0,0.48941600091587156,25.023035960579488,0.0,0.0,0.0,0.0,0.0,0.0,epa_udds,PPO_seed7
589,0.0,0.0,0.0,0.0,0.48941600091587156,25.02303170220993,0.0,0.0,0.0,0.0,0.0,0.0,epa_udds,PPO_seed7
590,0.0,0.0,0.0,0.0,0.48941600091587156,25.023027444134076,0.0,0.0,0.0,0.0,0.0,0.0,epa_udds,PPO_seed7
591,0.0,0.0,0.0,0.0,0.48941600091587156,25.023023186384314,0.0,0.0,0.0,0.0,0.0,0.0,epa_udds,PPO_seed7
592,0.0,0.0,0.0,0.0,0.48941600091587156,25.0230189289909,0.0,0.0,0.0,0.0,0.0,0.0,epa_udds,PPO_seed7
593,0.0,0.0,0.0,0.0,0.48941600091587156,25.023014671982093,0.0,0.0,0.0,0.0,0.0,0.0,epa_udds,PPO_seed7
594,0.0,0.0,0.0,0.0,0.48941600091587156,25.023010415384295,0.0,0.0,0.0,0.0,0.0,0.0,epa_udds,PPO_seed7
595,0.0,0.0,0.0,0.0,0.48941600091587156,25.023006159222167,0.0,0.0,0.0,0.0,0.0,0.0,epa_udds,PPO_seed7
596,0.0,0.0,0.0,0.0,0.48941600091587156,25.02300190351874,0.0,0.0,0.0,0.0,0.0,0.0,epa_udds,PPO_seed7
597,0.0,0.0,0.0,0.0,0.48941600091587156,25.02299764829553,0.0,0.0,0.0,0.0,0.0,0.0,epa_udds,PPO_seed7
598,0.0,0.0,0.0,0.0,0.48941600091587156,25.02299339357263,0.0,0.0,0.0,0.0,0.0,0.0,epa_udds,PPO_seed7
599,0.0,0.0,0.0,0.0,0.48941600091587156,25.022989139368807,0.0,0.0,0.0,0.0,0.0,0.0,epa_udds,PPO_seed7
600,0.0,0.0,0.0,0.0,0.48941600091587156,25.02298488570159,0.0,0.0,0.0,0.0,0.0,0.0,epa_udds,PPO_seed7
601,0.0,0.0,0.0,0.0,0.48941600091587156,25.022980632587345,0.0,0.0,0.0,0.0,0.0,0.0,epa_udds,PPO_seed7
602,0.1676,-69.27370082251481,0.0,0.0,0.489415564959066,25.022976384582638,-0.00013021372335059175,0.0,0.0006510686167529588,0.0,0.0,0.0,epa_udds,PPO_seed7
603,0.3353,-138.65746189288168,0.0,0.0,0.48941469235286705,25.022972150961415,-0.00026063432686631894,0.0,0.0013031716343315947,0.0,0.0,0.0,epa_udds,PPO_seed7
604,0.5029,-207.92868443497474,0.0,0.0,0.48941338380523763,25.022967940942237,-0.00039084339179506534,0.0,0.0019542169589753266,0.0,0.0,0.0,epa_udds,PPO_seed7
605,0.6706,-277.44745514305345,0.0,0.0,0.4894116377577184,25.02296376388833,-0.0005215177728252885,0.0,0.0026075888641264424,0.0,0.0,0.0,epa_udds,PPO_seed7
606,0.8382,-346.78244532026855,0.0,0.0,0.48940945536601477,25.02295962898847,-0.0006518467017298281,0.0,0.0032592335086491404,0.0,0.0,0.0,epa_udds,PPO_seed7
607,1.0058,-416.3045288131315,0.0,0.0,0.4894068354515459,25.022955545670516,-0.0007825273097991194,0.0,0.003912636548995597,0.0,0.0,0.0,epa_udds,PPO_seed7
608,1.1735,-486.15005928013096,0.0,0.0,0.48940377597734364,25.02295152359001,-0.0009138159009025019,0.0,0.004569079504512509,0.0,0.0,0.0,epa_udds,PPO_seed7
609,1.3411,-555.7048827361612,0.0,0.0,0.48940027877120884,25.022947571920614,-0.001044558050255942,0.0,0.00522279025127971,0.0,0.0,0.0,epa_udds,PPO_seed7
610,1.5088,-625.8511265607407,0.0,0.0,0.4893963401092183,25.02294370080618,-0.0011764118920314674,0.0,0.005882059460157337,0.0,0.0,0.0,epa_udds,PPO_seed7
611,1.6764,-695.6353225621489,0.0,0.0,0.48939196226764015,25.022939919419148,-0.0013075851927859942,0.0,0.0065379259639299706,0.0,0.0,0.0,epa_udds,PPO_seed7
612,1.844,-765.8197763059641,0.0,0.0,0.4893871427250986,25.02293623794393,-0.0014395108577179778,0.0,0.007197554288589888,0.0,0.0,0.0,epa_udds,PPO_seed7
613,2.0117,-836.5413107594951,0.0,0.0,0.48938187809889866,25.022932666999154,-0.001572446072856194,0.0,0.00786223036428097,0.0,0.0,0.0,epa_udds,PPO_seed7
614,2.1793,-906.7937227100676,0.0,0.0,0.48937617133847106,25.02292921575419,-0.0017044994787783225,0.0,0.008522497393891612,0.0,0.0,0.0,epa_udds,PPO_seed7
615,2.1053,-84.3931084976774,0.0,0.0,0.4893756402227156,25.02292499744916,-0.00015863366258961917,0.0,0.0007931683129480958,0.0,0.0,0.0,epa_udds,PPO_seed7
616,2.3887,-1425.5471537423073,0.0,0.0,0.4893666687533013,25.022922695442038,-0.00267959991304945,0.0,0.013397999565247249,0.0,0.0,0.0,epa_udds,PPO_seed7
617,2.6822,-1645.1838441115112,0.0,0.0,0.4893563149894771,25.022921039310454,-0.003092450834796074,0.0,0.015462254173980368,0.0,0.0,0.0,epa_udds,PPO_seed7
618,2.9758,-1828.6290944107022,0.0,0.0,0.48934480667963337,25.02291999618758,-0.003437272733854704,0.0,0.017186363669273518,0.0,0.0,0.0,epa_udds,PPO_seed7
619,3.2592,-1954.4402897604493,0.0,0.0,0.48933250652290444,25.022919415957606,-0.0036737599431587394,0.0,0.018368799715793697,0.0,0.0,0.0,epa_udds,PPO_seed7
620,3.523,-2008.9139288800573,0.0,0.0,0.4893198634684645,25.022919054929545,-0.003776154001654243,0.0,0.018880770008271215,0.0,0.0,0.0,epa_udds,PPO_seed7
621,3.7594,-1987.2742318778382,0.0,0.0,0.4893073565324056,25.022918628845975,-0.0037354778794696213,0.0,0.018677389397348105,0.0,0.0,0.0,epa_udds,PPO_seed7
622,3.9629,-1895.6840581495078,0.0,0.0,0.4892954259558418,25.022917883986725,-0.0035633158987772705,0.0,0.01781657949388635,0.0,0.0,0.0,epa_udds,PPO_seed7
623,4.1306,-1749.1612393197154,0.0,0.0,0.4892844174732824,25.022916651395455,-0.0032878970663904428,0.0,0.016439485331952212,0.0,0.0,0.0,epa_udds,PPO_seed7
624,4.2624,-1569.705287588775,0.0,0.0,0.4892745383685106,25.022914871589897,-0.002950573848851081,0.0,0.014752869244255404,0.0,0.0,0.0,epa_udds,PPO_seed7
625,4.3612,-1384.392527265929,0.0,0.0,0.4892658255182799,25.022912587998448,-0.00260224159260513,0.0,0.013011207963025647,0.0,0.0,0.0,epa_udds,PPO_seed7
626,4.4327,-1220.4801916254976,0.0,0.0,0.4892581442497671,25.02290991201425,-0.0022941356985441684,0.0,0.011470678492720841,0.0,0.0,0.0,epa_udds,PPO_seed7
627,4.4846,-1099.2558003722047,0.0,0.0,0.48925122590969466,25.022906979047253,-0.002066270301451513,0.0,0.010331351507257563,0.0,0.0,0.0,epa_udds,PPO_seed7
628,4.5263,-1038.6565089664002,0.0,0.0,0.4892446889499927,25.022903930619876,-0.001952361858959399,0.0,0.009761809294796994,0.0,0.0,0.0,epa_udds,PPO_seed7
629,4.568,-1049.2405424403812,0.0,0.0,0.48923808536861024,25.022900909181544,-0.001972256658722521,0.0,0.009861283293612605,0.0,0.0,0.0,epa_udds,PPO_seed7
630,4.6199,-1135.7549268801704,0.0,0.0,0.4892309372835486,25.022898072801407,-0.0021348776821055837,0.0,0.010674388410527917,0.0,0.0,0.0,epa_udds,PPO_seed7
631,4.6913,-1297.4381766497436,0.0,0.0,0.4892227716011901,25.022895616256307,-0.002438793565131097,0.0,0.012193967825655485,0.0,0.0,0.0,epa_udds,PPO_seed7
632,4.7902,-1532.3363774805873,0.0,0.0,0.489213127519653,25.02289379898523,-0.0028803315366176456,0.0,0.014401657683088227,0.0,0.0,0.0,epa_udds,PPO_seed7
633,4.922,-1830.0867096842467,0.0,0.0,0.4892016094497301,25.022892943481892,-0.003440012612188434,0.0,0.01720006306094217,0.0,0.0,0.0,epa_udds,PPO_seed7
634,5.0896,-2180.8416467799652,0.0,0.0,0.4891878837696511,25.02289343916762,-0.0040993264037217396,0.0,0.020496632018608695,0.0,0.0,0.0,epa_udds,PPO_seed7
635,5.2931,-2570.1827201897827,0.0,0.0,0.48917170759162304,25.022895712184226,-0.004831170526672524,0.0,0.024155852633362618,0.0,0.0,0.0,epa_udds,PPO_seed7
636,5.5295,-2976.2490969700175,0.0,0.0,0.48915297560236937,25.02290015191746,-0.005594453189793266,0.0,0.02797226594896633,0.0,0.0,0.0,epa_udds,PPO_seed7
637,5.7934,-3376.2655669605906,0.0,0.0,0.489131725821123,25.022907041707438,-0.006346363847670284,0.0,0.031731819238351416,0.0,0.0,0.0,epa_udds,PPO_seed7
638,6.0767,-3736.721748267411,0.0,0.0,0.4891082071718671,25.022916414242324,-0.007023913060653028,0.0,0.03511956530326514,0.0,0.0,0.0,epa_udds,PPO_seed7
639,6.3703,-4032.9714649268067,0.0,0.0,0.48908282370412176,25.022928032962728,-0.007580773430313547,0.0,0.03790386715156773,0.0,0.0,0.0,epa_udds,PPO_seed7
640,6.6639,-4233.78953345673,0.0,0.0,0.48905617601318124,25.02294130171306,-0.007958251002738215,0.0,0.039791255013691074,0.0,0.0,0.0,epa_udds,PPO_seed7
641,6.9473,-4319.31502574761,0.0,0.0,0.48902898972693204,25.02295535094456,-0.0081190132062925,0.0,0.0405950660314625,0.0,0.0,0.0,epa_udds,PPO_seed7
642,7.1552,-3620.5257806644886,0.0,0.0,0.48900620145825985,25.02296424244919,-0.006805499587715204,0.0,0.03402749793857602,0.0,0.0,0.0,epa_udds,PPO_seed7
643,7.3358,-3411.631695422888,0.0,0.0,0.48898472783550306,25.022971816817904,-0.006412841532749789,0.0,0.03206420766374894,0.0,0.0,0.0,epa_udds,PPO_seed7
644,7.4834,-3105.7188664136625,0.0,0.0,0.488965179562425,25.022977570718997,-0.0058378174180707945,0.0,0.02918908709035397,0.0,0.0,0.0,epa_udds,PPO_seed7
645,7.5951,-2735.4275252204043,0.0,0.0,0.48894796190746476,25.022981332943377,-0.00514178106244437,0.0,0.025708905312221846,0.0,0.0,0.0,epa_udds,PPO_seed7
646,7.671,-2340.7821771181148,0.0,0.0,0.48893322821188634,25.02298324026573,-0.004399966498342321,0.0,0.021999832491711606,0.0,0.0,0.0,epa_udds,PPO_seed7
647,7.714,-1962.108400995877,0.0,0.0,0.48892087798475964,25.022983630834794,-0.003688173686082476,0.0,0.01844086843041238,0.0,0.0,0.0,epa_udds,PPO_seed7
648,7.7296,-1637.7148195379157,0.0,0.0,0.4889105695938073,25.022982926333988,-0.0030784113149208946,0.0,0.015392056574604471,0.0,0.0,0.0,epa_udds,PPO_seed7
649,7.7256,-1401.0425012018138,0.0,0.0,0.48890175090403526,25.022981538441886,-0.002633538536093635,0.0,0.013167692680468175,0.0,0.0,0.0,epa_udds,PPO_seed7
650,7.7114,-1275.1226162332143,0.0,0.0,0.4888937248052205,25.022979819876447,-0.002396847022994764,0.0,0.01198423511497382,0.0,0.0,0.0,epa_udds,PPO_seed7
651,7.6973,-1273.008541884639,0.0,0.0,0.4888857120201527,25.0229780801591,-0.0023928731990312765,0.0,0.011964365995156382,0.0,0.0,0.0,epa_udds,PPO_seed7
652,7.6933,-1392.9397774693468,0.0,0.0,0.488876944350985,25.02297662766236,-0.00261830785238599,0.0,0.013091539261929951,0.0,0.0,0.0,epa_udds,PPO_seed7
653,7.7089,-1631.885432267138,0.0,0.0,0.48886667267487555,25.022975849126613,-0.0030674538200510114,0.0,0.015337269100255057,0.0,0.0,0.0,epa_udds,PPO_seed7
654,7.7518,-1973.1726743056427,0.0,0.0,0.48885425280761635,25.022976234513294,-0.0037089711923038397,0.0,0.018544855961519197,0.0,0.0,0.0,epa_udds,PPO_seed7
655,7.8278,-2400.99368483509,0.0,0.0,0.48883914005383683,25.022978403617003,-0.004513146024126109,0.0,0.022565730120630543,0.0,0.0,0.0,epa_udds,PPO_seed7
656,7.9395,-2884.3554523381326,0.0,0.0,0.4888209847831905,25.022983019453648,-0.005421720775071678,0.0,0.02710860387535839,0.0,0.0,0.0,epa_udds,PPO_seed7
657,8.0871,-3400.8064599378786,0.0,0.0,0.48879957866491774,25.022990754782995,-0.006392493345747892,0.0,0.03196246672873946,0.0,0.0,0.0,epa_udds,PPO_seed7
658,8.2677,-3915.470569492555,0.0,0.0,0.48877493287459584,25.02300212166138,-0.007359907085512322,0.0,0.036799535427561605,0.0,0.0,0.0,epa_udds,PPO_seed7
659,8.4756,-4391.147190940658,0.0,0.0,0.4887472927330014,25.02301731735931,-0.008254036073196726,0.0,0.04127018036598363,0.0,0.0,0.0,epa_udds,PPO_seed7
660,8.7031,-4794.291382284113,0.0,0.0,0.48871711470901125,25.02303612804592,-0.009011825906549085,0.0,0.04505912953274542,0.0,0.0,0.0,epa_udds,PPO_seed7
661,8.9408,-5089.066138810952,0.0,0.0,0.4886850808641257,25.02305782559617,-0.009565913794757429,0.0,0.047829568973787144,0.0,0.0,0.0,epa_udds,PPO_seed7
662,9.1785,-5247.527748614876,0.0,0.0,0.48865204918642907,25.02308121830664,-0.009863773963561799,0.0,0.04931886981780899,0.0,0.0,0.0,epa_udds,PPO_seed7
663,9.406,-5251.654655223703,0.0,0.0,0.4886189911492015,25.02310480633431,-0.009871531306811473,0.0,0.04935765653405736,0.0,0.0,0.0,epa_udds,PPO_seed7
664,9.6139,-5096.889974172317,0.0,0.0,0.48858690696172696,25.023127034271486,-0.009580620252203603,0.0,0.047903101261018016,0.0,0.0,0.0,epa_udds,PPO_seed7
665,9.7945,-4796.813505292057,0.0,0.0,0.4885567113986708,25.023146600257807,-0.009016566739270785,0.0,0.04508283369635392,0.0,0.0,0.0,epa_udds,PPO_seed7
666,9.9421,-4375.7096745234585,0.0,0.0,0.4885291664015621,25.023162641363932,-0.008225018185194471,0.0,0.04112509092597236,0.0,0.0,0.0,epa_udds,PPO_seed7
667,10.0538,-3876.5801571608836,0.0,0.0,0.48850476323462305,25.023174889659455,-0.007286804806693391,0.0,0.036434024033466954,0.0,0.0,0.0,epa_udds,PPO_seed7
668,10.1298,-3352.4479464011074,0.0,0.0,0.48848365937848004,25.023183626614493,-0.006301593884212609,0.0,0.03150796942106304,0.0,0.0,0.0,epa_udds,PPO_seed7
669,10.1727,-2848.056344070287,0.0,0.0,0.4884657306350324,25.023189445495703,-0.005353489368553172,0.0,0.026767446842765857,0.0,0.0,0.0,epa_udds,PPO_seed7
670,10.1883,-2421.6569795581977,0.0,0.0,0.48845048608504715,25.02319314828094,-0.004551986803680823,0.0,0.022759934018404114,0.0,0.0,0.0,epa_udds,PPO_seed7
671,10.1843,-2109.7119283549428,0.0,0.0,0.4884372052557962,25.023195497923293,-0.0039656239254792156,0.0,0.019828119627396078,0.0,0.0,0.0,epa_udds,PPO_seed7
672,10.1702,-1945.29561008557,0.0,0.0,0.48842495945379255,25.023197183290378,-0.003656570695649568,0.0,0.01828285347824784,0.0,0.0,0.0,epa_udds,PPO_seed7
673,10.156,-1939.2820487793877,0.0,0.0,0.4884127515254472,25.02319880503103,-0.0036452670089838117,0.0,0.018226335044919058,0.0,0.0,0.0,epa_udds,PPO_seed7
674,10.152,-2099.113430546475,0.0,0.0,0.48839953746494896,25.023200997799115,-0.003945701937117434,0.0,0.01972850968558717,0.0,0.0,0.0,epa_udds,PPO_seed7
675,10.1676,-2414.226379802241,0.0,0.0,0.4883843397590702,25.023204508123253,-0.004538019510906468,0.0,0.02269009755453234,0.0,0.0,0.0,epa_udds,PPO_seed7
676,10.2106,-2864.8775619770795,0.0,0.0,0.4883663051692606,25.02321026155888,-0.0053851081992050374,0.0,0.026925540996025184,0.0,0.0,0.0,epa_udds,PPO_seed7
677,10.2865,-3421.9908018292126,0.0,0.0,0.488344763473552,25.023219348606773,-0.006432313537272956,0.0,0.03216156768636478,0.0,0.0,0.0,epa_udds,PPO_seed7
678,10.3982,-4052.291594506367,0.0,0.0,0.48831925388748043,25.0232329460083,-0.0076170894633578335,0.0,0.038085447316789166,0.0,0.0,0.0,epa_udds,PPO_seed7
679,10.5458,-4717.839851421505,0.0,0.0,0.48828955443077865,25.02325215656975,-0.008868120021468995,0.0,0.044340600107344974,0.0,0.0,0.0,epa_udds,PPO_seed7
680,10.7264,-5373.402461764411,0.0,0.0,0.488255727841757,25.023277757033977,-0.010100380567226336,0.0,0.05050190283613168,0.0,0.0,0.0,epa_udds,PPO_seed7
681,10.9343,-5970.746062953707,0.0,0.0,0.48821814047849726,25.02330994028432,-0.01122320688525133,0.0,0.05611603442625665,0.0,0.0,0.0,epa_udds,PPO_seed7
682,10.7707,262.9924250695523,0.0,0.0,0.4882197961024662,25.023308635195114,0.014233229140230357,0.0,0.00247173331832286,0.010519697002782094,0.0,0.0,epa_udds,PPO_seed7
683,10.6172,153.84829047697045,0.0,0.0,0.4882207646184323,25.023307076995916,0.008326315750776189,0.0,0.001445942579670775,0.006153931619078818,0.0,0.0,epa_udds,PPO_seed7
684,10.4637,165.90906130779302,0.0,0.0,0.48822180905043056,25.023305333722828,0.008979048295439804,0.0,0.0015592956889830172,0.006636362452311721,0.0,0.0,epa_udds,PPO_seed7
685,10.3001,294.5913143465923,0.0,0.0,0.4882236635471515,25.023303469870623,0.015943370531329108,0.0,0.0027687153604003035,0.011783652573863691,0.0,0.0,epa_udds,PPO_seed7
686,10.1169,527.4026550005126,0.0,0.0,0.4882269835958064,25.02330161500427,0.02854319030596759,0.0,0.004956791870305569,0.021096106200020504,0.0,0.0,epa_udds,PPO_seed7
687,9.9062,839.1616679675905,0.0,0.0,0.4882322661451077,25.023299990218973,0.045415681849855005,0.0,0.007886857781650287,0.03356646671870362,0.0,0.0,epa_udds,PPO_seed7
688,9.6627,1192.9286396662926,0.0,0.0,0.4882397755900676,25.023298868621044,0.06456165675427047,0.0,0.011211735335209517,0.0477171455866517,0.0,0.0,epa_udds,PPO_seed7
689,9.3833,1556.7846028075273,0.0,0.0,0.4882495753845041,25.023298512419707,0.08425365090983895,0.0,0.014631434236912851,0.06227138411230109,0.0,0.0,epa_udds,PPO_seed7
690,9.068,1891.336026861569,0.0,0.0,0.48826148099876776,25.023299063951917,0.10235967459661333,0.0,0.01777571453817264,0.07565344107446276,0.0,0.0,epa_udds,PPO_seed7
691,8.7199,2161.8454140190747,0.0,0.0,0.48827508924273383,25.02330047030797,0.1169997239857842,0.0,0.020318095996419875,0.08647381656076299,0.0,0.0,epa_udds,PPO_seed7
692,8.3443,2348.293963935349,0.0,0.0,0.48828987093041254,25.023302495667522,0.1270903755820048,0.0,0.02207043199187358,0.09393175855741395,0.0,0.0,epa_udds,PPO_seed7
693,7.9491,2433.1681125436403,0.0,0.0,0.48830518665999256,25.023304738991115,0.13168379003074526,0.0,0.02286812135849286,0.0973267245017456,0.0,0.0,epa_udds,PPO_seed7
694,7.5438,2414.428618697401,0.0,0.0,0.48832038422524626,25.023306745171855,0.13066960298784883,0.0,0.022691998296028203,0.09657714474789604,0.0,0.0,epa_udds,PPO_seed7
695,7.1385,2302.632054903777,0.0,0.0,0.4883348778989454,25.02330811894639,0.12461913933231117,0.0,0.021641278711501663,0.09210528219615108,0.0,0.0,epa_udds,PPO_seed7
696,6.7433,2114.4815966244487,0.0,0.0,0.48834818711506706,25.02330859201424,0.11443637994362993,0.0,0.019872947336695947,0.08457926386497795,0.0,0.0,epa_udds,PPO_seed7
697,6.3677,1870.1512826428502,0.0,0.0,0.48835995830570084,25.02330804852594,0.10121314986814463,0.0,0.017576609799274907,0.07480605130571401,0.0,0.0,epa_udds,PPO_seed7
698,6.0196,1593.4637827526442,0.0,0.0,0.48836998785595714,25.023306520625543,0.08623873915980099,0.0,0.014976163371735378,0.06373855131010576,0.0,0.0,epa_udds,PPO_seed7
699,5.7043,1309.3428040450067,0.0,0.0,0.4883782290243985,25.023304150438655,0.07086202634222526,0.0,0.012305853421475627,0.05237371216180027,0.0,0.0,epa_udds,PPO_seed7
700,5.4249,1034.2027806589701,0.0,0.0,0.48838473837761665,25.023301121507128,0.05597136552769373,0.0,0.009719950946042952,0.041368111226358806,0.0,0.0,epa_udds,PPO_seed7
701,5.1814,785.093804997077,0.0,0.0,0.48838967978794334,25.02329762598638,0.0424895128448794,0.0,0.007378701174784558,0.03140375219988308,0.0,0.0,epa_udds,PPO_seed7
702,4.9707,575.0503494619276,0.0,0.0,0.48839329915753976,25.023293830947882,0.031121897860353045,0.0,0.005404608547574507,0.023002013978477103,0.0,0.0,epa_udds,PPO_seed7
703,4.7875,410.01210565150524,0.0,0.0,0.48839587976427223,25.023289859398524,0.022189978469770933,0.0,0.0038534972335667783,0.01640048422606021,0.0,0.0,epa_udds,PPO_seed7
704,4.6239,297.5008078738514,0.0,0.0,0.48839775222057036,25.023285794636433,0.016100833196060014,0.0,0.0027960602243783023,0.011900032314954056,0.0,0.0,epa_udds,PPO_seed7
705,4.4704,239.6883163070155,0.0,0.0,0.4883992608029177,25.02328168590198,0.01297200376524735,0.0,0.0022527097397275894,0.00958753265228062,0.0,0.0,epa_udds,PPO_seed7
706,4.3169,233.91474870790668,0.0,0.0,0.4884007330425691,25.02327756207158,0.012659536550372273,0.0,0.0021984468863525063,0.009356589948316268,0.0,0.0,epa_udds,PPO_seed7
707,4.1533,274.4601952008367,0.0,0.0,0.48840246046704805,25.023273446356047,0.014853868308688891,0.0,0.002579513112789819,0.010978407808033469,0.0,0.0,epa_udds,PPO_seed7
708,3.9701,351.9981929189513,0.0,0.0,0.4884046759015272,25.02326936563334,0.019050248064891813,0.0,0.0033082536928472866,0.014079927716758053,0.0,0.0,epa_udds,PPO_seed7
709,3.7594,451.68962184795583,0.0,0.0,0.4884075187733951,25.02326534973677,0.024445578180914182,0.0,0.004245203212856727,0.018067584873918234,0.0,0.0,epa_udds,PPO_seed7
710,3.5159,554.2211069707735,0.0,0.0,0.4884110069528794,25.02326142028348,0.029994612992297946,0.0,0.005208844990326819,0.022168844278830938,0.0,0.0,epa_udds,PPO_seed7
711,3.2365,642.8877793411577,0.0,0.0,0.48841505317211764,25.023257580098495,0.034793279967651525,0.0,0.00604217837726652,0.02571551117364631,0.0,0.0,epa_udds,PPO_seed7
712,2.9212,700.1060090906365,0.0,0.0,0.48841945949621923,25.023253801761363,0.037889947770183466,0.0,0.006579943694460869,0.02800424036362546,0.0,0.0,epa_udds,PPO_seed7
713,2.2352,1467.0515867383767,0.0,0.0,0.4884286927840588,25.023251586440484,0.07939727309280327,0.0,0.013788078822729104,0.05868206346953507,0.0,0.0,epa_udds,PPO_seed7
714,1.9558,393.9806663594982,0.0,0.0,0.48843117239274525,25.023247465737303,0.021322352153802012,0.0,0.003702825811649419,0.015759226654379926,0.0,0.0,epa_udds,PPO_seed7
715,1.6764,338.41546375525286,0.0,0.0,0.4884333022838152,25.02324330190433,0.018315146677521127,0.0,0.0031805964638651585,0.013536618550210114,0.0,0.0,epa_udds,PPO_seed7
716,1.397,282.51899204354885,0.0,0.0,0.4884350803745221,25.023239101550267,0.01529001281751477,0.0,0.00265525368461982,0.011300759681741953,0.0,0.0,epa_udds,PPO_seed7
717,1.1176,226.34646274229726,0.0,0.0,0.4884365049293229,25.02323487127741,0.01224993863773726,0.0,0.002127316379156929,0.00905385850969189,0.0,0.0,epa_udds,PPO_seed7
718,0.8382,169.95308736940657,0.0,0.0,0.4884375745598828,25.023230617677083,0.00919791220214277,0.0,0.0015973034527199865,0.006798123494776263,0.0,0.0,epa_udds,PPO_seed7
719,0.5588,113.39407744278711,0.0,0.0,0.48843828822508095,25.023226347323412,0.006136921574685576,0.0,0.0010657338105525104,0.004535763097711485,0.0,0.0,epa_udds,PPO_seed7
720,0.2794,56.724644480348374,0.0,0.0,0.4884386452310166,25.02322206676555,0.003069954819319907,0.0,0.000533126357898011,0.002268985779213935,0.0,0.0,epa_udds,PPO_seed7
721,0.0,0.0,0.0,0.0,0.4884386452310166,25.02321778251844,0.0,0.0,0.0,0.0,0.0,0.0,epa_udds,PPO_seed7
722,0.0,0.0,0.0,0.0,0.4884386452310166,25.02321349800693,0.0,0.0,0.0,0.0,0.0,0.0,epa_udds,PPO_seed7
723,0.0,0.0,0.0,0.0,0.4884386452310166,25.023209213300408,0.0,0.0,0.0,0.0,0.0,0.0,epa_udds,PPO_seed7
724,0.0,0.0,0.0,0.0,0.4884386452310166,25.023204928463713,0.0,0.0,0.0,0.0,0.0,0.0,epa_udds,PPO_seed7
725,0.0,0.0,0.0,0.0,0.4884386452310166,25.02320064355742,0.0,0.0,0.0,0.0,0.0,0.0,epa_udds,PPO_seed7
726,0.0,0.0,0.0,0.0,0.4884386452310166,25.023196358638117,0.0,0.0,0.0,0.0,0.0,0.0,epa_udds,PPO_seed7
727,0.0,0.0,0.0,0.0,0.4884386452310166,25.02319207375868,0.0,0.0,0.0,0.0,0.0,0.0,epa_udds,PPO_seed7
728,0.0,0.0,0.0,0.0,0.4884386452310166,25.023187788968507,0.0,0.0,0.0,0.0,0.0,0.0,epa_udds,PPO_seed7
729,0.0,0.0,0.0,0.0,0.4884386452310166,25.023183504313746,0.0,0.0,0.0,0.0,0.0,0.0,epa_udds,PPO_seed7
730,0.0,0.0,0.0,0.0,0.4884386452310166,25.023179219837512,0.0,0.0,0.0,0.0,0.0,0.0,epa_udds,PPO_seed7
731,0.0,0.0,0.0,0.0,0.4884386452310166,25.023174935580087,0.0,0.0,0.0,0.0,0.0,0.0,epa_udds,PPO_seed7
732,0.0,0.0,0.0,0.0,0.4884386452310166,25.023170651579097,0.0,0.0,0.0,0.0,0.0,0.0,epa_udds,PPO_seed7
733,0.0,0.0,0.0,0.0,0.4884386452310166,25.023166367869695,0.0,0.0,0.0,0.0,0.0,0.0,epa_udds,PPO_seed7
734,0.0,0.0,0.0,0.0,0.4884386452310166,25.02316208448472,0.0,0.0,0.0,0.0,0.0,0.0,epa_udds,PPO_seed7
735,0.0,0.0,0.0,0.0,0.4884386452310166,25.023157801454847,0.0,0.0,0.0,0.0,0.0,0.0,epa_udds,PPO_seed7
736,0.0,0.0,0.0,0.0,0.4884386452310166,25.02315351880873,0.0,0.0,0.0,0.0,0.0,0.0,epa_udds,PPO_seed7
737,0.0,0.0,0.0,0.0,0.4884386452310166,25.023149236573136,0.0,0.0,0.0,0.0,0.0,0.0,epa_udds,PPO_seed7
738,0.0,0.0,0.0,0.0,0.4884386452310166,25.02314495477307,0.0,0.0,0.0,0.0,0.0,0.0,epa_udds,PPO_seed7
739,0.0,0.0,0.0,0.0,0.4884386452310166,25.023140673431886,0.0,0.0,0.0,0.0,0.0,0.0,epa_udds,PPO_seed7
740,0.0,0.0,0.0,0.0,0.4884386452310166,25.0231363925714,0.0,0.0,0.0,0.0,0.0,0.0,epa_udds,PPO_seed7
741,0.0,0.0,0.0,0.0,0.4884386452310166,25.02313211221198,0.0,0.0,0.0,0.0,0.0,0.0,epa_udds,PPO_seed7
742,0.0,0.0,0.0,0.0,0.4884386452310166,25.023127832372655,0.0,0.0,0.0,0.0,0.0,0.0,epa_udds,PPO_seed7
743,0.0,0.0,0.0,0.0,0.4884386452310166,25.0231235530712,0.0,0.0,0.0,0.0,0.0,0.0,epa_udds,PPO_seed7
744,0.0,0.0,0.0,0.0,0.4884386452310166,25.023119274324213,0.0,0.0,0.0,0.0,0.0,0.0,epa_udds,PPO_seed7
745,0.0,0.0,0.0,0.0,0.4884386452310166,25.02311499614719,0.0,0.0,0.0,0.0,0.0,0.0,epa_udds,PPO_seed7
746,0.0,0.0,0.0,0.0,0.4884386452310166,25.023110718554605,0.0,0.0,0.0,0.0,0.0,0.0,epa_udds,PPO_seed7
747,0.0,0.0,0.0,0.0,0.4884386452310166,25.023106441559975,0.0,0.0,0.0,0.0,0.0,0.0,epa_udds,PPO_seed7
748,0.0,0.0,0.0,0.0,0.4884386452310166,25.02310216517592,0.0,0.0,0.0,0.0,0.0,0.0,epa_udds,PPO_seed7
749,0.0,0.0,0.0,0.0,0.4884386452310166,25.02309788941422,0.0,0.0,0.0,0.0,0.0,0.0,epa_udds,PPO_seed7
750,0.0,0.0,0.0,0.0,0.4884386452310166,25.02309361428588,0.0,0.0,0.0,0.0,0.0,0.0,epa_udds,PPO_seed7
751,0.0,0.0,0.0,0.0,0.4884386452310166,25.023089339801167,0.0,0.0,0.0,0.0,0.0,0.0,epa_udds,PPO_seed7
752,0.0,0.0,0.0,0.0,0.4884386452310166,25.023085065969667,0.0,0.0,0.0,0.0,0.0,0.0,epa_udds,PPO_seed7
753,0.0,0.0,0.0,0.0,0.4884386452310166,25.023080792800332,0.0,0.0,0.0,0.0,0.0,0.0,epa_udds,PPO_seed7
754,0.0,0.0,0.0,0.0,0.4884386452310166,25.02307652030151,0.0,0.0,0.0,0.0,0.0,0.0,epa_udds,PPO_seed7
755,0.0,0.0,0.0,0.0,0.4884386452310166,25.023072248481004,0.0,0.0,0.0,0.0,0.0,0.0,epa_udds,PPO_seed7
756,0.0,0.0,0.0,0.0,0.4884386452310166,25.023067977346084,0.0,0.0,0.0,0.0,0.0,0.0,epa_udds,PPO_seed7
757,0.0,0.0,0.0,0.0,0.4884386452310166,25.023063706903542,0.0,0.0,0.0,0.0,0.0,0.0,epa_udds,PPO_seed7
758,0.0,0.0,0.0,0.0,0.4884386452310166,25.02305943715971,0.0,0.0,0.0,0.0,0.0,0.0,epa_udds,PPO_seed7
759,0.0,0.0,0.0,0.0,0.4884386452310166,25.023055168120493,0.0,0.0,0.0,0.0,0.0,0.0,epa_udds,PPO_seed7
760,0.0,0.0,0.0,0.0,0.4884386452310166,25.02305089979141,0.0,0.0,0.0,0.0,0.0,0.0,epa_udds,PPO_seed7
761,0.0,0.0,0.0,0.0,0.4884386452310166,25.0230466321776,0.0,0.0,0.0,0.0,0.0,0.0,epa_udds,PPO_seed7
762,0.3353,-226.07389744843724,0.0,0.0,0.48843722242043414,25.023042413654856,-0.0004249509350534535,0.0,0.0021247546752672674,0.0,0.0,0.0,epa_udds,PPO_seed7
763,0.6706,-452.2803262541646,0.0,0.0,0.4884343759634155,25.02303834136605,-0.0008501509891995576,0.0,0.004250754945997788,0.0,0.0,0.0,epa_udds,PPO_seed7
764,1.0058,-678.5277643686871,0.0,0.0,0.4884301055968245,25.02303451256837,-0.0012754281285125698,0.0,0.006377140642562849,0.0,0.0,0.0,epa_udds,PPO_seed7
765,1.3411,-905.5531694028277,0.0,0.0,0.4884244064162624,25.02303102600345,-0.0017021676116594508,0.0,0.008510838058297254,0.0,0.0,0.0,epa_udds,PPO_seed7
766,1.6764,-1132.9522025621486,0.0,0.0,0.4884172760589925,25.023027980815115,-0.0021296094033123095,0.0,0.010648047016561546,0.0,0.0,0.0,epa_udds,PPO_seed7
767,2.0117,-1361.013852981718,0.0,0.0,0.48840871034052347,25.023025477726,-0.002558296716131049,0.0,0.012791483580655244,0.0,0.0,0.0,epa_udds,PPO_seed7
768,2.0091,-303.21491156415294,0.0,0.0,0.4884068020097572,25.02302131383321,-0.0005699528412860018,0.0,0.002849764206430009,0.0,0.0,0.0,epa_udds,PPO_seed7
769,2.4406,-2019.138886651892,0.0,0.0,0.4883940942357157,25.023020922793123,-0.003795373847090023,0.0,0.018976869235450115,0.0,0.0,0.0,epa_udds,PPO_seed7
770,2.8916,-2484.043318270725,0.0,0.0,0.4883784604110757,25.02302252296591,-0.004669254357651739,0.0,0.023346271788258696,0.0,0.0,0.0,epa_udds,PPO_seed7
771,3.3528,-2939.095113830524,0.0,0.0,0.48835996248192814,25.023026473902966,-0.005524614875621286,0.0,0.02762307437810643,0.0,0.0,0.0,epa_udds,PPO_seed7
772,3.814,-3350.7741441053936,0.0,0.0,0.4883388733544329,25.023032897841954,-0.006298447639295853,0.0,0.03149223819647926,0.0,0.0,0.0,epa_udds,PPO_seed7
773,4.265,-3688.4328593301243,0.0,0.0,0.4883156588280033,25.02304160236554,-0.006933144472425046,0.0,0.03466572236212523,0.0,0.0,0.0,epa_udds,PPO_seed7
774,4.6965,-3929.781209787244,0.0,0.0,0.48829092500865506,25.023052087829612,-0.007386806785314368,0.0,0.03693403392657184,0.0,0.0,0.0,epa_udds,PPO_seed7
775,5.1006,-4062.3441154998322,0.0,0.0,0.48826535654641606,25.023063626534775,-0.007635985179510963,0.0,0.03817992589755481,0.0,0.0,0.0,epa_udds,PPO_seed7
776,5.4717,-4089.6031148416537,0.0,0.0,0.4882396162110734,25.023075434713242,-0.007687223900078297,0.0,0.03843611950039148,0.0,0.0,0.0,epa_udds,PPO_seed7
777,5.807,-4029.6923020829486,0.0,0.0,0.4882142526662143,25.023086848232055,-0.007574609590381483,0.0,0.037873047951907414,0.0,0.0,0.0,epa_udds,PPO_seed7
778,6.1064,-3909.2111418782156,0.0,0.0,0.4881896471781472,25.023097426186638,-0.0073481412441319845,0.0,0.03674070622065992,0.0,0.0,0.0,epa_udds,PPO_seed7
779,6.3729,-3766.088082701553,0.0,0.0,0.4881659422961136,25.02310703558238,-0.007079112937408934,0.0,0.03539556468704467,0.0,0.0,0.0,epa_udds,PPO_seed7
780,6.612,-3637.5956251169414,0.0,0.0,0.48814304596654634,25.023115815322157,-0.006837585761498011,0.0,0.03418792880749005,0.0,0.0,0.0,epa_udds,PPO_seed7
781,6.8315,-3561.881002523517,0.0,0.0,0.4881206260151911,25.02312414874558,-0.006695265042337438,0.0,0.03347632521168719,0.0,0.0,0.0,epa_udds,PPO_seed7
782,7.0409,-3572.424456513702,0.0,0.0,0.4880981395132094,25.023132622582352,-0.006715083564875379,0.0,0.033575417824376896,0.0,0.0,0.0,epa_udds,PPO_seed7
783,7.2502,-3690.1989076099703,0.0,0.0,0.4880749114967196,25.02314197707244,-0.006936464112048817,0.0,0.03468232056024408,0.0,0.0,0.0,epa_udds,PPO_seed7
784,7.4698,-3935.8021499717042,0.0,0.0,0.4880501373223791,25.023153180774706,-0.007398124342052077,0.0,0.03699062171026038,0.0,0.0,0.0,epa_udds,PPO_seed7
785,7.7089,-4312.012998933799,0.0,0.0,0.48802299482256767,25.023167408124,-0.008105287591980826,0.0,0.04052643795990413,0.0,0.0,0.0,epa_udds,PPO_seed7
786,7.9754,-4820.543987686397,0.0,0.0,0.48799265101027894,25.023186134076536,-0.009061172909184956,0.0,0.04530586454592478,0.0,0.0,0.0,epa_udds,PPO_seed7
787,8.2748,-5448.585560074555,0.0,0.0,0.48795835348183825,25.023211090381672,-0.01024170218059127,0.0,0.05120851090295635,0.0,0.0,0.0,epa_udds,PPO_seed7
788,8.6101,-6178.755066467428,0.0,0.0,0.4879194591966829,25.02324423914634,-0.011614201252758324,0.0,0.058071006263791615,0.0,0.0,0.0,epa_udds,PPO_seed7
789,8.9812,-6979.570827453229,0.0,0.0,0.4878755232249835,25.0232875574894,-0.013119494036566221,0.0,0.0655974701828311,0.0,0.0,0.0,epa_udds,PPO_seed7
790,9.3853,-7816.2042553741085,0.0,0.0,0.4878263198223585,25.02334283584665,-0.014692113261981408,0.0,0.07346056630990704,0.0,0.0,0.0,epa_udds,PPO_seed7
791,9.8167,-8640.01206900975,0.0,0.0,0.48777192941041875,25.023411245049797,-0.016240624189867953,0.0,0.08120312094933976,0.0,0.0,0.0,epa_udds,PPO_seed7
792,10.2677,-9404.500637098796,0.0,0.0,0.48771272507739716,25.02349307239453,-0.017677632776501497,0.0,0.08838816388250748,0.0,0.0,0.0,epa_udds,PPO_seed7
793,10.729,-10059.813879353887,0.0,0.0,0.487649393788665,25.023587399199933,-0.01890942458525167,0.0,0.09454712292625835,0.0,0.0,0.0,epa_udds,PPO_seed7
794,11.1902,-10556.792853915702,0.0,0.0,0.48758293205122555,25.023691914662514,-0.019843595590067112,0.0,0.09921797795033555,0.0,0.0,0.0,epa_udds,PPO_seed7
795,11.6412,-10867.79576006384,0.0,0.0,0.48751451050347366,25.023803284858133,-0.020428187518916993,0.0,0.10214093759458497,0.0,0.0,0.0,epa_udds,PPO_seed7
796,12.0727,-10976.809099721093,0.0,0.0,0.48744540074024506,25.023917502103465,-0.020633099811505816,0.0,0.10316549905752907,0.0,0.0,0.0,epa_udds,PPO_seed7
797,12.4767,-10882.91924786729,0.0,0.0,0.4873768802609198,25.024030397536396,-0.020456615127570094,0.0,0.10228307563785047,0.0,0.0,0.0,epa_udds,PPO_seed7
798,12.8478,-10619.843014862186,0.0,0.0,0.48731001442187705,25.02413856660381,-0.01996211093019208,0.0,0.09981055465096039,0.0,0.0,0.0,epa_udds,PPO_seed7
799,13.1831,-10230.268765508077,0.0,0.0,0.48724559990634975,25.02423966211994,-0.019229828506594132,0.0,0.09614914253297065,0.0,0.0,0.0,epa_udds,PPO_seed7
800,13.4826,-9774.948224207415,0.0,0.0,0.4871840509374799,25.024332719725223,-0.01837396282745755,0.0,0.09186981413728774,0.0,0.0,0.0,epa_udds,PPO_seed7
801,13.7491,-9320.842131741547,0.0,0.0,0.4871253601244286,25.02441811036688,-0.017520379946882606,0.0,0.08760189973441303,0.0,0.0,0.0,epa_udds,PPO_seed7
802,13.7646,-3960.477975095946,0.0,0.0,0.48710042162557254,25.024436552397038,-0.007444507471984861,0.0,0.037222537359924306,0.0,0.0,0.0,epa_udds,PPO_seed7
803,13.7607,-3543.2229109146883,0.0,0.0,0.4870781105452107,25.02445192833197,-0.006660193441568964,0.0,0.03330096720784482,0.0,0.0,0.0,epa_udds,PPO_seed7
804,13.7465,-3316.170842800874,0.0,0.0,0.4870572292299957,25.024465687120802,-0.006233403839851268,0.0,0.031167019199256338,0.0,0.0,0.0,epa_udds,PPO_seed7
805,13.7323,-3309.605513131907,0.0,0.0,0.4870363893254376,25.024479244310424,-0.006221062994608849,0.0,0.03110531497304424,0.0,0.0,0.0,epa_udds,PPO_seed7
806,13.7283,-3525.5802422955935,0.0,0.0,0.48701418954420395,25.02449404577692,-0.006627030530630815,0.0,0.033135152653154074,0.0,0.0,0.0,epa_udds,PPO_seed7
807,13.7439,-3952.074131677116,0.0,0.0,0.4869893042855053,25.024511743753255,-0.0074287107738291655,0.0,0.03714355386914583,0.0,0.0,0.0,epa_udds,PPO_seed7
808,13.7869,-4561.630729669635,0.0,0.0,0.48696058081675964,25.024534283364197,-0.008574493852762472,0.0,0.04287246926381236,0.0,0.0,0.0,epa_udds,PPO_seed7
809,13.8628,-5313.257911227642,0.0,0.0,0.48692712448733977,25.024563846622165,-0.009987326900803839,0.0,0.04993663450401919,0.0,0.0,0.0,epa_udds,PPO_seed7
810,13.9746,-6161.996303046765,0.0,0.0,0.4868883236945459,25.02460270835669,-0.01158269981775708,0.0,0.05791349908878539,0.0,0.0,0.0,epa_udds,PPO_seed7
811,14.1222,-7047.846292544945,0.0,0.0,0.48684394458213365,25.02465281612175,-0.013247831376964182,0.0,0.0662391568848209,0.0,0.0,0.0,epa_udds,PPO_seed7
812,14.3027,-7912.90654874725,0.0,0.0,0.4867941178372593,25.024715436947623,-0.01487388449012641,0.0,0.07436942245063205,0.0,0.0,0.0,epa_udds,PPO_seed7
813,14.5106,-8697.333376740085,0.0,0.0,0.4867393509462403,25.024790745131746,-0.016348371008909936,0.0,0.08174185504454967,0.0,0.0,0.0,epa_udds,PPO_seed7
814,14.7381,-9340.504195178151,0.0,0.0,0.48668053313978965,25.02487747243068,-0.017557338712740886,0.0,0.08778669356370443,0.0,0.0,0.0,epa_udds,PPO_seed7
815,14.9758,-9790.74550843813,0.0,0.0,0.4866188790915466,25.02497285953895,-0.018403656970748368,0.0,0.09201828485374183,0.0,0.0,0.0,epa_udds,PPO_seed7
816,15.2135,-10010.11716065812,0.0,0.0,0.4865558424870646,25.025072911799956,-0.01881600970048519,0.0,0.09408004850242593,0.0,0.0,0.0,epa_udds,PPO_seed7
817,15.441,-9977.907809899798,0.0,0.0,0.4864930075660603,25.025172927547185,-0.01875546580808233,0.0,0.09377732904041164,0.0,0.0,0.0,epa_udds,PPO_seed7
818,15.649,-9696.92781862911,0.0,0.0,0.48643194101083115,25.025268270740472,-0.018227307929753966,0.0,0.09113653964876983,0.0,0.0,0.0,epa_udds,PPO_seed7
819,15.8295,-9184.325864228807,0.0,0.0,0.4863741016365386,25.02535496696744,-0.01726377042148272,0.0,0.08631885210741361,0.0,0.0,0.0,epa_udds,PPO_seed7
820,15.9771,-8496.242329452241,0.0,0.0,0.4863205948000978,25.025430584668324,-0.015970380318519252,0.0,0.07985190159259625,0.0,0.0,0.0,epa_udds,PPO_seed7
821,16.0889,-7693.519068664929,0.0,0.0,0.48627214273378777,25.025494236475836,-0.014461502008768666,0.0,0.07230751004384332,0.0,0.0,0.0,epa_udds,PPO_seed7
822,16.1648,-6850.28700126377,0.0,0.0,0.4862290008021158,25.025546498709225,-0.01287647932568378,0.0,0.0643823966284189,0.0,0.0,0.0,epa_udds,PPO_seed7
823,16.2078,-6052.250433564044,0.0,0.0,0.48619088457499177,25.025589113104363,-0.011376410589406099,0.0,0.05688205294703049,0.0,0.0,0.0,epa_udds,PPO_seed7
824,16.2234,-5371.407820819865,0.0,0.0,0.48615705612538757,25.02562435307287,-0.010096631242142605,0.0,0.05048315621071302,0.0,0.0,0.0,epa_udds,PPO_seed7
825,16.2194,-4874.338644258289,0.0,0.0,0.4861263581604647,25.025654669100597,-0.00916229068469603,0.0,0.045811453423480156,0.0,0.0,0.0,epa_udds,PPO_seed7
826,16.2052,-4608.576639811826,0.0,0.0,0.4860973339844372,25.025682434572907,-0.008662738044759071,0.0,0.04331369022379535,0.0,0.0,0.0,epa_udds,PPO_seed7
827,16.191,-4600.173936821349,0.0,0.0,0.48606836280435267,25.02570993462092,-0.008646943490265695,0.0,0.043234717451328473,0.0,0.0,0.0,epa_udds,PPO_seed7
828,16.187,-4854.642784016771,0.0,0.0,0.48603778909674733,25.02573952919401,-0.009125268391008967,0.0,0.045626341955044836,0.0,0.0,0.0,epa_udds,PPO_seed7
829,16.2026,-5358.117782311019,0.0,0.0,0.4860040446411826,25.0257738525407,-0.010071649966750036,0.0,0.05035824983375018,0.0,0.0,0.0,epa_udds,PPO_seed7
830,16.2456,-6078.043179227541,0.0,0.0,0.48596576621276905,25.025815906909248,-0.011424893194036733,0.0,0.05712446597018366,0.0,0.0,0.0,epa_udds,PPO_seed7
831,16.3215,-6965.378115936766,0.0,0.0,0.48592189938057406,25.02586895677541,-0.013092816007399938,0.0,0.06546408003699969,0.0,0.0,0.0,epa_udds,PPO_seed7
832,16.4333,-7966.060602280121,0.0,0.0,0.485871730111837,25.025936311835913,-0.014973798124586693,0.0,0.07486899062293347,0.0,0.0,0.0,epa_udds,PPO_seed7
833,16.5809,-9008.325441002255,0.0,0.0,0.48581499625839486,25.02602071021478,-0.016932942558274915,0.0,0.08466471279137458,0.0,0.0,0.0,epa_udds,PPO_seed7
834,16.7614,-10023.309930786212,0.0,0.0,0.4857518692940388,25.02612382965884,-0.01884080814057559,0.0,0.09420404070287794,0.0,0.0,0.0,epa_udds,PPO_seed7
835,16.9694,-10943.36974961212,0.0,0.0,0.4856829466791406,25.026245781412992,-0.02057024389024835,0.0,0.10285121945124173,0.0,0.0,0.0,epa_udds,PPO_seed7
836,17.1969,-11690.04541901786,0.0,0.0,0.4856093200345176,25.026384425747548,-0.02197376958462004,0.0,0.1098688479231002,0.0,0.0,0.0,epa_udds,PPO_seed7
837,17.4346,-12212.353986254157,0.0,0.0,0.4855324021652525,25.026535682602965,-0.022955552605740896,0.0,0.11477776302870447,0.0,0.0,0.0,epa_udds,PPO_seed7
838,17.6723,-12465.268359326545,0.0,0.0,0.48545388961374164,25.026693708867963,-0.023430955562643883,0.0,0.11715477781321941,0.0,0.0,0.0,epa_udds,PPO_seed7
839,17.8998,-12426.606847987856,0.0,0.0,0.485375618819811,25.026851710452586,-0.023358283548849355,0.0,0.11679141774424677,0.0,0.0,0.0,epa_udds,PPO_seed7
840,18.1077,-12098.282650389083,0.0,0.0,0.4852994143738718,25.027002953841897,-0.022741132801483238,0.0,0.11370566400741619,0.0,0.0,0.0,epa_udds,PPO_seed7
841,18.2882,-11509.795384041741,0.0,0.0,0.48522691523612155,25.02714183913367,-0.02163495372940177,0.0,0.10817476864700884,0.0,0.0,0.0,epa_udds,PPO_seed7
842,18.4358,-10717.740255264345,0.0,0.0,0.4851594040087123,25.027264737026314,-0.02014612829936907,0.0,0.10073064149684535,0.0,0.0,0.0,epa_udds,PPO_seed7
843,18.5476,-9794.777381417194,0.0,0.0,0.4850977056668734,25.027370241765713,-0.01841123567935563,0.0,0.09205617839677814,0.0,0.0,0.0,epa_udds,PPO_seed7
844,18.6235,-8825.627857122001,0.0,0.0,0.4850421115119148,25.027459021587607,-0.016589526047221807,0.0,0.08294763023610903,0.0,0.0,0.0,epa_udds,PPO_seed7
845,18.6665,-7908.233875676899,0.0,0.0,0.4849922958326696,25.027533451690864,-0.01486510127006936,0.0,0.07432550635034679,0.0,0.0,0.0,epa_udds,PPO_seed7
846,18.6821,-7124.948441355975,0.0,0.0,0.48494741407432657,25.02759675569628,-0.013392760228112735,0.0,0.06696380114056368,0.0,0.0,0.0,epa_udds,PPO_seed7
847,18.6781,-6552.312844369113,0.0,0.0,0.48490613944809274,25.027652533552022,-0.012316377527009613,0.0,0.06158188763504806,0.0,0.0,0.0,epa_udds,PPO_seed7
848,18.6639,-6245.398551523445,0.0,0.0,0.4848667981916191,25.027704390486388,-0.011739470961510236,0.0,0.05869735480755118,0.0,0.0,0.0,epa_udds,PPO_seed7
849,18.6497,-6234.856676478531,0.0,0.0,0.48482752341983343,25.027755879776844,-0.011719655406914532,0.0,0.05859827703457266,0.0,0.0,0.0,epa_udds,PPO_seed7
850,18.6458,-6530.7108385176825,0.0,0.0,0.484786385074235,25.02781071428623,-0.012275772252852788,0.0,0.06137886126426394,0.0,0.0,0.0,epa_udds,PPO_seed7
851,18.6613,-7105.619419833794,0.0,0.0,0.4847416252895782,25.027872805562446,-0.01335642748089059,0.0,0.06678213740445295,0.0,0.0,0.0,epa_udds,PPO_seed7
852,18.7043,-7939.730382135103,0.0,0.0,0.4846916111972219,25.027946723495084,-0.014924305229577262,0.0,0.07462152614788631,0.0,0.0,0.0,epa_udds,PPO_seed7
853,18.7802,-8964.386209477107,0.0,0.0,0.484635142331477,25.028037136725587,-0.01685035001781411,0.0,0.08425175008907056,0.0,0.0,0.0,epa_udds,PPO_seed7
854,18.892,-10119.388924031664,0.0,0.0,0.48457139732208426,25.028148694971964,-0.01902140775193922,0.0,0.09510703875969609,0.0,0.0,0.0,epa_udds,PPO_seed7
855,19.0396,-11321.205618526797,0.0,0.0,0.4845000808822104,25.028285124954625,-0.021280461688960146,0.0,0.10640230844480073,0.0,0.0,0.0,epa_udds,PPO_seed7
856,19.2201,-12489.950586351266,0.0,0.0,0.48442140086039254,25.028448583907007,-0.023477350726224186,0.0,0.11738675363112092,0.0,0.0,0.0,epa_udds,PPO_seed7
857,19.4281,-13547.722276212555,0.0,0.0,0.4843360557959675,25.028638999013022,-0.025465643376339386,0.0,0.12732821688169693,0.0,0.0,0.0,epa_udds,PPO_seed7
858,19.6556,-14404.990953747461,0.0,0.0,0.484245308253387,25.028853160653604,-0.027077050664938842,0.0,0.1353852533246942,0.0,0.0,0.0,epa_udds,PPO_seed7
859,19.8933,-15004.415887466894,0.0,0.0,0.48415078214579377,25.02908521399048,-0.028203789262155818,0.0,0.14101894631077908,0.0,0.0,0.0,epa_udds,PPO_seed7
860,20.131,-15295.923660700719,0.0,0.0,0.48405441703900326,25.029326924042234,-0.028751736204324658,0.0,0.14375868102162329,0.0,0.0,0.0,epa_udds,PPO_seed7
861,20.3585,-15255.645505278459,0.0,0.0,0.48395830312957705,25.029568794520173,-0.028676025385861767,0.0,0.14338012692930882,0.0,0.0,0.0,epa_udds,PPO_seed7
862,20.5664,-14886.92253993708,0.0,0.0,0.4838645098398821,25.02980143082936,-0.027982937105144892,0.0,0.13991468552572445,0.0,0.0,0.0,epa_udds,PPO_seed7
863,20.747,-14227.298231358427,0.0,0.0,0.48377487030231864,25.030017067447325,-0.02674304178826772,0.0,0.1337152089413386,0.0,0.0,0.0,epa_udds,PPO_seed7
864,20.8946,-13331.177166680542,0.0,0.0,0.4836908750503471,25.030210337415205,-0.025058603696767934,0.0,0.12529301848383967,0.0,0.0,0.0,epa_udds,PPO_seed7
865,21.0063,-12286.968201096885,0.0,0.0,0.4836134576738325,25.03037907814137,-0.02309580488927986,0.0,0.11547902444639929,0.0,0.0,0.0,epa_udds,PPO_seed7
866,21.0822,-11196.782002055876,0.0,0.0,0.48354290838264935,25.030524132110436,-0.021046582710631347,0.0,0.10523291355315673,0.0,0.0,0.0,epa_udds,PPO_seed7
867,21.1252,-10160.944504437293,0.0,0.0,0.4834788851720547,25.03064854285612,-0.019099519745182883,0.0,0.09549759872591441,0.0,0.0,0.0,epa_udds,PPO_seed7
868,21.1408,-9275.547802077432,0.0,0.0,0.4834204404587456,25.03075673236794,-0.017435240229468858,0.0,0.08717620114734428,0.0,0.0,0.0,epa_udds,PPO_seed7
869,21.1368,-8627.260770937482,0.0,0.0,0.4833660804497924,25.03085381603525,-0.016216655584468952,0.0,0.08108327792234477,0.0,0.0,0.0,epa_udds,PPO_seed7
870,21.1226,-8278.892390959536,0.0,0.0,0.48331391549975744,25.03094507675361,-0.01556182780255552,0.0,0.0778091390127776,0.0,0.0,0.0,epa_udds,PPO_seed7
871,21.1085,-8269.284465732413,0.0,0.0,0.4832618111511139,25.03103588247878,-0.015543767792730102,0.0,0.0777188389636505,0.0,0.0,0.0,epa_udds,PPO_seed7
872,21.1045,-8597.20452034833,0.0,0.0,0.4832076406537928,25.031131639619407,-0.016160158872835208,0.0,0.08080079436417603,0.0,0.0,0.0,epa_udds,PPO_seed7
873,21.1201,-9255.639561761744,0.0,0.0,0.48314932138410477,25.031238334359074,-0.01739781872511606,0.0,0.0869890936255803,0.0,0.0,0.0,epa_udds,PPO_seed7
874,21.163,-10195.656129193985,0.0,0.0,0.483085078957318,25.0313623110311,-0.01916476716013907,0.0,0.09582383580069535,0.0,0.0,0.0,epa_udds,PPO_seed7
875,21.239,-11365.948212493875,0.0,0.0,0.48301346214622226,25.03151036770739,-0.021364564309199016,0.0,0.10682282154599507,0.0,0.0,0.0,epa_udds,PPO_seed7
876,21.3507,-12670.915861325253,0.0,0.0,0.48293362194952316,25.031688574770328,-0.023817511017528673,0.0,0.11908755508764335,0.0,0.0,0.0,epa_udds,PPO_seed7
877,21.4983,-14038.7426381425,0.0,0.0,0.4828451617370984,25.031902111859363,-0.026388613981470868,0.0,0.13194306990735433,0.0,0.0,0.0,epa_udds,PPO_seed7
878,21.6789,-15368.582554874773,0.0,0.0,0.4827483201981689,25.03215371193444,-0.02888831307307288,0.0,0.1444415653653644,0.0,0.0,0.0,epa_udds,PPO_seed7
879,21.8868,-16561.583989865754,0.0,0.0,0.48264395885608363,25.03244269950868,-0.03113079697343187,0.0,0.15565398486715934,0.0,0.0,0.0,epa_udds,PPO_seed7
880,22.1143,-17537.68544462146,0.0,0.0,0.48253344377936164,25.032764773269523,-0.0329655741440253,0.0,0.1648278707201265,0.0,0.0,0.0,epa_udds,PPO_seed7
881,22.352,-18219.27868558775,0.0,0.0,0.48241863024653536,25.033111692262302,-0.03424676444659352,0.0,0.17123382223296757,0.0,0.0,0.0,epa_udds,PPO_seed7
882,22.1427,-2531.2893116903974,0.0,0.0,0.48240267817699095,25.0331515640134,-0.004758062615959394,0.0,0.023790313079796968,0.0,0.0,0.0,epa_udds,PPO_seed7
883,21.9231,-2030.6194610328496,0.0,0.0,0.4823898816228652,25.03318725488094,-0.003816953874121898,0.0,0.01908476937060949,0.0,0.0,0.0,epa_udds,PPO_seed7
884,21.684,-1218.2471657654314,0.0,0.0,0.48238220467198367,25.03321842650124,-0.002289938281513969,0.0,0.011449691407569844,0.0,0.0,0.0,epa_udds,PPO_seed7
885,21.4175,0.0,146.25978664835407,0.0,0.48238220467198367,25.033246108531518,-0.0020619330824486,0.0013746220549657336,0.0,0.0,0.0,0.0,epa_udds,PPO_seed7
886,21.1181,787.788902647943,0.0,0.0,0.4823871687408047,25.03327215625387,0.04263537234029995,0.0,0.007404031039924277,0.03151155610591772,0.0,0.0,epa_udds,PPO_seed7
887,20.7828,1734.1013762651398,0.0,0.0,0.4823980954213497,25.03329822219881,0.09385008801771787,0.0,0.01629794526564981,0.0693640550506056,0.0,0.0,epa_udds,PPO_seed7
888,20.4117,2653.210873551748,0.0,0.0,0.4824148128853462,25.033325826106005,0.14359257043477805,0.0,0.024936192420599138,0.10612843494206993,0.0,0.0,epa_udds,PPO_seed7
889,20.0076,3478.0355729128078,0.0,0.0,0.48243672663107207,25.03335592245614,0.18823233123177735,0.0,0.03268830425669932,0.1391214229165123,0.0,0.0,epa_udds,PPO_seed7
890,19.5762,4142.639197031123,0.0,0.0,0.48246282677802227,25.033388536339412,0.2242008792498498,0.0,0.038934578919465446,0.16570556788124494,0.0,0.0,epa_udds,PPO_seed7
891,19.1251,4610.01980336493,0.0,0.0,0.48249187044268604,25.033422805320743,0.24949565823023132,0.0,0.043327253791023784,0.1844007921345972,0.0,0.0,epa_udds,PPO_seed7
892,18.6639,4847.207938903103,0.0,0.0,0.48252240719882655,25.033457080904707,0.2623323514603348,0.0,0.04555646559119458,0.19388831755612412,0.0,0.0,epa_udds,PPO_seed7
893,18.2027,4858.003743512004,0.0,0.0,0.4825530107568139,25.03348947825313,0.2629166236526271,0.0,0.045657929920225604,0.19432014974048015,0.0,0.0,epa_udds,PPO_seed7
894,17.7517,4656.285459191044,0.0,0.0,0.48258234244309517,25.033518250016318,0.25199956943802354,0.0,0.04376208138337447,0.18625141836764175,0.0,0.0,epa_udds,PPO_seed7
895,17.3202,4275.413470550774,0.0,0.0,0.4826092738939174,25.033542180325007,0.23138666286484563,0.0,0.04018245742998848,0.17101653882203097,0.0,0.0,epa_udds,PPO_seed7
896,16.9162,3753.381279510233,0.0,0.0,0.48263291618648696,25.033560716908184,0.20313412368356884,0.0,0.03527613984502099,0.15013525118040932,0.0,0.0,epa_udds,PPO_seed7
897,16.545,3149.9212565188645,0.0,0.0,0.4826527567103877,25.033574076718246,0.17047468574753974,0.0,0.029604523087583313,0.12599685026075458,0.0,0.0,epa_udds,PPO_seed7
898,16.2098,2507.610500231749,0.0,0.0,0.4826685510472467,25.033582943933975,0.13571263444111376,0.0,0.02356776785932095,0.10030442000926997,0.0,0.0,epa_udds,PPO_seed7
899,15.9103,1889.6943091208211,0.0,0.0,0.4826804531065521,25.0335883498157,0.10227082433873436,0.0,0.017760284860158092,0.07558777236483284,0.0,0.0,epa_udds,PPO_seed7
900,15.6438,1335.34698100049,0.0,0.0,0.4826888634784967,25.033591314846245,0.0722693802198611,0.0,0.012550253580831672,0.0534138792400196,0.0,0.0,epa_udds,PPO_seed7
901,15.4047,890.4453528361527,0.0,0.0,0.48269447163351376,25.033592710976386,0.04819117029860621,0.0,0.00836884730109166,0.035617814113446104,0.0,0.0,epa_udds,PPO_seed7
902,15.1852,587.4282057884969,0.0,0.0,0.4826981712792675,25.033593143889412,0.03179179116741053,0.0,0.005520941783726475,0.023497128231539877,0.0,0.0,epa_udds,PPO_seed7
903,14.9758,449.8250355245564,0.0,0.0,0.482701004251237,25.033592970615206,0.024344666208313964,0.0,0.0042276789053059816,0.017993001420982258,0.0,0.0,epa_udds,PPO_seed7
904,14.7665,480.6656270411638,0.0,0.0,0.48270403141180496,25.03359239934659,0.02601376829655862,0.0,0.004517534088732743,0.01922662508164655,0.0,0.0,epa_udds,PPO_seed7
905,14.547,679.19447638268,0.0,0.0,0.482708308817401,25.033591647864196,0.036758209330846094,0.0,0.006383406732919925,0.0271677790553072,0.0,0.0,epa_udds,PPO_seed7
906,14.3079,1023.7640938177849,0.0,0.0,0.48271475614858206,25.0335910649176,0.0554064206563941,0.0,0.009621842987009256,0.040950563752711396,0.0,0.0,epa_udds,PPO_seed7
907,14.0414,1480.3536583070181,0.0,0.0,0.4827240787914407,25.03359117753111,0.08011718520672118,0.0,0.013913098292359193,0.059214146332280726,0.0,0.0,epa_udds,PPO_seed7
908,13.7419,2004.920813345529,0.0,0.0,0.48273670473351327,25.033592628148444,0.10850691740196329,0.0,0.018843240726931665,0.08019683253382116,0.0,0.0,epa_udds,PPO_seed7
909,13.4066,2545.039086487748,0.0,0.0,0.482752731778648,25.033596005518433,0.13773828078600608,0.0,0.023919540286538987,0.10180156345950993,0.0,0.0,epa_udds,PPO_seed7
910,13.0355,3051.2280081720655,0.0,0.0,0.482771946121099,25.033601661721807,0.16513337746483103,0.0,0.02867695496402317,0.12204912032688262,0.0,0.0,epa_udds,PPO_seed7
911,12.6315,3477.3689445943332,0.0,0.0,0.4827938435432201,25.033609552907013,0.1881962531066918,0.0,0.03268203895295426,0.13909475778377334,0.0,0.0,epa_udds,PPO_seed7
912,12.2,3789.4894872800214,0.0,0.0,0.4828177059315786,25.033619206058127,0.20508831074768114,0.0,0.035615502700000204,0.15157957949120085,0.0,0.0,epa_udds,PPO_seed7
913,11.749,3959.539018224408,0.0,0.0,0.4828426385921879,25.033629744686145,0.21429144250510745,0.0,0.03721371257729707,0.15838156072897633,0.0,0.0,epa_udds,PPO_seed7
914,11.2878,3983.657941823898,0.0,0.0,0.48286772259642435,25.033640134850234,0.21559676590412344,0.0,0.03744039419007423,0.15934631767295593,0.0,0.0,epa_udds,PPO_seed7
915,10.8265,3868.6653379046215,0.0,0.0,0.48289208202316725,25.03364937874107,0.2093733315957704,0.0,0.03635963663444193,0.15474661351618485,0.0,0.0,epa_udds,PPO_seed7
916,10.3755,3629.67278041921,0.0,0.0,0.482914936164249,25.033656676200984,0.19643898250719904,0.0,0.03411346598138355,0.1451869112167684,0.0,0.0,epa_udds,PPO_seed7
917,9.9441,3297.238372811701,0.0,0.0,0.4829356967655183,25.03366158555044,0.1784475323872077,0.0,0.03098908245123779,0.13188953491246805,0.0,0.0,epa_udds,PPO_seed7
918,9.54,2903.2425273650556,0.0,0.0,0.4829539763280277,25.03366401332755,0.15712435873664415,0.0,0.027286113978994882,0.11612970109460223,0.0,0.0,epa_udds,PPO_seed7
919,9.1689,2478.28256222235,0.0,0.0,0.4829695800073373,25.0336641422187,0.1341253976156126,0.0,0.023292129344195018,0.099131302488894,0.0,0.0,epa_udds,PPO_seed7
920,8.8336,2055.957444988076,0.0,0.0,0.4829825244950571,25.033662354188394,0.11126903525582084,0.0,0.019322908317557105,0.08223829779952305,0.0,0.0,epa_udds,PPO_seed7
921,8.5342,1661.8533915719918,0.0,0.0,0.48299298755741304,25.033659099253637,0.0899400053574075,0.0,0.015618922853120224,0.06647413566287967,0.0,0.0,epa_udds,PPO_seed7
922,8.3794,283.90471599954486,0.0,0.0,0.4829947750111565,25.03365324463311,0.015365008614772361,0.0,0.00266827740601076,0.011356188639981795,0.0,0.0,epa_udds,PPO_seed7
923,8.2521,32.79790152141633,0.0,0.0,0.4829949815047421,25.033647290058987,0.0017750322943695842,0.0,0.0003082509541486497,0.001311916060856653,0.0,0.0,epa_udds,PPO_seed7
924,8.1443,-193.6511433861409,0.0,0.0,0.4829937622925098,25.033641352305978,-0.0003640059086205656,0.0,0.0018200295431028278,0.0,0.0,0.0,epa_udds,PPO_seed7
925,8.0467,-311.55387744561057,0.0,0.0,0.48299180077798626,25.033635458926724,-0.0005856275891834785,0.0,0.0029281379459173925,0.0,0.0,0.0,epa_udds,PPO_seed7
926,7.9491,-300.5032036893996,0.0,0.0,0.4829899088404053,25.03362955009655,-0.000564855646032706,0.0,0.00282427823016353,0.0,0.0,0.0,epa_udds,PPO_seed7
927,7.8414,-165.4206947733983,0.0,0.0,0.4829888673701391,25.033623572950017,-0.0003109411555890946,0.0,0.0015547057779454728,0.0,0.0,0.0,epa_udds,PPO_seed7
928,7.714,59.48342328296742,0.0,0.0,0.4829892418704184,25.033617562610765,0.00321926075782556,0.0,0.0005590547301030773,0.0023793369313186968,0.0,0.0,epa_udds,PPO_seed7
929,7.5593,296.95903301119574,0.0,0.0,0.48299111148281043,25.03361161855512,0.016071512177553284,0.0,0.002790968355368381,0.01187836132044783,0.0,0.0,epa_udds,PPO_seed7
930,7.3716,570.7556550301396,0.0,0.0,0.48299470486810375,25.033605882647446,0.03088946770606725,0.0,0.005364244878102815,0.022830226201205582,0.0,0.0,epa_udds,PPO_seed7
931,7.1481,849.8475427379917,0.0,0.0,0.4830000553481054,25.033600502426637,0.04599400460622605,0.0,0.007987288935507441,0.033993901709519665,0.0,0.0,epa_udds,PPO_seed7
932,6.8887,1106.5701322665802,0.0,0.0,0.483007022069805,25.033595575839257,0.05988790836131462,0.0,0.010400095228069364,0.04426280529066321,0.0,0.0,epa_udds,PPO_seed7
933,6.5964,1313.6500672260545,0.0,0.0,0.48301529247310276,25.0335911008426,0.07109513672100105,0.0,0.012346335218289985,0.05254600268904218,0.0,0.0,epa_udds,PPO_seed7
934,6.2767,1453.5005365588258,0.0,0.0,0.4830244432809335,25.03358696975486,0.07866388618158215,0.0,0.013660719328560392,0.05814002146235303,0.0,0.0,epa_udds,PPO_seed7
935,5.9375,1515.0049563598632,0.0,0.0,0.48303398123901786,25.03358299086235,0.08199252387878417,0.0,0.014238768386840819,0.06060019825439453,0.0,0.0,epa_udds,PPO_seed7
936,5.588,1499.7866267871377,0.0,0.0,0.4830434233248889,25.033578950774714,0.08116890330536704,0.0,0.014095738973563324,0.059991465071485506,0.0,0.0,epa_udds,PPO_seed7
937,5.2385,1414.3454663027023,0.0,0.0,0.48305232744882864,25.033574660692324,0.07654480200335978,0.0,0.013292720547957729,0.056573818652108095,0.0,0.0,epa_udds,PPO_seed7
938,4.8993,1273.354110066961,0.0,0.0,0.4830603439032407,25.03357000118064,0.06891430740046606,0.0,0.011967613816418808,0.05093416440267844,0.0,0.0,epa_udds,PPO_seed7
939,4.5796,1096.0989229989398,0.0,0.0,0.48306724440409565,25.033564936665087,0.05932120336651405,0.0,0.010301681607132893,0.04384395691995759,0.0,0.0,epa_udds,PPO_seed7
940,4.2873,899.2580224589709,0.0,0.0,0.4830729056660572,25.03355949564934,0.0486681146290201,0.0,0.008451673143411382,0.03597032089835884,0.0,0.0,epa_udds,PPO_seed7
941,4.0279,700.0943973088079,0.0,0.0,0.48307731308116686,25.033553750489148,0.037889319337058636,0.0,0.006579834561173006,0.028003775892352315,0.0,0.0,epa_udds,PPO_seed7
942,3.8044,511.0899143621312,0.0,0.0,0.48308053061733586,25.03354778748381,0.02766033987653098,0.0,0.004803476638741835,0.02044359657448525,0.0,0.0,epa_udds,PPO_seed7
943,3.6167,342.98417436788014,0.0,0.0,0.48308268984931707,25.033541688390358,0.01856240666992482,0.0,0.003223535473382332,0.013719366974715206,0.0,0.0,epa_udds,PPO_seed7
944,3.462,201.95736608876663,0.0,0.0,0.483083961255437,25.033535516968257,0.010929993391781521,0.0,0.0018980955459470547,0.008078294643550666,0.0,0.0,epa_udds,PPO_seed7
945,3.3346,93.78485814126368,0.0,0.0,0.4830845516698281,25.0335293160345,0.005075664728577563,0.0,0.0008814366366660121,0.0037513943256505472,0.0,0.0,epa_udds,PPO_seed7
946,3.2269,20.51956194764495,0.0,0.0,0.48308468084887585,25.033523108141456,0.001110524863903371,0.0,0.00019285302582373073,0.000820782477905798,0.0,0.0,epa_udds,PPO_seed7
947,3.1293,0.0,20.389847850899447,0.0,0.48308468084887585,25.03351690092171,-0.00028745086255967263,0.0001916339083731151,0.0,0.0,0.0,0.0,epa_udds,PPO_seed7
948,3.0317,0.0,18.6857037051238,0.0,0.48308468084887585,25.033510694801418,-0.00026342627403839943,0.00017561751602559962,0.0,0.0,0.0,0.0,epa_udds,PPO_seed7
949,2.9239,21.219273632314763,0.0,0.0,0.48308481443282664,25.03350449021003,0.0011483934707173056,0.0,0.00019942926346160493,0.0008487709452925905,0.0,0.0,epa_udds,PPO_seed7
950,2.7966,82.23237386889535,0.0,0.0,0.48308533211892923,25.033498292680513,0.004450440805325629,0.0,0.0007728606566625503,0.0032892949547558142,0.0,0.0,epa_udds,PPO_seed7
951,2.2352,1155.1249563383778,0.0,0.0,0.48309260409539684,25.033493353341374,0.06251571004303491,0.0,0.010856437559571221,0.046204998253535114,0.0,0.0,epa_udds,PPO_seed7
952,2.0117,279.1045410531629,0.0,0.0,0.48309436116353877,25.03348722463838,0.015105221703012527,0.0,0.00262316297982296,0.011164181642126516,0.0,0.0,epa_udds,PPO_seed7
953,1.7882,248.73672369121496,0.0,0.0,0.48309592705333076,25.033481081935314,0.013461706294205752,0.0,0.0023377511625114187,0.009949468947648598,0.0,0.0,epa_udds,PPO_seed7
954,1.5646,218.30429561467932,0.0,0.0,0.48309730135857826,25.033474926995527,0.011814694134093699,0.0,0.002051732101641723,0.008732171824587173,0.0,0.0,epa_udds,PPO_seed7
955,1.3411,187.33719962996398,0.0,0.0,0.4830984807138261,25.033468761405167,0.010138745585988576,0.0,0.0017606879664470298,0.007493487985198559,0.0,0.0,epa_udds,PPO_seed7
956,1.1176,156.37576194229715,0.0,0.0,0.48309946515509417,25.033462586986744,0.008463103266621464,0.0,0.0014696970107358754,0.006255030477691886,0.0,0.0,epa_udds,PPO_seed7
957,0.8941,125.2730080614018,0.0,0.0,0.4831002537930675,25.03345640551349,0.006779812872375715,0.0,0.0011773778953139266,0.005010920322456072,0.0,0.0,epa_udds,PPO_seed7
958,0.6706,94.05719869700148,0.0,0.0,0.48310084591626823,25.03345021877873,0.005090403881361027,0.0,0.0008839962283552771,0.003762287947880059,0.0,0.0,epa_udds,PPO_seed7
959,0.447,62.79263905370253,0.0,0.0,0.48310124121797043,25.03344402859679,0.003398356510590607,0.0,0.0005901563820836704,0.002511705562148101,0.0,0.0,epa_udds,PPO_seed7
960,0.2235,31.385417881712826,0.0,0.0,0.48310143880017375,25.033437836781378,0.0016985882549817213,0.0,0.0002949757319709852,0.0012554167152685131,0.0,0.0,epa_udds,PPO_seed7
961,0.0,0.0,0.0,0.0,0.48310143880017375,25.033431645170477,0.0,0.0,0.0,0.0,0.0,0.0,epa_udds,PPO_seed7
962,0.0,0.0,0.0,0.0,0.48310143880017375,25.033425454668077,0.0,0.0,0.0,0.0,0.0,0.0,epa_udds,PPO_seed7
963,0.0,0.0,0.0,0.0,0.48310143880017375,25.033419265276468,0.0,0.0,0.0,0.0,0.0,0.0,epa_udds,PPO_seed7
964,0.0,0.0,0.0,0.0,0.48310143880017375,25.03341307699778,0.0,0.0,0.0,0.0,0.0,0.0,epa_udds,PPO_seed7
965,0.0,0.0,0.0,0.0,0.48310143880017375,25.033406889833984,0.0,0.0,0.0,0.0,0.0,0.0,epa_udds,PPO_seed7
966,0.0,0.0,0.0,0.0,0.48310143880017375,25.033400703786917,0.0,0.0,0.0,0.0,0.0,0.0,epa_udds,PPO_seed7
967,0.0,0.0,0.0,0.0,0.48310143880017375,25.033394518858273,0.0,0.0,0.0,0.0,0.0,0.0,epa_udds,PPO_seed7
968,0.0,0.0,0.0,0.0,0.48310143880017375,25.033388335049626,0.0,0.0,0.0,0.0,0.0,0.0,epa_udds,PPO_seed7
969,0.0,0.0,0.0,0.0,0.48310143880017375,25.033382152362428,0.0,0.0,0.0,0.0,0.0,0.0,epa_udds,PPO_seed7
970,0.0,0.0,0.0,0.0,0.48310143880017375,25.033375970798026,0.0,0.0,0.0,0.0,0.0,0.0,epa_udds,PPO_seed7
971,0.0,0.0,0.0,0.0,0.48310143880017375,25.033369790357664,0.0,0.0,0.0,0.0,0.0,0.0,epa_udds,PPO_seed7
972,0.0,0.0,0.0,0.0,0.48310143880017375,25.033363611042493,0.0,0.0,0.0,0.0,0.0,0.0,epa_udds,PPO_seed7
973,0.0,0.0,0.0,0.0,0.48310143880017375,25.03335743285357,0.0,0.0,0.0,0.0,0.0,0.0,epa_udds,PPO_seed7
974,0.0,0.0,0.0,0.0,0.48310143880017375,25.03335125579187,0.0,0.0,0.0,0.0,0.0,0.0,epa_udds,PPO_seed7
975,0.0,0.0,0.0,0.0,0.48310143880017375,25.033345079858293,0.0,0.0,0.0,0.0,0.0,0.0,epa_udds,PPO_seed7
976,0.0,0.0,0.0,0.0,0.48310143880017375,25.033338905053665,0.0,0.0,0.0,0.0,0.0,0.0,epa_udds,PPO_seed7
977,0.0,0.0,0.0,0.0,0.48310143880017375,25.033332731378742,0.0,0.0,0.0,0.0,0.0,0.0,epa_udds,PPO_seed7
978,0.0,0.0,0.0,0.0,0.48310143880017375,25.03332655883422,0.0,0.0,0.0,0.0,0.0,0.0,epa_udds,PPO_seed7
979,0.0,0.0,0.0,0.0,0.48310143880017375,25.033320387420726,0.0,0.0,0.0,0.0,0.0,0.0,epa_udds,PPO_seed7
980,0.0,0.0,0.0,0.0,0.48310143880017375,25.033314217138848,0.0,0.0,0.0,0.0,0.0,0.0,epa_udds,PPO_seed7
981,0.0,0.0,0.0,0.0,0.48310143880017375,25.03330804798911,0.0,0.0,0.0,0.0,0.0,0.0,epa_udds,PPO_seed7
982,0.0,0.0,0.0,0.0,0.48310143880017375,25.03330187997199,0.0,0.0,0.0,0.0,0.0,0.0,epa_udds,PPO_seed7
983,0.0,0.0,0.0,0.0,0.48310143880017375,25.033295713087924,0.0,0.0,0.0,0.0,0.0,0.0,epa_udds,PPO_seed7
984,0.0,0.0,0.0,0.0,0.48310143880017375,25.033289547337304,0.0,0.0,0.0,0.0,0.0,0.0,epa_udds,PPO_seed7
985,0.0,0.0,0.0,0.0,0.48310143880017375,25.03328338272048,0.0,0.0,0.0,0.0,0.0,0.0,epa_udds,PPO_seed7
986,0.0,0.0,0.0,0.0,0.48310143880017375,25.033277219237767,0.0,0.0,0.0,0.0,0.0,0.0,epa_udds,PPO_seed7
987,0.0,0.0,0.0,0.0,0.48310143880017375,25.033271056889447,0.0,0.0,0.0,0.0,0.0,0.0,epa_udds,PPO_seed7
988,0.0,0.0,0.0,0.0,0.48310143880017375,25.033264895675767,0.0,0.0,0.0,0.0,0.0,0.0,epa_udds,PPO_seed7
989,0.0,0.0,0.0,0.0,0.48310143880017375,25.033258735596945,0.0,0.0,0.0,0.0,0.0,0.0,epa_udds,PPO_seed7
990,0.0,0.0,0.0,0.0,0.48310143880017375,25.033252576653172,0.0,0.0,0.0,0.0,0.0,0.0,epa_udds,PPO_seed7
991,0.0,0.0,0.0,0.0,0.48310143880017375,25.033246418844612,0.0,0.0,0.0,0.0,0.0,0.0,epa_udds,PPO_seed7
992,0.0,0.0,0.0,0.0,0.48310143880017375,25.033240262171407,0.0,0.0,0.0,0.0,0.0,0.0,epa_udds,PPO_seed7
993,0.0,0.0,0.0,0.0,0.48310143880017375,25.03323410663367,0.0,0.0,0.0,0.0,0.0,0.0,epa_udds,PPO_seed7
994,0.0,0.0,0.0,0.0,0.48310143880017375,25.033227952231496,0.0,0.0,0.0,0.0,0.0,0.0,epa_udds,PPO_seed7
995,0.0,0.0,0.0,0.0,0.48310143880017375,25.03322179896496,0.0,0.0,0.0,0.0,0.0,0.0,epa_udds,PPO_seed7
996,0.0,0.0,0.0,0.0,0.48310143880017375,25.03321564683412,0.0,0.0,0.0,0.0,0.0,0.0,epa_udds,PPO_seed7
997,0.0,0.0,0.0,0.0,0.48310143880017375,25.03320949583901,0.0,0.0,0.0,0.0,0.0,0.0,epa_udds,PPO_seed7
998,0.0,0.0,0.0,0.0,0.48310143880017375,25.033203345979658,0.0,0.0,0.0,0.0,0.0,0.0,epa_udds,PPO_seed7
999,0.0,0.0,0.0,0.0,0.48310143880017375,25.03319719725607,0.0,0.0,0.0,0.0,0.0,0.0,epa_udds,PPO_seed7
1000,0.0,0.0,0.0,0.0,0.48310143880017375,25.033191049668236,0.0,0.0,0.0,0.0,0.0,0.0,epa_udds,PPO_seed7
1001,0.0,0.0,0.0,0.0,0.48310143880017375,25.03318490321614,0.0,0.0,0.0,0.0,0.0,0.0,epa_udds,PPO_seed7
1002,0.2235,-111.81614183095442,0.0,0.0,0.4831007348763356,25.033178769739486,-0.00021018071772735793,0.0,0.0010509035886367897,0.0,0.0,0.0,epa_udds,PPO_seed7
1003,0.447,-223.67153464763538,0.0,0.0,0.48309932678096723,25.033172672911498,-0.0004204352155030741,0.0,0.0021021760775153703,0.0,0.0,0.0,epa_udds,PPO_seed7
1004,0.6706,-335.75985069860906,0.0,0.0,0.48309721304634157,25.033166636580642,-0.0006311275389071599,0.0,0.0031556376945357993,0.0,0.0,0.0,epa_udds,PPO_seed7
1005,0.8941,-447.707244359164,0.0,0.0,0.48309439455746245,25.033160684478915,-0.0008415549705999323,0.0,0.004207774852999661,0.0,0.0,0.0,epa_udds,PPO_seed7
1006,1.1176,-559.9159750801427,0.0,0.0,0.4830908696662217,25.03315484074977,-0.0010524736373686895,0.0,0.005262368186843447,0.0,0.0,0.0,epa_udds,PPO_seed7
1007,1.3411,-672.3209782917169,0.0,0.0,0.4830866371334011,25.033149129714925,-0.0012637612373904454,0.0,0.006318806186952226,0.0,0.0,0.0,epa_udds,PPO_seed7
1008,1.5646,-784.961504979612,0.0,0.0,0.4830816954719888,25.03314357599197,-0.0014754915507135564,0.0,0.0073774577535677816,0.0,0.0,0.0,epa_udds,PPO_seed7
1009,1.7882,-898.2055593177565,0.0,0.0,0.4830760408775548,25.033138205102937,-0.0016883563145070613,0.0,0.008441781572535306,0.0,0.0,0.0,epa_udds,PPO_seed7
1010,2.0117,-1011.1568707594953,0.0,0.0,0.4830696751874185,25.03313304138341,-0.0019006708096982996,0.0,0.009503354048491498,0.0,0.0,0.0,epa_udds,PPO_seed7
1011,2.2352,-1124.7396406411433,0.0,0.0,0.48306259442002414,25.033128111101725,-0.0021141722568442547,0.0,0.010570861284221272,0.0,0.0,0.0,epa_udds,PPO_seed7
1012,2.3328,-717.5948978678551,0.0,0.0,0.4830580768055306,25.033122475096892,-0.0013488625899771714,0.0,0.006744312949885856,0.0,0.0,0.0,epa_udds,PPO_seed7
1013,2.6822,-1878.4160352226218,0.0,0.0,0.48304625122545763,25.03311969629252,-0.0035308572090650783,0.0,0.01765428604532539,0.0,0.0,0.0,epa_udds,PPO_seed7
1014,3.0317,-2127.1993681495696,0.0,0.0,0.4830328593490957,25.03311787055921,-0.003998495052912725,0.0,0.019992475264563624,0.0,0.0,0.0,epa_udds,PPO_seed7
1015,3.371,-2316.074608495172,0.0,0.0,0.4830182783040903,25.033116852361655,-0.004353523700178895,0.0,0.021767618500894474,0.0,0.0,0.0,epa_udds,PPO_seed7
1016,3.6907,-2428.0842399362696,0.0,0.0,0.4830029919848616,25.03311635387895,-0.004564068120180958,0.0,0.02282034060090479,0.0,0.0,0.0,epa_udds,PPO_seed7
1017,3.983,-2455.856865002465,0.0,0.0,0.4829875307073911,25.033116003802025,-0.004616272302636212,0.0,0.023081361513181062,0.0,0.0,0.0,epa_udds,PPO_seed7
1018,4.2423,-2403.2676662495096,0.0,0.0,0.4829724004065316,25.033115434386083,-0.004517420425281033,0.0,0.022587102126405165,0.0,0.0,0.0,epa_udds,PPO_seed7
1019,4.4658,-2286.2781457185424,0.0,0.0,0.4829580065419522,25.03311436957791,-0.00429751531150102,0.0,0.0214875765575051,0.0,0.0,0.0,epa_udds,PPO_seed7
1020,4.6535,-2127.890783720251,0.0,0.0,0.4829446097644119,25.03311266697249,-0.0039997947062410735,0.0,0.019998973531205368,0.0,0.0,0.0,epa_udds,PPO_seed7
1021,4.8083,-1956.7242675670839,0.0,0.0,0.4829322905506389,25.033110325468503,-0.0036780531345245934,0.0,0.018390265672622967,0.0,0.0,0.0,epa_udds,PPO_seed7
1022,4.9356,-1800.9819491153642,0.0,0.0,0.4829209518120693,25.033107451019287,-0.003385304415630384,0.0,0.01692652207815192,0.0,0.0,0.0,epa_udds,PPO_seed7
1023,5.0434,-1690.51367147911,0.0,0.0,0.4829103085244514,25.033104230409112,-0.003177657277216372,0.0,0.01588828638608186,0.0,0.0,0.0,epa_udds,PPO_seed7
1024,5.141,-1644.6523296211906,0.0,0.0,0.4828999539387002,25.03310088231286,-0.003091451747408253,0.0,0.015457258737041265,0.0,0.0,0.0,epa_udds,PPO_seed7
1025,5.2385,-1678.1349634684698,0.0,0.0,0.4828893885151339,25.033097656187156,-0.0031543890290760715,0.0,0.015771945145380356,0.0,0.0,0.0,epa_udds,PPO_seed7
1026,5.3463,-1801.9024700285038,0.0,0.0,0.48287804382282373,25.033094855244283,-0.0033870347180986918,0.0,0.016935173590493457,0.0,0.0,0.0,epa_udds,PPO_seed7
1027,5.4737,-2016.1492953430711,0.0,0.0,0.48286535019701515,25.03309284875021,-0.003789754314554645,0.0,0.018948771572773224,0.0,0.0,0.0,epa_udds,PPO_seed7
1028,5.6284,-2317.814248721214,0.0,0.0,0.48285075723423104,25.033092104703904,-0.004356793700603786,0.0,0.02178396850301893,0.0,0.0,0.0,epa_udds,PPO_seed7
1029,5.8161,-2700.9910330644475,0.0,0.0,0.48283375170169507,25.03309321295672,-0.005077050814030917,0.0,0.025385254070154583,0.0,0.0,0.0,epa_udds,PPO_seed7
1030,6.0396,-3150.5001627630713,0.0,0.0,0.4828139159179899,25.033096852558973,-0.005921992787148631,0.0,0.029609963935743153,0.0,0.0,0.0,epa_udds,PPO_seed7
1031,6.299,-3649.3912532791687,0.0,0.0,0.48279093890083685,25.03310375723837,-0.006859757994885656,0.0,0.03429878997442828,0.0,0.0,0.0,epa_udds,PPO_seed7
1032,6.5913,-4170.618622696466,0.0,0.0,0.48276467992876015,25.033114589215963,-0.007839508689279072,0.0,0.03919754344639536,0.0,0.0,0.0,epa_udds,PPO_seed7
1033,6.911,-4684.950360159878,0.0,0.0,0.48273518231189394,25.03312981935183,-0.008806297669473455,0.0,0.044031488347367274,0.0,0.0,0.0,epa_udds,PPO_seed7
1034,7.2502,-5155.222654276638,0.0,0.0,0.4827027233445249,25.033149536388,-0.00969026814713654,0.0,0.04845134073568269,0.0,0.0,0.0,epa_udds,PPO_seed7
1035,7.5997,-5548.60897274437,0.0,0.0,0.48266778701432494,25.033173366452488,-0.010429716114181148,0.0,0.05214858057090573,0.0,0.0,0.0,epa_udds,PPO_seed7
1036,7.9491,-5827.777403689389,0.0,0.0,0.4826310923909284,25.03320034999575,-0.010954468803927423,0.0,0.05477234401963711,0.0,0.0,0.0,epa_udds,PPO_seed7
1037,8.2884,-5973.06791980472,0.0,0.0,0.4825934823775528,25.033229120823954,-0.011227571277828422,0.0,0.05613785638914211,0.0,0.0,0.0,epa_udds,PPO_seed7
1038,8.6081,-5968.256242131076,0.0,0.0,0.4825559020915243,25.033258013735008,-0.011218526770923075,0.0,0.056092633854615374,0.0,0.0,0.0,epa_udds,PPO_seed7
1039,8.9004,-5818.252185973072,0.0,0.0,0.4825192657962547,25.033285414695502,-0.010936564259347881,0.0,0.0546828212967394,0.0,0.0,0.0,epa_udds,PPO_seed7
1040,9.1598,-5544.190156573668,0.0,0.0,0.4824843547305903,25.033310046705193,-0.010421410068747496,0.0,0.05210705034373748,0.0,0.0,0.0,epa_udds,PPO_seed7
1041,9.3833,-5178.250493878414,0.0,0.0,0.4824517475357358,25.033331132331327,-0.009733553559921832,0.0,0.04866776779960916,0.0,0.0,0.0,epa_udds,PPO_seed7
1042,9.4592,-3056.231071429149,0.0,0.0,0.4824325023875209,25.03333581591355,-0.005744795247047272,0.0,0.02872397623523636,0.0,0.0,0.0,epa_udds,PPO_seed7
1043,9.5022,-2588.362452956264,0.0,0.0,0.48241620336661406,25.033338033237833,-0.004865342956684707,0.0,0.024326714783423534,0.0,0.0,0.0,epa_udds,PPO_seed7
1044,9.5178,-2188.5968188086567,0.0,0.0,0.48240242166622166,25.03333845020187,-0.004113903794753114,0.0,0.02056951897376557,0.0,0.0,0.0,epa_udds,PPO_seed7
1045,9.5138,-1897.1874555348788,0.0,0.0,0.4823904749846418,25.033337725564227,-0.0035661418337121784,0.0,0.01783070916856089,0.0,0.0,0.0,epa_udds,PPO_seed7
1046,9.4996,-1742.1259205372005,0.0,0.0,0.48237950474384994,25.033336437150094,-0.003274672782964663,0.0,0.016373363914823313,0.0,0.0,0.0,epa_udds,PPO_seed7
1047,9.4854,-1738.0234132897172,0.0,0.0,0.48236856035277276,25.0333350988028,-0.00326696130317616,0.0,0.0163348065158808,0.0,0.0,0.0,epa_udds,PPO_seed7
1048,9.4814,-1887.3072050917208,0.0,0.0,0.48235667593348913,25.0333342381451,-0.0035475699343829343,0.0,0.01773784967191467,0.0,0.0,0.0,epa_udds,PPO_seed7
1049,9.497,-2181.6129650012294,0.0,0.0,0.4823429382750308,25.03333448650531,-0.004100776250002311,0.0,0.020503881250011555,0.0,0.0,0.0,epa_udds,PPO_seed7
1050,9.54,-2602.682711992989,0.0,0.0,0.4823265491282765,25.033336634739033,-0.004892260736828927,0.0,0.024461303684144634,0.0,0.0,0.0,epa_udds,PPO_seed7
1051,9.6159,-3123.7021922598115,0.0,0.0,0.48230687907706293,25.03334162383278,-0.005871620662142503,0.0,0.029358103310712515,0.0,0.0,0.0,epa_udds,PPO_seed7
1052,9.7277,-3715.5851186343075,0.0,0.0,0.48228348183812786,25.033350490073143,-0.006984182553823887,0.0,0.03492091276911943,0.0,0.0,0.0,epa_udds,PPO_seed7
1053,9.8753,-4338.649506998312,0.0,0.0,0.4822561609791663,25.033364184267267,-0.008155356216162242,0.0,0.0407767810808112,0.0,0.0,0.0,epa_udds,PPO_seed7
1054,10.0558,-4953.782369315318,0.0,0.0,0.4822249663395799,25.03338340144155,-0.009311620994953605,0.0,0.046558104974768026,0.0,0.0,0.0,epa_udds,PPO_seed7
1055,10.2638,-5520.730536890113,0.0,0.0,0.48219020122146716,25.033408387147794,-0.01037731303926713,0.0,0.05188656519633565,0.0,0.0,0.0,epa_udds,PPO_seed7
1056,10.4913,-5990.3621825484015,0.0,0.0,0.4821524783194878,25.033438670655233,-0.011260079290504516,0.0,0.05630039645252257,0.0,0.0,0.0,epa_udds,PPO_seed7
1057,10.729,-6328.029257131648,0.0,0.0,0.4821126285399274,25.033473100840254,-0.011894791836713624,0.0,0.05947395918356812,0.0,0.0,0.0,epa_udds,PPO_seed7
1058,10.9667,-6501.365627593259,0.0,0.0,0.4820716866556808,25.033509866736605,-0.012220612081942216,0.0,0.06110306040971108,0.0,0.0,0.0,epa_udds,PPO_seed7
1059,11.1942,-6491.688906058072,0.0,0.0,0.4820308051553381,25.03354675523187,-0.012202422755748255,0.0,0.06101211377874127,0.0,0.0,0.0,epa_udds,PPO_seed7
1060,11.4021,-6296.002493594343,0.0,0.0,0.4819911554713033,25.033581514717667,-0.011834591153372827,0.0,0.05917295576686413,0.0,0.0,0.0,epa_udds,PPO_seed7
1061,11.5826,-5930.151848069812,0.0,0.0,0.4819538093147946,25.033612263905287,-0.011146901970056038,0.0,0.05573450985028019,0.0,0.0,0.0,epa_udds,PPO_seed7
1062,11.7302,-5429.046890680755,0.0,0.0,0.4819196185941919,25.03363781912935,-0.010204975358422472,0.0,0.05102487679211236,0.0,0.0,0.0,epa_udds,PPO_seed7
1063,11.842,-4839.609697673303,0.0,0.0,0.48188913973676567,25.033657798237755,-0.009097010709912225,0.0,0.04548505354956112,0.0,0.0,0.0,epa_udds,PPO_seed7
1064,11.9179,-4217.67382658328,0.0,0.0,0.4818625775374818,25.033672550265102,-0.007927958320645264,0.0,0.03963979160322632,0.0,0.0,0.0,epa_udds,PPO_seed7
1065,11.9609,-3627.9553261671545,0.0,0.0,0.4818397291970581,25.03368297718665,-0.00681946489881044,0.0,0.0340973244940522,0.0,0.0,0.0,epa_udds,PPO_seed7
1066,11.9765,-3124.8426261664486,0.0,0.0,0.48182004935341205,25.03369019538704,-0.00587376433489934,0.0,0.029368821674496698,0.0,0.0,0.0,epa_udds,PPO_seed7
1067,11.9725,-2758.0986999739757,0.0,0.0,0.4818026792144696,25.033695339517468,-0.005184396052582661,0.0,0.025921980262913306,0.0,0.0,0.0,epa_udds,PPO_seed7
1068,11.9583,-2562.70797072625,0.0,0.0,0.4817865396405583,25.033699441080525,-0.004817120245726034,0.0,0.02408560122863017,0.0,0.0,0.0,epa_udds,PPO_seed7
1069,11.9441,-2557.289385573416,0.0,0.0,0.4817704342220567,25.033703446004925,-0.004806934935288377,0.0,0.02403467467644188,0.0,0.0,0.0,epa_udds,PPO_seed7
1070,11.9402,-2747.111202936907,0.0,0.0,0.4817531333655908,25.033708337294904,-0.00516374286266336,0.0,0.025818714313316796,0.0,0.0,0.0,epa_udds,PPO_seed7
1071,11.9557,-3114.0685417141794,0.0,0.0,0.48173352149221166,25.033715216447835,-0.005853512296455225,0.0,0.029267561482276123,0.0,0.0,0.0,epa_udds,PPO_seed7
1072,11.9987,-3645.788292559515,0.0,0.0,0.48171056093131587,25.033725481628235,-0.006852985512329915,0.0,0.034264927561649575,0.0,0.0,0.0,epa_udds,PPO_seed7
1073,12.0746,-4299.729167267978,0.0,0.0,0.48168348190172217,25.03374069215329,-0.008082197682834543,0.0,0.04041098841417272,0.0,0.0,0.0,epa_udds,PPO_seed7
1074,12.1864,-5039.451904539202,0.0,0.0,0.4816517440720688,25.033762520878124,-0.009472653955900755,0.0,0.047363269779503774,0.0,0.0,0.0,epa_udds,PPO_seed7
1075,12.334,-5813.512606676035,0.0,0.0,0.48161513105326625,25.033792438493105,-0.010927655275706834,0.0,0.05463827637853416,0.0,0.0,0.0,epa_udds,PPO_seed7
1076,12.5145,-6571.943377040148,0.0,0.0,0.48157374111023415,25.033831445511918,-0.012353277024511557,0.0,0.06176638512255778,0.0,0.0,0.0,epa_udds,PPO_seed7
1077,12.7225,-7264.546825297778,0.0,0.0,0.48152798862619256,25.033879782027327,-0.013655163205446953,0.0,0.06827581602723476,0.0,0.0,0.0,epa_udds,PPO_seed7
1078,12.95,-7831.584583387134,0.0,0.0,0.4814786642231592,25.03393653579802,-0.014721023652983337,0.0,0.07360511826491668,0.0,0.0,0.0,epa_udds,PPO_seed7
1079,13.1877,-8232.58989211321,0.0,0.0,0.48142681342892596,25.033999748592453,-0.01547479303028799,0.0,0.07737396515143995,0.0,0.0,0.0,epa_udds,PPO_seed7
1080,13.4254,-8430.741530395871,0.0,0.0,0.48137371375373067,25.034066481192735,-0.015847258515781712,0.0,0.07923629257890856,0.0,0.0,0.0,epa_udds,PPO_seed7
1081,13.6529,-8406.26126907904,0.0,0.0,0.4813207673783897,25.03413323250299,-0.015801242986990673,0.0,0.07900621493495337,0.0,0.0,0.0,epa_udds,PPO_seed7
1082,13.4138,1100.0566093412804,0.0,0.0,0.48132769613664267,25.034134553089032,0.059535394541643125,0.0,0.01033887790734286,0.04400226437365121,0.0,0.0,epa_udds,PPO_seed7
1083,13.1473,1520.9280698385592,0.0,0.0,0.4813372756071697,25.034136387070586,0.0823130845616387,0.0,0.014294436746603,0.060837122793542364,0.0,0.0,epa_udds,PPO_seed7
1084,12.8478,2003.335870899229,0.0,0.0,0.48134989326261035,25.034139300838905,0.1084211398400951,0.0,0.018828344651308542,0.08013343483596916,0.0,0.0,epa_udds,PPO_seed7
1085,12.5126,2496.2477485714267,0.0,0.0,0.48136561513170467,25.0341437839709,0.13509767890388819,0.0,0.02346097508055852,0.09984990994285707,0.0,0.0,epa_udds,PPO_seed7
1086,12.1414,2958.6124527191587,0.0,0.0,0.4813842486853947,25.034150127509182,0.16012099574941732,0.0,0.02780650801427781,0.11834449810876635,0.0,0.0,epa_udds,PPO_seed7
1087,11.7374,3339.1220622675482,0.0,0.0,0.48140527826575474,25.034158222237647,0.18071429025715646,0.0,0.03138272614913109,0.13356488249070192,0.0,0.0,epa_udds,PPO_seed7
1088,11.3059,3612.015674854688,0.0,0.0,0.48142802601127355,25.034167615218514,0.1954833746436394,0.0,0.033947515741115486,0.1444806269941875,0.0,0.0,epa_udds,PPO_seed7
1089,10.8549,3750.771587087089,0.0,0.0,0.48145164708666877,25.034177507569513,0.20299288634475834,0.0,0.03525161266059294,0.15003086348348355,0.0,0.0,epa_udds,PPO_seed7
1090,10.3937,3753.1198087706503,0.0,0.0,0.4814752824283859,25.034186987873273,0.20311997280850483,0.0,0.03527368241325799,0.15012479235082601,0.0,0.0,epa_udds,PPO_seed7
1091,9.9325,3625.8653751615934,0.0,0.0,0.4814981158943312,25.034195196179965,0.1962329245895725,0.0,0.0340776820973834,0.14503461500646372,0.0,0.0,epa_udds,PPO_seed7
1092,9.4814,3388.96882513395,0.0,0.0,0.4815194570988649,25.034201497505183,0.18341201205499377,0.0,0.03185121076253712,0.135558753005358,0.0,0.0,epa_udds,PPO_seed7
1093,9.05,3065.6164961887507,0.0,0.0,0.4815387617075595,25.034205538785425,0.16591208676365884,0.0,0.028812185114555928,0.12262465984755003,0.0,0.0,epa_udds,PPO_seed7
1094,8.6459,2690.457558284854,0.0,0.0,0.4815557035989323,25.03420729888129,0.14560837221454417,0.0,0.0252862552470381,0.10761830233139415,0.0,0.0,epa_udds,PPO_seed7
1095,8.2748,2291.062204746317,0.0,0.0,0.4815701302655765,25.034206981417444,0.12399297556213526,0.0,0.021532539518292454,0.09164248818985268,0.0,0.0,epa_udds,PPO_seed7
1096,7.9395,1898.0953543165529,0.0,0.0,0.4815820822858712,25.034204948792055,0.1027254914313575,0.0,0.017839242051847302,0.07592381417266211,0.0,0.0,epa_udds,PPO_seed7
1097,7.6401,1534.3597916819745,0.0,0.0,0.48159174380596287,25.034201608723926,0.08304001338741993,0.0,0.014420674733853143,0.061374391667278975,0.0,0.0,epa_udds,PPO_seed7
1098,7.3736,1221.5832090594656,0.0,0.0,0.48159943576515907,25.03419735244358,0.0661124506677446,0.0,0.011481045197927309,0.048863328362378625,0.0,0.0,epa_udds,PPO_seed7
1099,7.1345,973.46927134112,0.0,0.0,0.48160556536945187,25.034192500202415,0.052684449737694594,0.0,0.009149147287040601,0.0389387708536448,0.0,0.0,epa_udds,PPO_seed7
1100,6.9149,801.4851373781407,0.0,0.0,0.4816106120106958,25.034187293550392,0.04337661668306658,0.0,0.0075327550505464354,0.03205940549512563,0.0,0.0,epa_udds,PPO_seed7
1101,6.7056,707.9349091361797,0.0,0.0,0.4816150695729616,25.034181898546954,0.03831365019520467,0.0,0.006653523582106953,0.028317396365447188,0.0,0.0,epa_udds,PPO_seed7
1102,6.4963,693.4113892084738,0.0,0.0,0.48161943566035115,25.03417643693128,0.03752763292874131,0.0,0.006517024334666107,0.027736455568338952,0.0,0.0,epa_udds,PPO_seed7
1103,6.2767,749.8071461588236,0.0,0.0,0.4816241568179559,25.03417100959823,0.04057978825602415,0.0,0.007047059644349846,0.029992285846352943,0.0,0.0,epa_udds,PPO_seed7
1104,6.0376,860.605582539717,0.0,0.0,0.4816295755858356,25.03416571099084,0.04657623295579611,0.0,0.008088398332140197,0.03442422330158868,0.0,0.0,epa_udds,PPO_seed7
1105,5.7711,1007.3841854333269,0.0,0.0,0.4816359185009076,25.034160633145007,0.054519935088338994,0.0,0.009467896479636532,0.040295367417333076,0.0,0.0,epa_udds,PPO_seed7
1106,5.4717,1164.513589314008,0.0,0.0,0.4816432507222831,25.03415584047145,0.06302382568332504,0.0,0.010944676591297067,0.04658054357256032,0.0,0.0,epa_udds,PPO_seed7
1107,5.1364,1307.385575564152,0.0,0.0,0.48165148246497136,25.034151345331164,0.07075610054820124,0.0,0.012287458416956316,0.05229542302256608,0.0,0.0,epa_udds,PPO_seed7
1108,4.7653,1411.3850596175032,0.0,0.0,0.4816603689615563,25.03414708283464,0.07638458390320892,0.0,0.013264897176856234,0.05645540238470013,0.0,0.0,epa_udds,PPO_seed7
1109,4.3612,1459.6745579685287,0.0,0.0,0.4816695594375147,25.034142919282,0.07899802607712382,0.0,0.013718745845568878,0.05838698231874115,0.0,0.0,epa_udds,PPO_seed7
1110,3.9298,1441.3744582066267,0.0,0.0,0.48167863462722826,25.034138676813996,0.07800761917422029,0.0,0.013546752426754011,0.05765497832826507,0.0,0.0,epa_udds,PPO_seed7
1111,3.4787,1357.578537495348,0.0,0.0,0.4816871821625214,25.034134188005513,0.07347255874354522,0.0,0.012759196780971316,0.05430314149981392,0.0,0.0,epa_udds,PPO_seed7
1112,3.0175,1215.54122187962,0.0,0.0,0.4816948353596003,25.034129333539926,0.06578545650443236,0.0,0.011424259604131766,0.0486216488751848,0.0,0.0,epa_udds,PPO_seed7
1113,2.5563,1032.5281399771281,0.0,0.0,0.4817013362473568,25.03412407445118,0.05588073347034111,0.0,0.009704211841890301,0.04130112559908512,0.0,0.0,epa_udds,PPO_seed7
1114,2.1053,828.178833881672,0.0,0.0,0.48170655050894545,25.03411844432731,0.0448212875660171,0.0,0.0077836356567826314,0.03312715335526688,0.0,0.0,epa_udds,PPO_seed7
1115,2.0117,0.0,18.852317426161594,0.0,0.48170655050894545,25.034112157016363,-0.00026577515168460893,0.00017718343445640596,0.0,0.0,0.0,0.0,epa_udds,PPO_seed7
1116,1.6764,443.3715149552526,0.0,0.0,0.48170934198791643,25.03410605503419,0.0239953997341948,0.0,0.0041670255164967356,0.017734860598210105,0.0,0.0,epa_udds,PPO_seed7
1117,1.3411,355.2643772299638,0.0,0.0,0.48171157873651127,25.034099882849922,0.019227014942114883,0.0,0.0033389509138154493,0.014210575089198553,0.0,0.0,epa_udds,PPO_seed7
1118,1.0058,266.7755776545454,0.0,0.0,0.4817132583551447,25.034093656033235,0.014437974495920432,0.0,0.002507289263670539,0.010671023106181815,0.0,0.0,epa_udds,PPO_seed7
1119,0.6706,177.9519410970015,0.0,0.0,0.48171437873840345,25.034087390179014,0.009630812571550502,0.0,0.001672480649407909,0.00711807764388006,0.0,0.0,epa_udds,PPO_seed7
1120,0.3353,89.06123543712516,0.0,0.0,0.4817149394661151,25.03408110094771,0.00482002084719118,0.0,0.0008370416864391463,0.0035624494174850067,0.0,0.0,epa_udds,PPO_seed7
1121,0.0,0.0,0.0,0.0,0.4817149394661151,25.034074803915047,0.0,0.0,0.0,0.0,0.0,0.0,epa_udds,PPO_seed7
1122,0.0,0.0,0.0,0.0,0.4817149394661151,25.034068507112217,0.0,0.0,0.0,0.0,0.0,0.0,epa_udds,PPO_seed7
1123,0.0,0.0,0.0,0.0,0.4817149394661151,25.034062210600553,0.0,0.0,0.0,0.0,0.0,0.0,epa_udds,PPO_seed7
1124,0.0,0.0,0.0,0.0,0.4817149394661151,25.034055914437356,0.0,0.0,0.0,0.0,0.0,0.0,epa_udds,PPO_seed7
1125,0.0,0.0,0.0,0.0,0.4817149394661151,25.03404961867616,0.0,0.0,0.0,0.0,0.0,0.0,epa_udds,PPO_seed7
1126,0.0,0.0,0.0,0.0,0.4817149394661151,25.03404332336697,0.0,0.0,0.0,0.0,0.0,0.0,epa_udds,PPO_seed7
1127,0.0,0.0,0.0,0.0,0.4817149394661151,25.0340370285565,0.0,0.0,0.0,0.0,0.0,0.0,epa_udds,PPO_seed7
1128,0.0,0.0,0.0,0.0,0.4817149394661151,25.03403073428839,0.0,0.0,0.0,0.0,0.0,0.0,epa_udds,PPO_seed7
1129,0.0,0.0,0.0,0.0,0.4817149394661151,25.034024440603403,0.0,0.0,0.0,0.0,0.0,0.0,epa_udds,PPO_seed7
1130,0.0,0.0,0.0,0.0,0.4817149394661151,25.034018147539616,0.0,0.0,0.0,0.0,0.0,0.0,epa_udds,PPO_seed7
1131,0.0,0.0,0.0,0.0,0.4817149394661151,25.034011855132594,0.0,0.0,0.0,0.0,0.0,0.0,epa_udds,PPO_seed7
1132,0.0,0.0,0.0,0.0,0.4817149394661151,25.034005563415562,0.0,0.0,0.0,0.0,0.0,0.0,epa_udds,PPO_seed7
1133,0.0,0.0,0.0,0.0,0.4817149394661151,25.033999272419546,0.0,0.0,0.0,0.0,0.0,0.0,epa_udds,PPO_seed7
1134,0.0,0.0,0.0,0.0,0.4817149394661151,25.033992982173526,0.0,0.0,0.0,0.0,0.0,0.0,epa_udds,PPO_seed7
1135,0.0,0.0,0.0,0.0,0.4817149394661151,25.03398669270457,0.0,0.0,0.0,0.0,0.0,0.0,epa_udds,PPO_seed7
1136,0.0,0.0,0.0,0.0,0.4817149394661151,25.033980404037955,0.0,0.0,0.0,0.0,0.0,0.0,epa_udds,PPO_seed7
1137,0.0,0.0,0.0,0.0,0.4817149394661151,25.03397411619729,0.0,0.0,0.0,0.0,0.0,0.0,epa_udds,PPO_seed7
1138,0.0,0.0,0.0,0.0,0.4817149394661151,25.03396782920462,0.0,0.0,0.0,0.0,0.0,0.0,epa_udds,PPO_seed7
1139,0.0,0.0,0.0,0.0,0.4817149394661151,25.03396154308053,0.0,0.0,0.0,0.0,0.0,0.0,epa_udds,PPO_seed7
1140,0.0,0.0,0.0,0.0,0.4817149394661151,25.033955257844244,0.0,0.0,0.0,0.0,0.0,0.0,epa_udds,PPO_seed7
1141,0.0,0.0,0.0,0.0,0.4817149394661151,25.03394897351371,0.0,0.0,0.0,0.0,0.0,0.0,epa_udds,PPO_seed7
1142,0.0,0.0,0.0,0.0,0.4817149394661151,25.033942690105683,0.0,0.0,0.0,0.0,0.0,0.0,epa_udds,PPO_seed7
1143,0.0,0.0,0.0,0.0,0.4817149394661151,25.03393640763581,0.0,0.0,0.0,0.0,0.0,0.0,epa_udds,PPO_seed7
1144,0.0,0.0,0.0,0.0,0.4817149394661151,25.033930126118698,0.0,0.0,0.0,0.0,0.0,0.0,epa_udds,PPO_seed7
1145,0.0,0.0,0.0,0.0,0.4817149394661151,25.033923845567976,0.0,0.0,0.0,0.0,0.0,0.0,epa_udds,PPO_seed7
1146,0.0,0.0,0.0,0.0,0.4817149394661151,25.033917565996372,0.0,0.0,0.0,0.0,0.0,0.0,epa_udds,PPO_seed7
1147,0.0,0.0,0.0,0.0,0.4817149394661151,25.033911287415766,0.0,0.0,0.0,0.0,0.0,0.0,epa_udds,PPO_seed7
1148,0.0,0.0,0.0,0.0,0.4817149394661151,25.033905009837238,0.0,0.0,0.0,0.0,0.0,0.0,epa_udds,PPO_seed7
1149,0.0,0.0,0.0,0.0,0.4817149394661151,25.033898733271133,0.0,0.0,0.0,0.0,0.0,0.0,epa_udds,PPO_seed7
1150,0.0,0.0,0.0,0.0,0.4817149394661151,25.033892457727106,0.0,0.0,0.0,0.0,0.0,0.0,epa_udds,PPO_seed7
1151,0.0,0.0,0.0,0.0,0.4817149394661151,25.03388618321416,0.0,0.0,0.0,0.0,0.0,0.0,epa_udds,PPO_seed7
1152,0.0,0.0,0.0,0.0,0.4817149394661151,25.033879909740698,0.0,0.0,0.0,0.0,0.0,0.0,epa_udds,PPO_seed7
1153,0.0,0.0,0.0,0.0,0.4817149394661151,25.03387363731455,0.0,0.0,0.0,0.0,0.0,0.0,epa_udds,PPO_seed7
1154,0.0,0.0,0.0,0.0,0.4817149394661151,25.033867365943028,0.0,0.0,0.0,0.0,0.0,0.0,epa_udds,PPO_seed7
1155,0.0,0.0,0.0,0.0,0.4817149394661151,25.033861095632947,0.0,0.0,0.0,0.0,0.0,0.0,epa_udds,PPO_seed7
1156,0.0,0.0,0.0,0.0,0.4817149394661151,25.03385482639066,0.0,0.0,0.0,0.0,0.0,0.0,epa_udds,PPO_seed7
1157,0.0,0.0,0.0,0.0,0.4817149394661151,25.03384855822209,0.0,0.0,0.0,0.0,0.0,0.0,epa_udds,PPO_seed7
1158,0.0,0.0,0.0,0.0,0.4817149394661151,25.03384229113276,0.0,0.0,0.0,0.0,0.0,0.0,epa_udds,PPO_seed7
1159,0.0,0.0,0.0,0.0,0.4817149394661151,25.033836025127815,0.0,0.0,0.0,0.0,0.0,0.0,epa_udds,PPO_seed7
1160,0.0,0.0,0.0,0.0,0.4817149394661151,25.033829760212047,0.0,0.0,0.0,0.0,0.0,0.0,epa_udds,PPO_seed7
1161,0.0,0.0,0.0,0.0,0.4817149394661151,25.03382349638992,0.0,0.0,0.0,0.0,0.0,0.0,epa_udds,PPO_seed7
1162,0.3129,-200.06535078413893,0.0,0.0,0.4817136798780091,25.033817271575092,-0.0003760626894438702,0.0,0.0018803134472193507,0.0,0.0,0.0,epa_udds,PPO_seed7
1163,0.6259,-400.39977068256064,0.0,0.0,0.4817111590064132,25.033811162029533,-0.0007526311478995502,0.0,0.0037631557394977506,0.0,0.0,0.0,epa_udds,PPO_seed7
1164,0.9388,-600.6909594180937,0.0,0.0,0.48170737711957207,25.033805244012722,-0.0011291183447708528,0.0,0.005645591723854264,0.0,0.0,0.0,epa_udds,PPO_seed7
1165,1.2517,-801.4026589117963,0.0,0.0,0.4817023315635818,25.03379959456943,-0.0015063959753981134,0.0,0.007531979876990566,0.0,0.0,0.0,epa_udds,PPO_seed7
1166,1.5646,-1002.5452116462787,0.0,0.0,0.48169601961701797,25.033794291450427,-0.0018844834805381181,0.0,0.00942241740269059,0.0,0.0,0.0,epa_udds,PPO_seed7
1167,1.8776,-1204.5829464558608,0.0,0.0,0.48168843563274055,25.033789414232427,-0.002264253658751618,0.0,0.01132126829375809,0.0,0.0,0.0,epa_udds,PPO_seed7
1168,2.1905,-1406.6184724311956,0.0,0.0,0.4816795796112499,25.033785041463926,-0.0026440196850210443,0.0,0.013220098425105221,0.0,0.0,0.0,epa_udds,PPO_seed7
1169,2.7451,-2799.251609068337,0.0,0.0,0.4816619555428169,25.033786222773912,-0.005261751144865295,0.0,0.026308755724326477,0.0,0.0,0.0,epa_udds,PPO_seed7
1170,3.1542,-2506.981703371724,0.0,0.0,0.48164617146056277,25.033785950565438,-0.004712371622879181,0.0,0.023561858114395904,0.0,0.0,0.0,epa_udds,PPO_seed7
1171,3.5359,-2664.9425985040393,0.0,0.0,0.48162939271808997,25.03378646961749,-0.005009290598691804,0.0,0.025046452993459017,0.0,0.0,0.0,epa_udds,PPO_seed7
1172,3.8847,-2734.9080980985436,0.0,0.0,0.4816121733264595,25.03378736848877,-0.005140804695673955,0.0,0.02570402347836977,0.0,0.0,0.0,epa_udds,PPO_seed7
1173,4.1976,-2727.0037021224143,0.0,0.0,0.48159500356297497,25.033788252347126,-0.0051259468085007795,0.0,0.025629734042503894,0.0,0.0,0.0,epa_udds,PPO_seed7
1174,4.4747,-2664.1336992739475,0.0,0.0,0.48157822951021695,25.033788843893173,-0.005007770111417195,0.0,0.025038850557085972,0.0,0.0,0.0,epa_udds,PPO_seed7
1175,4.7188,-2573.4385785964732,0.0,0.0,0.4815620263769359,25.03378901588498,-0.004837290561271567,0.0,0.024186452806357832,0.0,0.0,0.0,epa_udds,PPO_seed7
1176,4.9356,-2488.1271491153657,0.0,0.0,0.4815463602823199,25.033788809887458,-0.004676930731419861,0.0,0.0233846536570993,0.0,0.0,0.0,epa_udds,PPO_seed7
1177,5.1328,-2437.0175125710107,0.0,0.0,0.48153101589374553,25.033788396609207,-0.0045808599860357345,0.0,0.022904299930178673,0.0,0.0,0.0,epa_udds,PPO_seed7
1178,5.3198,-2447.489265418238,0.0,0.0,0.48151560547857053,25.033788063209624,-0.004600543731989169,0.0,0.023002718659945846,0.0,0.0,0.0,epa_udds,PPO_seed7
1179,5.5068,-2540.0554731761836,0.0,0.0,0.48149961213407366,25.033788199732196,-0.004774540363113127,0.0,0.023872701815565636,0.0,0.0,0.0,epa_udds,PPO_seed7
1180,5.7039,-2727.969156161371,0.0,0.0,0.48148243549616787,25.033789309372334,-0.0051277615717319,0.0,0.0256388078586595,0.0,0.0,0.0,epa_udds,PPO_seed7
1181,5.9207,-3021.8366547442806,0.0,0.0,0.481463408399982,25.033792060071303,-0.005680144087865189,0.0,0.028400720439325945,0.0,0.0,0.0,epa_udds,PPO_seed7
1182,6.1648,-3418.876734400459,0.0,0.0,0.48144188116957287,25.033797281730973,-0.006426460027068533,0.0,0.03213230013534266,0.0,0.0,0.0,epa_udds,PPO_seed7
1183,6.4419,-3916.421309681882,0.0,0.0,0.48141722090011246,25.03380602084799,-0.0073616941911313575,0.0,0.036808470955656786,0.0,0.0,0.0,epa_udds,PPO_seed7
1184,6.7549,-4500.285891396241,0.0,0.0,0.48138888396605584,25.033819491302925,-0.008459184006383912,0.0,0.04229592003191956,0.0,0.0,0.0,epa_udds,PPO_seed7
1185,7.1036,-5147.199964722908,0.0,0.0,0.48135647322988023,25.03383897086515,-0.009675187903614489,0.0,0.04837593951807244,0.0,0.0,0.0,epa_udds,PPO_seed7
1186,7.4853,-5832.445716067125,0.0,0.0,0.4813197471570814,25.033865700658964,-0.010963243827193846,0.0,0.05481621913596922,0.0,0.0,0.0,epa_udds,PPO_seed7
1187,7.8944,-6516.792544716309,0.0,0.0,0.48127871120864185,25.03390059069429,-0.012249610046459228,0.0,0.06124805023229614,0.0,0.0,0.0,epa_udds,PPO_seed7
1188,8.3231,-7158.351573863211,0.0,0.0,0.4812336345998669,25.03394398244664,-0.01345554807117145,0.0,0.06727774035585725,0.0,0.0,0.0,epa_udds,PPO_seed7
1189,8.762,-7713.354235596499,0.0,0.0,0.48118506216576534,25.033995423135188,-0.014498786157136276,0.0,0.07249393078568138,0.0,0.0,0.0,epa_udds,PPO_seed7
1190,9.2009,-8142.23111031945,0.0,0.0,0.48113378795409756,25.034053575687683,-0.015304945696089194,0.0,0.07652472848044596,0.0,0.0,0.0,epa_udds,PPO_seed7
1191,9.6295,-8412.768647398278,0.0,0.0,0.48108080893949334,25.03411627837016,-0.015813474901124582,0.0,0.07906737450562291,0.0,0.0,0.0,epa_udds,PPO_seed7
1192,10.0386,-8513.002276167595,0.0,0.0,0.48102719753539136,25.034180926161852,-0.01600188397775864,0.0,0.08000941988879319,0.0,0.0,0.0,epa_udds,PPO_seed7
1193,10.4203,-8440.239443640163,0.0,0.0,0.4809740432138994,25.034244763873822,-0.01586511173616572,0.0,0.07932555868082859,0.0,0.0,0.0,epa_udds,PPO_seed7
1194,10.7691,-8218.260169608373,0.0,0.0,0.48092228578469026,25.034305464821912,-0.015447857461669873,0.0,0.07723928730834936,0.0,0.0,0.0,epa_udds,PPO_seed7
1195,11.082,-7882.574519961858,0.0,0.0,0.4808726414948203,25.034361406389916,-0.014816869398424547,0.0,0.07408434699212273,0.0,0.0,0.0,epa_udds,PPO_seed7
1196,11.3591,-7488.488399043334,0.0,0.0,0.4808254783192309,25.034411952635594,-0.014076106013239349,0.0,0.07038053006619674,0.0,0.0,0.0,epa_udds,PPO_seed7
1197,11.6033,-7093.771294960879,0.0,0.0,0.480780800403003,25.034457363326563,-0.013334156569475336,0.0,0.06667078284737668,0.0,0.0,0.0,epa_udds,PPO_seed7
1198,11.82,-6755.774591157657,0.0,0.0,0.4807382506602151,25.03449862712849,-0.01269882441946928,0.0,0.0634941220973464,0.0,0.0,0.0,epa_udds,PPO_seed7
1199,12.0172,-6537.06373060073,0.0,0.0,0.48069707790868293,25.0345373970442,-0.012287713779324682,0.0,0.061438568896623406,0.0,0.0,0.0,epa_udds,PPO_seed7
1200,12.2042,-6477.5376406796095,0.0,0.0,0.48065627961258034,25.034575674317928,-0.012175822632856409,0.0,0.060879113164282045,0.0,0.0,0.0,epa_udds,PPO_seed7
1201,12.3912,-6610.184869376024,0.0,0.0,0.48061464539829585,25.03461583147197,-0.012425159528902302,0.0,0.0621257976445115,0.0,0.0,0.0,epa_udds,PPO_seed7
1202,12.3425,-2050.185009523025,0.0,0.0,0.48060173217725266,25.034618797404363,-0.003853731220907942,0.0,0.01926865610453971,0.0,0.0,0.0,epa_udds,PPO_seed7
1203,12.3134,-2415.59639175043,0.0,0.0,0.480586517468401,25.034623138871527,-0.004540594721335395,0.0,0.022702973606676974,0.0,0.0,0.0,epa_udds,PPO_seed7
1204,12.3116,-2937.756123568951,0.0,0.0,0.4805680139892681,25.034629999156177,-0.005522097976633367,0.0,0.027610489883166833,0.0,0.0,0.0,epa_udds,PPO_seed7
1205,12.3429,-3586.328200082517,0.0,0.0,0.48054542551373597,25.034640790815082,-0.006741218421207739,0.0,0.03370609210603869,0.0,0.0,0.0,epa_udds,PPO_seed7
1206,12.4099,-4307.018333359123,0.0,0.0,0.4805182977578722,25.034656954634148,-0.008095899122855495,0.0,0.04047949561427747,0.0,0.0,0.0,epa_udds,PPO_seed7
1207,12.5128,-5060.304687815177,0.0,0.0,0.480486425328201,25.034679850245936,-0.009511850916945822,0.0,0.04755925458472911,0.0,0.0,0.0,epa_udds,PPO_seed7
1208,12.6487,-5789.90759321888,0.0,0.0,0.4804499572725537,25.034710357669198,-0.010883284949659549,0.0,0.05441642474829774,0.0,0.0,0.0,epa_udds,PPO_seed7
1209,12.8119,-6439.8844865150495,0.0,0.0,0.48040939497261853,25.0347485703998,-0.012105046027283928,0.0,0.06052523013641964,0.0,0.0,0.0,epa_udds,PPO_seed7
1210,12.9947,-6963.882929309595,0.0,0.0,0.4803655317668396,25.034793667189042,-0.013090005506221046,0.0,0.06545002753110522,0.0,0.0,0.0,epa_udds,PPO_seed7
1211,13.1877,-7315.605152113198,0.0,0.0,0.4803194526384451,25.034843796858794,-0.013751137503972178,0.0,0.06875568751986089,0.0,0.0,0.0,epa_udds,PPO_seed7
1212,13.3807,-7462.871838665067,0.0,0.0,0.4802724453207902,25.03489629222992,-0.014027954583956892,0.0,0.07013977291978446,0.0,0.0,0.0,epa_udds,PPO_seed7
1213,13.5635,-7388.763420411624,0.0,0.0,0.4802259042027,25.034948058334898,-0.013888653045886512,0.0,0.06944326522943256,0.0,0.0,0.0,epa_udds,PPO_seed7
1214,13.7267,-7094.978170646517,0.0,0.0,0.48018121306408607,25.034996094084285,-0.013336425132794205,0.0,0.06668212566397103,0.0,0.0,0.0,epa_udds,PPO_seed7
1215,13.8625,-6604.752310804096,0.0,0.0,0.4801396093970414,25.035038032620527,-0.012414947952639279,0.0,0.06207473976319639,0.0,0.0,0.0,epa_udds,PPO_seed7
1216,13.9654,-5962.492966368812,0.0,0.0,0.4801020510203158,25.035072533434146,-0.011207693545806037,0.0,0.056038467729030185,0.0,0.0,0.0,epa_udds,PPO_seed7
1217,14.0325,-5225.134011774746,0.0,0.0,0.48006913713449856,25.03509935566595,-0.009821680473260801,0.0,0.049108402366304,0.0,0.0,0.0,epa_udds,PPO_seed7
1218,14.0637,-4458.595959837486,0.0,0.0,0.48004105168008276,25.035119200707562,-0.008380819473378733,0.0,0.04190409736689366,0.0,0.0,0.0,epa_udds,PPO_seed7
1219,14.062,-3738.0011273401365,0.0,0.0,0.48001750535204485,25.035133422873578,-0.0070263179085340915,0.0,0.035131589542670455,0.0,0.0,0.0,epa_udds,PPO_seed7
1220,14.0329,-3125.4297403974406,0.0,0.0,0.479997817748922,25.035143560306917,-0.005874867933077896,0.0,0.02937433966538948,0.0,0.0,0.0,epa_udds,PPO_seed7
1221,13.9842,-2677.04010075827,0.0,0.0,0.47998095468680646,25.035151071996708,-0.0050320302645832145,0.0,0.02516015132291607,0.0,0.0,0.0,epa_udds,PPO_seed7
1222,13.9253,-2431.403199268881,0.0,0.0,0.47996563900295147,25.035157195452665,-0.00457030676554301,0.0,0.022851533827715046,0.0,0.0,0.0,epa_udds,PPO_seed7
1223,13.8664,-2407.818782923716,0.0,0.0,0.47995047196521906,25.035162996313183,-0.004525975155871646,0.0,0.02262987577935823,0.0,0.0,0.0,epa_udds,PPO_seed7
1224,13.8177,-2607.6871962050623,0.0,0.0,0.47993404603091233,25.03516954106855,-0.004901667662039592,0.0,0.024508338310197955,0.0,0.0,0.0,epa_udds,PPO_seed7
1225,13.7886,-3016.1038660382874,0.0,0.0,0.4799150475493458,25.03517808651993,-0.005669368169244901,0.0,0.028346840846224505,0.0,0.0,0.0,epa_udds,PPO_seed7
1226,13.7869,-3602.9816163362884,0.0,0.0,0.47989235238388966,25.0351901859632,-0.006772521835218587,0.0,0.033862609176092934,0.0,0.0,0.0,epa_udds,PPO_seed7
1227,13.8181,-4325.288485033933,0.0,0.0,0.4798651074323096,25.03520764815252,-0.00813024151322168,0.0,0.0406512075661084,0.0,0.0,0.0,epa_udds,PPO_seed7
1228,13.8851,-5134.607872214439,0.0,0.0,0.47983276452768764,25.035232374740627,-0.00965151855679406,0.0,0.04825759278397029,0.0,0.0,0.0,epa_udds,PPO_seed7
1229,13.988,-5977.320020863464,0.0,0.0,0.47979511320459794,25.035266063643647,-0.011235563948991474,0.0,0.05617781974495737,0.0,0.0,0.0,epa_udds,PPO_seed7
1230,14.1239,-6792.037117934089,0.0,0.0,0.47975232963519926,25.03530978090546,-0.012766987063785882,0.0,0.0638349353189294,0.0,0.0,0.0,epa_udds,PPO_seed7
1231,14.2871,-7516.060419889346,0.0,0.0,0.47970498490879043,25.035363563110735,-0.014127933120092757,0.0,0.07063966560046378,0.0,0.0,0.0,epa_udds,PPO_seed7
1232,14.4699,-8097.968738886456,0.0,0.0,0.47965397402919574,25.035426273477363,-0.015221745749786573,0.0,0.07610872874893286,0.0,0.0,0.0,epa_udds,PPO_seed7
1233,14.6629,-8486.939846014651,0.0,0.0,0.4796005121836117,25.03549547160346,-0.01595289444739596,0.0,0.0797644722369798,0.0,0.0,0.0,epa_udds,PPO_seed7
1234,14.8559,-8648.242099719415,0.0,0.0,0.4795460334260612,25.03556770048064,-0.016256094172404915,0.0,0.08128047086202457,0.0,0.0,0.0,epa_udds,PPO_seed7
1235,15.0387,-8564.19911013547,0.0,0.0,0.47949208326906717,25.035638982539453,-0.016098118628074195,0.0,0.08049059314037096,0.0,0.0,0.0,epa_udds,PPO_seed7
1236,15.2019,-8237.610544064799,0.0,0.0,0.4794401897036409,25.035705473102688,-0.015484230345986463,0.0,0.07742115172993232,0.0,0.0,0.0,epa_udds,PPO_seed7
1237,15.3378,-7697.207286861795,0.0,0.0,0.4793916998275557,25.03576416727247,-0.014468434749740217,0.0,0.07234217374870108,0.0,0.0,0.0,epa_udds,PPO_seed7
1238,15.4407,-6984.879342878967,0.0,0.0,0.4793476969099275,25.035813243740897,-0.013129472449020615,0.0,0.06564736224510308,0.0,0.0,0.0,epa_udds,PPO_seed7
1239,15.5077,-6168.011116752446,0.0,0.0,0.47930883973780697,25.035852340012674,-0.01159400585855723,0.0,0.05797002929278614,0.0,0.0,0.0,epa_udds,PPO_seed7
1240,15.5389,-5323.896223228598,0.0,0.0,0.4792753001449539,25.03588234158144,-0.010007323727873304,0.0,0.050036618639366516,0.0,0.0,0.0,epa_udds,PPO_seed7
1241,15.5372,-4527.673438296385,0.0,0.0,0.4792467765576693,25.035904903108793,-0.008510664357699973,0.0,0.04255332178849986,0.0,0.0,0.0,epa_udds,PPO_seed7
1242,15.2287,2098.60769881863,0.0,0.0,0.4792599974250117,25.03591210293109,0.11357727982027442,0.0,0.019723756567844267,0.0839443079527452,0.0,0.0,epa_udds,PPO_seed7
1243,14.9006,2442.6353547628214,0.0,0.0,0.4792753852405698,25.035919901972107,0.13219616002693826,0.0,0.022957099198898698,0.09770541419051286,0.0,0.0,epa_udds,PPO_seed7
1244,14.5623,2614.773988246352,0.0,0.0,0.4792918570743552,25.035927675167844,0.1415123546420845,0.0,0.02457494349855594,0.10459095952985407,0.0,0.0,epa_udds,PPO_seed7
1245,14.224,2612.469410908532,0.0,0.0,0.4793083139940638,25.035934636807646,0.14138763022345574,0.0,0.024553283937110263,0.10449877643634128,0.0,0.0,epa_udds,PPO_seed7
1246,13.896,2445.995327034783,0.0,0.0,0.4793237218723655,25.035940067096515,0.13237800273681477,0.0,0.022988677885665252,0.09783981308139131,0.0,0.0,epa_udds,PPO_seed7
1247,13.5874,2145.0665991226006,0.0,0.0,0.4793372338355651,25.035943532563692,0.11609164947732689,0.0,0.020160400367693614,0.08580266396490402,0.0,0.0,epa_udds,PPO_seed7
1248,13.3063,1733.2940843387405,0.0,0.0,0.47934815178669454,25.03594491160649,0.09380639713586658,0.0,0.016290357935514477,0.06933176337354963,0.0,0.0,epa_udds,PPO_seed7
1249,13.0581,1255.847865986689,0.0,0.0,0.4793560621794346,25.035944448266218,0.06796686420580592,0.0,0.011803081447243317,0.05023391463946756,0.0,0.0,epa_udds,PPO_seed7
1250,12.8458,748.7302967377262,0.0,0.0,0.47936077824158957,25.03594261035997,0.040521508841489876,0.0,0.007036938879113969,0.029949211869509048,0.0,0.0,epa_udds,PPO_seed7
1251,12.6693,254.52554851343044,0.0,0.0,0.47936238141161924,25.035939962968815,0.013774999234584001,0.0,0.0023921574108405116,0.010181021940537218,0.0,0.0,epa_udds,PPO_seed7
1252,12.5257,0.0,264.98214865958334,0.0,0.47936238141161924,25.035936976679626,-0.0037356505920054044,0.002490433728003603,0.0,0.0,0.0,0.0,epa_udds,PPO_seed7
1253,12.4095,-770.3755855769464,0.0,0.0,0.4793575291822191,25.03593431296919,-0.0014480744089792226,0.0,0.007240372044896113,0.0,0.0,0.0,epa_udds,PPO_seed7
1254,12.3129,-1122.5549661499094,0.0,0.0,0.47935045879299987,25.035932111389716,-0.0021100657258456947,0.0,0.010550328629228473,0.0,0.0,0.0,epa_udds,PPO_seed7
1255,12.2265,-1293.4821551247785,0.0,0.0,0.47934231186870785,25.035930165618748,-0.0024313574344450722,0.0,0.012156787172225361,0.0,0.0,0.0,epa_udds,PPO_seed7
1256,12.1401,-1269.3655477745206,0.0,0.0,0.4793343168805548,25.035928044516226,-0.0023860254657415802,0.0,0.0119301273287079,0.0,0.0,0.0,epa_udds,PPO_seed7
1257,12.0435,-1051.6887932995317,0.0,0.0,0.4793276929421802,25.035925332214713,-0.001976858634021676,0.0,0.00988429317010838,0.0,0.0,0.0,epa_udds,PPO_seed7
1258,11.9274,-660.3022314256696,0.0,0.0,0.4793235341284589,25.03592186413653,-0.001241169607942988,0.0,0.00620584803971494,0.0,0.0,0.0,epa_udds,PPO_seed7
1259,11.7838,0.0,124.7573382945547,0.0,0.4793235341284589,25.035917843735298,-0.0017587970624232336,0.0011725313749488223,0.0,0.0,0.0,0.0,epa_udds,PPO_seed7
1260,11.6073,359.4433499512747,0.0,0.0,0.4793257979936951,25.03591377400912,0.019453182202626127,0.0,0.003378226973226266,0.014377733998050988,0.0,0.0,epa_udds,PPO_seed7
1261,11.395,833.2395535427968,0.0,0.0,0.47933104589710523,25.035910058020484,0.04509517523609813,0.0,0.00783119881149245,0.033329582141711875,0.0,0.0,epa_udds,PPO_seed7
1262,11.1468,1289.5920434283626,0.0,0.0,0.47933916790784015,25.035907064082313,0.06979310923757408,0.0,0.012120225972071077,0.051583681737134505,0.0,0.0,epa_udds,PPO_seed7
1263,10.8656,1687.0271044555657,0.0,0.0,0.4793497928848016,25.035904985432197,0.09130241426970798,0.0,0.015855517899018474,0.06748108417822263,0.0,0.0,epa_udds,PPO_seed7
1264,10.5571,1991.3579409649333,0.0,0.0,0.47936233438699144,25.03590375849601,0.10777289066966608,0.0,0.018715770121850876,0.07965431763859733,0.0,0.0,epa_udds,PPO_seed7
1265,10.229,2183.4477605229417,0.0,0.0,0.4793760854745345,25.035903086442307,0.1181688494755198,0.0,0.02052112556882464,0.08733791042091767,0.0,0.0,epa_udds,PPO_seed7
1266,9.8908,2251.535548781689,0.0,0.0,0.47939026517189615,25.035902506474336,0.12185378105361352,0.0,0.021161048390805348,0.09006142195126757,0.0,0.0,epa_udds,PPO_seed7
1267,9.5525,2202.103716754545,0.0,0.0,0.4794041333664275,25.03590154060708,0.11917851543758806,0.0,0.02069646350333219,0.0880841486701818,0.0,0.0,epa_udds,PPO_seed7
1268,9.2244,2045.063939147106,0.0,0.0,0.47941701240105633,25.035899786001934,0.11067947544346517,0.0,0.01922052574386378,0.08180255756588424,0.0,0.0,epa_udds,PPO_seed7
1269,8.9159,1801.9977481661035,0.0,0.0,0.4794283605583499,25.035897011094306,0.09752466008495948,0.0,0.0169360690617115,0.07207990992664413,0.0,0.0,epa_udds,PPO_seed7
1270,8.6347,1499.1281780235088,0.0,0.0,0.4794378012777057,25.035893177125338,0.08113326786024973,0.0,0.014089550545333729,0.05996512712094035,0.0,0.0,epa_udds,PPO_seed7
1271,8.3866,1160.0876974876755,0.0,0.0,0.47944510682854047,25.03588839837412,0.06278429508658863,0.0,0.010903079863605973,0.04640350789950702,0.0,0.0,epa_udds,PPO_seed7
1272,8.1742,816.0005147752158,0.0,0.0,0.479450245478661,25.03588290387243,0.04416219327332334,0.0,0.0076691777704437575,0.03264002059100864,0.0,0.0,epa_udds,PPO_seed7
1273,7.9977,486.4406146659856,0.0,0.0,0.47945330875055603,25.035876947398975,0.026326312363652363,0.0,0.00457181028821415,0.019457624586639424,0.0,0.0,epa_udds,PPO_seed7
1274,7.8542,194.95896783689403,0.0,0.0,0.47945453646291397,25.035870760876975,0.010551237973608745,0.0,0.001832321126286598,0.007798358713475761,0.0,0.0,epa_udds,PPO_seed7
1275,7.738,0.0,53.621732048543265,0.0,0.47945453646291397,25.03586450706547,-0.0007559454706091626,0.0005039636470727751,0.0,0.0,0.0,0.0,epa_udds,PPO_seed7
1276,7.6414,0.0,279.278061697566,0.0,0.47945453646291397,25.03585822891608,-0.003937190719420574,0.002624793812947049,0.0,0.0,0.0,0.0,epa_udds,PPO_seed7
1277,7.555,0.0,390.1805769341273,0.0,0.47945453646291397,25.03585192810472,-0.005500666028206682,0.0036671106854711216,0.0,0.0,0.0,0.0,epa_udds,PPO_seed7
1278,7.4686,0.0,380.0378259737515,0.0,0.47945453646291397,25.035845606197416,-0.005357676118051008,0.003571784078700672,0.0,0.0,0.0,0.0,epa_udds,PPO_seed7
1279,7.372,0.0,251.96058404463753,0.0,0.47945453646291397,25.035839264657525,-0.0035520759028849274,0.002368050601923285,0.0,0.0,0.0,0.0,epa_udds,PPO_seed7
1280,7.2558,0.0,19.541162004439492,0.0,0.47945453646291397,25.035832904852455,-0.00027548630645356426,0.00018365753763570952,0.0,0.0,0.0,0.0,epa_udds,PPO_seed7
1281,7.1122,210.65891234808143,0.0,0.0,0.4794558630125717,25.03582657010724,0.011400923692342031,0.0,0.001979876995752645,0.008426356493923258,0.0,0.0,epa_udds,PPO_seed7
1282,6.9804,119.97209670611969,0.0,0.0,0.4794566184916311,25.035820187091012,0.006492925955568793,0.0,0.0011275572998695458,0.004798883868244787,0.0,0.0,epa_udds,PPO_seed7
1283,6.8128,396.90210990285897,0.0,0.0,0.4794591178255499,25.0358139230624,0.021480461556998336,0.0,0.003730282987808825,0.01587608439611436,0.0,0.0,epa_udds,PPO_seed7
1284,6.6093,658.4095030908212,0.0,0.0,0.47946326388269733,25.035807900221283,0.03563332032517091,0.0,0.006188059239575387,0.026336380123632847,0.0,0.0,epa_udds,PPO_seed7
1285,6.3729,877.9397596548844,0.0,0.0,0.47946879231362055,25.035802174034853,0.04751436383455531,0.0,0.008251313530591019,0.03511759038619537,0.0,0.0,epa_udds,PPO_seed7
1286,6.1091,1037.560990865895,0.0,0.0,0.47947532585301683,25.035796713488608,0.05615311287408054,0.0,0.009751513072047887,0.041502439634635804,0.0,0.0,epa_udds,PPO_seed7
1287,5.8257,1125.627585309631,0.0,0.0,0.479482413909118,25.035791409791162,0.06091930345156935,0.0,0.010579206628849916,0.04502510341238524,0.0,0.0,epa_udds,PPO_seed7
1288,5.5321,1139.880483209116,0.0,0.0,0.47948959167386135,25.035786114830447,0.06169067457247531,0.0,0.010713162436175901,0.04559521932836464,0.0,0.0,epa_udds,PPO_seed7
1289,5.2385,1086.3734583027006,0.0,0.0,0.479496432469064,25.035780687942296,0.05879485829220179,0.0,0.010210276863747186,0.04345493833210802,0.0,0.0,epa_udds,PPO_seed7
1290,4.9552,976.4960418828238,0.0,0.0,0.4795025813435327,25.03577503055091,0.05284825946971853,0.0,0.009177594378597968,0.03905984167531295,0.0,0.0,epa_udds,PPO_seed7
1291,4.6913,827.5965496121808,0.0,0.0,0.47950779259158405,25.035769106301238,0.04478977416622915,0.0,0.007778163060264857,0.03310386198448723,0.0,0.0,epa_udds,PPO_seed7
1292,4.4549,652.7458228863779,0.0,0.0,0.47951190281472006,25.035762927616382,0.035326800249143975,0.0,0.006134829162465958,0.026109832915455117,0.0,0.0,epa_udds,PPO_seed7
1293,4.2514,469.45060149443634,0.0,0.0,0.4795148588508725,25.035756547579982,0.02540680774102972,0.0,0.004412129713293574,0.018778024059777455,0.0,0.0,epa_udds,PPO_seed7
1294,4.0838,289.14922102343536,0.0,0.0,0.47951667956068794,25.035750033714585,0.015648842803960058,0.0,0.0027175678667616106,0.011565968840937415,0.0,0.0,epa_udds,PPO_seed7
1295,3.952,123.12374480293954,0.0,0.0,0.4795174548426799,25.03574345251529,0.006663494098432771,0.0,0.0011571780526592062,0.004924949792117581,0.0,0.0,epa_udds,PPO_seed7
1296,3.8531,0.0,28.72453455804527,0.0,0.4795174548426799,25.035736855814285,-0.0004049511450852247,0.00026996743005681646,0.0,0.0,0.0,0.0,epa_udds,PPO_seed7
1297,3.7817,0.0,188.75702379787782,0.0,0.4795174548426799,25.035730258862717,-0.002661048267827225,0.0017740321785514833,0.0,0.0,0.0,0.0,epa_udds,PPO_seed7
1298,3.7298,0.0,298.45177843324547,0.0,0.4795174548426799,25.035723661757146,-0.004207496876408536,0.0028049979176056903,0.0,0.0,0.0,0.0,epa_udds,PPO_seed7
1299,3.6881,0.0,352.96439701435304,0.0,0.4795174548426799,25.03571706458778,-0.004976001837608361,0.003317334558405574,0.0,0.0,0.0,0.0,epa_udds,PPO_seed7
1300,3.6464,0.0,348.32006947076354,0.0,0.4795174548426799,25.0357104674389,-0.004910527295170539,0.003273684863447026,0.0,0.0,0.0,0.0,epa_udds,PPO_seed7
1301,3.5945,0.0,285.5380953384329,0.0,0.4795174548426799,25.03570387038925,-0.004025443073380163,0.0026836287155867756,0.0,0.0,0.0,0.0,epa_udds,PPO_seed7
1302,3.523,0.0,171.39541776894592,0.0,0.4795174548426799,25.035697273512394,-0.0024162887843366433,0.0016108591895577624,0.0,0.0,0.0,0.0,epa_udds,PPO_seed7
1303,3.4242,0.0,19.7972105899973,0.0,0.4795174548426799,25.035690676877064,-0.00027909601395672884,0.0001860640093044859,0.0,0.0,0.0,0.0,epa_udds,PPO_seed7
1304,3.2924,109.21139552025113,0.0,0.0,0.47951814251702735,25.035684091846893,0.005910553571088478,0.0,0.001026422890227924,0.004368455820810045,0.0,0.0,epa_udds,PPO_seed7
1305,3.1247,230.705261026465,0.0,0.0,0.47951959520364945,25.03567754583465,0.012485838111793195,0.0,0.00216828252844422,0.0092282104410586,0.0,0.0,epa_udds,PPO_seed7
1306,2.9212,334.3250298906362,0.0,0.0,0.47952170035212716,25.035671054802666,0.0180937711665624,0.0,0.0031421525365661297,0.013373001195625447,0.0,0.0,epa_udds,PPO_seed7
1307,2.6848,407.7001782378844,0.0,0.0,0.47952426751844046,25.035664614664984,0.022064856262829263,0.0,0.0038317685924613197,0.016308007129515377,0.0,0.0,epa_udds,PPO_seed7
1308,2.1793,990.0217692487518,0.0,0.0,0.4795305013781416,25.035658944930073,0.05358027590265049,0.0,0.009304715876398043,0.03960087076995007,0.0,0.0,epa_udds,PPO_seed7
1309,2.0117,153.15602745316332,0.0,0.0,0.47953146575036665,25.03565236690323,0.008288850267728342,0.0,0.0014394363482440162,0.006126241098126533,0.0,0.0,epa_udds,PPO_seed7
1310,1.844,141.09814505970573,0.0,0.0,0.4795323541974005,25.035645786196046,0.007636274046163623,0.0,0.00132611038589949,0.005643925802388229,0.0,0.0,epa_udds,PPO_seed7
1311,1.6764,128.50336135525308,0.0,0.0,0.47953316333874313,25.035639203039917,0.006954640564173771,0.0,0.0012077383586020026,0.005140134454210123,0.0,0.0,epa_udds,PPO_seed7
1312,1.5088,115.99590567626652,0.0,0.0,0.47953389372443994,25.035632617830345,0.006277733301186213,0.0,0.0010901870834235574,0.004639836227050661,0.0,0.0,epa_udds,PPO_seed7
1313,1.3411,103.52381402996387,0.0,0.0,0.47953454557731867,25.03562603093532,0.0056027399502833084,0.0,0.0009729681769733447,0.004140952561198555,0.0,0.0,epa_udds,PPO_seed7
1314,1.1735,90.66345331830564,0.0,0.0,0.47953511645272356,25.03561944263774,0.004906733360790706,0.0,0.0008521001251720455,0.0036265381327322257,0.0,0.0,epa_udds,PPO_seed7
1315,1.0058,77.97484805454536,0.0,0.0,0.47953560743226015,25.0356128533235,0.004220022227794116,0.0,0.0007328463163021181,0.0031189939221818144,0.0,0.0,epa_udds,PPO_seed7
1316,0.8382,64.99703616940667,0.0,0.0,0.4795360166950053,25.03560626330154,0.0035176591454690914,0.0,0.0006108744000884085,0.0025998814467762667,0.0,0.0,epa_udds,PPO_seed7
1317,0.6706,52.07227389700145,0.0,0.0,0.4795363445750858,25.03559967292983,0.0028181671241399734,0.0,0.00048940107046054,0.0020828909558800583,0.0,0.0,epa_udds,PPO_seed7
1318,0.5029,39.148401606818155,0.0,0.0,0.4795365910781832,25.035593082553095,0.002118723268916369,0.0,0.0003679361053272383,0.0015659360642727262,0.0,0.0,epa_udds,PPO_seed7
1319,0.3353,26.083848237125192,0.0,0.0,0.4795367553185439,25.03558649250444,0.0014116657113596026,0.0,0.0002451489495970413,0.0010433539294850077,0.0,0.0,epa_udds,PPO_seed7
1320,0.1676,13.06276900778934,0.0,0.0,0.47953683756995846,25.03557990312833,0.0007069609873538922,0.0,0.00012277038541155395,0.0005225107603115736,0.0,0.0,epa_udds,PPO_seed7
1321,0.0,0.0,0.0,0.0,0.47953683756995846,25.03557331476292,0.0,0.0,0.0,0.0,0.0,0.0,epa_udds,PPO_seed7
1322,0.0,0.0,0.0,0.0,0.47953683756995846,25.03556672758444,0.0,0.0,0.0,0.0,0.0,0.0,epa_udds,PPO_seed7
1323,0.0,0.0,0.0,0.0,0.47953683756995846,25.035560141594836,0.0,0.0,0.0,0.0,0.0,0.0,epa_udds,PPO_seed7
1324,0.0,0.0,0.0,0.0,0.47953683756995846,25.03555355679592,0.0,0.0,0.0,0.0,0.0,0.0,epa_udds,PPO_seed7
1325,0.0,0.0,0.0,0.0,0.47953683756995846,25.035546973189373,0.0,0.0,0.0,0.0,0.0,0.0,epa_udds,PPO_seed7
1326,0.0,0.0,0.0,0.0,0.47953683756995846,25.03554039077674,0.0,0.0,0.0,0.0,0.0,0.0,epa_udds,PPO_seed7
1327,0.0,0.0,0.0,0.0,0.47953683756995846,25.035533809559464,0.0,0.0,0.0,0.0,0.0,0.0,epa_udds,PPO_seed7
1328,0.0,0.0,0.0,0.0,0.47953683756995846,25.035527229538868,0.0,0.0,0.0,0.0,0.0,0.0,epa_udds,PPO_seed7
1329,0.0,0.0,0.0,0.0,0.47953683756995846,25.035520650716176,0.0,0.0,0.0,0.0,0.0,0.0,epa_udds,PPO_seed7
1330,0.0,0.0,0.0,0.0,0.47953683756995846,25.035514073092518,0.0,0.0,0.0,0.0,0.0,0.0,epa_udds,PPO_seed7
1331,0.0,0.0,0.0,0.0,0.47953683756995846,25.035507496668934,0.0,0.0,0.0,0.0,0.0,0.0,epa_udds,PPO_seed7
1332,0.0,0.0,0.0,0.0,0.47953683756995846,25.035500921446385,0.0,0.0,0.0,0.0,0.0,0.0,epa_udds,PPO_seed7
1333,0.0,0.0,0.0,0.0,0.47953683756995846,25.03549434742575,0.0,0.0,0.0,0.0,0.0,0.0,epa_udds,PPO_seed7
1334,0.0,0.0,0.0,0.0,0.47953683756995846,25.035487774607837,0.0,0.0,0.0,0.0,0.0,0.0,epa_udds,PPO_seed7
1335,0.0,0.0,0.0,0.0,0.47953683756995846,25.035481202993385,0.0,0.0,0.0,0.0,0.0,0.0,epa_udds,PPO_seed7
1336,0.0,0.0,0.0,0.0,0.47953683756995846,25.03547463258307,0.0,0.0,0.0,0.0,0.0,0.0,epa_udds,PPO_seed7
1337,0.0,0.0,0.0,0.0,0.47953683756995846,25.035468063377515,0.0,0.0,0.0,0.0,0.0,0.0,epa_udds,PPO_seed7
1338,0.0,0.0,0.0,0.0,0.47953683756995846,25.035461495377277,0.0,0.0,0.0,0.0,0.0,0.0,epa_udds,PPO_seed7
1339,0.0,0.0,0.0,0.0,0.47953683756995846,25.035454928582872,0.0,0.0,0.0,0.0,0.0,0.0,epa_udds,PPO_seed7
1340,0.0,0.0,0.0,0.0,0.47953683756995846,25.03544836299476,0.0,0.0,0.0,0.0,0.0,0.0,epa_udds,PPO_seed7
1341,0.0,0.0,0.0,0.0,0.47953683756995846,25.03544179861336,0.0,0.0,0.0,0.0,0.0,0.0,epa_udds,PPO_seed7
1342,0.0,0.0,0.0,0.0,0.47953683756995846,25.035435235439046,0.0,0.0,0.0,0.0,0.0,0.0,epa_udds,PPO_seed7
1343,0.0,0.0,0.0,0.0,0.47953683756995846,25.035428673472154,0.0,0.0,0.0,0.0,0.0,0.0,epa_udds,PPO_seed7
1344,0.0,0.0,0.0,0.0,0.47953683756995846,25.035422112712986,0.0,0.0,0.0,0.0,0.0,0.0,epa_udds,PPO_seed7
1345,0.0,0.0,0.0,0.0,0.47953683756995846,25.035415553161805,0.0,0.0,0.0,0.0,0.0,0.0,epa_udds,PPO_seed7
1346,0.0,0.0,0.0,0.0,0.47953683756995846,25.035408994818845,0.0,0.0,0.0,0.0,0.0,0.0,epa_udds,PPO_seed7
1347,0.0,0.0,0.0,0.0,0.47953683756995846,25.035402437684308,0.0,0.0,0.0,0.0,0.0,0.0,epa_udds,PPO_seed7
1348,0.0,0.0,0.0,0.0,0.47953683756995846,25.03539588175837,0.0,0.0,0.0,0.0,0.0,0.0,epa_udds,PPO_seed7
1349,0.0,0.0,0.0,0.0,0.47953683756995846,25.035389327041177,0.0,0.0,0.0,0.0,0.0,0.0,epa_udds,PPO_seed7
1350,0.0,0.0,0.0,0.0,0.47953683756995846,25.03538277353286,0.0,0.0,0.0,0.0,0.0,0.0,epa_udds,PPO_seed7
1351,0.0,0.0,0.0,0.0,0.47953683756995846,25.035376221233513,0.0,0.0,0.0,0.0,0.0,0.0,epa_udds,PPO_seed7
1352,0.0,0.0,0.0,0.0,0.47953683756995846,25.035369670143222,0.0,0.0,0.0,0.0,0.0,0.0,epa_udds,PPO_seed7
1353,0.0,0.0,0.0,0.0,0.47953683756995846,25.035363120262044,0.0,0.0,0.0,0.0,0.0,0.0,epa_udds,PPO_seed7
1354,0.0,0.0,0.0,0.0,0.47953683756995846,25.03535657159002,0.0,0.0,0.0,0.0,0.0,0.0,epa_udds,PPO_seed7
1355,0.0,0.0,0.0,0.0,0.47953683756995846,25.03535002412718,0.0,0.0,0.0,0.0,0.0,0.0,epa_udds,PPO_seed7
1356,0.0,0.0,0.0,0.0,0.47953683756995846,25.03534347787353,0.0,0.0,0.0,0.0,0.0,0.0,epa_udds,PPO_seed7
1357,0.0,0.0,0.0,0.0,0.47953683756995846,25.035336932829058,0.0,0.0,0.0,0.0,0.0,0.0,epa_udds,PPO_seed7
1358,0.0,0.0,0.0,0.0,0.47953683756995846,25.035330388993746,0.0,0.0,0.0,0.0,0.0,0.0,epa_udds,PPO_seed7
1359,0.0,0.0,0.0,0.0,0.47953683756995846,25.035323846367557,0.0,0.0,0.0,0.0,0.0,0.0,epa_udds,PPO_seed7
1360,0.0,0.0,0.0,0.0,0.47953683756995846,25.035317304950446,0.0,0.0,0.0,0.0,0.0,0.0,epa_udds,PPO_seed7
1361,0.0,0.0,0.0,0.0,0.47953683756995846,25.035310764742356,0.0,0.0,0.0,0.0,0.0,0.0,epa_udds,PPO_seed7
1362,0.0,0.0,0.0,0.0,0.47953683756995846,25.035304225743214,0.0,0.0,0.0,0.0,0.0,0.0,epa_udds,PPO_seed7
1363,0.0,0.0,0.0,0.0,0.47953683756995846,25.03529768795294,0.0,0.0,0.0,0.0,0.0,0.0,epa_udds,PPO_seed7
1364,0.0,0.0,0.0,0.0,0.47953683756995846,25.03529115137145,0.0,0.0,0.0,0.0,0.0,0.0,epa_udds,PPO_seed7
1365,0.0,0.0,0.0,0.0,0.47953683756995846,25.03528461599864,0.0,0.0,0.0,0.0,0.0,0.0,epa_udds,PPO_seed7
1366,0.0,0.0,0.0,0.0,0.47953683756995846,25.03527808183441,0.0,0.0,0.0,0.0,0.0,0.0,epa_udds,PPO_seed7
1367,0.0,0.0,0.0,0.0,0.47953683756995846,25.03527154887864,0.0,0.0,0.0,0.0,0.0,0.0,epa_udds,PPO_seed7
1368,0.0,0.0,0.0,0.0,0.47953683756995846,25.035265017131213,0.0,0.0,0.0,0.0,0.0,0.0,epa_udds,PPO_seed7
1369,0.0,0.0,0.0,0.0,0.47953683756995846,25.035258486592,0.0,0.0,0.0,0.0,0.0,0.0,epa_udds,PPO_seed7
1370,0.0,0.0,0.0,0.0,0.47953683756995846,25.035251957260865,0.0,0.0,0.0,0.0,0.0,0.0,epa_udds,PPO_seed7
1371,0.0,0.0,0.0,0.0,0.47953683756995846,25.03524542913767,0.0,0.0,0.0,0.0,0.0,0.0,epa_udds,PPO_seed7
1,0.0,0.0,0.0,0.0,0.5,25.0,0.0,0.0,0.0,0.0,0.0,0.0,epa_hwfet,PPO_seed7
2,1.3113,-2876.215333244662,0.0,0.0,0.4999819099127436,25.000007819378187,-0.005406419799332072,0.0,0.027032098996660356,0.0,0.0,0.0,epa_hwfet,PPO_seed7
3,3.0754,-8925.726037109984,0.0,0.0,0.49992577059190935,25.0000831263655,-0.01677768052088343,0.0,0.08388840260441714,0.0,0.0,0.0,epa_hwfet,PPO_seed7
4,4.3685,-9502.672219679598,0.0,0.0,0.4998660006710746,25.0001685242464,-0.01786216582646541,0.0,0.08931082913232705,0.0,0.0,0.0,epa_hwfet,PPO_seed7
5,5.6312,-12024.7573802557,0.0,0.0,0.49979036493202755,25.00030535299315,-0.02260292740649568,0.0,0.11301463703247838,0.0,0.0,0.0,epa_hwfet,PPO_seed7
6,6.8781,-14581.179199799011,0.0,0.0,0.4996986456655807,25.000506702958727,-0.027408231578569572,0.0,0.13704115789284785,0.0,0.0,0.0,epa_hwfet,PPO_seed7
7,8.1248,-17310.630732175046,0.0,0.0,0.4995897523165804,25.00079074485726,-0.0325387795717576,0.0,0.16269389785878802,0.0,0.0,0.0,epa_hwfet,PPO_seed7
8,9.3853,-20319.092353151867,0.0,0.0,0.49946192701926456,25.00118246980835,-0.03819378261870652,0.0,0.1909689130935326,0.0,0.0,0.0,epa_hwfet,PPO_seed7
9,10.6706,-23674.58033093917,0.0,0.0,0.4993129831376766,25.001714778877332,-0.04450109084763002,0.0,0.2225054542381501,0.0,0.0,0.0,epa_hwfet,PPO_seed7
10,11.9862,-27367.76600649664,0.0,0.0,0.49914079158711355,25.0024268395064,-0.05144316918514406,0.0,0.2572158459257203,0.0,0.0,0.0,epa_hwfet,PPO_seed7
11,13.3321,-31335.412165774673,0.0,0.0,0.4989436198616936,25.003361325016996,-0.05890115068754638,0.0,0.2945057534377319,0.0,0.0,0.0,epa_hwfet,PPO_seed7
12,14.7022,-35440.01044487642,0.0,0.0,0.4987205994000263,25.004558067144092,-0.06661656098660981,0.0,0.33308280493304904,0.0,0.0,0.0,epa_hwfet,PPO_seed7
13,16.0856,-39508.9720042311,0.0,0.0,0.49847194667882916,25.006047391985238,-0.07426498497035922,0.0,0.3713249248517961,0.0,0.0,0.0,epa_hwfet,PPO_seed7
14,17.4679,-43348.977582825966,0.0,0.0,0.498199094302381,25.007843133961817,-0.08148304056922175,0.0,0.4074152028461087,0.0,0.0,0.0,epa_hwfet,PPO_seed7
15,18.8332,-46786.06112988012,0.0,0.0,0.49790457005273464,25.00993888474878,-0.0879437239283461,0.0,0.4397186196417305,0.0,0.0,0.0,epa_hwfet,PPO_seed7
16,20.1668,-49719.189170799735,0.0,0.0,0.4975915386751931,25.012310963692297,-0.09345712250150327,0.0,0.4672856125075163,0.0,0.0,0.0,epa_hwfet,PPO_seed7
17,20.2264,-9810.42935081361,0.0,0.0,0.49752976352376016,25.01244204733814,-0.018440656674461677,0.0,0.09220328337230838,0.0,0.0,0.0,epa_hwfet,PPO_seed7
18,20.2364,-8258.726927807646,0.0,0.0,0.4974777592833898,25.01254623841833,-0.015523922796630913,0.0,0.07761961398315456,0.0,0.0,0.0,epa_hwfet,PPO_seed7
19,20.1966,-6658.876514857556,0.0,0.0,0.4974358293505444,25.012627112596704,-0.012516685178303677,0.0,0.06258342589151838,0.0,0.0,0.0,epa_hwfet,PPO_seed7
20,20.1132,-5227.636453284168,0.0,0.0,0.49740291207800985,25.01269079589199,-0.009826384310684527,0.0,0.04913192155342263,0.0,0.0,0.0,epa_hwfet,PPO_seed7
21,19.9988,-4179.742252848014,0.0,0.0,0.4973765935706504,25.01274376688024,-0.007856658370015064,0.0,0.03928329185007532,0.0,0.0,0.0,epa_hwfet,PPO_seed7
22,19.8702,-3654.2582502150294,0.0,0.0,0.49735358429518106,25.01279128261584,-0.006868906485366597,0.0,0.03434453242683298,0.0,0.0,0.0,epa_hwfet,PPO_seed7
23,19.7474,-3753.5458274854536,0.0,0.0,0.49732995031434774,25.012837898563447,-0.0070555372697095,0.0,0.0352776863485475,0.0,0.0,0.0,epa_hwfet,PPO_seed7
24,19.6503,-4476.61660042226,0.0,0.0,0.4973017640864118,25.012888663825837,-0.008414692857936579,0.0,0.042073464289682894,0.0,0.0,0.0,epa_hwfet,PPO_seed7
25,19.5966,-5763.170565718505,0.0,0.0,0.49726547785919667,25.012950661272495,-0.010833027379170123,0.0,0.05416513689585061,0.0,0.0,0.0,epa_hwfet,PPO_seed7
26,19.5999,-7503.484395151968,0.0,0.0,0.4972182347142617,25.013033627862708,-0.014104293975849565,0.0,0.07052146987924782,0.0,0.0,0.0,epa_hwfet,PPO_seed7
27,19.6674,-9523.98887711022,0.0,0.0,0.4971582703850263,25.013148702819418,-0.01790223473141019,0.0,0.08951117365705094,0.0,0.0,0.0,epa_hwfet,PPO_seed7
28,19.7997,-11644.444014938043,0.0,0.0,0.4970849551401978,25.01330627425032,-0.021888052659657976,0.0,0.10944026329828987,0.0,0.0,0.0,epa_hwfet,PPO_seed7
29,19.9901,-13651.821582440258,0.0,0.0,0.49699900021404225,25.013512389284823,-0.025661318763985447,0.0,0.12830659381992723,0.0,0.0,0.0,epa_hwfet,PPO_seed7
30,20.226,-15356.91170162342,0.0,0.0,0.49690230797252916,25.013766236255478,-0.02886637537899139,0.0,0.14433187689495694,0.0,0.0,0.0,epa_hwfet,PPO_seed7
31,20.4904,-16595.324525046944,0.0,0.0,0.49679781587267724,25.01405881470217,-0.03119421903204313,0.0,0.15597109516021565,0.0,0.0,0.0,epa_hwfet,PPO_seed7
32,20.7637,-17241.310110840608,0.0,0.0,0.49668925344316905,25.014373615121666,-0.03240847765195603,0.0,0.16204238825978015,0.0,0.0,0.0,epa_hwfet,PPO_seed7
33,21.0269,-17265.025408522233,0.0,0.0,0.4965805386185309,25.014690840098734,-0.03245305527917713,0.0,0.16226527639588564,0.0,0.0,0.0,epa_hwfet,PPO_seed7
34,21.2632,-16693.81087845844,0.0,0.0,0.4964754177334315,25.01499132177387,-0.03137934375650083,0.0,0.15689671878250414,0.0,0.0,0.0,epa_hwfet,PPO_seed7
35,21.4605,-15652.773963614529,0.0,0.0,0.49637684980473673,25.01526136881958,-0.029422507450403253,0.0,0.14711253725201626,0.0,0.0,0.0,epa_hwfet,PPO_seed7
36,21.6126,-14327.073843721239,0.0,0.0,0.49628662815510777,25.015494941504063,-0.026930589931806845,0.0,0.1346529496590342,0.0,0.0,0.0,epa_hwfet,PPO_seed7
37,21.7197,-12936.755688923024,0.0,0.0,0.496205160472059,25.015693419077945,-0.024317209941584633,0.0,0.12158604970792315,0.0,0.0,0.0,epa_hwfet,PPO_seed7
38,21.7879,-11696.849036095795,0.0,0.0,0.49613150019572283,25.015863399915894,-0.021986558338525933,0.0,0.10993279169262965,0.0,0.0,0.0,epa_hwfet,PPO_seed7
39,21.8286,-10807.625712900697,0.0,0.0,0.49606343936167047,25.01601453182644,-0.02031508592650507,0.0,0.10157542963252535,0.0,0.0,0.0,epa_hwfet,PPO_seed7
40,21.8561,-10387.847876461745,0.0,0.0,0.49599802189910364,25.016157113977666,-0.019526029842973205,0.0,0.09763014921486603,0.0,0.0,0.0,epa_hwfet,PPO_seed7
41,21.8853,-10475.979898827718,0.0,0.0,0.4959320493456103,25.016301215886127,-0.019691691539149847,0.0,0.09845845769574924,0.0,0.0,0.0,epa_hwfet,PPO_seed7
42,21.9131,-10457.199370313978,0.0,0.0,0.49586619495773165,25.0164447520813,-0.019656389793823267,0.0,0.09828194896911634,0.0,0.0,0.0,epa_hwfet,PPO_seed7
43,21.9668,-11398.173703960278,0.0,0.0,0.4957944146537649,25.01660758423167,-0.02142513854127872,0.0,0.10712569270639359,0.0,0.0,0.0,epa_hwfet,PPO_seed7
44,22.0515,-12553.670310080595,0.0,0.0,0.4957153571886215,25.016796696178638,-0.02359712464300864,0.0,0.11798562321504319,0.0,0.0,0.0,epa_hwfet,PPO_seed7
45,22.1666,-13733.535378682303,0.0,0.0,0.495628868682853,25.01701554499106,-0.025814916125342674,0.0,0.12907458062671337,0.0,0.0,0.0,epa_hwfet,PPO_seed7
46,22.3056,-14729.72175863142,0.0,0.0,0.49553610538475834,25.01726190254557,-0.027687446914720717,0.0,0.13843723457360357,0.0,0.0,0.0,epa_hwfet,PPO_seed7
47,22.4568,-15344.807721008623,0.0,0.0,0.49543946690887725,25.01752667045884,-0.028843623535730497,0.0,0.14421811767865247,0.0,0.0,0.0,epa_hwfet,PPO_seed7
48,22.6055,-15447.26218171672,0.0,0.0,0.4953421814585986,25.017795447997017,-0.029036207108490076,0.0,0.14518103554245038,0.0,0.0,0.0,epa_hwfet,PPO_seed7
49,22.7352,-14942.281856510317,0.0,0.0,0.4952480746538051,25.01805070428274,-0.028086995970884057,0.0,0.14043497985442027,0.0,0.0,0.0,epa_hwfet,PPO_seed7
50,22.831,-13859.688139399408,0.0,0.0,0.49516078468326236,25.018277270562987,-0.026052045374810918,0.0,0.13026022687405459,0.0,0.0,0.0,epa_hwfet,PPO_seed7
51,22.881,-12290.54054360319,0.0,0.0,0.49508337650095996,25.018465491684616,-0.023102519818802993,0.0,0.11551259909401496,0.0,0.0,0.0,epa_hwfet,PPO_seed7
52,22.8784,-10415.587477164672,0.0,0.0,0.4950177767510338,25.018613465351585,-0.019578171949557657,0.0,0.09789085974778827,0.0,0.0,0.0,epa_hwfet,PPO_seed7
53,22.823,-8481.977727009129,0.0,0.0,0.49496435535779865,25.01872639696028,-0.0159435671560322,0.0,0.07971783578016099,0.0,0.0,0.0,epa_hwfet,PPO_seed7
54,22.7209,-6731.577748407554,0.0,0.0,0.494921958686741,25.01881317544973,-0.012653341632345029,0.0,0.06326670816172514,0.0,0.0,0.0,epa_hwfet,PPO_seed7
55,22.5848,-5415.169370832719,0.0,0.0,0.4948878534359927,25.018883459703183,-0.010178889794798345,0.0,0.05089444897399172,0.0,0.0,0.0,epa_hwfet,PPO_seed7
56,22.4316,-4691.108323830208,0.0,0.0,0.49485830889770327,25.018945188960974,-0.008817872789154527,0.0,0.04408936394577263,0.0,0.0,0.0,epa_hwfet,PPO_seed7
57,22.2815,-4679.5396189432995,0.0,0.0,0.49482883778054304,25.019005091789285,-0.00879612710327688,0.0,0.04398063551638439,0.0,0.0,0.0,epa_hwfet,PPO_seed7
58,22.1548,-5386.276420214367,0.0,0.0,0.49479491635351863,25.019070099088154,-0.010124579737245051,0.0,0.05062289868622526,0.0,0.0,0.0,epa_hwfet,PPO_seed7
59,22.0696,-6741.551657368631,0.0,0.0,0.49475246038934867,25.01914930339161,-0.012672089581519982,0.0,0.06336044790759991,0.0,0.0,0.0,epa_hwfet,PPO_seed7
60,22.0399,-8618.338677604777,0.0,0.0,0.4946981856108335,25.019254842124283,-0.016199884732339808,0.0,0.08099942366169903,0.0,0.0,0.0,epa_hwfet,PPO_seed7
61,22.0735,-10824.152500478573,0.0,0.0,0.49463001972500203,25.019400532477405,-0.020346151316689046,0.0,0.10173075658344523,0.0,0.0,0.0,epa_hwfet,PPO_seed7
62,22.1714,-13146.06602726023,0.0,0.0,0.49454723102007575,25.019599024191347,-0.02471065042718089,0.0,0.12355325213590443,0.0,0.0,0.0,epa_hwfet,PPO_seed7
63,22.3276,-15354.483654579113,0.0,0.0,0.4944505333321836,25.019857780592954,-0.028861811380787805,0.0,0.14430905690393903,0.0,0.0,0.0,epa_hwfet,PPO_seed7
64,22.53,-17232.68831331049,0.0,0.0,0.4943420051025109,25.020175685146302,-0.03239227126562122,0.0,0.1619613563281061,0.0,0.0,0.0,epa_hwfet,PPO_seed7
65,22.762,-18598.35143348636,0.0,0.0,0.49422487309912877,25.020541558559472,-0.03495930720580143,0.0,0.17479653602900716,0.0,0.0,0.0,epa_hwfet,PPO_seed7
66,23.0047,-19329.284832796864,0.0,0.0,0.49410313399150657,25.020935627793776,-0.0363332421669114,0.0,0.181666210834557,0.0,0.0,0.0,epa_hwfet,PPO_seed7
67,23.2394,-19385.081309464917,0.0,0.0,0.4939810395420002,25.021333834602146,-0.0364381227621521,0.0,0.1821906138107605,0.0,0.0,0.0,epa_hwfet,PPO_seed7
68,23.4497,-18805.37063610179,0.0,0.0,0.49386259259412024,25.021713136452714,-0.03534844104530412,0.0,0.1767422052265206,0.0,0.0,0.0,epa_hwfet,PPO_seed7
69,23.6238,-17728.153511372308,0.0,0.0,0.4937509273732945,25.02205702651007,-0.0333235968258878,0.0,0.16661798412943898,0.0,0.0,0.0,epa_hwfet,PPO_seed7
70,23.7557,-16354.696411800418,0.0,0.0,0.49364791072594594,25.02235810254378,-0.030741910548497026,0.0,0.15370955274248513,0.0,0.0,0.0,epa_hwfet,PPO_seed7
71,23.8457,-14922.307818978772,0.0,0.0,0.49355391478901645,25.02261784929378,-0.02804945078755408,0.0,0.1402472539377704,0.0,0.0,0.0,epa_hwfet,PPO_seed7
72,23.8999,-13661.507157328293,0.0,0.0,0.493467859512099,25.022844136896424,-0.0256795247318201,0.0,0.12839762365910048,0.0,0.0,0.0,epa_hwfet,PPO_seed7
73,23.9295,-12782.575929889323,0.0,0.0,0.49338734001498263,25.023048715446667,-0.024027398364453615,0.0,0.12013699182226807,0.0,0.0,0.0,epa_hwfet,PPO_seed7
74,23.9486,-12414.450907234692,0.0,0.0,0.4933091389655065,25.02324456406514,-0.02333543403615544,0.0,0.11667717018077718,0.0,0.0,0.0,epa_hwfet,PPO_seed7
75,23.9721,-12606.526966547272,0.0,0.0,0.4932297276585012,25.02344492513058,-0.023696479260427204,0.0,0.11848239630213601,0.0,0.0,0.0,epa_hwfet,PPO_seed7
76,24.0134,-13321.03594148893,0.0,0.0,0.4931458150928849,25.023662861913152,-0.025039541243400243,0.0,0.12519770621700121,0.0,0.0,0.0,epa_hwfet,PPO_seed7
77,24.0822,-14436.078128971176,0.0,0.0,0.493054877928058,25.023910358505123,-0.02713548520483304,0.0,0.1356774260241652,0.0,0.0,0.0,epa_hwfet,PPO_seed7
78,24.1833,-15780.905521098006,0.0,0.0,0.49295546818767766,25.02419691297428,-0.029663356242665424,0.0,0.14831678121332711,0.0,0.0,0.0,epa_hwfet,PPO_seed7
79,24.3155,-17134.85380248768,0.0,0.0,0.49284752774308166,25.02452662692326,-0.03220837180918737,0.0,0.16104185904593685,0.0,0.0,0.0,epa_hwfet,PPO_seed7
80,24.4717,-18267.81052417003,0.0,0.0,0.49273244797481436,25.02489565024854,-0.03433798970708652,0.0,0.1716899485354326,0.0,0.0,0.0,epa_hwfet,PPO_seed7
81,24.6398,-18968.599214449314,0.0,0.0,0.4926129507187977,25.025291003277815,-0.0356552616812957,0.0,0.1782763084064785,0.0,0.0,0.0,epa_hwfet,PPO_seed7
82,24.8043,-19074.548526249033,0.0,0.0,0.4924927829646305,25.025691942800332,-0.0358544145230245,0.0,0.17927207261512249,0.0,0.0,0.0,epa_hwfet,PPO_seed7
83,24.9484,-18498.472722493283,0.0,0.0,0.4923762415072002,25.02607411674971,-0.03477156526784452,0.0,0.1738578263392226,0.0,0.0,0.0,epa_hwfet,PPO_seed7
84,25.0567,-17262.90619149245,0.0,0.0,0.4922674817478611,25.02641593053308,-0.03244907178851964,0.0,0.1622453589425982,0.0,0.0,0.0,epa_hwfet,PPO_seed7
85,25.1168,-15465.489705267855,0.0,0.0,0.49217004435426326,25.026703072008683,-0.029070469370804243,0.0,0.1453523468540212,0.0,0.0,0.0,epa_hwfet,PPO_seed7
86,25.1217,-13315.013874033564,0.0,0.0,0.49208615470625405,25.026932033885664,-0.025028221567732264,0.0,0.1251411078386613,0.0,0.0,0.0,epa_hwfet,PPO_seed7
87,25.0708,-11074.359273789267,0.0,0.0,0.4920163818038242,25.027108988896224,-0.020816464800355764,0.0,0.10408232400177882,0.0,0.0,0.0,epa_hwfet,PPO_seed7
88,24.9704,-9033.778217908792,0.0,0.0,0.49195946563420784,25.02724615190471,-0.016980786123888706,0.0,0.08490393061944353,0.0,0.0,0.0,epa_hwfet,PPO_seed7
89,24.8326,-7439.359041563823,0.0,0.0,0.4919125954292625,25.027356928608103,-0.01398375759692448,0.0,0.0699187879846224,0.0,0.0,0.0,epa_hwfet,PPO_seed7
90,24.6749,-6515.40794844938,0.0,0.0,0.49187154706691844,25.02745357732052,-0.01224700742189733,0.0,0.06123503710948665,0.0,0.0,0.0,epa_hwfet,PPO_seed7
91,24.5173,-6366.231410715676,0.0,0.0,0.49183143930687195,25.027546315605367,-0.011966600396082099,0.0,0.05983300198041049,0.0,0.0,0.0,epa_hwfet,PPO_seed7
92,24.3805,-7023.992261758665,0.0,0.0,0.49178718843237273,25.027645377416654,-0.013202992973230574,0.0,0.06601496486615287,0.0,0.0,0.0,epa_hwfet,PPO_seed7
93,24.2828,-8405.129832009357,0.0,0.0,0.4917342372813817,25.027762910183093,-0.0157991162255815,0.0,0.0789955811279075,0.0,0.0,0.0,epa_hwfet,PPO_seed7
94,24.2387,-10380.442944333432,0.0,0.0,0.49166884260989957,25.02791437336434,-0.019512110797619234,0.0,0.09756055398809617,0.0,0.0,0.0,epa_hwfet,PPO_seed7
95,24.2565,-12735.966515032642,0.0,0.0,0.49158860886489836,25.028116831432207,-0.023939786682392186,0.0,0.11969893341196092,0.0,0.0,0.0,epa_hwfet,PPO_seed7
96,24.3376,-15231.192347685517,0.0,0.0,0.4914926552377626,25.028385520456105,-0.028630060803920145,0.0,0.14315030401960072,0.0,0.0,0.0,epa_hwfet,PPO_seed7
97,24.4765,-17616.073573106823,0.0,0.0,0.49138167575203867,25.02872926626368,-0.033112920250200795,0.0,0.16556460125100397,0.0,0.0,0.0,epa_hwfet,PPO_seed7
98,24.6618,-19661.049593710373,0.0,0.0,0.49125781039130323,25.029146748148435,-0.03695686013855334,0.0,0.18478430069276666,0.0,0.0,0.0,epa_hwfet,PPO_seed7
99,24.8774,-21161.179630491053,0.0,0.0,0.49112449033413413,25.029624328089156,-0.039776653440772664,0.0,0.1988832672038633,0.0,0.0,0.0,epa_hwfet,PPO_seed7
100,25.105,-21990.75347560296,0.0,0.0,0.49098593918684014,25.030138301867005,-0.041336002773689776,0.0,0.20668001386844886,0.0,0.0,0.0,epa_hwfet,PPO_seed7
101,25.3262,-22097.924430739236,0.0,0.0,0.4908467079175841,25.03065942195007,-0.04153745193747977,0.0,0.20768725968739885,0.0,0.0,0.0,epa_hwfet,PPO_seed7
102,25.4803,-19689.698808879763,0.0,0.0,0.49072264573496993,25.031087742164388,-0.037010712046766474,0.0,0.18505356023383235,0.0,0.0,0.0,epa_hwfet,PPO_seed7
103,25.6008,-18537.081000235983,0.0,0.0,0.49060584308266486,25.031476109420453,-0.03484413721848869,0.0,0.17422068609244346,0.0,0.0,0.0,epa_hwfet,PPO_seed7
104,25.6818,-17080.237393087744,0.0,0.0,0.49049821781116043,25.031816680916936,-0.03210570938550328,0.0,0.1605285469275164,0.0,0.0,0.0,epa_hwfet,PPO_seed7
105,25.7239,-15584.276112679709,0.0,0.0,0.4904000173379069,25.032111810879037,-0.029293752091503214,0.0,0.14646876045751606,0.0,0.0,0.0,epa_hwfet,PPO_seed7
106,25.7333,-14288.297212789475,0.0,0.0,0.49030998228725,25.03237061002846,-0.026857701527799767,0.0,0.13428850763899883,0.0,0.0,0.0,epa_hwfet,PPO_seed7
107,25.7212,-13411.96395898306,0.0,0.0,0.4902254688658733,25.032606337563067,-0.025210458569517032,0.0,0.12605229284758515,0.0,0.0,0.0,epa_hwfet,PPO_seed7
108,25.7015,-13082.58662434199,0.0,0.0,0.49014303080527655,25.032833457046564,-0.024591328241244343,0.0,0.12295664120622171,0.0,0.0,0.0,epa_hwfet,PPO_seed7
109,25.6891,-13358.39651294233,0.0,0.0,0.49005885469386135,25.03306706958714,-0.025109767881470547,0.0,0.12554883940735273,0.0,0.0,0.0,epa_hwfet,PPO_seed7
110,25.6968,-14171.811537540907,0.0,0.0,0.4899695527835432,25.033321606302923,-0.026638743491618246,0.0,0.13319371745809122,0.0,0.0,0.0,epa_hwfet,PPO_seed7
111,25.7344,-15418.644035221156,0.0,0.0,0.48987239363841,25.033611100620067,-0.028982413600039766,0.0,0.14491206800019882,0.0,0.0,0.0,epa_hwfet,PPO_seed7
112,25.8059,-16878.037592607325,0.0,0.0,0.4897660372792137,25.033945675706786,-0.03172563457257016,0.0,0.1586281728628508,0.0,0.0,0.0,epa_hwfet,PPO_seed7
113,25.9097,-18329.2434171454,0.0,0.0,0.4896505345587622,25.034329557046366,-0.034453465069822185,0.0,0.1722673253491109,0.0,0.0,0.0,epa_hwfet,PPO_seed7
114,26.0381,-19518.235736562663,0.0,0.0,0.48952753700553664,25.034757423116364,-0.03668841303865163,0.0,0.18344206519325812,0.0,0.0,0.0,epa_hwfet,PPO_seed7
115,26.1786,-20228.83229691098,0.0,0.0,0.4894000586115368,25.035213742617394,-0.03802412085885523,0.0,0.19012060429427613,0.0,0.0,0.0,epa_hwfet,PPO_seed7
116,26.3151,-20281.057827280256,0.0,0.0,0.4892722479522484,25.035673926001945,-0.03812228914902304,0.0,0.19061144574511518,0.0,0.0,0.0,epa_hwfet,PPO_seed7
117,26.4303,-19588.22209829709,0.0,0.0,0.48914880053214405,25.036109728259124,-0.0368199663501825,0.0,0.1840998317509125,0.0,0.0,0.0,epa_hwfet,PPO_seed7
118,26.5081,-18167.67232303623,0.0,0.0,0.4890343031607363,25.036496178667214,-0.0341497600057072,0.0,0.17074880002853599,0.0,0.0,0.0,epa_hwfet,PPO_seed7
119,26.5359,-16145.750898028477,0.0,0.0,0.4889325468516141,25.036817794062625,-0.030349155823361798,0.0,0.15174577911680898,0.0,0.0,0.0,epa_hwfet,PPO_seed7
120,26.5061,-13728.122704443547,0.0,0.0,0.4888460265705259,25.037071131277433,-0.025804741925645764,0.0,0.12902370962822882,0.0,0.0,0.0,epa_hwfet,PPO_seed7
121,26.4179,-11210.26437813989,0.0,0.0,0.4887753748741921,25.037264283170117,-0.02107192552281934,0.0,0.1053596276140967,0.0,0.0,0.0,epa_hwfet,PPO_seed7
122,26.2772,-8890.428914125256,0.0,0.0,0.48871934422179014,25.037411732020768,-0.016711332545348227,0.0,0.08355666272674113,0.0,0.0,0.0,epa_hwfet,PPO_seed7
123,26.0962,-7048.293912009633,0.0,0.0,0.4886749240874735,25.037529130393555,-0.0132486727669354,0.0,0.066243363834677,0.0,0.0,0.0,epa_hwfet,PPO_seed7
124,25.8922,-5905.924373574736,0.0,0.0,0.4886377042792135,25.037629778042803,-0.011101361604463789,0.0,0.05550680802231894,0.0,0.0,0.0,epa_hwfet,PPO_seed7
125,25.6852,-5578.15756593754,0.0,0.0,0.4886025509839282,25.037723903693998,-0.010485258582589363,0.0,0.05242629291294681,0.0,0.0,0.0,epa_hwfet,PPO_seed7
126,25.496,-6098.356854786626,0.0,0.0,0.48856412039737784,25.037820890831103,-0.011463076794711704,0.0,0.057315383973558516,0.0,0.0,0.0,epa_hwfet,PPO_seed7
127,25.3434,-7389.531847179595,0.0,0.0,0.48851755415405684,25.037931818486953,-0.013890097457104504,0.0,0.06945048728552251,0.0,0.0,0.0,epa_hwfet,PPO_seed7
128,25.242,-9294.483961358354,0.0,0.0,0.4884589845922951,25.03807085322363,-0.017470834513831492,0.0,0.08735417256915746,0.0,0.0,0.0,epa_hwfet,PPO_seed7
129,25.2006,-11600.458624511595,0.0,0.0,0.48838588458183824,25.038254240889707,-0.021805373354345105,0.0,0.10902686677172552,0.0,0.0,0.0,epa_hwfet,PPO_seed7
130,25.221,-14049.629176782957,0.0,0.0,0.48829735133067753,25.038496634944153,-0.026409077399967965,0.0,0.1320453869998398,0.0,0.0,0.0,epa_hwfet,PPO_seed7
131,25.2984,-16393.834557176015,0.0,0.0,0.4881940454224431,25.038806916013556,-0.030815478490932358,0.0,0.1540773924546618,0.0,0.0,0.0,epa_hwfet,PPO_seed7
132,25.4216,-18377.898906092356,0.0,0.0,0.4880782351592747,25.039183549564957,-0.0345449227558127,0.0,0.1727246137790635,0.0,0.0,0.0,epa_hwfet,PPO_seed7
133,25.5753,-19819.882399817423,0.0,0.0,0.48795333536923097,25.039613937776792,-0.037255418044769596,0.0,0.18627709022384797,0.0,0.0,0.0,epa_hwfet,PPO_seed7
134,25.7417,-20586.178434253412,0.0,0.0,0.48782360317204765,25.04007562298295,-0.03869582412453649,0.0,0.19347912062268244,0.0,0.0,0.0,epa_hwfet,PPO_seed7
135,25.9029,-20631.92646149447,0.0,0.0,0.4876935789967585,25.040541223241323,-0.038781816656944496,0.0,0.19390908328472245,0.0,0.0,0.0,epa_hwfet,PPO_seed7
136,26.0436,-20025.030782733644,0.0,0.0,0.4875673760286415,25.040985506909287,-0.03764103530589031,0.0,0.18820517652945154,0.0,0.0,0.0,epa_hwfet,PPO_seed7
137,26.1527,-18910.63425791632,0.0,0.0,0.48744819330503275,25.041390466228624,-0.035546304996083314,0.0,0.17773152498041656,0.0,0.0,0.0,epa_hwfet,PPO_seed7
138,26.2249,-17515.643431842942,0.0,0.0,0.4873378001379436,25.041748635684915,-0.03292414178917846,0.0,0.1646207089458923,0.0,0.0,0.0,epa_hwfet,PPO_seed7
139,26.2608,-16085.75537982265,0.0,0.0,0.4872364173730161,25.042062130830182,-0.030236382292899724,0.0,0.1511819114644986,0.0,0.0,0.0,epa_hwfet,PPO_seed7
140,26.2672,-14889.477302082403,0.0,0.0,0.4871425733967699,25.042340868985,-0.02798773928962858,0.0,0.13993869644814289,0.0,0.0,0.0,epa_hwfet,PPO_seed7
141,26.2551,-14117.277935047961,0.0,0.0,0.487053595872363,25.042598339083277,-0.02653623672001497,0.0,0.13268118360007483,0.0,0.0,0.0,epa_hwfet,PPO_seed7
142,26.2385,-13911.285282009434,0.0,0.0,0.48696591641770876,25.042850057671096,-0.026149032484980142,0.0,0.1307451624249007,0.0,0.0,0.0,epa_hwfet,PPO_seed7
143,26.2321,-14318.946342175068,0.0,0.0,0.48687566737742455,25.04311236674298,-0.026915312673261405,0.0,0.13457656336630702,0.0,0.0,0.0,epa_hwfet,PPO_seed7
144,26.2487,-15280.527035102681,0.0,0.0,0.4867793573587019,25.043401507223816,-0.02872279517876444,0.0,0.1436139758938222,0.0,0.0,0.0,epa_hwfet,PPO_seed7
145,26.2976,-16669.896593722853,0.0,0.0,0.4866742896848931,25.04373292974593,-0.03133439209346401,0.0,0.15667196046732004,0.0,0.0,0.0,epa_hwfet,PPO_seed7
146,26.3826,-18274.530202424994,0.0,0.0,0.48655910689646625,25.0441181907362,-0.03435062068124999,0.0,0.17175310340624994,0.0,0.0,0.0,epa_hwfet,PPO_seed7
147,26.5015,-19852.045210907287,0.0,0.0,0.4864339790067149,25.04456168855343,-0.037315874456592645,0.0,0.18657937228296323,0.0,0.0,0.0,epa_hwfet,PPO_seed7
148,26.6464,-21158.530387905637,0.0,0.0,0.4863006133237301,25.04505770923395,-0.03977167366147677,0.0,0.19885836830738382,0.0,0.0,0.0,epa_hwfet,PPO_seed7
149,26.804,-21945.50448681869,0.0,0.0,0.4861622835563528,25.04558801334771,-0.04125094828349378,0.0,0.20625474141746888,0.0,0.0,0.0,epa_hwfet,PPO_seed7
150,26.8224,-16168.13380122894,0.0,0.0,0.486060367555821,25.045911575772966,-0.030391228949678457,0.0,0.15195614474839228,0.0,0.0,0.0,epa_hwfet,PPO_seed7
151,26.8224,-15400.417107895615,0.0,0.0,0.48596329011729816,25.04621231444396,-0.028948152458450407,0.0,0.14474076229225202,0.0,0.0,0.0,epa_hwfet,PPO_seed7
152,26.8224,-15400.417107895615,0.0,0.0,0.48586621219728493,25.046512956976418,-0.028948152458450407,0.0,0.14474076229225202,0.0,0.0,0.0,epa_hwfet,PPO_seed7
153,26.8224,-15400.417107895613,0.0,0.0,0.48576913379454906,25.046813504854413,-0.0289481524584504,0.0,0.144740762292252,0.0,0.0,0.0,epa_hwfet,PPO_seed7
154,26.8224,-15400.417107895615,0.0,0.0,0.48567205490789905,25.04711395951223,-0.028948152458450407,0.0,0.14474076229225202,0.0,0.0,0.0,epa_hwfet,PPO_seed7
155,26.8224,-15400.417107895615,0.0,0.0,0.48557497553618273,25.047414322336103,-0.028948152458450407,0.0,0.14474076229225202,0.0,0.0,0.0,epa_hwfet,PPO_seed7
156,26.8224,-15400.417107895615,0.0,0.0,0.485477895678286,25.047714594665823,-0.028948152458450407,0.0,0.14474076229225202,0.0,0.0,0.0,epa_hwfet,PPO_seed7
157,26.8205,-15318.45495389246,0.0,0.0,0.4853813320018779,25.048012387194888,-0.028794088259196354,0.0,0.14397044129598177,0.0,0.0,0.0,epa_hwfet,PPO_seed7
158,26.618,-6728.018433783853,0.0,0.0,0.4853389200694123,25.048130238775382,-0.012646651191323034,0.0,0.06323325595661516,0.0,0.0,0.0,epa_hwfet,PPO_seed7
159,26.4095,-6257.735151468811,0.0,0.0,0.48529947369224674,25.04823913910687,-0.0117626600591519,0.0,0.0588133002957595,0.0,0.0,0.0,epa_hwfet,PPO_seed7
160,26.2157,-6654.6135344165195,0.0,0.0,0.4852575266323969,25.04834975135779,-0.01250867205717391,0.0,0.06254336028586954,0.0,0.0,0.0,epa_hwfet,PPO_seed7
161,26.0557,-7856.260783183106,0.0,0.0,0.48520800621143884,25.04847406194364,-0.014767407487186288,0.0,0.07383703743593144,0.0,0.0,0.0,epa_hwfet,PPO_seed7
162,25.9442,-9691.844986143728,0.0,0.0,0.48514691667341164,25.048626639433127,-0.01821775373335287,0.0,0.09108876866676435,0.0,0.0,0.0,epa_hwfet,PPO_seed7
163,25.8902,-11944.943708996705,0.0,0.0,0.4850716262877568,25.048823895256227,-0.022452901708640425,0.0,0.11226450854320212,0.0,0.0,0.0,epa_hwfet,PPO_seed7
164,25.8963,-14373.567854327106,0.0,0.0,0.4849810282781326,25.04908103021618,-0.027017984688584785,0.0,0.13508992344292392,0.0,0.0,0.0,epa_hwfet,PPO_seed7
165,25.9578,-16693.19424377799,0.0,0.0,0.48487580884410086,25.04940659737723,-0.031378184668755624,0.0,0.1568909233437781,0.0,0.0,0.0,epa_hwfet,PPO_seed7
166,26.0642,-18666.594191164724,0.0,0.0,0.48475814919581894,25.049799187706878,-0.035087583066099104,0.0,0.17543791533049552,0.0,0.0,0.0,epa_hwfet,PPO_seed7
167,26.2007,-20100.65472656837,0.0,0.0,0.48463144777550987,25.050245968387003,-0.03778318557625634,0.0,0.18891592788128167,0.0,0.0,0.0,epa_hwfet,PPO_seed7
168,26.35,-20860.99195761633,0.0,0.0,0.48449995041742133,25.050724176239534,-0.03921239089777506,0.0,0.19606195448887528,0.0,0.0,0.0,epa_hwfet,PPO_seed7
169,26.4948,-20908.959863028023,0.0,0.0,0.48436814714693827,25.051206363560482,-0.03930255613351133,0.0,0.19651278066755662,0.0,0.0,0.0,epa_hwfet,PPO_seed7
170,26.6203,-20312.778401213185,0.0,0.0,0.4842400986269532,25.051667266493915,-0.038181914287994716,0.0,0.19090957143997356,0.0,0.0,0.0,epa_hwfet,PPO_seed7
171,26.7159,-19222.96123625658,0.0,0.0,0.4841189172682199,25.052089053437435,-0.03613338578243718,0.0,0.1806669289121859,0.0,0.0,0.0,epa_hwfet,PPO_seed7
172,26.6797,-13696.765051786757,0.0,0.0,0.4840325713251415,25.052339458583532,-0.025745798969523982,0.0,0.1287289948476199,0.0,0.0,0.0,epa_hwfet,PPO_seed7
173,26.6099,-12212.123198388948,0.0,0.0,0.4839555847576474,25.05255271409302,-0.02295511879396419,0.0,0.11477559396982094,0.0,0.0,0.0,epa_hwfet,PPO_seed7
174,26.5132,-10978.507798713072,0.0,0.0,0.48388637540807966,25.052737682411127,-0.02063629285472382,0.0,0.1031814642736191,0.0,0.0,0.0,epa_hwfet,PPO_seed7
175,26.401,-10203.646609635096,0.0,0.0,0.4838220514433597,25.052905559676717,-0.019179786860216347,0.0,0.09589893430108173,0.0,0.0,0.0,epa_hwfet,PPO_seed7
176,26.2874,-10010.298484017316,0.0,0.0,0.4837589470809876,25.05306801682528,-0.018816350533867137,0.0,0.09408175266933567,0.0,0.0,0.0,epa_hwfet,PPO_seed7
177,26.1871,-10433.124715029424,0.0,0.0,0.48369317802021033,25.053236980510338,-0.019611136682386135,0.0,0.09805568341193067,0.0,0.0,0.0,epa_hwfet,PPO_seed7
178,26.1128,-11400.182822833516,0.0,0.0,0.48362131345477893,25.053424506084685,-0.02142891508051413,0.0,0.10714457540257064,0.0,0.0,0.0,epa_hwfet,PPO_seed7
179,26.0735,-12771.248718399422,0.0,0.0,0.4835408064339478,25.053642396260905,-0.02400610661353275,0.0,0.12003053306766374,0.0,0.0,0.0,epa_hwfet,PPO_seed7
180,26.0728,-14335.87496918609,0.0,0.0,0.4834504364461917,25.05389995164413,-0.026947133400725732,0.0,0.13473566700362866,0.0,0.0,0.0,epa_hwfet,PPO_seed7
181,26.1082,-15849.718954757802,0.0,0.0,0.4833505230648585,25.054200829421315,-0.029792704802176318,0.0,0.1489635240108816,0.0,0.0,0.0,epa_hwfet,PPO_seed7
182,26.1713,-17066.306444706224,0.0,0.0,0.4832429394830915,25.05454016824663,-0.03207952339230493,0.0,0.16039761696152466,0.0,0.0,0.0,epa_hwfet,PPO_seed7
183,26.2483,-17746.144816177337,0.0,0.0,0.4831310687134017,25.05490280923712,-0.033357415068002515,0.0,0.16678707534001255,0.0,0.0,0.0,epa_hwfet,PPO_seed7
184,26.322,-17720.610514582513,0.0,0.0,0.48301935709554156,25.055265624345818,-0.03330941826049345,0.0,0.16654709130246723,0.0,0.0,0.0,epa_hwfet,PPO_seed7
185,26.3743,-16920.44114690446,0.0,0.0,0.48291268809767585,25.055603113913133,-0.03180534050170011,0.0,0.15902670250850057,0.0,0.0,0.0,epa_hwfet,PPO_seed7
186,26.3878,-15347.4652578557,0.0,0.0,0.48281593414587914,25.05589309775603,-0.028848618905743795,0.0,0.14424309452871897,0.0,0.0,0.0,epa_hwfet,PPO_seed7
187,26.3488,-13141.209287940801,0.0,0.0,0.4827330883597257,25.0561235273508,-0.024701521217933838,0.0,0.12350760608966918,0.0,0.0,0.0,epa_hwfet,PPO_seed7
188,26.2489,-10523.920965657877,0.0,0.0,0.482666742726899,25.056294512756494,-0.01978180632642458,0.0,0.0989090316321229,0.0,0.0,0.0,epa_hwfet,PPO_seed7
189,26.0863,-7784.371322809268,0.0,0.0,0.4826176684295376,25.056416380268814,-0.014632276922573812,0.0,0.07316138461286906,0.0,0.0,0.0,epa_hwfet,PPO_seed7
190,25.8662,-5231.792849782389,0.0,0.0,0.48258468673903127,25.056504359211985,-0.009834197086057123,0.0,0.049170985430285606,0.0,0.0,0.0,epa_hwfet,PPO_seed7
191,25.6003,-3148.8479461160027,0.0,0.0,0.4825648366557976,25.056572702543967,-0.005918887116759404,0.0,0.029594435583797016,0.0,0.0,0.0,epa_hwfet,PPO_seed7
192,25.3053,-1744.4041403332103,0.0,0.0,0.48255384043924776,25.05663096109043,-0.0032789551510022754,0.0,0.016394775755011377,0.0,0.0,0.0,epa_hwfet,PPO_seed7
193,25.0013,-1149.3887082646231,0.0,0.0,0.4825465952955276,25.05668379748197,-0.0021605050907229756,0.0,0.010802525453614879,0.0,0.0,0.0,epa_hwfet,PPO_seed7
194,24.709,-1375.2781131891697,0.0,0.0,0.4825379265918396,25.056733441687204,-0.0025851092353179886,0.0,0.012925546176589942,0.0,0.0,0.0,epa_hwfet,PPO_seed7
195,24.4474,-2344.005183773348,0.0,0.0,0.4825231523011576,25.056783072542135,-0.00440602478152885,0.0,0.02203012390764425,0.0,0.0,0.0,epa_hwfet,PPO_seed7
196,24.2314,-3892.8163812438556,0.0,0.0,0.4824986166025309,25.056838925938358,-0.007317324024894466,0.0,0.03658662012447233,0.0,0.0,0.0,epa_hwfet,PPO_seed7
197,24.0703,-5812.788586213844,0.0,0.0,0.48246198058279044,25.056910121872242,-0.010926294334988429,0.0,0.05463147167494214,0.0,0.0,0.0,epa_hwfet,PPO_seed7
198,23.9669,-7869.225484285116,0.0,0.0,0.48241238439693435,25.057006325753033,-0.014791777226099843,0.0,0.07395888613049921,0.0,0.0,0.0,epa_hwfet,PPO_seed7
199,23.917,-9809.781328088853,0.0,0.0,0.482350558341369,25.05713402602618,-0.018439438586633185,0.0,0.09219719293316592,0.0,0.0,0.0,epa_hwfet,PPO_seed7
200,23.9106,-11420.818305932085,0.0,0.0,0.4822785788997171,25.05729368400643,-0.02146770358257911,0.0,0.10733851791289555,0.0,0.0,0.0,epa_hwfet,PPO_seed7
201,23.9333,-12530.272364697938,0.0,0.0,0.4821996068663105,25.05747850255432,-0.0235531435426653,0.0,0.11776571771332649,0.0,0.0,0.0,epa_hwfet,PPO_seed7
202,23.9683,-13030.736343216282,0.0,0.0,0.4821174800456393,25.0576756986236,-0.02449386530679752,0.0,0.12246932653398761,0.0,0.0,0.0,epa_hwfet,PPO_seed7
203,23.999,-12907.608483966174,0.0,0.0,0.4820361285029539,25.057870224738355,-0.024262421962342434,0.0,0.12131210981171217,0.0,0.0,0.0,epa_hwfet,PPO_seed7
204,24.0111,-12227.568468508072,0.0,0.0,0.4819590623259129,25.05804884362862,-0.022984151256594122,0.0,0.1149207562829706,0.0,0.0,0.0,epa_hwfet,PPO_seed7
205,23.9946,-11140.536095738951,0.0,0.0,0.48188884691890416,25.058203475138036,-0.02094085732281758,0.0,0.10470428661408789,0.0,0.0,0.0,epa_hwfet,PPO_seed7
206,23.945,-9851.243266458478,0.0,0.0,0.4818267573971988,25.058332244061088,-0.018517374561012177,0.0,0.09258687280506088,0.0,0.0,0.0,epa_hwfet,PPO_seed7
207,23.8637,-8586.699660302089,0.0,0.0,0.48177263804884374,25.058438369314867,-0.01614041289530468,0.0,0.0807020644765234,0.0,0.0,0.0,epa_hwfet,PPO_seed7
208,23.7582,-7584.431905673433,0.0,0.0,0.4817248359984873,25.058528281110945,-0.014256450950513972,0.0,0.07128225475256986,0.0,0.0,0.0,epa_hwfet,PPO_seed7
209,23.6399,-6998.298966458471,0.0,0.0,0.48168072856764327,25.05860902156449,-0.013154697305373067,0.0,0.06577348652686534,0.0,0.0,0.0,epa_hwfet,PPO_seed7
210,23.5233,-6950.187464161956,0.0,0.0,0.48163692485904147,25.058687960943185,-0.013064262150680371,0.0,0.06532131075340185,0.0,0.0,0.0,epa_hwfet,PPO_seed7
211,23.423,-7449.829395854691,0.0,0.0,0.4815899726632362,25.058772605084066,-0.014003438714012578,0.0,0.07001719357006289,0.0,0.0,0.0,epa_hwfet,PPO_seed7
212,23.3517,-8434.939415090117,0.0,0.0,0.481536812327336,25.058871153479366,-0.015855149276485184,0.0,0.07927574638242592,0.0,0.0,0.0,epa_hwfet,PPO_seed7
213,23.3185,-9783.785726303155,0.0,0.0,0.48147515133544116,25.058992364611854,-0.01839057467350217,0.0,0.09195287336751085,0.0,0.0,0.0,epa_hwfet,PPO_seed7
214,23.3266,-11290.952989290168,0.0,0.0,0.48140399162779196,25.059143423137346,-0.02122359584453039,0.0,0.10611797922265195,0.0,0.0,0.0,epa_hwfet,PPO_seed7
215,23.3734,-12750.61770880828,0.0,0.0,0.4813236321521032,25.059327874789265,-0.02396732652031632,0.0,0.11983663260158159,0.0,0.0,0.0,epa_hwfet,PPO_seed7
216,23.45,-13928.725661460037,0.0,0.0,0.48123584686019055,25.059542607085024,-0.02618181515312037,0.0,0.13090907576560185,0.0,0.0,0.0,epa_hwfet,PPO_seed7
217,23.5511,-14951.909994529262,0.0,0.0,0.4811416116403105,25.059786120153,-0.028105093974679064,0.0,0.14052546987339531,0.0,0.0,0.0,epa_hwfet,PPO_seed7
218,23.6502,-15006.070315007351,0.0,0.0,0.48104703341397453,25.060032150072452,-0.028206899088359685,0.0,0.1410344954417984,0.0,0.0,0.0,epa_hwfet,PPO_seed7
219,23.7285,-14339.582995403814,0.0,0.0,0.48095665426914913,25.060260583378525,-0.0269541033748192,0.0,0.134770516874096,0.0,0.0,0.0,epa_hwfet,PPO_seed7
220,23.7681,-12958.869437685655,0.0,0.0,0.48087497625812775,25.060454009919678,-0.02435877713850687,0.0,0.12179388569253435,0.0,0.0,0.0,epa_hwfet,PPO_seed7
221,23.7549,-10991.871721075398,0.0,0.0,0.4808056953145025,25.060603103405338,-0.020661413009540223,0.0,0.10330706504770111,0.0,0.0,0.0,epa_hwfet,PPO_seed7
222,23.6798,-8627.590913795366,0.0,0.0,0.48075131612372146,25.060708021646303,-0.01621727615375069,0.0,0.08108638076875344,0.0,0.0,0.0,epa_hwfet,PPO_seed7
223,23.5405,-6135.194166059174,0.0,0.0,0.4807126465841721,25.060777255244986,-0.011532319861013485,0.0,0.057661599305067424,0.0,0.0,0.0,epa_hwfet,PPO_seed7
224,23.3418,-3799.214796043616,0.0,0.0,0.4806887008375801,25.06082309085619,-0.007141381195570707,0.0,0.03570690597785353,0.0,0.0,0.0,epa_hwfet,PPO_seed7
225,23.095,-1875.9323319696937,0.0,0.0,0.4806768774412795,25.060856671228652,-0.003526188593927996,0.0,0.01763094296963998,0.0,0.0,0.0,epa_hwfet,PPO_seed7
226,22.8164,-553.6436628276065,0.0,0.0,0.4806733881005717,25.060884936728765,-0.001040683576743621,0.0,0.005203417883718106,0.0,0.0,0.0,epa_hwfet,PPO_seed7
227,22.526,0.0,0.0,29.290355119203767,0.4806733881005717,25.06091046553843,0.0,0.0,0.0,0.0,0.0,0.0,epa_hwfet,PPO_seed7
228,22.2442,-92.96353245123156,0.0,0.0,0.48067280223492953,25.0609335851285,-0.00017474348205118715,0.0,0.0008737174102559357,0.0,0.0,0.0,epa_hwfet,PPO_seed7
229,21.9899,-887.638046082275,0.0,0.0,0.4806672084222067,25.060955206127996,-0.001668492567823825,0.0,0.008342462839119125,0.0,0.0,0.0,epa_hwfet,PPO_seed7
230,21.7783,-2207.4740078417453,0.0,0.0,0.48065329750184393,25.060978783110443,-0.004149387232785236,0.0,0.02074693616392618,0.0,0.0,0.0,epa_hwfet,PPO_seed7
231,21.6187,-3852.271149721268,0.0,0.0,0.4806290220255159,25.061010294136008,-0.007241111183686594,0.0,0.03620555591843297,0.0,0.0,0.0,epa_hwfet,PPO_seed7
232,21.5141,-5617.407056850279,0.0,0.0,0.48059362389985477,25.061056567180774,-0.010559035821147143,0.0,0.05279517910573571,0.0,0.0,0.0,epa_hwfet,PPO_seed7
233,21.4606,-7280.405461240699,0.0,0.0,0.480547746763009,25.061122506644242,-0.013684972671505076,0.0,0.06842486335752537,0.0,0.0,0.0,epa_hwfet,PPO_seed7
234,21.4488,-8661.3509087182,0.0,0.0,0.48049316778389906,25.061209013140967,-0.016280734790823686,0.0,0.08140367395411842,0.0,0.0,0.0,epa_hwfet,PPO_seed7
235,21.4645,-9594.368234982227,0.0,0.0,0.4804327092863736,25.06131164868754,-0.01803452675748539,0.0,0.09017263378742695,0.0,0.0,0.0,epa_hwfet,PPO_seed7
236,21.4917,-10005.702985957874,0.0,0.0,0.48036965840183304,25.061422090083916,-0.018807712379620065,0.0,0.09403856189810032,0.0,0.0,0.0,epa_hwfet,PPO_seed7
237,21.5141,-9867.63703462802,0.0,0.0,0.48030747708196586,25.06153016228583,-0.018548189914714325,0.0,0.09274094957357162,0.0,0.0,0.0,epa_hwfet,PPO_seed7
238,21.5181,-9255.746153020387,0.0,0.0,0.48024915122438094,25.061627330581736,-0.01739801908462479,0.0,0.08699009542312394,0.0,0.0,0.0,epa_hwfet,PPO_seed7
239,21.4941,-8296.234018000687,0.0,0.0,0.4801968715774891,25.061708586822476,-0.015594424845865954,0.0,0.07797212422932977,0.0,0.0,0.0,epa_hwfet,PPO_seed7
240,21.4382,-7180.69928415866,0.0,0.0,0.48015162154725816,25.061773331023318,-0.013497555045411015,0.0,0.06748777522705507,0.0,0.0,0.0,epa_hwfet,PPO_seed7
241,21.3525,-6116.304819669637,0.0,0.0,0.4801130790300644,25.061824294265886,-0.01149681357080759,0.0,0.057484067854037944,0.0,0.0,0.0,epa_hwfet,PPO_seed7
242,21.2445,-5291.1521928096945,0.0,0.0,0.4800797365046724,25.06186577457962,-0.009945774798514464,0.0,0.049728873992572316,0.0,0.0,0.0,epa_hwfet,PPO_seed7
243,21.1264,-4867.873497427711,0.0,0.0,0.48004906156790533,25.0619024833031,-0.009150138153059607,0.0,0.04575069076529804,0.0,0.0,0.0,epa_hwfet,PPO_seed7
244,21.0126,-4923.159408415366,0.0,0.0,0.48001803855595165,25.061938962901657,-0.009254059038374748,0.0,0.046270295191873735,0.0,0.0,0.0,epa_hwfet,PPO_seed7
245,20.9181,-5480.458023577883,0.0,0.0,0.4799835040824266,25.06198024614774,-0.010301612826274217,0.0,0.05150806413137108,0.0,0.0,0.0,epa_hwfet,PPO_seed7
246,20.8558,-6476.9751633694905,0.0,0.0,0.4799426904600815,25.06203227540311,-0.012174765344679494,0.0,0.060873826723397466,0.0,0.0,0.0,epa_hwfet,PPO_seed7
247,20.8346,-7791.626661018652,0.0,0.0,0.4798935929340592,25.062101754220663,-0.01464591477635085,0.0,0.07322957388175425,0.0,0.0,0.0,epa_hwfet,PPO_seed7
248,20.8578,-9252.703313866563,0.0,0.0,0.47983528861264246,25.06219477250358,-0.017392299462155196,0.0,0.08696149731077597,0.0,0.0,0.0,epa_hwfet,PPO_seed7
249,20.9224,-10661.85182050577,0.0,0.0,0.4797681043408346,25.06231460538937,-0.020041074850574755,0.0,0.10020537425287378,0.0,0.0,0.0,epa_hwfet,PPO_seed7
250,21.0192,-11814.012363497915,0.0,0.0,0.4796936590312016,25.062459458981,-0.02220679015695097,0.0,0.11103395078475485,0.0,0.0,0.0,epa_hwfet,PPO_seed7
251,21.1337,-12520.018120504663,0.0,0.0,0.4796147636720914,25.062621274688215,-0.023533868647565157,0.0,0.11766934323782578,0.0,0.0,0.0,epa_hwfet,PPO_seed7
252,21.248,-12641.433978841776,0.0,0.0,0.47953510183272435,25.062786775000518,-0.023762093945191312,0.0,0.11881046972595655,0.0,0.0,0.0,epa_hwfet,PPO_seed7
253,21.3427,-12097.500922008063,0.0,0.0,0.47945886635266227,25.06294030206801,-0.0227396633872332,0.0,0.113698316936166,0.0,0.0,0.0,epa_hwfet,PPO_seed7
254,21.3995,-10898.519138631473,0.0,0.0,0.4793901855370344,25.063068335959574,-0.020485938230510287,0.0,0.10242969115255143,0.0,0.0,0.0,epa_hwfet,PPO_seed7
255,21.4034,-9141.336928438901,0.0,0.0,0.47933257761947423,25.0631633651794,-0.017182964151200943,0.0,0.0859148207560047,0.0,0.0,0.0,epa_hwfet,PPO_seed7
256,21.3451,-7020.00887948203,0.0,0.0,0.4792883379500422,25.06322590158115,-0.013195505412560208,0.0,0.06597752706280104,0.0,0.0,0.0,epa_hwfet,PPO_seed7
257,21.2217,-4765.056051632919,0.0,0.0,0.4792583089581309,25.063262827212004,-0.008956872277505487,0.0,0.04478436138752743,0.0,0.0,0.0,epa_hwfet,PPO_seed7
258,21.0374,-2634.7235358175335,0.0,0.0,0.47924170533036603,25.06328396390757,-0.004952487849281078,0.0,0.02476243924640539,0.0,0.0,0.0,epa_hwfet,PPO_seed7
259,20.803,-864.5710986544391,0.0,0.0,0.4792362570329385,25.063298013671297,-0.0016251336440872917,0.0,0.008125668220436458,0.0,0.0,0.0,epa_hwfet,PPO_seed7
260,20.5347,261.2834530532727,0.0,0.0,0.4792379035330087,25.063309938560685,0.014140739060732755,0.0,0.002455671551252563,0.010451338122130907,0.0,0.0,epa_hwfet,PPO_seed7
261,20.2517,689.7259895290948,0.0,0.0,0.4792422497842889,25.063320653626015,0.037328177989702435,0.0,0.00648238711963435,0.027589039581163793,0.0,0.0,epa_hwfet,PPO_seed7
262,19.9322,1601.6365098389608,0.0,0.0,0.4792523420884846,25.063331784740594,0.08668104960767548,0.0,0.015052974716531586,0.06406546039355843,0.0,0.0,epa_hwfet,PPO_seed7
263,19.6373,1133.5686398887715,0.0,0.0,0.4792594847708672,25.06334008573363,0.06134907571367952,0.0,0.010653840600458379,0.04534274559555086,0.0,0.0,epa_hwfet,PPO_seed7
264,19.3819,342.85856786409147,0.0,0.0,0.4792616450844474,25.063345857955014,0.018555608808163385,0.0,0.0032223549611286794,0.01371434271456366,0.0,0.0,epa_hwfet,PPO_seed7
265,19.1755,-901.0585753938936,0.0,0.0,0.4792559677475222,25.06335109334981,-0.0016937191266802511,0.0,0.008468595633401256,0.0,0.0,0.0,epa_hwfet,PPO_seed7
266,19.0212,-2369.68102066057,0.0,0.0,0.4792410372730662,25.06335996065447,-0.004454287632820621,0.0,0.022271438164103104,0.0,0.0,0.0,epa_hwfet,PPO_seed7
267,18.9154,-3739.075884995392,0.0,0.0,0.4792174790481659,25.063376114264702,-0.007028338129690587,0.0,0.03514169064845293,0.0,0.0,0.0,epa_hwfet,PPO_seed7
268,18.8489,-4850.489908447587,0.0,0.0,0.479186918529527,25.063400910480578,-0.009117462233924038,0.0,0.045587311169620184,0.0,0.0,0.0,epa_hwfet,PPO_seed7
269,18.808,-5571.967517206304,0.0,0.0,0.4791518124503629,25.063432607420168,-0.01047362315264343,0.0,0.05236811576321715,0.0,0.0,0.0,epa_hwfet,PPO_seed7
270,18.7771,-5842.123261205161,0.0,0.0,0.47911500427697945,25.06346711127466,-0.010981434701513462,0.0,0.054907173507567304,0.0,0.0,0.0,epa_hwfet,PPO_seed7
271,18.7405,-5649.491423533228,0.0,0.0,0.4790794097565795,25.063499440806257,-0.010619344781077497,0.0,0.05309672390538748,0.0,0.0,0.0,epa_hwfet,PPO_seed7
272,18.685,-5060.679882525142,0.0,0.0,0.47904752503493414,25.063525688854774,-0.009512556170160042,0.0,0.04756278085080021,0.0,0.0,0.0,epa_hwfet,PPO_seed7
273,18.6017,-4199.843925146371,0.0,0.0,0.4790210640488411,25.063544194740956,-0.007894443468320246,0.0,0.03947221734160123,0.0,0.0,0.0,epa_hwfet,PPO_seed7
274,18.4872,-3230.743847118942,0.0,0.0,0.47900070894786617,25.063555574323573,-0.006072826780298763,0.0,0.030364133901493815,0.0,0.0,0.0,epa_hwfet,PPO_seed7
275,18.3441,-2332.9750803029174,0.0,0.0,0.47898601030211885,25.063561797191472,-0.004385291504328793,0.0,0.02192645752164396,0.0,0.0,0.0,epa_hwfet,PPO_seed7
276,18.1804,-1665.880467138565,0.0,0.0,0.4789755147250514,25.063564967720108,-0.0031313542615386564,0.0,0.01565677130769328,0.0,0.0,0.0,epa_hwfet,PPO_seed7
277,18.0087,-1360.470440066643,0.0,0.0,0.4789669434384133,25.063566677542138,-0.002557275263283164,0.0,0.012786376316415817,0.0,0.0,0.0,epa_hwfet,PPO_seed7
278,17.8439,-1477.767045416952,0.0,0.0,0.47895763328062435,25.063568112052604,-0.002777757604167203,0.0,0.013888788020836014,0.0,0.0,0.0,epa_hwfet,PPO_seed7
279,17.7011,-2019.0648347321157,0.0,0.0,0.47894491302428754,25.06357079989872,-0.003795234651752098,0.0,0.018976173258760488,0.0,0.0,0.0,epa_hwfet,PPO_seed7
280,17.5935,-2930.982676488224,0.0,0.0,0.47892644780826504,25.063577325284033,-0.005509365933248542,0.0,0.02754682966624271,0.0,0.0,0.0,epa_hwfet,PPO_seed7
281,17.5301,-4102.838483810354,0.0,0.0,0.4789006000643101,25.06359135945678,-0.007712102413177358,0.0,0.03856051206588679,0.0,0.0,0.0,epa_hwfet,PPO_seed7
282,17.5141,-5384.712455401094,0.0,0.0,0.47886667663835836,25.063616775585132,-0.010121639953761455,0.0,0.050608199768807274,0.0,0.0,0.0,epa_hwfet,PPO_seed7
283,17.5425,-6615.280061483448,0.0,0.0,0.47882500060430394,25.063656204849167,-0.012434736957675654,0.0,0.062173684788378265,0.0,0.0,0.0,epa_hwfet,PPO_seed7
284,17.6059,-7620.720642205841,0.0,0.0,0.47877699001815127,25.063709366494862,-0.014324662861289176,0.0,0.07162331430644588,0.0,0.0,0.0,epa_hwfet,PPO_seed7
285,17.6896,-8246.170194847036,0.0,0.0,0.4787250385843141,25.063772217471783,-0.015500319915126008,0.0,0.07750159957563003,0.0,0.0,0.0,epa_hwfet,PPO_seed7
286,17.7752,-8370.228334364143,0.0,0.0,0.47867230495408536,25.06383737387083,-0.015733511906699516,0.0,0.07866755953349758,0.0,0.0,0.0,epa_hwfet,PPO_seed7
287,17.8428,-7927.635980456884,0.0,0.0,0.47862235912317097,25.06389604911059,-0.014901571391836246,0.0,0.07450785695918123,0.0,0.0,0.0,epa_hwfet,PPO_seed7
288,17.8738,-6935.390598960936,0.0,0.0,0.47857866421347967,25.063941033253712,-0.013036448494287473,0.0,0.06518224247143736,0.0,0.0,0.0,epa_hwfet,PPO_seed7
289,17.8526,-5469.610389506792,0.0,0.0,0.47854420391115926,25.06396893165094,-0.010281222536666903,0.0,0.05140611268333451,0.0,0.0,0.0,epa_hwfet,PPO_seed7
290,17.7693,-3696.679100358889,0.0,0.0,0.4785209136188761,25.063981379652088,-0.006948644925486635,0.0,0.03474322462743317,0.0,0.0,0.0,epa_hwfet,PPO_seed7
291,17.6205,-1816.0191325413837,0.0,0.0,0.47850947215931994,25.06398372811955,-0.0034135697980101198,0.0,0.017067848990050597,0.0,0.0,0.0,epa_hwfet,PPO_seed7
292,17.4098,-42.63800952129162,0.0,0.0,0.47850920353025445,25.06398245553798,-8.01466344385181e-05,0.0,0.00040073317219259044,0.0,0.0,0.0,epa_hwfet,PPO_seed7
293,17.1476,1024.3870958831162,0.0,0.0,0.478515657289158,25.063981488739238,0.05544013771553887,0.0,0.00962769826957816,0.04097548383532465,0.0,0.0,epa_hwfet,PPO_seed7
294,16.8495,1756.1062003674845,0.0,0.0,0.47852672073992497,25.06398168125982,0.09504099571612896,0.0,0.016504757522250793,0.07024424801469938,0.0,0.0,epa_hwfet,PPO_seed7
295,16.5344,2111.4597239941854,0.0,0.0,0.4785400226193757,25.063982378735744,0.1142728352880462,0.0,0.01984454627814084,0.08445838895976741,0.0,0.0,epa_hwfet,PPO_seed7
296,16.2224,2085.2400439849175,0.0,0.0,0.4785531590208166,25.06398219625106,0.11285381832032658,0.0,0.019598120714143963,0.0834096017593967,0.0,0.0,epa_hwfet,PPO_seed7
297,15.9321,1723.453284557339,0.0,0.0,0.4785640160343368,25.063979996318643,0.09327381009205808,0.0,0.016197869215764465,0.06893813138229356,0.0,0.0,epa_hwfet,PPO_seed7
298,15.6782,1109.905645260745,0.0,0.0,0.4785710078228553,25.06397553020603,0.06006842732772061,0.0,0.010431444034405497,0.0443962258104298,0.0,0.0,epa_hwfet,PPO_seed7
299,15.4703,340.42378872228227,0.0,0.0,0.47857315226677133,25.063969494578103,0.018423837828744266,0.0,0.0031994716985176905,0.01361695154889129,0.0,0.0,epa_hwfet,PPO_seed7
300,15.3114,-655.2313100937829,0.0,0.0,0.47856902480168556,25.063963352577105,-0.0012316378009281635,0.0,0.006158189004640817,0.0,0.0,0.0,epa_hwfet,PPO_seed7
301,15.1981,-1697.6509630736393,0.0,0.0,0.4785583309821619,25.063959247419564,-0.0031910732388602246,0.0,0.015955366194301122,0.0,0.0,0.0,epa_hwfet,PPO_seed7
302,15.3494,-8073.933746743042,0.0,0.0,0.47850747207412414,25.064014033127368,-0.01517656719312602,0.0,0.0758828359656301,0.0,0.0,0.0,epa_hwfet,PPO_seed7
303,15.5241,-8779.967642306912,0.0,0.0,0.4784521648439889,25.064080476671993,-0.016503698575764874,0.0,0.08251849287882436,0.0,0.0,0.0,epa_hwfet,PPO_seed7
304,15.7068,-9131.273999343046,0.0,0.0,0.47839464358509576,25.06415332760755,-0.017164048870945577,0.0,0.08582024435472788,0.0,0.0,0.0,epa_hwfet,PPO_seed7
305,15.8823,-9107.014012343958,0.0,0.0,0.4783372740494025,25.06422623636198,-0.01711844739162398,0.0,0.0855922369581199,0.0,0.0,0.0,epa_hwfet,PPO_seed7
306,16.038,-8749.028987430027,0.0,0.0,0.4782821586142908,25.064293561491194,-0.01644554320945494,0.0,0.08222771604727469,0.0,0.0,0.0,epa_hwfet,PPO_seed7
307,16.1655,-8148.348815704605,0.0,0.0,0.478230826365851,25.064351703920618,-0.015316445142301889,0.0,0.07658222571150944,0.0,0.0,0.0,epa_hwfet,PPO_seed7
308,16.2619,-7440.012446484154,0.0,0.0,0.47818395576504985,25.064399752990074,-0.013984985801661944,0.0,0.06992492900830971,0.0,0.0,0.0,epa_hwfet,PPO_seed7
309,16.3303,-6781.362926079311,0.0,0.0,0.4781412340388549,25.064439216991783,-0.012746922793382166,0.0,0.06373461396691082,0.0,0.0,0.0,epa_hwfet,PPO_seed7
310,16.3795,-6328.038578172157,0.0,0.0,0.47810136784767654,25.0644732662276,-0.011894809357466462,0.0,0.059474046787332306,0.0,0.0,0.0,epa_hwfet,PPO_seed7
311,16.4223,-6194.590354350687,0.0,0.0,0.4780623420973248,25.06450589686241,-0.011643966831486255,0.0,0.058219834157431274,0.0,0.0,0.0,epa_hwfet,PPO_seed7
312,16.4741,-6461.216293594963,0.0,0.0,0.47802163635105277,25.06454187485601,-0.012145143409013088,0.0,0.060725717045065436,0.0,0.0,0.0,epa_hwfet,PPO_seed7
313,16.5505,-7148.981765380683,0.0,0.0,0.47797659735050424,25.06458690380245,-0.01343793564921181,0.0,0.06718967824605905,0.0,0.0,0.0,epa_hwfet,PPO_seed7
314,16.6648,-8217.908593070808,0.0,0.0,0.4779248235620932,25.06464775918343,-0.015447196603516556,0.0,0.07723598301758278,0.0,0.0,0.0,epa_hwfet,PPO_seed7
315,16.8263,-9586.3016310658,0.0,0.0,0.47786442795820805,25.064732088755747,-0.0180193639681688,0.0,0.09009681984084399,0.0,0.0,0.0,epa_hwfet,PPO_seed7
316,17.0383,-11117.211843067913,0.0,0.0,0.4777943861023472,25.064847006335558,-0.02089701474260886,0.0,0.10448507371304429,0.0,0.0,0.0,epa_hwfet,PPO_seed7
317,17.2978,-12654.958665943213,0.0,0.0,0.47771465419862813,25.06499731009134,-0.023787516289366942,0.0,0.11893758144683471,0.0,0.0,0.0,epa_hwfet,PPO_seed7
318,17.5953,-14019.711634380923,0.0,0.0,0.4776263213604696,25.065183058761612,-0.026352841418009254,0.0,0.13176420709004627,0.0,0.0,0.0,epa_hwfet,PPO_seed7
319,17.9158,-15035.549444752198,0.0,0.0,0.47753158518514827,25.06539791252078,-0.028262310986376313,0.0,0.14131155493188155,0.0,0.0,0.0,epa_hwfet,PPO_seed7
320,18.2407,-15558.622029354894,0.0,0.0,0.4774335499317143,25.065629213276246,-0.029245530130366345,0.0,0.14622765065183171,0.0,0.0,0.0,epa_hwfet,PPO_seed7
321,18.5498,-15489.96600443841,0.0,0.0,0.4773359439143259,25.065859853062136,-0.0291164774519519,0.0,0.1455823872597595,0.0,0.0,0.0,epa_hwfet,PPO_seed7
322,18.8239,-14806.988756979788,0.0,0.0,0.47724263839527997,25.06607222731756,-0.02783268563342066,0.0,0.13916342816710328,0.0,0.0,0.0,epa_hwfet,PPO_seed7
323,19.0471,-13568.792268033085,0.0,0.0,0.47715713274745863,25.06625252979075,-0.025505248624122342,0.0,0.1275262431206117,0.0,0.0,0.0,epa_hwfet,PPO_seed7
324,19.2089,-11919.0623726794,0.0,0.0,0.47708202123816595,25.06639399145939,-0.022404252580224437,0.0,0.11202126290112219,0.0,0.0,0.0,epa_hwfet,PPO_seed7
325,19.3053,-10056.884969272665,0.0,0.0,0.4770186436250602,25.06649738665768,-0.018903919115174184,0.0,0.09451959557587092,0.0,0.0,0.0,epa_hwfet,PPO_seed7
326,19.3395,-8218.474167573806,0.0,0.0,0.47696685092348023,25.066569328803936,-0.015448259713484597,0.0,0.07724129856742298,0.0,0.0,0.0,epa_hwfet,PPO_seed7
327,19.3211,-6621.706097438745,0.0,0.0,0.47692512083098926,25.06661888045712,-0.01244681597262922,0.0,0.0622340798631461,0.0,0.0,0.0,epa_hwfet,PPO_seed7
328,19.2653,-5457.46418182358,0.0,0.0,0.4768907278380104,25.066654900522977,-0.010258391319217255,0.0,0.05129195659608628,0.0,0.0,0.0,epa_hwfet,PPO_seed7
329,19.1907,-4842.850460397962,0.0,0.0,0.47686020829338505,25.066684531619543,-0.009103102369169102,0.0,0.045515511845845506,0.0,0.0,0.0,epa_hwfet,PPO_seed7
330,19.1169,-4816.34829774446,0.0,0.0,0.4768298559689368,25.066713449020902,-0.009053286273955753,0.0,0.04526643136977876,0.0,0.0,0.0,epa_hwfet,PPO_seed7
331,19.062,-5339.527894392114,0.0,0.0,0.4767962068194796,25.06674695401699,-0.010036706568406231,0.0,0.05018353284203115,0.0,0.0,0.0,epa_hwfet,PPO_seed7
332,19.0407,-6319.7004639954575,0.0,0.0,0.47675638090123457,25.066790956529534,-0.011879136210517777,0.0,0.05939568105258888,0.0,0.0,0.0,epa_hwfet,PPO_seed7
333,19.0623,-7608.153379763615,0.0,0.0,0.4767084353617566,25.066851818232095,-0.014301040187525592,0.0,0.07150520093762795,0.0,0.0,0.0,epa_hwfet,PPO_seed7
334,19.1299,-9032.924695006199,0.0,0.0,0.47665151089373325,25.066935229368188,-0.016979181757530448,0.0,0.08489590878765224,0.0,0.0,0.0,epa_hwfet,PPO_seed7
335,19.24,-10404.517083687975,0.0,0.0,0.4765859422350058,25.067044226608584,-0.019557362939263113,0.0,0.09778681469631556,0.0,0.0,0.0,epa_hwfet,PPO_seed7
336,19.3838,-11561.506491425238,0.0,0.0,0.476513081327443,25.067177853260237,-0.02173215505907,0.0,0.10866077529534998,0.0,0.0,0.0,epa_hwfet,PPO_seed7
337,19.5484,-12365.58532796555,0.0,0.0,0.47643515176886003,25.067330439135425,-0.023243581443544267,0.0,0.11621790721772132,0.0,0.0,0.0,epa_hwfet,PPO_seed7
338,19.7186,-12722.23843796505,0.0,0.0,0.4763549729809974,25.06749234831575,-0.023913982026250096,0.0,0.11956991013125047,0.0,0.0,0.0,epa_hwfet,PPO_seed7
339,19.8797,-12619.080544021856,0.0,0.0,0.47627544272001043,25.067652660921055,-0.0237200762105674,0.0,0.11860038105283699,0.0,0.0,0.0,epa_hwfet,PPO_seed7
340,20.0196,-12113.162717183886,0.0,0.0,0.4761990994772726,25.067801951124466,-0.02276910285184941,0.0,0.11384551425924705,0.0,0.0,0.0,epa_hwfet,PPO_seed7
341,20.1302,-11314.971676869682,0.0,0.0,0.4761277856247363,25.06793423753926,-0.021268743753514438,0.0,0.10634371876757219,0.0,0.0,0.0,epa_hwfet,PPO_seed7
342,20.2094,-10410.20577556289,0.0,0.0,0.47606217325494704,25.06804844662559,-0.019568055969103177,0.0,0.09784027984551588,0.0,0.0,0.0,epa_hwfet,PPO_seed7
343,20.2608,-9585.211475849856,0.0,0.0,0.47600175995224975,25.068147390809283,-0.01801731480422905,0.0,0.09008657402114525,0.0,0.0,0.0,epa_hwfet,PPO_seed7
344,20.2935,-9026.135352459378,0.0,0.0,0.4759448699638613,25.068236681662135,-0.01696641983544996,0.0,0.08483209917724979,0.0,0.0,0.0,epa_hwfet,PPO_seed7
345,20.3211,-8890.544872458368,0.0,0.0,0.475888834289487,25.068323774733628,-0.01671155051213979,0.0,0.08355775256069894,0.0,0.0,0.0,epa_hwfet,PPO_seed7
346,20.3595,-9268.020580475857,0.0,0.0,0.47583041917914964,25.06841745221138,-0.017421091316683943,0.0,0.08710545658341971,0.0,0.0,0.0,epa_hwfet,PPO_seed7
347,20.4245,-10174.456643731155,0.0,0.0,0.47576629054730957,25.06852800672172,-0.019124918503254054,0.0,0.09562459251627026,0.0,0.0,0.0,epa_hwfet,PPO_seed7
348,20.53,-11572.378255246662,0.0,0.0,0.47569335029832716,25.068667739074257,-0.02175259070535087,0.0,0.10876295352675434,0.0,0.0,0.0,epa_hwfet,PPO_seed7
349,20.6854,-13343.253128215754,0.0,0.0,0.47560924714938657,25.06884994276562,-0.025081302872586003,0.0,0.12540651436293002,0.0,0.0,0.0,epa_hwfet,PPO_seed7
350,20.8944,-15326.594596021216,0.0,0.0,0.4755126410258062,25.0690870554552,-0.028809388338385745,0.0,0.14404694169192872,0.0,0.0,0.0,epa_hwfet,PPO_seed7
351,21.1539,-17313.95284977983,0.0,0.0,0.47540350542090304,25.069387073744725,-0.032545024153721486,0.0,0.16272512076860743,0.0,0.0,0.0,epa_hwfet,PPO_seed7
352,21.4008,-17228.333289557493,0.0,0.0,0.4752949060146776,25.069686014936458,-0.03238408513074717,0.0,0.16192042565373585,0.0,0.0,0.0,epa_hwfet,PPO_seed7
353,21.6737,-18473.89487886159,0.0,0.0,0.4751784515606561,25.070028882323083,-0.03472536631364961,0.0,0.173626831568248,0.0,0.0,0.0,epa_hwfet,PPO_seed7
354,21.9538,-19115.7238010942,0.0,0.0,0.4750579470348581,25.07039663192357,-0.0359318116561921,0.0,0.17965905828096052,0.0,0.0,0.0,epa_hwfet,PPO_seed7
355,22.2206,-19041.76800077719,0.0,0.0,0.47493790442648615,25.070763816238944,-0.03579279699394208,0.0,0.17896398496971042,0.0,0.0,0.0,epa_hwfet,PPO_seed7
356,22.4546,-18234.156909648453,0.0,0.0,0.47482294916551443,25.071104498365308,-0.034274731033173786,0.0,0.17137365516586892,0.0,0.0,0.0,epa_hwfet,PPO_seed7
357,22.6393,-16758.44677597346,0.0,0.0,0.4747172941029679,25.071398011180914,-0.031500839804461396,0.0,0.15750419902230697,0.0,0.0,0.0,epa_hwfet,PPO_seed7
358,22.7638,-14794.30200732756,0.0,0.0,0.4746240198411599,25.071634144358192,-0.027808838359638273,0.0,0.13904419179819136,0.0,0.0,0.0,epa_hwfet,PPO_seed7
359,22.8237,-12576.222596387377,0.0,0.0,0.4745447286214102,25.07181357185083,-0.023639516158622892,0.0,0.11819758079311445,0.0,0.0,0.0,epa_hwfet,PPO_seed7
360,22.8214,-10365.454140831598,0.0,0.0,0.4744793753665295,25.0719451928033,-0.019483936354946614,0.0,0.09741968177473306,0.0,0.0,0.0,epa_hwfet,PPO_seed7
361,22.7662,-8433.40769877599,0.0,0.0,0.47442620341892694,25.07204210727128,-0.01585227011048119,0.0,0.07926135055240593,0.0,0.0,0.0,epa_hwfet,PPO_seed7
362,22.6726,-6987.92206343693,0.0,0.0,0.4743821453747678,25.07211715788965,-0.01313519184856566,0.0,0.06567595924282829,0.0,0.0,0.0,epa_hwfet,PPO_seed7
363,22.5588,-6175.960026459915,0.0,0.0,0.47434320705065575,25.072181031334054,-0.011608947418157736,0.0,0.058044737090788674,0.0,0.0,0.0,epa_hwfet,PPO_seed7
364,22.4438,-6034.520154287685,0.0,0.0,0.4743051609554571,25.072242084688625,-0.011343082996781363,0.0,0.05671541498390681,0.0,0.0,0.0,epa_hwfet,PPO_seed7
365,22.3454,-6527.364681048805,0.0,0.0,0.4742640081173404,25.072307859105432,-0.012269482483174447,0.0,0.06134741241587223,0.0,0.0,0.0,epa_hwfet,PPO_seed7
366,22.2779,-7539.152138496267,0.0,0.0,0.4742164767895525,25.07238616402005,-0.014171338606195991,0.0,0.07085669303097995,0.0,0.0,0.0,epa_hwfet,PPO_seed7
367,22.2505,-8901.909125276079,0.0,0.0,0.4741603541827633,25.072485045448595,-0.01673291188961669,0.0,0.08366455944808344,0.0,0.0,0.0,epa_hwfet,PPO_seed7
368,22.2659,-10399.428779019296,0.0,0.0,0.47409479046118086,25.07261102562261,-0.019547798456803187,0.0,0.09773899228401593,0.0,0.0,0.0,epa_hwfet,PPO_seed7
369,22.3209,-11832.157894745276,0.0,0.0,0.47402019372345705,25.072767269526015,-0.022240898298393378,0.0,0.11120449149196689,0.0,0.0,0.0,epa_hwfet,PPO_seed7
370,22.4065,-12994.350877876024,0.0,0.0,0.4739382691103967,25.072951267548724,-0.024425471574954935,0.0,0.12212735787477466,0.0,0.0,0.0,epa_hwfet,PPO_seed7
371,22.5099,-13738.848867468974,0.0,0.0,0.47385164958987064,25.073154786200625,-0.025824903886219875,0.0,0.12912451943109937,0.0,0.0,0.0,epa_hwfet,PPO_seed7
372,22.6163,-13972.96204184939,0.0,0.0,0.4737635527084856,25.073365247711333,-0.026264966244077804,0.0,0.13132483122038902,0.0,0.0,0.0,epa_hwfet,PPO_seed7
373,22.7114,-13689.867488629261,0.0,0.0,0.4736772393273991,25.073569089813503,-0.025732833625242976,0.0,0.12866416812621487,0.0,0.0,0.0,epa_hwfet,PPO_seed7
374,22.7832,-12950.990275775115,0.0,0.0,0.4735955833267253,25.07375496373177,-0.024343966683787813,0.0,0.12171983341893905,0.0,0.0,0.0,epa_hwfet,PPO_seed7
375,22.8243,-11909.435532863348,0.0,0.0,0.47352049346745556,25.073916768488825,-0.02238615701666043,0.0,0.11193078508330215,0.0,0.0,0.0,epa_hwfet,PPO_seed7
376,22.833,-10768.506345107442,0.0,0.0,0.47345259673317575,25.074054247039715,-0.020241553280277148,0.0,0.10120776640138573,0.0,0.0,0.0,epa_hwfet,PPO_seed7
377,22.8135,-9746.658815429768,0.0,0.0,0.4733911426551885,25.07417177031126,-0.01832078724704844,0.0,0.09160393623524218,0.0,0.0,0.0,epa_hwfet,PPO_seed7
378,22.7755,-9051.876225391594,0.0,0.0,0.47333406928337757,25.074276591108077,-0.017014804934946608,0.0,0.08507402467473303,0.0,0.0,0.0,epa_hwfet,PPO_seed7
379,22.7331,-8853.726309782101,0.0,0.0,0.47327824540655394,25.074377583889245,-0.016642342687560343,0.0,0.0832117134378017,0.0,0.0,0.0,epa_hwfet,PPO_seed7
380,22.7026,-9243.663164919708,0.0,0.0,0.4732199630948917,25.07448479038597,-0.017375306700976895,0.0,0.08687653350488447,0.0,0.0,0.0,epa_hwfet,PPO_seed7
381,22.7006,-10248.03423426355,0.0,0.0,0.4731553481976665,25.07461021711415,-0.0192632222448563,0.0,0.09631611122428149,0.0,0.0,0.0,epa_hwfet,PPO_seed7
382,22.7411,-11794.280879356927,0.0,0.0,0.4730809838835175,25.074767901897026,-0.02216970090104686,0.0,0.11084850450523429,0.0,0.0,0.0,epa_hwfet,PPO_seed7
383,22.834,-13760.335557261425,0.0,0.0,0.4729942226902982,25.074973576376422,-0.02586529240086734,0.0,0.1293264620043367,0.0,0.0,0.0,epa_hwfet,PPO_seed7
384,22.9832,-15955.125534580115,0.0,0.0,0.4728936215220444,25.075241946225646,-0.029990837471015254,0.0,0.14995418735507626,0.0,0.0,0.0,epa_hwfet,PPO_seed7
385,23.186,-18156.31565350799,0.0,0.0,0.47277913878198197,25.075582919124976,-0.034128412882533814,0.0,0.17064206441266908,0.0,0.0,0.0,epa_hwfet,PPO_seed7
386,23.4329,-20115.196384302177,0.0,0.0,0.47265230084761484,25.07599692978034,-0.037810519519364996,0.0,0.18905259759682497,0.0,0.0,0.0,epa_hwfet,PPO_seed7
387,23.7089,-21606.09858542092,0.0,0.0,0.47251605713441996,25.076472346943504,-0.0406129672658288,0.0,0.203064836329144,0.0,0.0,0.0,epa_hwfet,PPO_seed7
388,23.9951,-22439.598366488986,0.0,0.0,0.47237455197128925,25.07698534121395,-0.04217969617761088,0.0,0.21089848088805438,0.0,0.0,0.0,epa_hwfet,PPO_seed7
389,24.2707,-22486.312249214094,0.0,0.0,0.4722327463859093,25.077503241666783,-0.042267504227846045,0.0,0.2113375211392302,0.0,0.0,0.0,epa_hwfet,PPO_seed7
390,24.516,-21729.972554083626,0.0,0.0,0.47209570499439213,25.07799226918676,-0.04084581307158577,0.0,0.2042290653579288,0.0,0.0,0.0,epa_hwfet,PPO_seed7
391,24.7142,-20236.22389253321,0.0,0.0,0.47196807935665847,25.078424381044382,-0.038038014835588746,0.0,0.1901900741779437,0.0,0.0,0.0,epa_hwfet,PPO_seed7
392,24.854,-18193.764745922046,0.0,0.0,0.4718533315987225,25.078784070301662,-0.0341988059133873,0.0,0.17099402956693652,0.0,0.0,0.0,epa_hwfet,PPO_seed7
393,24.9302,-15838.533799791969,0.0,0.0,0.4717534359986247,25.079069092705186,-0.029771680074796938,0.0,0.14885840037398468,0.0,0.0,0.0,epa_hwfet,PPO_seed7
394,24.945,-13476.201180349764,0.0,0.0,0.47166843876006026,25.07928905011001,-0.02533120522622136,0.0,0.1266560261311068,0.0,0.0,0.0,epa_hwfet,PPO_seed7
395,24.907,-11382.329854716068,0.0,0.0,0.47159664763766534,25.079459541795472,-0.021395356869767047,0.0,0.10697678434883523,0.0,0.0,0.0,epa_hwfet,PPO_seed7
396,24.8303,-9796.990161385731,0.0,0.0,0.47153485577154236,25.079597485098077,-0.018415395040198745,0.0,0.09207697520099371,0.0,0.0,0.0,epa_hwfet,PPO_seed7
397,24.7323,-8868.469880531504,0.0,0.0,0.47147892071492115,25.07971786346189,-0.0166700561664126,0.0,0.083350280832063,0.0,0.0,0.0,epa_hwfet,PPO_seed7
398,24.6316,-8657.162211231886,0.0,0.0,0.47142431898046067,25.079833396433408,-0.016272861299308057,0.0,0.08136430649654028,0.0,0.0,0.0,epa_hwfet,PPO_seed7
399,24.5457,-9131.310353896582,0.0,0.0,0.4713667273520765,25.07995561518305,-0.017164117206572526,0.0,0.08582058603286262,0.0,0.0,0.0,epa_hwfet,PPO_seed7
400,24.4884,-10159.13950126116,0.0,0.0,0.47130265370187735,25.08009554510108,-0.01909612688206985,0.0,0.09548063441034924,0.0,0.0,0.0,epa_hwfet,PPO_seed7
401,24.4684,-11556.51501389812,0.0,0.0,0.4712297671432325,25.08026352934069,-0.021722772582515266,0.0,0.10861386291257633,0.0,0.0,0.0,epa_hwfet,PPO_seed7
402,24.4527,-11701.656255544041,0.0,0.0,0.4711559651408395,25.080434370644234,-0.02199559446530835,0.0,0.10997797232654175,0.0,0.0,0.0,epa_hwfet,PPO_seed7
403,24.4734,-13111.823902044456,0.0,0.0,0.4710732691532784,25.08063817193721,-0.024646285530158754,0.0,0.12323142765079376,0.0,0.0,0.0,epa_hwfet,PPO_seed7
404,24.5217,-14224.502330012043,0.0,0.0,0.4709835549692195,25.080871003738668,-0.026737786334609104,0.0,0.13368893167304552,0.0,0.0,0.0,epa_hwfet,PPO_seed7
405,24.5848,-14871.739684542757,0.0,0.0,0.47088975770540376,25.081122174734844,-0.02795439790327586,0.0,0.13977198951637929,0.0,0.0,0.0,epa_hwfet,PPO_seed7
406,24.648,-14958.743162491308,0.0,0.0,0.47079541055844265,25.081376427641317,-0.028117938275359602,0.0,0.140589691376798,0.0,0.0,0.0,epa_hwfet,PPO_seed7
407,24.6971,-14481.914094727295,0.0,0.0,0.47070406973219936,25.081617959026158,-0.027221643035201682,0.0,0.1361082151760084,0.0,0.0,0.0,epa_hwfet,PPO_seed7
408,24.7207,-13532.058550723184,0.0,0.0,0.470618718987404,25.081834659085622,-0.02543620028331426,0.0,0.1271810014165713,0.0,0.0,0.0,epa_hwfet,PPO_seed7
409,24.7117,-12267.532163261241,0.0,0.0,0.4705413434615232,25.08202051267028,-0.023059270983573764,0.0,0.11529635491786881,0.0,0.0,0.0,epa_hwfet,PPO_seed7
410,24.6688,-10914.745855755937,0.0,0.0,0.47047250026150006,25.08217633896981,-0.0205164395784886,0.0,0.10258219789244301,0.0,0.0,0.0,epa_hwfet,PPO_seed7
411,24.5967,-9714.41401897418,0.0,0.0,0.470411228125616,25.08230801761217,-0.018260176727395074,0.0,0.09130088363697537,0.0,0.0,0.0,epa_hwfet,PPO_seed7
412,24.5057,-8893.844173871665,0.0,0.0,0.4703551319589802,25.082424242571154,-0.016717752206525684,0.0,0.08358876103262843,0.0,0.0,0.0,epa_hwfet,PPO_seed7
413,24.4105,-8633.202317478896,0.0,0.0,0.4703006802217132,25.08253498557666,-0.016227823905035518,0.0,0.08113911952517759,0.0,0.0,0.0,epa_hwfet,PPO_seed7
414,24.3278,-9019.53723234561,0.0,0.0,0.47024379230783725,25.08265104474365,-0.016954017354033103,0.0,0.08477008677016551,0.0,0.0,0.0,epa_hwfet,PPO_seed7
415,24.2748,-10084.743036356214,0.0,0.0,0.47018018642504045,25.08278543997537,-0.018956283902925215,0.0,0.09478141951462607,0.0,0.0,0.0,epa_hwfet,PPO_seed7
416,24.2661,-11747.327880181529,0.0,0.0,0.47010609464912567,25.082953671326443,-0.022081443383799866,0.0,0.11040721691899932,0.0,0.0,0.0,epa_hwfet,PPO_seed7
417,24.3119,-13862.30372035954,0.0,0.0,0.4700186632531112,25.083173213398783,-0.026056961880375075,0.0,0.13028480940187537,0.0,0.0,0.0,epa_hwfet,PPO_seed7
418,24.4165,-16228.16394538773,0.0,0.0,0.4699163090437041,25.083460852773644,-0.03050406756651829,0.0,0.15252033783259145,0.0,0.0,0.0,epa_hwfet,PPO_seed7
419,24.5774,-18601.065883828003,0.0,0.0,0.4697989863610528,25.083828143277312,-0.03496440955606768,0.0,0.17482204778033839,0.0,0.0,0.0,epa_hwfet,PPO_seed7
420,24.7855,-20727.559109356498,0.0,0.0,0.4696682478400011,25.084276688498733,-0.0389615772732265,0.0,0.1948078863661325,0.0,0.0,0.0,epa_hwfet,PPO_seed7
421,25.0258,-22357.555075569224,0.0,0.0,0.4695272235536192,25.08479435107996,-0.04202547946535569,0.0,0.21012739732677843,0.0,0.0,0.0,epa_hwfet,PPO_seed7
422,25.2793,-23291.990822439227,0.0,0.0,0.4693802996318242,25.08535538727095,-0.04378193763616396,0.0,0.2189096881808198,0.0,0.0,0.0,epa_hwfet,PPO_seed7
423,25.5252,-23403.646535382002,0.0,0.0,0.4692326655182052,25.08592446145699,-0.043991816795830835,0.0,0.21995908397915415,0.0,0.0,0.0,epa_hwfet,PPO_seed7
424,25.7436,-22671.54471850499,0.0,0.0,0.4690896440266758,25.08646454594458,-0.042615685561099605,0.0,0.21307842780549802,0.0,0.0,0.0,epa_hwfet,PPO_seed7
425,25.9174,-21162.86796343967,0.0,0.0,0.4689561351455382,25.086944551780082,-0.03977982699894675,0.0,0.19889913499473372,0.0,0.0,0.0,epa_hwfet,PPO_seed7
426,26.0348,-19067.65621055296,0.0,0.0,0.46883584066484874,25.087346661262956,-0.03584145904239278,0.0,0.1792072952119639,0.0,0.0,0.0,epa_hwfet,PPO_seed7
427,26.0905,-16648.728888845697,0.0,0.0,0.4687308045309974,25.087668120669143,-0.031294603174521984,0.0,0.15647301587260992,0.0,0.0,0.0,epa_hwfet,PPO_seed7
428,26.0859,-14195.267506720049,0.0,0.0,0.46864124607376967,25.087918268105373,-0.026682833659248215,0.0,0.13341416829624106,0.0,0.0,0.0,epa_hwfet,PPO_seed7
429,26.0292,-12009.82217715339,0.0,0.0,0.46856547539854404,25.08811375751545,-0.022574853716453742,0.0,0.1128742685822687,0.0,0.0,0.0,epa_hwfet,PPO_seed7
430,25.934,-10337.56439265261,0.0,0.0,0.46850025535725454,25.088272786144696,-0.019431512016264307,0.0,0.09715756008132152,0.0,0.0,0.0,epa_hwfet,PPO_seed7
431,25.817,-9323.847681501355,0.0,0.0,0.46844143145194894,25.088411419296087,-0.017526029476506305,0.0,0.08763014738253153,0.0,0.0,0.0,epa_hwfet,PPO_seed7
432,25.6965,-9046.960804017257,0.0,0.0,0.4683843551420998,25.08854350232533,-0.01700556542108507,0.0,0.08502782710542535,0.0,0.0,0.0,epa_hwfet,PPO_seed7
433,25.5892,-9452.102846769432,0.0,0.0,0.4683247236163845,25.088680986029686,-0.017767110614228258,0.0,0.08883555307114128,0.0,0.0,0.0,epa_hwfet,PPO_seed7
434,25.5085,-10416.144159925841,0.0,0.0,0.46825901086989874,25.088835164467202,-0.019579218345725267,0.0,0.09789609172862633,0.0,0.0,0.0,epa_hwfet,PPO_seed7
435,25.4629,-11753.119234900763,0.0,0.0,0.46818486403705334,25.08901638090607,-0.02209232938891121,0.0,0.11046164694455604,0.0,0.0,0.0,epa_hwfet,PPO_seed7
436,25.4547,-13224.004634196612,0.0,0.0,0.4681014380280614,25.08923185433138,-0.024857151568038745,0.0,0.12428575784019372,0.0,0.0,0.0,epa_hwfet,PPO_seed7
437,25.48,-14584.179176192943,0.0,0.0,0.46800943083065427,25.089483105483307,-0.027413870631941624,0.0,0.1370693531597081,0.0,0.0,0.0,epa_hwfet,PPO_seed7
438,25.5298,-15623.65380358156,0.0,0.0,0.4679108651242039,25.089764461031628,-0.029367770307484133,0.0,0.14683885153742066,0.0,0.0,0.0,epa_hwfet,PPO_seed7
439,25.5914,-16178.31775880069,0.0,0.0,0.4678087990171166,25.090063155973045,-0.030410371727068966,0.0,0.15205185863534482,0.0,0.0,0.0,epa_hwfet,PPO_seed7
440,25.65,-16140.79415057806,0.0,0.0,0.46770696830029773,25.090361421116736,-0.03033983862890613,0.0,0.15169919314453065,0.0,0.0,0.0,epa_hwfet,PPO_seed7
441,25.6916,-15519.724658469655,0.0,0.0,0.4676090546005703,25.090641674919322,-0.029172414771559504,0.0,0.1458620738577975,0.0,0.0,0.0,epa_hwfet,PPO_seed7
442,25.7051,-14414.732158612895,0.0,0.0,0.46751811133868104,25.090890937545673,-0.027095361200400177,0.0,0.13547680600200088,0.0,0.0,0.0,epa_hwfet,PPO_seed7
443,25.6836,-12987.718633000219,0.0,0.0,0.4674361706567369,25.0911031040373,-0.024413004949248533,0.0,0.12206502474624266,0.0,0.0,0.0,epa_hwfet,PPO_seed7
444,25.6263,-11487.495180397553,0.0,0.0,0.4673636949243358,25.091279977857837,-0.02159303605337886,0.0,0.10796518026689429,0.0,0.0,0.0,epa_hwfet,PPO_seed7
445,25.5384,-10165.163706503812,0.0,0.0,0.4672995621561656,25.091428780520456,-0.019107450576134985,0.0,0.09553725288067492,0.0,0.0,0.0,epa_hwfet,PPO_seed7
446,25.4306,-9253.162822606499,0.0,0.0,0.4672411837468107,25.091559511590507,-0.017393163200388157,0.0,0.08696581600194078,0.0,0.0,0.0,epa_hwfet,PPO_seed7
447,25.3181,-8942.42678171635,0.0,0.0,0.46718476639763934,25.091683400515286,-0.016809072897963066,0.0,0.08404536448981532,0.0,0.0,0.0,epa_hwfet,PPO_seed7
448,25.2184,-9334.885407073822,0.0,0.0,0.46712587372838277,25.09181261315555,-0.01754677708096583,0.0,0.08773388540482915,0.0,0.0,0.0,epa_hwfet,PPO_seed7
449,25.149,-10443.0418039339,0.0,0.0,0.46705999047506175,25.091961357224225,-0.01962977782694342,0.0,0.0981488891347171,0.0,0.0,0.0,epa_hwfet,PPO_seed7
450,25.125,-12189.695757080044,0.0,0.0,0.46698308831697954,25.09214677734503,-0.022912961949398583,0.0,0.1145648097469929,0.0,0.0,0.0,epa_hwfet,PPO_seed7
451,25.1574,-14436.573169711362,0.0,0.0,0.46689201100598815,25.09238873984236,-0.027136415732540154,0.0,0.13568207866270077,0.0,0.0,0.0,epa_hwfet,PPO_seed7
452,25.1791,-14046.049301899393,0.0,0.0,0.46680339663680687,25.09262046671311,-0.026402348311840962,0.0,0.1320117415592048,0.0,0.0,0.0,epa_hwfet,PPO_seed7
453,25.2597,-16465.53353779198,0.0,0.0,0.4666995173405457,25.092922612816896,-0.03095025101088718,0.0,0.1547512550544359,0.0,0.0,0.0,epa_hwfet,PPO_seed7
454,25.3902,-18619.781833080626,0.0,0.0,0.46658204526496644,25.093297590355757,-0.03499958991180569,0.0,0.17499794955902845,0.0,0.0,0.0,epa_hwfet,PPO_seed7
455,25.5558,-20262.906341229187,0.0,0.0,0.46645420378857694,25.093734927091507,-0.03808816981434058,0.0,0.1904408490717029,0.0,0.0,0.0,epa_hwfet,PPO_seed7
456,25.7378,-21204.602266613972,0.0,0.0,0.46632041725160517,25.094211487243793,-0.03985827493724431,0.0,0.19929137468622155,0.0,0.0,0.0,epa_hwfet,PPO_seed7
457,25.9153,-21308.657257929408,0.0,0.0,0.4661859700614165,25.094694602552565,-0.040053867026183104,0.0,0.2002693351309155,0.0,0.0,0.0,epa_hwfet,PPO_seed7
458,26.0682,-20558.243965669346,0.0,0.0,0.46605625367341913,25.095150172324914,-0.03864331572494238,0.0,0.1932165786247119,0.0,0.0,0.0,epa_hwfet,PPO_seed7
459,26.1793,-19032.668768732474,0.0,0.0,0.4659361599704207,25.095550330679522,-0.03577569317430916,0.0,0.1788784658715458,0.0,0.0,0.0,epa_hwfet,PPO_seed7
460,26.2366,-16924.7880727746,0.0,0.0,0.465829364483666,25.09587987014615,-0.03181351141498986,0.0,0.15906755707494927,0.0,0.0,0.0,epa_hwfet,PPO_seed7
461,26.2342,-14485.021353212382,0.0,0.0,0.4657379627345317,25.09613723682966,-0.027227483746639816,0.0,0.13613741873319907,0.0,0.0,0.0,epa_hwfet,PPO_seed7
462,26.1733,-12020.677451349799,0.0,0.0,0.4656621108788874,25.096332341637968,-0.022595258367198872,0.0,0.11297629183599435,0.0,0.0,0.0,epa_hwfet,PPO_seed7
463,26.0615,-9816.659042783853,0.0,0.0,0.465600166893905,25.096480708801757,-0.01845236662177416,0.0,0.0922618331088708,0.0,0.0,0.0,epa_hwfet,PPO_seed7
464,25.9118,-8114.494866809767,0.0,0.0,0.4655489643111975,25.096598390664518,-0.015252809900018358,0.0,0.07626404950009179,0.0,0.0,0.0,epa_hwfet,PPO_seed7
465,25.7405,-7062.516314872893,0.0,0.0,0.4655044004902849,25.096698746498774,-0.013275406606903937,0.0,0.06637703303451968,0.0,0.0,0.0,epa_hwfet,PPO_seed7
466,25.5652,-6720.616511746037,0.0,0.0,0.46546199487777434,25.096792242182136,-0.012632737804033903,0.0,0.06316368902016951,0.0,0.0,0.0,epa_hwfet,PPO_seed7
467,25.4023,-7044.193560332908,0.0,0.0,0.46541754847840583,25.09688760581768,-0.013240965338971634,0.0,0.06620482669485817,0.0,0.0,0.0,epa_hwfet,PPO_seed7
468,25.2645,-7889.059813157127,0.0,0.0,0.4653677721967112,25.096992820724335,-0.014829059799167533,0.0,0.07414529899583766,0.0,0.0,0.0,epa_hwfet,PPO_seed7
469,25.1598,-9073.984064212425,0.0,0.0,0.46531052045518967,25.09711536940495,-0.01705636102295569,0.0,0.08528180511477844,0.0,0.0,0.0,epa_hwfet,PPO_seed7
470,25.0902,-10367.389345008874,0.0,0.0,0.4652451087245084,25.097260493896883,-0.0194875739567836,0.0,0.097437869783918,0.0,0.0,0.0,epa_hwfet,PPO_seed7
471,25.0515,-11527.05579803167,0.0,0.0,0.46517238061057575,25.09742887468349,-0.021667398116600886,0.0,0.10833699058300442,0.0,0.0,0.0,epa_hwfet,PPO_seed7
472,25.0344,-12347.779699660316,0.0,0.0,0.46509447434463985,25.097615382620884,-0.02321011221740661,0.0,0.11605056108703304,0.0,0.0,0.0,epa_hwfet,PPO_seed7
473,25.0259,-12672.138378968311,0.0,0.0,0.46501452142506977,25.097809363271995,-0.023819808983023143,0.0,0.1190990449151157,0.0,0.0,0.0,epa_hwfet,PPO_seed7
474,25.0115,-12424.736797761287,0.0,0.0,0.4649361291901944,25.097997296400187,-0.023354768416844526,0.0,0.11677384208422262,0.0,0.0,0.0,epa_hwfet,PPO_seed7
475,24.977,-11601.41061264247,0.0,0.0,0.46486293144296814,25.098166201707578,-0.02180716280571893,0.0,0.10903581402859465,0.0,0.0,0.0,epa_hwfet,PPO_seed7
476,24.9114,-10318.010870548078,0.0,0.0,0.46479783117981055,25.09830789695293,-0.019394757275466315,0.0,0.09697378637733156,0.0,0.0,0.0,epa_hwfet,PPO_seed7
477,24.8083,-8753.640986389433,0.0,0.0,0.4647426013816775,25.09842039609227,-0.016454212380431266,0.0,0.08227106190215633,0.0,0.0,0.0,epa_hwfet,PPO_seed7
478,24.6671,-7140.907756557785,0.0,0.0,0.4646975473296967,25.09850726736077,-0.013422758940898095,0.0,0.06711379470449047,0.0,0.0,0.0,epa_hwfet,PPO_seed7
479,24.4932,-5721.982941014699,0.0,0.0,0.4646614462293758,25.098575118523012,-0.010755607031982516,0.0,0.05377803515991258,0.0,0.0,0.0,epa_hwfet,PPO_seed7
480,24.298,-4735.707875407023,0.0,0.0,0.4646315683111872,25.098631172944167,-0.008901706532719968,0.0,0.04450853266359984,0.0,0.0,0.0,epa_hwfet,PPO_seed7
481,24.0972,-4349.4440588916705,0.0,0.0,0.464604127967852,25.098681727757764,-0.008175646727239983,0.0,0.04087823363619991,0.0,0.0,0.0,epa_hwfet,PPO_seed7
482,23.9087,-4646.100167238213,0.0,0.0,0.4645748167082525,25.098732667151666,-0.008733270991049272,0.0,0.04366635495524636,0.0,0.0,0.0,epa_hwfet,PPO_seed7
483,23.7507,-5637.4383166488315,0.0,0.0,0.46453925205006474,25.098791342955863,-0.010596688565129382,0.0,0.05298344282564691,0.0,0.0,0.0,epa_hwfet,PPO_seed7
484,23.6388,-7232.590350479199,0.0,0.0,0.46449362488807777,25.098867946250877,-0.013595094643757894,0.0,0.06797547321878947,0.0,0.0,0.0,epa_hwfet,PPO_seed7
485,23.5844,-9289.938104124762,0.0,0.0,0.46443501945874843,25.09897577043404,-0.01746228966940745,0.0,0.08731144834703723,0.0,0.0,0.0,epa_hwfet,PPO_seed7
486,23.5927,-11599.695358092851,0.0,0.0,0.4643618431722066,25.09912895003251,-0.02180393864303168,0.0,0.10901969321515838,0.0,0.0,0.0,epa_hwfet,PPO_seed7
487,23.662,-13924.432845644284,0.0,0.0,0.4642740008836185,25.099338640977788,-0.026173745950459182,0.0,0.1308687297522959,0.0,0.0,0.0,epa_hwfet,PPO_seed7
488,23.7836,-16011.322369727674,0.0,0.0,0.46417299209106916,25.099608424627778,-0.030096470619788863,0.0,0.1504823530989443,0.0,0.0,0.0,epa_hwfet,PPO_seed7
489,23.9432,-17640.942732995616,0.0,0.0,0.46406170042081824,25.0999315749826,-0.033159666791345146,0.0,0.16579833395672572,0.0,0.0,0.0,epa_hwfet,PPO_seed7
490,24.1221,-18618.493549805946,0.0,0.0,0.46394423864615764,25.100290060557803,-0.0349971683267029,0.0,0.17498584163351452,0.0,0.0,0.0,epa_hwfet,PPO_seed7
491,24.2996,-18824.954950221716,0.0,0.0,0.4638254709546099,25.100657764108583,-0.03538525366583029,0.0,0.17692626832915145,0.0,0.0,0.0,epa_hwfet,PPO_seed7
492,24.4555,-18232.94668735796,0.0,0.0,0.46371043500593445,25.101006495817444,-0.034272456179244286,0.0,0.1713622808962214,0.0,0.0,0.0,epa_hwfet,PPO_seed7
493,24.5727,-16923.78506335817,0.0,0.0,0.46360365612880017,25.101313144868396,-0.03181162605894393,0.0,0.15905813029471963,0.0,0.0,0.0,epa_hwfet,PPO_seed7
494,24.6388,-15057.761661586657,0.0,0.0,0.46350864879418413,25.10156431453022,-0.02830406327365913,0.0,0.14152031636829565,0.0,0.0,0.0,epa_hwfet,PPO_seed7
495,24.6478,-12880.39598734129,0.0,0.0,0.4634273785142096,25.1017583355818,-0.02421127065289716,0.0,0.1210563532644858,0.0,0.0,0.0,epa_hwfet,PPO_seed7
496,24.6003,-10659.76029624914,0.0,0.0,0.46336011920807935,25.101902695011155,-0.020037143414002145,0.0,0.10018571707001071,0.0,0.0,0.0,epa_hwfet,PPO_seed7
497,24.5037,-8678.256492955701,0.0,0.0,0.46330536261193006,25.102010023765096,-0.01631251220480395,0.0,0.08156256102401975,0.0,0.0,0.0,epa_hwfet,PPO_seed7
498,24.3704,-7146.734488995988,0.0,0.0,0.4632602697597793,25.102093172358483,-0.01343371144548118,0.0,0.0671685572274059,0.0,0.0,0.0,epa_hwfet,PPO_seed7
499,24.2163,-6211.7705080241885,0.0,0.0,0.4632210766786662,25.10216293076447,-0.011676260353428926,0.0,0.05838130176714463,0.0,0.0,0.0,epa_hwfet,PPO_seed7
500,24.0582,-5913.928614982607,0.0,0.0,0.46318376344853385,25.102227554912112,-0.011116407171019938,0.0,0.05558203585509969,0.0,0.0,0.0,epa_hwfet,PPO_seed7
501,23.9121,-6226.174857157022,0.0,0.0,0.4631444808085124,25.102294087253988,-0.011703336197663576,0.0,0.05851668098831788,0.0,0.0,0.0,epa_hwfet,PPO_seed7
502,23.7902,-7008.943457730014,0.0,0.0,0.46310026014586897,25.102368943377606,-0.013174705747612809,0.0,0.06587352873806404,0.0,0.0,0.0,epa_hwfet,PPO_seed7
503,23.6999,-8087.768438127439,0.0,0.0,0.4630492335994943,25.102458040432857,-0.015202572252119248,0.0,0.07601286126059624,0.0,0.0,0.0,epa_hwfet,PPO_seed7
504,23.6427,-9248.069259117001,0.0,0.0,0.4629908870519627,25.102565357911384,-0.017383588832926695,0.0,0.08691794416463347,0.0,0.0,0.0,epa_hwfet,PPO_seed7
505,23.6141,-10268.746008445936,0.0,0.0,0.4629261012202928,25.10269105016675,-0.019302154151214168,0.0,0.09651077075607083,0.0,0.0,0.0,epa_hwfet,PPO_seed7
506,23.6045,-10955.9458094119,0.0,0.0,0.4628569797953961,25.10283032914595,-0.020593883100398308,0.0,0.10296941550199154,0.0,0.0,0.0,epa_hwfet,PPO_seed7
507,23.6006,-11160.848379904308,0.0,0.0,0.46278656542769014,25.102973820088287,-0.02097903830809081,0.0,0.10489519154045403,0.0,0.0,0.0,epa_hwfet,PPO_seed7
508,23.5877,-10816.106608099253,0.0,0.0,0.462718325803382,25.1031100625705,-0.020331027458833185,0.0,0.10165513729416592,0.0,0.0,0.0,epa_hwfet,PPO_seed7
509,23.5517,-9929.888383868269,0.0,0.0,0.4626556772413433,25.103228687530358,-0.018665203729075694,0.0,0.09332601864537847,0.0,0.0,0.0,epa_hwfet,PPO_seed7
510,23.4816,-8609.399649801195,0.0,0.0,0.4626013597936468,25.10332367292272,-0.016183082048498488,0.0,0.08091541024249244,0.0,0.0,0.0,epa_hwfet,PPO_seed7
511,23.371,-7025.5126225081685,0.0,0.0,0.46255703545075993,25.103394424121838,-0.013205850794188288,0.0,0.06602925397094143,0.0,0.0,0.0,epa_hwfet,PPO_seed7
512,23.2195,-5406.659288113199,0.0,0.0,0.46252292489431673,25.103444978740136,-0.010162893398709022,0.0,0.0508144669935451,0.0,0.0,0.0,epa_hwfet,PPO_seed7
513,23.0332,-4000.1177949626913,0.0,0.0,0.4624976885859876,25.10348153817167,-0.007519018411584007,0.0,0.03759509205792003,0.0,0.0,0.0,epa_hwfet,PPO_seed7
514,22.8237,-3011.570716387343,0.0,0.0,0.46247868929165414,25.103509819856303,-0.005660847211254405,0.0,0.028304236056272022,0.0,0.0,0.0,epa_hwfet,PPO_seed7
515,22.607,-2599.366771739001,0.0,0.0,0.4624622908666672,25.103534070173264,-0.004886027766426694,0.0,0.024430138832133467,0.0,0.0,0.0,epa_hwfet,PPO_seed7
516,22.4017,-2851.7257928905374,0.0,0.0,0.4624443008226831,25.10355780373722,-0.005360386828741612,0.0,0.02680193414370806,0.0,0.0,0.0,epa_hwfet,PPO_seed7
517,22.2264,-3764.753449959517,0.0,0.0,0.4624205514785034,25.103585618595375,-0.0070766042292472135,0.0,0.035383021146236066,0.0,0.0,0.0,epa_hwfet,PPO_seed7
518,22.0975,-5263.890857489289,0.0,0.0,0.46238734565237677,25.103624936423046,-0.009894531687009944,0.0,0.049472658435049714,0.0,0.0,0.0,epa_hwfet,PPO_seed7
519,22.0267,-7197.429107976475,0.0,0.0,0.4623419431604234,25.10368619586848,-0.013529002082662549,0.0,0.06764501041331274,0.0,0.0,0.0,epa_hwfet,PPO_seed7
520,22.0198,-9380.02119370931,0.0,0.0,0.4622827728122976,25.10378135219744,-0.017631618785167877,0.0,0.08815809392583938,0.0,0.0,0.0,epa_hwfet,PPO_seed7
521,22.0756,-11588.725607461094,0.0,0.0,0.4622096694405421,25.103920528935635,-0.021783318811017097,0.0,0.10891659405508547,0.0,0.0,0.0,epa_hwfet,PPO_seed7
522,22.1859,-13590.966217161345,0.0,0.0,0.46212393470054147,25.104108105752914,-0.025546928979626588,0.0,0.12773464489813294,0.0,0.0,0.0,epa_hwfet,PPO_seed7
523,22.3366,-15174.832061808278,0.0,0.0,0.46202820689441476,25.10433989580482,-0.028524120416932853,0.0,0.14262060208466426,0.0,0.0,0.0,epa_hwfet,PPO_seed7
524,22.5094,-16168.26158359918,0.0,0.0,0.4619262098789444,25.10460252249714,-0.030391469142103722,0.0,0.1519573457105186,0.0,0.0,0.0,epa_hwfet,PPO_seed7
525,22.6838,-16454.75029754998,0.0,0.0,0.46182240288587234,25.104875473962537,-0.030929981762311994,0.0,0.15464990881155996,0.0,0.0,0.0,epa_hwfet,PPO_seed7
526,22.8398,-16009.229348737297,0.0,0.0,0.4617214038883032,25.105136155654986,-0.030092536369806952,0.0,0.15046268184903475,0.0,0.0,0.0,epa_hwfet,PPO_seed7
527,22.9601,-14892.627034455383,0.0,0.0,0.46162744706982906,25.105365378963107,-0.027993659839201848,0.0,0.13996829919600923,0.0,0.0,0.0,epa_hwfet,PPO_seed7
528,23.0322,-13257.243179678891,0.0,0.0,0.4615438061874409,25.105551881870323,-0.0249196300369904,0.0,0.12459815018495199,0.0,0.0,0.0,epa_hwfet,PPO_seed7
529,23.05,-11331.610875362889,0.0,0.0,0.4614723133154351,25.105693990394244,-0.021300020442411444,0.0,0.10650010221205722,0.0,0.0,0.0,epa_hwfet,PPO_seed7
530,23.0139,-9361.85148560045,0.0,0.0,0.4614132475955489,25.10579747868022,-0.017597465198497086,0.0,0.08798732599248543,0.0,0.0,0.0,epa_hwfet,PPO_seed7
531,22.9308,-7600.250279047863,0.0,0.0,0.4613652961956671,25.105872206988767,-0.014286184735052374,0.0,0.07143092367526187,0.0,0.0,0.0,epa_hwfet,PPO_seed7
532,22.8127,-6246.867879684377,0.0,0.0,0.46132588380805817,25.10592835485999,-0.011742232856549581,0.0,0.058711164282747905,0.0,0.0,0.0,epa_hwfet,PPO_seed7
533,22.6749,-5430.991376618933,0.0,0.0,0.46129161928828283,25.105974391757563,-0.010208630407178447,0.0,0.05104315203589223,0.0,0.0,0.0,epa_hwfet,PPO_seed7
534,22.534,-5204.471164977242,0.0,0.0,0.4612587843494949,25.106016943737643,-0.009782840535671508,0.0,0.048914202678357534,0.0,0.0,0.0,epa_hwfet,PPO_seed7
535,22.405,-5513.311629283325,0.0,0.0,0.4612240014249656,25.10606145521788,-0.010363367724216775,0.0,0.051816838621083876,0.0,0.0,0.0,epa_hwfet,PPO_seed7
536,22.2999,-6255.1156464011265,0.0,0.0,0.4611845390205686,25.106113208985963,-0.011757736177445728,0.0,0.058788680887228634,0.0,0.0,0.0,epa_hwfet,PPO_seed7
537,22.2255,-7252.495690040928,0.0,0.0,0.4611387847479063,25.106176932344333,-0.013632510695565654,0.0,0.06816255347782826,0.0,0.0,0.0,epa_hwfet,PPO_seed7
538,22.1827,-8304.227202305348,0.0,0.0,0.4610863956337186,25.10625563294759,-0.015609449628393514,0.0,0.07804724814196756,0.0,0.0,0.0,epa_hwfet,PPO_seed7
539,22.1666,-9209.578614237866,0.0,0.0,0.4610282949881616,25.106349087229383,-0.01731123799668772,0.0,0.08655618998343859,0.0,0.0,0.0,epa_hwfet,PPO_seed7
540,22.1671,-9782.478057088461,0.0,0.0,0.4609665799668626,25.1064527757601,-0.018388116648662522,0.0,0.09194058324331261,0.0,0.0,0.0,epa_hwfet,PPO_seed7
541,22.1707,-9893.052391013416,0.0,0.0,0.4609041671188269,25.106558550572522,-0.01859596314100266,0.0,0.0929798157050133,0.0,0.0,0.0,epa_hwfet,PPO_seed7
542,22.1624,-9474.319620775754,0.0,0.0,0.4608443956985958,25.106656653638616,-0.017808871467623597,0.0,0.08904435733811798,0.0,0.0,0.0,epa_hwfet,PPO_seed7
543,22.1279,-8537.923889695327,0.0,0.0,0.4607905316458399,25.106738662196907,-0.01604872911596866,0.0,0.0802436455798433,0.0,0.0,0.0,epa_hwfet,PPO_seed7
544,22.0562,-7192.996804116542,0.0,0.0,0.460745152490677,25.106800290019255,-0.01352067068442959,0.0,0.06760335342214795,0.0,0.0,0.0,epa_hwfet,PPO_seed7
545,21.9411,-5609.085381876249,0.0,0.0,0.4607097660900378,25.10684208718922,-0.010543393574955356,0.0,0.052716967874776775,0.0,0.0,0.0,epa_hwfet,PPO_seed7
546,21.7822,-3995.6940003234313,0.0,0.0,0.46068455845702194,25.106868279005926,-0.0075107030081267515,0.0,0.037553515040633756,0.0,0.0,0.0,epa_hwfet,PPO_seed7
547,21.5857,-2589.3383636376075,0.0,0.0,0.4606682233535867,25.106884491233522,-0.004867177375258661,0.0,0.024335886876293303,0.0,0.0,0.0,epa_hwfet,PPO_seed7
548,21.3637,-1595.9228419361375,0.0,0.0,0.4606581555131826,25.106895344045356,-0.0029998549660453715,0.0,0.014999274830226856,0.0,0.0,0.0,epa_hwfet,PPO_seed7
549,21.1326,-1157.9049852171604,0.0,0.0,0.4606508510635494,25.106903521574797,-0.0021765131301074445,0.0,0.010882565650537222,0.0,0.0,0.0,epa_hwfet,PPO_seed7
550,20.9115,-1357.1746248489135,0.0,0.0,0.46064228975554455,25.106910652343153,-0.002551080121896454,0.0,0.01275540060948227,0.0,0.0,0.0,epa_hwfet,PPO_seed7
551,20.7194,-2182.2895115943325,0.0,0.0,0.46062852377284713,25.106919168168844,-0.004102047954124686,0.0,0.020510239770623426,0.0,0.0,0.0,epa_hwfet,PPO_seed7
552,20.6716,-6793.375234057541,0.0,0.0,0.46058567163460323,25.106965879385314,-0.012769502319657034,0.0,0.06384751159828517,0.0,0.0,0.0,epa_hwfet,PPO_seed7
553,20.6821,-8677.724724159021,0.0,0.0,0.4605309332378717,25.107040064328803,-0.016311512639396657,0.0,0.08155756319698328,0.0,0.0,0.0,epa_hwfet,PPO_seed7
554,20.7571,-10829.62324010374,0.0,0.0,0.4604626204866,25.10715427244715,-0.020356434661849138,0.0,0.10178217330924567,0.0,0.0,0.0,epa_hwfet,PPO_seed7
555,20.896,-13049.994230239217,0.0,0.0,0.46038030070545277,25.107319401156225,-0.02453006434255492,0.0,0.1226503217127746,0.0,0.0,0.0,epa_hwfet,PPO_seed7
556,21.0912,-15120.310763762309,0.0,0.0,0.4602849193908247,25.10754090092473,-0.028421636773989303,0.0,0.1421081838699465,0.0,0.0,0.0,epa_hwfet,PPO_seed7
557,21.329,-16830.264563600816,0.0,0.0,0.46017874857719376,25.1078156588015,-0.031635835645866195,0.0,0.15817917822933097,0.0,0.0,0.0,epa_hwfet,PPO_seed7
558,21.5913,-18002.540071045674,0.0,0.0,0.4600651790315366,25.10813088986481,-0.033839361035800146,0.0,0.1691968051790007,0.0,0.0,0.0,epa_hwfet,PPO_seed7
559,21.858,-18522.933629978877,0.0,0.0,0.4599483224512094,25.108466080727528,-0.03481754441725353,0.0,0.17408772208626763,0.0,0.0,0.0,epa_hwfet,PPO_seed7
560,22.1092,-18345.8115256239,0.0,0.0,0.45983257911359715,25.108797055553406,-0.034484608130871994,0.0,0.17242304065435995,0.0,0.0,0.0,epa_hwfet,PPO_seed7
561,22.3278,-17522.023159478853,0.0,0.0,0.4597220292275373,25.10910187879307,-0.032936133758418897,0.0,0.16468066879209448,0.0,0.0,0.0,epa_hwfet,PPO_seed7
562,22.5014,-16185.769314277384,0.0,0.0,0.4596199068975142,25.109365612144128,-0.030424378410295834,0.0,0.15212189205147916,0.0,0.0,0.0,epa_hwfet,PPO_seed7
563,22.6236,-14537.887964340922,0.0,0.0,0.4595281793835471,25.109582609179306,-0.027326857075828805,0.0,0.13663428537914402,0.0,0.0,0.0,epa_hwfet,PPO_seed7
564,22.6947,-12822.44859868479,0.0,0.0,0.4594472739990787,25.10975596811123,-0.024102346990009006,0.0,0.12051173495004502,0.0,0.0,0.0,epa_hwfet,PPO_seed7
565,22.7213,-11280.742519570682,0.0,0.0,0.45937609538986457,25.109894553217043,-0.02120440323227572,0.0,0.10602201616137859,0.0,0.0,0.0,epa_hwfet,PPO_seed7
566,22.715,-10111.301470997105,0.0,0.0,0.4593122952297082,25.110009528793682,-0.019006205772550952,0.0,0.09503102886275475,0.0,0.0,0.0,epa_hwfet,PPO_seed7
567,22.6908,-9454.10665477933,0.0,0.0,0.4592526416800907,25.110112173206236,-0.017770877170637838,0.0,0.0888543858531892,0.0,0.0,0.0,epa_hwfet,PPO_seed7
568,22.6646,-9356.896969432308,0.0,0.0,0.4591936014906835,25.11021282425352,-0.01758815219818103,0.0,0.08794076099090514,0.0,0.0,0.0,epa_hwfet,PPO_seed7
569,22.6511,-9790.688995813494,0.0,0.0,0.45913182415878223,25.110321108547215,-0.018403550744010327,0.0,0.09201775372005164,0.0,0.0,0.0,epa_hwfet,PPO_seed7
570,22.6615,-10643.946091329226,0.0,0.0,0.45906466283282843,25.110445824015283,-0.02000741746490456,0.0,0.1000370873245228,0.0,0.0,0.0,epa_hwfet,PPO_seed7
571,22.7023,-11761.297132746522,0.0,0.0,0.458990450883184,25.110594407474505,-0.022107701377343088,0.0,0.11053850688671543,0.0,0.0,0.0,epa_hwfet,PPO_seed7
572,22.7737,-12925.644401269199,0.0,0.0,0.4589088913880443,25.110770653203573,-0.02429632406253609,0.0,0.12148162031268044,0.0,0.0,0.0,epa_hwfet,PPO_seed7
573,22.8703,-13936.075336910755,0.0,0.0,0.4588209550818405,25.110973308188143,-0.026195630332539018,0.0,0.13097815166269508,0.0,0.0,0.0,epa_hwfet,PPO_seed7
574,22.9816,-14598.131447611451,0.0,0.0,0.4587288397691706,25.11119475400029,-0.02744009670603656,0.0,0.1372004835301828,0.0,0.0,0.0,epa_hwfet,PPO_seed7
575,23.0937,-14767.97032060731,0.0,0.0,0.4586356511135587,25.11142190676094,-0.02775934270790848,0.0,0.1387967135395424,0.0,0.0,0.0,epa_hwfet,PPO_seed7
576,23.1912,-14364.946231114314,0.0,0.0,0.45854500399762715,25.111638870789154,-0.027001778629914125,0.0,0.13500889314957062,0.0,0.0,0.0,epa_hwfet,PPO_seed7
577,23.2597,-13401.471773588111,0.0,0.0,0.45846043533992004,25.111831238682594,-0.025190736416519005,0.0,0.12595368208259503,0.0,0.0,0.0,epa_hwfet,PPO_seed7
578,23.2879,-11975.739082271617,0.0,0.0,0.45838486269879414,25.111989771117468,-0.02251078774863086,0.0,0.1125539387431543,0.0,0.0,0.0,epa_hwfet,PPO_seed7
579,23.2695,-10267.816262157625,0.0,0.0,0.45832006741110176,25.112112364267148,-0.019300406507815088,0.0,0.09650203253907542,0.0,0.0,0.0,epa_hwfet,PPO_seed7
580,23.2044,-8512.283236952282,0.0,0.0,0.4582663504019051,25.112203351822647,-0.016000532400286243,0.0,0.08000266200143122,0.0,0.0,0.0,epa_hwfet,PPO_seed7
581,23.0988,-6952.139961233478,0.0,0.0,0.45822247894443263,25.112270709726417,-0.013067932257957666,0.0,0.06533966128978833,0.0,0.0,0.0,epa_hwfet,PPO_seed7
582,22.965,-5821.5344890467995,0.0,0.0,0.4581857425461002,25.11232328879172,-0.01094273400196767,0.0,0.054713670009838344,0.0,0.0,0.0,epa_hwfet,PPO_seed7
583,22.8198,-5291.162973387254,0.0,0.0,0.4581523534815832,25.112368989627534,-0.009945795062757997,0.0,0.04972897531378998,0.0,0.0,0.0,epa_hwfet,PPO_seed7
584,22.6826,-5458.648011827933,0.0,0.0,0.45811790804929836,25.112415065134886,-0.010260616563586341,0.0,0.0513030828179317,0.0,0.0,0.0,epa_hwfet,PPO_seed7
585,22.573,-6335.80122125979,0.0,0.0,0.45807792811947917,25.112469751216832,-0.01190940079184171,0.0,0.05954700395920855,0.0,0.0,0.0,epa_hwfet,PPO_seed7
586,22.5084,-7854.847528545532,0.0,0.0,0.45802836327591856,25.11254397967218,-0.01476475099350664,0.0,0.0738237549675332,0.0,0.0,0.0,epa_hwfet,PPO_seed7
587,22.5017,-9875.186328327723,0.0,0.0,0.4579660501894535,25.112651719051712,-0.018562380316405495,0.0,0.09281190158202747,0.0,0.0,0.0,epa_hwfet,PPO_seed7
588,22.5596,-12202.074677146686,0.0,0.0,0.4578890540767121,25.112808256362705,-0.02293623059614039,0.0,0.11468115298070193,0.0,0.0,0.0,epa_hwfet,PPO_seed7
589,22.6822,-14624.943669513888,0.0,0.0,0.4577967684591175,25.11302710332041,-0.027490495619387007,0.0,0.13745247809693503,0.0,0.0,0.0,epa_hwfet,PPO_seed7
590,22.8622,-16892.16656100031,0.0,0.0,0.4576901742876643,25.113314967829403,-0.03175219278383517,0.0,0.15876096391917585,0.0,0.0,0.0,epa_hwfet,PPO_seed7
591,23.0864,-18784.496865702353,0.0,0.0,0.45757163585188826,25.11366862916572,-0.03530920463477886,0.0,0.17654602317389428,0.0,0.0,0.0,epa_hwfet,PPO_seed7
592,23.3374,-20120.979210994188,0.0,0.0,0.4574446595035474,25.114073777462668,-0.03782138949434998,0.0,0.1891069474717499,0.0,0.0,0.0,epa_hwfet,PPO_seed7
593,23.5953,-20763.93844454637,0.0,0.0,0.4573136209156358,25.114506275350713,-0.03902995948223002,0.0,0.1951497974111501,0.0,0.0,0.0,epa_hwfet,PPO_seed7
594,23.8404,-20667.35439722848,0.0,0.0,0.4571831869606447,25.114937452693233,-0.038848410521106165,0.0,0.19424205260553082,0.0,0.0,0.0,epa_hwfet,PPO_seed7
595,24.056,-19895.915845829957,0.0,0.0,0.4570576170942053,25.115341291476106,-0.037398338056071345,0.0,0.18699169028035673,0.0,0.0,0.0,epa_hwfet,PPO_seed7
596,24.2296,-18575.50323100843,0.0,0.0,0.45694037698459267,25.115698986478463,-0.034916359456782765,0.0,0.17458179728391382,0.0,0.0,0.0,epa_hwfet,PPO_seed7
597,24.3548,-16924.647907653336,0.0,0.0,0.45683355342974535,25.116002701038713,-0.0318132479467168,0.0,0.159066239733584,0.0,0.0,0.0,epa_hwfet,PPO_seed7
598,24.432,-15207.959206148864,0.0,0.0,0.4567375631463309,25.116255206009235,-0.028586389485242225,0.0,0.14293194742621113,0.0,0.0,0.0,epa_hwfet,PPO_seed7
599,24.4674,-13663.887283690681,0.0,0.0,0.45665131758811056,25.116466047282415,-0.025683998653553915,0.0,0.12841999326776957,0.0,0.0,0.0,epa_hwfet,PPO_seed7
600,24.4725,-12516.844029842629,0.0,0.0,0.45657231142584326,25.116648605825645,-0.023527902311734267,0.0,0.11763951155867132,0.0,0.0,0.0,epa_hwfet,PPO_seed7
601,24.4617,-11898.725698645148,0.0,0.0,0.45649720649637743,25.11681675997401,-0.022366025749332986,0.0,0.11183012874666493,0.0,0.0,0.0,epa_hwfet,PPO_seed7
602,24.4328,-11176.518934811244,0.0,0.0,0.4564266599960743,25.11696883337223,-0.021008494238367,0.0,0.10504247119183499,0.0,0.0,0.0,epa_hwfet,PPO_seed7
603,24.4178,-11687.14026650811,0.0,0.0,0.4563528904637325,25.117131603479326,-0.021968308771631785,0.0,0.10984154385815892,0.0,0.0,0.0,epa_hwfet,PPO_seed7
604,24.4275,-12637.123556691153,0.0,0.0,0.4562731244846743,25.117316115269787,-0.023753991647915702,0.0,0.1187699582395785,0.0,0.0,0.0,epa_hwfet,PPO_seed7
605,24.4676,-13843.024632628141,0.0,0.0,0.4561857463774099,25.117531050772186,-0.026020722993661923,0.0,0.1301036149683096,0.0,0.0,0.0,epa_hwfet,PPO_seed7
606,24.5379,-15085.068349939585,0.0,0.0,0.45609052753021384,25.11778056157159,-0.028355391635224787,0.0,0.14177695817612393,0.0,0.0,0.0,epa_hwfet,PPO_seed7
607,24.6325,-16141.4719836591,0.0,0.0,0.4559886391654443,25.118062195560537,-0.030341112751238908,0.0,0.15170556375619454,0.0,0.0,0.0,epa_hwfet,PPO_seed7
608,24.7403,-16797.270763971293,0.0,0.0,0.455882609477361,25.11836540187637,-0.03157381722550995,0.0,0.15786908612754974,0.0,0.0,0.0,epa_hwfet,PPO_seed7
609,24.847,-16904.230859644766,0.0,0.0,0.4557759026234139,25.118673215196033,-0.03177487003692625,0.0,0.15887435018463125,0.0,0.0,0.0,epa_hwfet,PPO_seed7
610,24.9368,-16375.087846726836,0.0,0.0,0.4556725340185361,25.118965440151953,-0.03078024031339631,0.0,0.15390120156698153,0.0,0.0,0.0,epa_hwfet,PPO_seed7
611,24.9948,-15219.179932824438,0.0,0.0,0.455576460566656,25.119223881030965,-0.02860748107673767,0.0,0.14303740538368834,0.0,0.0,0.0,epa_hwfet,PPO_seed7
612,25.0098,-13566.427643917588,0.0,0.0,0.4554908193432534,25.11943763203083,-0.025500803841950356,0.0,0.12750401920975177,0.0,0.0,0.0,epa_hwfet,PPO_seed7
613,24.975,-11587.364619099726,0.0,0.0,0.4554176709751785,25.11960407027002,-0.021780760562217533,0.0,0.10890380281108765,0.0,0.0,0.0,epa_hwfet,PPO_seed7
614,24.8905,-9562.392908270613,0.0,0.0,0.4553573058457029,25.119729211809673,-0.017974422759907165,0.0,0.08987211379953583,0.0,0.0,0.0,epa_hwfet,PPO_seed7
615,24.7624,-7741.448960799326,0.0,0.0,0.45530843629046763,25.119823243174103,-0.014551595790976177,0.0,0.07275797895488088,0.0,0.0,0.0,epa_hwfet,PPO_seed7
616,24.6033,-6392.055403540775,0.0,0.0,0.4552680856309301,25.119897512634058,-0.012015141735978901,0.0,0.0600757086798945,0.0,0.0,0.0,epa_hwfet,PPO_seed7
617,24.4301,-5689.652157564605,0.0,0.0,0.45523216962879726,25.11996177879982,-0.010694834882640235,0.0,0.053474174413201174,0.0,0.0,0.0,epa_hwfet,PPO_seed7
618,24.2625,-5745.950551198152,0.0,0.0,0.4551958989612754,25.120024627712393,-0.010800658930823596,0.0,0.054003294654117975,0.0,0.0,0.0,epa_hwfet,PPO_seed7
619,24.1207,-6583.445171139113,0.0,0.0,0.4551543424883648,25.120095396002174,-0.012374896938231416,0.0,0.061874484691157076,0.0,0.0,0.0,epa_hwfet,PPO_seed7
620,24.0223,-8111.678132799244,0.0,0.0,0.455103140180825,25.120185961036217,-0.015247515287216623,0.0,0.07623757643608312,0.0,0.0,0.0,epa_hwfet,PPO_seed7
621,23.9809,-10196.079329286094,0.0,0.0,0.4550387813757372,25.12031176499554,-0.019165562649034015,0.0,0.09582781324517006,0.0,0.0,0.0,epa_hwfet,PPO_seed7
622,24.0037,-12618.33080746376,0.0,0.0,0.45495913317686004,25.120489701190493,-0.023718666931322862,0.0,0.1185933346566143,0.0,0.0,0.0,epa_hwfet,PPO_seed7
623,24.0913,-15152.258183834856,0.0,0.0,0.454863489899319,25.12073482740185,-0.028481688315479054,0.0,0.14240844157739527,0.0,0.0,0.0,epa_hwfet,PPO_seed7
624,24.237,-17534.38414624931,0.0,0.0,0.454752808547636,25.12105496931967,-0.03295936869595736,0.0,0.16479684347978676,0.0,0.0,0.0,epa_hwfet,PPO_seed7
625,24.4282,-19534.87034348823,0.0,0.0,0.45462949670546415,25.121447242644624,-0.036719681096782385,0.0,0.18359840548391193,0.0,0.0,0.0,epa_hwfet,PPO_seed7
626,24.6478,-20955.015267341267,0.0,0.0,0.45449721635604057,25.1218963346138,-0.0393891264423708,0.0,0.19694563221185402,0.0,0.0,0.0,epa_hwfet,PPO_seed7
627,24.8765,-21666.689144530726,0.0,0.0,0.4543604388049894,25.122376763370017,-0.04072685929423069,0.0,0.20363429647115344,0.0,0.0,0.0,epa_hwfet,PPO_seed7
628,25.0949,-21615.31497273439,0.0,0.0,0.45422398066431424,25.122857711799153,-0.04063029130213232,0.0,0.20315145651066158,0.0,0.0,0.0,epa_hwfet,PPO_seed7
629,25.2865,-20869.210233072805,0.0,0.0,0.45409222811797184,25.123311063349334,-0.03922783878397144,0.0,0.19613919391985718,0.0,0.0,0.0,epa_hwfet,PPO_seed7
630,25.4391,-19567.23241859306,0.0,0.0,0.45396869141632484,25.123716596130944,-0.03678051206502455,0.0,0.18390256032512273,0.0,0.0,0.0,epa_hwfet,PPO_seed7
631,25.5465,-17935.60855007499,0.0,0.0,0.45385545294847013,25.124065719475208,-0.033713549906156,0.0,0.16856774953078,0.0,0.0,0.0,epa_hwfet,PPO_seed7
632,25.6089,-16234.694954867018,0.0,0.0,0.4537529513791087,25.12436079389262,-0.030516343900125975,0.0,0.15258171950062988,0.0,0.0,0.0,epa_hwfet,PPO_seed7
633,25.6325,-14720.755465143817,0.0,0.0,0.45366000719553434,25.1246119585982,-0.02767059297959364,0.0,0.1383529648979682,0.0,0.0,0.0,epa_hwfet,PPO_seed7
634,25.6285,-13615.06213658508,0.0,0.0,0.45357404350088404,25.124833499063957,-0.025592222061250156,0.0,0.12796111030625076,0.0,0.0,0.0,epa_hwfet,PPO_seed7
635,25.6112,-13062.70130102043,0.0,0.0,0.45349156703351046,25.1250408578749,-0.024553949813948178,0.0,0.12276974906974088,0.0,0.0,0.0,epa_hwfet,PPO_seed7
636,25.5958,-13118.669218197272,0.0,0.0,0.4534087370410705,25.125249293415553,-0.024659152665784348,0.0,0.12329576332892173,0.0,0.0,0.0,epa_hwfet,PPO_seed7
637,25.596,-13740.054881481414,0.0,0.0,0.45332198349867836,25.125473335591582,-0.02582717082985228,0.0,0.1291358541492614,0.0,0.0,0.0,epa_hwfet,PPO_seed7
638,25.622,-14802.300969022568,0.0,0.0,0.4532285226178067,25.125726175279627,-0.027823874001922124,0.0,0.1391193700096106,0.0,0.0,0.0,epa_hwfet,PPO_seed7
639,25.6792,-16125.79781041279,0.0,0.0,0.4531267044306962,25.126018266039814,-0.03031165001957292,0.0,0.15155825009786458,0.0,0.0,0.0,epa_hwfet,PPO_seed7
640,25.7668,-17467.334348729437,0.0,0.0,0.4530164143987807,25.12635396344424,-0.03283333524197263,0.0,0.16416667620986314,0.0,0.0,0.0,epa_hwfet,PPO_seed7
641,25.8782,-18588.160690959492,0.0,0.0,0.45289904538263304,25.12672925080398,-0.03494015167473589,0.0,0.17470075837367943,0.0,0.0,0.0,epa_hwfet,PPO_seed7
642,26.0019,-19272.294966314814,0.0,0.0,0.45277735410764813,25.127130645632153,-0.036226118357734614,0.0,0.18113059178867305,0.0,0.0,0.0,epa_hwfet,PPO_seed7
643,26.1229,-19348.804884721794,0.0,0.0,0.45265517696917995,25.127536480389583,-0.03636993399383796,0.0,0.1818496699691898,0.0,0.0,0.0,epa_hwfet,PPO_seed7
644,26.2251,-18739.77620999105,0.0,0.0,0.45253684287558227,25.127921826711127,-0.03522514325186288,0.0,0.1761257162593144,0.0,0.0,0.0,epa_hwfet,PPO_seed7
645,26.2934,-17457.307524211716,0.0,0.0,0.4524266048859371,25.128264309645722,-0.032814487827465634,0.0,0.16407243913732816,0.0,0.0,0.0,epa_hwfet,PPO_seed7
646,26.3157,-15607.169277968438,0.0,0.0,0.4523280485480078,25.12854939652019,-0.02933678435708353,0.0,0.14668392178541764,0.0,0.0,0.0,epa_hwfet,PPO_seed7
647,26.2856,-13422.362879892371,0.0,0.0,0.45224328817664927,25.128774280332724,-0.025230005413331525,0.0,0.12615002706665762,0.0,0.0,0.0,epa_hwfet,PPO_seed7
648,26.2026,-11156.908872543454,0.0,0.0,0.45217283381884676,25.128945579382428,-0.020971633219066643,0.0,0.10485816609533322,0.0,0.0,0.0,epa_hwfet,PPO_seed7
649,26.073,-9108.218070727175,0.0,0.0,0.45211531709837216,25.12907604045044,-0.017120710659261608,0.0,0.08560355329630803,0.0,0.0,0.0,epa_hwfet,PPO_seed7
650,25.9093,-7547.498153232608,0.0,0.0,0.4520676567204044,25.129179818140056,-0.014187026603820693,0.0,0.07093513301910347,0.0,0.0,0.0,epa_hwfet,PPO_seed7
651,25.7286,-6673.808246988772,0.0,0.0,0.45202551426425674,25.12926941297034,-0.012544752343963858,0.0,0.06272376171981929,0.0,0.0,0.0,epa_hwfet,PPO_seed7
652,25.3989,0.0,450.51220199395993,0.0,0.45202551426425674,25.12931405921248,-0.006351205855178007,0.004234137236785338,0.0,0.0,0.0,0.0,epa_hwfet,PPO_seed7
653,25.0926,0.0,1131.0565531284628,0.0,0.45202551426425674,25.129354201057556,-0.01594534614372833,0.010630230762485553,0.0,0.0,0.0,0.0,epa_hwfet,PPO_seed7
654,24.8279,0.0,2533.5279606079457,0.0,0.45202551426425674,25.129390134085966,-0.035717029519848856,0.02381135301323257,0.0,0.0,0.0,0.0,epa_hwfet,PPO_seed7
655,24.6186,-4484.4550501807025,0.0,0.0,0.4519972009401296,25.129441289080358,-0.008429426786053953,0.0,0.04214713393026976,0.0,0.0,0.0,epa_hwfet,PPO_seed7
656,24.4726,-6764.8166922012215,0.0,0.0,0.45195449121955433,25.129514484318392,-0.012715820850002297,0.0,0.06357910425001148,0.0,0.0,0.0,epa_hwfet,PPO_seed7
657,24.391,-9128.71016569692,0.0,0.0,0.45189685792258794,25.12962184052547,-0.01715922963476865,0.0,0.08579614817384323,0.0,0.0,0.0,epa_hwfet,PPO_seed7
658,24.3676,-11309.74144976302,0.0,0.0,0.45182545534023905,25.129770765177096,-0.021258912499554552,0.0,0.10629456249777275,0.0,0.0,0.0,epa_hwfet,PPO_seed7
659,24.3904,-13089.068263206133,0.0,0.0,0.45174281908583735,25.129960791690593,-0.02460351177294386,0.0,0.1230175588647193,0.0,0.0,0.0,epa_hwfet,PPO_seed7
660,24.4429,-14283.223620339375,0.0,0.0,0.4516526429720897,25.130182207763927,-0.026848164699886046,0.0,0.13424082349943023,0.0,0.0,0.0,epa_hwfet,PPO_seed7
661,24.506,-14768.524676620877,0.0,0.0,0.45155940183788124,25.130417636362232,-0.02776038473049037,0.0,0.13880192365245184,0.0,0.0,0.0,epa_hwfet,PPO_seed7
662,24.5611,-14534.990990254924,0.0,0.0,0.45146763389534705,25.130647251322298,-0.027321411635817527,0.0,0.13660705817908764,0.0,0.0,0.0,epa_hwfet,PPO_seed7
663,24.5919,-13645.459492599202,0.0,0.0,0.451381481032765,25.13085360810159,-0.025649359948494745,0.0,0.12824679974247372,0.0,0.0,0.0,epa_hwfet,PPO_seed7
664,24.5865,-12254.144145654778,0.0,0.0,0.45130411178105573,25.13102598758974,-0.02303410553694507,0.0,0.11517052768472535,0.0,0.0,0.0,epa_hwfet,PPO_seed7
665,24.5388,-10582.023666601353,0.0,0.0,0.45123729957215014,25.13116193183611,-0.019891021929701793,0.0,0.09945510964850895,0.0,0.0,0.0,epa_hwfet,PPO_seed7
666,24.4492,-8886.957961359965,0.0,0.0,0.451181189686694,25.131265903230307,-0.01670480819804505,0.0,0.08352404099022524,0.0,0.0,0.0,epa_hwfet,PPO_seed7
667,24.3238,-7399.639709452322,0.0,0.0,0.4511344706918163,25.131345804050824,-0.013909097198218652,0.0,0.06954548599109325,0.0,0.0,0.0,epa_hwfet,PPO_seed7
668,24.1739,-6329.767796109992,0.0,0.0,0.4510945070322445,25.131410343100633,-0.011898059767124046,0.0,0.05949029883562022,0.0,0.0,0.0,epa_hwfet,PPO_seed7
669,24.0134,-5782.962865933423,0.0,0.0,0.4510579962595004,25.13146697140334,-0.010870230951002676,0.0,0.05435115475501338,0.0,0.0,0.0,epa_hwfet,PPO_seed7
670,23.8574,-5808.00007713129,0.0,0.0,0.4510213280408046,25.131522203449073,-0.010917293378066335,0.0,0.05458646689033167,0.0,0.0,0.0,epa_hwfet,PPO_seed7
671,23.7191,-6335.948178570415,0.0,0.0,0.4509813273300078,25.131581958302355,-0.011909677027387999,0.0,0.05954838513693999,0.0,0.0,0.0,epa_hwfet,PPO_seed7
672,23.6083,-7243.720363037654,0.0,0.0,0.4509355962214193,25.131652085247293,-0.013616015719995593,0.0,0.06808007859997796,0.0,0.0,0.0,epa_hwfet,PPO_seed7
673,23.5299,-8354.618181229516,0.0,0.0,0.45088285232219866,25.131737644883223,-0.015704169513589317,0.0,0.07852084756794658,0.0,0.0,0.0,epa_hwfet,PPO_seed7
674,23.4825,-9439.504390071494,0.0,0.0,0.4508232597318279,25.131840849784012,-0.017743429304645664,0.0,0.08871714652322832,0.0,0.0,0.0,epa_hwfet,PPO_seed7
675,23.4592,-10294.562892757855,0.0,0.0,0.45075826918332607,25.131959690002258,-0.01935068212924409,0.0,0.09675341064622044,0.0,0.0,0.0,epa_hwfet,PPO_seed7
676,23.4477,-10712.500504068976,0.0,0.0,0.4506906400629007,25.132086689588505,-0.020136279142986796,0.0,0.10068139571493398,0.0,0.0,0.0,epa_hwfet,PPO_seed7
677,23.4326,-10564.659501726408,0.0,0.0,0.4506239440845307,25.132210604100273,-0.019858382522042122,0.0,0.0992919126102106,0.0,0.0,0.0,epa_hwfet,PPO_seed7
678,23.3972,-9787.139984448551,0.0,0.0,0.45056215653235077,25.132319324714935,-0.018396879670016075,0.0,0.09198439835008038,0.0,0.0,0.0,epa_hwfet,PPO_seed7
679,23.3259,-8409.159983620024,0.0,0.0,0.45050906837041954,25.1324038498297,-0.015806691698533878,0.0,0.07903345849266939,0.0,0.0,0.0,epa_hwfet,PPO_seed7
680,23.2064,-6550.50196413114,0.0,0.0,0.4504677143727763,25.132461244903272,-0.012312973616787858,0.0,0.06156486808393929,0.0,0.0,0.0,epa_hwfet,PPO_seed7
681,23.0318,-4418.183070905497,0.0,0.0,0.45043982223778345,25.132495281617036,-0.008304855396438904,0.0,0.04152427698219452,0.0,0.0,0.0,epa_hwfet,PPO_seed7
682,22.8014,-1985.02699136734,268.70873042620497,0.0,0.4504272909253795,25.132512927330662,-0.007519440732262927,0.00252545799272749,0.01865626871585846,0.0,0.0,0.0,epa_hwfet,PPO_seed7
683,22.5213,0.0,317.3747099120897,0.0,0.4504272909253795,25.13252476906639,-0.004474267526956152,0.002982845017970768,0.0,0.0,0.0,0.0,epa_hwfet,PPO_seed7
684,22.204,832.7565344758004,0.0,0.0,0.450432547743121,25.13253488391467,0.045069034098923384,0.0,0.007826659158607146,0.033310261379032015,0.0,0.0,epa_hwfet,PPO_seed7
685,21.8668,1444.572580674612,0.0,0.0,0.4504416663709295,25.132543909875256,0.07818070252402899,0.0,0.013576809968746354,0.05778290322698448,0.0,0.0,epa_hwfet,PPO_seed7
686,21.5296,1555.212105183947,0.0,0.0,0.4504514830492655,25.132550870855262,0.08416854686551917,0.0,0.014616655123909276,0.062208484207357875,0.0,0.0,epa_hwfet,PPO_seed7
687,21.2132,1159.2072250990323,0.0,0.0,0.45045879984875886,25.132554573182222,0.06273664365611152,0.0,0.010894804747171355,0.04636828900396129,0.0,0.0,epa_hwfet,PPO_seed7
688,20.936,328.0843348052245,0.0,0.0,0.45046087061845286,25.13255510110276,0.01775602287163914,0.0,0.0030834993872671476,0.01312337339220898,0.0,0.0,epa_hwfet,PPO_seed7
689,20.7123,0.0,1159.846936803731,0.0,0.45046087061845286,25.132553826910105,-0.016351225612834554,0.010900817075223036,0.0,0.0,0.0,0.0,epa_hwfet,PPO_seed7
690,20.5505,-3049.1767746580304,0.0,0.0,0.4504416261596699,25.132559876440915,-0.0057315352907105835,0.0,0.028657676453552917,0.0,0.0,0.0,epa_hwfet,PPO_seed7
691,20.452,-5000.001706219212,0.0,0.0,0.4504100697853601,25.132579989580904,-0.009398499447780474,0.0,0.046992497238902364,0.0,0.0,0.0,epa_hwfet,PPO_seed7
692,20.4114,-6808.620115415491,0.0,0.0,0.45036709902089883,25.132619937727725,-0.012798158111683253,0.0,0.06399079055841626,0.0,0.0,0.0,epa_hwfet,PPO_seed7
693,20.4172,-8287.056000423894,0.0,0.0,0.45031479752019915,25.132680973116276,-0.01557717293312762,0.0,0.0778858646656381,0.0,0.0,0.0,epa_hwfet,PPO_seed7
694,20.4532,-9280.14731670501,0.0,0.0,0.4502562280993256,25.132758723225653,-0.017443885933656034,0.0,0.08721942966828017,0.0,0.0,0.0,epa_hwfet,PPO_seed7
695,20.5012,-9708.230221381042,0.0,0.0,0.45019495641972673,25.132844492023004,-0.018248553047708723,0.0,0.09124276523854362,0.0,0.0,0.0,epa_hwfet,PPO_seed7
696,20.5428,-9543.967408982551,0.0,0.0,0.4501347208668703,25.132927601432463,-0.01793978836274916,0.0,0.08969894181374578,0.0,0.0,0.0,epa_hwfet,PPO_seed7
697,20.5623,-8855.798312163271,0.0,0.0,0.450078828105951,25.13299897079581,-0.01664623742887833,0.0,0.08323118714439165,0.0,0.0,0.0,epa_hwfet,PPO_seed7
698,20.548,-7762.19318926812,0.0,0.0,0.4500298372463943,25.133053221156942,-0.014590588701631805,0.0,0.07295294350815902,0.0,0.0,0.0,epa_hwfet,PPO_seed7
699,20.4942,-6456.098859524379,0.0,0.0,0.44998908966446766,25.133089771076104,-0.012135524172038307,0.0,0.06067762086019153,0.0,0.0,0.0,epa_hwfet,PPO_seed7
700,20.4015,-5147.059384578418,0.0,0.0,0.449956604136688,25.133111604288164,-0.009674923655222592,0.0,0.04837461827611295,0.0,0.0,0.0,epa_hwfet,PPO_seed7
701,20.2762,-4026.662532396379,0.0,0.0,0.4499311901302643,25.133123171454518,-0.00756891453457966,0.0,0.0378445726728983,0.0,0.0,0.0,epa_hwfet,PPO_seed7
702,19.9774,1126.9086141977643,0.0,0.0,0.44993830246476096,25.13311985620696,0.06098863312026697,0.0,0.010591246374039139,0.04507634456791057,0.0,0.0,epa_hwfet,PPO_seed7
703,19.671,1377.8828643173158,0.0,0.0,0.4499469985480317,25.133115628021784,0.07457143501771459,0.0,0.012950026920275524,0.055115314572692635,0.0,0.0,epa_hwfet,PPO_seed7
704,19.3718,1296.1818462056556,0.0,0.0,0.4499551787731847,25.133109746278933,0.07014975134577675,0.0,0.01218216020869977,0.051847273848226225,0.0,0.0,epa_hwfet,PPO_seed7
705,19.0928,932.002122495351,0.0,0.0,0.44996106049765533,25.133101763632585,0.05044023517083862,0.0,0.008759418444505179,0.03728008489981404,0.0,0.0,epa_hwfet,PPO_seed7
706,18.8435,368.2087132599741,0.0,0.0,0.4499633841503665,25.133091905363802,0.019927566301092433,0.0,0.0034606082073305837,0.014728348530398965,0.0,0.0,epa_hwfet,PPO_seed7
707,18.6283,0.0,394.54613151567963,0.0,0.4499633841503665,25.133080905097135,-0.005562210500690973,0.0037081403337939816,0.0,0.0,0.0,0.0,epa_hwfet,PPO_seed7
708,18.4454,0.0,1244.1629309545538,0.0,0.4499633841503665,25.133069012271367,-0.017539890943908183,0.011693260629272121,0.0,0.0,0.0,0.0,epa_hwfet,PPO_seed7
709,18.2871,-1870.9638979912506,0.0,0.0,0.4499515777811815,25.133059616306255,-0.003516849432314381,0.0,0.017584247161571906,0.0,0.0,0.0,epa_hwfet,PPO_seed7
710,18.1408,-2137.9739019825583,0.0,0.0,0.44993808665477175,25.133050706827117,-0.00401874793605744,0.0,0.0200937396802872,0.0,0.0,0.0,epa_hwfet,PPO_seed7
711,17.9906,-1953.9198290561737,0.0,0.0,0.44992575708284677,25.13304061289255,-0.0036727816335642366,0.0,0.018363908167821182,0.0,0.0,0.0,epa_hwfet,PPO_seed7
712,17.819,-1277.947652623888,0.0,0.0,0.4499176930989474,25.13302797437415,-0.002402157241774226,0.0,0.012010786208871128,0.0,0.0,0.0,epa_hwfet,PPO_seed7
713,17.6101,0.0,164.81781196408133,0.0,0.4499176930989474,25.133013257746008,-0.002323559379192876,0.001549039586128584,0.0,0.0,0.0,0.0,epa_hwfet,PPO_seed7
714,17.3511,922.9659707575198,0.0,0.0,0.44992351693935423,25.132998704070634,0.04995119592114757,0.0,0.008674492206367667,0.03691863883030079,0.0,0.0,epa_hwfet,PPO_seed7
715,17.0346,2081.372150165089,0.0,0.0,0.449936649973619,25.132986749518793,0.11264448674352112,0.0,0.019561768328619257,0.08325488600660355,0.0,0.0,epa_hwfet,PPO_seed7
716,16.6597,3214.0273929217055,0.0,0.0,0.4499569293685446,25.13297971149514,0.17394412912970253,0.0,0.030207024369564902,0.12856109571686822,0.0,0.0,epa_hwfet,PPO_seed7
717,16.2322,4184.119029978169,0.0,0.0,0.44998332901629756,25.13297865488149,0.22644578028408163,0.0,0.039324426973479036,0.16736476119912677,0.0,0.0,epa_hwfet,PPO_seed7
718,15.7645,4872.871977224509,0.0,0.0,0.4500140734625056,25.132982664913786,0.2637212969327971,0.0,0.04579766895887696,0.19491487908898034,0.0,0.0,epa_hwfet,PPO_seed7
719,15.2737,5214.487103695061,0.0,0.0,0.4500469722726683,25.132989106143793,0.2822096103187748,0.0,0.04900833744074305,0.20857948414780242,0.0,0.0,epa_hwfet,PPO_seed7
720,14.78,5186.461690864727,0.0,0.0,0.4500796932737505,25.13299448324213,0.2806928665477015,0.0,0.048744940703615854,0.20745846763458906,0.0,0.0,epa_hwfet,PPO_seed7
721,14.304,4819.410143724489,0.0,0.0,0.45011009768274807,25.132995670110088,0.2608279264250291,0.0,0.045295208117711365,0.19277640574897956,0.0,0.0,epa_hwfet,PPO_seed7
722,13.8647,4173.886478774041,0.0,0.0,0.4501364289364796,25.13299074514192,0.22589199153545525,0.0,0.039228256379455276,0.16695545915096166,0.0,0.0,epa_hwfet,PPO_seed7
723,13.4766,3344.5803603125505,0.0,0.0,0.45015752794826847,25.132979410765586,0.1810096949889454,0.0,0.03143402594278713,0.13378321441250202,0.0,0.0,epa_hwfet,PPO_seed7
724,13.1484,2429.5019018533676,0.0,0.0,0.45017285395042955,25.132962676457016,0.13148537360556795,0.0,0.02283366449110308,0.0971800760741347,0.0,0.0,epa_hwfet,PPO_seed7
725,12.8821,1524.8797758199396,0.0,0.0,0.45018247317512133,25.132942256889226,0.082526952077834,0.0,0.014331576840412965,0.06099519103279758,0.0,0.0,epa_hwfet,PPO_seed7
726,12.6727,721.0968357761533,0.0,0.0,0.45018702192942855,25.132919912882535,0.03902597762343422,0.0,0.006777225900151816,0.028843873431046132,0.0,0.0,epa_hwfet,PPO_seed7
727,12.5092,90.44923531763152,0.0,0.0,0.4501875924871829,25.132896933211324,0.004895139818167756,0.0,0.0008500867980980406,0.0036179694127052606,0.0,0.0,epa_hwfet,PPO_seed7
728,12.3762,0.0,438.8914913600863,0.0,0.4501875924871829,25.132873838942324,-0.006187380047369638,0.004124920031579759,0.0,0.0,0.0,0.0,epa_hwfet,PPO_seed7
729,12.2557,0.0,651.6083131862786,0.0,0.4501875924871829,25.132850649549844,-0.00918620742273889,0.006124138281825927,0.0,0.0,0.0,0.0,epa_hwfet,PPO_seed7
730,12.1302,0.0,528.8368549090237,0.0,0.4501875924871829,25.132827371567735,-0.007455406789130974,0.004970271192753982,0.0,0.0,0.0,0.0,epa_hwfet,PPO_seed7
731,11.9841,0.0,113.70369994517026,0.0,0.4501875924871829,25.13280401110146,-0.0016029656947157463,0.0010686437964771642,0.0,0.0,0.0,0.0,epa_hwfet,PPO_seed7
732,11.8065,356.92585111415974,0.0,0.0,0.4501898439190334,25.13278069497413,0.019316934408418963,0.0,0.003354566269869922,0.01427703404456639,0.0,0.0,epa_hwfet,PPO_seed7
733,11.592,854.0609715841897,0.0,0.0,0.45019523116310667,25.132757865150637,0.04622203664257893,0.0,0.008026888830678475,0.03416243886336759,0.0,0.0,epa_hwfet,PPO_seed7
734,11.3412,1324.1907948831627,0.0,0.0,0.45020358382033676,25.132735909934873,0.0716656040719474,0.0,0.012445402207548521,0.05296763179532651,0.0,0.0,epa_hwfet,PPO_seed7
735,11.0608,1687.451468931978,0.0,0.0,0.45021422772830677,25.13271488687992,0.09132538100279984,0.0,0.01585950628695468,0.06749805875727913,0.0,0.0,epa_hwfet,PPO_seed7
736,10.762,1893.2556515475633,0.0,0.0,0.4502261696547256,25.132694454264165,0.10246356526195008,0.0,0.017793756123567324,0.07573022606190254,0.0,0.0,epa_hwfet,PPO_seed7
737,10.4587,1921.0102262958376,0.0,0.0,0.450238286510851,25.13267401718089,0.1039656511945672,0.0,0.018054607389998475,0.07684040905183351,0.0,0.0,epa_hwfet,PPO_seed7
738,10.1655,1778.0983148590208,0.0,0.0,0.4502495018213173,25.13265298354918,0.09623121556658068,0.0,0.016711450327622376,0.07112393259436083,0.0,0.0,epa_hwfet,PPO_seed7
739,9.8954,1497.4607680502636,0.0,0.0,0.45025894692226887,25.132630997076316,0.08104302713102103,0.0,0.014073879398968642,0.059898430722010544,0.0,0.0,epa_hwfet,PPO_seed7
740,9.6575,1132.1241579249536,0.0,0.0,0.4502660876322134,25.132608034829836,0.061270899915367036,0.0,0.01064026464215182,0.045284966316998146,0.0,0.0,epa_hwfet,PPO_seed7
741,9.4557,741.541565598833,0.0,0.0,0.45027076476491074,25.13258433010754,0.04013245255022857,0.0,0.006969375616530386,0.02966166262395332,0.0,0.0,epa_hwfet,PPO_seed7
742,9.2879,387.02328862410525,0.0,0.0,0.45027320582707836,25.132560211842964,0.020945816778318117,0.0,0.003637436923158884,0.01548093154496421,0.0,0.0,epa_hwfet,PPO_seed7
743,9.1461,124.86638344672534,0.0,0.0,0.4502739933903216,25.132535943433133,0.006757806225936309,0.0,0.001173556235401554,0.004994655337869014,0.0,0.0,epa_hwfet,PPO_seed7
744,9.0169,4.7830197085479895,0.0,0.0,0.4502740235579172,25.13251164490677,0.00025885846512878515,0.0,4.495319274951118e-05,0.00019132078834191958,0.0,0.0,epa_hwfet,PPO_seed7
745,8.8838,52.446744413336255,0.0,0.0,0.45027435435061225,25.13248733731214,0.0028384335811067244,0.0,0.0004929205302005288,0.00209786977653345,0.0,0.0,epa_hwfet,PPO_seed7
746,8.7291,272.7422034672746,0.0,0.0,0.4502760745886048,25.132463086346004,0.014760890079379264,0.0,0.0025633665739405505,0.010909688138690983,0.0,0.0,epa_hwfet,PPO_seed7
747,8.5361,644.8766083787708,0.0,0.0,0.45028014193662674,25.132439145719587,0.03490091599331122,0.0,0.006060870379499725,0.025795064335150834,0.0,0.0,epa_hwfet,PPO_seed7
748,8.2915,1119.9784758919875,0.0,0.0,0.4502872058016197,25.132415983107705,0.060613571950906206,0.0,0.010526113495225446,0.0447991390356795,0.0,0.0,epa_hwfet,PPO_seed7
749,7.9874,1627.8642776297775,0.0,0.0,0.45029747291252814,25.132394122923014,0.08810050428856495,0.0,0.015299476293512946,0.0651145711051911,0.0,0.0,epa_hwfet,PPO_seed7
750,7.6226,2090.0444326006977,0.0,0.0,0.45031065494079686,25.13237386827684,0.11311383327714153,0.0,0.01964327474248776,0.08360177730402792,0.0,0.0,epa_hwfet,PPO_seed7
751,7.2026,2439.0987204046137,0.0,0.0,0.45032603833466817,25.132355087842253,0.13200475631182262,0.0,0.0229238601541787,0.09756394881618455,0.0,0.0,epa_hwfet,PPO_seed7
752,6.5288,4092.2573369333345,0.0,0.0,0.45035184794041794,25.132346544171238,0.22147419782891836,0.0,0.03846106519674187,0.16369029347733338,0.0,0.0,epa_hwfet,PPO_seed7
753,5.8287,3846.398865848612,0.0,0.0,0.45037610655708443,25.13233611502355,0.20816826343141584,0.0,0.03615036528053207,0.15385595463394447,0.0,0.0,epa_hwfet,PPO_seed7
754,5.1227,3431.06530237985,0.0,0.0,0.45039774542588,25.132322799534233,0.18569028606413654,0.0,0.03224685434567528,0.137242612095194,0.0,0.0,epa_hwfet,PPO_seed7
755,4.4315,2907.0056950720073,0.0,0.0,0.4504160789571441,25.132306326775783,0.1573280225047241,0.0,0.027321482096541422,0.11628022780288029,0.0,0.0,epa_hwfet,PPO_seed7
756,3.7739,2342.2004898824766,0.0,0.0,0.45043085029850494,25.132287044220238,0.1267605949336396,0.0,0.022013162498895456,0.09368801959529907,0.0,0.0,epa_hwfet,PPO_seed7
757,3.1649,1797.6065482801926,0.0,0.0,0.4504421870107309,25.132265630781813,0.09728700702647237,0.0,0.016894798386092036,0.0719042619312077,0.0,0.0,epa_hwfet,PPO_seed7
758,2.6135,1319.3322515400623,0.0,0.0,0.4504505074106453,25.132242812851075,0.07140265824500278,0.0,0.012399739206203594,0.052773290061602494,0.0,0.0,epa_hwfet,PPO_seed7
759,2.1221,930.7447821439501,0.0,0.0,0.45045637715208103,25.13221917486289,0.050372187532873335,0.0,0.008747601335939381,0.037229791285758006,0.0,0.0,epa_hwfet,PPO_seed7
760,1.6861,636.0788558744348,0.0,0.0,0.45046038857356985,25.132195106940223,0.03442477898183595,0.0,0.005978184735661981,0.02544315423497739,0.0,0.0,epa_hwfet,PPO_seed7
761,1.9159,-981.3575618734089,0.0,0.0,0.45045419966504624,25.1321715765835,-0.0018446570711906183,0.0,0.009223285355953091,0.0,0.0,0.0,epa_hwfet,PPO_seed7
762,1.4369,611.7413968372277,0.0,0.0,0.4504580576149221,25.132147482096425,0.03310762837920575,0.0,0.005749449218394998,0.02446965587348911,0.0,0.0,epa_hwfet,PPO_seed7
763,0.9579,408.276986101618,0.0,0.0,0.4504606324122889,25.1321231970435,0.022096073277890572,0.0,0.003837189719000169,0.01633107944406472,0.0,0.0,epa_hwfet,PPO_seed7
764,0.479,204.24521734438827,0.0,0.0,0.45046192048334543,25.13209879854907,0.011053812589811328,0.0,0.0019195979073720702,0.00816980869377553,0.0,0.0,epa_hwfet,PPO_seed7
1,0.0,0.0,0.0,0.0,0.5,25.0,0.0,0.0,0.0,0.0,0.0,0.0,epa_us06,PPO_seed7
2,0.0,0.0,0.0,0.0,0.5,25.0,0.0,0.0,0.0,0.0,0.0,0.0,epa_us06,PPO_seed7
3,0.0,0.0,0.0,0.0,0.5,25.0,0.0,0.0,0.0,0.0,0.0,0.0,epa_us06,PPO_seed7
4,0.0,0.0,0.0,0.0,0.5,25.0,0.0,0.0,0.0,0.0,0.0,0.0,epa_us06,PPO_seed7
5,0.0,0.0,0.0,0.0,0.5,25.0,0.0,0.0,0.0,0.0,0.0,0.0,epa_us06,PPO_seed7
6,0.0,0.0,0.0,0.0,0.5,25.0,0.0,0.0,0.0,0.0,0.0,0.0,epa_us06,PPO_seed7
7,0.0,0.0,0.0,0.0,0.5,25.0,0.0,0.0,0.0,0.0,0.0,0.0,epa_us06,PPO_seed7
8,0.0,0.0,0.0,0.0,0.5,25.0,0.0,0.0,0.0,0.0,0.0,0.0,epa_us06,PPO_seed7
9,0.0,0.0,0.0,0.0,0.5,25.0,0.0,0.0,0.0,0.0,0.0,0.0,epa_us06,PPO_seed7
10,0.0,0.0,0.0,0.0,0.5,25.0,0.0,0.0,0.0,0.0,0.0,0.0,epa_us06,PPO_seed7
11,0.0,0.0,0.0,0.0,0.5,25.0,0.0,0.0,0.0,0.0,0.0,0.0,epa_us06,PPO_seed7
12,0.0,0.0,0.0,0.0,0.5,25.0,0.0,0.0,0.0,0.0,0.0,0.0,epa_us06,PPO_seed7
13,0.0,0.0,0.0,0.0,0.5,25.0,0.0,0.0,0.0,0.0,0.0,0.0,epa_us06,PPO_seed7
14,0.0,0.0,0.0,0.0,0.5,25.0,0.0,0.0,0.0,0.0,0.0,0.0,epa_us06,PPO_seed7
15,0.0,0.0,0.0,0.0,0.5,25.0,0.0,0.0,0.0,0.0,0.0,0.0,epa_us06,PPO_seed7
16,0.0,0.0,0.0,0.0,0.5,25.0,0.0,0.0,0.0,0.0,0.0,0.0,epa_us06,PPO_seed7
17,0.0,0.0,0.0,0.0,0.5,25.0,0.0,0.0,0.0,0.0,0.0,0.0,epa_us06,PPO_seed7
18,0.0,0.0,0.0,0.0,0.5,25.0,0.0,0.0,0.0,0.0,0.0,0.0,epa_us06,PPO_seed7
19,0.0,0.0,0.0,0.0,0.5,25.0,0.0,0.0,0.0,0.0,0.0,0.0,epa_us06,PPO_seed7
20,0.0,0.0,0.0,0.0,0.5,25.0,0.0,0.0,0.0,0.0,0.0,0.0,epa_us06,PPO_seed7
21,0.0,0.0,0.0,0.0,0.5,25.0,0.0,0.0,0.0,0.0,0.0,0.0,epa_us06,PPO_seed7
22,0.0,0.0,0.0,0.0,0.5,25.0,0.0,0.0,0.0,0.0,0.0,0.0,epa_us06,PPO_seed7
23,0.0,0.0,0.0,0.0,0.5,25.0,0.0,0.0,0.0,0.0,0.0,0.0,epa_us06,PPO_seed7
24,0.0,0.0,0.0,0.0,0.5,25.0,0.0,0.0,0.0,0.0,0.0,0.0,epa_us06,PPO_seed7
25,0.0,0.0,0.0,0.0,0.5,25.0,0.0,0.0,0.0,0.0,0.0,0.0,epa_us06,PPO_seed7
26,0.0,0.0,0.0,0.0,0.5,25.0,0.0,0.0,0.0,0.0,0.0,0.0,epa_us06,PPO_seed7
27,0.5748,-601.7735999734681,0.0,0.0,0.49999621511755177,25.000000342291163,-0.0011311533834087745,0.0,0.005655766917043873,0.0,0.0,0.0,epa_us06,PPO_seed7
28,1.1495,-1203.931163046236,0.0,0.0,0.4999886429218801,25.000001712411713,-0.0022630285019666087,0.0,0.011315142509833044,0.0,0.0,0.0,epa_us06,PPO_seed7
29,1.7243,-1807.8863232667547,0.0,0.0,0.49997727206798076,25.00000480274646,-0.0033982825625314943,0.0,0.01699141281265747,0.0,0.0,0.0,epa_us06,PPO_seed7
30,2.0263,-1265.9991286963254,0.0,0.0,0.49996930941090967,25.000006321659463,-0.002379697610331439,0.0,0.011898488051657195,0.0,0.0,0.0,epa_us06,PPO_seed7
31,2.8738,-4241.075306253023,0.0,0.0,0.49994263453924564,25.00002333077995,-0.007971946064385381,0.0,0.039859730321926905,0.0,0.0,0.0,epa_us06,PPO_seed7
32,3.7213,-5503.980308392646,0.0,0.0,0.499908015946506,25.000051991964487,-0.010345827647354599,0.0,0.05172913823677299,0.0,0.0,0.0,epa_us06,PPO_seed7
33,4.5217,-6374.001004946963,0.0,0.0,0.499867924422163,25.000090463521335,-0.011981204896516849,0.0,0.05990602448258424,0.0,0.0,0.0,epa_us06,PPO_seed7
34,5.2359,-6700.075556605052,0.0,0.0,0.49982578106570696,25.00013303691959,-0.012594126986099722,0.0,0.0629706349304986,0.0,0.0,0.0,epa_us06,PPO_seed7
35,5.8398,-6493.758859248986,0.0,0.0,0.49978493457193457,25.000173137595382,-0.01220631364520486,0.0,0.0610315682260243,0.0,0.0,0.0,epa_us06,PPO_seed7
36,6.3284,-5924.086641027318,0.0,0.0,0.4997476706426219,25.000206669378347,-0.011135501204938569,0.0,0.05567750602469284,0.0,0.0,0.0,epa_us06,PPO_seed7
37,6.7166,-5258.4317704474915,0.0,0.0,0.4997145932707822,25.000233286336268,-0.009884270245202054,0.0,0.04942135122601026,0.0,0.0,0.0,epa_us06,PPO_seed7
38,7.0366,-4780.601064650998,0.0,0.0,0.49968452118593565,25.000255483789477,-0.00898609222678759,0.0,0.04493046113393795,0.0,0.0,0.0,epa_us06,PPO_seed7
39,7.3325,-4725.013612825254,0.0,0.0,0.49965479840254573,25.00027728988906,-0.008881604535385817,0.0,0.04440802267692908,0.0,0.0,0.0,epa_us06,PPO_seed7
40,7.6526,-5240.8708144100265,0.0,0.0,0.4996218302200003,25.0003040680952,-0.009851260929342156,0.0,0.049256304646710776,0.0,0.0,0.0,epa_us06,PPO_seed7
41,8.0408,-6387.2214528290515,0.0,0.0,0.4995816502789491,25.000343584979856,-0.012006055362460624,0.0,0.060030276812303114,0.0,0.0,0.0,epa_us06,PPO_seed7
42,8.5294,-8147.908106187607,0.0,0.0,0.49953039356307105,25.00040748783497,-0.01531561674095415,0.0,0.07657808370477075,0.0,0.0,0.0,epa_us06,PPO_seed7
43,9.1333,-10419.9900360219,0.0,0.0,0.4994648421987876,25.000511560995683,-0.01958644743613139,0.0,0.09793223718065695,0.0,0.0,0.0,epa_us06,PPO_seed7
44,9.8475,-13002.639643907678,0.0,0.0,0.4993830411489054,25.00067325388893,-0.02444105196223248,0.0,0.12220525981116238,0.0,0.0,0.0,epa_us06,PPO_seed7
45,10.6478,-15587.788406839887,0.0,0.0,0.4992849729291442,25.000905452221364,-0.02930035414819528,0.0,0.1465017707409764,0.0,0.0,0.0,epa_us06,PPO_seed7
46,11.4953,-17798.897122222817,0.0,0.0,0.49917298873216553,25.00120832158348,-0.03345657353801281,0.0,0.16728286769006406,0.0,0.0,0.0,epa_us06,PPO_seed7
47,12.3428,-19257.248739569517,0.0,0.0,0.4990518228079401,25.001563431492432,-0.03619783597663443,0.0,0.18098917988317215,0.0,0.0,0.0,epa_us06,PPO_seed7
48,13.1432,-19700.17530991586,0.0,0.0,0.4989278631124257,25.0019362439778,-0.037030404717886954,0.0,0.18515202358943478,0.0,0.0,0.0,epa_us06,PPO_seed7
49,13.8574,-19069.139205746804,0.0,0.0,0.49880786743214595,25.002287466632087,-0.03584424662734362,0.0,0.1792212331367181,0.0,0.0,0.0,epa_us06,PPO_seed7
50,14.4613,-17563.841707331427,0.0,0.0,0.4986973383673019,25.00258811623109,-0.03301474005137486,0.0,0.16507370025687432,0.0,0.0,0.0,epa_us06,PPO_seed7
51,14.9499,-15601.80301963479,0.0,0.0,0.49859915197418786,25.00282869598513,-0.02932669740532855,0.0,0.14663348702664275,0.0,0.0,0.0,epa_us06,PPO_seed7
52,15.3381,-13717.133530319228,0.0,0.0,0.4985128231365275,25.00301828602603,-0.02578408558330682,0.0,0.1289204279165341,0.0,0.0,0.0,epa_us06,PPO_seed7
53,15.6581,-12433.169532314743,0.0,0.0,0.4984345726414474,25.00317716582655,-0.023370619421644256,0.0,0.11685309710822127,0.0,0.0,0.0,epa_us06,PPO_seed7
54,15.954,-12157.47338824786,0.0,0.0,0.4983580554564584,25.003330518021595,-0.022852393586932068,0.0,0.11426196793466033,0.0,0.0,0.0,epa_us06,PPO_seed7
55,16.2741,-13112.404434943384,0.0,0.0,0.49827552624223514,25.003507557666822,-0.024647376757412378,0.0,0.12323688378706188,0.0,0.0,0.0,epa_us06,PPO_seed7
56,16.6622,-15312.39657462804,0.0,0.0,0.498179147902778,25.003744781159767,-0.028782700328248197,0.0,0.14391350164124098,0.0,0.0,0.0,epa_us06,PPO_seed7
57,17.1509,-18611.498409664247,0.0,0.0,0.49806200080521823,25.004089292727162,-0.03498401956703806,0.0,0.1749200978351903,0.0,0.0,0.0,epa_us06,PPO_seed7
58,17.7548,-22667.790332103894,0.0,0.0,0.49791931594339883,25.004594233354908,-0.042608628443804315,0.0,0.21304314221902157,0.0,0.0,0.0,epa_us06,PPO_seed7
59,18.4689,-27025.407771446997,0.0,0.0,0.49774919213720314,25.005306884656594,-0.05079963866813345,0.0,0.25399819334066726,0.0,0.0,0.0,epa_us06,PPO_seed7
60,19.2693,-31124.476037486776,0.0,0.0,0.4975532513256642,25.00624887795371,-0.05850465420580221,0.0,0.29252327102901104,0.0,0.0,0.0,epa_us06,PPO_seed7
61,20.1168,-34360.746827393465,0.0,0.0,0.4973369193090979,25.00739625376539,-0.0645878699763035,0.0,0.3229393498815175,0.0,0.0,0.0,epa_us06,PPO_seed7
62,20.5386,-21686.924086002324,0.0,0.0,0.49720036815089125,25.00787638153782,-0.04076489489850061,0.0,0.20382447449250304,0.0,0.0,0.0,epa_us06,PPO_seed7
63,20.9131,-20733.85329204012,0.0,0.0,0.4970698122840983,25.00832092734098,-0.03897340844368444,0.0,0.1948670422184222,0.0,0.0,0.0,epa_us06,PPO_seed7
64,21.2016,-18334.52128634976,0.0,0.0,0.49695435989419273,25.00867914530226,-0.0344633858765973,0.0,0.17231692938298648,0.0,0.0,0.0,epa_us06,PPO_seed7
65,21.3797,-14911.935822907919,0.0,0.0,0.4968604567201636,25.008931404405175,-0.028029954554338196,0.0,0.14014977277169097,0.0,0.0,0.0,epa_us06,PPO_seed7
66,21.4426,-11147.136146802895,0.0,0.0,0.4967902599815674,25.009091645962496,-0.02095326343384003,0.0,0.10476631716920014,0.0,0.0,0.0,epa_us06,PPO_seed7
67,21.405,-7761.067692378116,0.0,0.0,0.4967413861236629,25.009191163324065,-0.014588473105973901,0.0,0.0729423655298695,0.0,0.0,0.0,epa_us06,PPO_seed7
68,21.2993,-5410.10188147776,0.0,0.0,0.4967073173107267,25.00926041257217,-0.01016936443886797,0.0,0.05084682219433985,0.0,0.0,0.0,epa_us06,PPO_seed7
69,21.1695,-4515.132277085079,0.0,0.0,0.4966788848106956,25.00931976261715,-0.008487090746400526,0.0,0.04243545373200262,0.0,0.0,0.0,epa_us06,PPO_seed7
70,21.0638,-5227.148833969516,0.0,0.0,0.4966459692425569,25.00938405388104,-0.009825467733025407,0.0,0.04912733866512703,0.0,0.0,0.0,epa_us06,PPO_seed7
71,21.0262,-7425.695359497722,0.0,0.0,0.4965992100605229,25.00947332743454,-0.013958073984018275,0.0,0.06979036992009137,0.0,0.0,0.0,epa_us06,PPO_seed7
72,21.0891,-10777.573895120444,0.0,0.0,0.4965313447802776,25.00961962926969,-0.02025859754721888,0.0,0.1012929877360944,0.0,0.0,0.0,epa_us06,PPO_seed7
73,21.2672,-14773.680788604584,0.0,0.0,0.4964383159806568,25.009862723679074,-0.027770076670309368,0.0,0.13885038335154684,0.0,0.0,0.0,epa_us06,PPO_seed7
74,21.5557,-18831.970552155864,0.0,0.0,0.49631973021387654,25.010236053272354,-0.035398440887511026,0.0,0.17699220443755512,0.0,0.0,0.0,epa_us06,PPO_seed7
75,21.9302,-22302.194273432717,0.0,0.0,0.49617928775417847,25.01074664279527,-0.041921417807204354,0.0,0.20960708903602177,0.0,0.0,0.0,epa_us06,PPO_seed7
76,22.352,-24620.394774476666,0.0,0.0,0.496024240260182,25.01136319274602,-0.04627893754600877,0.0,0.23139468773004385,0.0,0.0,0.0,epa_us06,PPO_seed7
77,22.7738,-25339.001192346706,0.0,0.0,0.4958646592809761,25.01201727315636,-0.04762970148937351,0.0,0.23814850744686755,0.0,0.0,0.0,epa_us06,PPO_seed7
78,23.1483,-24285.754021010263,0.0,0.0,0.4957117036030667,25.01262553478083,-0.045649913573327566,0.0,0.2282495678666378,0.0,0.0,0.0,epa_us06,PPO_seed7
79,23.4368,-21637.675856992733,0.0,0.0,0.4955754196285498,25.013121945851946,-0.04067232303946003,0.0,0.20336161519730012,0.0,0.0,0.0,epa_us06,PPO_seed7
80,23.6149,-17862.594226283545,0.0,0.0,0.4954629087984815,25.01347962103802,-0.033576304936623204,0.0,0.167881524683116,0.0,0.0,0.0,epa_us06,PPO_seed7
81,23.6778,-13708.382527947942,0.0,0.0,0.49537656214568865,25.013714414736853,-0.02576763633072922,0.0,0.12883818165364608,0.0,0.0,0.0,epa_us06,PPO_seed7
82,23.6402,-9966.217364027218,0.0,0.0,0.4953137862910611,25.013865385252533,-0.018733491285765447,0.0,0.09366745642882723,0.0,0.0,0.0,epa_us06,PPO_seed7
83,23.5345,-7359.805242854828,0.0,0.0,0.49526742816231006,25.0139725849102,-0.013834220381306068,0.0,0.06917110190653034,0.0,0.0,0.0,epa_us06,PPO_seed7
84,23.4047,-6358.240967059139,0.0,0.0,0.4952273793120658,25.01406507001985,-0.011951580765148758,0.0,0.05975790382574379,0.0,0.0,0.0,epa_us06,PPO_seed7
85,23.299,-7135.584178935307,0.0,0.0,0.4951824349897182,25.014165597650017,-0.013412752216043811,0.0,0.06706376108021905,0.0,0.0,0.0,epa_us06,PPO_seed7
86,23.2614,-9564.364374612005,0.0,0.0,0.49512219358151727,25.014302986877585,-0.01797812852370678,0.0,0.08989064261853388,0.0,0.0,0.0,epa_us06,PPO_seed7
87,23.3243,-13276.64026187009,0.0,0.0,0.4950385707616921,25.014519922229862,-0.024956090717800923,0.0,0.12478045358900461,0.0,0.0,0.0,epa_us06,PPO_seed7
88,23.5024,-17704.499721798526,0.0,0.0,0.49492705823954186,25.014867141935127,-0.03327913481541076,0.0,0.1663956740770538,0.0,0.0,0.0,epa_us06,PPO_seed7
89,23.7909,-22197.72456027574,0.0,0.0,0.4947872417327789,25.015385825408778,-0.04172504616593184,0.0,0.2086252308296592,0.0,0.0,0.0,epa_us06,PPO_seed7
90,24.1654,-26034.246339233294,0.0,0.0,0.4946232539250177,25.016082729442687,-0.048936553269235517,0.0,0.24468276634617758,0.0,0.0,0.0,epa_us06,PPO_seed7
91,24.5872,-28594.002920028302,0.0,0.0,0.49444313330541434,25.016916155053078,-0.05374812578952688,0.0,0.2687406289476344,0.0,0.0,0.0,epa_us06,PPO_seed7
92,24.2453,607.4531992178157,0.0,0.0,0.4944469600237571,25.016979384848835,0.03287554983435968,0.0,0.005709146609189997,0.02429812796871263,0.0,0.0,epa_us06,PPO_seed7
93,23.8562,2047.2123958633492,0.0,0.0,0.4944598560796847,25.01704171168336,0.11079575056710066,0.0,0.019240718006234486,0.08188849583453398,0.0,0.0,epa_us06,PPO_seed7
94,23.3809,4485.17854558471,0.0,0.0,0.49448810829764767,25.01711448445953,0.24273921181292285,0.0,0.04215393369910442,0.1794071418233884,0.0,0.0,epa_us06,PPO_seed7
95,22.7954,7446.372470447977,0.0,0.0,0.49453501051607107,25.017215728254204,0.40299991761116194,0.0,0.06998470366962385,0.2978548988179191,0.0,0.0,epa_us06,PPO_seed7
96,22.0945,10366.369401014024,0.0,0.0,0.49460030063108107,25.017360828852798,0.5610310296879619,0.0,0.09742828384411677,0.41465477604056095,0.0,0.0,epa_us06,PPO_seed7
97,21.2933,12694.748675427103,0.0,0.0,0.4946802497098118,25.01755108491641,0.6870436162836413,0.0,0.11931154770138255,0.5077899470170841,0.0,0.0,epa_us06,PPO_seed7
98,20.4239,14049.000821897731,0.0,0.0,0.49476872069745353,25.01776990906465,0.7603361497445102,0.0,0.13203948140881325,0.5619600328759092,0.0,0.0,epa_us06,PPO_seed7
99,19.5303,14257.849291703627,0.0,0.0,0.4948584996559322,25.017988878241933,0.7716390917419752,0.0,0.13400234296713937,0.5703139716681451,0.0,0.0,epa_us06,PPO_seed7
100,18.6609,13378.77527079359,0.0,0.0,0.49494273663601085,25.018179943747036,0.7240633413471599,0.0,0.12574036908640593,0.5351510108317437,0.0,0.0,epa_us06,PPO_seed7
101,17.8597,11660.637733728865,0.0,0.0,0.4950161503201111,25.018326107502222,0.631077221108123,0.0,0.10959245990346678,0.4664255093491546,0.0,0.0,epa_us06,PPO_seed7
102,17.1588,9453.148102611232,0.0,0.0,0.49507566211555204,25.01842476214729,0.5116072183653808,0.0,0.08884537690424091,0.3781259241044493,0.0,0.0,epa_us06,PPO_seed7
103,16.5733,7126.612987357284,0.0,0.0,0.4951205248620961,25.01848425662319,0.385694438218028,0.0,0.06697944536989928,0.28506451949429135,0.0,0.0,epa_us06,PPO_seed7
104,16.098,5040.81601804564,0.0,0.0,0.4951522558715124,25.018517712548604,0.27281047893152266,0.0,0.047376090395165785,0.2016326407218256,0.0,0.0,epa_us06,PPO_seed7
105,15.7089,3484.39737846428,0.0,0.0,0.495174188710414,25.018537081651548,0.188576634061548,0.0,0.03274809566225827,0.13937589513857118,0.0,0.0,epa_us06,PPO_seed7
106,15.367,2665.0821699637413,0.0,0.0,0.4951909637965404,25.018550495048796,0.14423504856690983,0.0,0.02504776475529832,0.10660328679854965,0.0,0.0,epa_us06,PPO_seed7
107,15.0251,2671.65511683221,0.0,0.0,0.49520777981548986,25.018562955622222,0.1445907784282575,0.0,0.025109540571731294,0.10686620467328839,0.0,0.0,epa_us06,PPO_seed7
108,14.636,3447.4496469556425,0.0,0.0,0.49522947831586006,25.018579003672354,0.18657701172020083,0.0,0.03240084254657559,0.1378979858782257,0.0,0.0,epa_us06,PPO_seed7
109,14.1607,4784.395398882746,0.0,0.0,0.4952595908308539,25.018604553697767,0.2589329179034436,0.0,0.04496612216995062,0.19137581595530984,0.0,0.0,epa_us06,PPO_seed7
110,13.5752,6355.0881038580355,0.0,0.0,0.4952995878914981,25.018645694107644,0.34393927948548975,0.0,0.05972827165280108,0.2542035241543214,0.0,0.0,epa_us06,PPO_seed7
111,12.8743,7791.638943555531,0.0,0.0,0.49534862444175665,25.018705046657153,0.42168584297528355,0.0,0.07322968931913093,0.31166555774222127,0.0,0.0,epa_us06,PPO_seed7
112,12.0731,8764.79801075179,0.0,0.0,0.4954037833809892,25.018778618529772,0.4743535043713638,0.0,0.08237592115368224,0.35059192043007165,0.0,0.0,epa_us06,PPO_seed7
113,11.2037,9085.070766310228,0.0,0.0,0.49546095549807595,25.01885663168956,0.4916867622248196,0.0,0.0853860034427653,0.3634028306524091,0.0,0.0,epa_us06,PPO_seed7
114,10.3101,8723.518594896024,0.0,0.0,0.4955158501066363,25.018927705826897,0.47211944997038774,0.0,0.0819879567189476,0.34894074379584095,0.0,0.0,epa_us06,PPO_seed7
115,9.4407,7800.41885097254,0.0,0.0,0.4955649340070564,25.018983660791736,0.42216101420526575,0.0,0.07331220724598252,0.3120167540389016,0.0,0.0,epa_us06,PPO_seed7
116,8.6395,6531.30411555766,0.0,0.0,0.4956060306269743,25.019021885925465,0.3534761430359702,0.0,0.0613844371762938,0.2612521646223064,0.0,0.0,epa_us06,PPO_seed7
117,7.9386,5148.56247188703,0.0,0.0,0.49563842574856715,25.019044457520256,0.2786417494183672,0.0,0.04838874503653224,0.20594249887548122,0.0,0.0,epa_us06,PPO_seed7
118,7.3531,3846.239090891495,0.0,0.0,0.4956626259961316,25.01905568901935,0.20815961636268404,0.0,0.036148863636198264,0.1538495636356598,0.0,0.0,epa_us06,PPO_seed7
119,6.8778,2768.361677554725,0.0,0.0,0.49568004400631716,25.019060001743973,0.1498245665792399,0.0,0.026018436819123355,0.110734467102189,0.0,0.0,epa_us06,PPO_seed7
120,6.4887,1999.5387753713783,0.0,0.0,0.4956926245552242,25.01906072938329,0.1082156398881442,0.0,0.018792657663264833,0.07998155101485513,0.0,0.0,epa_us06,PPO_seed7
121,6.1468,1580.4385803496796,0.0,0.0,0.4957025681353119,25.019059955656058,0.08553381128839843,0.0,0.01485374605591804,0.06321754321398718,0.0,0.0,epa_us06,PPO_seed7
122,5.8049,1502.5381684355714,0.0,0.0,0.4957120215092144,25.019058892366637,0.08131781756691159,0.0,0.014121599327401986,0.060101526737422854,0.0,0.0,epa_us06,PPO_seed7
123,5.4158,1698.100211574137,0.0,0.0,0.4957227051934919,25.01905836756873,0.09190169415722284,0.0,0.015959588454644142,0.06792400846296548,0.0,0.0,epa_us06,PPO_seed7
124,4.9405,2036.307511052878,0.0,0.0,0.4957355166148896,25.019058986319045,0.11020557492149334,0.0,0.01913822848733908,0.08145230044211511,0.0,0.0,epa_us06,PPO_seed7
125,4.355,2342.495375269025,0.0,0.0,0.49575025427466485,25.019060822880554,0.12677655421944692,0.0,0.022015933978092338,0.093699815010761,0.0,0.0,epa_us06,PPO_seed7
126,3.6541,2446.4299484044354,0.0,0.0,0.49576564567260417,25.019063082929623,0.1324015245760536,0.0,0.022992762672974017,0.09785719793617742,0.0,0.0,epa_us06,PPO_seed7
127,2.8529,2236.7826409339827,0.0,0.0,0.4957797179551218,25.019064374272837,0.12105534924393088,0.0,0.02102239324186074,0.0894713056373593,0.0,0.0,epa_us06,PPO_seed7
128,1.844,1878.411681059706,0.0,0.0,0.49579153550588745,25.019064241139024,0.10166020511479522,0.0,0.017654245122741597,0.07513646724238825,0.0,0.0,epa_us06,PPO_seed7
129,1.2294,710.3993791603084,0.0,0.0,0.4957960047684457,25.019061228241895,0.03844702805410451,0.0,0.006676685894363801,0.028415975166412335,0.0,0.0,epa_us06,PPO_seed7
130,0.6147,355.5625107950386,0.0,0.0,0.49579824167440256,25.019057850335063,0.01924315002032096,0.0,0.003341752921006002,0.014222500431801543,0.0,0.0,epa_us06,PPO_seed7
131,0.0,0.0,0.0,0.0,0.49579824167440256,25.01905434898749,0.0,0.0,0.0,0.0,0.0,0.0,epa_us06,PPO_seed7
132,0.6706,-802.0503840319423,0.0,0.0,0.49579319585065074,25.019051454812512,-0.0015076135038194405,0.0,0.007538067519097202,0.0,0.0,0.0,epa_us06,PPO_seed7
133,1.3411,-1604.8325116250503,0.0,0.0,0.4957830995801521,25.01905039191998,-0.003016602465460621,0.0,0.015083012327303105,0.0,0.0,0.0,epa_us06,PPO_seed7
134,2.0117,-2410.2718685372733,0.0,0.0,0.49576793608485453,25.019052397133823,-0.0045305862190550255,0.0,0.022652931095275126,0.0,0.0,0.0,epa_us06,PPO_seed7
135,2.4095,-1866.8851601781116,0.0,0.0,0.495756191056393,25.019052221838944,-0.003509182631913744,0.0,0.01754591315956872,0.0,0.0,0.0,epa_us06,PPO_seed7
136,3.3528,-5453.471593830523,0.0,0.0,0.49572188176151605,25.01907689144142,-0.010250886454568653,0.0,0.05125443227284326,0.0,0.0,0.0,epa_us06,PPO_seed7
137,4.2961,-7005.952204241971,0.0,0.0,0.4956778046100692,25.01911991359548,-0.013169083090680399,0.0,0.06584541545340199,0.0,0.0,0.0,epa_us06,PPO_seed7
138,5.1922,-8111.930601591994,0.0,0.0,0.4956267681780734,25.01917885132277,-0.015247989852616531,0.0,0.07623994926308265,0.0,0.0,0.0,epa_us06,PPO_seed7
139,6.0022,-8605.413994754932,0.0,0.0,0.49557262559701926,25.019245745351636,-0.01617559021570476,0.0,0.0808779510785238,0.0,0.0,0.0,epa_us06,PPO_seed7
140,6.7019,-8493.591390757809,0.0,0.0,0.49551918515088267,25.019311031693004,-0.015965397351048512,0.0,0.07982698675524257,0.0,0.0,0.0,epa_us06,PPO_seed7
141,7.2863,-7962.288616239661,0.0,0.0,0.4954690863141917,25.01936827909189,-0.014966707925262522,0.0,0.0748335396263126,0.0,0.0,0.0,epa_us06,PPO_seed7
142,7.7703,-7310.823702977732,0.0,0.0,0.4954230854568656,25.019416353984163,-0.013742149817627317,0.0,0.06871074908813658,0.0,0.0,0.0,epa_us06,PPO_seed7
143,8.1861,-6865.406824541207,0.0,0.0,0.49537988637584024,25.019458688340194,-0.01290490004613009,0.0,0.06452450023065044,0.0,0.0,0.0,epa_us06,PPO_seed7
144,8.5779,-6906.76807617648,0.0,0.0,0.49533642626822477,25.01950178775361,-0.012982646759730224,0.0,0.06491323379865112,0.0,0.0,0.0,epa_us06,PPO_seed7
145,8.9937,-7615.830989171523,0.0,0.0,0.4952885036258629,25.01955486768796,-0.014315471784156998,0.0,0.07157735892078498,0.0,0.0,0.0,epa_us06,PPO_seed7
146,9.4777,-9080.808511137498,0.0,0.0,0.49523136150381764,25.019631376110734,-0.017069188930709585,0.0,0.08534594465354792,0.0,0.0,0.0,epa_us06,PPO_seed7
147,10.0621,-11279.538834944362,0.0,0.0,0.4951603819036228,25.01975062670316,-0.021202140667188653,0.0,0.10601070333594326,0.0,0.0,0.0,epa_us06,PPO_seed7
148,10.7618,-14085.966893964414,0.0,0.0,0.4950717393525604,25.019937785742016,-0.02647738137963236,0.0,0.1323869068981618,0.0,0.0,0.0,epa_us06,PPO_seed7
149,11.5718,-17254.29048313128,0.0,0.0,0.4949631543329503,25.020219703983468,-0.03243287684799113,0.0,0.16216438423995563,0.0,0.0,0.0,epa_us06,PPO_seed7
150,12.4679,-20417.67859692995,0.0,0.0,0.4948346550574631,25.020615535496002,-0.03837909510701118,0.0,0.1918954755350559,0.0,0.0,0.0,epa_us06,PPO_seed7
151,13.4112,-23138.962805153595,0.0,0.0,0.49468902069497683,25.021125104276965,-0.04349429098713082,0.0,0.2174714549356541,0.0,0.0,0.0,epa_us06,PPO_seed7
152,14.3545,-24986.781240413435,0.0,0.0,0.49453174583747184,25.0217208646529,-0.04696763391055157,0.0,0.23483816955275785,0.0,0.0,0.0,epa_us06,PPO_seed7
153,15.2506,-25663.953559628473,0.0,0.0,0.49437019712363184,25.022351540541536,-0.04824051420982796,0.0,0.24120257104913978,0.0,0.0,0.0,epa_us06,PPO_seed7
154,16.0606,-25114.66328213281,0.0,0.0,0.49421209475270095,25.022958556071796,-0.04720801368821957,0.0,0.23604006844109784,0.0,0.0,0.0,epa_us06,PPO_seed7
155,16.7603,-23558.65318120195,0.0,0.0,0.49406377778842536,25.023496706593434,-0.04428318267143224,0.0,0.22141591335716118,0.0,0.0,0.0,epa_us06,PPO_seed7
156,17.3447,-21471.794387920272,0.0,0.0,0.49392859081170687,25.023948598410136,-0.040360515766767434,0.0,0.20180257883383715,0.0,0.0,0.0,epa_us06,PPO_seed7
157,17.8287,-19464.360121723465,0.0,0.0,0.4938060364167172,25.02432511636053,-0.036587143085946364,0.0,0.1829357154297318,0.0,0.0,0.0,epa_us06,PPO_seed7
158,18.2445,-18143.117758001226,0.0,0.0,0.4936917961373019,25.024656700741804,-0.03410360480827298,0.0,0.1705180240413649,0.0,0.0,0.0,epa_us06,PPO_seed7
159,18.6363,-17994.779634836283,0.0,0.0,0.49357848569595314,25.02498510372749,-0.03382477374969226,0.0,0.1691238687484613,0.0,0.0,0.0,epa_us06,PPO_seed7
160,19.0521,-19282.48998026363,0.0,0.0,0.4934570624308919,25.025360859689478,-0.03624528191778877,0.0,0.18122640958894387,0.0,0.0,0.0,epa_us06,PPO_seed7
161,19.5361,-22058.704372901517,0.0,0.0,0.49331815172709925,25.025847515353604,-0.041463730024250973,0.0,0.20731865012125486,0.0,0.0,0.0,epa_us06,PPO_seed7
162,20.1205,-26134.171929268174,0.0,0.0,0.49315356867752863,25.026523069797037,-0.04912438332569206,0.0,0.24562191662846028,0.0,0.0,0.0,epa_us06,PPO_seed7
163,20.8202,-31126.6959189751,0.0,0.0,0.49295753277319276,25.0274733319902,-0.058508826915366734,0.0,0.29254413457683365,0.0,0.0,0.0,epa_us06,PPO_seed7
164,21.6302,-36484.73377402136,0.0,0.0,0.4927277344663127,25.028772097841703,-0.0685803266428973,0.0,0.34290163321448647,0.0,0.0,0.0,epa_us06,PPO_seed7
165,22.5263,-41535.537842756814,0.0,0.0,0.49246609955697246,25.03045122042688,-0.07807431925330229,0.0,0.3903715962665114,0.0,0.0,0.0,epa_us06,PPO_seed7
166,23.4696,-45594.7291638702,0.0,0.0,0.4921788646667164,25.032474279667063,-0.08570437812757557,0.0,0.4285218906378778,0.0,0.0,0.0,epa_us06,PPO_seed7
167,24.4129,-48073.41099563013,0.0,0.0,0.49187597880995027,25.034727833227713,-0.09036355450306416,0.0,0.4518177725153208,0.0,0.0,0.0,epa_us06,PPO_seed7
168,25.309,-48640.514080510846,0.0,0.0,0.4915694819752987,25.03704504991259,-0.09142953774532114,0.0,0.4571476887266057,0.0,0.0,0.0,epa_us06,PPO_seed7
169,26.119,-47336.561775564325,0.0,0.0,0.49127116521733116,25.039255816880058,-0.08897849957812844,0.0,0.44489249789064217,0.0,0.0,0.0,epa_us06,PPO_seed7
170,26.8187,-44585.24284035722,0.0,0.0,0.49099015526979917,25.041238703192167,-0.08380684744428049,0.0,0.41903423722140243,0.0,0.0,0.0,epa_us06,PPO_seed7
171,27.4031,-41150.695243485665,0.0,0.0,0.4907307661342627,25.04295329706298,-0.07735093090880764,0.0,0.3867546545440382,0.0,0.0,0.0,epa_us06,PPO_seed7
172,27.398,-16014.583787855134,0.0,0.0,0.4906298111252416,25.043313355260675,-0.030102601104990852,0.0,0.15051300552495425,0.0,0.0,0.0,epa_us06,PPO_seed7
173,27.3248,-13013.0538471282,0.0,0.0,0.4905477778718383,25.04358935666754,-0.024460627532195866,0.0,0.12230313766097932,0.0,0.0,0.0,epa_us06,PPO_seed7
174,27.2275,-11861.303547052607,0.0,0.0,0.4904730061802728,25.04383558772255,-0.02229568335912144,0.0,0.1114784167956072,0.0,0.0,0.0,epa_us06,PPO_seed7
175,27.1542,-12779.703158892364,0.0,0.0,0.4903924464234852,25.0441003587045,-0.02402199841897061,0.0,0.12010999209485304,0.0,0.0,0.0,epa_us06,PPO_seed7
176,27.1492,-15657.482283650266,0.0,0.0,0.4902937472307155,25.044440397435615,-0.029431357676034338,0.0,0.14715678838017168,0.0,0.0,0.0,epa_us06,PPO_seed7
177,27.2445,-20045.94475271811,0.0,0.0,0.49016738505190394,25.044928067444857,-0.03768034727954533,0.0,0.18840173639772662,0.0,0.0,0.0,epa_us06,PPO_seed7
178,27.4551,-25310.448893278066,0.0,0.0,0.49000783531542785,25.045643192251035,-0.04757603175428208,0.0,0.2378801587714104,0.0,0.0,0.0,epa_us06,PPO_seed7
179,27.7761,-30665.010540937274,0.0,0.0,0.48981452594097386,25.046645860881412,-0.0576409972574009,0.0,0.28820498628700447,0.0,0.0,0.0,epa_us06,PPO_seed7
180,28.1831,-35260.72955250409,0.0,0.0,0.48959223465783785,25.047941455987427,-0.06627956682801521,0.0,0.331397834140076,0.0,0.0,0.0,epa_us06,PPO_seed7
181,28.6374,-38369.35405229632,0.0,0.0,0.4893503304753755,25.049461655520908,-0.07212284596296302,0.0,0.36061422981481506,0.0,0.0,0.0,epa_us06,PPO_seed7
182,29.0916,-39420.34821448391,0.0,0.0,0.4891017820230355,25.051068144354765,-0.07409839889940584,0.0,0.3704919944970292,0.0,0.0,0.0,epa_us06,PPO_seed7
183,29.4987,-38222.998467411526,0.0,0.0,0.4888607649477776,25.052595424976616,-0.07184774148009686,0.0,0.35923870740048425,0.0,0.0,0.0,epa_us06,PPO_seed7
184,29.8196,-34972.93185403838,0.0,0.0,0.4886402262222752,25.053905148688433,-0.06573859371059847,0.0,0.3286929685529923,0.0,0.0,0.0,epa_us06,PPO_seed7
185,30.0303,-30294.08212417399,0.0,0.0,0.4884491816710197,25.054931441368318,-0.0569437633913045,0.0,0.28471881695652246,0.0,0.0,0.0,epa_us06,PPO_seed7
186,30.1256,-25083.53767989345,0.0,0.0,0.48829099059928843,25.055687771243946,-0.04714950691709295,0.0,0.23574753458546474,0.0,0.0,0.0,epa_us06,PPO_seed7
187,30.1205,-20369.71564586296,0.0,0.0,0.48816252519714204,25.056241957288997,-0.03828893918395294,0.0,0.19144469591976468,0.0,0.0,0.0,epa_us06,PPO_seed7
188,30.0473,-17059.65787370978,0.0,0.0,0.48805493510562387,25.056677424771948,-0.032067026078401846,0.0,0.16033513039200922,0.0,0.0,0.0,epa_us06,PPO_seed7
189,29.95,-15779.173503491293,0.0,0.0,0.48795542160236155,25.057070314515826,-0.029660100570472355,0.0,0.14830050285236177,0.0,0.0,0.0,epa_us06,PPO_seed7
190,29.8767,-16779.18094960264,0.0,0.0,0.48784960285668233,25.057490992956865,-0.031539813815042554,0.0,0.15769906907521278,0.0,0.0,0.0,epa_us06,PPO_seed7
191,29.8716,-19940.02796394972,0.0,0.0,0.4877238512638333,25.05801944127278,-0.03748125557133406,0.0,0.1874062778566703,0.0,0.0,0.0,epa_us06,PPO_seed7
192,29.967,-24788.790521218572,0.0,0.0,0.48756752067537396,25.058753126138257,-0.04659547090454619,0.0,0.23297735452273094,0.0,0.0,0.0,epa_us06,PPO_seed7
193,30.1776,-30594.803936572054,0.0,0.0,0.48737457075017054,25.05979397113261,-0.057509029955962514,0.0,0.28754514977981255,0.0,0.0,0.0,epa_us06,PPO_seed7
194,30.4985,-36500.96783865121,0.0,0.0,0.48714436387685517,25.061215900724008,-0.06861084180197595,0.0,0.34305420900987976,0.0,0.0,0.0,epa_us06,PPO_seed7
195,30.9056,-41584.979078105294,0.0,0.0,0.4868820773963066,25.06302261154281,-0.07816725390621297,0.0,0.3908362695310648,0.0,0.0,0.0,epa_us06,PPO_seed7
196,31.3599,-45018.56966947671,0.0,0.0,0.4865981131443657,25.065122090819088,-0.08462137155916676,0.0,0.42310685779583374,0.0,0.0,0.0,epa_us06,PPO_seed7
197,31.8141,-46200.544786767576,0.0,0.0,0.48630666857131677,25.067336017031902,-0.0868431292984353,0.0,0.4342156464921765,0.0,0.0,0.0,epa_us06,PPO_seed7
198,32.2212,-44923.182584265356,0.0,0.0,0.4860232573194627,25.069451814343843,-0.08444207252681458,0.0,0.4222103626340729,0.0,0.0,0.0,epa_us06,PPO_seed7
199,32.5421,-41403.3392420829,0.0,0.0,0.4857620311491168,25.0712903418547,-0.07782582564301298,0.0,0.38912912821506485,0.0,0.0,0.0,epa_us06,PPO_seed7
200,32.7527,-36315.557240710965,0.0,0.0,0.4855328903076849,25.072762224928937,-0.06826232564043415,0.0,0.3413116282021707,0.0,0.0,0.0,epa_us06,PPO_seed7
201,32.8481,-30655.413068105223,0.0,0.0,0.4853394544503596,25.073879733333957,-0.05762295689493463,0.0,0.28811478447467315,0.0,0.0,0.0,epa_us06,PPO_seed7
202,32.843,-25509.75041377123,0.0,0.0,0.4851784837008149,25.07472493028865,-0.04795065867250232,0.0,0.23975329336251158,0.0,0.0,0.0,epa_us06,PPO_seed7
203,32.7698,-21889.25730888816,0.0,0.0,0.48504035793152517,25.075406296637563,-0.041145220505428876,0.0,0.20572610252714438,0.0,0.0,0.0,epa_us06,PPO_seed7
204,32.6724,-20472.23320208638,0.0,0.0,0.4849111746342101,25.076027823681386,-0.038481641357305224,0.0,0.19240820678652612,0.0,0.0,0.0,epa_us06,PPO_seed7
205,32.5992,-21562.279510954686,0.0,0.0,0.4847751143661011,25.07668946927486,-0.040530600584501295,0.0,0.20265300292250646,0.0,0.0,0.0,epa_us06,PPO_seed7
206,32.5941,-25005.357772906616,0.0,0.0,0.48461732884951797,25.07750096515131,-0.04700255220471169,0.0,0.23501276102355842,0.0,0.0,0.0,epa_us06,PPO_seed7
207,32.6895,-30308.30114647707,0.0,0.0,0.4844260801504201,25.078590979843867,-0.0569704908768366,0.0,0.284852454384183,0.0,0.0,0.0,epa_us06,PPO_seed7
208,32.9001,-36665.549845017864,0.0,0.0,0.48419471070203957,25.080088722260594,-0.06892020647559749,0.0,0.34460103237798745,0.0,0.0,0.0,epa_us06,PPO_seed7
209,33.221,-43136.199783987955,0.0,0.0,0.48392249696113276,25.08208422936854,-0.08108308230072925,0.0,0.4054154115036462,0.0,0.0,0.0,epa_us06,PPO_seed7
210,33.6281,-48710.20620906979,0.0,0.0,0.48361508708528567,25.084577283698273,-0.09156053798697329,0.0,0.45780268993486645,0.0,0.0,0.0,epa_us06,PPO_seed7
211,34.0823,-52479.39360899067,0.0,0.0,0.4832838613765693,25.087447187529186,-0.09864547670862908,0.0,0.4932273835431454,0.0,0.0,0.0,epa_us06,PPO_seed7
212,34.5366,-53815.14974653644,0.0,0.0,0.4829441720528172,25.090468509745666,-0.10115629651604595,0.0,0.5057814825802297,0.0,0.0,0.0,epa_us06,PPO_seed7
213,34.9436,-52457.282345566666,0.0,0.0,0.4826130209949872,25.093369513093023,-0.098603914183396,0.0,0.49301957091697995,0.0,0.0,0.0,epa_us06,PPO_seed7
214,35.2646,-48687.23904004609,0.0,0.0,0.48230564120648844,25.095923365248694,-0.091517366616628,0.0,0.45758683308313997,0.0,0.0,0.0,epa_us06,PPO_seed7
215,35.4752,-43195.405065747815,0.0,0.0,0.48203291257632314,25.098009681380653,-0.08119437042433801,0.0,0.40597185212169,0.0,0.0,0.0,epa_us06,PPO_seed7
216,35.5705,-37072.79733171453,0.0,0.0,0.4817988282349798,25.099636716503415,-0.0696857092701401,0.0,0.3484285463507005,0.0,0.0,0.0,epa_us06,PPO_seed7
217,35.5655,-31511.165479440984,0.0,0.0,0.4815998546516645,25.100904568752238,-0.0592315140590996,0.0,0.296157570295498,0.0,0.0,0.0,epa_us06,PPO_seed7
218,35.4922,-27567.05080771186,0.0,0.0,0.4814257836291,25.10195046295551,-0.05181776467615012,0.0,0.25908882338075057,0.0,0.0,0.0,epa_us06,PPO_seed7
219,35.3949,-26027.01771512104,0.0,0.0,0.48126143738211885,25.10291489995953,-0.04892296562992677,0.0,0.24461482814963384,0.0,0.0,0.0,epa_us06,PPO_seed7
220,35.3217,-27190.225346365336,0.0,0.0,0.48108974729387916,25.10393448227441,-0.051109446139784465,0.0,0.2555472306989223,0.0,0.0,0.0,epa_us06,PPO_seed7
221,35.3166,-30920.049442908574,0.0,0.0,0.4808945060222227,25.10515769410958,-0.05812039368967778,0.0,0.29060196844838887,0.0,0.0,0.0,epa_us06,PPO_seed7
222,35.1909,-24025.430608238603,0.0,0.0,0.48074279836659556,25.10601989143542,-0.045160583850072565,0.0,0.2258029192503628,0.0,0.0,0.0,epa_us06,PPO_seed7
223,35.1806,-30318.765379710858,0.0,0.0,0.48055135416698685,25.107202908286727,-0.056990160488178315,0.0,0.28495080244089155,0.0,0.0,0.0,epa_us06,PPO_seed7
224,35.2805,-36598.23914865003,0.0,0.0,0.48032025672028583,25.10878588995816,-0.06879368261024442,0.0,0.34396841305122206,0.0,0.0,0.0,epa_us06,PPO_seed7
225,35.4666,-41820.58292131965,0.0,0.0,0.48005617469005635,25.110763180937912,-0.07861011827315724,0.0,0.3930505913657862,0.0,0.0,0.0,epa_us06,PPO_seed7
226,35.6999,-45064.16097089723,0.0,0.0,0.47977159655201757,25.113016804810833,-0.08470706949416773,0.0,0.42353534747083865,0.0,0.0,0.0,epa_us06,PPO_seed7
227,35.8973,-43605.95931184617,0.0,0.0,0.4794962104653413,25.115157236877767,-0.08196608893204167,0.0,0.40983044466020835,0.0,0.0,0.0,epa_us06,PPO_seed7
228,35.8973,-32583.09505851274,0.0,0.0,0.47929042649509507,25.11650597739146,-0.061246419282918685,0.0,0.3062320964145934,0.0,0.0,0.0,epa_us06,PPO_seed7
229,35.8973,-32583.09505851274,0.0,0.0,0.4790846397994346,25.117854950112463,-0.061246419282918685,0.0,0.3062320964145934,0.0,0.0,0.0,epa_us06,PPO_seed7
230,35.8973,-32583.09505851274,0.0,0.0,0.478878850391156,25.119204140297313,-0.061246419282918685,0.0,0.3062320964145934,0.0,0.0,0.0,epa_us06,PPO_seed7
231,35.8973,-32583.09505851274,0.0,0.0,0.47867305828262785,25.120553533676354,-0.061246419282918685,0.0,0.3062320964145934,0.0,0.0,0.0,epa_us06,PPO_seed7
232,35.8571,-30243.736401078357,0.0,0.0,0.47848203887281937,25.121763023265892,-0.05684912857345556,0.0,0.28424564286727777,0.0,0.0,0.0,epa_us06,PPO_seed7
233,35.5629,-15506.444868564831,0.0,0.0,0.4783840997104231,25.122328274007184,-0.02914745276046021,0.0,0.14573726380230104,0.0,0.0,0.0,epa_us06,PPO_seed7
234,35.2445,-13575.257114929673,0.0,0.0,0.47829836198181186,25.122827657928845,-0.025517400591973074,0.0,0.12758700295986536,0.0,0.0,0.0,epa_us06,PPO_seed7
235,34.9503,-14354.696772209083,0.0,0.0,0.47820770619889047,25.123334679959378,-0.026982512729716326,0.0,0.13491256364858162,0.0,0.0,0.0,epa_us06,PPO_seed7
236,34.7243,-17625.343938958456,0.0,0.0,0.4780964001744606,25.12392948245247,-0.03313034574992191,0.0,0.16565172874960954,0.0,0.0,0.0,epa_us06,PPO_seed7
237,34.5986,-22783.032042188,0.0,0.0,0.47795252763912566,25.124713835446457,-0.042825248199601505,0.0,0.2141262409980075,0.0,0.0,0.0,epa_us06,PPO_seed7
238,34.5883,-28970.790712165017,0.0,0.0,0.4777695826796997,25.12579822961388,-0.054456373519107176,0.0,0.27228186759553585,0.0,0.0,0.0,epa_us06,PPO_seed7
239,34.6882,-35141.463708414034,0.0,0.0,0.47754766934539816,25.12725892839994,-0.0660553829105527,0.0,0.3302769145527635,0.0,0.0,0.0,epa_us06,PPO_seed7
240,34.8743,-40270.79306349479,0.0,0.0,0.4772933574946257,25.129091850614888,-0.07569697944265939,0.0,0.3784848972132969,0.0,0.0,0.0,epa_us06,PPO_seed7
241,35.1075,-43448.01060583415,0.0,0.0,0.47701896847770103,25.131185394220715,-0.08166919286810931,0.0,0.4083459643405465,0.0,0.0,0.0,epa_us06,PPO_seed7
242,35.3408,-44082.585337246055,0.0,0.0,0.4767405560269358,25.133341128259385,-0.08286200251362041,0.0,0.414310012568102,0.0,0.0,0.0,epa_us06,PPO_seed7
243,35.5269,-41980.802781805374,0.0,0.0,0.4764754024641527,25.13533396828621,-0.0789112834244462,0.0,0.39455641712223094,0.0,0.0,0.0,epa_us06,PPO_seed7
244,35.6268,-37470.08347798457,0.0,0.0,0.4762387272858871,25.136992943127016,-0.0704324877405725,0.0,0.35216243870286246,0.0,0.0,0.0,epa_us06,PPO_seed7
245,35.6165,-31338.476618611345,0.0,0.0,0.4760407752821181,25.138253935800776,-0.05890691093723937,0.0,0.2945345546861968,0.0,0.0,0.0,epa_us06,PPO_seed7
246,35.4908,-24671.002234894957,0.0,0.0,0.4758849373483225,25.139158488140733,-0.04637406435130631,0.0,0.23187032175653155,0.0,0.0,0.0,epa_us06,PPO_seed7
247,35.2648,-18681.38015616569,0.0,0.0,0.4757669352890115,25.13981021406139,-0.03511537623339416,0.0,0.1755768811669708,0.0,0.0,0.0,epa_us06,PPO_seed7
248,34.9705,-14386.495261486398,0.0,0.0,0.47567606517333194,25.140317176802334,-0.027042284326102253,0.0,0.13521142163051125,0.0,0.0,0.0,epa_us06,PPO_seed7
249,34.6522,-12511.896320404492,0.0,0.0,0.47559703940924153,25.140764100942587,-0.02351860210602348,0.0,0.1175930105301174,0.0,0.0,0.0,epa_us06,PPO_seed7
250,34.358,-13284.969323379373,0.0,0.0,0.4755131352440472,25.14121736337866,-0.02497174684845747,0.0,0.12485873424228734,0.0,0.0,0.0,epa_us06,PPO_seed7
251,34.1319,-16503.54141228015,0.0,0.0,0.47540890842053485,25.141750509058372,-0.031021694383985245,0.0,0.15510847191992622,0.0,0.0,0.0,epa_us06,PPO_seed7
252,34.0063,-21588.59701326748,0.0,0.0,0.4752725720238923,25.142459479450366,-0.04058006957381106,0.0,0.20290034786905528,0.0,0.0,0.0,epa_us06,PPO_seed7
253,33.9959,-27659.971938083054,0.0,0.0,0.4750978963304688,25.1434483804658,-0.051992428455043344,0.0,0.2599621422752167,0.0,0.0,0.0,epa_us06,PPO_seed7
254,34.0959,-33732.77625509101,0.0,0.0,0.47488486879884007,25.144791766651686,-0.06340747416370492,0.0,0.31703737081852457,0.0,0.0,0.0,epa_us06,PPO_seed7
255,34.282,-38764.01692033865,0.0,0.0,0.4746400613616682,25.146486027113603,-0.07286469345928318,0.0,0.36432346729641585,0.0,0.0,0.0,epa_us06,PPO_seed7
256,34.5152,-41880.99047352976,0.0,0.0,0.4743755572818033,25.1484264479799,-0.07872366630362737,0.0,0.39361833151813685,0.0,0.0,0.0,epa_us06,PPO_seed7
257,34.7485,-42498.50438487199,0.0,0.0,0.47410713846313185,25.15042512667274,-0.07988440673848118,0.0,0.3994220336924059,0.0,0.0,0.0,epa_us06,PPO_seed7
258,34.9346,-40426.592874853915,0.0,0.0,0.4738517915004505,25.15226887250692,-0.07598983623092842,0.0,0.37994918115464205,0.0,0.0,0.0,epa_us06,PPO_seed7
259,35.0345,-35987.95498879079,0.0,0.0,0.4736244696277977,25.153796454815183,-0.06764653193381728,0.0,0.3382326596690864,0.0,0.0,0.0,epa_us06,PPO_seed7
260,35.0241,-29952.96170258749,0.0,0.0,0.47343526267070607,25.15494847231996,-0.056302559591329876,0.0,0.28151279795664935,0.0,0.0,0.0,epa_us06,PPO_seed7
261,34.8985,-23412.14672072267,0.0,0.0,0.47328737144722716,25.155767135247977,-0.04400779458782457,0.0,0.22003897293912283,0.0,0.0,0.0,epa_us06,PPO_seed7
262,34.6724,-17520.433073408458,0.0,0.0,0.4731766988987601,25.15635072597336,-0.03293314487482793,0.0,0.16466572437413965,0.0,0.0,0.0,epa_us06,PPO_seed7
263,34.3782,-13320.74954945833,0.0,0.0,0.4730925576400031,25.15680181860846,-0.025039002912515665,0.0,0.1251950145625783,0.0,0.0,0.0,epa_us06,PPO_seed7
264,34.0599,-11485.792826203195,0.0,0.0,0.47302001041914926,25.15719807040709,-0.021589836139479693,0.0,0.10794918069739845,0.0,0.0,0.0,epa_us06,PPO_seed7
265,33.7657,-12257.61878845477,0.0,0.0,0.47294259217213563,25.157599702348207,-0.023040636820403707,0.0,0.11520318410201852,0.0,0.0,0.0,epa_us06,PPO_seed7
266,33.5396,-15429.430535949541,0.0,0.0,0.4728451456092277,25.158074081492593,-0.029002688977348763,0.0,0.1450134448867438,0.0,0.0,0.0,epa_us06,PPO_seed7
267,33.414,-20430.723109517512,0.0,0.0,0.47271611720033047,25.15871102106579,-0.03840361486751412,0.0,0.1920180743375706,0.0,0.0,0.0,epa_us06,PPO_seed7
268,33.4036,-26396.68781362948,0.0,0.0,0.472549413900083,25.15960939750634,-0.049617834236145644,0.0,0.2480891711807282,0.0,0.0,0.0,epa_us06,PPO_seed7
269,33.5035,-32355.306710720648,0.0,0.0,0.4723450788630356,25.160840570262163,-0.060818245696843326,0.0,0.3040912284842166,0.0,0.0,0.0,epa_us06,PPO_seed7
270,33.6896,-37299.28022683943,0.0,0.0,0.4721095145830728,25.16240294535999,-0.07011142899781848,0.0,0.3505571449890924,0.0,0.0,0.0,epa_us06,PPO_seed7
271,33.9229,-40361.818040052305,0.0,0.0,0.4718545976625174,25.164198140457447,-0.07586807902265472,0.0,0.37934039511327355,0.0,0.0,0.0,epa_us06,PPO_seed7
272,34.1561,-40951.71218293242,0.0,0.0,0.4715959412905843,25.166047077683356,-0.07697690259949702,0.0,0.3848845129974851,0.0,0.0,0.0,epa_us06,PPO_seed7
273,34.3422,-38915.219525231136,0.0,0.0,0.4713501343687517,25.16774921487555,-0.0731489088820134,0.0,0.36574454441006704,0.0,0.0,0.0,epa_us06,PPO_seed7
274,34.4422,-34554.39547936747,0.0,0.0,0.4711318625038709,25.169152587753985,-0.06495187120181856,0.0,0.3247593560090928,0.0,0.0,0.0,epa_us06,PPO_seed7
275,34.4318,-28616.422242141773,0.0,0.0,0.4709510940948348,25.170201857468694,-0.053790267372446944,0.0,0.2689513368622347,0.0,0.0,0.0,epa_us06,PPO_seed7
276,34.3062,-22190.813978216054,0.0,0.0,0.470810914792941,25.17093923544135,-0.041712056350030176,0.0,0.20856028175015087,0.0,0.0,0.0,epa_us06,PPO_seed7
277,34.0801,-16407.935017524596,0.0,0.0,0.47070726741930685,25.171458857299175,-0.030841983115647738,0.0,0.15420991557823868,0.0,0.0,0.0,epa_us06,PPO_seed7
278,33.7859,-12291.965810316602,0.0,0.0,0.4706296228729057,25.171857281754413,-0.02310519889157256,0.0,0.1155259944578628,0.0,0.0,0.0,epa_us06,PPO_seed7
279,33.4676,-10501.698571477522,0.0,0.0,0.4705632900140141,25.17220595247897,-0.019740034908792337,0.0,0.09870017454396167,0.0,0.0,0.0,epa_us06,PPO_seed7
280,33.1733,-11266.591393069537,0.0,0.0,0.47049212946585084,25.172559059010865,-0.021177803370431462,0.0,0.1058890168521573,0.0,0.0,0.0,epa_us06,PPO_seed7
281,32.9473,-14401.812300315001,0.0,0.0,0.47040117093749184,25.172978517862024,-0.027071075752471807,0.0,0.13535537876235904,0.0,0.0,0.0,epa_us06,PPO_seed7
282,32.7973,-18024.094005269548,0.0,0.0,0.4702873388326623,25.1735020249204,-0.03387987594975479,0.0,0.16939937974877395,0.0,0.0,0.0,epa_us06,PPO_seed7
283,32.7625,-23832.210666084393,0.0,0.0,0.4701368283413146,25.17425189121859,-0.044797388470083445,0.0,0.22398694235041722,0.0,0.0,0.0,epa_us06,PPO_seed7
284,32.8381,-29622.02793144912,0.0,0.0,0.46994975255904237,25.1752951118474,-0.05568050363054346,0.0,0.27840251815271727,0.0,0.0,0.0,epa_us06,PPO_seed7
285,32.9998,-34393.5209354789,0.0,0.0,0.46973253813026883,25.17663141840391,-0.0646494754426295,0.0,0.3232473772131475,0.0,0.0,0.0,epa_us06,PPO_seed7
286,33.2087,-37318.635599426445,0.0,0.0,0.46949684108576656,25.178172515069647,-0.07014781127711738,0.0,0.3507390563855869,0.0,0.0,0.0,epa_us06,PPO_seed7
287,33.4176,-37825.9266444238,0.0,0.0,0.46925792885628637,25.17975652387267,-0.07110136587297708,0.0,0.35550682936488537,0.0,0.0,0.0,epa_us06,PPO_seed7
288,33.5793,-35756.649404801334,0.0,0.0,0.4690320756144126,25.181202139052065,-0.06721174700150627,0.0,0.3360587350075313,0.0,0.0,0.0,epa_us06,PPO_seed7
289,33.6548,-31424.413977362346,0.0,0.0,0.4688335786982515,25.182375556438014,-0.05906844732586908,0.0,0.2953422366293454,0.0,0.0,0.0,epa_us06,PPO_seed7
290,33.6201,-25582.792981036673,0.0,0.0,0.4686719774833033,25.18323381244712,-0.04808795673127195,0.0,0.2404397836563597,0.0,0.0,0.0,epa_us06,PPO_seed7
291,33.4701,-19268.237188525192,0.0,0.0,0.4685502637243729,25.183820553067914,-0.03621849095587442,0.0,0.1810924547793721,0.0,0.0,0.0,epa_us06,PPO_seed7
292,33.2197,-13610.852221621946,0.0,0.0,0.46846428826077785,25.184224498895357,-0.0255843086872593,0.0,0.1279215434362965,0.0,0.0,0.0,epa_us06,PPO_seed7
293,32.9011,-9583.747335898137,0.0,0.0,0.4684037530785435,25.184530643666072,-0.018014562661462664,0.0,0.09007281330731332,0.0,0.0,0.0,epa_us06,PPO_seed7
294,32.5584,-7835.370956032746,0.0,0.0,0.4683542639446986,25.184796974703865,-0.014728140894798396,0.0,0.07364070447399197,0.0,0.0,0.0,epa_us06,PPO_seed7
295,32.2398,-8577.329411179078,0.0,0.0,0.46830009151658974,25.18506366703405,-0.016122799645073457,0.0,0.08061399822536727,0.0,0.0,0.0,epa_us06,PPO_seed7
296,31.9893,-11597.831701440206,0.0,0.0,0.46822684602340475,25.185378248437924,-0.021800435529022943,0.0,0.10900217764511472,0.0,0.0,0.0,epa_us06,PPO_seed7
297,31.8393,-16342.36980935375,0.0,0.0,0.468123640627417,25.185811245253774,-0.03071874024314615,0.0,0.15359370121573074,0.0,0.0,0.0,epa_us06,PPO_seed7
298,31.8046,-21987.73388496788,0.0,0.0,0.4679847864541453,25.18644559359687,-0.04133032685144339,0.0,0.20665163425721694,0.0,0.0,0.0,epa_us06,PPO_seed7
299,31.8801,-27594.706555707653,0.0,0.0,0.4678105238097446,25.187343384225045,-0.05186974916486401,0.0,0.25934874582432005,0.0,0.0,0.0,epa_us06,PPO_seed7
300,32.0419,-32230.388296832374,0.0,0.0,0.4676069824153556,25.188507194953477,-0.06058343664818116,0.0,0.3029171832409058,0.0,0.0,0.0,epa_us06,PPO_seed7
301,32.2507,-35051.98758995187,0.0,0.0,0.4673856141089257,25.18985627006754,-0.06588719471795464,0.0,0.32943597358977317,0.0,0.0,0.0,epa_us06,PPO_seed7
302,32.4596,-35541.193509825236,0.0,0.0,0.46716114616858556,25.191244142992957,-0.06680675471771662,0.0,0.33403377358858305,0.0,0.0,0.0,epa_us06,PPO_seed7
303,32.6213,-33524.27170918917,0.0,0.0,0.46694940687537534,25.19250528824077,-0.06301554832554356,0.0,0.31507774162771773,0.0,0.0,0.0,epa_us06,PPO_seed7
304,32.6969,-29317.367860472437,0.0,0.0,0.4667642314580592,25.19351913479348,-0.05510783432419632,0.0,0.27553917162098157,0.0,0.0,0.0,epa_us06,PPO_seed7
305,32.6622,-23638.740944306333,0.0,0.0,0.4666149203298345,25.19424837165308,-0.04443372357952319,0.0,0.2221686178976159,0.0,0.0,0.0,epa_us06,PPO_seed7
306,32.5122,-17512.693552609904,0.0,0.0,0.4665043034356615,25.194735884934495,-0.03291859690340208,0.0,0.16459298451701038,0.0,0.0,0.0,epa_us06,PPO_seed7
307,32.2617,-12027.448762145235,0.0,0.0,0.46642833494744745,25.195063961191916,-0.02260798639500984,0.0,0.1130399319750492,0.0,0.0,0.0,epa_us06,PPO_seed7
308,31.9431,-8141.957739159317,0.0,0.0,0.46637691018437105,25.19530939370999,-0.015304431840525032,0.0,0.07652215920262516,0.0,0.0,0.0,epa_us06,PPO_seed7
309,31.6004,-6466.720947240709,0.0,0.0,0.4663360683005139,25.195521750067755,-0.01215549050233216,0.0,0.0607774525116608,0.0,0.0,0.0,epa_us06,PPO_seed7
310,31.2818,-7207.01764417412,0.0,0.0,0.46629055339540243,25.195733609964847,-0.013547025646943834,0.0,0.06773512823471917,0.0,0.0,0.0,epa_us06,PPO_seed7
311,31.0314,-10157.699583443302,0.0,0.0,0.4662264070709436,25.19598512666605,-0.01909342026963027,0.0,0.09546710134815134,0.0,0.0,0.0,epa_us06,PPO_seed7
312,30.8814,-14763.53878303163,0.0,0.0,0.4661331781878739,25.196338910951145,-0.027751012750059458,0.0,0.13875506375029728,0.0,0.0,0.0,epa_us06,PPO_seed7
313,30.8466,-20235.78544292239,0.0,0.0,0.4660053957185588,25.196870835435405,-0.038037190682184946,0.0,0.19018595341092473,0.0,0.0,0.0,epa_us06,PPO_seed7
314,30.9222,-25680.363785943773,0.0,0.0,0.4658432325335738,25.197639633863833,-0.04827136049989431,0.0,0.24135680249947156,0.0,0.0,0.0,epa_us06,PPO_seed7
315,31.0839,-30160.44253969643,0.0,0.0,0.46565277547677125,25.19864836829984,-0.05669256116484292,0.0,0.28346280582421457,0.0,0.0,0.0,epa_us06,PPO_seed7
316,31.2928,-32899.65406151942,0.0,0.0,0.46544501371443153,25.199825591377166,-0.06184145500285605,0.0,0.30920727501428025,0.0,0.0,0.0,epa_us06,PPO_seed7
317,31.5017,-33361.41765384734,0.0,0.0,0.46523432681267735,25.20103725132319,-0.06270943168016417,0.0,0.31354715840082087,0.0,0.0,0.0,epa_us06,PPO_seed7
318,31.6634,-31397.367491305173,0.0,0.0,0.4650360347768877,25.20213311886885,-0.05901760806636311,0.0,0.2950880403318155,0.0,0.0,0.0,epa_us06,PPO_seed7
319,31.739,-27310.56528706509,0.0,0.0,0.46486354702103055,25.20300452914719,-0.05133564903583663,0.0,0.25667824517918314,0.0,0.0,0.0,epa_us06,PPO_seed7
320,31.7042,-21794.937380387742,0.0,0.0,0.4647258919602165,25.20361961943792,-0.040967927406743876,0.0,0.20483963703371938,0.0,0.0,0.0,epa_us06,PPO_seed7
321,31.5542,-15861.865864234316,0.0,0.0,0.4646257096005588,25.20402047710603,-0.029815537338786308,0.0,0.14907768669393154,0.0,0.0,0.0,epa_us06,PPO_seed7
322,31.3038,-10558.32737322389,0.0,0.0,0.4645590252988643,25.204283298961055,-0.019846480024856936,0.0,0.09923240012428468,0.0,0.0,0.0,epa_us06,PPO_seed7
323,30.9852,-6803.371138276922,0.0,0.0,0.46451605815893243,25.204476850400447,-0.012788291613302485,0.0,0.06394145806651243,0.0,0.0,0.0,epa_us06,PPO_seed7
324,30.6425,-5200.160707139739,0.0,0.0,0.46448321781237983,25.20464331583541,-0.0097747381713153,0.0,0.048873690856576495,0.0,0.0,0.0,epa_us06,PPO_seed7
325,30.3239,-5937.7679763466795,0.0,0.0,0.46444572127364686,25.204808531237774,-0.011161218000651653,0.0,0.055806090003258264,0.0,0.0,0.0,epa_us06,PPO_seed7
326,30.0734,-8807.883880593181,0.0,0.0,0.46439010287971283,25.20500588504692,-0.01655617270788192,0.0,0.0827808635394096,0.0,0.0,0.0,epa_us06,PPO_seed7
327,29.9234,-13284.180440582495,0.0,0.0,0.4643062214872193,25.20529112837189,-0.024970263986057326,0.0,0.12485131993028661,0.0,0.0,0.0,epa_us06,PPO_seed7
328,29.8887,-18593.131147010066,0.0,0.0,0.4641888196803456,25.205733746212157,-0.03494949463723697,0.0,0.17474747318618483,0.0,0.0,0.0,epa_us06,PPO_seed7
329,29.9643,-23860.81552141264,0.0,0.0,0.4640381564285417,25.206388266067176,-0.04485115699513654,0.0,0.2242557849756827,0.0,0.0,0.0,epa_us06,PPO_seed7
330,30.126,-28195.977237841977,0.0,0.0,0.46386011662096904,25.207259209046978,-0.05299995721398868,0.0,0.2649997860699434,0.0,0.0,0.0,epa_us06,PPO_seed7
331,30.3349,-30843.252928428497,0.0,0.0,0.4636653544990041,25.208282557654414,-0.05797603933915131,0.0,0.28988019669575654,0.0,0.0,0.0,epa_us06,PPO_seed7
332,30.5437,-31278.30187723872,0.0,0.0,0.46346783701922883,25.209336391440008,-0.05879380052112541,0.0,0.29396900260562703,0.0,0.0,0.0,epa_us06,PPO_seed7
333,30.7055,-29377.38439442627,0.0,0.0,0.46328231572787343,25.210285215147465,-0.05522064735794412,0.0,0.2761032367897206,0.0,0.0,0.0,epa_us06,PPO_seed7
334,30.781,-25401.169576292486,0.0,0.0,0.463121899140976,25.211030259654287,-0.047746559353933245,0.0,0.23873279676966622,0.0,0.0,0.0,epa_us06,PPO_seed7
335,30.7463,-20063.47106937184,0.0,0.0,0.46299518935413125,25.21154568174699,-0.037713291483781664,0.0,0.1885664574189083,0.0,0.0,0.0,epa_us06,PPO_seed7
336,30.5963,-14313.008352512501,0.0,0.0,0.46290479625508035,25.211871575766647,-0.026904151038557336,0.0,0.13452075519278667,0.0,0.0,0.0,epa_us06,PPO_seed7
337,30.3458,-9180.313509830738,0.0,0.0,0.4628468195574089,25.21207854953337,-0.01725622840193748,0.0,0.08628114200968738,0.0,0.0,0.0,epa_us06,PPO_seed7
338,30.0272,-5564.617208178824,0.0,0.0,0.46281167845231064,25.212228344463245,-0.010459806782291022,0.0,0.05229903391145511,0.0,0.0,0.0,epa_us06,PPO_seed7
339,29.6845,-4032.3349490453083,0.0,0.0,0.4627862150778496,25.21235633049033,-0.0075795769718896774,0.0,0.03789788485944839,0.0,0.0,0.0,epa_us06,PPO_seed7
340,29.3659,-4766.224559486273,0.0,0.0,0.4627561188902725,25.212482393333495,-0.00895906872083886,0.0,0.0447953436041943,0.0,0.0,0.0,epa_us06,PPO_seed7
341,29.1155,-7564.58537028469,0.0,0.0,0.4627083547875695,25.212634067294484,-0.01421914543286596,0.0,0.0710957271643298,0.0,0.0,0.0,epa_us06,PPO_seed7
342,28.9655,-11901.513213761677,0.0,0.0,0.4626332092581379,25.21286057143672,-0.02237126543940165,0.0,0.11185632719700823,0.0,0.0,0.0,epa_us06,PPO_seed7
343,28.9308,-17042.09809829783,0.0,0.0,0.4625256084227506,25.213225416166697,-0.032034018981762835,0.0,0.16017009490881418,0.0,0.0,0.0,epa_us06,PPO_seed7
344,29.0063,-22133.24373314619,0.0,0.0,0.46238586305650464,25.213779260272375,-0.04160384160365826,0.0,0.20801920801829127,0.0,0.0,0.0,epa_us06,PPO_seed7
345,29.168,-26328.507093388107,0.0,0.0,0.4622196266351087,25.214528067810186,-0.04948967498757163,0.0,0.24744837493785815,0.0,0.0,0.0,epa_us06,PPO_seed7
346,29.3769,-28884.511362667297,0.0,0.0,0.46203724596629697,25.215414453204104,-0.05429419429072801,0.0,0.27147097145364,0.0,0.0,0.0,epa_us06,PPO_seed7
347,29.5858,-29303.44339190673,0.0,0.0,0.4618522126958964,25.216328301275773,-0.05508166051110289,0.0,0.2754083025555144,0.0,0.0,0.0,epa_us06,PPO_seed7
348,29.7475,-27446.70707209962,0.0,0.0,0.4616788965551645,25.21714611096963,-0.051591554646803796,0.0,0.25795777323401897,0.0,0.0,0.0,epa_us06,PPO_seed7
349,29.8231,-23600.852405119076,0.0,0.0,0.46152986069213475,25.21778025409561,-0.04436250452090052,0.0,0.2218125226045026,0.0,0.0,0.0,epa_us06,PPO_seed7
350,29.7883,-18421.459598214158,0.0,0.0,0.46141352973888095,25.218208497237246,-0.03462680375604165,0.0,0.17313401878020826,0.0,0.0,0.0,epa_us06,PPO_seed7
351,29.6383,-12862.706789895707,0.0,0.0,0.4613323021159629,25.21847003600752,-0.024178020281758847,0.0,0.12089010140879423,0.0,0.0,0.0,epa_us06,PPO_seed7
352,29.4837,-12426.730621091001,0.0,0.0,0.4612538291582475,25.218717513352228,-0.023358516205058272,0.0,0.11679258102529136,0.0,0.0,0.0,epa_us06,PPO_seed7
353,29.2609,-9004.161360421818,0.0,0.0,0.4611969703376629,25.21889150710529,-0.016925115339138756,0.0,0.08462557669569377,0.0,0.0,0.0,epa_us06,PPO_seed7
354,29.014,-7595.871138619364,0.0,0.0,0.46114900596690467,25.219038248658826,-0.014277953268081511,0.0,0.07138976634040756,0.0,0.0,0.0,epa_us06,PPO_seed7
355,28.7912,-8399.61773239255,0.0,0.0,0.4610959681521945,25.219191888481667,-0.01578875513607622,0.0,0.0789437756803811,0.0,0.0,0.0,epa_us06,PPO_seed7
356,28.6365,-11238.972262039555,0.0,0.0,0.4610250039379354,25.219393927046386,-0.02112588771060067,0.0,0.10562943855300334,0.0,0.0,0.0,epa_us06,PPO_seed7
357,28.5823,-15634.126612298616,0.0,0.0,0.4609262901258735,25.2197052054489,-0.029387456038155298,0.0,0.14693728019077648,0.0,0.0,0.0,epa_us06,PPO_seed7
358,28.6434,-20863.584924915165,0.0,0.0,0.4607945579845808,25.220197030560833,-0.03921726489645708,0.0,0.19608632448228538,0.0,0.0,0.0,epa_us06,PPO_seed7
359,28.8147,-26094.02224785446,0.0,0.0,0.4606297984944586,25.220923824613845,-0.04904891399972643,0.0,0.24524456999863214,0.0,0.0,0.0,epa_us06,PPO_seed7
360,29.0722,-30479.391218111643,0.0,0.0,0.46043734308274537,25.22189019886253,-0.05729208875584896,0.0,0.2864604437792448,0.0,0.0,0.0,epa_us06,PPO_seed7
361,29.3769,-33262.32228266732,0.0,0.0,0.46022730543196333,25.22303068631125,-0.0625231621854649,0.0,0.3126158109273245,0.0,0.0,0.0,epa_us06,PPO_seed7
362,29.6816,-33920.29671986363,0.0,0.0,0.4600131008934066,25.22421959952586,-0.06375995624034518,0.0,0.31879978120172586,0.0,0.0,0.0,epa_us06,PPO_seed7
363,29.9391,-32285.700820966336,0.0,0.0,0.4598092070832393,25.225311929260812,-0.060687407558207396,0.0,0.303437037791037,0.0,0.0,0.0,epa_us06,PPO_seed7
364,30.1104,-28614.44596630237,0.0,0.0,0.45962848932692507,25.22619686282911,-0.053786552568237535,0.0,0.26893276284118767,0.0,0.0,0.0,epa_us06,PPO_seed7
365,30.1715,-23565.56140926631,0.0,0.0,0.45947965305009564,25.226834515817426,-0.04429616806253066,0.0,0.22148084031265328,0.0,0.0,0.0,epa_us06,PPO_seed7
366,30.1173,-18063.857376156604,0.0,0.0,0.45936556268333206,25.2272551495606,-0.03395461912811392,0.0,0.16977309564056958,0.0,0.0,0.0,epa_us06,PPO_seed7
367,29.9626,-13123.738191092249,0.0,0.0,0.45928267404288936,25.22752752311721,-0.02466868081032378,0.0,0.12334340405161888,0.0,0.0,0.0,epa_us06,PPO_seed7
368,29.7399,-9648.677937204238,0.0,0.0,0.45922173482734935,25.227720766293494,-0.018136612663917744,0.0,0.09068306331958871,0.0,0.0,0.0,epa_us06,PPO_seed7
369,29.4929,-8200.87212974484,0.0,0.0,0.45916994126984645,25.22788421869101,-0.015415173176212105,0.0,0.07707586588106052,0.0,0.0,0.0,epa_us06,PPO_seed7
370,29.2702,-9020.912323910612,0.0,0.0,0.4591129706285045,25.228055565249285,-0.016956602112613933,0.0,0.08478301056306967,0.0,0.0,0.0,epa_us06,PPO_seed7
371,29.1155,-11898.912803618057,0.0,0.0,0.45903782656723563,25.228279378607812,-0.022366377450409883,0.0,0.11183188725204941,0.0,0.0,0.0,epa_us06,PPO_seed7
372,29.0613,-16366.317631474109,0.0,0.0,0.4589344719329649,25.22862012705779,-0.030763754946379902,0.0,0.1538187747318995,0.0,0.0,0.0,epa_us06,PPO_seed7
373,29.1224,-21684.656020746286,0.0,0.0,0.4587975319577244,25.229152431215756,-0.04076063161794415,0.0,0.20380315808972074,0.0,0.0,0.0,epa_us06,PPO_seed7
374,29.2937,-27005.561342156187,0.0,0.0,0.4586269874040176,25.229932723332634,-0.05076233334991764,0.0,0.2538116667495882,0.0,0.0,0.0,epa_us06,PPO_seed7
375,29.5512,-31467.81382532096,0.0,0.0,0.45842825617244104,25.23096512861231,-0.059150025987445426,0.0,0.2957501299372271,0.0,0.0,0.0,epa_us06,PPO_seed7
376,29.8559,-34301.0329717069,0.0,0.0,0.45821162144240596,25.232180563793765,-0.06447562588666711,0.0,0.32237812943333555,0.0,0.0,0.0,epa_us06,PPO_seed7
377,30.1606,-34974.28259647719,0.0,0.0,0.45799072191418444,25.2334471543177,-0.0657411327001451,0.0,0.3287056635007255,0.0,0.0,0.0,epa_us06,PPO_seed7
378,30.4181,-33317.548311990206,0.0,0.0,0.4577802740782115,25.234612839281432,-0.06262697051125979,0.0,0.3131348525562989,0.0,0.0,0.0,epa_us06,PPO_seed7
379,30.5894,-29590.79541293851,0.0,0.0,0.4575933564187055,25.235561054177992,-0.05562179588898217,0.0,0.2781089794449108,0.0,0.0,0.0,epa_us06,PPO_seed7
380,30.6505,-24462.925611010112,0.0,0.0,0.45743882452844453,25.23624906826217,-0.04598294287783856,0.0,0.22991471438919278,0.0,0.0,0.0,epa_us06,PPO_seed7
381,30.5963,-18872.536970290304,0.0,0.0,0.45731960487612744,25.236707496668203,-0.03547469355317727,0.0,0.17737346776588633,0.0,0.0,0.0,epa_us06,PPO_seed7
382,30.4416,-13849.645666421382,0.0,0.0,0.4572321154776163,25.23700778348512,-0.02603316854590486,0.0,0.13016584272952428,0.0,0.0,0.0,epa_us06,PPO_seed7
383,30.2188,-10307.790877331956,0.0,0.0,0.4571670015262958,25.2372226419975,-0.019375546761902174,0.0,0.09687773380951087,0.0,0.0,0.0,epa_us06,PPO_seed7
384,29.9719,-8838.964182652426,0.0,0.0,0.45711116781870387,25.237405296518766,-0.016614594328294034,0.0,0.08307297164147016,0.0,0.0,0.0,epa_us06,PPO_seed7
385,29.7491,-9656.575472179009,0.0,0.0,0.45705017156836997,25.237596547460107,-0.018151457654471823,0.0,0.09075728827235911,0.0,0.0,0.0,epa_us06,PPO_seed7
386,29.5945,-12586.943161668301,0.0,0.0,0.45697066793685726,25.237844795496223,-0.02365966759712087,0.0,0.11829833798560434,0.0,0.0,0.0,epa_us06,PPO_seed7
387,29.5402,-17117.19578949332,0.0,0.0,0.4568625516906581,25.238217778946296,-0.03217518005543857,0.0,0.16087590027719284,0.0,0.0,0.0,epa_us06,PPO_seed7
388,29.6013,-22529.04011362521,0.0,0.0,0.4567202533274765,25.238793968942677,-0.04234781976245341,0.0,0.21173909881226702,0.0,0.0,0.0,epa_us06,PPO_seed7
389,29.7727,-27945.361719241755,0.0,0.0,0.456543741349637,25.23963197275196,-0.05252887541210857,0.0,0.26264437706054283,0.0,0.0,0.0,epa_us06,PPO_seed7
390,30.0302,-32480.074120653313,0.0,0.0,0.4563385794093617,25.240734888739738,-0.06105277090348367,0.0,0.30526385451741833,0.0,0.0,0.0,epa_us06,PPO_seed7
391,30.3349,-35363.827137317414,0.0,0.0,0.456115190857029,25.24203011275743,-0.06647335928067183,0.0,0.33236679640335914,0.0,0.0,0.0,epa_us06,PPO_seed7
392,30.6395,-36047.60390974159,0.0,0.0,0.45588746950670106,25.243379005073805,-0.06775865396567969,0.0,0.3387932698283984,0.0,0.0,0.0,epa_us06,PPO_seed7
393,30.897,-34373.709655087805,0.0,0.0,0.45567030951715976,25.244622853084575,-0.06461223619377407,0.0,0.3230611809688703,0.0,0.0,0.0,epa_us06,PPO_seed7
394,31.0684,-30596.652881420356,0.0,0.0,0.45547700137020314,25.24563907100028,-0.057512505416203674,0.0,0.28756252708101837,0.0,0.0,0.0,epa_us06,PPO_seed7
395,31.1295,-25385.01425913241,0.0,0.0,0.4553166140065002,25.246381351396426,-0.04771619221641431,0.0,0.23858096108207152,0.0,0.0,0.0,epa_us06,PPO_seed7
396,31.0752,-19700.886788173968,0.0,0.0,0.4551921377017708,25.24688071214384,-0.037031742083033774,0.0,0.18515871041516888,0.0,0.0,0.0,epa_us06,PPO_seed7
397,30.9206,-14604.918948551587,0.0,0.0,0.4550998594318122,25.24721185559633,-0.02745285516645035,0.0,0.13726427583225176,0.0,0.0,0.0,epa_us06,PPO_seed7
398,30.6978,-10996.042315595338,0.0,0.0,0.4550303844501541,25.247450859628803,-0.020669252472923567,0.0,0.10334626236461783,0.0,0.0,0.0,epa_us06,PPO_seed7
399,30.4509,-9496.645499920876,0.0,0.0,0.4549703847793582,25.247654906955212,-0.01785083740586631,0.0,0.08925418702933155,0.0,0.0,0.0,epa_us06,PPO_seed7
400,30.2281,-10320.920294952519,0.0,0.0,0.454905179630883,25.24786842211195,-0.019400226118331806,0.0,0.09700113059165902,0.0,0.0,0.0,epa_us06,PPO_seed7
401,30.0734,-13289.488778370818,0.0,0.0,0.4548212223490482,25.24814337724986,-0.024980242064606802,0.0,0.124901210323034,0.0,0.0,0.0,epa_us06,PPO_seed7
402,30.0192,-17901.24833817198,0.0,0.0,0.4547081321269712,25.24855178442607,-0.03364896304167666,0.0,0.16824481520838327,0.0,0.0,0.0,epa_us06,PPO_seed7
403,30.0803,-23397.476159956936,0.0,0.0,0.4545603201047041,25.2491752764377,-0.043980218345783716,0.0,0.21990109172891856,0.0,0.0,0.0,epa_us06,PPO_seed7
404,30.2516,-28899.71306047697,0.0,0.0,0.45437774491235194,25.250074471880307,-0.054322768910671,0.0,0.27161384455335497,0.0,0.0,0.0,epa_us06,PPO_seed7
405,30.5092,-33521.30436846103,0.0,0.0,0.45416596494528516,25.25125271213641,-0.06300997061740796,0.0,0.31504985308703976,0.0,0.0,0.0,epa_us06,PPO_seed7
406,30.8138,-36446.068343676976,0.0,0.0,0.4539356951162304,25.2526322632702,-0.06850764726255071,0.0,0.34253823631275354,0.0,0.0,0.0,epa_us06,PPO_seed7
407,31.1185,-37155.39564946397,0.0,0.0,0.45370092949110713,25.254069145579386,-0.06984096926590973,0.0,0.3492048463295486,0.0,0.0,0.0,epa_us06,PPO_seed7
408,31.376,-35455.012249867905,0.0,0.0,0.45347689395425195,25.255396049341922,-0.06664475986817275,0.0,0.33322379934086377,0.0,0.0,0.0,epa_us06,PPO_seed7
409,31.5474,-31622.813547211375,0.0,0.0,0.45327706282108576,25.25648449092795,-0.059441378848141685,0.0,0.2972068942407084,0.0,0.0,0.0,epa_us06,PPO_seed7
410,31.6084,-26327.09648750705,0.0,0.0,0.4531106899351597,25.257284717952952,-0.049487023472757616,0.0,0.24743511736378807,0.0,0.0,0.0,epa_us06,PPO_seed7
411,31.5542,-20564.14286867879,0.0,0.0,0.45298073323550175,25.257828723178044,-0.03865440388849398,0.0,0.19327201944246986,0.0,0.0,0.0,epa_us06,PPO_seed7
412,31.3996,-15380.39919516854,0.0,0.0,0.45288353570687995,25.258193421538714,-0.028910524802948385,0.0,0.14455262401474192,0.0,0.0,0.0,epa_us06,PPO_seed7
413,31.1768,-11709.056355122413,0.0,0.0,0.45280954089135433,25.258459016387434,-0.02200950442692183,0.0,0.11004752213460915,0.0,0.0,0.0,epa_us06,PPO_seed7
414,30.9299,-10178.89025479139,0.0,0.0,0.4527452178796604,25.258686720227704,-0.019133252358630434,0.0,0.09566626179315216,0.0,0.0,0.0,epa_us06,PPO_seed7
415,30.7071,-11009.648832104707,0.0,0.0,0.4526756475395587,25.258924790432133,-0.02069482863177577,0.0,0.10347414315887883,0.0,0.0,0.0,epa_us06,PPO_seed7
416,30.5524,-14021.042064253275,0.0,0.0,0.4525870508493019,25.25922908764261,-0.026355342226039993,0.0,0.13177671113019995,0.0,0.0,0.0,epa_us06,PPO_seed7
417,30.4982,-18704.920948318915,0.0,0.0,0.4524688597652072,25.259675702349547,-0.03515962584270473,0.0,0.17579812921352364,0.0,0.0,0.0,epa_us06,PPO_seed7
418,30.5593,-24290.17669673397,0.0,0.0,0.4523153773501462,25.26034997052444,-0.0456582268735601,0.0,0.2282911343678005,0.0,0.0,0.0,epa_us06,PPO_seed7
419,30.7306,-29883.296108009657,0.0,0.0,0.45212655031078286,25.261314686185624,-0.056171609225582064,0.0,0.2808580461279103,0.0,0.0,0.0,epa_us06,PPO_seed7
420,30.9881,-34577.42921265757,0.0,0.0,0.45190805380286225,25.262572251350374,-0.06499516769296536,0.0,0.32497583846482675,0.0,0.0,0.0,epa_us06,PPO_seed7
421,31.2928,-37562.976657075,0.0,0.0,0.45167067896856444,25.264041816914737,-0.0706070989794643,0.0,0.35303549489732144,0.0,0.0,0.0,epa_us06,PPO_seed7
422,31.342,-25221.92564507555,0.0,0.0,0.45151128211265973,25.26477991958443,-0.04740963467119464,0.0,0.2370481733559732,0.0,0.0,0.0,epa_us06,PPO_seed7
423,31.3441,-22929.55561606046,0.0,0.0,0.4513663700649868,25.265413931357852,-0.04310066845124147,0.0,0.21550334225620735,0.0,0.0,0.0,epa_us06,PPO_seed7
424,31.26,-18579.974790820368,0.0,0.0,0.45124894583688424,25.265875629969443,-0.03492476464439919,0.0,0.17462382322199593,0.0,0.0,0.0,epa_us06,PPO_seed7
425,31.0656,-12913.711754187292,0.0,0.0,0.4511673325650232,25.266164728424947,-0.024273894274788144,0.0,0.12136947137394072,0.0,0.0,0.0,epa_us06,PPO_seed7
426,30.7559,-6923.685363458879,0.0,0.0,0.4511235767583872,25.266335285424056,-0.013014446171915188,0.0,0.06507223085957593,0.0,0.0,0.0,epa_us06,PPO_seed7
427,30.3458,0.0,1646.4628964973538,0.0,0.4511235767583872,25.266452156588045,-0.023211413014530363,0.015474275343020242,0.0,0.0,0.0,0.0,epa_us06,PPO_seed7
428,29.8676,1474.1183408413292,0.0,0.0,0.45113289171571275,25.26656018452128,0.07977972795019464,0.0,0.013854495684598959,0.05896473363365317,0.0,0.0,epa_us06,PPO_seed7
429,29.3652,2613.912058914198,0.0,0.0,0.4511494078498506,25.266661756168478,0.14146570676740147,0.0,0.024566842658968028,0.10455648235656792,0.0,0.0,epa_us06,PPO_seed7
430,28.887,2127.879680987178,0.0,0.0,0.4511628519798248,25.26675044633442,0.11516148829883989,0.0,0.01999886918221032,0.08511518723948712,0.0,0.0,epa_us06,PPO_seed7
431,28.4769,208.31208135481756,0.0,0.0,0.4511641680228495,25.266825137081735,0.011273912493172758,0.0,0.0019578203134851275,0.008332483254192703,0.0,0.0,epa_us06,PPO_seed7
432,28.1672,-2946.90181016922,876.4745908384944,0.0,0.451145551644295,25.266899833059032,-0.017895603837326933,0.00823754314697833,0.02769644558429718,0.0,0.0,0.0,epa_us06,PPO_seed7
433,27.9728,-8635.181964036361,0.0,0.0,0.4510910034214468,25.267030951814085,-0.016231545045181133,0.0,0.08115772522590566,0.0,0.0,0.0,epa_us06,PPO_seed7
434,27.8887,-13317.529398650126,0.0,0.0,0.45100687907530546,25.26725634658821,-0.025032949997462646,0.0,0.12516474998731322,0.0,0.0,0.0,epa_us06,PPO_seed7
435,27.8908,-17060.292932925295,0.0,0.0,0.45089911326940724,25.26758845867343,-0.032068219798731756,0.0,0.16034109899365878,0.0,0.0,0.0,epa_us06,PPO_seed7
436,27.94,-19182.429293899782,0.0,0.0,0.4507779417815838,25.267993771697853,-0.03605719792086425,0.0,0.18028598960432127,0.0,0.0,0.0,epa_us06,PPO_seed7
437,27.9892,-19261.33748780761,0.0,0.0,0.4506562702854197,25.268402699166696,-0.03620552159362333,0.0,0.18102760796811665,0.0,0.0,0.0,epa_us06,PPO_seed7
438,27.9913,-17213.881571313734,0.0,0.0,0.4505475309128007,25.268741150435478,-0.03235692024683033,0.0,0.16178460123415164,0.0,0.0,0.0,epa_us06,PPO_seed7
439,27.9072,-13343.242996918632,0.0,0.0,0.45046324173685437,25.26896671000308,-0.02508128382879442,0.0,0.1254064191439721,0.0,0.0,0.0,epa_us06,PPO_seed7
440,27.7128,-8319.814335402907,0.0,0.0,0.45041068594703015,25.269086846149083,-0.015638748750757346,0.0,0.07819374375378672,0.0,0.0,0.0,epa_us06,PPO_seed7
441,27.4031,0.0,3037.854805707818,0.0,0.45041068594703015,25.269137411014185,-0.042826900456407205,0.028551266970938138,0.0,0.0,0.0,0.0,epa_us06,PPO_seed7
442,26.993,1134.8300896732942,0.0,0.0,0.45041785404034407,25.269182612732227,0.06141734575540129,0.0,0.010665696331515923,0.04539320358693177,0.0,0.0,epa_us06,PPO_seed7
443,26.5148,3423.2920103137894,0.0,0.0,0.4504394758787038,25.269231180050966,0.18526959315968913,0.0,0.03217379708941531,0.13693168041255158,0.0,0.0,epa_us06,PPO_seed7
444,26.0124,4353.077865542759,0.0,0.0,0.4504669686353489,25.269279693474072,0.23558988327952465,0.0,0.04091238595434924,0.17412311462171037,0.0,0.0,epa_us06,PPO_seed7
445,25.5342,3846.5146195496186,0.0,0.0,0.45049126055785216,25.26931749176741,0.20817452805652747,0.0,0.03615145319125582,0.15386058478198475,0.0,0.0,epa_us06,PPO_seed7
446,25.1241,2088.677609711917,0.0,0.0,0.4505044504188903,25.269339264810696,0.11303986041132613,0.0,0.019630428662705986,0.08354710438847668,0.0,0.0,epa_us06,PPO_seed7
447,24.8144,0.0,785.3979480959811,0.0,0.4505044504188903,25.269351799782214,-0.01107233949383432,0.007381559662556213,0.0,0.0,0.0,0.0,epa_us06,PPO_seed7
448,24.62,-5056.341421877741,0.0,0.0,0.45047252293126955,25.269384597747628,-0.009504401168943123,0.0,0.04752200584471561,0.0,0.0,0.0,epa_us06,PPO_seed7
449,24.5359,-9189.44981049741,0.0,0.0,0.4504144989020174,25.269471138649212,-0.01727340189943122,0.0,0.0863670094971561,0.0,0.0,0.0,epa_us06,PPO_seed7
450,24.538,-12481.991233525236,0.0,0.0,0.45033568571214516,25.269624621114048,-0.023462389536701572,0.0,0.11731194768350785,0.0,0.0,0.0,epa_us06,PPO_seed7
451,24.5872,-14343.261800028358,0.0,0.0,0.4502451197974062,25.269825626993022,-0.026961018421105938,0.0,0.13480509210552968,0.0,0.0,0.0,epa_us06,PPO_seed7
452,24.6364,-14406.924145913086,0.0,0.0,0.45015415093299344,25.27002887623893,-0.027080684484799035,0.0,0.13540342242399517,0.0,0.0,0.0,epa_us06,PPO_seed7
453,24.6385,-12604.4653370643,0.0,0.0,0.45007456238209453,25.27018624572858,-0.023692604017038158,0.0,0.11846302008519079,0.0,0.0,0.0,epa_us06,PPO_seed7
454,24.5544,-9209.445256422832,0.0,0.0,0.45001641080695254,25.27027302059067,-0.01731098732410307,0.0,0.08655493662051535,0.0,0.0,0.0,epa_us06,PPO_seed7
455,24.36,-4821.167992871936,0.0,0.0,0.44998596854195866,25.270300112329647,-0.009062345851263037,0.0,0.045311729256315186,0.0,0.0,0.0,epa_us06,PPO_seed7
456,24.0503,0.0,235.03551956037964,0.0,0.44998596854195866,25.27030282283122,-0.003313470670494074,0.0022089804469960493,0.0,0.0,0.0,0.0,epa_us06,PPO_seed7
457,23.6402,2687.0149379003687,0.0,0.0,0.4500029340999634,25.270308951167333,0.14542205656396132,0.0,0.0252538997922967,0.10748059751601476,0.0,0.0,epa_us06,PPO_seed7
458,23.162,4617.974559062839,0.0,0.0,0.45003209018973095,25.270324563671995,0.24992617200100986,0.0,0.04340201653254548,0.18471898236251355,0.0,0.0,epa_us06,PPO_seed7
459,22.6596,5352.048580044782,0.0,0.0,0.4500658791785997,25.27034299003286,0.2896544787906943,0.0,0.0503012084590675,0.2140819432017913,0.0,0.0,epa_us06,PPO_seed7
460,22.1814,4838.5618721864175,0.0,0.0,0.45009642476522976,25.27035242688209,0.261864423729307,0.0,0.04547520556566182,0.1935424748874567,0.0,0.0,epa_us06,PPO_seed7
461,21.7713,3254.1250407734497,0.0,0.0,0.4501169668705335,25.2703460954148,0.17611422589088188,0.0,0.030583881962156483,0.130165001630938,0.0,0.0,epa_us06,PPO_seed7
462,21.4616,915.7525255200707,0.0,0.0,0.4501227474380951,25.27032755909298,0.049560802095439616,0.0,0.008606696668421716,0.03663010102080283,0.0,0.0,epa_us06,PPO_seed7
463,21.2672,-2450.519899715621,0.0,0.0,0.45010727935914036,25.270311737019654,-0.004606240412999288,0.0,0.023031202064996436,0.0,0.0,0.0,epa_us06,PPO_seed7
464,21.1831,-6031.06548525041,0.0,0.0,0.4500692110521388,25.27032345973566,-0.011336589257989494,0.0,0.05668294628994747,0.0,0.0,0.0,epa_us06,PPO_seed7
465,21.1852,-8873.46779215446,0.0,0.0,0.45001320176999426,25.27037494208503,-0.016679450737132447,0.0,0.08339725368566223,0.0,0.0,0.0,epa_us06,PPO_seed7
466,21.2344,-10475.817021366987,0.0,0.0,0.44994707823137237,25.270455963007503,-0.019691385378509375,0.0,0.09845692689254687,0.0,0.0,0.0,epa_us06,PPO_seed7
467,21.2836,-10526.177976408851,0.0,0.0,0.44988063620462787,25.270538336062472,-0.01978604882783619,0.0,0.09893024413918093,0.0,0.0,0.0,epa_us06,PPO_seed7
468,21.2857,-8968.799270328424,0.0,0.0,0.4498240239509805,25.27059215069967,-0.01685864524497824,0.0,0.0842932262248912,0.0,0.0,0.0,epa_us06,PPO_seed7
469,21.2016,-6046.073926349811,0.0,0.0,0.44978586019374933,25.270604204228626,-0.011364800613439495,0.0,0.05682400306719747,0.0,0.0,0.0,epa_us06,PPO_seed7
470,21.0072,-2285.2650836118114,0.0,0.0,0.4497714353425292,25.270585852482245,-0.004295611059420698,0.0,0.02147805529710349,0.0,0.0,0.0,epa_us06,PPO_seed7
471,20.6975,1164.4416993362718,0.0,0.0,0.4497787852861924,25.270562519993657,0.0630199349761089,0.0,0.010944000933611578,0.04657766797345087,0.0,0.0,epa_us06,PPO_seed7
472,20.2874,3566.506762151,0.0,0.0,0.44980129634232857,25.270548115024887,0.1930204186012248,0.0,0.03351980039615602,0.14266027048604002,0.0,0.0,epa_us06,PPO_seed7
473,19.8092,5153.571490036028,0.0,0.0,0.4498338233773564,25.270544682619327,0.27891283898706265,0.0,0.0484358222747747,0.20614285960144113,0.0,0.0,epa_us06,PPO_seed7
474,19.3068,5706.229705368528,0.0,0.0,0.4498698370078122,25.27054466044719,0.3088228678138546,0.0,0.05362997843391474,0.2282491882147411,0.0,0.0,epa_us06,PPO_seed7
475,18.8286,5199.426941845373,0.0,0.0,0.4499026506447302,25.270537186597547,0.2813945498300977,0.0,0.04886679456621591,0.20797707767381493,0.0,0.0,epa_us06,PPO_seed7
476,18.4185,3800.0598774872906,0.0,0.0,0.4499266319009887,25.270515815918245,0.20566038344476326,0.0,0.03571484847262491,0.15200239509949162,0.0,0.0,epa_us06,PPO_seed7
477,18.1088,1786.2916386699183,0.0,0.0,0.4499379043722432,25.270482206218915,0.096674640715384,0.0,0.016788455250657128,0.07145166554679673,0.0,0.0,epa_us06,PPO_seed7
478,17.9144,0.0,685.2097545673658,0.0,0.4499379043722432,25.270444436393024,-0.0096599119534873,0.006439941302324867,0.0,0.0,0.0,0.0,epa_us06,PPO_seed7
479,17.8303,-3709.8687799259915,0.0,0.0,0.4499144941241639,25.270418960874075,-0.006973437556251863,0.0,0.034867187781259315,0.0,0.0,0.0,epa_us06,PPO_seed7
480,17.8324,-6102.214965829818,0.0,0.0,0.4498759877383671,25.270415554391967,-0.011470328883138755,0.0,0.05735164441569377,0.0,0.0,0.0,epa_us06,PPO_seed7
481,17.8816,-7447.587314932007,0.0,0.0,0.44982899157877076,25.270429550530856,-0.013999224276187983,0.0,0.06999612138093991,0.0,0.0,0.0,epa_us06,PPO_seed7
482,17.9308,-7486.591336311833,0.0,0.0,0.4497817489095253,25.270444334164523,-0.01407254010584931,0.0,0.07036270052924655,0.0,0.0,0.0,epa_us06,PPO_seed7
483,17.9329,-6174.375728123371,0.0,0.0,0.44974278640488546,25.270442294366838,-0.011605969413765736,0.0,0.058029847068828674,0.0,0.0,0.0,epa_us06,PPO_seed7
484,17.8488,-3720.6213637164237,0.0,0.0,0.44971930788418996,25.270417203897487,-0.006993649179918089,0.0,0.034968245899590446,0.0,0.0,0.0,epa_us06,PPO_seed7
485,17.6544,0.0,579.5979646388702,0.0,0.44971930788418996,25.270378664732238,-0.008171023937578056,0.0054473492917187045,0.0,0.0,0.0,0.0,epa_us06,PPO_seed7
486,17.3447,1909.1518630973665,0.0,0.0,0.4497313550691349,25.270342844181606,0.10332387301184091,0.0,0.017943156608057956,0.07636607452389466,0.0,0.0,epa_us06,PPO_seed7
487,16.9346,3868.7110653730583,0.0,0.0,0.4497557669313038,25.2703168575169,0.20937580638011483,0.0,0.036360066403882126,0.15474844261492232,0.0,0.0,epa_us06,PPO_seed7
488,16.4564,5125.4883061813325,0.0,0.0,0.4497881081766052,25.270300526871377,0.27739296863077617,0.0,0.04817188257689222,0.2050195322472533,0.0,0.0,epa_us06,PPO_seed7
489,15.954,5511.026744461528,0.0,0.0,0.4498228809554972,25.270286958685045,0.2982584248619104,0.0,0.05179536413967602,0.22044106977846115,0.0,0.0,epa_us06,PPO_seed7
490,15.4758,5024.515331474578,0.0,0.0,0.4498545829307123,25.270267450460647,0.2719282808718346,0.0,0.047222888453708436,0.20098061325898312,0.0,0.0,epa_us06,PPO_seed7
491,15.0657,3821.8876228013073,0.0,0.0,0.4498786962239681,25.270236917471543,0.2068417075858933,0.0,0.0359199964548995,0.1528755049120523,0.0,0.0,epa_us06,PPO_seed7
492,14.756,2141.536319768092,0.0,0.0,0.44989220738838154,25.270196150448033,0.11590058969692277,0.0,0.020127221050451994,0.0856614527907237,0.0,0.0,epa_us06,PPO_seed7
493,14.5616,267.9095927164135,0.0,0.0,0.44989389762390614,25.270150595984532,0.014499347732125894,0.0,0.0025179472999662922,0.01071638370865654,0.0,0.0,epa_us06,PPO_seed7
494,14.4775,-2093.35205154095,0.0,0.0,0.44988069087346255,25.270108838507298,-0.003934872277332613,0.0,0.019674361386663064,0.0,0.0,0.0,epa_us06,PPO_seed7
495,14.4796,-4035.72511156819,0.0,0.0,0.4498552299723101,25.270078305047914,-0.007585949457834944,0.0,0.03792974728917472,0.0,0.0,0.0,epa_us06,PPO_seed7
496,14.5288,-5126.065037740663,0.0,0.0,0.44982289013669086,25.270057329477186,-0.009635460597256887,0.0,0.04817730298628443,0.0,0.0,0.0,epa_us06,PPO_seed7
497,14.578,-5155.656582638594,0.0,0.0,0.44979036337676354,25.270036785345084,-0.009691083801952244,0.0,0.04845541900976122,0.0,0.0,0.0,epa_us06,PPO_seed7
498,14.5801,-4088.687067465891,0.0,0.0,0.44976456788635555,25.27000700246212,-0.007685502006514833,0.0,0.038427510032574164,0.0,0.0,0.0,epa_us06,PPO_seed7
499,14.496,-2100.5799255395127,0.0,0.0,0.44975131530361645,25.269965569329443,-0.0039484585066532196,0.0,0.019742292533266096,0.0,0.0,0.0,epa_us06,PPO_seed7
500,14.3016,308.40552506134264,0.0,0.0,0.4497532610302249,25.269919920280312,0.016690999769861235,0.0,0.002898548167869762,0.012336221002453705,0.0,0.0,epa_us06,PPO_seed7
501,13.9919,2160.310420147707,0.0,0.0,0.4497668902374156,25.269878324598853,0.1169166496558135,0.0,0.020303669362290482,0.08641241680590829,0.0,0.0,epa_us06,PPO_seed7
502,13.5818,3689.0333505144117,0.0,0.0,0.4497901636003972,25.269844819562152,0.1996515944135544,0.0,0.03467136607626327,0.14756133402057647,0.0,0.0,epa_us06,PPO_seed7
503,13.1036,4629.1305104465955,0.0,0.0,0.449819367177272,25.2698182663056,0.2505299354450721,0.0,0.04350686569968605,0.18516522041786382,0.0,0.0,epa_us06,PPO_seed7
504,12.6012,4861.8452002719105,0.0,0.0,0.4498500380897577,25.269793318696724,0.26312452444779855,0.0,0.04569403383714202,0.1944738080108764,0.0,0.0,epa_us06,PPO_seed7
505,12.123,4409.232544021676,0.0,0.0,0.44987785299049016,25.269763931770793,0.23862899136742877,0.0,0.04144015548892553,0.17636930176086707,0.0,0.0,epa_us06,PPO_seed7
506,11.7129,3415.013779663369,0.0,0.0,0.4498993955321783,25.269726780787586,0.18482157282719494,0.0,0.03209599416976851,0.13660055118653475,0.0,0.0,epa_us06,PPO_seed7
507,11.4032,2076.892071762675,0.0,0.0,0.4499124967058044,25.2696823706091,0.1124020235529905,0.0,0.01951966232859657,0.08307568287050701,0.0,0.0,epa_us06,PPO_seed7
508,11.2088,614.8130231672226,0.0,0.0,0.4499163749344568,25.269634039345405,0.03327386571998246,0.0,0.005778317886909986,0.024592520926688902,0.0,0.0,epa_us06,PPO_seed7
509,11.1247,-1049.007657112259,0.0,0.0,0.44990975786803833,25.269586295837936,-0.0019718189043463515,0.0,0.009859094521731757,0.0,0.0,0.0,epa_us06,PPO_seed7
510,11.1268,-2541.490586386311,0.0,0.0,0.44989372635686375,25.269543624215597,-0.004777237944335171,0.0,0.023886189721675853,0.0,0.0,0.0,epa_us06,PPO_seed7
511,11.176,-3378.7425468095926,0.0,0.0,0.44987241346032397,25.269505704882523,-0.006351019824830061,0.0,0.0317550991241503,0.0,0.0,0.0,epa_us06,PPO_seed7
512,11.2252,-3400.8660724062743,0.0,0.0,0.4498509608788335,25.269468002443666,-0.006392605399259914,0.0,0.03196302699629957,0.0,0.0,0.0,epa_us06,PPO_seed7
513,11.2273,-2579.225645372738,0.0,0.0,0.44983469108738633,25.269425703223526,-0.004848168506339734,0.0,0.024240842531698666,0.0,0.0,0.0,epa_us06,PPO_seed7
514,11.1432,-1053.4419688359276,0.0,0.0,0.44982804594081416,25.26937817194763,-0.0019801540767592626,0.0,0.009900770383796312,0.0,0.0,0.0,epa_us06,PPO_seed7
515,10.9488,627.1628215515032,0.0,0.0,0.44983200209499813,25.269329928953205,0.03394224052276481,0.0,0.005894387420596834,0.025086512862060126,0.0,0.0,epa_us06,PPO_seed7
516,10.6391,2013.3228734351005,0.0,0.0,0.4498447020674248,25.269285064916243,0.10896163942094626,0.0,0.018922207457096808,0.08053291493740403,0.0,0.0,epa_us06,PPO_seed7
517,10.229,3122.8791205229295,0.0,0.0,0.44986440083173135,25.26924547033789,0.16901115721446652,0.0,0.029350367674087684,0.12491516482091718,0.0,0.0,epa_us06,PPO_seed7
518,9.7508,3759.9036057797452,0.0,0.0,0.44988811748869856,25.26920987025333,0.20348711394287672,0.0,0.03533743990394497,0.1503961442311898,0.0,0.0,epa_us06,PPO_seed7
519,9.2484,3854.09057574741,0.0,0.0,0.44991242782029206,25.269174780021054,0.20858454108443503,0.0,0.03622265578709972,0.15416362302989642,0.0,0.0,epa_us06,PPO_seed7
520,8.7702,3448.9840824345943,0.0,0.0,0.44993418248823763,25.269136729308148,0.18666005582980605,0.0,0.03241526393265596,0.13795936329738376,0.0,0.0,epa_us06,PPO_seed7
521,8.3601,2674.843851021362,0.0,0.0,0.44995105395566815,25.26909405955649,0.14476335368159218,0.0,0.025139509878020317,0.10699375404085447,0.0,0.0,epa_us06,PPO_seed7
522,8.0504,1687.7643976014651,0.0,0.0,0.44996169932625835,25.269047220791386,0.09134231679650637,0.0,0.015862447345878432,0.06751057590405861,0.0,0.0,epa_us06,PPO_seed7
523,7.856,642.7647710118288,0.0,0.0,0.4499657534521868,25.26899802365696,0.034786622719873254,0.0,0.006041022283945759,0.02571059084047315,0.0,0.0,epa_us06,PPO_seed7
524,7.7719,-374.64738488197327,69.68056877466108,0.0,0.4499633904409734,25.268948549333434,-0.0016865632531803225,0.0006548925636716268,0.0035211220383644104,0.0,0.0,0.0,epa_us06,PPO_seed7
525,7.774,-1487.0037473011685,0.0,0.0,0.4499540114815352,25.26890104558705,-0.0027951198257540762,0.0,0.01397559912877038,0.0,0.0,0.0,epa_us06,PPO_seed7
526,7.8232,-2073.1121991556843,0.0,0.0,0.44994093573105987,25.268855547179612,-0.0038968274420219627,0.0,0.019484137210109814,0.0,0.0,0.0,epa_us06,PPO_seed7
527,7.8724,-2089.7121626316343,0.0,0.0,0.4499277552164909,25.268810147075225,-0.0039280303808865305,0.0,0.019640151904432652,0.0,0.0,0.0,epa_us06,PPO_seed7
528,7.8745,-1513.4838188608132,0.0,0.0,0.44991820912216146,25.268762806686443,-0.002844894396354912,0.0,0.01422447198177456,0.0,0.0,0.0,epa_us06,PPO_seed7
529,7.7904,-214.02085721492767,232.6789934075784,0.0,0.44991685921111446,25.268713354413993,-0.003682543811601063,0.0021868326448080677,0.002011474221944809,0.0,0.0,0.0,epa_us06,PPO_seed7
530,7.596,634.3668578783281,0.0,0.0,0.4499208603962831,25.268664236551864,0.03433212513540004,0.0,0.005962094528931656,0.025374674315133124,0.0,0.0,epa_us06,PPO_seed7
531,7.2863,1563.5947259074442,0.0,0.0,0.44993072251482663,25.268617039896924,0.08462221682016378,0.0,0.014695439153265454,0.06254378903629777,0.0,0.0,epa_us06,PPO_seed7
532,6.8762,2265.6538783464807,0.0,0.0,0.4499450126422498,25.268572364417953,0.1226178692957742,0.0,0.021293739458143616,0.09062615513385923,0.0,0.0,epa_us06,PPO_seed7
533,6.398,2613.213095128624,0.0,0.0,0.44996149475660013,25.268529260996083,0.14142787863711154,0.0,0.02456027345045699,0.10452852380514496,0.0,0.0,epa_us06,PPO_seed7
534,5.8956,2583.1683738359266,0.0,0.0,0.44997778719100695,25.26848597301545,0.13980184928474437,0.0,0.024277898250337656,0.10332673495343707,0.0,0.0,epa_us06,PPO_seed7
535,5.4174,2239.1754496612484,0.0,0.0,0.44999190985911397,25.268441081745927,0.12118484877189221,0.0,0.021044882045688426,0.08956701798644993,0.0,0.0,epa_us06,PPO_seed7
536,5.0073,1696.7833398231053,0.0,0.0,0.4500026115165906,25.268394146080578,0.09183042466200535,0.0,0.015947211840442718,0.06787133359292422,0.0,0.0,epa_us06,PPO_seed7
537,4.6976,1069.5588002323311,0.0,0.0,0.45000935720521346,25.26834555566664,0.05788484394039337,0.0,0.010052244363085818,0.04278235200929324,0.0,0.0,epa_us06,PPO_seed7
538,4.5032,447.17033919810586,0.0,0.0,0.45001217748781147,25.26829606939775,0.024200993244721546,0.0,0.004202728751861898,0.017886813567924233,0.0,0.0,epa_us06,PPO_seed7
539,4.4191,0.0,146.8052981909972,0.0,0.45001217748781147,25.268246398942438,-0.002069623564722705,0.00137974904314847,0.0,0.0,0.0,0.0,epa_us06,PPO_seed7
540,4.4212,-739.7569513295123,0.0,0.0,0.45000751188850147,25.268197256890108,-0.0013905205852058503,0.0,0.006952602926029251,0.0,0.0,0.0,epa_us06,PPO_seed7
541,4.4704,-1076.6663517958125,0.0,0.0,0.4500007214099581,25.268148708165533,-0.002023808931947016,0.0,0.01011904465973508,0.0,0.0,0.0,epa_us06,PPO_seed7
542,4.6619,-2159.50258538716,0.0,0.0,0.44998710149761845,25.268103503621862,-0.004059215386066089,0.0,0.020296076930330448,0.0,0.0,0.0,epa_us06,PPO_seed7
543,4.8062,-1877.311550750011,0.0,0.0,0.44997526127461057,25.268057236962942,-0.003528781110432352,0.0,0.01764390555216176,0.0,0.0,0.0,epa_us06,PPO_seed7
544,4.8643,-1249.3583928118494,0.0,0.0,0.4499673815144418,25.26800912485307,-0.002348418031601221,0.0,0.011742090158006103,0.0,0.0,0.0,epa_us06,PPO_seed7
545,4.8122,0.0,409.6373229586057,0.0,0.4499673815144418,25.267959545782464,-0.00577496225975478,0.0038499748398365197,0.0,0.0,0.0,0.0,epa_us06,PPO_seed7
546,4.6447,318.74934933438794,0.0,0.0,0.4499693918851438,25.26791006903818,0.017250810650443038,0.0,0.0029957645614134207,0.012749973973375519,0.0,0.0,epa_us06,PPO_seed7
547,4.3769,796.5159052687601,0.0,0.0,0.4499744155458302,25.267861102061417,0.043107680346801014,0.0,0.007486051741247745,0.0318606362107504,0.0,0.0,epa_us06,PPO_seed7
548,4.0409,1048.8520109854305,0.0,0.0,0.4499810306756895,25.26781257787604,0.05676418627874533,0.0,0.009857631682193896,0.04195408043941722,0.0,0.0,epa_us06,PPO_seed7
549,3.6807,1059.439522430533,0.0,0.0,0.4499877125501521,25.267764074692984,0.05733718558236825,0.0,0.009957138368708018,0.04237758089722132,0.0,0.0,epa_us06,PPO_seed7
550,3.3447,875.4026749049613,0.0,0.0,0.4499932336809993,25.267715234471897,0.047377056044856466,0.0,0.008227468749106778,0.03501610699619845,0.0,0.0,epa_us06,PPO_seed7
551,3.0769,572.5182754994274,0.0,0.0,0.44999684451807515,25.267665981234828,0.030984861255976527,0.0,0.005380810859957025,0.022900731019977097,0.0,0.0,epa_us06,PPO_seed7
552,2.9094,215.75198704306143,0.0,0.0,0.44999820524889156,25.267616466757012,0.011676562426586136,0.0,0.0020277442391265174,0.008630079481722458,0.0,0.0,epa_us06,PPO_seed7
553,2.8573,0.0,218.12461067958168,0.0,0.44999820524889156,25.267566915848914,-0.0030750650001820723,0.002050043333454715,0.0,0.0,0.0,0.0,epa_us06,PPO_seed7
554,2.9154,-722.8972316909662,0.0,0.0,0.4499936460007674,25.267517870293112,-0.0013588293828777562,0.0,0.00679414691438878,0.0,0.0,0.0,epa_us06,PPO_seed7
555,3.0597,-1170.4951815895972,0.0,0.0,0.4499862637771424,25.26746964136872,-0.002200178912762401,0.0,0.011000894563812005,0.0,0.0,0.0,epa_us06,PPO_seed7
556,3.2512,-1484.7666157605067,0.0,0.0,0.44997689943413344,25.267422218725013,-0.0027909146912791483,0.0,0.01395457345639574,0.0,0.0,0.0,epa_us06,PPO_seed7
557,3.4427,-1574.8072553191842,0.0,0.0,0.44996696716431,25.26737507325869,-0.002960164013757865,0.0,0.014800820068789324,0.0,0.0,0.0,epa_us06,PPO_seed7
558,3.587,-1379.581506757135,0.0,0.0,0.44995826613708895,25.26732739647955,-0.0025931983209720585,0.0,0.012965991604860292,0.0,0.0,0.0,epa_us06,PPO_seed7
559,3.6451,-914.0571663631733,0.0,0.0,0.44995250115150676,25.267278721390593,-0.0017181525683518297,0.0,0.008590762841759149,0.0,0.0,0.0,epa_us06,PPO_seed7
560,3.593,0.0,284.2784185792784,0.0,0.44995250115150676,25.26722926576097,-0.004007684472452233,0.002671789648301489,0.0,0.0,0.0,0.0,epa_us06,PPO_seed7
561,3.4255,249.29940003536413,0.0,0.0,0.4499540734919479,25.26717987571172,0.013492158507177074,0.0,0.00234303947401658,0.009971976001414565,0.0,0.0,epa_us06,PPO_seed7
562,3.1577,586.8816138212561,0.0,0.0,0.44995777496871836,25.26713075880953,0.03176220944575489,0.0,0.005515804641177219,0.023475264552850244,0.0,0.0,epa_us06,PPO_seed7
563,2.8217,742.3579933274673,0.0,0.0,0.44996245702468585,25.26708184127776,0.04017663786444443,0.0,0.0069770488094686774,0.02969431973309869,0.0,0.0,epa_us06,PPO_seed7
564,2.4615,716.2861025711944,0.0,0.0,0.44996697462941165,25.267032890402763,0.03876561929554479,0.0,0.006732012242210474,0.028651444102847777,0.0,0.0,epa_us06,PPO_seed7
565,2.1255,562.2840344906067,0.0,0.0,0.44997052093400663,25.266983756298796,0.03043098105461193,0.0,0.005284624384310214,0.022491361379624267,0.0,0.0,epa_us06,PPO_seed7
566,1.8577,350.3771499913039,0.0,0.0,0.4499727307439017,25.266934443850516,0.01896251673411583,0.0,0.0032930183269859387,0.014015085999652156,0.0,0.0,epa_us06,PPO_seed7
567,1.6902,129.33876008940987,0.0,0.0,0.4499735464750461,25.26688503751272,0.006999852594914077,0.0,0.0012155898504643786,0.005173550403576395,0.0,0.0,epa_us06,PPO_seed7
568,1.6381,0.0,119.79081219038619,0.0,0.4499735464750461,25.266835623276865,-0.0016887802470449181,0.0011258534980299454,0.0,0.0,0.0,0.0,epa_us06,PPO_seed7
569,2.1946,-2240.8814798579297,0.0,0.0,0.4499594134023837,25.266790990306454,-0.004212183232815657,0.0,0.021060916164078285,0.0,0.0,0.0,epa_us06,PPO_seed7
570,2.1133,0.0,60.75789247532492,0.0,0.4499594134023837,25.266741602098648,-0.0008565492360243176,0.0005710328240162117,0.0,0.0,0.0,0.0,epa_us06,PPO_seed7
571,2.032,0.0,58.019227328682206,0.0,0.4499594134023837,25.266692221887542,-0.0008179402348968356,0.0005452934899312237,0.0,0.0,0.0,0.0,epa_us06,PPO_seed7
572,1.9507,0.0,55.32778183384036,0.0,0.4499594134023837,25.266642849746997,-0.0007799969243492532,0.0005199979495661688,0.0,0.0,0.0,0.0,epa_us06,PPO_seed7
573,1.8694,0.0,52.681666739963624,0.0,0.4499594134023837,25.26659348574592,-0.0007426926702062541,0.0004951284468041694,0.0,0.0,0.0,0.0,epa_us06,PPO_seed7
574,1.7882,0.0,50.36033265108998,0.0,0.4499594134023837,25.26654412994859,-0.0007099670956450656,0.00047331139709671035,0.0,0.0,0.0,0.0,epa_us06,PPO_seed7
575,1.7069,0.0,47.52099621333001,0.0,0.4499594134023837,25.26649478241496,-0.0006699388563909306,0.0004466259042606204,0.0,0.0,0.0,0.0,epa_us06,PPO_seed7
576,1.6256,0.0,44.999489192285154,0.0,0.4499594134023837,25.266445443200944,-0.00063439129500402,0.00042292753000268,0.0,0.0,0.0,0.0,epa_us06,PPO_seed7
577,1.5443,0.0,42.515757892680455,0.0,0.4499594134023837,25.26639611235868,-0.0005993762860810215,0.000399584190720681,0.0,0.0,0.0,0.0,epa_us06,PPO_seed7
578,1.463,0.0,40.067913063681885,0.0,0.4499594134023837,25.26634678993678,-0.0005648671954466432,0.0003765781302977621,0.0,0.0,0.0,0.0,epa_us06,PPO_seed7
579,1.3818,0.0,37.87196107376434,0.0,0.4499594134023837,25.26629747598055,-0.000533909225663971,0.00035593948377598064,0.0,0.0,0.0,0.0,epa_us06,PPO_seed7
580,1.3005,0.0,35.27523643409111,0.0,0.4499594134023837,25.266248170532226,-0.0004973012655182017,0.0003315341770121345,0.0,0.0,0.0,0.0,epa_us06,PPO_seed7
581,1.2192,0.0,32.923679502995604,0.0,0.4499594134023837,25.266198873631154,-0.0004641496170535095,0.000309433078035673,0.0,0.0,0.0,0.0,epa_us06,PPO_seed7
582,1.1379,0.0,30.600454362978954,0.0,0.4499594134023837,25.266149585313997,-0.00043139738293673335,0.0002875982552911556,0.0,0.0,0.0,0.0,epa_us06,PPO_seed7
583,1.0566,0.0,28.303671763210055,0.0,0.4499594134023837,25.266100305614902,-0.00039901792899262295,0.0002660119526617486,0.0,0.0,0.0,0.0,epa_us06,PPO_seed7
584,0.9754,0.0,26.185951903066435,0.0,0.4499594134023837,25.26605103456567,-0.00036916285577631247,0.00024610857051754167,0.0,0.0,0.0,0.0,epa_us06,PPO_seed7
585,0.8941,0.0,23.784631025830624,0.0,0.4499594134023837,25.266001772195903,-0.0003353096479205445,0.000223539765280363,0.0,0.0,0.0,0.0,epa_us06,PPO_seed7
586,0.8128,0.0,21.555816149035646,0.0,0.4499594134023837,25.26595251853315,-0.00030388838555971305,0.0002025922570398087,0.0,0.0,0.0,0.0,epa_us06,PPO_seed7
587,0.7315,0.0,19.345889132960302,0.0,0.4499594134023837,25.265903273603055,-0.00027273339943083134,0.0001818222662872209,0.0,0.0,0.0,0.0,epa_us06,PPO_seed7
588,0.6502,0.0,17.152960726771905,0.0,0.4499594134023837,25.265854037429452,-0.00024181805535862646,0.00016121203690575098,0.0,0.0,0.0,0.0,epa_us06,PPO_seed7
589,0.569,0.0,15.066323027218031,0.0,0.4499594134023837,25.265804810034517,-0.00021240117049649483,0.00014160078033099654,0.0,0.0,0.0,0.0,epa_us06,PPO_seed7
590,0.4877,0.0,12.813197876772243,0.0,0.4499594134023837,25.265755591438857,-0.00018063718811239067,0.0001204247920749271,0.0,0.0,0.0,0.0,epa_us06,PPO_seed7
591,0.4064,0.0,10.65991701862944,0.0,0.4499594134023837,25.265706381661616,-0.00015028078503706916,0.00010018719002471277,0.0,0.0,0.0,0.0,epa_us06,PPO_seed7
592,0.3251,0.0,8.5160800908465,0.0,0.4499594134023837,25.265657180720577,-0.00012005752007772323,8.003834671848215e-05,0.0,0.0,0.0,0.0,epa_us06,PPO_seed7
593,0.2438,0.0,6.379797842590967,0.0,0.4499594134023837,25.265607988632244,-8.994075905908318e-05,5.9960506039388786e-05,0.0,0.0,0.0,0.0,epa_us06,PPO_seed7
594,0.1626,0.0,4.277092334443073,0.0,0.4499594134023837,25.265558805411924,-6.029735433895309e-05,4.019823622596873e-05,0.0,0.0,0.0,0.0,epa_us06,PPO_seed7
595,0.0813,0.0,2.1249548751387177,0.0,0.4499594134023837,25.26550963107382,-2.9957070608158617e-05,1.9971380405439078e-05,0.0,0.0,0.0,0.0,epa_us06,PPO_seed7
1,0.0,0.0,0.0,0.0,0.5,25.0,0.0,0.0,0.0,0.0,0.0,0.0,wltp_class3b,PPO_seed7
2,0.0,0.0,0.0,0.0,0.5,25.0,0.0,0.0,0.0,0.0,0.0,0.0,wltp_class3b,PPO_seed7
3,0.0,0.0,0.0,0.0,0.5,25.0,0.0,0.0,0.0,0.0,0.0,0.0,wltp_class3b,PPO_seed7
4,0.0,0.0,0.0,0.0,0.5,25.0,0.0,0.0,0.0,0.0,0.0,0.0,wltp_class3b,PPO_seed7
5,0.0,0.0,0.0,0.0,0.5,25.0,0.0,0.0,0.0,0.0,0.0,0.0,wltp_class3b,PPO_seed7
6,0.0,0.0,0.0,0.0,0.5,25.0,0.0,0.0,0.0,0.0,0.0,0.0,wltp_class3b,PPO_seed7
7,0.0,0.0,0.0,0.0,0.5,25.0,0.0,0.0,0.0,0.0,0.0,0.0,wltp_class3b,PPO_seed7
8,0.0,0.0,0.0,0.0,0.5,25.0,0.0,0.0,0.0,0.0,0.0,0.0,wltp_class3b,PPO_seed7
9,0.0,0.0,0.0,0.0,0.5,25.0,0.0,0.0,0.0,0.0,0.0,0.0,wltp_class3b,PPO_seed7
10,0.0,0.0,0.0,0.0,0.5,25.0,0.0,0.0,0.0,0.0,0.0,0.0,wltp_class3b,PPO_seed7
11,0.0,0.0,0.0,0.0,0.5,25.0,0.0,0.0,0.0,0.0,0.0,0.0,wltp_class3b,PPO_seed7
12,0.0,0.0,0.0,0.0,0.5,25.0,0.0,0.0,0.0,0.0,0.0,0.0,wltp_class3b,PPO_seed7
13,0.0,0.0,0.0,0.0,0.5,25.0,0.0,0.0,0.0,0.0,0.0,0.0,wltp_class3b,PPO_seed7
14,0.0,0.0,0.0,0.0,0.5,25.0,0.0,0.0,0.0,0.0,0.0,0.0,wltp_class3b,PPO_seed7
15,0.0,0.0,0.0,0.0,0.5,25.0,0.0,0.0,0.0,0.0,0.0,0.0,wltp_class3b,PPO_seed7
16,0.0,0.0,0.0,0.0,0.5,25.0,0.0,0.0,0.0,0.0,0.0,0.0,wltp_class3b,PPO_seed7
17,0.0,0.0,0.0,0.0,0.5,25.0,0.0,0.0,0.0,0.0,0.0,0.0,wltp_class3b,PPO_seed7
18,0.0,0.0,0.0,0.0,0.5,25.0,0.0,0.0,0.0,0.0,0.0,0.0,wltp_class3b,PPO_seed7
19,0.0,0.0,0.0,0.0,0.5,25.0,0.0,0.0,0.0,0.0,0.0,0.0,wltp_class3b,PPO_seed7
20,0.0,0.0,0.0,0.0,0.5,25.0,0.0,0.0,0.0,0.0,0.0,0.0,wltp_class3b,PPO_seed7
21,0.0,0.0,0.0,0.0,0.5,25.0,0.0,0.0,0.0,0.0,0.0,0.0,wltp_class3b,PPO_seed7
22,0.0,0.0,0.0,0.0,0.5,25.0,0.0,0.0,0.0,0.0,0.0,0.0,wltp_class3b,PPO_seed7
23,0.0,0.0,0.0,0.0,0.5,25.0,0.0,0.0,0.0,0.0,0.0,0.0,wltp_class3b,PPO_seed7
24,0.0,0.0,0.0,0.0,0.5,25.0,0.0,0.0,0.0,0.0,0.0,0.0,wltp_class3b,PPO_seed7
25,0.0,0.0,0.0,0.0,0.5,25.0,0.0,0.0,0.0,0.0,0.0,0.0,wltp_class3b,PPO_seed7
26,0.0,0.0,0.0,0.0,0.5,25.0,0.0,0.0,0.0,0.0,0.0,0.0,wltp_class3b,PPO_seed7
27,0.0,0.0,0.0,0.0,0.5,25.0,0.0,0.0,0.0,0.0,0.0,0.0,wltp_class3b,PPO_seed7
28,0.0,0.0,0.0,0.0,0.5,25.0,0.0,0.0,0.0,0.0,0.0,0.0,wltp_class3b,PPO_seed7
29,0.0,0.0,0.0,0.0,0.5,25.0,0.0,0.0,0.0,0.0,0.0,0.0,wltp_class3b,PPO_seed7
30,0.0,0.0,0.0,0.0,0.5,25.0,0.0,0.0,0.0,0.0,0.0,0.0,wltp_class3b,PPO_seed7
31,0.0,0.0,0.0,0.0,0.5,25.0,0.0,0.0,0.0,0.0,0.0,0.0,wltp_class3b,PPO_seed7
32,0.1389,-51.209370266885784,0.0,0.0,0.49999967791633476,25.000000002478725,-9.62582147873793e-05,0.0,0.0004812910739368965,0.0,0.0,0.0,wltp_class3b,PPO_seed7
33,0.2778,-102.42816213508624,0.0,0.0,0.4999990336896322,25.000000012396004,-0.00019253413935166588,0.0,0.0009626706967583293,0.0,0.0,0.0,wltp_class3b,PPO_seed7
34,0.4167,-153.6657972059161,0.0,0.0,0.4999980672010958,25.000000034722113,-0.0002888454834697671,0.0,0.0014442274173488356,0.0,0.0,0.0,wltp_class3b,PPO_seed7
35,0.5556,-204.93169708068996,0.0,0.0,0.49999677827251104,25.000000074446728,-0.0003852099569185902,0.0,0.0019260497845929507,0.0,0.0,0.0,wltp_class3b,PPO_seed7
36,0.6944,-256.0903141408573,0.0,0.0,0.4999951675780435,25.00000013651709,-0.0004813727709414611,0.0,0.0024068638547073053,0.0,0.0,0.0,wltp_class3b,PPO_seed7
37,0.8333,-307.54898890112617,0.0,0.0,0.49999323322972006,25.000000226105094,-0.0005780996031976056,0.0,0.0028904980159880278,0.0,0.0,0.0,wltp_class3b,PPO_seed7
38,0.9722,-358.95616870849483,0.0,0.0,0.4999909755505325,25.000000348254463,-0.0006747296404295016,0.0,0.003373648202147508,0.0,0.0,0.0,wltp_class3b,PPO_seed7
39,1.1111,-410.4292929420564,0.0,0.0,0.49998839412469287,25.0000005081111,-0.0007714836333497302,0.0,0.0038574181667486505,0.0,0.0,0.0,wltp_class3b,PPO_seed7
40,1.25,-461.97778320312506,0.0,0.0,0.4999854884770212,25.000000710877334,-0.0008683792917351975,0.0,0.004341896458675987,0.0,0.0,0.0,wltp_class3b,PPO_seed7
41,1.3889,-513.6110610930156,0.0,0.0,0.49998225807294955,25.00000096181813,-0.0009654343253628113,0.0,0.004827171626814056,0.0,0.0,0.0,wltp_class3b,PPO_seed7
42,1.3137,-48.125394294473914,0.0,0.0,0.49998195538337675,25.000000966353607,-9.046126747081564e-05,0.0,0.00045230633735407813,0.0,0.0,0.0,wltp_class3b,PPO_seed7
43,1.4153,-441.31624524438575,0.0,0.0,0.4999791796801453,25.00000115271917,-0.0008295418143691463,0.0,0.004147709071845731,0.0,0.0,0.0,wltp_class3b,PPO_seed7
44,1.5327,-515.904885033855,0.0,0.0,0.499975934839988,25.000001407282788,-0.0009697460244997274,0.0,0.004848730122498637,0.0,0.0,0.0,wltp_class3b,PPO_seed7
45,1.6672,-605.9453840433285,0.0,0.0,0.49997212367458765,25.000001758281286,-0.0011389950827882115,0.0,0.005694975413941057,0.0,0.0,0.0,wltp_class3b,PPO_seed7
46,1.8192,-711.2774868101525,0.0,0.0,0.49996765000255244,25.000002241721855,-0.0013369877571619408,0.0,0.006684938785809703,0.0,0.0,0.0,wltp_class3b,PPO_seed7
47,1.9877,-828.9229855796497,0.0,0.0,0.4999624363730747,25.000002898195678,-0.0015581259127437025,0.0,0.007790629563718512,0.0,0.0,0.0,wltp_class3b,PPO_seed7
48,2.171,-956.3148537943863,0.0,0.0,0.4999564214796848,25.000003772012757,-0.0017975843116435832,0.0,0.008987921558217916,0.0,0.0,0.0,wltp_class3b,PPO_seed7
49,2.3662,-1087.3284524900896,0.0,0.0,0.49994958253646204,25.00000490207711,-0.0020438504746054316,0.0,0.010219252373027158,0.0,0.0,0.0,wltp_class3b,PPO_seed7
50,2.5698,-1215.9797756196115,0.0,0.0,0.49994193439394047,25.00000631637945,-0.002285676269961676,0.0,0.011428381349808378,0.0,0.0,0.0,wltp_class3b,PPO_seed7
51,2.7778,-1335.2243242996801,0.0,0.0,0.4999335362099603,25.000008023535177,-0.0025098201584580456,0.0,0.012549100792290227,0.0,0.0,0.0,wltp_class3b,PPO_seed7
52,2.9857,-1436.7889131776128,0.0,0.0,0.4999244991787802,25.000010003400206,-0.002700731039807543,0.0,0.013503655199037715,0.0,0.0,0.0,wltp_class3b,PPO_seed7
53,3.1894,-1516.3274938989193,0.0,0.0,0.4999149618316471,25.00001221322987,-0.002850239650185939,0.0,0.014251198250929693,0.0,0.0,0.0,wltp_class3b,PPO_seed7
54,3.3846,-1566.9239243728834,0.0,0.0,0.49990510620307227,25.000014579781766,-0.0029453457225054203,0.0,0.0147267286125271,0.0,0.0,0.0,wltp_class3b,PPO_seed7
55,3.5679,-1588.4024292878712,0.0,0.0,0.49989511543636833,25.000017020815914,-0.002985718852044871,0.0,0.014928594260224354,0.0,0.0,0.0,wltp_class3b,PPO_seed7
56,3.7364,-1580.09176623433,0.0,0.0,0.49988517690020745,25.00001944827489,-0.002970097304951748,0.0,0.01485048652475874,0.0,0.0,0.0,wltp_class3b,PPO_seed7
57,3.8883,-1546.5632404202968,0.0,0.0,0.49987544921368665,25.000021788485302,-0.002907073760188528,0.0,0.014535368800942639,0.0,0.0,0.0,wltp_class3b,PPO_seed7
58,4.0229,-1494.3495153812366,0.0,0.0,0.49986604990873834,25.00002399058603,-0.0028089276604910465,0.0,0.014044638302455231,0.0,0.0,0.0,wltp_class3b,PPO_seed7
59,4.1402,-1428.8274380823134,0.0,0.0,0.4998570626989989,25.00002602337093,-0.00268576586105698,0.0,0.0134288293052849,0.0,0.0,0.0,wltp_class3b,PPO_seed7
60,4.2418,-1362.413200890655,0.0,0.0,0.49984849320184743,25.000027892084052,-0.0025609270693433364,0.0,0.012804635346716681,0.0,0.0,0.0,wltp_class3b,PPO_seed7
61,4.3299,-1301.69788552182,0.0,0.0,0.4998403055766195,25.00002961832068,-0.0024468005366951504,0.0,0.01223400268347575,0.0,0.0,0.0,wltp_class3b,PPO_seed7
62,4.4078,-1256.9378875977268,0.0,0.0,0.4998323994692692,25.000031245943134,-0.0023626652022513666,0.0,0.011813326011256831,0.0,0.0,0.0,wltp_class3b,PPO_seed7
63,4.4793,-1234.4008602179422,0.0,0.0,0.4998246351007478,25.000032829493552,-0.002320302368830719,0.0,0.011601511844153593,0.0,0.0,0.0,wltp_class3b,PPO_seed7
64,4.5485,-1238.86243584008,0.0,0.0,0.4998168426515114,25.00003443211285,-0.002328688789173083,0.0,0.011643443945865414,0.0,0.0,0.0,wltp_class3b,PPO_seed7
65,4.62,-1276.640678877669,0.0,0.0,0.4998088125593664,25.00003613322512,-0.002399700524206145,0.0,0.011998502621030723,0.0,0.0,0.0,wltp_class3b,PPO_seed7
66,4.6978,-1346.1730383698725,0.0,0.0,0.49980034508827287,25.00003801593901,-0.0025304004480636703,0.0,0.012652002240318351,0.0,0.0,0.0,wltp_class3b,PPO_seed7
67,4.786,-1451.2197360409273,0.0,0.0,0.49979121684778,25.000040186731404,-0.0027278566466934725,0.0,0.013639283233467362,0.0,0.0,0.0,wltp_class3b,PPO_seed7
68,4.8875,-1585.9256188970046,0.0,0.0,0.49978124127354534,25.00004275630043,-0.0029810631934154225,0.0,0.014905315967077112,0.0,0.0,0.0,wltp_class3b,PPO_seed7
69,5.0049,-1751.2140424559975,0.0,0.0,0.4997702259899087,25.000045861673204,-0.0032917557189022515,0.0,0.016458778594511256,0.0,0.0,0.0,wltp_class3b,PPO_seed7
70,5.1394,-1939.092500515258,0.0,0.0,0.4997580288907319,25.000049639886676,-0.0036449107152542446,0.0,0.018224553576271223,0.0,0.0,0.0,wltp_class3b,PPO_seed7
71,5.2914,-2145.4015239229548,0.0,0.0,0.49974453402935004,25.00005423580764,-0.004032709631434125,0.0,0.020163548157170627,0.0,0.0,0.0,wltp_class3b,PPO_seed7
72,5.4599,-2359.653175901899,0.0,0.0,0.4997296914256192,25.00005976963426,-0.00443543830056748,0.0,0.022177191502837396,0.0,0.0,0.0,wltp_class3b,PPO_seed7
73,5.6432,-2575.5203086993974,0.0,0.0,0.4997134908950997,25.00006634090813,-0.004841203587780823,0.0,0.02420601793890411,0.0,0.0,0.0,wltp_class3b,PPO_seed7
74,5.8384,-2780.3509148270837,0.0,0.0,0.49969600183501706,25.00007398495709,-0.00522622352411106,0.0,0.026131117620555297,0.0,0.0,0.0,wltp_class3b,PPO_seed7
75,6.042,-2964.821289094812,0.0,0.0,0.49967735229125443,25.000082672154342,-0.0055729723479225795,0.0,0.027864861739612896,0.0,0.0,0.0,wltp_class3b,PPO_seed7
76,6.25,-3119.028455946182,0.0,0.0,0.49965773260490004,25.00009229303533,-0.005862835443507862,0.0,0.029314177217539306,0.0,0.0,0.0,wltp_class3b,PPO_seed7
77,6.458,-3232.8321482642154,0.0,0.0,0.49963739690810366,25.000102649195252,-0.006076752158391383,0.0,0.030383760791956912,0.0,0.0,0.0,wltp_class3b,PPO_seed7
78,6.6616,-3299.5846350888005,0.0,0.0,0.49961664115795923,25.000113473805147,-0.006202226757685715,0.0,0.031011133788428576,0.0,0.0,0.0,wltp_class3b,PPO_seed7
79,6.8568,-3317.2765688836016,0.0,0.0,0.49959577396122495,25.000124468373464,-0.0062354822723375974,0.0,0.031177411361687984,0.0,0.0,0.0,wltp_class3b,PPO_seed7
80,7.0401,-3286.1440214681816,0.0,0.0,0.4995751024501272,25.00013532940105,-0.0061769624463687625,0.0,0.030884812231843813,0.0,0.0,0.0,wltp_class3b,PPO_seed7
81,7.2086,-3208.9789308817876,0.0,0.0,0.4995549162040826,25.00014577716325,-0.006031915283612383,0.0,0.030159576418061915,0.0,0.0,0.0,wltp_class3b,PPO_seed7
82,7.3328,-2766.7164301457215,0.0,0.0,0.4995375119181775,25.000153784587827,-0.005200594793506996,0.0,0.026002973967534974,0.0,0.0,0.0,wltp_class3b,PPO_seed7
83,7.4395,-2611.3264085005526,0.0,0.0,0.4995210850475373,25.000161044981287,-0.004908508286655174,0.0,0.02454254143327587,0.0,0.0,0.0,wltp_class3b,PPO_seed7
84,7.5291,-2448.4196590175416,0.0,0.0,0.49950568289714675,25.00016756319374,-0.004602292592138236,0.0,0.02301146296069118,0.0,0.0,0.0,wltp_class3b,PPO_seed7
85,7.6029,-2290.531668797966,0.0,0.0,0.49949127391396997,25.000173404657446,-0.004305510655635275,0.0,0.021527553278176372,0.0,0.0,0.0,wltp_class3b,PPO_seed7
86,7.6633,-2153.1316709297917,0.0,0.0,0.49947772922996037,25.000178693111604,-0.004047239982950737,0.0,0.020236199914753682,0.0,0.0,0.0,wltp_class3b,PPO_seed7
87,7.7134,-2047.104168071202,0.0,0.0,0.4994648515019467,25.000183579068448,-0.003847940165547372,0.0,0.01923970082773686,0.0,0.0,0.0,wltp_class3b,PPO_seed7
88,7.757,-1983.309370669809,0.0,0.0,0.4994523750642082,25.000188235998863,-0.0037280251328379865,0.0,0.018640125664189933,0.0,0.0,0.0,wltp_class3b,PPO_seed7
89,7.7985,-1971.3949061762296,0.0,0.0,0.4994399735564236,25.000192859634726,-0.00370562952288765,0.0,0.01852814761443825,0.0,0.0,0.0,wltp_class3b,PPO_seed7
90,7.8422,-2012.4204624316064,0.0,0.0,0.4994273139479897,25.000197648277943,-0.003782745230134599,0.0,0.018913726150672994,0.0,0.0,0.0,wltp_class3b,PPO_seed7
91,7.8923,-2107.4946013439394,0.0,0.0,0.4994140562306261,25.000202819038325,-0.003961456017563795,0.0,0.019807280087818978,0.0,0.0,0.0,wltp_class3b,PPO_seed7
92,7.9526,-2254.230150850088,0.0,0.0,0.49939987540862896,25.000208610091434,-0.004237274719643023,0.0,0.021186373598215114,0.0,0.0,0.0,wltp_class3b,PPO_seed7
93,8.0264,-2449.249944396634,0.0,0.0,0.4993844677258936,25.000215288970512,-0.004603853278941041,0.0,0.023019266394705206,0.0,0.0,0.0,wltp_class3b,PPO_seed7
94,8.116,-2682.9429214591173,0.0,0.0,0.4993675898809616,25.000223129690283,-0.005043125792216386,0.0,0.02521562896108193,0.0,0.0,0.0,wltp_class3b,PPO_seed7
95,8.2228,-2946.661576826316,0.0,0.0,0.4993490529651235,25.000232410892586,-0.005538837550425406,0.0,0.02769418775212703,0.0,0.0,0.0,wltp_class3b,PPO_seed7
96,8.3469,-3225.8147148411012,0.0,0.0,0.49932875985315855,25.000243368314894,-0.00606356149406222,0.0,0.0303178074703111,0.0,0.0,0.0,wltp_class3b,PPO_seed7
97,8.4877,-3512.5096769236047,0.0,0.0,0.4993066630653189,25.000256210580464,-0.00660246179872858,0.0,0.0330123089936429,0.0,0.0,0.0,wltp_class3b,PPO_seed7
98,8.6432,-3787.9934758470945,0.0,0.0,0.4992828330900529,25.00027102463635,-0.007120288488434389,0.0,0.03560144244217194,0.0,0.0,0.0,wltp_class3b,PPO_seed7
99,8.8106,-4039.536712465777,0.0,0.0,0.4992574204946001,25.000287782521642,-0.007593114121176273,0.0,0.03796557060588136,0.0,0.0,0.0,wltp_class3b,PPO_seed7
100,8.9865,-4255.490270600271,0.0,0.0,0.4992306491333232,25.000306327687817,-0.007999041862030586,0.0,0.03999520931015293,0.0,0.0,0.0,wltp_class3b,PPO_seed7
101,9.1667,-4419.708324937866,0.0,0.0,0.49920284444156343,25.000326323617053,-0.00830772241529674,0.0,0.0415386120764837,0.0,0.0,0.0,wltp_class3b,PPO_seed7
102,9.3469,-4524.86318251496,0.0,0.0,0.4991743779661304,25.000347320714983,-0.008505381922020602,0.0,0.042526909610103004,0.0,0.0,0.0,wltp_class3b,PPO_seed7
103,9.5227,-4563.3009993743535,0.0,0.0,0.49914566942071287,25.00036876527455,-0.008577633457470589,0.0,0.042888167287352945,0.0,0.0,0.0,wltp_class3b,PPO_seed7
104,9.6902,-4536.729046570791,0.0,0.0,0.4991171277958569,25.000390100197947,-0.008527686177764645,0.0,0.04263843088882322,0.0,0.0,0.0,wltp_class3b,PPO_seed7
105,9.8456,-4441.681919355792,0.0,0.0,0.4990891839007897,25.000410745329425,-0.008349026164202617,0.0,0.04174513082101308,0.0,0.0,0.0,wltp_class3b,PPO_seed7
106,9.9864,-4294.739033224989,0.0,0.0,0.49906216425440914,25.000430287650538,-0.008072817731625919,0.0,0.04036408865812959,0.0,0.0,0.0,wltp_class3b,PPO_seed7
107,10.1106,-4101.861733174137,0.0,0.0,0.49903635788082934,25.00044840016163,-0.007710266415740859,0.0,0.038551332078704294,0.0,0.0,0.0,wltp_class3b,PPO_seed7
108,10.2173,-3879.997754439284,0.0,0.0,0.49901194718571484,25.000464927060406,-0.007293228861727979,0.0,0.03646614430863989,0.0,0.0,0.0,wltp_class3b,PPO_seed7
109,10.3069,-3650.9659131260078,0.0,0.0,0.49898897730419056,25.000479897132866,-0.006862717881815804,0.0,0.03431358940907902,0.0,0.0,0.0,wltp_class3b,PPO_seed7
110,10.3807,-3431.259877311086,0.0,0.0,0.4989673895983999,25.000493454598917,-0.006449736611487004,0.0,0.032248683057435015,0.0,0.0,0.0,wltp_class3b,PPO_seed7
111,10.4411,-3241.2799837631533,0.0,0.0,0.49894699707585993,25.00050585725057,-0.00609263154842698,0.0,0.0304631577421349,0.0,0.0,0.0,wltp_class3b,PPO_seed7
112,10.4911,-3093.5129107928965,0.0,0.0,0.49892753417630376,25.000517405697085,-0.005814873892467851,0.0,0.029074369462339253,0.0,0.0,0.0,wltp_class3b,PPO_seed7
113,10.5348,-3008.8296056634636,0.0,0.0,0.4989086040217395,25.000528486355883,-0.005655694747487713,0.0,0.028278473737438567,0.0,0.0,0.0,wltp_class3b,PPO_seed7
114,10.5763,-2989.917409402307,0.0,0.0,0.49888979281866735,25.00053947469263,-0.005620145506395315,0.0,0.02810072753197657,0.0,0.0,0.0,wltp_class3b,PPO_seed7
115,10.62,-3044.3795051109896,0.0,0.0,0.49887063893072314,25.000550787134806,-0.005722517866749981,0.0,0.028612589333749903,0.0,0.0,0.0,wltp_class3b,PPO_seed7
116,10.6701,-3171.6370271956243,0.0,0.0,0.4988506843560011,25.00056286399679,-0.005961723735330122,0.0,0.029808618676650606,0.0,0.0,0.0,wltp_class3b,PPO_seed7
117,10.7304,-3367.93039067788,0.0,0.0,0.49882949473801325,25.000576178751558,-0.006330696223078722,0.0,0.03165348111539361,0.0,0.0,0.0,wltp_class3b,PPO_seed7
118,10.8042,-3628.0433208076993,0.0,0.0,0.49880666852920147,25.000591250214452,-0.006819630302270112,0.0,0.03409815151135056,0.0,0.0,0.0,wltp_class3b,PPO_seed7
119,10.8938,-3938.286397018596,0.0,0.0,0.498781890298949,25.000608593203424,-0.007402793979358263,0.0,0.037013969896791316,0.0,0.0,0.0,wltp_class3b,PPO_seed7
120,11.0005,-4284.531742382841,0.0,0.0,0.4987549334918051,25.000628699293685,-0.008053631094704588,0.0,0.04026815547352294,0.0,0.0,0.0,wltp_class3b,PPO_seed7
121,11.1247,-4653.657672667806,0.0,0.0,0.49872565409738073,25.000652017591225,-0.008747476828322944,0.0,0.04373738414161472,0.0,0.0,0.0,wltp_class3b,PPO_seed7
122,11.2655,-5024.267309258762,0.0,0.0,0.49869404271723533,25.00067884316994,-0.009444111483569101,0.0,0.047220557417845505,0.0,0.0,0.0,wltp_class3b,PPO_seed7
123,11.421,-5378.387018102334,0.0,0.0,0.4986602030320982,25.000709291669093,-0.010109750034026943,0.0,0.050548750170134715,0.0,0.0,0.0,wltp_class3b,PPO_seed7
124,11.5884,-5697.8881015561155,0.0,0.0,0.4986243527840902,25.000743249405396,-0.010710315980368638,0.0,0.05355157990184319,0.0,0.0,0.0,wltp_class3b,PPO_seed7
125,11.7643,-5968.242626626524,0.0,0.0,0.49858680112931364,25.00078037398047,-0.011218501177869405,0.0,0.05609250588934703,0.0,0.0,0.0,wltp_class3b,PPO_seed7
126,11.9444,-6167.532317356994,0.0,0.0,0.4985479951457245,25.000819988497852,-0.011593105859693599,0.0,0.05796552929846799,0.0,0.0,0.0,wltp_class3b,PPO_seed7
127,12.1246,-6293.279183163653,0.0,0.0,0.49850839752530507,25.00086130134758,-0.01182947214880386,0.0,0.0591473607440193,0.0,0.0,0.0,wltp_class3b,PPO_seed7
128,12.3005,-6333.269950179366,0.0,0.0,0.49846854783253924,25.00090331649689,-0.01190464276349505,0.0,0.059523213817475246,0.0,0.0,0.0,wltp_class3b,PPO_seed7
129,12.4679,-6284.898350263288,0.0,0.0,0.4984290020610713,25.000944980536836,-0.011813718703502422,0.0,0.059068593517512105,0.0,0.0,0.0,wltp_class3b,PPO_seed7
130,12.6234,-6158.470640036468,0.0,0.0,0.4983902513849379,25.000985376672688,-0.011576072631647496,0.0,0.057880363158237476,0.0,0.0,0.0,wltp_class3b,PPO_seed7
131,12.7642,-5962.022104003522,0.0,0.0,0.4983527364417582,25.00102372752608,-0.011206808466172035,0.0,0.05603404233086017,0.0,0.0,0.0,wltp_class3b,PPO_seed7
132,12.5272,1119.4367324438754,0.0,0.0,0.49835978035758294,25.001029822972423,0.06058425263256402,0.0,0.010521021921464995,0.044777469297755015,0.0,0.0,wltp_class3b,PPO_seed7
133,12.2729,1367.1668093695412,0.0,0.0,0.4983683829473965,25.00103607012217,0.07399147890106735,0.0,0.012849312118134785,0.05468667237478165,0.0,0.0,wltp_class3b,PPO_seed7
134,12.0013,1602.829736907277,0.0,0.0,0.49837846822961385,25.001042560503738,0.08674562741547803,0.0,0.015064189256647341,0.06411318947629108,0.0,0.0,wltp_class3b,PPO_seed7
135,11.714,1804.110437909691,0.0,0.0,0.49838981981738617,25.00104929495011,0.09763899948927784,0.0,0.016955925168324164,0.07216441751638764,0.0,0.0,wltp_class3b,PPO_seed7
136,11.4133,1962.5759080721214,0.0,0.0,0.49840216827487654,25.001056207122843,0.10621519839325662,0.0,0.018445262293910913,0.07850303632288486,0.0,0.0,wltp_class3b,PPO_seed7
137,11.1023,2069.9726441243797,0.0,0.0,0.4984151922513386,25.001063163220252,0.11202754204817507,0.0,0.019454630113950936,0.08279890576497519,0.0,0.0,wltp_class3b,PPO_seed7
138,10.7848,2120.908223843059,0.0,0.0,0.49842853648664714,25.001069979849913,0.11478419094152136,0.0,0.019933347968449804,0.08483632895372237,0.0,0.0,wltp_class3b,PPO_seed7
139,10.4652,2112.6563244607614,0.0,0.0,0.49844182858789926,25.001076449051748,0.11433759566517712,0.0,0.01985579252312746,0.08450625297843045,0.0,0.0,wltp_class3b,PPO_seed7
140,10.1477,2052.712610739542,0.0,0.0,0.49845474334209283,25.00108239659962,0.11109342385040016,0.0,0.019292411755070883,0.08210850442958167,0.0,0.0,wltp_class3b,PPO_seed7
141,9.8367,1943.9841550790427,0.0,0.0,0.4984669738425743,25.00108767716758,0.10520900712976654,0.0,0.018270527773299274,0.0777593662031617,0.0,0.0,wltp_class3b,PPO_seed7
142,9.536,1797.9871288072695,0.0,0.0,0.4984782856491632,25.001092214419536,0.09730760415905809,0.0,0.016898375270745013,0.07191948515229078,0.0,0.0,wltp_class3b,PPO_seed7
143,9.2487,1626.071128165279,0.0,0.0,0.4984885157338731,25.001095996483794,0.08800345850025322,0.0,0.015282623385012021,0.06504284512661117,0.0,0.0,wltp_class3b,PPO_seed7
144,8.9771,1439.2139847794242,0.0,0.0,0.4984975701364628,25.001099064601203,0.07789069370257365,0.0,0.013526447225370528,0.05756855939117697,0.0,0.0,wltp_class3b,PPO_seed7
145,8.7228,1245.9957561799101,0.0,0.0,0.49850540887506095,25.001101493583228,0.0674336650600225,0.0,0.011710486430262313,0.049839830247196404,0.0,0.0,wltp_class3b,PPO_seed7
146,8.4858,1062.3220842120536,0.0,0.0,0.49851209202896113,25.001103394324748,0.057493190692920006,0.0,0.00998423011477494,0.04249288336848214,0.0,0.0,wltp_class3b,PPO_seed7
147,8.2655,893.0138124628268,0.0,0.0,0.4985177099997708,25.001104872935752,0.048330176106070884,0.0,0.008392986959237094,0.035720552498513074,0.0,0.0,wltp_class3b,PPO_seed7
148,8.0598,750.4146664636357,0.0,0.0,0.49852243083722453,25.00110603636465,0.04061266743763345,0.0,0.007052769421650712,0.030016586658545428,0.0,0.0,wltp_class3b,PPO_seed7
149,7.8662,636.018999266837,0.0,0.0,0.4985264319849315,25.001106968971907,0.03442153952423077,0.0,0.005977622173560498,0.02544075997067348,0.0,0.0,wltp_class3b,PPO_seed7
150,7.6809,558.9704519249436,0.0,0.0,0.4985299484020379,25.001107744006653,0.03025164896959206,0.0,0.0052534816910239064,0.022358818076997744,0.0,0.0,wltp_class3b,PPO_seed7
151,7.5,517.5351562500023,0.0,0.0,0.4985332041339759,25.001108414384866,0.028009158305921177,0.0,0.004864052220394758,0.020701406250000092,0.0,0.0,wltp_class3b,PPO_seed7
152,7.3191,513.3300536209665,0.0,0.0,0.49853643339295456,25.00110902433655,0.027781576886945235,0.0,0.004824530579144422,0.02053320214483866,0.0,0.0,wltp_class3b,PPO_seed7
153,7.1338,543.5495669046318,0.0,0.0,0.4985398527372331,25.001109612692353,0.029417066034432626,0.0,0.005108548561133758,0.02174198267618527,0.0,0.0,wltp_class3b,PPO_seed7
154,6.9402,601.2925958481641,0.0,0.0,0.4985436353079792,25.001110215026866,0.032542136127181084,0.0,0.00565124620158049,0.024051703833926564,0.0,0.0,wltp_class3b,PPO_seed7
155,6.7345,682.7289018414117,0.0,0.0,0.49854793014819776,25.001110870117955,0.03694949349965775,0.0,0.006416625017306501,0.027309156073656467,0.0,0.0,wltp_class3b,PPO_seed7
156,6.5142,774.9369287624648,0.0,0.0,0.49855280501279203,25.001111608011755,0.041939819648362575,0.0,0.007283241811677301,0.030997477150498595,0.0,0.0,wltp_class3b,PPO_seed7
157,6.2772,872.1803259957047,0.0,0.0,0.4985582915699021,25.001112454757116,0.04720266155276002,0.0,0.008197183514997226,0.03488721303982819,0.0,0.0,wltp_class3b,PPO_seed7
158,6.0229,961.4945718054977,0.0,0.0,0.4985643399323562,25.001113415497677,0.05203637539741332,0.0,0.009036603118472722,0.038459782872219905,0.0,0.0,wltp_class3b,PPO_seed7
159,5.7513,1037.3329594024892,0.0,0.0,0.49857086532204126,25.001114480787724,0.05614077174270013,0.0,0.009749369919196327,0.04149331837609957,0.0,0.0,wltp_class3b,PPO_seed7
160,5.464,1089.020819867935,0.0,0.0,0.49857771581353577,25.001115613679744,0.05893813429631124,0.0,0.010235158081465554,0.0435608327947174,0.0,0.0,wltp_class3b,PPO_seed7
161,5.1633,1113.5407872059673,0.0,0.0,0.49858472050417374,25.001116764264186,0.06026516230307182,0.0,0.010465608902311723,0.04454163148823869,0.0,0.0,wltp_class3b,PPO_seed7
162,4.8523,1108.8217714640318,0.0,0.0,0.4985916954671167,25.001117874881935,0.060009767751865416,0.0,0.010421257250601803,0.04435287085856127,0.0,0.0,wltp_class3b,PPO_seed7
163,4.5348,1074.9837752243006,0.0,0.0,0.4985984575344316,25.001118889144664,0.05817844521853019,0.0,0.010103230970153202,0.04299935100897202,0.0,0.0,wltp_class3b,PPO_seed7
164,4.2152,1014.1092384669741,0.0,0.0,0.4986048366412022,25.0011197603273,0.05488389698109233,0.0,0.00953110186529111,0.040564369538678965,0.0,0.0,wltp_class3b,PPO_seed7
165,3.8977,932.7921835167067,0.0,0.0,0.49861070420405207,25.00112046255494,0.05048299351092673,0.0,0.008766843830044236,0.03731168734066827,0.0,0.0,wltp_class3b,PPO_seed7
166,3.5867,835.7750977753954,0.0,0.0,0.4986159614729713,25.001120986609983,0.04523239965253605,0.0,0.007855029114430407,0.03343100391101581,0.0,0.0,wltp_class3b,PPO_seed7
167,3.286,730.6635176405102,0.0,0.0,0.49862055753957546,25.00112134203301,0.039543729323130765,0.0,0.006867138323689006,0.029226540705620408,0.0,0.0,wltp_class3b,PPO_seed7
168,2.9987,624.0602967229802,0.0,0.0,0.4986244830287606,25.00112155053462,0.03377433094595497,0.0,0.005865228352659588,0.024962411868919208,0.0,0.0,wltp_class3b,PPO_seed7
169,2.7271,521.3734485278965,0.0,0.0,0.4986277625820832,25.00112163960811,0.028216887838374425,0.0,0.004900126395938877,0.02085493794111586,0.0,0.0,wltp_class3b,PPO_seed7
170,2.4728,426.22232335673436,0.0,0.0,0.4986304436062713,25.001121636967774,0.02306728032723138,0.0,0.004005848903728707,0.017048892934269373,0.0,0.0,wltp_class3b,PPO_seed7
171,2.2358,343.10375645704545,0.0,0.0,0.49863260179266156,25.001121568802514,0.018568878488554985,0.0,0.0032246593651977956,0.013724150258281819,0.0,0.0,wltp_class3b,PPO_seed7
172,2.0155,272.3951907344992,0.0,0.0,0.49863431520546325,25.001121455506865,0.014742109645916728,0.0,0.0025601051760761203,0.010895807629379967,0.0,0.0,wltp_class3b,PPO_seed7
173,1.8098,215.6017483701758,0.0,0.0,0.49863567137529874,25.00112131285711,0.011668431464425002,0.0,0.0020263322215242087,0.008624069934807032,0.0,0.0,wltp_class3b,PPO_seed7
174,1.6162,171.08766744018715,0.0,0.0,0.49863674754273746,25.00112115140705,0.009259316016800504,0.0,0.0016079667992498791,0.006843506697607486,0.0,0.0,wltp_class3b,PPO_seed7
175,1.4309,138.5113930907122,0.0,0.0,0.498637618799311,25.001120978363904,0.007496278251631176,0.0,0.0013017988072435357,0.005540455723628488,0.0,0.0,wltp_class3b,PPO_seed7
176,1.25,115.09599609375007,0.0,0.0,0.49863834276883073,25.00112079799368,0.006229029923930925,0.0,0.0010817292865953954,0.004603839843750003,0.0,0.0,wltp_class3b,PPO_seed7
177,1.0,169.70611,0.0,0.0,0.4986394102423049,25.001120630872233,0.00918454571263158,0.0,0.0015949822368421052,0.0067882444,0.0,0.0,wltp_class3b,PPO_seed7
178,0.75,127.41801515625002,0.0,0.0,0.49864021171720885,25.00112045030748,0.006895901301463816,0.0,0.0011975377364309213,0.005096720606250001,0.0,0.0,wltp_class3b,PPO_seed7
179,0.5,85.01126375000001,0.0,0.0,0.498640746447916,25.001120259983182,0.004600835161447369,0.0,0.000798978042763158,0.0034004505500000006,0.0,0.0,wltp_class3b,PPO_seed7
180,0.25,42.52540796875,0.0,0.0,0.49864101393744026,25.001120063568543,0.0023014878688651314,0.0,0.0003996748869243421,0.00170101631875,0.0,0.0,wltp_class3b,PPO_seed7
181,0.0,0.0,0.0,0.0,0.49864101393744026,25.001119864713548,0.0,0.0,0.0,0.0,0.0,0.0,wltp_class3b,PPO_seed7
182,0.1389,-51.209370266885784,0.0,0.0,0.4986406918252026,25.001119667813114,-9.62582147873793e-05,0.0,0.0004812910739368965,0.0,0.0,0.0,wltp_class3b,PPO_seed7
183,0.2778,-102.42816213508624,0.0,0.0,0.4986400475416556,25.00111947803889,-0.00019253413935166588,0.0,0.0009626706967583293,0.0,0.0,0.0,wltp_class3b,PPO_seed7
184,0.4167,-153.6657972059161,0.0,0.0,0.49863908096828286,25.001119300547533,-0.0002888454834697671,0.0,0.0014442274173488356,0.0,0.0,0.0,wltp_class3b,PPO_seed7
185,0.5556,-204.93169708068996,0.0,0.0,0.4986377919271303,25.001119140491923,-0.0003852099569185902,0.0,0.0019260497845929507,0.0,0.0,0.0,wltp_class3b,PPO_seed7
186,0.6944,-256.0903141408573,0.0,0.0,0.49863618109268426,25.001119002961435,-0.0004813727709414611,0.0,0.0024068638547073053,0.0,0.0,0.0,wltp_class3b,PPO_seed7
187,0.8333,-307.54898890112617,0.0,0.0,0.49863424657705646,25.001118893250563,-0.0005780996031976056,0.0,0.0028904980159880278,0.0,0.0,0.0,wltp_class3b,PPO_seed7
188,0.9722,-358.95616870849483,0.0,0.0,0.49863198870350345,25.001118816509035,-0.0006747296404295016,0.0,0.003373648202147508,0.0,0.0,0.0,wltp_class3b,PPO_seed7
189,1.1111,-410.42929294205646,0.0,0.0,0.4986294070564261,25.001118777972696,-0.0007714836333497302,0.0,0.003857418166748651,0.0,0.0,0.0,wltp_class3b,PPO_seed7
190,1.25,-461.9777832031251,0.0,0.0,0.49862650116081697,25.001118782919626,-0.0008683792917351977,0.0,0.004341896458675988,0.0,0.0,0.0,wltp_class3b,PPO_seed7
191,1.3889,-513.6110610930156,0.0,0.0,0.498623270482265,25.001118836677705,-0.0009654343253628113,0.0,0.004827171626814056,0.0,0.0,0.0,wltp_class3b,PPO_seed7
192,1.3137,-48.125394294473914,0.0,0.0,0.49862296776707915,25.00111864466765,-9.046126747081564e-05,0.0,0.00045230633735407813,0.0,0.0,0.0,wltp_class3b,PPO_seed7
193,1.4153,-441.3162452443858,0.0,0.0,0.4986201918299115,25.00111863398506,-0.0008295418143691463,0.0,0.004147709071845731,0.0,0.0,0.0,wltp_class3b,PPO_seed7
194,1.5327,-515.904885033855,0.0,0.0,0.4986169467173393,25.00111869193254,-0.0009697460244997274,0.0,0.004848730122498637,0.0,0.0,0.0,wltp_class3b,PPO_seed7
195,1.6672,-605.9453840433285,0.0,0.0,0.49861313523318285,25.00111884686064,-0.0011389950827882115,0.0,0.005694975413941057,0.0,0.0,0.0,wltp_class3b,PPO_seed7
196,1.8192,-711.2774868101525,0.0,0.0,0.4986086611883465,25.00111913490804,-0.0013369877571619408,0.0,0.006684938785809703,0.0,0.0,0.0,wltp_class3b,PPO_seed7
197,1.9877,-828.9229855796497,0.0,0.0,0.49860344712594323,25.001119596810362,-0.0015581259127437025,0.0,0.007790629563718512,0.0,0.0,0.0,wltp_class3b,PPO_seed7
198,2.171,-956.3148537943863,0.0,0.0,0.4985974317348077,25.00112027702532,-0.0017975843116435832,0.0,0.008987921558217916,0.0,0.0,0.0,wltp_class3b,PPO_seed7
199,2.3662,-1087.3284524900896,0.0,0.0,0.4985905922275316,25.00112121459933,-0.0020438504746054316,0.0,0.010219252373027158,0.0,0.0,0.0,wltp_class3b,PPO_seed7
200,2.5698,-1215.9797756196115,0.0,0.0,0.49858294345625287,25.001122437646732,-0.002285676269961676,0.0,0.011428381349808378,0.0,0.0,0.0,wltp_class3b,PPO_seed7
201,2.7778,-1335.2243242996801,0.0,0.0,0.49857454458401507,25.00112395487653,-0.0025098201584580456,0.0,0.012549100792290227,0.0,0.0,0.0,wltp_class3b,PPO_seed7
202,2.9857,-1436.7889131776128,0.0,0.0,0.4985655068144689,25.00112574619715,-0.002700731039807543,0.0,0.013503655199037715,0.0,0.0,0.0,wltp_class3b,PPO_seed7
203,3.1894,-1516.3274938989193,0.0,0.0,0.49855596869038354,25.001127768866894,-0.002850239650185939,0.0,0.014251198250929693,0.0,0.0,0.0,wltp_class3b,PPO_seed7
204,3.3846,-1566.9239243728834,0.0,0.0,0.4985461122612169,25.001129949594997,-0.0029453457225054203,0.0,0.0147267286125271,0.0,0.0,0.0,wltp_class3b,PPO_seed7
205,3.5679,-1588.4024292878714,0.0,0.0,0.49853612068518643,25.001132206041383,-0.0029857188520448713,0.0,0.014928594260224356,0.0,0.0,0.0,wltp_class3b,PPO_seed7
206,3.7364,-1580.0917662343302,0.0,0.0,0.49852618134608656,25.00113445000538,-0.002970097304951749,0.0,0.014850486524758743,0.0,0.0,0.0,wltp_class3b,PPO_seed7
207,3.8883,-1546.5632404202968,0.0,0.0,0.4985164528757019,25.001136607636937,-0.002907073760188528,0.0,0.014535368800942639,0.0,0.0,0.0,wltp_class3b,PPO_seed7
208,4.0229,-1494.3495153812364,0.0,0.0,0.498507052815257,25.001138627879715,-0.002808927660491046,0.0,0.01404463830245523,0.0,0.0,0.0,wltp_class3b,PPO_seed7
209,4.1402,-1428.8274380823134,0.0,0.0,0.4984980648849062,25.00114047932744,-0.00268576586105698,0.0,0.0134288293052849,0.0,0.0,0.0,wltp_class3b,PPO_seed7
210,4.2418,-1362.413200890655,0.0,0.0,0.4984894947022609,25.001142167032015,-0.0025609270693433364,0.0,0.012804635346716681,0.0,0.0,0.0,wltp_class3b,PPO_seed7
211,4.3299,-1301.69788552182,0.0,0.0,0.4984813064235865,25.001143712418962,-0.0024468005366951504,0.0,0.01223400268347575,0.0,0.0,0.0,wltp_class3b,PPO_seed7
212,4.4078,-1256.9378875977268,0.0,0.0,0.4984733996866583,25.001145159210978,-0.0023626652022513666,0.0,0.011813326011256831,0.0,0.0,0.0,wltp_class3b,PPO_seed7
213,4.4793,-1234.4008602179422,0.0,0.0,0.4984656347011761,25.00114656184863,-0.002320302368830719,0.0,0.011601511844153593,0.0,0.0,0.0,wltp_class3b,PPO_seed7
214,4.5485,-1238.86243584008,0.0,0.0,0.4984578416340381,25.001147983411727,-0.002328688789173083,0.0,0.011643443945865414,0.0,0.0,0.0,wltp_class3b,PPO_seed7
215,4.62,-1276.640678877669,0.0,0.0,0.4984498109064332,25.001149503304966,-0.002399700524206145,0.0,0.011998502621030723,0.0,0.0,0.0,wltp_class3b,PPO_seed7
216,4.6978,-1346.1730383698725,0.0,0.0,0.4984413427665781,25.0011512046585,-0.0025304004480636703,0.0,0.012652002240318351,0.0,0.0,0.0,wltp_class3b,PPO_seed7
217,4.786,-1451.2197360409273,0.0,0.0,0.498432213806501,25.001153194006644,-0.0027278566466934725,0.0,0.013639283233467362,0.0,0.0,0.0,wltp_class3b,PPO_seed7
218,4.8875,-1585.9256188970046,0.0,0.0,0.4984222374473277,25.001155582136313,-0.0029810631934154225,0.0,0.014905315967077112,0.0,0.0,0.0,wltp_class3b,PPO_seed7
219,5.0049,-1751.2140424559975,0.0,0.0,0.4984112212984796,25.00115850618685,-0.0032917557189022515,0.0,0.016458778594511256,0.0,0.0,0.0,wltp_class3b,PPO_seed7
220,5.1394,-1939.092500515258,0.0,0.0,0.49839902324290875,25.001162103323686,-0.0036449107152542446,0.0,0.018224553576271223,0.0,0.0,0.0,wltp_class3b,PPO_seed7
221,5.2914,-2145.4015239229548,0.0,0.0,0.4983855273251311,25.001166518548427,-0.004032709631434125,0.0,0.020163548157170627,0.0,0.0,0.0,wltp_class3b,PPO_seed7
222,5.4599,-2359.653175901899,0.0,0.0,0.49837068356136854,25.00117187218957,-0.00443543830056748,0.0,0.022177191502837396,0.0,0.0,0.0,wltp_class3b,PPO_seed7
223,5.6432,-2575.5203086993974,0.0,0.0,0.4983544817666561,25.001178263904897,-0.004841203587780823,0.0,0.02420601793890411,0.0,0.0,0.0,wltp_class3b,PPO_seed7
224,5.8384,-2780.3509148270837,0.0,0.0,0.49833699134388315,25.001185729112755,-0.00522622352411106,0.0,0.026131117620555297,0.0,0.0,0.0,wltp_class3b,PPO_seed7
225,6.042,-2964.821289094812,0.0,0.0,0.49831834034912215,25.001194238242206,-0.0055729723479225795,0.0,0.027864861739612896,0.0,0.0,0.0,wltp_class3b,PPO_seed7
226,6.25,-3119.0284559461825,0.0,0.0,0.4982987191384357,25.00120368184332,-0.005862835443507863,0.0,0.02931417721753931,0.0,0.0,0.0,wltp_class3b,PPO_seed7
227,6.458,-3232.8321482642154,0.0,0.0,0.49827838186382684,25.001213861479755,-0.006076752158391383,0.0,0.030383760791956912,0.0,0.0,0.0,wltp_class3b,PPO_seed7
228,6.6616,-3299.5846350888,0.0,0.0,0.49825762450539784,25.00122451024543,-0.0062022267576857144,0.0,0.031011133788428572,0.0,0.0,0.0,wltp_class3b,PPO_seed7
229,6.8568,-3317.276568883601,0.0,0.0,0.4982367556938021,25.001235329532687,-0.006235482272337597,0.0,0.03117741136168798,0.0,0.0,0.0,wltp_class3b,PPO_seed7
230,7.0401,-3286.1440214681816,0.0,0.0,0.49821608258495764,25.001246015695838,-0.0061769624463687625,0.0,0.030884812231843813,0.0,0.0,0.0,wltp_class3b,PPO_seed7
231,7.2086,-3208.9789308817876,0.0,0.0,0.49819589478053455,25.00125628884326,-0.006031915283612383,0.0,0.030159576418061915,0.0,0.0,0.0,wltp_class3b,PPO_seed7
232,7.3606,-3097.2723824722643,0.0,0.0,0.4981764095993983,25.001265954518978,-0.0058219405685568885,0.0,0.02910970284278444,0.0,0.0,0.0,wltp_class3b,PPO_seed7
233,7.4951,-2958.610711836306,0.0,0.0,0.4981577966391279,25.001274880925028,-0.005561298330519372,0.0,0.02780649165259686,0.0,0.0,0.0,wltp_class3b,PPO_seed7
234,7.6125,-2810.372086371012,0.0,0.0,0.4981401161715435,25.00128304816094,-0.005282654297689872,0.0,0.02641327148844936,0.0,0.0,0.0,wltp_class3b,PPO_seed7
235,7.714,-2664.082400995883,0.0,0.0,0.4981233559563943,25.001290501611326,-0.005007673686082487,0.0,0.025038368430412433,0.0,0.0,0.0,wltp_class3b,PPO_seed7
236,7.8022,-2539.3806134225315,0.0,0.0,0.4981073801983544,25.00129737880853,-0.004773271829741601,0.0,0.023866359148708004,0.0,0.0,0.0,wltp_class3b,PPO_seed7
237,7.88,-2442.854792441776,0.0,0.0,0.49809201165051814,25.001303833084826,-0.00459183231661988,0.0,0.0229591615830994,0.0,0.0,0.0,wltp_class3b,PPO_seed7
238,7.9515,-2392.3696355098773,0.0,0.0,0.4980769606702878,25.001310083916362,-0.004496935405093754,0.0,0.02248467702546877,0.0,0.0,0.0,wltp_class3b,PPO_seed7
239,8.0207,-2389.6881460743857,0.0,0.0,0.49806192651790415,25.001316347391857,-0.0044918950114180185,0.0,0.022459475057090093,0.0,0.0,0.0,wltp_class3b,PPO_seed7
240,8.0922,-2445.4057287071846,0.0,0.0,0.4980465417897702,25.001322889732243,-0.004596627309599971,0.0,0.022983136547999855,0.0,0.0,0.0,wltp_class3b,PPO_seed7
241,8.1701,-2556.3492021680536,0.0,0.0,0.49803045903948384,25.00132998269571,-0.004805167673248221,0.0,0.024025838366241104,0.0,0.0,0.0,wltp_class3b,PPO_seed7
242,8.2119,-2111.5792174639023,0.0,0.0,0.49801717442683047,25.001335142026754,-0.00396913386741335,0.0,0.01984566933706675,0.0,0.0,0.0,wltp_class3b,PPO_seed7
243,8.2672,-2303.82458902879,0.0,0.0,0.49800268031528466,25.001341114484052,-0.0043304973477984775,0.0,0.021652486738992387,0.0,0.0,0.0,wltp_class3b,PPO_seed7
244,8.3383,-2534.343483253878,0.0,0.0,0.4979867358993036,25.0013481599289,-0.004763803539950899,0.0,0.023819017699754492,0.0,0.0,0.0,wltp_class3b,PPO_seed7
245,8.4265,-2792.5968734233097,0.0,0.0,0.497969166671761,25.001356534075754,-0.005249242243276898,0.0,0.02624621121638449,0.0,0.0,0.0,wltp_class3b,PPO_seed7
246,8.5321,-3067.482071474934,0.0,0.0,0.49794986797013363,25.0013664699581,-0.005765943743373936,0.0,0.02882971871686968,0.0,0.0,0.0,wltp_class3b,PPO_seed7
247,8.6544,-3346.9327832542895,0.0,0.0,0.4979288110397339,25.001378150885422,-0.006291227036192274,0.0,0.03145613518096137,0.0,0.0,0.0,wltp_class3b,PPO_seed7
248,8.7913,-3611.8395937663363,0.0,0.0,0.497906087346999,25.001391636966474,-0.006789172168733715,0.0,0.033945860843668574,0.0,0.0,0.0,wltp_class3b,PPO_seed7
249,8.9403,-3855.1719778735865,0.0,0.0,0.49788183258989593,25.00140691482205,-0.007246563868183434,0.0,0.03623281934091717,0.0,0.0,0.0,wltp_class3b,PPO_seed7
250,9.0976,-4055.5873277875544,0.0,0.0,0.49785631674551506,25.00142377651757,-0.007623284450728487,0.0,0.03811642225364243,0.0,0.0,0.0,wltp_class3b,PPO_seed7
251,9.2593,-4207.150530269331,0.0,0.0,0.49782984713969297,25.001441916361838,-0.007908177688476186,0.0,0.039540888442380934,0.0,0.0,0.0,wltp_class3b,PPO_seed7
252,9.4209,-4295.775396160266,0.0,0.0,0.4978028197336909,25.001460869861663,-0.008074765782256138,0.0,0.04037382891128069,0.0,0.0,0.0,wltp_class3b,PPO_seed7
253,9.5783,-4321.752969794014,0.0,0.0,0.49777562867249847,25.00148014016799,-0.008123595807883485,0.0,0.04061797903941742,0.0,0.0,0.0,wltp_class3b,PPO_seed7
254,9.7272,-4276.706215126472,0.0,0.0,0.4977487208222832,25.001499150007934,-0.008038921457004645,0.0,0.04019460728502323,0.0,0.0,0.0,wltp_class3b,PPO_seed7
255,9.8642,-4169.856646575481,0.0,0.0,0.4977224850462016,25.001517408847317,-0.007838076403337372,0.0,0.039190382016686856,0.0,0.0,0.0,wltp_class3b,PPO_seed7
256,9.9864,-4005.799193224972,0.0,0.0,0.4976972813099709,25.00153449462752,-0.007529697731625887,0.0,0.037648488658129434,0.0,0.0,0.0,wltp_class3b,PPO_seed7
257,10.092,-3800.098426152069,0.0,0.0,0.49767337165927017,25.001550146546894,-0.007143042154421183,0.0,0.03571521077210591,0.0,0.0,0.0,wltp_class3b,PPO_seed7
258,10.1803,-3570.062247816686,0.0,0.0,0.4976509092450598,25.001564266242518,-0.006710643322963696,0.0,0.03355321661481848,0.0,0.0,0.0,wltp_class3b,PPO_seed7
259,10.2513,-3327.8006723575418,0.0,0.0,0.4976299710229968,25.001576861546873,-0.006255264421724704,0.0,0.031276322108623515,0.0,0.0,0.0,wltp_class3b,PPO_seed7
260,10.3066,-3100.907929662345,0.0,0.0,0.4976104603247648,25.00158811746401,-0.005828774303876589,0.0,0.02914387151938294,0.0,0.0,0.0,wltp_class3b,PPO_seed7
261,10.3485,-2903.0533904927142,0.0,0.0,0.4975921944686062,25.00159827515845,-0.005456867275362245,0.0,0.027284336376811224,0.0,0.0,0.0,wltp_class3b,PPO_seed7
262,10.38,-2747.9361075390193,0.0,0.0,0.4975749045721598,25.001607616254944,-0.00516529343522372,0.0,0.0258264671761186,0.0,0.0,0.0,wltp_class3b,PPO_seed7
263,10.4052,-2655.8299742436316,0.0,0.0,0.4975581941840705,25.001616489167677,-0.004992161605721112,0.0,0.02496080802860556,0.0,0.0,0.0,wltp_class3b,PPO_seed7
264,10.4281,-2627.2807412505476,0.0,0.0,0.4975416634128704,25.00162521624954,-0.004938497633929601,0.0,0.024692488169648003,0.0,0.0,0.0,wltp_class3b,PPO_seed7
265,10.4533,-2674.252423067037,0.0,0.0,0.4975248370847697,25.001634174040245,-0.005026790268923002,0.0,0.02513395134461501,0.0,0.0,0.0,wltp_class3b,PPO_seed7
266,10.4849,-2790.7845802362067,0.0,0.0,0.497507277523304,25.00164373239184,-0.005245835677135727,0.0,0.026229178385678634,0.0,0.0,0.0,wltp_class3b,PPO_seed7
267,10.5267,-2974.351644436365,0.0,0.0,0.4974885629368561,25.0016542971053,-0.005590886549692416,0.0,0.02795443274846208,0.0,0.0,0.0,wltp_class3b,PPO_seed7
268,10.582,-3219.4368726874936,0.0,0.0,0.4974683062376098,25.001666314096862,-0.006051573068961455,0.0,0.03025786534480727,0.0,0.0,0.0,wltp_class3b,PPO_seed7
269,10.6531,-3512.322334934708,0.0,0.0,0.49744620664173445,25.00168022706389,-0.006602109652132911,0.0,0.03301054826066455,0.0,0.0,0.0,wltp_class3b,PPO_seed7
270,10.7413,-3838.997019781837,0.0,0.0,0.49742205151280044,25.001696459975694,-0.007216159811619995,0.0,0.03608079905809997,0.0,0.0,0.0,wltp_class3b,PPO_seed7
271,10.8469,-4184.817918346944,0.0,0.0,0.49739572033858176,25.001715385355595,-0.007866199094637113,0.0,0.03933099547318556,0.0,0.0,0.0,wltp_class3b,PPO_seed7
272,10.9692,-4534.106899492026,0.0,0.0,0.4973671912457548,25.001737279907367,-0.00852275732987223,0.0,0.04261378664936115,0.0,0.0,0.0,wltp_class3b,PPO_seed7
273,11.1061,-4862.593248570783,0.0,0.0,0.4973365950690959,25.001762203895435,-0.009140212873253352,0.0,0.04570106436626675,0.0,0.0,0.0,wltp_class3b,PPO_seed7
274,11.2551,-5161.6494495776415,0.0,0.0,0.4973041169289368,25.00179009357014,-0.009702348589431658,0.0,0.048511742947158286,0.0,0.0,0.0,wltp_class3b,PPO_seed7
275,11.4124,-5404.978673582549,0.0,0.0,0.49727010741541877,25.001820564220576,-0.010159734348839378,0.0,0.05079867174419689,0.0,0.0,0.0,wltp_class3b,PPO_seed7
276,11.5741,-5585.986923347061,0.0,0.0,0.4972349586232181,25.00185308111976,-0.010499975419825303,0.0,0.05249987709912651,0.0,0.0,0.0,wltp_class3b,PPO_seed7
277,11.7357,-5688.057417725803,0.0,0.0,0.49719916722335294,25.001886862395008,-0.010691837251364293,0.0,0.05345918625682146,0.0,0.0,0.0,wltp_class3b,PPO_seed7
278,11.8931,-5712.56284152794,0.0,0.0,0.49716322127329665,25.001921089711388,-0.01073790007806004,0.0,0.05368950039030019,0.0,0.0,0.0,wltp_class3b,PPO_seed7
279,12.042,-5650.008882110469,0.0,0.0,0.49712766859747526,25.00195482648658,-0.01062031744757607,0.0,0.053101587237880346,0.0,0.0,0.0,wltp_class3b,PPO_seed7
280,12.179,-5512.521857766414,0.0,0.0,0.49709298074066166,25.001987286417446,-0.010361883191290252,0.0,0.051809415956451256,0.0,0.0,0.0,wltp_class3b,PPO_seed7
281,12.3012,-5306.194255701983,0.0,0.0,0.4970595909299086,25.002017796466962,-0.009974049352823276,0.0,0.04987024676411638,0.0,0.0,0.0,wltp_class3b,PPO_seed7
282,12.4069,-5052.331275134843,0.0,0.0,0.4970277983410038,25.00204596145754,-0.009496863299125646,0.0,0.047484316495628225,0.0,0.0,0.0,wltp_class3b,PPO_seed7
283,12.4951,-4764.184504258099,0.0,0.0,0.4969978187678373,25.002071569719526,-0.008955234030560337,0.0,0.044776170152801685,0.0,0.0,0.0,wltp_class3b,PPO_seed7
284,12.5662,-4470.153196591128,0.0,0.0,0.49696968929619195,25.002094702074075,-0.008402543602614903,0.0,0.04201271801307451,0.0,0.0,0.0,wltp_class3b,PPO_seed7
285,12.6214,-4187.9026398973265,0.0,0.0,0.49694333584225836,25.002115588419596,-0.007871997443416028,0.0,0.03935998721708014,0.0,0.0,0.0,wltp_class3b,PPO_seed7
286,12.6633,-3947.6769973372025,0.0,0.0,0.4969184939935945,25.00213466614485,-0.007420445483716547,0.0,0.03710222741858273,0.0,0.0,0.0,wltp_class3b,PPO_seed7
287,12.6948,-3758.0650284688045,0.0,0.0,0.4968948452790089,25.002152380389692,-0.0070640320084000095,0.0,0.035320160042000046,0.0,0.0,0.0,wltp_class3b,PPO_seed7
288,12.72,-3645.6425765759977,0.0,0.0,0.49687190398096737,25.002169309339372,-0.00685271161010526,0.0,0.0342635580505263,0.0,0.0,0.0,wltp_class3b,PPO_seed7
289,12.743,-3612.9981257927006,0.0,0.0,0.4968491680829017,25.002186006661155,-0.0067913498605125956,0.0,0.033956749302562976,0.0,0.0,0.0,wltp_class3b,PPO_seed7
290,12.7681,-3666.6144731396303,0.0,0.0,0.4968260947646525,25.002203063255855,-0.0068921324683075755,0.0,0.03446066234153788,0.0,0.0,0.0,wltp_class3b,PPO_seed7
291,12.7997,-3811.167874064151,0.0,0.0,0.4968021117704608,25.002221137363406,-0.00716384938733863,0.0,0.035819246936693146,0.0,0.0,0.0,wltp_class3b,PPO_seed7
292,12.8415,-4035.430676176559,0.0,0.0,0.49677671748781654,25.002240883509508,-0.007585396007850674,0.0,0.03792698003925337,0.0,0.0,0.0,wltp_class3b,PPO_seed7
293,12.8968,-4334.397526837627,0.0,0.0,0.49674944179028896,25.002263022998,-0.00814736377225118,0.0,0.040736818861255894,0.0,0.0,0.0,wltp_class3b,PPO_seed7
294,12.9679,-4690.988970180296,0.0,0.0,0.4967199220154015,25.002288257925617,-0.008817648440188527,0.0,0.04408824220094263,0.0,0.0,0.0,wltp_class3b,PPO_seed7
295,13.0561,-5087.746500099882,0.0,0.0,0.4966879053492682,25.00231724318318,-0.00956343327086444,0.0,0.0478171663543222,0.0,0.0,0.0,wltp_class3b,PPO_seed7
296,13.1617,-5506.492438426617,0.0,0.0,0.4966532533529944,25.00235053763318,-0.010350549696290633,0.0,0.05175274848145316,0.0,0.0,0.0,wltp_class3b,PPO_seed7
297,13.284,-5927.923630131067,0.0,0.0,0.4966159490480515,25.002388537462792,-0.01114271359047193,0.0,0.05571356795235965,0.0,0.0,0.0,wltp_class3b,PPO_seed7
298,13.421,-6324.724430036946,0.0,0.0,0.4965761473445247,25.002431318182147,-0.011888579755708546,0.0,0.059442898778542724,0.0,0.0,0.0,wltp_class3b,PPO_seed7
299,13.5699,-6678.0445723027515,0.0,0.0,0.4965341217785292,25.002478659576855,-0.012552715361471338,0.0,0.06276357680735668,0.0,0.0,0.0,wltp_class3b,PPO_seed7
300,13.7272,-6969.361830320316,0.0,0.0,0.49649026245787864,25.002530006260304,-0.013100304192331422,0.0,0.06550152096165711,0.0,0.0,0.0,wltp_class3b,PPO_seed7
301,13.8889,-7182.861303091285,0.0,0.0,0.4964450590354002,25.002584479893343,-0.013501618990773094,0.0,0.06750809495386546,0.0,0.0,0.0,wltp_class3b,PPO_seed7
302,13.7265,-142.5109003774225,0.0,0.0,0.49644416217042797,25.002590432853072,-0.0002678776322883882,0.0,0.0013393881614419407,0.0,0.0,0.0,wltp_class3b,PPO_seed7
303,13.5597,-11.808250895909326,0.0,0.0,0.4964440878584317,25.002595958983296,-2.219596033065663e-05,0.0,0.00011097980165328314,0.0,0.0,0.0,wltp_class3b,PPO_seed7
304,13.3846,0.0,0.0,142.6725278125314,0.4964440878584317,25.002601091350723,0.0,0.0,0.0,0.0,0.0,0.0,wltp_class3b,PPO_seed7
305,13.1975,0.0,0.0,345.7445219208307,0.4964440878584317,25.002605854797785,0.0,0.0,0.0,0.0,0.0,0.0,wltp_class3b,PPO_seed7
306,12.9957,583.3997089934516,0.0,0.0,0.49644775918646017,25.002610595575636,0.03157376770928469,0.0,0.005483079971742966,0.02333598835973806,0.0,0.0,wltp_class3b,PPO_seed7
307,12.7772,842.9319677127837,0.0,0.0,0.4964530636750765,25.00261531546981,0.0456197316059896,0.0,0.007922292929631427,0.03371727870851135,0.0,0.0,wltp_class3b,PPO_seed7
308,12.5414,1101.966518254154,0.0,0.0,0.4964599981441696,25.00262014620075,0.05963875938641654,0.0,0.010356828179080395,0.044078660730166155,0.0,0.0,wltp_class3b,PPO_seed7
309,12.2884,1349.027871719179,0.0,0.0,0.4964684871996386,25.00262519082094,0.07300979414011015,0.0,0.012678833380819352,0.05396111486876716,0.0,0.0,wltp_class3b,PPO_seed7
310,12.0196,1565.3512215779017,0.0,0.0,0.4964783373692902,25.002630481961603,0.08471727889411831,0.0,0.014711947571220881,0.06261404886311607,0.0,0.0,wltp_class3b,PPO_seed7
311,11.7373,1739.2642988190266,0.0,0.0,0.49648928174129126,25.0026359793372,0.09412950693909287,0.0,0.01634646897386303,0.06957057195276106,0.0,0.0,wltp_class3b,PPO_seed7
312,11.4448,1859.4068254526069,0.0,0.0,0.49650098193322517,25.00264156430867,0.10063165661359295,0.0,0.017475628058765104,0.07437627301810427,0.0,0.0,wltp_class3b,PPO_seed7
313,11.1459,1922.4910516590762,0.0,0.0,0.49651307889273827,25.00264707319275,0.10404579390858668,0.0,0.01806852492160786,0.07689964206636304,0.0,0.0,wltp_class3b,PPO_seed7
314,10.8448,1927.572636535933,0.0,0.0,0.49652520764443714,25.002652321338097,0.10432081081041837,0.0,0.018116284177969295,0.07710290546143732,0.0,0.0,wltp_class3b,PPO_seed7
315,10.5459,1876.9073844336615,0.0,0.0,0.49653701742558065,25.00265713250925,0.10157879212897364,0.0,0.017640106996556968,0.07507629537734646,0.0,0.0,wltp_class3b,PPO_seed7
316,10.2534,1777.6706262880589,0.0,0.0,0.4965482026379683,25.00266137173753,0.09620806893249208,0.0,0.01670743069819604,0.07110682505152235,0.0,0.0,wltp_class3b,PPO_seed7
317,9.9712,1637.7263121048009,0.0,0.0,0.49655850717632727,25.002664955834877,0.08863424056037861,0.0,0.015392164587451136,0.06550905248419203,0.0,0.0,wltp_class3b,PPO_seed7
318,9.7024,1469.610150371921,0.0,0.0,0.49656775381793106,25.002667867925215,0.07953574332614351,0.0,0.01381212547342031,0.05878440601487684,0.0,0.0,wltp_class3b,PPO_seed7
319,9.4494,1283.3887095901382,0.0,0.0,0.49657582868139905,25.002670140807872,0.06945738294458507,0.0,0.012061923962313328,0.05133554838360553,0.0,0.0,wltp_class3b,PPO_seed7
320,9.2135,1092.0057273243126,0.0,0.0,0.49658269932496196,25.002671850986477,0.05909967838556693,0.0,0.010263211722972863,0.043680229092972506,0.0,0.0,wltp_class3b,PPO_seed7
321,8.9951,904.9080545739948,0.0,0.0,0.49658839274095357,25.002673094250913,0.048973896066342976,0.0,0.00850477494900371,0.036196322182959796,0.0,0.0,wltp_class3b,PPO_seed7
322,8.7932,735.4220139329864,0.0,0.0,0.4965930197618494,25.0026739777106,0.03980126057360628,0.0,0.006911861033204759,0.029416880557319454,0.0,0.0,wltp_class3b,PPO_seed7
323,8.6061,588.9389624277339,0.0,0.0,0.49659672513428216,25.00267459486666,0.031873553771088935,0.0,0.005535140624320808,0.023557558497109356,0.0,0.0,wltp_class3b,PPO_seed7
324,8.431,474.2548439457715,0.0,0.0,0.4965997089391956,25.002675025478826,0.025666814787380927,0.0,0.004457282367911386,0.01897019375783086,0.0,0.0,wltp_class3b,PPO_seed7
325,8.2643,396.83086539540113,0.0,0.0,0.4966022056108548,25.00267533033483,0.0214766057828278,0.0,0.003729613396573319,0.015873234615816044,0.0,0.0,wltp_class3b,PPO_seed7
326,8.1019,359.09897274111876,0.0,0.0,0.49660446487854354,25.00267555335106,0.019434544404440396,0.0,0.0033749903453112666,0.01436395890964475,0.0,0.0,wltp_class3b,PPO_seed7
327,7.9395,360.6270583165505,0.0,0.0,0.4966067337480375,25.002675727772406,0.01951724485535737,0.0,0.0033893520518472795,0.01442508233266202,0.0,0.0,wltp_class3b,PPO_seed7
328,7.7727,399.948728237069,0.0,0.0,0.4966092499950839,25.00267588450941,0.021645345457521975,0.0,0.0037589166187694456,0.015997949129482762,0.0,0.0,wltp_class3b,PPO_seed7
329,7.5976,470.19283619794635,0.0,0.0,0.4966122081623782,25.002676055487427,0.02544697770641216,0.0,0.004419105603364158,0.018807713447917852,0.0,0.0,wltp_class3b,PPO_seed7
330,7.4105,566.9899186181405,0.0,0.0,0.4966157752994003,25.002676279396606,0.030685664918897553,0.0,0.005328852618591545,0.022679596744725618,0.0,0.0,wltp_class3b,PPO_seed7
331,7.2086,680.0084625651128,0.0,0.0,0.4966200534535741,25.002676595551755,0.03680226250784724,0.0,0.006391056978995421,0.027200338502604515,0.0,0.0,wltp_class3b,PPO_seed7
332,6.9902,797.7302414464511,0.0,0.0,0.49662507220555235,25.002677035985663,0.04317340058595154,0.0,0.007497464675248601,0.03190920965785805,0.0,0.0,wltp_class3b,PPO_seed7
333,6.7543,912.4325672232857,0.0,0.0,0.49663081254955954,25.00267762265157,0.04938112495393391,0.0,0.00857549405285043,0.03649730268893143,0.0,0.0,wltp_class3b,PPO_seed7
334,6.5013,1011.9664623209388,0.0,0.0,0.49663717904793636,25.002678352488605,0.05476792929162494,0.0,0.009510962991738148,0.040478658492837556,0.0,0.0,wltp_class3b,PPO_seed7
335,6.2325,1089.4165755098927,0.0,0.0,0.4966440327590699,25.002679200125336,0.05895955271067825,0.0,0.01023887758937869,0.04357666302039571,0.0,0.0,wltp_class3b,PPO_seed7
336,5.9503,1138.0218482438165,0.0,0.0,0.4966511922095495,25.00268011645956,0.061590084689165346,0.0,0.010695694062441885,0.04552087392975266,0.0,0.0,wltp_class3b,PPO_seed7
337,5.6578,1155.452920080059,0.0,0.0,0.49665846127582547,25.00268103987237,0.0625334595393704,0.0,0.010859519925564463,0.046218116803202355,0.0,0.0,wltp_class3b,PPO_seed7
338,5.3589,1140.2680467442058,0.0,0.0,0.4966656347687057,25.002681902937052,0.06171164962755482,0.0,0.010716804950603438,0.04561072186976823,0.0,0.0,wltp_class3b,PPO_seed7
339,5.0578,1095.355041377994,0.0,0.0,0.49667252567076614,25.00268264723482,0.05928094426946466,0.0,0.01029469023851498,0.04381420165511976,0.0,0.0,wltp_class3b,PPO_seed7
340,4.7589,1024.788201107223,0.0,0.0,0.4966789725996332,25.002683229821155,0.05546184565090068,0.0,0.009631468055519012,0.04099152804428892,0.0,0.0,wltp_class3b,PPO_seed7
341,4.4664,934.8703608129605,0.0,0.0,0.49668485382646654,25.002683628974047,0.05059546509121571,0.0,0.00878637557155038,0.03739481443251842,0.0,0.0,wltp_class3b,PPO_seed7
342,4.1841,832.2932279438463,0.0,0.0,0.49669008972089945,25.002683843037122,0.045043959810073725,0.0,0.00782230477390833,0.033291729117753854,0.0,0.0,wltp_class3b,PPO_seed7
343,3.9153,723.220927421567,0.0,0.0,0.49669463943078307,25.002683885732655,0.03914093410210857,0.0,0.006797189167495931,0.02892883709686268,0.0,0.0,wltp_class3b,PPO_seed7
344,3.6623,614.6417037054628,0.0,0.0,0.4966985060656543,25.002683782462764,0.033264593859187376,0.0,0.005776707741592695,0.024585668148218512,0.0,0.0,wltp_class3b,PPO_seed7
345,3.4265,511.47581626401086,0.0,0.0,0.49670172368656634,25.00268356264224,0.027681225003521426,0.0,0.004807103536315892,0.020459032650560434,0.0,0.0,wltp_class3b,PPO_seed7
346,3.208,418.66394936837526,0.0,0.0,0.49670435743425967,25.002683256021914,0.022658218853786202,0.0,0.003934811554214053,0.01674655797473501,0.0,0.0,wltp_class3b,PPO_seed7
347,3.0062,337.6902923563874,0.0,0.0,0.496706481784819,25.002682887505703,0.018275900183317866,0.0,0.0031737809431991297,0.013507611694255494,0.0,0.0,wltp_class3b,PPO_seed7
348,2.8191,271.5557364504415,0.0,0.0,0.49670819009115225,25.0026824778145,0.014696678127596074,0.0,0.002552215568143247,0.01086222945801766,0.0,0.0,wltp_class3b,PPO_seed7
349,2.644,220.22055366041033,0.0,0.0,0.49670957545517797,25.002682041852854,0.011918402595846868,0.0,0.002069742045680548,0.008808822146416413,0.0,0.0,wltp_class3b,PPO_seed7
350,2.4772,184.19236366065752,0.0,0.0,0.4967107341713355,25.00268159021138,0.009968546117514382,0.0,0.0017311312374121948,0.007367694546426301,0.0,0.0,wltp_class3b,PPO_seed7
351,2.3148,161.46977033225943,0.0,0.0,0.49671174994308315,25.00268112959402,0.008738792532718823,0.0,0.0015175730294385284,0.006458790813290378,0.0,0.0,wltp_class3b,PPO_seed7
352,2.1524,150.80028034838026,0.0,0.0,0.49671269859428646,25.00268066452668,0.008161356525922113,0.0,0.0014172958679359046,0.00603201121393521,0.0,0.0,wltp_class3b,PPO_seed7
353,1.9857,149.26206232397726,0.0,0.0,0.496713637567912,25.00268019789534,0.00807810770381946,0.0,0.0014028389316163277,0.00597048249295909,0.0,0.0,wltp_class3b,PPO_seed7
354,1.8105,153.83652376599812,0.0,0.0,0.4967146053174508,25.00267973156866,0.008325678932839507,0.0,0.0014458319902819373,0.006153460950639925,0.0,0.0,wltp_class3b,PPO_seed7
355,1.3889,502.0959000130289,0.0,0.0,0.49671776388200334,25.002679480329398,0.027173581114990842,0.0,0.004718946428693881,0.020083836000521157,0.0,0.0,wltp_class3b,PPO_seed7
356,1.1574,172.27071089153253,0.0,0.0,0.49671884759325613,25.00267901692816,0.009323342684189858,0.0,0.0016190856286798171,0.006890828435661301,0.0,0.0,wltp_class3b,PPO_seed7
357,0.9259,138.00198544747863,0.0,0.0,0.49671971572783136,25.00267854280918,0.007468708956774069,0.0,0.0012970111414236714,0.005520079417899146,0.0,0.0,wltp_class3b,PPO_seed7
358,0.6944,103.60765221858274,0.0,0.0,0.4967203674960766,25.002678060335136,0.005607277298265854,0.0,0.000973756129873898,0.00414430608874331,0.0,0.0,wltp_class3b,PPO_seed7
359,0.463,69.08217421637917,0.0,0.0,0.49672080207341107,25.002677571864254,0.00373874804518419,0.0,0.0006492685546652178,0.0027632869686551667,0.0,0.0,wltp_class3b,PPO_seed7
360,0.2315,34.5827177770474,0.0,0.0,0.4967210196238507,25.002677079767672,0.0018716270869111819,0.0,0.0003250255430173628,0.001383308711081896,0.0,0.0,wltp_class3b,PPO_seed7
361,0.0,0.0,0.0,0.0,0.4967210196238507,25.002676586392862,0.0,0.0,0.0,0.0,0.0,0.0,wltp_class3b,PPO_seed7
362,0.0926,-27.46974081981801,0.0,0.0,0.4967208468193204,25.002676093666864,-5.163485116507145e-05,0.0,0.0002581742558253572,0.0,0.0,0.0,wltp_class3b,PPO_seed7
363,0.1852,-54.94227322521075,0.0,0.0,0.4967205011927522,25.002675603076618,-0.00010327494967144878,0.0,0.0005163747483572439,0.0,0.0,0.0,wltp_class3b,PPO_seed7
364,0.2778,-82.42038880175292,0.0,0.0,0.4967199827090251,25.002675116104182,-0.00015492554286043782,0.0,0.0007746277143021891,0.0,0.0,0.0,wltp_class3b,PPO_seed7
365,0.3704,-109.90687913501927,0.0,0.0,0.49671929131540693,25.00267463422947,-0.0002065918780733445,0.0,0.0010329593903667224,0.0,0.0,0.0,wltp_class3b,PPO_seed7
366,0.463,-137.4045358105845,0.0,0.0,0.49671842694155605,25.002674158932777,-0.00025827920265147463,0.0,0.001291396013257373,0.0,0.0,0.0,wltp_class3b,PPO_seed7
367,0.5556,-164.9161504140233,0.0,0.0,0.49671738949952327,25.002673691697098,-0.000309992763936134,0.0,0.00154996381968067,0.0,0.0,0.0,wltp_class3b,PPO_seed7
368,0.6481,-192.31396068285892,0.0,0.0,0.49671617970503235,25.00267323396278,-0.000361492407298607,0.0,0.0018074620364930349,0.0,0.0,0.0,wltp_class3b,PPO_seed7
369,0.7407,-219.96265884591816,0.0,0.0,0.49671479597958573,25.00267278730684,-0.00041346364444721454,0.0,0.0020673182222360727,0.0,0.0,0.0,wltp_class3b,PPO_seed7
370,0.8333,-247.53287112334834,0.0,0.0,0.4967132388166436,25.00267235319607,-0.0004652873517356172,0.0,0.002326436758678086,0.0,0.0,0.0,wltp_class3b,PPO_seed7
371,0.9259,-275.12820465627965,0.0,0.0,0.49671150805786257,25.002671933144043,-0.0005171582794290971,0.0,0.0025857913971454854,0.0,0.0,0.0,wltp_class3b,PPO_seed7
372,1.0185,-302.75145103028717,0.0,0.0,0.4967096035272996,25.0026715286762,-0.0005690816748689609,0.0,0.002845408374344804,0.0,0.0,0.0,wltp_class3b,PPO_seed7
373,1.1111,-330.4054018309453,0.0,0.0,0.49670752503141324,25.002671141331252,-0.0006210627853965138,0.0,0.003105313926982569,0.0,0.0,0.0,wltp_class3b,PPO_seed7
374,1.2037,-358.09284864382886,0.0,0.0,0.49670527235906503,25.002670772662537,-0.0006731068583530618,0.0,0.003365534291765309,0.0,0.0,0.0,wltp_class3b,PPO_seed7
375,1.2963,-385.81658305451253,0.0,0.0,0.4967028452815205,25.002670424239238,-0.0007252191410799108,0.0,0.003626095705399554,0.0,0.0,0.0,wltp_class3b,PPO_seed7
376,1.3889,-413.5793966485711,0.0,0.0,0.49670024355245035,25.002670097647542,-0.0007774048809183668,0.0,0.0038870244045918338,0.0,0.0,0.0,wltp_class3b,PPO_seed7
377,1.5506,-628.8337172130414,0.0,0.0,0.4966962877059,25.00266998418628,-0.0011820182654380478,0.0,0.005910091327190239,0.0,0.0,0.0,wltp_class3b,PPO_seed7
378,1.7079,-681.4488274632891,0.0,0.0,0.49669200086248927,25.002669937636227,-0.0012809188486152053,0.0,0.006404594243076026,0.0,0.0,0.0,wltp_class3b,PPO_seed7
379,1.8568,-717.1749522392921,0.0,0.0,0.4966874892655178,25.002669940375597,-0.00134807321849491,0.0,0.00674036609247455,0.0,0.0,0.0,wltp_class3b,PPO_seed7
380,1.9938,-733.7990197057798,0.0,0.0,0.49668287308107845,25.002669968248924,-0.001379321465612368,0.0,0.00689660732806184,0.0,0.0,0.0,wltp_class3b,PPO_seed7
381,2.116,-730.6812321075746,0.0,0.0,0.49667827650110413,25.002669994344473,-0.0013734609626082231,0.0,0.006867304813041115,0.0,0.0,0.0,wltp_class3b,PPO_seed7
382,2.2217,-710.7540086121182,0.0,0.0,0.4966738052712165,25.002669995931125,-0.0013360037755866885,0.0,0.006680018877933442,0.0,0.0,0.0,wltp_class3b,PPO_seed7
383,2.3099,-676.6308335473026,0.0,0.0,0.4966695486968403,25.00266995540285,-0.001271862469073877,0.0,0.006359312345369385,0.0,0.0,0.0,wltp_class3b,PPO_seed7
384,2.381,-634.5886251638116,0.0,0.0,0.4966655565968364,25.002669865281334,-0.001192835761586112,0.0,0.00596417880793056,0.0,0.0,0.0,wltp_class3b,PPO_seed7
385,2.4363,-589.8287457979875,0.0,0.0,0.49666184606922964,25.002669725665477,-0.001108700649996217,0.0,0.005543503249981085,0.0,0.0,0.0,wltp_class3b,PPO_seed7
386,2.4781,-548.2067202880792,0.0,0.0,0.49665839737566025,25.002669543328384,-0.0010304637599399984,0.0,0.005152318799699992,0.0,0.0,0.0,wltp_class3b,PPO_seed7
387,2.5097,-515.6085019389216,0.0,0.0,0.4966551537497251,25.00266932999987,-0.0009691889134190255,0.0,0.004845944567095127,0.0,0.0,0.0,wltp_class3b,PPO_seed7
388,2.5348,-495.32362138570215,0.0,0.0,0.49665203773059746,25.00266909885261,-0.0009310594386949289,0.0,0.004655297193474644,0.0,0.0,0.0,wltp_class3b,PPO_seed7
389,2.5578,-491.6381063987472,0.0,0.0,0.4966489448941612,25.00266886568316,-0.0009241317789450137,0.0,0.004620658894725068,0.0,0.0,0.0,wltp_class3b,PPO_seed7
390,2.5829,-505.0953694264021,0.0,0.0,0.4966457673973107,25.002668646571024,-0.0009494273861398536,0.0,0.0047471369306992675,0.0,0.0,0.0,wltp_class3b,PPO_seed7
391,2.6145,-537.961973302903,0.0,0.0,0.4966423831378046,25.002668461327488,-0.00101120671673478,0.0,0.0050560335836739,0.0,0.0,0.0,wltp_class3b,PPO_seed7
392,2.6563,-589.0523302413006,0.0,0.0,0.49663867747126084,25.002668332205438,-0.001107241222258084,0.0,0.00553620611129042,0.0,0.0,0.0,wltp_class3b,PPO_seed7
393,2.7116,-658.7307281659795,0.0,0.0,0.4966345334609564,25.002668287337954,-0.0012382156544473299,0.0,0.006191078272236649,0.0,0.0,0.0,wltp_class3b,PPO_seed7
394,2.7827,-745.0326433177531,0.0,0.0,0.49662984652796427,25.002668359593752,-0.0014004372994694608,0.0,0.007002186497347304,0.0,0.0,0.0,wltp_class3b,PPO_seed7
395,2.8709,-845.851853745528,0.0,0.0,0.49662452534241625,25.002668586769175,-0.0015899470935066319,0.0,0.00794973546753316,0.0,0.0,0.0,wltp_class3b,PPO_seed7
396,2.9766,-959.1018933099442,0.0,0.0,0.4966184916990811,25.002669011343887,-0.001802823107725459,0.0,0.009014115538627295,0.0,0.0,0.0,wltp_class3b,PPO_seed7
397,3.0988,-1079.3603496288652,0.0,0.0,0.49661170150350287,25.002669672866944,-0.002028872837648243,0.0,0.010144364188241214,0.0,0.0,0.0,wltp_class3b,PPO_seed7
398,3.2358,-1203.2203552786832,0.0,0.0,0.4966041320925206,25.002670608067245,-0.002261692397140382,0.0,0.01130846198570191,0.0,0.0,0.0,wltp_class3b,PPO_seed7
399,3.3847,-1323.197947057995,0.0,0.0,0.49659580788339897,25.00267183757961,-0.002487214186199239,0.0,0.012436070930996194,0.0,0.0,0.0,wltp_class3b,PPO_seed7
400,3.542,-1433.2355312063407,0.0,0.0,0.49658679140132933,25.00267336304266,-0.002694051750387859,0.0,0.013470258751939293,0.0,0.0,0.0,wltp_class3b,PPO_seed7
401,3.7037,-1526.5583048386993,0.0,0.0,0.49657718779225846,25.002675160323783,-0.002869470497817104,0.0,0.01434735248908552,0.0,0.0,0.0,wltp_class3b,PPO_seed7
402,3.8654,-1595.9785223102829,0.0,0.0,0.49656714742181685,25.002677174635725,-0.0029999596284027877,0.0,0.014999798142013937,0.0,0.0,0.0,wltp_class3b,PPO_seed7
403,4.0227,-1636.3174369823062,0.0,0.0,0.4965568532377909,25.002679325531886,-0.0030757846559817787,0.0,0.015378923279908892,0.0,0.0,0.0,wltp_class3b,PPO_seed7
404,4.1716,-1645.3591915070504,0.0,0.0,0.4965465021312305,25.002681518680436,-0.003092780435163629,0.0,0.015463902175818143,0.0,0.0,0.0,wltp_class3b,PPO_seed7
405,4.3086,-1622.5707687030927,0.0,0.0,0.4965362943498655,25.00268365606499,-0.003049945053953182,0.0,0.015249725269765908,0.0,0.0,0.0,wltp_class3b,PPO_seed7
406,4.4308,-1569.3557578425236,0.0,0.0,0.49652642131456787,25.002685647415618,-0.002949916838049857,0.0,0.014749584190249283,0.0,0.0,0.0,wltp_class3b,PPO_seed7
407,4.5365,-1492.8766207693188,0.0,0.0,0.4965170293888397,25.002687431242617,-0.0028061590615964644,0.0,0.01403079530798232,0.0,0.0,0.0,wltp_class3b,PPO_seed7
408,4.6247,-1398.1965993727777,0.0,0.0,0.4965082330841031,25.0026889690038,-0.0026281890965653715,0.0,0.013140945482826858,0.0,0.0,0.0,wltp_class3b,PPO_seed7
409,4.6958,-1296.6075656134076,0.0,0.0,0.49650007587321604,25.002690259063698,-0.0024372322661906157,0.0,0.012186161330953078,0.0,0.0,0.0,wltp_class3b,PPO_seed7
410,4.7511,-1196.5599316195305,0.0,0.0,0.49649254806536475,25.00269132258978,-0.0022491728037961098,0.0,0.01124586401898055,0.0,0.0,0.0,wltp_class3b,PPO_seed7
411,4.7929,-1107.5567178046683,0.0,0.0,0.4964855801831642,25.002692199641555,-0.0020818735297080232,0.0,0.010409367648540117,0.0,0.0,0.0,wltp_class3b,PPO_seed7
412,4.8245,-1039.169340464398,0.0,0.0,0.4964790425318975,25.00269294358145,-0.0019533258279405977,0.0,0.009766629139702988,0.0,0.0,0.0,wltp_class3b,PPO_seed7
413,4.8496,-996.230903040769,0.0,0.0,0.4964727750091495,25.002693609220266,-0.001872614479399942,0.0,0.00936307239699971,0.0,0.0,0.0,wltp_class3b,PPO_seed7
414,4.8726,-985.6769663838934,0.0,0.0,0.4964665738778708,25.002694258527708,-0.0018527762526013036,0.0,0.009263881263006517,0.0,0.0,0.0,wltp_class3b,PPO_seed7
415,4.8977,-1007.4573779415134,0.0,0.0,0.4964602357151783,25.002694952050835,-0.0018937168758299126,0.0,0.009468584379149563,0.0,0.0,0.0,wltp_class3b,PPO_seed7
416,4.9293,-1064.6951341334884,0.0,0.0,0.4964535374493524,25.00269576122343,-0.0020013066431080607,0.0,0.010006533215540304,0.0,0.0,0.0,wltp_class3b,PPO_seed7
417,4.9712,-1154.603286817458,0.0,0.0,0.49644627354051096,25.002696763569464,-0.002170306930108004,0.0,0.010851534650540019,0.0,0.0,0.0,wltp_class3b,PPO_seed7
418,5.0264,-1273.0399791242846,0.0,0.0,0.496438264504441,25.002698043910957,-0.0023929322915870015,0.0,0.011964661457935006,0.0,0.0,0.0,wltp_class3b,PPO_seed7
419,5.0975,-1419.275709076238,0.0,0.0,0.49642933544422163,25.002699704843305,-0.0026678114832260113,0.0,0.013339057416130055,0.0,0.0,0.0,wltp_class3b,PPO_seed7
420,5.1857,-1584.5284358107324,0.0,0.0,0.49641936671049514,25.00270184621816,-0.00297843690941867,0.0,0.014892184547093349,0.0,0.0,0.0,wltp_class3b,PPO_seed7
421,5.2914,-1764.3031372562916,0.0,0.0,0.49640826693065215,25.00270457116117,-0.0033163592805569397,0.0,0.016581796402784697,0.0,0.0,0.0,wltp_class3b,PPO_seed7
422,5.4136,-1948.1468001362603,0.0,0.0,0.49639601049251925,25.002707959423116,-0.0036619300754440983,0.0,0.01830965037722049,0.0,0.0,0.0,wltp_class3b,PPO_seed7
423,5.5506,-2130.120432684386,0.0,0.0,0.4963826091460991,25.002712071313713,-0.0040039857757225294,0.0,0.020019928878612647,0.0,0.0,0.0,wltp_class3b,PPO_seed7
424,5.6995,-2298.3613830060735,0.0,0.0,0.49636814927247214,25.00271691370196,-0.004320228163545252,0.0,0.021601140817726256,0.0,0.0,0.0,wltp_class3b,PPO_seed7
425,5.8568,-2444.5609310214095,0.0,0.0,0.49635276952676105,25.002722441810125,-0.0045950393440252054,0.0,0.022975196720126028,0.0,0.0,0.0,wltp_class3b,PPO_seed7
426,6.0185,-2560.0178249230535,0.0,0.0,0.49633666330975157,25.002728550096673,-0.004812063580682431,0.0,0.024060317903412155,0.0,0.0,0.0,wltp_class3b,PPO_seed7
427,6.1802,-2635.941432803246,0.0,0.0,0.4963200793325036,25.00273506841984,-0.00495477712932941,0.0,0.024773885646647047,0.0,0.0,0.0,wltp_class3b,PPO_seed7
428,6.3375,-2666.967438485435,0.0,0.0,0.49630330006191525,25.002741781619545,-0.005013096688882397,0.0,0.025065483444411986,0.0,0.0,0.0,wltp_class3b,PPO_seed7
429,6.4864,-2652.1298664525702,0.0,0.0,0.4962866140496923,25.0027484605912,-0.00498520651588829,0.0,0.02492603257944145,0.0,0.0,0.0,wltp_class3b,PPO_seed7
430,6.6234,-2592.5098196375975,0.0,0.0,0.49627030305303915,25.00275488401143,-0.0048731387587172895,0.0,0.024365693793586444,0.0,0.0,0.0,wltp_class3b,PPO_seed7
431,6.7457,-2492.591241862505,0.0,0.0,0.4962546206245149,25.002760865339475,-0.004685321883200197,0.0,0.023426609416000985,0.0,0.0,0.0,wltp_class3b,PPO_seed7
432,6.8513,-2359.394057527712,0.0,0.0,0.4962397761548356,25.002766270709856,-0.004434951235954346,0.0,0.02217475617977173,0.0,0.0,0.0,wltp_class3b,PPO_seed7
433,6.9395,-2206.8844979719943,0.0,0.0,0.49622589116680405,25.00277104824306,-0.004148279131526305,0.0,0.020741395657631525,0.0,0.0,0.0,wltp_class3b,PPO_seed7
434,7.0106,-2047.0880519100685,0.0,0.0,0.49621301152294905,25.002775208372277,-0.003847909872011407,0.0,0.019239549360057034,0.0,0.0,0.0,wltp_class3b,PPO_seed7
435,7.0659,-1892.79442901184,0.0,0.0,0.4962011026153079,25.002778813396997,-0.00355788426505985,0.0,0.01778942132529925,0.0,0.0,0.0,wltp_class3b,PPO_seed7
436,7.1077,-1757.1974736777454,0.0,0.0,0.4961900468213884,25.00278196461388,-0.0033030027700709503,0.0,0.01651501385035475,0.0,0.0,0.0,wltp_class3b,PPO_seed7
437,7.1393,-1653.6162320456342,0.0,0.0,0.49617964271574977,25.002784791071083,-0.0031083011880557038,0.0,0.015541505940278517,0.0,0.0,0.0,wltp_class3b,PPO_seed7
438,7.1644,-1588.497082591804,0.0,0.0,0.4961696483108413,25.002787423475,-0.0029858967717891053,0.0,0.014929483858945526,0.0,0.0,0.0,wltp_class3b,PPO_seed7
439,7.1874,-1571.5080083815612,0.0,0.0,0.4961597607879251,25.00279000835358,-0.002953962421769852,0.0,0.01476981210884926,0.0,0.0,0.0,wltp_class3b,PPO_seed7
440,7.2126,-1603.2346823738278,0.0,0.0,0.49614967364071044,25.00279269106586,-0.0030135990270184734,0.0,0.015067995135092367,0.0,0.0,0.0,wltp_class3b,PPO_seed7
441,7.2441,-1683.1617565161039,0.0,0.0,0.49613908360282316,25.002795625777495,-0.0031638378881881654,0.0,0.015819189440940826,0.0,0.0,0.0,wltp_class3b,PPO_seed7
442,7.286,-1813.367675184393,0.0,0.0,0.4961276743279522,25.00279899726357,-0.003408585855609761,0.0,0.017042929278048805,0.0,0.0,0.0,wltp_class3b,PPO_seed7
443,7.3413,-1983.6358691381547,0.0,0.0,0.4961151937462269,25.002802990686313,-0.003728638851763449,0.0,0.018643194258817244,0.0,0.0,0.0,wltp_class3b,PPO_seed7
444,7.4123,-2188.394697525034,0.0,0.0,0.49610142483898345,25.00280780815499,-0.00411352386752826,0.0,0.0205676193376413,0.0,0.0,0.0,wltp_class3b,PPO_seed7
445,7.5005,-2420.8955154054593,0.0,0.0,0.4960861930435447,25.002813662099094,-0.00455055548008545,0.0,0.02275277740042725,0.0,0.0,0.0,wltp_class3b,PPO_seed7
446,7.6062,-2669.186101824291,0.0,0.0,0.4960693989928272,25.002820742109307,-0.005017267108692277,0.0,0.025086335543461385,0.0,0.0,0.0,wltp_class3b,PPO_seed7
447,7.7284,-2918.91702861497,0.0,0.0,0.49605103359909003,25.00282918132327,-0.005486686144013102,0.0,0.02743343072006551,0.0,0.0,0.0,wltp_class3b,PPO_seed7
448,7.8654,-3161.5851543208278,0.0,0.0,0.49603114127197295,25.002839064308585,-0.005942829237445165,0.0,0.029714146187225825,0.0,0.0,0.0,wltp_class3b,PPO_seed7
449,8.0143,-3380.894506878559,0.0,0.0,0.4960098689523048,25.002850361501338,-0.006355064862553682,0.0,0.03177532431276841,0.0,0.0,0.0,wltp_class3b,PPO_seed7
450,8.1717,-3567.541925933605,0.0,0.0,0.49598742211796354,25.002862950868927,-0.006705905875815047,0.0,0.03352952937907523,0.0,0.0,0.0,wltp_class3b,PPO_seed7
451,8.3333,-3705.5602041327875,0.0,0.0,0.4959641067174552,25.002876562656482,-0.00696533872957291,0.0,0.034826693647864546,0.0,0.0,0.0,wltp_class3b,PPO_seed7
452,8.495,-3792.3296692564386,0.0,0.0,0.49594024519183955,25.002890868481877,-0.007128439227925637,0.0,0.035642196139628185,0.0,0.0,0.0,wltp_class3b,PPO_seed7
453,8.6523,-3817.0060525371905,0.0,0.0,0.4959162282262984,25.002905434249517,-0.007174823407024794,0.0,0.03587411703512397,0.0,0.0,0.0,wltp_class3b,PPO_seed7
454,8.8013,-3782.5153278252815,0.0,0.0,0.49589242810905304,25.002919835328267,-0.007109991217716695,0.0,0.035549956088583475,0.0,0.0,0.0,wltp_class3b,PPO_seed7
455,8.9382,-3685.8330064071333,0.0,0.0,0.4958692361715743,25.00293363467953,-0.006928257530840476,0.0,0.03464128765420238,0.0,0.0,0.0,wltp_class3b,PPO_seed7
456,9.0605,-3542.1782184417125,0.0,0.0,0.4958469479952123,25.002946527930796,-0.006658229733912994,0.0,0.033291148669564966,0.0,0.0,0.0,wltp_class3b,PPO_seed7
457,9.1661,-3355.6849750073825,0.0,0.0,0.4958258331563529,25.00295827260065,-0.006307678524449967,0.0,0.03153839262224983,0.0,0.0,0.0,wltp_class3b,PPO_seed7
458,9.2543,-3146.3017499094667,0.0,0.0,0.49580603571456233,25.00296878746433,-0.005914101033664411,0.0,0.029570505168322055,0.0,0.0,0.0,wltp_class3b,PPO_seed7
459,9.3254,-2929.6373046182857,0.0,0.0,0.495787601514134,25.00297810338391,-0.005506837038756176,0.0,0.02753418519378088,0.0,0.0,0.0,wltp_class3b,PPO_seed7
460,9.3807,-2722.139458539403,0.0,0.0,0.49577047290123444,25.002986344149917,-0.005116803493495119,0.0,0.025584017467475594,0.0,0.0,0.0,wltp_class3b,PPO_seed7
461,9.4225,-2540.7362084718143,0.0,0.0,0.4957544857003574,25.002993704374557,-0.004775819940736493,0.0,0.023879099703682464,0.0,0.0,0.0,wltp_class3b,PPO_seed7
462,9.4541,-2402.556397247125,0.0,0.0,0.49573936794953666,25.00300043090726,-0.00451608345347204,0.0,0.0225804172673602,0.0,0.0,0.0,wltp_class3b,PPO_seed7
463,9.4793,-2317.238898418898,0.0,0.0,0.49572478702983497,25.003006781354035,-0.004355712215073116,0.0,0.02177856107536558,0.0,0.0,0.0,wltp_class3b,PPO_seed7
464,9.5022,-2291.2603329562476,0.0,0.0,0.49571036956413217,25.00301301874544,-0.004306880325105729,0.0,0.02153440162552864,0.0,0.0,0.0,wltp_class3b,PPO_seed7
465,9.5274,-2334.100856840293,0.0,0.0,0.4956956825182892,25.003019442405012,-0.004387407625639649,0.0,0.021937038128198243,0.0,0.0,0.0,wltp_class3b,PPO_seed7
466,9.5589,-2438.862701015213,0.0,0.0,0.49568033625690927,25.003026340170262,-0.004584328385366942,0.0,0.02292164192683471,0.0,0.0,0.0,wltp_class3b,PPO_seed7
467,9.6008,-2609.3889362975733,0.0,0.0,0.4956639169576417,25.00303405884015,-0.0049048664216119805,0.0,0.0245243321080599,0.0,0.0,0.0,wltp_class3b,PPO_seed7
468,9.6561,-2831.7202096490014,0.0,0.0,0.49564609862936176,25.003042937206576,-0.005322782348964289,0.0,0.02661391174482144,0.0,0.0,0.0,wltp_class3b,PPO_seed7
469,9.7271,-3097.942798117546,0.0,0.0,0.49562660506998174,25.00305333555756,-0.0058232007483412515,0.0,0.029116003741706257,0.0,0.0,0.0,wltp_class3b,PPO_seed7
470,9.8154,-3400.1330686545684,0.0,0.0,0.49560520992773716,25.003065631686457,-0.006391227572658963,0.0,0.03195613786329481,0.0,0.0,0.0,wltp_class3b,PPO_seed7
471,9.921,-3715.8147409117573,0.0,0.0,0.49558182827253466,25.003080108503617,-0.0069846141746461605,0.0,0.0349230708732308,0.0,0.0,0.0,wltp_class3b,PPO_seed7
472,10.0432,-4035.27825562952,0.0,0.0,0.4955564362643563,25.003096999749847,-0.0075851095030630075,0.0,0.03792554751531504,0.0,0.0,0.0,wltp_class3b,PPO_seed7
473,10.1802,-4341.221740752488,0.0,0.0,0.49552911893009266,25.003116404134808,-0.008160191242015955,0.0,0.04080095621007977,0.0,0.0,0.0,wltp_class3b,PPO_seed7
474,10.3291,-4614.404539239944,0.0,0.0,0.4955000823684547,25.003138228214134,-0.008673692742932225,0.0,0.043368463714661125,0.0,0.0,0.0,wltp_class3b,PPO_seed7
475,10.4865,-4843.508167560396,0.0,0.0,0.4954696039054993,25.003162222487173,-0.009104338660827813,0.0,0.04552169330413906,0.0,0.0,0.0,wltp_class3b,PPO_seed7
476,10.6481,-5009.025165254645,0.0,0.0,0.49543808363079556,25.00318789271695,-0.009415460836944821,0.0,0.047077304184724104,0.0,0.0,0.0,wltp_class3b,PPO_seed7
477,10.8098,-5108.750452234363,0.0,0.0,0.4954059355261454,25.003214660057456,-0.00960291438389918,0.0,0.048014571919495895,0.0,0.0,0.0,wltp_class3b,PPO_seed7
478,10.9672,-5131.8073809153975,0.0,0.0,0.49537364203625656,25.0032417986887,-0.009646254475404882,0.0,0.04823127237702441,0.0,0.0,0.0,wltp_class3b,PPO_seed7
479,11.1161,-5075.919549315122,0.0,0.0,0.4953416999526376,25.003268545839994,-0.00954120216036677,0.0,0.04770601080183385,0.0,0.0,0.0,wltp_class3b,PPO_seed7
480,11.2531,-4950.377540857826,0.0,0.0,0.49531054762339044,25.003294245187547,-0.009305220941462078,0.0,0.04652610470731039,0.0,0.0,0.0,wltp_class3b,PPO_seed7
481,11.3753,-4760.68138816966,0.0,0.0,0.49528058880206344,25.003318334369983,-0.00894864922588282,0.0,0.0447432461294141,0.0,0.0,0.0,wltp_class3b,PPO_seed7
482,11.4647,-4226.858870580554,0.0,0.0,0.49525398912391677,25.003338001367066,-0.007945223440940891,0.0,0.03972611720470445,0.0,0.0,0.0,wltp_class3b,PPO_seed7
483,11.5367,-3952.339435464846,0.0,0.0,0.4952291168772991,25.003355621004648,-0.007429209465159486,0.0,0.037146047325797425,0.0,0.0,0.0,wltp_class3b,PPO_seed7
484,11.5916,-3671.4353239890215,0.0,0.0,0.4952060122832531,25.003371269764642,-0.006901194218024477,0.0,0.034505971090122385,0.0,0.0,0.0,wltp_class3b,PPO_seed7
485,11.6307,-3404.150861826496,0.0,0.0,0.4951845896684479,25.003385162530662,-0.0063987798154633395,0.0,0.031993899077316694,0.0,0.0,0.0,wltp_class3b,PPO_seed7
486,11.6563,-3170.933089238093,0.0,0.0,0.4951646346766852,25.00339761722626,-0.005960400543680626,0.0,0.02980200271840313,0.0,0.0,0.0,wltp_class3b,PPO_seed7
487,11.6717,-2992.3884357390434,0.0,0.0,0.49514580326510144,25.003409026012662,-0.005624790292742563,0.0,0.028123951463712812,0.0,0.0,0.0,wltp_class3b,PPO_seed7
488,11.6806,-2877.9888694026013,0.0,0.0,0.49512769177501254,25.003419781731743,-0.005409753513914664,0.0,0.02704876756957332,0.0,0.0,0.0,wltp_class3b,PPO_seed7
489,11.6874,-2842.573700781365,0.0,0.0,0.495109803156284,25.00343032037602,-0.005343183648085273,0.0,0.026715918240426365,0.0,0.0,0.0,wltp_class3b,PPO_seed7
490,11.6964,-2886.23270281627,0.0,0.0,0.4950916397883837,25.003441068621182,-0.005425249441383967,0.0,0.02712624720691983,0.0,0.0,0.0,wltp_class3b,PPO_seed7
491,11.7117,-3007.2406159513034,0.0,0.0,0.4950727149029713,25.003452468725587,-0.005652707924720495,0.0,0.028263539623602476,0.0,0.0,0.0,wltp_class3b,PPO_seed7
492,11.7374,-3207.869460183969,0.0,0.0,0.4950525274277513,25.003465035294273,-0.006029829812375882,0.0,0.030149149061879408,0.0,0.0,0.0,wltp_class3b,PPO_seed7
493,11.7764,-3468.4969211902157,0.0,0.0,0.4950306997676547,25.003479249838275,-0.006519731054868827,0.0,0.032598655274344135,0.0,0.0,0.0,wltp_class3b,PPO_seed7
494,11.8313,-3786.279223857026,0.0,0.0,0.49500687221445777,25.00349566612323,-0.007117066210257568,0.0,0.03558533105128784,0.0,0.0,0.0,wltp_class3b,PPO_seed7
495,11.9033,-4137.867844707363,0.0,0.0,0.4949808319835056,25.00351476137097,-0.007777947076517598,0.0,0.03888973538258799,0.0,0.0,0.0,wltp_class3b,PPO_seed7
496,11.9928,-4510.480075186859,0.0,0.0,0.494952446722406,25.00353697315535,-0.008478346005990336,0.0,0.04239173002995168,0.0,0.0,0.0,wltp_class3b,PPO_seed7
497,12.0988,-4878.986685900921,0.0,0.0,0.4949217422113234,25.00356255232239,-0.009171027605076919,0.0,0.045855138025384594,0.0,0.0,0.0,wltp_class3b,PPO_seed7
498,12.2196,-5230.05726959015,0.0,0.0,0.49488882811585605,25.003591608817,-0.009830934717274718,0.0,0.04915467358637359,0.0,0.0,0.0,wltp_class3b,PPO_seed7
499,12.3523,-5539.1090752471155,0.0,0.0,0.49485396880630933,25.00362395853596,-0.010411859163998338,0.0,0.052059295819991684,0.0,0.0,0.0,wltp_class3b,PPO_seed7
500,12.4934,-5791.293342636832,0.0,0.0,0.49481752210810337,25.00365917786029,-0.010885889741798556,0.0,0.05442944870899278,0.0,0.0,0.0,wltp_class3b,PPO_seed7
501,12.6389,-5972.327265728707,0.0,0.0,0.49477993574789464,25.003696596043074,-0.011226179070918623,0.0,0.05613089535459311,0.0,0.0,0.0,wltp_class3b,PPO_seed7
502,12.7844,-6068.791511159484,0.0,0.0,0.49474174192712683,25.00373530946307,-0.011407502840525345,0.0,0.057037514202626725,0.0,0.0,0.0,wltp_class3b,PPO_seed7
503,12.9255,-6074.77946058347,0.0,0.0,0.49470351004724744,25.003774293357726,-0.011418758384555396,0.0,0.05709379192277697,0.0,0.0,0.0,wltp_class3b,PPO_seed7
504,13.0582,-5992.90206947353,0.0,0.0,0.4946657931060117,25.00381254172558,-0.01126485351404799,0.0,0.05632426757023994,0.0,0.0,0.0,wltp_class3b,PPO_seed7
505,13.179,-5828.859441908743,0.0,0.0,0.49462910825304846,25.003849144351673,-0.010956502710354782,0.0,0.0547825135517739,0.0,0.0,0.0,wltp_class3b,PPO_seed7
506,13.285,-5591.728145179297,0.0,0.0,0.4945939155344839,25.003883355863547,-0.010510767190186648,0.0,0.05255383595093324,0.0,0.0,0.0,wltp_class3b,PPO_seed7
507,13.3745,-5304.819385149398,0.0,0.0,0.494560528296778,25.003914755890822,-0.00997146500967932,0.0,0.0498573250483966,0.0,0.0,0.0,wltp_class3b,PPO_seed7
508,13.4465,-4982.549029143081,0.0,0.0,0.4945291691614883,25.003943136135828,-0.009365693663802783,0.0,0.04682846831901392,0.0,0.0,0.0,wltp_class3b,PPO_seed7
509,13.5013,-4653.302956794362,0.0,0.0,0.4944998820938741,25.00396859903949,-0.008746810069162335,0.0,0.043734050345811674,0.0,0.0,0.0,wltp_class3b,PPO_seed7
510,13.5404,-4344.481321926937,0.0,0.0,0.494472538599273,25.00399148439697,-0.008166318274298754,0.0,0.040831591371493774,0.0,0.0,0.0,wltp_class3b,PPO_seed7
511,13.5661,-4075.4871185109528,0.0,0.0,0.49444688805189496,25.00401224804887,-0.007660690072389009,0.0,0.038303450361945046,0.0,0.0,0.0,wltp_class3b,PPO_seed7
512,13.5814,-3863.672092447089,0.0,0.0,0.4944225706045895,25.004031416151726,-0.007262541527156183,0.0,0.036312707635780914,0.0,0.0,0.0,wltp_class3b,PPO_seed7
513,13.5904,-3734.993937117258,0.0,0.0,0.49439906302507547,25.004049635168737,-0.0070206652953331925,0.0,0.03510332647666596,0.0,0.0,0.0,wltp_class3b,PPO_seed7
514,13.5971,-3689.639168131501,0.0,0.0,0.49437584089710257,25.004067500598495,-0.006935411970171994,0.0,0.03467705985085997,0.0,0.0,0.0,wltp_class3b,PPO_seed7
515,13.6061,-3742.7128880655328,0.0,0.0,0.49435228472693976,25.004085701473446,-0.007035174601626941,0.0,0.035175873008134705,0.0,0.0,0.0,wltp_class3b,PPO_seed7
516,13.6214,-3883.7362419554393,0.0,0.0,0.49432784096491506,25.004104888578123,-0.007300256093901202,0.0,0.03650128046950601,0.0,0.0,0.0,wltp_class3b,PPO_seed7
517,13.6471,-4117.44762539526,0.0,0.0,0.4943019262295446,25.0041258279095,-0.007739563205630188,0.0,0.038697816028150936,0.0,0.0,0.0,wltp_class3b,PPO_seed7
518,13.6862,-4423.096410163837,0.0,0.0,0.49427408772921094,25.004149242356878,-0.008314090996548567,0.0,0.04157045498274283,0.0,0.0,0.0,wltp_class3b,PPO_seed7
519,13.741,-4788.494111030253,0.0,0.0,0.49424394937165594,25.004175875000794,-0.009000928780132056,0.0,0.04500464390066028,0.0,0.0,0.0,wltp_class3b,PPO_seed7
520,13.813,-5199.216596298447,0.0,0.0,0.4942112258330391,25.00420645561142,-0.009772963526876781,0.0,0.048864817634383904,0.0,0.0,0.0,wltp_class3b,PPO_seed7
521,13.9025,-5631.568527949184,0.0,0.0,0.4941757809100217,25.00424157026015,-0.01058565512772403,0.0,0.05292827563862015,0.0,0.0,0.0,wltp_class3b,PPO_seed7
522,14.0085,-6058.343164867078,0.0,0.0,0.4941376496242824,25.00428154719521,-0.01138786309185541,0.0,0.056939315459277044,0.0,0.0,0.0,wltp_class3b,PPO_seed7
523,14.1293,-6464.015496324005,0.0,0.0,0.49409696470490044,25.004326510479878,-0.012150405068278206,0.0,0.06075202534139102,0.0,0.0,0.0,wltp_class3b,PPO_seed7
524,14.262,-6820.214881302242,0.0,0.0,0.49405403744710524,25.00437616679073,-0.012819952784402712,0.0,0.06409976392201355,0.0,0.0,0.0,wltp_class3b,PPO_seed7
525,14.4031,-7110.02591701078,0.0,0.0,0.49400928562461155,25.004429890390508,-0.013364710370321015,0.0,0.06682355185160507,0.0,0.0,0.0,wltp_class3b,PPO_seed7
526,14.5486,-7317.339219427123,0.0,0.0,0.4939632284270665,25.004486716700733,-0.01375439702899835,0.0,0.06877198514499175,0.0,0.0,0.0,wltp_class3b,PPO_seed7
527,14.6941,-7427.154146273314,0.0,0.0,0.49391647949172357,25.004545364776536,-0.013960816064423523,0.0,0.06980408032211761,0.0,0.0,0.0,wltp_class3b,PPO_seed7
528,14.8352,-7433.153964767993,0.0,0.0,0.49386969225246874,25.004604393835564,-0.013972093918736828,0.0,0.06986046959368414,0.0,0.0,0.0,wltp_class3b,PPO_seed7
529,14.9679,-7338.748993410926,0.0,0.0,0.49382349871635955,25.004662395650524,-0.013794640965058134,0.0,0.06897320482529067,0.0,0.0,0.0,wltp_class3b,PPO_seed7
530,15.0887,-7150.77003268737,0.0,0.0,0.4937784879298367,25.004718096891246,-0.013441297053923629,0.0,0.06720648526961814,0.0,0.0,0.0,wltp_class3b,PPO_seed7
531,15.1947,-6879.7697941037995,0.0,0.0,0.493735182544083,25.00477045055287,-0.012931898109217669,0.0,0.06465949054608834,0.0,0.0,0.0,wltp_class3b,PPO_seed7
532,15.2842,-6552.42909524396,0.0,0.0,0.49369393728500605,25.004818857907257,-0.012316596043691654,0.0,0.06158298021845827,0.0,0.0,0.0,wltp_class3b,PPO_seed7
533,15.3562,-6185.116815300408,0.0,0.0,0.4936550038493338,25.004863009729238,-0.011626159427256408,0.0,0.05813079713628203,0.0,0.0,0.0,wltp_class3b,PPO_seed7
534,15.4111,-5812.547226334999,0.0,0.0,0.4936184154163911,25.00490305661073,-0.010925840651005637,0.0,0.05462920325502819,0.0,0.0,0.0,wltp_class3b,PPO_seed7
535,15.4501,-5456.020447369639,0.0,0.0,0.4935840710759215,25.004939379827427,-0.0102556775326497,0.0,0.05127838766324849,0.0,0.0,0.0,wltp_class3b,PPO_seed7
536,15.4758,-5152.126337396415,0.0,0.0,0.49355163957857157,25.004972686661244,-0.009684448002624841,0.0,0.0484222400131242,0.0,0.0,0.0,wltp_class3b,PPO_seed7
537,15.4911,-4910.909054096526,0.0,0.0,0.4935207264316955,25.005003694186748,-0.009231032056572419,0.0,0.04615516028286209,0.0,0.0,0.0,wltp_class3b,PPO_seed7
538,15.5001,-4764.394481761021,0.0,0.0,0.49349073553145895,25.00503333009182,-0.008955628725114701,0.0,0.0447781436255735,0.0,0.0,0.0,wltp_class3b,PPO_seed7
539,15.5069,-4715.332441523405,0.0,0.0,0.4934610534496866,25.005062479901525,-0.008863406844968806,0.0,0.04431703422484403,0.0,0.0,0.0,wltp_class3b,PPO_seed7
540,15.5158,-4771.233909526927,0.0,0.0,0.49343101946596035,25.005092081787794,-0.008968484792343847,0.0,0.04484242396171924,0.0,0.0,0.0,wltp_class3b,PPO_seed7
541,15.5312,-4937.358453587956,0.0,0.0,0.4933999397396976,25.005123168774887,-0.009280748972909694,0.0,0.046403744864548464,0.0,0.0,0.0,wltp_class3b,PPO_seed7
542,15.1601,3165.392472129972,0.0,0.0,0.4934198653049779,25.005140640472387,0.17131199258941007,0.0,0.02974992924934184,0.12661569888519889,0.0,0.0,wltp_class3b,PPO_seed7
543,14.8025,2933.825775146928,0.0,0.0,0.49343833270394727,25.00515582974894,0.15877953330456832,0.0,0.027573550518298198,0.11735303100587713,0.0,0.0,wltp_class3b,PPO_seed7
544,14.4607,2671.2065900632933,0.0,0.0,0.49345514658377937,25.005168786315494,0.14456650402462845,0.0,0.025105325094579824,0.10684826360253173,0.0,0.0,wltp_class3b,PPO_seed7
545,14.136,2395.8710535817877,0.0,0.0,0.49347022701288346,25.00517968138502,0.12966526198256922,0.0,0.022517585090054394,0.09583484214327151,0.0,0.0,wltp_class3b,PPO_seed7
546,13.8288,2122.8807514286223,0.0,0.0,0.4934835888569115,25.005188757183614,0.11489094472769341,0.0,0.019951886761547202,0.0849152300571449,0.0,0.0,wltp_class3b,PPO_seed7
547,13.5381,1873.5097276964589,0.0,0.0,0.4934953808714771,25.00519631749453,0.10139490992450459,0.0,0.017608174132485516,0.07494038910785836,0.0,0.0,wltp_class3b,PPO_seed7
548,13.2622,1656.8662348515104,0.0,0.0,0.4935058091210339,25.005202650493864,0.08967009893579828,0.0,0.015572051079431489,0.06627464939406041,0.0,0.0,wltp_class3b,PPO_seed7
549,12.9983,1487.2035662418448,0.0,0.0,0.49351516935894196,25.005208033983376,0.08048790428427668,0.0,0.013977477126333128,0.059488142649673795,0.0,0.0,wltp_class3b,PPO_seed7
550,12.7427,1374.873861363509,0.0,0.0,0.49352382247091414,25.005212717533535,0.07440858687289124,0.0,0.012921746817326211,0.054994954454540355,0.0,0.0,wltp_class3b,PPO_seed7
551,12.4915,1319.61840691961,0.0,0.0,0.49353212769256966,25.005216904336795,0.07141814506020566,0.0,0.012402428636462499,0.0527847362767844,0.0,0.0,wltp_class3b,PPO_seed7
552,12.2403,1325.1636958018398,0.0,0.0,0.4935404676932106,25.005220781261894,0.07171825776226799,0.0,0.012454546013175187,0.05300654783207359,0.0,0.0,wltp_class3b,PPO_seed7
553,11.9847,1387.8601302867394,0.0,0.0,0.49354920215484177,25.005224520698576,0.07511140765266126,0.0,0.013043798216980634,0.055514405211469574,0.0,0.0,wltp_class3b,PPO_seed7
554,11.7208,1497.1910003746184,0.0,0.0,0.49355862455705946,25.00522828004152,0.08102842722328198,0.0,0.014071343988483255,0.059887640014984735,0.0,0.0,wltp_class3b,PPO_seed7
555,11.4449,1646.6284391258287,0.0,0.0,0.49356898728416027,25.00523222142192,0.08911602635208808,0.0,0.015475831194791623,0.06586513756503315,0.0,0.0,wltp_class3b,PPO_seed7
556,11.1542,1820.6114884394215,0.0,0.0,0.4935804447801213,25.00523648444092,0.09853204130666882,0.0,0.017111010229693812,0.07282445953757685,0.0,0.0,wltp_class3b,PPO_seed7
557,10.847,2001.8519849821894,0.0,0.0,0.49359304268460424,25.00524116590789,0.10834083148798346,0.0,0.018814398355095765,0.08007407939928758,0.0,0.0,wltp_class3b,PPO_seed7
558,10.5223,2178.966792298312,0.0,0.0,0.4936067550000154,25.005246323023183,0.11792633812754325,0.0,0.020479011205811203,0.08715867169193249,0.0,0.0,wltp_class3b,PPO_seed7
559,10.1805,2333.556209026475,0.0,0.0,0.49362143994121493,25.00525192788853,0.12629276385392907,0.0,0.02193191925776762,0.09334224836105899,0.0,0.0,wltp_class3b,PPO_seed7
560,9.8229,2455.0580452177587,0.0,0.0,0.49363688926363664,25.00525788503311,0.13286847977050698,0.0,0.023073853808437583,0.09820232180871034,0.0,0.0,wltp_class3b,PPO_seed7
561,9.4518,2533.742269952693,0.0,0.0,0.49365283350461986,25.005264030889172,0.1371268936775901,0.0,0.023813367198803503,0.10134969079810771,0.0,0.0,wltp_class3b,PPO_seed7
562,9.0705,2562.1752893667926,0.0,0.0,0.49366895643838654,25.00527014802878,0.1386656972395652,0.0,0.02408059482487587,0.1024870115746717,0.0,0.0,wltp_class3b,PPO_seed7
563,8.6828,2540.1121947567426,0.0,0.0,0.49368494031433,25.005276010765584,0.13747163592375214,0.0,0.02387323491312728,0.1016044877902697,0.0,0.0,wltp_class3b,PPO_seed7
564,8.2928,2470.5445389904726,0.0,0.0,0.4937004862218303,25.00528141410947,0.13370661347107834,0.0,0.023219403561940532,0.0988217815596189,0.0,0.0,wltp_class3b,PPO_seed7
565,7.9051,2355.6236599954573,0.0,0.0,0.4937153088009154,25.005286181149973,0.12748706093719775,0.0,0.02213932011273926,0.0942249463998183,0.0,0.0,wltp_class3b,PPO_seed7
566,7.5238,2206.7443371040285,0.0,0.0,0.49372919440286583,25.005290211243548,0.11942966720657741,0.0,0.02074007835624087,0.08826977348416114,0.0,0.0,wltp_class3b,PPO_seed7
567,7.1527,2032.623073237438,0.0,0.0,0.4937419842322102,25.00529346451338,0.11000617203882014,0.0,0.019103600312381935,0.08130492292949752,0.0,0.0,wltp_class3b,PPO_seed7
568,6.7951,1842.5587113721501,0.0,0.0,0.4937535780068196,25.005295956667606,0.09971983161245666,0.0,0.017317281121918705,0.073702348454886,0.0,0.0,wltp_class3b,PPO_seed7
569,6.4533,1648.0073368879182,0.0,0.0,0.4937639475279545,25.005297754348526,0.08919065271367846,0.0,0.015488790760224795,0.06592029347551673,0.0,0.0,wltp_class3b,PPO_seed7
570,6.1287,1457.609589400161,0.0,0.0,0.49377311896175624,25.00529895098734,0.07888626935716059,0.0,0.013699338246242115,0.05830438357600644,0.0,0.0,wltp_class3b,PPO_seed7
571,5.8214,1280.7469871828641,0.0,0.0,0.4937811774990055,25.005299656353014,0.06931441213340041,0.0,0.01203709574419985,0.05122987948731456,0.0,0.0,wltp_class3b,PPO_seed7
572,5.5308,1121.0626905256293,0.0,0.0,0.49378823124788707,25.00529997266813,0.060672249972958496,0.0,0.010536303482383734,0.04484250762102517,0.0,0.0,wltp_class3b,PPO_seed7
573,5.2549,985.2198687593101,0.0,0.0,0.493794430236011,25.005299997544476,0.053320395603981295,0.0,0.009259585232700283,0.0394087947503724,0.0,0.0,wltp_class3b,PPO_seed7
574,4.9909,874.9003133922618,0.0,0.0,0.49379993506768366,25.005299811771643,0.04734986808870301,0.0,0.00822274730631825,0.03499601253569047,0.0,0.0,wltp_class3b,PPO_seed7
575,4.7353,790.5106630647134,0.0,0.0,0.49380490890145384,25.005299479782522,0.042782674832630124,0.0,0.007429611494969111,0.031620426522588535,0.0,0.0,wltp_class3b,PPO_seed7
576,4.4841,730.8589448609647,0.0,0.0,0.493809507392563,25.005299051166176,0.03955430590307687,0.0,0.006868975045685758,0.029234357794438587,0.0,0.0,wltp_class3b,PPO_seed7
577,4.2329,693.826534387201,0.0,0.0,0.49381387286332706,25.00529856375838,0.03755010071066972,0.0,0.006520926075067679,0.027753061375488042,0.0,0.0,wltp_class3b,PPO_seed7
578,3.9774,674.622016527514,0.0,0.0,0.4938181174869835,25.005298044061952,0.036510746428308614,0.0,0.006340432486160846,0.02698488066110056,0.0,0.0,wltp_class3b,PPO_seed7
579,3.7134,668.3764090403587,0.0,0.0,0.4938223228003966,25.005297510151287,0.03617273227272558,0.0,0.006281733167672544,0.026735056361614346,0.0,0.0,wltp_class3b,PPO_seed7
580,3.4375,667.3932937622072,0.0,0.0,0.49382652191496057,25.005296969663448,0.03611952577819825,0.0,0.00627249336242676,0.02669573175048829,0.0,0.0,wltp_class3b,PPO_seed7
581,3.1468,665.6561272384635,0.0,0.0,0.49383071008680185,25.005296422478867,0.036025509803477136,0.0,0.006256166609384055,0.02662624508953854,0.0,0.0,wltp_class3b,PPO_seed7
582,2.8396,655.3517453855271,0.0,0.0,0.49383483341340323,25.005295858672625,0.035467833558534015,0.0,0.00615932091527751,0.026214069815421084,0.0,0.0,wltp_class3b,PPO_seed7
583,2.5149,631.5509001571677,0.0,0.0,0.49383880697917315,25.005295262872252,0.03417972465662626,0.0,0.005935628760875636,0.02526203600628671,0.0,0.0,wltp_class3b,PPO_seed7
584,2.1731,588.8051001902239,0.0,0.0,0.49384251158884257,25.00529461539314,0.031866309106535574,0.0,0.005533882520584812,0.023552204007608955,0.0,0.0,wltp_class3b,PPO_seed7
585,1.8155,525.1323466625427,0.0,0.0,0.4938458155779623,25.005293899123988,0.028420320535917153,0.0,0.004935454385926153,0.021005293866501705,0.0,0.0,wltp_class3b,PPO_seed7
586,1.2812,625.0353146006344,0.0,0.0,0.4938497481208477,25.00529329039605,0.033827099206732075,0.0,0.0058743920545172405,0.025001412584025374,0.0,0.0,wltp_class3b,PPO_seed7
587,0.9609,238.75910554714258,0.0,0.0,0.493851250321015,25.00529236510405,0.012921714599461143,0.0,0.0022439765558941974,0.009550364221885703,0.0,0.0,wltp_class3b,PPO_seed7
588,0.6406,159.31137112507935,0.0,0.0,0.49385225265903504,25.005291409733637,0.008621979318483616,0.0,0.001497287322604129,0.006372454845003174,0.0,0.0,wltp_class3b,PPO_seed7
589,0.3203,79.69727579063489,0.0,0.0,0.4938527540893704,25.005290436347245,0.004313240534894661,0.0,0.0007490345469044632,0.0031878910316253954,0.0,0.0,wltp_class3b,PPO_seed7
590,0.0,0.0,0.0,0.0,0.4938527540893704,25.00528945703577,0.0,0.0,0.0,0.0,0.0,0.0,wltp_class3b,PPO_seed7
591,0.1594,-63.85092874105591,0.0,0.0,0.4938523523594963,25.00528848173569,-0.0001200205427463457,0.0,0.0006001027137317285,0.0,0.0,0.0,wltp_class3b,PPO_seed7
592,0.3188,-127.71609659511402,0.0,0.0,0.49385154881006427,25.005287518212242,-0.00024006785074269553,0.0,0.0012003392537134777,0.0,0.0,0.0,wltp_class3b,PPO_seed7
593,0.4781,-191.49527581866676,0.0,0.0,0.4938503439817283,25.00528657420093,-0.00035995352597493753,0.0,0.0017997676298746876,0.0,0.0,0.0,wltp_class3b,PPO_seed7
594,0.6375,-255.50597908634427,0.0,0.0,0.49384873641719923,25.00528565756967,-0.0004802743967788426,0.0,0.002401371983894213,0.0,0.0,0.0,wltp_class3b,PPO_seed7
595,0.7969,-319.4992587619757,0.0,0.0,0.4938467262252435,25.005284776138247,-0.0006005625164698791,0.0,0.0030028125823493954,0.0,0.0,0.0,wltp_class3b,PPO_seed7
596,0.9563,-383.5637250696737,0.0,0.0,0.49384431295688447,25.005283937809498,-0.0007209844456196875,0.0,0.003604922228098437,0.0,0.0,0.0,wltp_class3b,PPO_seed7
597,1.1157,-447.71361712244044,0.0,0.0,0.4938414960733299,25.005283150555552,-0.0008415669494782716,0.0,0.004207834747391358,0.0,0.0,0.0,wltp_class3b,PPO_seed7
598,1.275,-511.7244993574219,0.0,0.0,0.4938382764476529,25.005282422199173,-0.0009618881566868832,0.0,0.004809440783434416,0.0,0.0,0.0,wltp_class3b,PPO_seed7
599,1.3006,-251.55347598861775,0.0,0.0,0.49383669374198896,25.005281507030894,-0.00047284487967785296,0.0,0.0023642243983892646,0.0,0.0,0.0,wltp_class3b,PPO_seed7
600,1.5247,-766.2565608009998,0.0,0.0,0.49383187266253586,25.005281087900133,-0.0014403318812048868,0.0,0.007201659406024434,0.0,0.0,0.0,wltp_class3b,PPO_seed7
601,1.7532,-893.8611491380294,0.0,0.0,0.4938262487162634,25.005280870953094,-0.001680190129958702,0.0,0.00840095064979351,0.0,0.0,0.0,wltp_class3b,PPO_seed7
602,1.9816,-1010.9920959309788,0.0,0.0,0.4938198877946607,25.005280867524952,-0.001900361082577028,0.0,0.00950180541288514,0.0,0.0,0.0,wltp_class3b,PPO_seed7
603,2.2058,-1112.178846055918,0.0,0.0,0.49381289020879615,25.005281070579272,-0.002090561740706613,0.0,0.010452808703533064,0.0,0.0,0.0,wltp_class3b,PPO_seed7
604,2.4215,-1190.3348059166653,0.0,0.0,0.4938054008579637,25.00528144800988,-0.00223747143969298,0.0,0.0111873571984649,0.0,0.0,0.0,wltp_class3b,PPO_seed7
605,2.6252,-1243.0450663335398,0.0,0.0,0.4937975798373787,25.005281951830053,-0.0023365508765668046,0.0,0.011682754382834021,0.0,0.0,0.0,wltp_class3b,PPO_seed7
606,2.8143,-1270.3652044388007,0.0,0.0,0.49378958689481883,25.005282526516634,-0.002387904519621806,0.0,0.011939522598109029,0.0,0.0,0.0,wltp_class3b,PPO_seed7
607,2.9867,-1272.3483777243684,0.0,0.0,0.4937815814459906,25.00528311260641,-0.00239163228895558,0.0,0.011958161444777899,0.0,0.0,0.0,wltp_class3b,PPO_seed7
608,3.1417,-1255.092446457732,0.0,0.0,0.49377368454191894,25.005283664591673,-0.0023591963279280675,0.0,0.011795981639640338,0.0,0.0,0.0,wltp_class3b,PPO_seed7
609,3.2796,-1224.647071310867,0.0,0.0,0.49376597917141296,25.005284152611445,-0.002301968179155765,0.0,0.011509840895778825,0.0,0.0,0.0,wltp_class3b,PPO_seed7
610,3.4016,-1187.695284181168,0.0,0.0,0.4937585062751396,25.005284563851266,-0.0022325099326713687,0.0,0.011162549663356842,0.0,0.0,0.0,wltp_class3b,PPO_seed7
611,3.5103,-1154.5699234521053,0.0,0.0,0.4937512417804339,25.005284909167607,-0.0021702442170152356,0.0,0.010851221085076178,0.0,0.0,0.0,wltp_class3b,PPO_seed7
612,3.6086,-1130.002261689024,0.0,0.0,0.49374413184514054,25.005285208732406,-0.0021240644016710976,0.0,0.010620322008355488,0.0,0.0,0.0,wltp_class3b,PPO_seed7
613,3.7006,-1124.0035267629776,0.0,0.0,0.4937370596358687,25.005285502730043,-0.0021127885841409357,0.0,0.010563942920704677,0.0,0.0,0.0,wltp_class3b,PPO_seed7
614,3.7903,-1139.1800849438528,0.0,0.0,0.4937298919185807,25.0052858364711,-0.0021413159491425805,0.0,0.010706579745712902,0.0,0.0,0.0,wltp_class3b,PPO_seed7
615,3.8823,-1182.3266037846856,0.0,0.0,0.49372245270560006,25.005286272458736,-0.0022224184281667025,0.0,0.011112092140833512,0.0,0.0,0.0,wltp_class3b,PPO_seed7
616,3.9806,-1253.0758599192557,0.0,0.0,0.4937145683177972,25.005286879506034,-0.0023554057517279244,0.0,0.011777028758639622,0.0,0.0,0.0,wltp_class3b,PPO_seed7
617,4.0892,-1354.8806421877089,0.0,0.0,0.4937060433487357,25.005287746721535,-0.0025467681244129865,0.0,0.012733840622064932,0.0,0.0,0.0,wltp_class3b,PPO_seed7
618,4.2113,-1486.2744519964886,0.0,0.0,0.4936966916164133,25.005288977499923,-0.0027937489699182117,0.0,0.013968744849591057,0.0,0.0,0.0,wltp_class3b,PPO_seed7
619,4.3492,-1644.8449536731941,0.0,0.0,0.49368634211412454,25.005290690303607,-0.0030918138226939743,0.0,0.01545906911346987,0.0,0.0,0.0,wltp_class3b,PPO_seed7
620,4.5042,-1826.8986866439486,0.0,0.0,0.4936748470710296,25.005293015834198,-0.0034340200876765955,0.0,0.017170100438382976,0.0,0.0,0.0,wltp_class3b,PPO_seed7
621,4.6766,-2027.7411679022064,0.0,0.0,0.49366208825048785,25.005296091622927,-0.003811543548688358,0.0,0.01905771774344179,0.0,0.0,0.0,wltp_class3b,PPO_seed7
622,4.8656,-2240.4726347712894,0.0,0.0,0.4936479908260815,25.00530004794681,-0.004211414727013702,0.0,0.02105707363506851,0.0,0.0,0.0,wltp_class3b,PPO_seed7
623,5.0694,-2457.040126778904,0.0,0.0,0.49363253063844387,25.005304992543138,-0.004618496478907714,0.0,0.02309248239453857,0.0,0.0,0.0,wltp_class3b,PPO_seed7
624,5.2851,-2666.335522501864,0.0,0.0,0.4936157534203745,25.005310982248524,-0.005011908876883204,0.0,0.025059544384416016,0.0,0.0,0.0,wltp_class3b,PPO_seed7
625,5.5092,-2859.1898931030814,0.0,0.0,0.49359776259738886,25.005318015949644,-0.0053744170922990255,0.0,0.026872085461495127,0.0,0.0,0.0,wltp_class3b,PPO_seed7
626,5.7377,-3025.689436701863,0.0,0.0,0.4935787239773029,25.00532601785466,-0.005687386159214029,0.0,0.028436930796070143,0.0,0.0,0.0,wltp_class3b,PPO_seed7
627,5.9662,-3155.5348091182577,0.0,0.0,0.4935588681793617,25.005334825540007,-0.005931456408117026,0.0,0.02965728204058513,0.0,0.0,0.0,wltp_class3b,PPO_seed7
628,6.1903,-3241.5742072668218,0.0,0.0,0.49353847083204144,25.005344205128015,-0.006093184600125605,0.0,0.030465923000628024,0.0,0.0,0.0,wltp_class3b,PPO_seed7
629,6.406,-3281.020015167634,0.0,0.0,0.4935178251140852,25.005353883109635,-0.00616733085557826,0.0,0.0308366542778913,0.0,0.0,0.0,wltp_class3b,PPO_seed7
630,6.6098,-3273.321171992625,0.0,0.0,0.49349722768196735,25.00536357087551,-0.0061528593458507995,0.0,0.030764296729253994,0.0,0.0,0.0,wltp_class3b,PPO_seed7
631,6.7988,-3220.490606910767,0.0,0.0,0.4934769625357795,25.005372992614827,-0.00605355377238866,0.0,0.0302677688619433,0.0,0.0,0.0,wltp_class3b,PPO_seed7
632,6.9712,-3131.839231943356,0.0,0.0,0.493457255094721,25.005381939459053,-0.005886915849517587,0.0,0.02943457924758793,0.0,0.0,0.0,wltp_class3b,PPO_seed7
633,7.1262,-3017.715330320798,0.0,0.0,0.49343826566610066,25.00539027799524,-0.005672397237445109,0.0,0.028361986187225543,0.0,0.0,0.0,wltp_class3b,PPO_seed7
634,7.2641,-2891.333076708364,0.0,0.0,0.493420071407926,25.00539796214393,-0.005434836610354068,0.0,0.02717418305177034,0.0,0.0,0.0,wltp_class3b,PPO_seed7
635,7.3862,-2766.1381570462795,0.0,0.0,0.4934026648686668,25.005405023975456,-0.005199507813996767,0.0,0.02599753906998383,0.0,0.0,0.0,wltp_class3b,PPO_seed7
636,7.4948,-2656.515376518827,0.0,0.0,0.49338594807484687,25.005411566511853,-0.004993449955862457,0.0,0.024967249779312285,0.0,0.0,0.0,wltp_class3b,PPO_seed7
637,7.5931,-2576.298108447077,0.0,0.0,0.4933697359988454,25.005417750638877,-0.004842665617381724,0.0,0.02421332808690862,0.0,0.0,0.0,wltp_class3b,PPO_seed7
638,7.6851,-2538.528835209859,0.0,0.0,0.49335376153422744,25.00542378725835,-0.0047716707428756755,0.0,0.023858353714378375,0.0,0.0,0.0,wltp_class3b,PPO_seed7
639,7.7748,-2546.659519228232,0.0,0.0,0.4933377358459944,25.00542989630337,-0.004786953983511715,0.0,0.023934769917558572,0.0,0.0,0.0,wltp_class3b,PPO_seed7
640,7.8668,-2611.573427101049,0.0,0.0,0.4933213016065104,25.00543635522818,-0.0049089726073328,0.0,0.024544863036663995,0.0,0.0,0.0,wltp_class3b,PPO_seed7
641,7.9651,-2729.5279321441694,0.0,0.0,0.49330412503279664,25.005443445294276,-0.005130691601774755,0.0,0.025653458008873774,0.0,0.0,0.0,wltp_class3b,PPO_seed7
642,8.0738,-2905.6420417878603,0.0,0.0,0.4932858401211362,25.00545151356397,-0.005461733161255377,0.0,0.02730866580627688,0.0,0.0,0.0,wltp_class3b,PPO_seed7
643,8.1958,-3128.642281711134,0.0,0.0,0.493266151801655,25.005460900847112,-0.005880906544569801,0.0,0.029404532722849003,0.0,0.0,0.0,wltp_class3b,PPO_seed7
644,8.3337,-3398.534887058237,0.0,0.0,0.4932447649558946,25.00547200949183,-0.00638822347191398,0.0,0.0319411173595699,0.0,0.0,0.0,wltp_class3b,PPO_seed7
645,8.4887,-3700.513904340861,0.0,0.0,0.49322147762791113,25.00548521211482,-0.006955853203648235,0.0,0.034779266018241176,0.0,0.0,0.0,wltp_class3b,PPO_seed7
646,8.6611,-4025.101055855007,0.0,0.0,0.4931961474985154,25.005500865943233,-0.007565979428298886,0.0,0.03782989714149443,0.0,0.0,0.0,wltp_class3b,PPO_seed7
647,8.8502,-4360.0629904611305,0.0,0.0,0.49316870922427647,25.00551927046067,-0.008195607124926937,0.0,0.04097803562463469,0.0,0.0,0.0,wltp_class3b,PPO_seed7
648,9.0539,-4685.388639515807,0.0,0.0,0.4931392233866136,25.005540568370574,-0.008807121502849262,0.0,0.0440356075142463,0.0,0.0,0.0,wltp_class3b,PPO_seed7
649,9.2696,-4991.5135520106505,0.0,0.0,0.49310781075571813,25.005564794624043,-0.009382544270696713,0.0,0.04691272135348356,0.0,0.0,0.0,wltp_class3b,PPO_seed7
650,9.4938,-5261.172422219889,0.0,0.0,0.4930747007585252,25.00559177862302,-0.009889421846277988,0.0,0.04944710923138994,0.0,0.0,0.0,wltp_class3b,PPO_seed7
651,9.7222,-5476.265961314962,0.0,0.0,0.4930402367353547,25.005621105053493,-0.01029373300999053,0.0,0.05146866504995265,0.0,0.0,0.0,wltp_class3b,PPO_seed7
652,9.8905,-4665.542806366831,0.0,0.0,0.49301087453195824,25.005642820137066,-0.008769817305200812,0.0,0.043849086526004055,0.0,0.0,0.0,wltp_class3b,PPO_seed7
653,10.0545,-4694.922426886341,0.0,0.0,0.49298132718145343,25.00566491929928,-0.008825042155801393,0.0,0.04412521077900696,0.0,0.0,0.0,wltp_class3b,PPO_seed7
654,10.21,-4651.385913324014,0.0,0.0,0.49295205358369926,25.005686758132608,-0.008743206603992509,0.0,0.04371603301996254,0.0,0.0,0.0,wltp_class3b,PPO_seed7
655,10.3536,-4543.064142666397,0.0,0.0,0.4929234614847296,25.005707775499005,-0.008539594253132325,0.0,0.042697971265661626,0.0,0.0,0.0,wltp_class3b,PPO_seed7
656,10.4824,-4374.736064789323,0.0,0.0,0.49289592856849185,25.005727485291292,-0.008223188091709254,0.0,0.04111594045854627,0.0,0.0,0.0,wltp_class3b,PPO_seed7
657,10.5947,-4164.367036146011,0.0,0.0,0.4928697194625226,25.005745595851014,-0.007827757586740623,0.0,0.03913878793370311,0.0,0.0,0.0,wltp_class3b,PPO_seed7
658,10.6895,-3923.275640276014,0.0,0.0,0.49284502756378035,25.005761946584453,-0.007374578271195516,0.0,0.03687289135597758,0.0,0.0,0.0,wltp_class3b,PPO_seed7
659,10.7672,-3675.904177420493,0.0,0.0,0.4928218924371415,25.005776586203943,-0.006909594318459574,0.0,0.03454797159229787,0.0,0.0,0.0,wltp_class3b,PPO_seed7
660,10.8291,-3439.364123350137,0.0,0.0,0.4928002459479869,25.00578968289022,-0.0064649701566731905,0.0,0.03232485078336595,0.0,0.0,0.0,wltp_class3b,PPO_seed7
661,10.8776,-3234.740580819193,0.0,0.0,0.4927798872505599,25.005801519815098,-0.006080339437630062,0.0,0.03040169718815031,0.0,0.0,0.0,wltp_class3b,PPO_seed7
662,10.9157,-3074.789727135473,0.0,0.0,0.49276053520670593,25.005812419583073,-0.005779679938224574,0.0,0.02889839969112287,0.0,0.0,0.0,wltp_class3b,PPO_seed7
663,10.9475,-2980.9216858451628,0.0,0.0,0.4927417739201516,25.005822787964778,-0.005603236251588652,0.0,0.028016181257943258,0.0,0.0,0.0,wltp_class3b,PPO_seed7
664,10.9771,-2955.589710223032,0.0,0.0,0.492723172046896,25.005833014022894,-0.005555619756058332,0.0,0.027778098780291655,0.0,0.0,0.0,wltp_class3b,PPO_seed7
665,11.0089,-3006.3368559879905,0.0,0.0,0.49270425076215213,25.005843524681104,-0.005651009127796975,0.0,0.02825504563898487,0.0,0.0,0.0,wltp_class3b,PPO_seed7
666,11.047,-3130.4414188989113,0.0,0.0,0.49268454836436176,25.00585475785544,-0.005884288381388931,0.0,0.029421441906944654,0.0,0.0,0.0,wltp_class3b,PPO_seed7
667,11.0955,-3330.667664776897,0.0,0.0,0.49266358574687075,25.00586722544061,-0.006260653505219731,0.0,0.03130326752609865,0.0,0.0,0.0,wltp_class3b,PPO_seed7
668,11.1574,-3590.8242082963575,0.0,0.0,0.4926409856992305,25.005881420517387,-0.006749669564466838,0.0,0.033748347822334185,0.0,0.0,0.0,wltp_class3b,PPO_seed7
669,11.2351,-3903.418722582171,0.0,0.0,0.49261641815602647,25.005897873100547,-0.007337253237936412,0.0,0.03668626618968206,0.0,0.0,0.0,wltp_class3b,PPO_seed7
670,11.3299,-4251.932067681636,0.0,0.0,0.49258965700886126,25.005917076456676,-0.007992353510679768,0.0,0.039961767553398836,0.0,0.0,0.0,wltp_class3b,PPO_seed7
671,11.4422,-4622.704444069961,0.0,0.0,0.4925605621105941,25.005939477650465,-0.00868929406780068,0.0,0.043446470339003396,0.0,0.0,0.0,wltp_class3b,PPO_seed7
672,11.571,-4991.826236694413,0.0,0.0,0.4925291437886401,25.005965345835712,-0.009383132023861679,0.0,0.04691566011930839,0.0,0.0,0.0,wltp_class3b,PPO_seed7
673,11.7146,-5346.425424022937,0.0,0.0,0.4924954933803948,25.005994816507307,-0.010049671849667175,0.0,0.05024835924833587,0.0,0.0,0.0,wltp_class3b,PPO_seed7
674,11.8701,-5662.63111782201,0.0,0.0,0.49245985246551616,25.006027738959027,-0.010644043454552651,0.0,0.05322021727276326,0.0,0.0,0.0,wltp_class3b,PPO_seed7
675,12.0341,-5927.628703752078,0.0,0.0,0.4924225432865139,25.00606374734813,-0.011142159217579094,0.0,0.05571079608789547,0.0,0.0,0.0,wltp_class3b,PPO_seed7
676,12.2024,-6121.313892280166,0.0,0.0,0.49238401463858633,25.006102162092507,-0.01150622912082738,0.0,0.0575311456041369,0.0,0.0,0.0,wltp_class3b,PPO_seed7
677,12.3707,-6235.7194774608,0.0,0.0,0.49234476548623524,25.00614212591715,-0.01172127721327218,0.0,0.0586063860663609,0.0,0.0,0.0,wltp_class3b,PPO_seed7
678,12.5346,-6262.52557816893,0.0,0.0,0.4923053471881862,25.0061826251533,-0.01177166462061829,0.0,0.05885832310309145,0.0,0.0,0.0,wltp_class3b,PPO_seed7
679,12.6902,-6205.607590084203,0.0,0.0,0.49226628673957323,25.006222670998387,-0.011664675921210909,0.0,0.05832337960605454,0.0,0.0,0.0,wltp_class3b,PPO_seed7
680,12.8337,-6061.764865447781,0.0,0.0,0.4922281313090821,25.006261257535886,-0.01139429485986425,0.0,0.05697147429932125,0.0,0.0,0.0,wltp_class3b,PPO_seed7
681,12.9626,-5853.509656831669,0.0,0.0,0.4921912863877108,25.006297690826813,-0.01100283770081141,0.0,0.055014188504057045,0.0,0.0,0.0,wltp_class3b,PPO_seed7
682,13.0748,-5586.903119631044,0.0,0.0,0.49215611932949793,25.006331410927825,-0.010501697593291438,0.0,0.052508487966457185,0.0,0.0,0.0,wltp_class3b,PPO_seed7
683,13.1697,-5292.262651172209,0.0,0.0,0.49212280666268693,25.00636224345227,-0.009947862126263552,0.0,0.04973931063131776,0.0,0.0,0.0,wltp_class3b,PPO_seed7
684,13.2474,-4984.978179545172,0.0,0.0,0.4920914280409645,25.006390203147873,-0.009370259735987164,0.0,0.04685129867993582,0.0,0.0,0.0,wltp_class3b,PPO_seed7
685,13.3093,-4693.978006663405,0.0,0.0,0.49206188101871456,25.00641558201164,-0.00882326692981843,0.0,0.04411633464909215,0.0,0.0,0.0,wltp_class3b,PPO_seed7
686,13.3577,-4440.6384614131775,0.0,0.0,0.49203392858229955,25.00643882626001,-0.008347064777092439,0.0,0.041735323885462194,0.0,0.0,0.0,wltp_class3b,PPO_seed7
687,13.3959,-4248.811431717819,0.0,0.0,0.49200718356517115,25.006460523315713,-0.007986487653604922,0.0,0.03993243826802461,0.0,0.0,0.0,wltp_class3b,PPO_seed7
688,13.4277,-4131.928695808873,0.0,0.0,0.49198117423866455,25.00648130487152,-0.007766783262798634,0.0,0.03883391631399317,0.0,0.0,0.0,wltp_class3b,PPO_seed7
689,13.4572,-4099.113383594811,0.0,0.0,0.4919553714348586,25.006501831170475,-0.007705100345103029,0.0,0.038525501725515145,0.0,0.0,0.0,wltp_class3b,PPO_seed7
690,13.489,-4163.83327184433,0.0,0.0,0.49192916119899466,25.006522861040587,-0.00782675427038408,0.0,0.03913377135192039,0.0,0.0,0.0,wltp_class3b,PPO_seed7
691,13.5272,-4318.4759459353,0.0,0.0,0.49190197748268527,25.006545136106933,-0.008117435988600189,0.0,0.04058717994300094,0.0,0.0,0.0,wltp_class3b,PPO_seed7
692,13.5757,-4561.928659865371,0.0,0.0,0.49187326122972946,25.006569475617226,-0.008575053871927389,0.0,0.042875269359636946,0.0,0.0,0.0,wltp_class3b,PPO_seed7
693,13.6375,-4878.279509926185,0.0,0.0,0.49184255353071077,25.006596682369505,-0.009169698326928918,0.0,0.04584849163464459,0.0,0.0,0.0,wltp_class3b,PPO_seed7
694,13.7152,-5262.376331619436,0.0,0.0,0.491809427891417,25.006627645194207,-0.009891684833871123,0.0,0.04945842416935561,0.0,0.0,0.0,wltp_class3b,PPO_seed7
695,13.8101,-5689.42324946378,0.0,0.0,0.49177361388350604,25.00666313904087,-0.010694404604255227,0.0,0.05347202302127613,0.0,0.0,0.0,wltp_class3b,PPO_seed7
696,13.9223,-6135.6953477279985,0.0,0.0,0.4917349904053809,25.006703770766713,-0.011533261931819548,0.0,0.057666309659097734,0.0,0.0,0.0,wltp_class3b,PPO_seed7
697,14.0512,-6587.209731250863,0.0,0.0,0.4916935243617761,25.00675002330612,-0.012381973179042976,0.0,0.061909865895214876,0.0,0.0,0.0,wltp_class3b,PPO_seed7
698,14.1948,-7012.854318060714,0.0,0.0,0.4916493784960782,25.00680197987167,-0.013182056988835927,0.0,0.06591028494417964,0.0,0.0,0.0,wltp_class3b,PPO_seed7
699,14.3503,-7392.642270552147,0.0,0.0,0.49160284136969906,25.006859379003703,-0.013895944117579224,0.0,0.06947972058789612,0.0,0.0,0.0,wltp_class3b,PPO_seed7
700,14.5143,-7709.299000983869,0.0,0.0,0.49155431029979163,25.006921603923352,-0.014491163535683964,0.0,0.07245581767841981,0.0,0.0,0.0,wltp_class3b,PPO_seed7
701,14.6825,-7936.814552870548,0.0,0.0,0.4915043463620149,25.006987526854328,-0.014918824347501032,0.0,0.07459412173750515,0.0,0.0,0.0,wltp_class3b,PPO_seed7
702,14.8508,-8073.354056452027,0.0,0.0,0.49145352221770205,25.007055867758456,-0.015175477549721856,0.0,0.07587738774860928,0.0,0.0,0.0,wltp_class3b,PPO_seed7
703,15.0148,-8105.1696674347595,0.0,0.0,0.4914024971140454,25.007125055069125,-0.015235281329764587,0.0,0.07617640664882293,0.0,0.0,0.0,wltp_class3b,PPO_seed7
704,15.1703,-8030.249166238971,0.0,0.0,0.4913519430105647,25.007193455784595,-0.015094453319998067,0.0,0.07547226659999033,0.0,0.0,0.0,wltp_class3b,PPO_seed7
705,15.3139,-7862.066042113563,0.0,0.0,0.4913024470875761,25.007259670052814,-0.014778319628033013,0.0,0.07389159814016506,0.0,0.0,0.0,wltp_class3b,PPO_seed7
706,15.4428,-7610.991647963137,0.0,0.0,0.4912545312658297,25.00732252491605,-0.014306375278126199,0.0,0.071531876390631,0.0,0.0,0.0,wltp_class3b,PPO_seed7
707,15.555,-7293.905229175788,0.0,0.0,0.4912086112253806,25.007381187969663,-0.01371034817514246,0.0,0.0685517408757123,0.0,0.0,0.0,wltp_class3b,PPO_seed7
708,15.6498,-6941.897257842306,0.0,0.0,0.49116490692335457,25.007435345071613,-0.013048679056094562,0.0,0.06524339528047281,0.0,0.0,0.0,wltp_class3b,PPO_seed7
709,15.7275,-6580.479647854628,0.0,0.0,0.49112347769973846,25.00748506480118,-0.012369322646343286,0.0,0.061846613231716425,0.0,0.0,0.0,wltp_class3b,PPO_seed7
710,15.7894,-6236.360167226431,0.0,0.0,0.49108421473847785,25.007530748918654,-0.011722481517342917,0.0,0.05861240758671458,0.0,0.0,0.0,wltp_class3b,PPO_seed7
711,15.8379,-5939.6194008731545,0.0,0.0,0.49104681982578613,25.007573105700065,-0.01116469812194202,0.0,0.0558234906097101,0.0,0.0,0.0,wltp_class3b,PPO_seed7
712,15.8761,-5710.845006786519,0.0,0.0,0.4910108651117822,25.007612992671504,-0.010734671065388194,0.0,0.053673355326940966,0.0,0.0,0.0,wltp_class3b,PPO_seed7
713,15.9078,-5570.794066831598,0.0,0.0,0.4909757920435461,25.00765140715593,-0.010471417418856387,0.0,0.05235708709428193,0.0,0.0,0.0,wltp_class3b,PPO_seed7
714,15.9374,-5537.900375921988,0.0,0.0,0.49094092599243033,25.007689480948454,-0.010409587172785692,0.0,0.05204793586392845,0.0,0.0,0.0,wltp_class3b,PPO_seed7
715,15.9692,-5613.094518194724,0.0,0.0,0.490905586452364,25.007728349755347,-0.010550929545478805,0.0,0.05275464772739402,0.0,0.0,0.0,wltp_class3b,PPO_seed7
716,16.0074,-5797.341512150532,0.0,0.0,0.49086908682361124,25.007769219795843,-0.010897258481485964,0.0,0.05448629240742982,0.0,0.0,0.0,wltp_class3b,PPO_seed7
717,16.0558,-6084.222324399269,0.0,0.0,0.49083078090030613,25.007813350890313,-0.011436508128570055,0.0,0.05718254064285028,0.0,0.0,0.0,wltp_class3b,PPO_seed7
718,16.1177,-6464.959254036213,0.0,0.0,0.4907900777177374,25.007862074939105,-0.01215217904894025,0.0,0.06076089524470125,0.0,0.0,0.0,wltp_class3b,PPO_seed7
719,16.1954,-6917.998767972788,0.0,0.0,0.49074652198531965,25.00791665513377,-0.013003757082655618,0.0,0.06501878541327809,0.0,0.0,0.0,wltp_class3b,PPO_seed7
720,16.2902,-7421.208970733335,0.0,0.0,0.4906997977278971,25.007978237707977,-0.013949640922431082,0.0,0.0697482046121554,0.0,0.0,0.0,wltp_class3b,PPO_seed7
721,16.4025,-7954.1675700080405,0.0,0.0,0.4906497175240895,25.00804781024527,-0.014951442800766993,0.0,0.07475721400383496,0.0,0.0,0.0,wltp_class3b,PPO_seed7
722,16.2238,-468.11022244295646,0.0,0.0,0.4906467702277562,25.008057954532884,-0.0008799064331634519,0.0,0.0043995321658172595,0.0,0.0,0.0,wltp_class3b,PPO_seed7
723,16.0598,-780.7890529176582,0.0,0.0,0.4906418543360783,25.008067777964445,-0.0014676485957098838,0.0,0.007338242978549419,0.0,0.0,0.0,wltp_class3b,PPO_seed7
724,15.9078,-1025.0518401649324,0.0,0.0,0.4906354006469741,25.00807741093052,-0.0019267891732423542,0.0,0.00963394586621177,0.0,0.0,0.0,wltp_class3b,PPO_seed7
725,15.7643,-1182.2615172896296,0.0,0.0,0.4906279572707427,25.0080868310355,-0.002222296085130883,0.0,0.011111480425654414,0.0,0.0,0.0,wltp_class3b,PPO_seed7
726,15.625,-1233.86476304795,0.0,0.0,0.4906201891025055,25.008095878415517,-0.0023192946673833647,0.0,0.011596473336916824,0.0,0.0,0.0,wltp_class3b,PPO_seed7
727,15.4857,-1183.540540510212,0.0,0.0,0.4906127378530154,25.008104354269708,-0.0022247002641169397,0.0,0.011123501320584699,0.0,0.0,0.0,wltp_class3b,PPO_seed7
728,15.3422,-1032.567912902061,0.0,0.0,0.4906062371609053,25.008112077611244,-0.0019409171295151522,0.0,0.00970458564757576,0.0,0.0,0.0,wltp_class3b,PPO_seed7
729,15.1902,-780.1816817631741,0.0,0.0,0.4906013254627357,25.008118940670656,-0.00146650692060747,0.0,0.00733253460303735,0.0,0.0,0.0,wltp_class3b,PPO_seed7
730,15.0262,-447.63770102121396,0.0,0.0,0.49059850735676164,25.00812498820911,-0.0008414242500398759,0.0,0.004207121250199379,0.0,0.0,0.0,wltp_class3b,PPO_seed7
731,14.8475,-56.356879066987645,0.0,0.0,0.49059815256623296,25.008130411562167,-0.00010593398320862341,0.0,0.000529669916043117,0.0,0.0,0.0,wltp_class3b,PPO_seed7
732,14.6522,267.9845826895881,0.0,0.0,0.49059983961994014,25.008135450579548,0.014503406212027482,0.0,0.0025186520929472564,0.010719383307583524,0.0,0.0,wltp_class3b,PPO_seed7
733,14.4395,583.1867030892781,0.0,0.0,0.4906035109247078,25.008140292228823,0.0315622397656889,0.0,0.005481078036553366,0.023327468123571126,0.0,0.0,wltp_class3b,PPO_seed7
734,14.2097,885.5177889827645,0.0,0.0,0.4906090853945811,25.00814510407523,0.047924489060886755,0.0,0.008322535610740268,0.03542071155931058,0.0,0.0,wltp_class3b,PPO_seed7
735,13.964,1159.6582308872098,0.0,0.0,0.4906163855064211,25.008150001082985,0.06276105222500852,0.0,0.010899043523376032,0.04638632923548839,0.0,0.0,wltp_class3b,PPO_seed7
736,13.7049,1385.2750218034034,0.0,0.0,0.4906251057481969,25.008155004997803,0.07497150080406689,0.0,0.013019502084618453,0.055411000872136136,0.0,0.0,wltp_class3b,PPO_seed7
737,13.4356,1552.972368502313,0.0,0.0,0.4906348814773711,25.008160053190355,0.08404733164270413,0.0,0.014595604967127002,0.062118894740092516,0.0,0.0,wltp_class3b,PPO_seed7
738,13.1598,1657.6208838599885,0.0,0.0,0.490645315782409,25.008165017077,0.08971094076709922,0.0,0.015579143645300643,0.06630483535439954,0.0,0.0,wltp_class3b,PPO_seed7
739,12.8819,1692.2457503754601,0.0,0.0,0.490655967869512,25.008169712861605,0.09158484895641024,0.0,0.015904565323077633,0.06768983001501841,0.0,0.0,wltp_class3b,PPO_seed7
740,12.6061,1663.7515018678057,0.0,0.0,0.4906664404298069,25.008173968732205,0.09004273165747718,0.0,0.015636762235599677,0.06655006007471223,0.0,0.0,wltp_class3b,PPO_seed7
741,12.3367,1574.7403137161166,0.0,0.0,0.49067635255435255,25.00817763329353,0.08522541938442561,0.0,0.014800190918384554,0.06298961254864466,0.0,0.0,wltp_class3b,PPO_seed7
742,12.0776,1434.5721532758735,0.0,0.0,0.4906853822672738,25.008180612462258,0.07763947638556193,0.0,0.013482820989434902,0.05738288613103494,0.0,0.0,wltp_class3b,PPO_seed7
743,11.832,1255.8129018461593,0.0,0.0,0.4906932866988051,25.008182882682128,0.06796497193600493,0.0,0.011802752836899993,0.05023251607384637,0.0,0.0,wltp_class3b,PPO_seed7
744,11.6021,1053.7714674435667,0.0,0.0,0.49069991934374085,25.008184488781534,0.05703042874179543,0.0,0.009903867175221492,0.04215085869774267,0.0,0.0,wltp_class3b,PPO_seed7
745,11.3894,838.5456065566307,0.0,0.0,0.4907051972551046,25.008185516103335,0.04538234042101223,0.0,0.007881067730795402,0.03354182426226523,0.0,0.0,wltp_class3b,PPO_seed7
746,11.1942,625.5869284381988,0.0,0.0,0.4907091347376771,25.008186081601124,0.03385695271351996,0.0,0.005879576395095854,0.025023477137527953,0.0,0.0,wltp_class3b,PPO_seed7
747,11.0155,430.4785154945539,0.0,0.0,0.49071184417119873,25.008186308837832,0.023297626725787963,0.0,0.004045850709535281,0.017219140619782157,0.0,0.0,wltp_class3b,PPO_seed7
748,10.8515,261.82847539929094,0.0,0.0,0.49071349210726267,25.0081863023186,0.01417023583401576,0.0,0.0024607939417226592,0.010473139015971638,0.0,0.0,wltp_class3b,PPO_seed7
749,10.6995,0.0,0.0,129.14647462352625,0.49071349210726267,25.008186124274637,0.0,0.0,0.0,0.0,0.0,0.0,wltp_class3b,PPO_seed7
750,10.5559,0.0,0.0,41.69635921547079,0.49071349210726267,25.00818585855438,0.0,0.0,0.0,0.0,0.0,0.0,wltp_class3b,PPO_seed7
751,10.4167,0.0,0.0,2.6428441726642244,0.49071349210726267,25.008185510923894,0.0,0.0,0.0,0.0,0.0,0.0,wltp_class3b,PPO_seed7
752,10.2774,0.0,0.0,16.257711392560676,0.49071349210726267,25.008185086771245,0.0,0.0,0.0,0.0,0.0,0.0,wltp_class3b,PPO_seed7
753,10.1338,0.0,0.0,77.36618701492067,0.49071349210726267,25.008184591131275,0.0,0.0,0.0,0.0,0.0,0.0,wltp_class3b,PPO_seed7
754,9.9818,0.0,0.0,182.990631938096,0.49071349210726267,25.008184028708765,0.0,0.0,0.0,0.0,0.0,0.0,wltp_class3b,PPO_seed7
755,9.8179,324.2806553260151,0.0,0.0,0.4907155330303117,25.00818350342781,0.017550166594260574,0.0,0.003047750519981345,0.012971226213040605,0.0,0.0,wltp_class3b,PPO_seed7
756,9.6392,492.29744453683526,0.0,0.0,0.49071863138051525,25.008183038106758,0.026643285757715338,0.0,0.004626855681737174,0.01969189778147341,0.0,0.0,wltp_class3b,PPO_seed7
757,9.4439,672.7531425618552,0.0,0.0,0.4907228654289881,25.008182701181006,0.0364096024072198,0.0,0.006322867881220443,0.026910125702474207,0.0,0.0,wltp_class3b,PPO_seed7
758,9.2312,852.9686135370753,0.0,0.0,0.4907282336468003,25.008182553391297,0.04616291789654036,0.0,0.008016622307679279,0.03411874454148301,0.0,0.0,wltp_class3b,PPO_seed7
759,9.0013,1021.0447964972208,0.0,0.0,0.4907346596166962,25.008182632770623,0.05525925146757139,0.0,0.009596285681364856,0.04084179185988883,0.0,0.0,wltp_class3b,PPO_seed7
760,8.7557,1163.2555939655347,0.0,0.0,0.49074198053736157,25.008182936379548,0.06295574259672118,0.0,0.010932853326743748,0.046530223758621383,0.0,0.0,wltp_class3b,PPO_seed7
761,8.4966,1273.3245032373322,0.0,0.0,0.49074999411039893,25.00818342651565,0.06891270506994222,0.0,0.011967335556741844,0.05093298012949329,0.0,0.0,wltp_class3b,PPO_seed7
762,8.2273,1342.5876924414279,0.0,0.0,0.4907584435179756,25.00818402452801,0.07266124970070224,0.0,0.012618305380088608,0.05370350769765712,0.0,0.0,wltp_class3b,PPO_seed7
763,7.9515,1370.4365264328862,0.0,0.0,0.4907670681192176,25.008184635296402,0.07416843697190913,0.0,0.012880042541662464,0.05481746105731545,0.0,0.0,wltp_class3b,PPO_seed7
764,7.6735,1355.493226311136,0.0,0.0,0.49077559861003567,25.008185154447983,0.0733597010750944,0.0,0.012739597991646014,0.05421972905244544,0.0,0.0,wltp_class3b,PPO_seed7
765,7.3977,1301.5192505043706,0.0,0.0,0.4907837893655589,25.008185491031217,0.07043861327165758,0.0,0.012232323782935813,0.052060770020174826,0.0,0.0,wltp_class3b,PPO_seed7
766,7.1284,1214.009611329136,0.0,0.0,0.4907914293482782,25.00818557882207,0.06570256528080541,0.0,0.011409864768130978,0.04856038445316544,0.0,0.0,wltp_class3b,PPO_seed7
767,6.8693,1101.9192327611465,0.0,0.0,0.4907983638798193,25.00818538670587,0.05963620028131377,0.0,0.01035638376655213,0.04407676931044586,0.0,0.0,wltp_class3b,PPO_seed7
768,6.6237,971.6322126409323,0.0,0.0,0.4908044784599678,25.008184910474693,0.05258502756834159,0.0,0.009131881697753122,0.038865288505637294,0.0,0.0,wltp_class3b,PPO_seed7
769,6.3938,833.552356793322,0.0,0.0,0.49080972406120116,25.008184175110873,0.04511210424209272,0.0,0.00783413869166656,0.03334209427173288,0.0,0.0,wltp_class3b,PPO_seed7
770,6.1811,693.7250765521318,0.0,0.0,0.49081408969915064,25.00818321890414,0.03754460978212214,0.0,0.0065199725239862005,0.027749003062085272,0.0,0.0,wltp_class3b,PPO_seed7
771,5.9858,561.1553716537969,0.0,0.0,0.4908176210564099,25.00818209031839,0.03036989748243632,0.0,0.00527401665088155,0.02244621486615188,0.0,0.0,wltp_class3b,PPO_seed7
772,5.8071,441.6000616294582,0.0,0.0,0.4908204000408993,25.008180836437617,0.023899528147434887,0.0,0.004150376519073855,0.017664002465178328,0.0,0.0,wltp_class3b,PPO_seed7
773,5.6432,340.06270253643385,0.0,0.0,0.4908225400454353,25.008179498076306,0.0184042957357688,0.0,0.003196078031357461,0.013602508101457354,0.0,0.0,wltp_class3b,PPO_seed7
774,5.4912,261.6371954173406,0.0,0.0,0.4908241865163614,25.008178107600823,0.014159883703864793,0.0,0.0024589961975313964,0.010465487816693623,0.0,0.0,wltp_class3b,PPO_seed7
775,5.3476,207.99642702917654,0.0,0.0,0.49082549542549614,25.008176687247943,0.011256829186135436,0.0,0.0019548536374922607,0.008319857081167063,0.0,0.0,wltp_class3b,PPO_seed7
776,5.2083,180.72617559089332,0.0,0.0,0.4908266327223474,25.00817525183507,0.009780954976716166,0.0,0.0016985542818692982,0.007229047023635733,0.0,0.0,wltp_class3b,PPO_seed7
777,5.0691,178.38776040801892,0.0,0.0,0.4908277553017106,25.00817381126377,0.009654399243736242,0.0,0.0016765766955640876,0.007135510416320757,0.0,0.0,wltp_class3b,PPO_seed7
778,4.9255,200.58959089923397,0.0,0.0,0.4908290175931732,25.008172374687284,0.010855968987163055,0.0,0.001885240515970244,0.00802358363596936,0.0,0.0,wltp_class3b,PPO_seed7
779,4.7735,242.2774981259794,0.0,0.0,0.49083054222006034,25.008170951797492,0.013112131063990977,0.0,0.0022770441553193552,0.009691099925039177,0.0,0.0,wltp_class3b,PPO_seed7
780,4.6095,298.89794017198454,0.0,0.0,0.4908324231500001,25.00816955417255,0.016176446416225145,0.0,0.0028091911670299298,0.011955917606879382,0.0,0.0,wltp_class3b,PPO_seed7
781,4.4308,363.2789007533804,0.0,0.0,0.4908347092173186,25.008168193148627,0.019660763365585206,0.0,0.0034142753830204925,0.014531156030135217,0.0,0.0,wltp_class3b,PPO_seed7
782,4.2356,428.57140828584835,0.0,0.0,0.49083740615621785,25.008166877310856,0.023194413510086737,0.0,0.0040279267696038375,0.017142856331433934,0.0,0.0,wltp_class3b,PPO_seed7
783,4.0229,488.8798993255084,0.0,0.0,0.49084048260081176,25.00816561016258,0.02645832718304518,0.0,0.004594735895916432,0.019555195973020335,0.0,0.0,wltp_class3b,PPO_seed7
784,3.793,536.8852383205533,0.0,0.0,0.49084386112726214,25.008164386114256,0.029056390567152948,0.0,0.005045913893990162,0.02147540953282213,0.0,0.0,wltp_class3b,PPO_seed7
785,3.5474,567.1970372361716,0.0,0.0,0.49084743039163986,25.008163190532056,0.03069687424079671,0.0,0.00533079922214447,0.022687881489446865,0.0,0.0,wltp_class3b,PPO_seed7
786,3.2883,577.9454868074461,0.0,0.0,0.49085106728471173,25.008162003801996,0.031278583564210496,0.0,0.005431818485032388,0.02311781947229784,0.0,0.0,wltp_class3b,PPO_seed7
787,3.0189,567.5863987547654,0.0,0.0,0.49085463898118936,25.00816080353083,0.030717946603284217,0.0,0.005334458634913208,0.022703455950190615,0.0,0.0,wltp_class3b,PPO_seed7
788,2.7431,537.2346194765228,0.0,0.0,0.4908580196724857,25.008159569732335,0.029075299180391055,0.0,0.005049197551471079,0.02148938477906091,0.0,0.0,wltp_class3b,PPO_seed7
789,2.4652,490.11155301272186,0.0,0.0,0.49086110382254944,25.008158288829467,0.026524984651019334,0.0,0.004606311588465431,0.019604462120508873,0.0,0.0,wltp_class3b,PPO_seed7
790,2.1894,431.31548245265867,0.0,0.0,0.49086381797817713,25.008156955814727,0.023342923629279977,0.0,0.004053716940344536,0.017252619298106345,0.0,0.0,wltp_class3b,PPO_seed7
791,1.9201,365.18109763079013,0.0,0.0,0.4908661159634454,25.00815557247473,0.019763710832679904,0.0,0.003432153173221712,0.014607243905231606,0.0,0.0,wltp_class3b,PPO_seed7
792,1.661,297.5781804788737,0.0,0.0,0.4908679885392577,25.008154146536945,0.016105020624713782,0.0,0.0027967874105157306,0.011903127219154949,0.0,0.0,wltp_class3b,PPO_seed7
793,1.4153,232.77003622404206,0.0,0.0,0.4908694532939417,25.00815268807003,0.012597584366471088,0.0,0.002187688310376335,0.009310801448961683,0.0,0.0,wltp_class3b,PPO_seed7
794,1.1855,174.16307522724344,0.0,0.0,0.4908705492509416,25.008151207157535,0.009425758011170663,0.0,0.0016368710077748444,0.006966523009089737,0.0,0.0,wltp_class3b,PPO_seed7
795,1.25,-317.3111165364583,0.0,0.0,0.49086855250676303,25.008149793007636,-0.0005964494671737939,0.0,0.0029822473358689693,0.0,0.0,0.0,wltp_class3b,PPO_seed7
796,1.0417,128.09388090812703,0.0,0.0,0.4908693585641894,25.008148299512282,0.006932479359223296,0.0,0.0012038898581590886,0.005123755236325082,0.0,0.0,wltp_class3b,PPO_seed7
797,0.8333,102.69842879118924,0.0,0.0,0.49087000481510734,25.008146800672122,0.005558069852924662,0.0,0.0009652107969096733,0.004107937151647569,0.0,0.0,wltp_class3b,PPO_seed7
798,0.625,77.03699951171878,0.0,0.0,0.49087048958601875,25.008145297697794,0.00416926558259663,0.0,0.0007240319502981088,0.003081479980468751,0.0,0.0,wltp_class3b,PPO_seed7
799,0.4167,51.40025481174041,0.0,0.0,0.49087081303242364,25.008143791857844,0.002781797249134642,0.0,0.0004830851016141016,0.0020560101924696162,0.0,0.0,wltp_class3b,PPO_seed7
800,0.2083,25.728735797927524,0.0,0.0,0.4908709749356152,25.008142284407516,0.001392446919349491,0.0,0.00024181142667225117,0.0010291494319171009,0.0,0.0,wltp_class3b,PPO_seed7
801,0.0,0.0,0.0,0.0,0.4908709749356152,25.008140776602502,0.0,0.0,0.0,0.0,0.0,0.0,wltp_class3b,PPO_seed7
802,0.1562,-61.79148199738392,0.0,0.0,0.4908705861004716,25.00813927268766,-0.00011614940225072165,0.0,0.0005807470112536082,0.0,0.0,0.0,wltp_class3b,PPO_seed7
803,0.3125,-123.68454869588216,0.0,0.0,0.4908698077907954,25.00813777992431,-0.00023248975318774842,0.0,0.001162448765938742,0.0,0.0,0.0,wltp_class3b,PPO_seed7
804,0.4688,-185.58015782992058,0.0,0.0,0.49086863999019614,25.008136305580425,-0.0003488348831389485,0.0,0.0017441744156947423,0.0,0.0,0.0,wltp_class3b,PPO_seed7
805,0.625,-247.37916734483505,0.0,0.0,0.49086708330591977,25.008134856892074,-0.0004649984348587125,0.0,0.0023249921742935623,0.0,0.0,0.0,wltp_class3b,PPO_seed7
806,0.7812,-309.3047130638377,0.0,0.0,0.4908651369408596,25.008133441212568,-0.0005813998365861612,0.0,0.0029069991829308054,0.0,0.0,0.0,wltp_class3b,PPO_seed7
807,0.9375,-371.4828147888183,0.0,0.0,0.4908627993046826,25.00813206605513,-0.0006982759676481547,0.0,0.0034913798382407734,0.0,0.0,0.0,wltp_class3b,PPO_seed7
808,1.0938,-433.619917153753,0.0,0.0,0.4908600706541022,25.008130738813694,-0.0008150750322438966,0.0,0.004075375161219483,0.0,0.0,0.0,wltp_class3b,PPO_seed7
809,1.25,-495.6166720920137,0.0,0.0,0.4908569518708024,25.00812946681174,-0.0009316102858872438,0.0,0.004658051429436219,0.0,0.0,0.0,wltp_class3b,PPO_seed7
810,1.6203,-1183.0791891941258,0.0,0.0,0.4908495070581448,25.008129287653052,-0.0022238330623949734,0.0,0.011119165311974866,0.0,0.0,0.0,wltp_class3b,PPO_seed7
811,1.7258,-549.5919187761899,0.0,0.0,0.49084604860432884,25.0081280723898,-0.0010330675164965976,0.0,0.005165337582482988,0.0,0.0,0.0,wltp_class3b,PPO_seed7
812,1.821,-551.0927823094016,0.0,0.0,0.4908425807005203,25.00812686012631,-0.0010358886885515068,0.0,0.005179443442757534,0.0,0.0,0.0,wltp_class3b,PPO_seed7
813,1.9098,-559.3241196315811,0.0,0.0,0.49083906099339747,25.008125658052524,-0.0010513611271270322,0.0,0.005256805635635161,0.0,0.0,0.0,wltp_class3b,PPO_seed7
814,1.9964,-578.2503010256704,0.0,0.0,0.49083542218239024,25.00812447800767,-0.0010869366560632904,0.0,0.0054346832803164515,0.0,0.0,0.0,wltp_class3b,PPO_seed7
815,2.0852,-611.5497805009854,0.0,0.0,0.4908315738186911,25.00812333725912,-0.0011495296625958372,0.0,0.005747648312979186,0.0,0.0,0.0,wltp_class3b,PPO_seed7
816,2.1805,-662.0661534074676,0.0,0.0,0.49082740755863913,25.008122259408843,-0.0012444852507659167,0.0,0.006222426253829583,0.0,0.0,0.0,wltp_class3b,PPO_seed7
817,2.286,-731.0015576613475,0.0,0.0,0.4908228074928755,25.008121274750287,-0.0013740630783108038,0.0,0.0068703153915540185,0.0,0.0,0.0,wltp_class3b,PPO_seed7
818,2.4049,-819.9373591842818,0.0,0.0,0.4908176477596821,25.008120423357976,-0.0015412356375644398,0.0,0.007706178187822198,0.0,0.0,0.0,wltp_class3b,PPO_seed7
819,2.5396,-929.271414314823,0.0,0.0,0.490811799992274,25.008119756263167,-0.0017467507787872615,0.0,0.008733753893936307,0.0,0.0,0.0,wltp_class3b,PPO_seed7
820,2.6915,-1058.1192781526831,0.0,0.0,0.4908051413877784,25.008119335586816,-0.001988946011565194,0.0,0.009944730057825969,0.0,0.0,0.0,wltp_class3b,PPO_seed7
821,2.8608,-1203.6848672030599,0.0,0.0,0.4907975667366245,25.008119231591042,-0.002262565539855376,0.0,0.011312827699276879,0.0,0.0,0.0,wltp_class3b,PPO_seed7
822,3.0467,-1362.5356262925109,0.0,0.0,0.4907889924276487,25.00811951977366,-0.002561157192279156,0.0,0.012805785961395779,0.0,0.0,0.0,wltp_class3b,PPO_seed7
823,3.2473,-1528.9046645951673,0.0,0.0,0.49077937113790865,25.00812027121416,-0.002873880948487157,0.0,0.014369404742435784,0.0,0.0,0.0,wltp_class3b,PPO_seed7
824,3.4599,-1696.477420326854,0.0,0.0,0.49076869527962197,25.008121544112594,-0.003188867331441455,0.0,0.015944336657207275,0.0,0.0,0.0,wltp_class3b,PPO_seed7
825,3.6809,-1856.3402309749479,0.0,0.0,0.4907570133570884,25.00812336674322,-0.003489361336419075,0.0,0.017446806682095375,0.0,0.0,0.0,wltp_class3b,PPO_seed7
826,3.9062,-2000.003510509824,0.0,0.0,0.4907444272995232,25.00812572843193,-0.003759405094943279,0.0,0.018797025474716393,0.0,0.0,0.0,wltp_class3b,PPO_seed7
827,4.1316,-2120.4387591921227,0.0,0.0,0.4907310832681911,25.0081285771767,-0.0039857871413385764,0.0,0.019928935706692883,0.0,0.0,0.0,wltp_class3b,PPO_seed7
828,4.3526,-2208.8523671179896,0.0,0.0,0.49071718276617105,25.008131808246006,-0.004151978133680432,0.0,0.02075989066840216,0.0,0.0,0.0,wltp_class3b,PPO_seed7
829,4.5652,-2262.1620499269616,0.0,0.0,0.49070294669844466,25.008135287390598,-0.004252184304373988,0.0,0.021260921521869938,0.0,0.0,0.0,wltp_class3b,PPO_seed7
830,4.7658,-2277.8294938344,0.0,0.0,0.4906886119495463,25.008138858355107,-0.004281634386906767,0.0,0.021408171934533836,0.0,0.0,0.0,wltp_class3b,PPO_seed7
831,4.9517,-2258.693618446477,0.0,0.0,0.49067439754414416,25.008142373030967,-0.004245664696327965,0.0,0.021228323481639822,0.0,0.0,0.0,wltp_class3b,PPO_seed7
832,5.121,-2208.800486841978,0.0,0.0,0.4906604970494475,25.008145703249884,-0.004151880614364621,0.0,0.020759403071823102,0.0,0.0,0.0,wltp_class3b,PPO_seed7
833,5.2729,-2136.476608649905,0.0,0.0,0.49064705163604905,25.00814876237159,-0.004015933474905836,0.0,0.02007966737452918,0.0,0.0,0.0,wltp_class3b,PPO_seed7
834,5.4076,-2050.929678104803,0.0,0.0,0.49063414453041476,25.00815150792101,-0.0038551309738812088,0.0,0.019275654869406043,0.0,0.0,0.0,wltp_class3b,PPO_seed7
835,5.5265,-1964.4055525099045,0.0,0.0,0.4906217818928439,25.008153948685376,-0.0036924916400562116,0.0,0.018462458200281057,0.0,0.0,0.0,wltp_class3b,PPO_seed7
836,5.632,-1888.3947987235201,0.0,0.0,0.49060989756876533,25.00815613460267,-0.003549614283314888,0.0,0.01774807141657444,0.0,0.0,0.0,wltp_class3b,PPO_seed7
837,5.7273,-1833.1084426296486,0.0,0.0,0.4905983611398936,25.008158146431505,-0.003445692561333926,0.0,0.01722846280666963,0.0,0.0,0.0,wltp_class3b,PPO_seed7
838,5.8161,-1806.2163597311185,0.0,0.0,0.4905869939156981,25.00816008491671,-0.0033951435333291705,0.0,0.01697571766664585,0.0,0.0,0.0,wltp_class3b,PPO_seed7
839,5.9027,-1816.4201251143488,0.0,0.0,0.49057556243994915,25.00816207688603,-0.003414323543448025,0.0,0.017071617717240122,0.0,0.0,0.0,wltp_class3b,PPO_seed7
840,5.9915,-1867.958618595627,0.0,0.0,0.49056380657562293,25.00816426713304,-0.003511200410894036,0.0,0.01755600205447018,0.0,0.0,0.0,wltp_class3b,PPO_seed7
841,6.0867,-1962.3364038455163,0.0,0.0,0.4905514567126812,25.008166819148233,-0.0036886022628675116,0.0,0.018443011314337558,0.0,0.0,0.0,wltp_class3b,PPO_seed7
842,6.1922,-2100.2624155183266,0.0,0.0,0.49053823877478053,25.008169923316547,-0.003947861683305126,0.0,0.019739308416525627,0.0,0.0,0.0,wltp_class3b,PPO_seed7
843,6.3112,-2278.662302500072,0.0,0.0,0.4905238980284938,25.008173792077528,-0.004283199816729459,0.0,0.021415999083647295,0.0,0.0,0.0,wltp_class3b,PPO_seed7
844,6.4459,-2491.209391289569,0.0,0.0,0.4905082195512158,25.00817865023854,-0.004682724419717235,0.0,0.023413622098586172,0.0,0.0,0.0,wltp_class3b,PPO_seed7
845,6.5978,-2734.1033835814346,0.0,0.0,0.4904910123310827,25.008184745329228,-0.005139292074401194,0.0,0.025696460372005965,0.0,0.0,0.0,wltp_class3b,PPO_seed7
846,6.7671,-2996.3955602359883,0.0,0.0,0.4904721542556247,25.008192305751074,-0.005632322481646595,0.0,0.028161612408232974,0.0,0.0,0.0,wltp_class3b,PPO_seed7
847,6.953,-3268.6433322823964,0.0,0.0,0.49045158263396954,25.008201531353926,-0.006144066414064655,0.0,0.030720332070323274,0.0,0.0,0.0,wltp_class3b,PPO_seed7
848,7.1536,-3538.3871142749244,0.0,0.0,0.4904293131864237,25.008212554693394,-0.006651103598261137,0.0,0.03325551799130568,0.0,0.0,0.0,wltp_class3b,PPO_seed7
849,7.3662,-3794.3718951375536,0.0,0.0,0.4904054324663686,25.008225424145973,-0.00713227799837886,0.0,0.0356613899918943,0.0,0.0,0.0,wltp_class3b,PPO_seed7
850,7.5872,-4022.04166232987,0.0,0.0,0.49038011863970227,25.008240057330944,-0.007560228688589982,0.0,0.03780114344294991,0.0,0.0,0.0,wltp_class3b,PPO_seed7
851,7.8125,-4209.615039825438,0.0,0.0,0.49035362402715965,25.00825624093665,-0.007912810225235786,0.0,0.039564051126178924,0.0,0.0,0.0,wltp_class3b,PPO_seed7
852,8.0378,-4347.832696624628,0.0,0.0,0.49032625923590395,25.00827364172743,-0.008172617850798173,0.0,0.04086308925399086,0.0,0.0,0.0,wltp_class3b,PPO_seed7
853,8.2588,-4429.563553578482,0.0,0.0,0.49029837976869756,25.008291826320356,-0.00832624728116256,0.0,0.0416312364058128,0.0,0.0,0.0,wltp_class3b,PPO_seed7
854,8.4714,-4450.5532313182175,0.0,0.0,0.49027036792111856,25.00831029704903,-0.008365701562628228,0.0,0.04182850781314114,0.0,0.0,0.0,wltp_class3b,PPO_seed7
855,8.672,-4411.538420203085,0.0,0.0,0.4902426013689534,25.008328552388097,-0.008292365451509558,0.0,0.04146182725754779,0.0,0.0,0.0,wltp_class3b,PPO_seed7
856,8.8579,-4320.471466020299,0.0,0.0,0.4902154077509913,25.00834616598766,-0.00812118696620357,0.0,0.04060593483101785,0.0,0.0,0.0,wltp_class3b,PPO_seed7
857,9.0272,-4185.962283018887,0.0,0.0,0.4901890605263136,25.008362803555517,-0.00786835015605054,0.0,0.0393417507802527,0.0,0.0,0.0,wltp_class3b,PPO_seed7
858,9.1791,-4022.8261429191384,0.0,0.0,0.49016373991212225,25.008378273827994,-0.007561703276163794,0.0,0.03780851638081897,0.0,0.0,0.0,wltp_class3b,PPO_seed7
859,9.3138,-3846.2583748240477,0.0,0.0,0.490139530485918,25.008392520396157,-0.007229808975233173,0.0,0.03614904487616586,0.0,0.0,0.0,wltp_class3b,PPO_seed7
860,9.4328,-3677.3614704943107,0.0,0.0,0.49011638399909374,25.008405645555012,-0.0069123335911547195,0.0,0.034561667955773596,0.0,0.0,0.0,wltp_class3b,PPO_seed7
861,9.5383,-3529.372373639094,0.0,0.0,0.49009416888042906,25.00841783250784,-0.006634158597065966,0.0,0.03317079298532983,0.0,0.0,0.0,wltp_class3b,PPO_seed7
862,9.6335,-3420.550996742537,0.0,0.0,0.49007263861746647,25.008429365685686,-0.006429607136734092,0.0,0.03214803568367046,0.0,0.0,0.0,wltp_class3b,PPO_seed7
863,9.7223,-3365.081908237652,0.0,0.0,0.49005145740599576,25.008440597516003,-0.006325341932777541,0.0,0.031626709663887705,0.0,0.0,0.0,wltp_class3b,PPO_seed7
864,9.8089,-3371.209172625541,0.0,0.0,0.4900302375408936,25.008451919115753,-0.006336859347040491,0.0,0.031684296735202455,0.0,0.0,0.0,wltp_class3b,PPO_seed7
865,9.8977,-3445.7499248067643,0.0,0.0,0.49000854839731334,25.00846377167397,-0.006476973542869857,0.0,0.032384867714349286,0.0,0.0,0.0,wltp_class3b,PPO_seed7
866,9.993,-3591.0672153244313,0.0,0.0,0.48998594446574195,25.008476645358137,-0.006750126344594796,0.0,0.033750631722973976,0.0,0.0,0.0,wltp_class3b,PPO_seed7
867,10.0985,-3801.7516710498167,0.0,0.0,0.4899620142742743,25.008491053945004,-0.007146149757612437,0.0,0.035730748788062185,0.0,0.0,0.0,wltp_class3b,PPO_seed7
868,10.2174,-4073.951510086373,0.0,0.0,0.4899363705834672,25.008507563648777,-0.00765780359038792,0.0,0.0382890179519396,0.0,0.0,0.0,wltp_class3b,PPO_seed7
869,10.3521,-4398.89848513872,0.0,0.0,0.48990868133173715,25.00852676655557,-0.008268606175072784,0.0,0.041343030875363916,0.0,0.0,0.0,wltp_class3b,PPO_seed7
870,10.504,-4763.984422749381,0.0,0.0,0.4898786938055242,25.008549241786277,-0.008954857937498837,0.0,0.04477428968749419,0.0,0.0,0.0,wltp_class3b,PPO_seed7
871,10.6733,-5152.0823652310655,0.0,0.0,0.48984626308439516,25.00857548739964,-0.009684365348178695,0.0,0.04842182674089347,0.0,0.0,0.0,wltp_class3b,PPO_seed7
872,10.8592,-5547.6969273496015,0.0,0.0,0.48981134177417934,25.008605891450205,-0.010428001743138349,0.0,0.052140008715691744,0.0,0.0,0.0,wltp_class3b,PPO_seed7
873,11.0598,-5931.574074108336,0.0,0.0,0.4897740036715777,25.008640643791818,-0.011149575327271309,0.0,0.055747876636356546,0.0,0.0,0.0,wltp_class3b,PPO_seed7
874,11.2724,-6287.373629030649,0.0,0.0,0.4897344254297195,25.008679714276155,-0.011818371483140319,0.0,0.05909185741570159,0.0,0.0,0.0,wltp_class3b,PPO_seed7
875,11.4934,-6594.704250547138,0.0,0.0,0.4896929120685812,25.008722760230484,-0.012396060621329207,0.0,0.06198030310664603,0.0,0.0,0.0,wltp_class3b,PPO_seed7
876,11.7187,-6838.272910759317,0.0,0.0,0.4896498648926138,25.008769153725286,-0.012853896448795707,0.0,0.06426948224397853,0.0,0.0,0.0,wltp_class3b,PPO_seed7
877,11.9441,-7008.988167795626,0.0,0.0,0.48960574246104854,25.008818053946143,-0.013174789789089522,0.0,0.06587394894544761,0.0,0.0,0.0,wltp_class3b,PPO_seed7
878,12.1651,-7093.391358923186,0.0,0.0,0.4895610880871701,25.008868363288336,-0.013333442403990951,0.0,0.06666721201995475,0.0,0.0,0.0,wltp_class3b,PPO_seed7
879,12.3777,-7093.465508410681,0.0,0.0,0.48951643263624467,25.00891896248771,-0.013333581782726846,0.0,0.06666790891363422,0.0,0.0,0.0,wltp_class3b,PPO_seed7
880,12.5783,-7010.528585317102,0.0,0.0,0.4894722987109684,25.008968742297128,-0.013177685310746432,0.0,0.06588842655373216,0.0,0.0,0.0,wltp_class3b,PPO_seed7
881,12.7642,-6857.501646225737,0.0,0.0,0.48942912760224166,25.009016792308156,-0.012890040688394245,0.0,0.06445020344197122,0.0,0.0,0.0,wltp_class3b,PPO_seed7
882,12.887,-5682.330853734961,0.0,0.0,0.48939335430996805,25.009051150977843,-0.010681073033336394,0.0,0.05340536516668196,0.0,0.0,0.0,wltp_class3b,PPO_seed7
883,12.9923,-5395.828010245633,0.0,0.0,0.4893593844549963,25.009082657583004,-0.010142533853845176,0.0,0.05071266926922587,0.0,0.0,0.0,wltp_class3b,PPO_seed7
884,13.0805,-5102.142763545035,0.0,0.0,0.4893272633194199,25.00911136836053,-0.009590493916438037,0.0,0.04795246958219018,0.0,0.0,0.0,wltp_class3b,PPO_seed7
885,13.1529,-4821.751837522294,0.0,0.0,0.4892969072650625,25.009137537464056,-0.009063443303613335,0.0,0.04531721651806667,0.0,0.0,0.0,wltp_class3b,PPO_seed7
886,13.2119,-4580.028341586999,0.0,0.0,0.4892680729031638,25.009161618883912,-0.00860907583005075,0.0,0.04304537915025375,0.0,0.0,0.0,wltp_class3b,PPO_seed7
887,13.2606,-4394.463743343933,0.0,0.0,0.48924040671162417,25.009184162934393,-0.008260270194255513,0.0,0.041301350971277566,0.0,0.0,0.0,wltp_class3b,PPO_seed7
888,13.3029,-4284.802568571573,0.0,0.0,0.4892134308501813,25.009205826481384,-0.00805414016648792,0.0,0.040270700832439596,0.0,0.0,0.0,wltp_class3b,PPO_seed7
889,13.343,-4260.409891945913,0.0,0.0,0.489186608506285,25.00922730231341,-0.008008289270575024,0.0,0.04004144635287512,0.0,0.0,0.0,wltp_class3b,PPO_seed7
890,13.3852,-4326.455853429073,0.0,0.0,0.4891593703058838,25.009249322189817,-0.008132435814716302,0.0,0.04066217907358151,0.0,0.0,0.0,wltp_class3b,PPO_seed7
891,13.4339,-4488.309813303726,0.0,0.0,0.4891311130588544,25.009272706127067,-0.008436672581397981,0.0,0.0421833629069899,0.0,0.0,0.0,wltp_class3b,PPO_seed7
892,13.4929,-4736.768701935417,0.0,0.0,0.4891012915012615,25.009298288572502,-0.008903700567547777,0.0,0.04451850283773888,0.0,0.0,0.0,wltp_class3b,PPO_seed7
893,13.5653,-5060.517939630019,0.0,0.0,0.48906943158739874,25.00932692558062,-0.009512251766221842,0.0,0.047561258831109204,0.0,0.0,0.0,wltp_class3b,PPO_seed7
894,13.6535,-5448.2000291183,0.0,0.0,0.4890351307581128,25.009359501182296,-0.010240977498342671,0.0,0.05120488749171335,0.0,0.0,0.0,wltp_class3b,PPO_seed7
895,13.7589,-5881.678824362203,0.0,0.0,0.4889981006163167,25.009396843715315,-0.011055787263838728,0.0,0.05527893631919364,0.0,0.0,0.0,wltp_class3b,PPO_seed7
896,13.8817,-6337.514220470535,0.0,0.0,0.48895820032110826,25.00943961674828,-0.011912620715170179,0.0,0.059563103575850894,0.0,0.0,0.0,wltp_class3b,PPO_seed7
897,14.021,-6792.915449824598,0.0,0.0,0.48891543250451786,25.0094882503823,-0.01276863806358007,0.0,0.06384319031790035,0.0,0.0,0.0,wltp_class3b,PPO_seed7
898,14.1751,-7230.006160895886,0.0,0.0,0.4888699123380669,25.00954292890361,-0.013590237144541141,0.0,0.0679511857227057,0.0,0.0,0.0,wltp_class3b,PPO_seed7
899,14.3412,-7622.230753056519,0.0,0.0,0.48882192218648646,25.00960340589004,-0.014327501415519773,0.0,0.07163750707759886,0.0,0.0,0.0,wltp_class3b,PPO_seed7
900,14.5156,-7945.140638999567,0.0,0.0,0.4887718983563495,25.009668962568043,-0.014934474885337532,0.0,0.07467237442668766,0.0,0.0,0.0,wltp_class3b,PPO_seed7
901,14.6944,-8188.551614902757,0.0,0.0,0.48872034129992764,25.00973858831293,-0.015392014313726988,0.0,0.07696007156863494,0.0,0.0,0.0,wltp_class3b,PPO_seed7
902,14.8732,-8334.26297301999,0.0,0.0,0.48866786609867385,25.009810866762137,-0.015665907844022536,0.0,0.07832953922011268,0.0,0.0,0.0,wltp_class3b,PPO_seed7
903,15.0477,-8377.42941383014,0.0,0.0,0.4886151183843423,25.009884213040014,-0.015747047770357406,0.0,0.07873523885178703,0.0,0.0,0.0,wltp_class3b,PPO_seed7
904,15.2138,-8315.916692533836,0.0,0.0,0.4885627572722434,25.00995697156633,-0.01563142235438691,0.0,0.07815711177193455,0.0,0.0,0.0,wltp_class3b,PPO_seed7
905,15.3679,-8155.717911825492,0.0,0.0,0.488511404186431,25.010027603113702,-0.015330296826739646,0.0,0.07665148413369822,0.0,0.0,0.0,wltp_class3b,PPO_seed7
906,15.5072,-7911.714431200839,0.0,0.0,0.4884615868868122,25.010094868564458,-0.01487164366767075,0.0,0.07435821833835375,0.0,0.0,0.0,wltp_class3b,PPO_seed7
907,15.63,-7608.215515519249,0.0,0.0,0.48841368009223673,25.010157983825124,-0.01430115698405874,0.0,0.07150578492029369,0.0,0.0,0.0,wltp_class3b,PPO_seed7
908,15.7354,-7264.097723599734,0.0,0.0,0.4883679396734617,25.010216518851383,-0.01365431902932281,0.0,0.06827159514661404,0.0,0.0,0.0,wltp_class3b,PPO_seed7
909,15.8236,-6907.253770206415,0.0,0.0,0.4883244458686213,25.010270481909632,-0.01298355971843311,0.0,0.06491779859216555,0.0,0.0,0.0,wltp_class3b,PPO_seed7
910,15.896,-6569.559665470344,0.0,0.0,0.4882830781890368,25.010320301373635,-0.012348796363666061,0.0,0.0617439818183303,0.0,0.0,0.0,wltp_class3b,PPO_seed7
911,15.9549,-6276.387899879702,0.0,0.0,0.4882435563619601,25.01036667295137,-0.01179772161631523,0.0,0.05898860808157615,0.0,0.0,0.0,wltp_class3b,PPO_seed7
912,16.0036,-6056.21672436248,0.0,0.0,0.4882054207697685,25.010410550735852,-0.011383866023237744,0.0,0.05691933011618872,0.0,0.0,0.0,wltp_class3b,PPO_seed7
913,16.0459,-5925.2249405350985,0.0,0.0,0.4881681098963909,25.010452989226696,-0.01113764086566748,0.0,0.05568820432833739,0.0,0.0,0.0,wltp_class3b,PPO_seed7
914,16.086,-5897.127635264951,0.0,0.0,0.48813097584195253,25.010495141981842,-0.011084826382076977,0.0,0.05542413191038488,0.0,0.0,0.0,wltp_class3b,PPO_seed7
915,16.1283,-5980.707322629761,0.0,0.0,0.4880933153831861,25.010538259484278,-0.011241931057574739,0.0,0.05620965528787369,0.0,0.0,0.0,wltp_class3b,PPO_seed7
916,16.177,-6174.730396285047,0.0,0.0,0.4880544330438913,25.010583645512135,-0.01160663608324257,0.0,0.05803318041621285,0.0,0.0,0.0,wltp_class3b,PPO_seed7
917,16.236,-6475.5809170157,0.0,0.0,0.4880136560948352,25.01063269540671,-0.01217214458085658,0.0,0.06086072290428289,0.0,0.0,0.0,wltp_class3b,PPO_seed7
918,16.3084,-6866.912623619235,0.0,0.0,0.4879704147138111,25.01068678765468,-0.012907730495524877,0.0,0.06453865247762439,0.0,0.0,0.0,wltp_class3b,PPO_seed7
919,16.3966,-7334.756894504622,0.0,0.0,0.4879242270118403,25.010747318882412,-0.01378713701974553,0.0,0.06893568509872765,0.0,0.0,0.0,wltp_class3b,PPO_seed7
920,16.5019,-7854.308647627461,0.0,0.0,0.48787476726993123,25.010815528954666,-0.014763738059450117,0.0,0.07381869029725058,0.0,0.0,0.0,wltp_class3b,PPO_seed7
921,16.6247,-8404.945710674105,0.0,0.0,0.48782183960185166,25.01089248818809,-0.015798770132846064,0.0,0.07899385066423031,0.0,0.0,0.0,wltp_class3b,PPO_seed7
922,16.7641,-8954.028908747348,0.0,0.0,0.48776545363334933,25.010978813683337,-0.01683088140741983,0.0,0.08415440703709914,0.0,0.0,0.0,wltp_class3b,PPO_seed7
923,16.9182,-9474.65425455097,0.0,0.0,0.4877057884000315,25.011074634286388,-0.017809500478479266,0.0,0.08904750239239632,0.0,0.0,0.0,wltp_class3b,PPO_seed7
924,17.0842,-9940.370294932594,0.0,0.0,0.48764318951370567,25.01117949260893,-0.01868490656942217,0.0,0.09342453284711084,0.0,0.0,0.0,wltp_class3b,PPO_seed7
925,17.2587,-10330.705582909537,0.0,0.0,0.48757813152247337,25.011292377983295,-0.019418619516747254,0.0,0.09709309758373626,0.0,0.0,0.0,wltp_class3b,PPO_seed7
926,17.4375,-10617.756140716525,0.0,0.0,0.48751126473601886,25.011411540317095,-0.01995818823442956,0.0,0.09979094117214779,0.0,0.0,0.0,wltp_class3b,PPO_seed7
927,17.6163,-10791.325086848909,0.0,0.0,0.4874433037340994,25.011534837738168,-0.020284445651971635,0.0,0.10142222825985817,0.0,0.0,0.0,wltp_class3b,PPO_seed7
928,17.7908,-10843.628153441741,0.0,0.0,0.487375012182811,25.011659839413934,-0.020382759686920566,0.0,0.10191379843460283,0.0,0.0,0.0,wltp_class3b,PPO_seed7
929,17.9568,-10769.815859058654,0.0,0.0,0.4873071843576439,25.011783960385944,-0.020244014772666644,0.0,0.1012200738633332,0.0,0.0,0.0,wltp_class3b,PPO_seed7
930,18.1109,-10585.969518654387,0.0,0.0,0.48724051332110463,25.011904970381178,-0.019898438944839072,0.0,0.09949219472419536,0.0,0.0,0.0,wltp_class3b,PPO_seed7
931,18.2503,-10304.33123197834,0.0,0.0,0.4871756150874146,25.012020974373403,-0.01936904366913222,0.0,0.0968452183456611,0.0,0.0,0.0,wltp_class3b,PPO_seed7
932,18.3731,-9947.649194427837,0.0,0.0,0.487112962438583,25.012130645349078,-0.01869858871133052,0.0,0.09349294355665261,0.0,0.0,0.0,wltp_class3b,PPO_seed7
933,18.4784,-9543.65409251351,0.0,0.0,0.4870528535233976,25.012233296202915,-0.01793919942201788,0.0,0.08969599711008938,0.0,0.0,0.0,wltp_class3b,PPO_seed7
934,18.5666,-9130.882271918033,0.0,0.0,0.4869953437795891,25.012329005905656,-0.01716331254119931,0.0,0.08581656270599655,0.0,0.0,0.0,wltp_class3b,PPO_seed7
935,18.639,-8737.802286061886,0.0,0.0,0.4869403093249986,25.012418343662116,-0.01642444038733437,0.0,0.08212220193667186,0.0,0.0,0.0,wltp_class3b,PPO_seed7
936,18.698,-8399.846888964115,0.0,0.0,0.4868874030831568,25.012502401968664,-0.015789185881511496,0.0,0.07894592940755747,0.0,0.0,0.0,wltp_class3b,PPO_seed7
937,18.7467,-8141.392353127289,0.0,0.0,0.4868361244137731,25.012582553833912,-0.015303369084825734,0.0,0.07651684542412866,0.0,0.0,0.0,wltp_class3b,PPO_seed7
938,18.789,-7990.188191960834,0.0,0.0,0.48678579786402826,25.012660490194357,-0.015019150736768487,0.0,0.07509575368384243,0.0,0.0,0.0,wltp_class3b,PPO_seed7
939,18.8291,-7959.446933274696,0.0,0.0,0.486735664728283,25.012738028814766,-0.014961366415929881,0.0,0.0748068320796494,0.0,0.0,0.0,wltp_class3b,PPO_seed7
940,18.8714,-8059.544440065191,0.0,0.0,0.4866849009154208,25.012817146569102,-0.015149519624182692,0.0,0.07574759812091346,0.0,0.0,0.0,wltp_class3b,PPO_seed7
941,18.9201,-8289.107108940472,0.0,0.0,0.4866326909523573,25.01289989621497,-0.015581028400264048,0.0,0.07790514200132023,0.0,0.0,0.0,wltp_class3b,PPO_seed7
942,18.979,-8640.870037321887,0.0,0.0,0.4865782650890645,25.012988402668366,-0.01624223691225919,0.0,0.08121118456129593,0.0,0.0,0.0,wltp_class3b,PPO_seed7
943,19.0514,-9104.649246597332,0.0,0.0,0.4865209176813705,25.0130848799668,-0.017114002343228067,0.0,0.08557001171614033,0.0,0.0,0.0,wltp_class3b,PPO_seed7
944,19.1396,-9654.985945046556,0.0,0.0,0.48646010339848084,25.013191389610505,-0.01814846982151608,0.0,0.0907423491075804,0.0,0.0,0.0,wltp_class3b,PPO_seed7
945,19.245,-10268.688559042106,0.0,0.0,0.48639542294376764,25.013309826341924,-0.019302046163612984,0.0,0.09651023081806491,0.0,0.0,0.0,wltp_class3b,PPO_seed7
946,19.3678,-10912.245293293443,0.0,0.0,0.48632668806377993,25.013441622382448,-0.020511739273107978,0.0,0.10255869636553988,0.0,0.0,0.0,wltp_class3b,PPO_seed7
947,19.5071,-11553.310676489695,0.0,0.0,0.48625391421454234,25.013587615026957,-0.021716749391897924,0.0,0.10858374695948961,0.0,0.0,0.0,wltp_class3b,PPO_seed7
948,19.6612,-12166.759446037679,0.0,0.0,0.48617727509935504,25.013748052351122,-0.02286984858277759,0.0,0.11434924291388796,0.0,0.0,0.0,wltp_class3b,PPO_seed7
949,19.8273,-12715.857919462835,0.0,0.0,0.4860971758111264,25.01392219499841,-0.023901988570418864,0.0,0.1195099428520943,0.0,0.0,0.0,wltp_class3b,PPO_seed7
950,20.0018,-13170.58461946922,0.0,0.0,0.4860142105819688,25.01410834110687,-0.02475673800652109,0.0,0.12378369003260545,0.0,0.0,0.0,wltp_class3b,PPO_seed7
951,20.1806,-13508.262824606125,0.0,0.0,0.48592911654594817,25.014303946352513,-0.02539147147482354,0.0,0.1269573573741177,0.0,0.0,0.0,wltp_class3b,PPO_seed7
952,20.3594,-13714.419441957449,0.0,0.0,0.48584272208535506,25.01450584277115,-0.025778983913453853,0.0,0.12889491956726926,0.0,0.0,0.0,wltp_class3b,PPO_seed7
953,20.5338,-13777.164792762831,0.0,0.0,0.4857559305728758,25.01471037121233,-0.025896926302185777,0.0,0.12948463151092887,0.0,0.0,0.0,wltp_class3b,PPO_seed7
954,20.6999,-13704.42340477523,0.0,0.0,0.48566959555729833,25.01491399746256,-0.025760194369878253,0.0,0.12880097184939127,0.0,0.0,0.0,wltp_class3b,PPO_seed7
955,20.854,-13495.418560912574,0.0,0.0,0.485584575571324,25.015113194265197,-0.02536732812201612,0.0,0.1268366406100806,0.0,0.0,0.0,wltp_class3b,PPO_seed7
956,20.9933,-13173.960219803634,0.0,0.0,0.48550157922865805,25.015305160597578,-0.024763083119931643,0.0,0.12381541559965821,0.0,0.0,0.0,wltp_class3b,PPO_seed7
957,21.1161,-12773.02321453341,0.0,0.0,0.4854211074569377,25.015488073509164,-0.0240094421325816,0.0,0.120047210662908,0.0,0.0,0.0,wltp_class3b,PPO_seed7
958,21.2215,-12317.873233169981,0.0,0.0,0.485343502035051,25.01566086292135,-0.023153897054830792,0.0,0.11576948527415395,0.0,0.0,0.0,wltp_class3b,PPO_seed7
959,21.3097,-11845.75581964185,0.0,0.0,0.48526887009312,25.015823422657,-0.022266458307597464,0.0,0.11133229153798732,0.0,0.0,0.0,wltp_class3b,PPO_seed7
960,21.3821,-11399.203211915597,0.0,0.0,0.4851970507789066,25.015976607027824,-0.021427073706608266,0.0,0.10713536853304133,0.0,0.0,0.0,wltp_class3b,PPO_seed7
961,21.4411,-11015.47219119253,0.0,0.0,0.48512764847422973,25.01612198980282,-0.020705774795474682,0.0,0.1035288739773734,0.0,0.0,0.0,wltp_class3b,PPO_seed7
962,21.0368,3286.744728438899,0.0,0.0,0.4851483565672894,25.016162786240873,0.1778796131977684,0.0,0.030890457974049802,0.13146978913755597,0.0,0.0,wltp_class3b,PPO_seed7
963,20.6262,3516.9953300627476,0.0,0.0,0.485170514415607,25.01620214143233,0.1903408450059523,0.0,0.033054467387807776,0.1406798132025099,0.0,0.0,wltp_class3b,PPO_seed7
964,20.2134,3640.181365314939,0.0,0.0,0.4851934474078124,25.016239581606044,0.19700771028223252,0.0,0.0342122308770201,0.14560725461259755,0.0,0.0,wltp_class3b,PPO_seed7
965,19.8028,3654.7149014911847,0.0,0.0,0.485216471022753,25.01627456086726,0.1977942696310793,0.0,0.034348824262135196,0.1461885960596474,0.0,0.0,wltp_class3b,PPO_seed7
966,19.3986,3570.746777901066,0.0,0.0,0.48523896477568756,25.01630660286686,0.1932498895288111,0.0,0.033559650168243096,0.14282987111604264,0.0,0.0,wltp_class3b,PPO_seed7
967,19.0046,3402.430686306931,0.0,0.0,0.4852603974168908,25.016335373483127,0.18414057203035553,0.0,0.03197773201416289,0.13609722745227723,0.0,0.0,wltp_class3b,PPO_seed7
968,18.6241,3165.2115681819505,0.0,0.0,0.4852803350443551,25.01636071031099,0.17130220201333593,0.0,0.02974822902426645,0.12660846272727802,0.0,0.0,wltp_class3b,PPO_seed7
969,18.2594,2883.7339588717196,0.0,0.0,0.4852984990285295,25.01638267193025,0.15606854914254614,0.0,0.027102762771350746,0.11534935835486879,0.0,0.0,wltp_class3b,PPO_seed7
970,17.9118,2580.8027728145134,0.0,0.0,0.4853147543976015,25.01640148770395,0.13967382224600652,0.0,0.024255665158031143,0.10323211091258054,0.0,0.0,wltp_class3b,PPO_seed7
971,17.5817,2275.5462810928852,0.0,0.0,0.48532908665809477,25.016417491576583,0.12315324910756831,0.0,0.021386713168166215,0.09102185124371541,0.0,0.0,wltp_class3b,PPO_seed7
972,17.2682,1993.5154753365987,0.0,0.0,0.4853416422304859,25.01643110109509,0.10788965707874314,0.0,0.018736047700531944,0.07974061901346395,0.0,0.0,wltp_class3b,PPO_seed7
973,16.9693,1754.7912599657348,0.0,0.0,0.4853526939809842,25.016442744602507,0.09496983074611547,0.0,0.016492399059828335,0.07019165039862939,0.0,0.0,wltp_class3b,PPO_seed7
974,16.6825,1566.9799414403003,0.0,0.0,0.48536256264761185,25.016452795309196,0.08480542570291189,0.0,0.014727255088724626,0.06267919765761201,0.0,0.0,wltp_class3b,PPO_seed7
975,16.404,1452.1002372884107,0.0,0.0,0.48537170760523457,25.01646161476586,0.07858810156392466,0.0,0.01364755862113168,0.05808400949153643,0.0,0.0,wltp_class3b,PPO_seed7
976,16.1299,1409.0327159452322,0.0,0.0,0.48538058114163407,25.01646949612948,0.07625727435619384,0.0,0.013242788683695791,0.05636130863780929,0.0,0.0,wltp_class3b,PPO_seed7
977,15.8558,1443.7364960156297,0.0,0.0,0.48538967303897373,25.01647671614109,0.07813545337083083,0.0,0.013568952030222084,0.057749459840625184,0.0,0.0,wltp_class3b,PPO_seed7
978,15.5774,1550.918924350759,0.0,0.0,0.4853994397166813,25.01648353775399,0.08393619862764483,0.0,0.014576305679988336,0.06203675697403036,0.0,0.0,wltp_class3b,PPO_seed7
979,15.2905,1725.0493667208077,0.0,0.0,0.4854103027368948,25.016490239085517,0.09336019053876972,0.0,0.016212869987977517,0.0690019746688323,0.0,0.0,wltp_class3b,PPO_seed7
980,14.9917,1948.3778738861356,0.0,0.0,0.4854225718611906,25.016497090155866,0.1054467965130256,0.0,0.018311822122989995,0.07793511495544543,0.0,0.0,wltp_class3b,PPO_seed7
981,14.6782,2206.896537635351,0.0,0.0,0.48543646862292966,25.01650435939272,0.11943790434510716,0.0,0.02074150881236232,0.08827586150541403,0.0,0.0,wltp_class3b,PPO_seed7
982,14.348,2483.632648631311,0.0,0.0,0.4854521076650948,25.016512283867982,0.1344149459011141,0.0,0.02334241211119653,0.09934530594525244,0.0,0.0,wltp_class3b,PPO_seed7
983,14.0005,2752.9414639101046,0.0,0.0,0.48546944214378174,25.016520994210506,0.1489900199791348,0.0,0.02587350999915512,0.11011765855640418,0.0,0.0,wltp_class3b,PPO_seed7
984,13.6357,3003.4131336869605,0.0,0.0,0.4854883533740177,25.016530546361718,0.16254562207728376,0.0,0.02822756704593008,0.12013652534747842,0.0,0.0,wltp_class3b,PPO_seed7
985,13.2553,3208.427743054369,0.0,0.0,0.48550855506757595,25.016540809360805,0.17364107439477702,0.0,0.030154396081338054,0.12833710972217474,0.0,0.0,wltp_class3b,PPO_seed7
986,12.8613,3364.79765924409,0.0,0.0,0.4855297408867178,25.01655158280086,0.18210386128751097,0.0,0.03162403815079032,0.1345919063697636,0.0,0.0,wltp_class3b,PPO_seed7
987,12.4571,3455.1434615819126,0.0,0.0,0.48555149509278045,25.01656251205474,0.1869934032817038,0.0,0.03247315283441647,0.1382057384632765,0.0,0.0,wltp_class3b,PPO_seed7
988,12.0465,3478.7412709217447,0.0,0.0,0.4855733974209257,25.016573206922512,0.18827052382026102,0.0,0.03269493675678332,0.13914965083686978,0.0,0.0,wltp_class3b,PPO_seed7
989,11.6336,3437.462781568391,0.0,0.0,0.48559503942139454,25.016583282255226,0.18603651956187428,0.0,0.03230698102977811,0.13749851126273566,0.0,0.0,wltp_class3b,PPO_seed7
990,11.223,3331.665812274832,0.0,0.0,0.48561601492576845,25.01659237088283,0.1803107557650695,0.0,0.03131264861160556,0.1332666324909933,0.0,0.0,wltp_class3b,PPO_seed7
991,10.8188,3174.790710184482,0.0,0.0,0.4856360024078467,25.01660022452147,0.1718206280594579,0.0,0.029838258554365435,0.1269916284073793,0.0,0.0,wltp_class3b,PPO_seed7
992,10.4249,2975.7419475616907,0.0,0.0,0.4856547364178107,25.01660668851226,0.16104804916202292,0.0,0.02796749950715875,0.11902967790246763,0.0,0.0,wltp_class3b,PPO_seed7
993,10.0444,2749.3886245605336,0.0,0.0,0.48567204512535245,25.016611730258877,0.14879773924501294,0.0,0.025840118651884715,0.10997554498242135,0.0,0.0,wltp_class3b,PPO_seed7
994,9.6797,2507.6457786038527,0.0,0.0,0.4856878317137657,25.016615405130313,0.13571454371722202,0.0,0.02356809942296854,0.1003058311441541,0.0,0.0,wltp_class3b,PPO_seed7
995,9.3321,2264.885790311138,0.0,0.0,0.4857020898433457,25.016617847193107,0.12257630014029751,0.0,0.021286520585630995,0.09059543161244552,0.0,0.0,wltp_class3b,PPO_seed7
996,9.0019,2032.3092710625017,0.0,0.0,0.4857148836785229,25.0166192308894,0.10998918897073598,0.0,0.019100651043820506,0.08129237084250007,0.0,0.0,wltp_class3b,PPO_seed7
997,8.6884,1819.353074826771,0.0,0.0,0.485726336781397,25.016619745792372,0.09846393558348193,0.0,0.017099183034086193,0.07277412299307084,0.0,0.0,wltp_class3b,PPO_seed7
998,8.3896,1636.7195854197637,0.0,0.0,0.48573664007658207,25.016619587281088,0.08857975620940946,0.0,0.0153827028704865,0.06546878341679055,0.0,0.0,wltp_class3b,PPO_seed7
999,8.1027,1488.9306033216512,0.0,0.0,0.48574601294284797,25.016618928815433,0.08058137205044545,0.0,0.013993708677835068,0.05955722413286605,0.0,0.0,wltp_class3b,PPO_seed7
1000,7.8243,1377.9220842995728,0.0,0.0,0.48575468693591756,25.016617916948157,0.07457355761494981,0.0,0.012950395529131324,0.055116883371982915,0.0,0.0,wltp_class3b,PPO_seed7
1001,7.5502,1306.7126696731775,0.0,0.0,0.4857629126050559,25.016616680281032,0.07071968267900398,0.0,0.012281134113469714,0.0522685067869271,0.0,0.0,wltp_class3b,PPO_seed7
1002,7.2761,1271.7491745448503,0.0,0.0,0.48577091812481943,25.016615320922366,0.06882744780732206,0.0,0.011952529835947842,0.05086996698179402,0.0,0.0,wltp_class3b,PPO_seed7
1003,6.9976,1269.2916065660124,0.0,0.0,0.4857789081208032,25.016613923403156,0.06869444348918916,0.0,0.011929432392537711,0.0507716642626405,0.0,0.0,wltp_class3b,PPO_seed7
1004,6.7108,1290.783811488586,0.0,0.0,0.48578703335412005,25.016612549806965,0.06985760808341987,0.0,0.012131426799704756,0.05163135245954344,0.0,0.0,wltp_class3b,PPO_seed7
1005,6.412,1330.0958065511015,0.0,0.0,0.48579540599546595,25.016611249013977,0.07198518507935961,0.0,0.012500900437510353,0.05320383226204406,0.0,0.0,wltp_class3b,PPO_seed7
1006,6.0984,1376.2241430761462,0.0,0.0,0.48580406894921385,25.01661004468272,0.07448166452527895,0.0,0.012934437434926187,0.05504896572304585,0.0,0.0,wltp_class3b,PPO_seed7
1007,5.7683,1417.8616022763376,0.0,0.0,0.4858129939433456,25.01660893159864,0.07673509633973744,0.0,0.013325766938687384,0.056714464091053504,0.0,0.0,wltp_class3b,PPO_seed7
1008,5.4207,1447.5610151324368,0.0,0.0,0.4858221058292287,25.016607882984534,0.07834243749566376,0.0,0.013604896758763503,0.05790244060529747,0.0,0.0,wltp_class3b,PPO_seed7
1009,5.056,1455.1530442037658,0.0,0.0,0.48583126544802674,25.016606841929168,0.07875332039232111,0.0,0.013676250415448926,0.05820612176815063,0.0,0.0,wltp_class3b,PPO_seed7
1010,4.6755,1435.684080990153,0.0,0.0,0.48584030246330623,25.01660573707523,0.07769965424787309,0.0,0.013493271437877378,0.05742736323960612,0.0,0.0,wltp_class3b,PPO_seed7
1011,4.2816,1385.3625066103757,0.0,0.0,0.48584902267592633,25.016604490006966,0.07497623550813147,0.0,0.013020324310247891,0.05541450026441503,0.0,0.0,wltp_class3b,PPO_seed7
1012,3.8773,1305.105133779105,0.0,0.0,0.4858572376615376,25.016603033191032,0.07063268235294735,0.0,0.012266025693412641,0.0522042053511642,0.0,0.0,wltp_class3b,PPO_seed7
1013,3.4667,1195.767868052654,0.0,0.0,0.4858647643864723,25.016601314356098,0.06471531664844363,0.0,0.011238419812524943,0.047830714722106156,0.0,0.0,wltp_class3b,PPO_seed7
1014,3.0539,1064.3737059074765,0.0,0.0,0.48587146402528564,25.01659931298877,0.057604225076105374,0.0,0.010003512273566509,0.04257494823629906,0.0,0.0,wltp_class3b,PPO_seed7
1015,2.6433,917.3631855961871,0.0,0.0,0.4858772382928402,25.01659703572341,0.049647971503168076,0.0,0.008621834451091985,0.03669452742384748,0.0,0.0,wltp_class3b,PPO_seed7
1016,2.2391,762.8990438757285,0.0,0.0,0.4858820402831723,25.016594513508373,0.04128832569787588,0.0,0.007170103795824515,0.030515961755029138,0.0,0.0,wltp_class3b,PPO_seed7
1017,1.8451,608.8308209615396,0.0,0.0,0.48588587249697124,25.016591792421682,0.03295010713745235,0.0,0.005722094181969358,0.024353232838461587,0.0,0.0,wltp_class3b,PPO_seed7
1018,1.4646,461.909976250801,0.0,0.0,0.48588877992918883,25.01658892374318,0.024998706834986957,0.0,0.004341259175289483,0.01847639905003204,0.0,0.0,wltp_class3b,PPO_seed7
1019,1.3728,0.0,14.969402807783673,0.0,0.48588877992918883,25.01658585433784,-0.00021103481401950667,0.00014068987601300445,0.0,0.0,0.0,0.0,wltp_class3b,PPO_seed7
1020,1.0296,282.1770814971357,0.0,0.0,0.48589055605413667,25.016582860706155,0.015271508515912649,0.0,0.002652040239634734,0.011287083259885427,0.0,0.0,wltp_class3b,PPO_seed7
1021,0.6864,188.28860014729958,0.0,0.0,0.48589174121006073,25.016579826214564,0.010190235668122273,0.0,0.0017696297006325149,0.007531544005891983,0.0,0.0,wltp_class3b,PPO_seed7
1022,0.3432,94.19546381841243,0.0,0.0,0.48589233410984545,25.016576767331905,0.005097886831315283,0.0,0.0008852957125790642,0.0037678185527364972,0.0,0.0,wltp_class3b,PPO_seed7
1023,0.0,0.0,0.0,0.0,0.48589233410984545,25.016573700617272,0.0,0.0,0.0,0.0,0.0,0.0,wltp_class3b,PPO_seed7
1024,0.1781,-76.52298578801864,0.0,0.0,0.4858918524468042,25.016570639813555,-0.0001438401988496591,0.0,0.0007192009942482955,0.0,0.0,0.0,wltp_class3b,PPO_seed7
1025,0.3561,-152.9674528956552,0.0,0.0,0.4858908896144169,25.01656759584368,-0.00028753280619484066,0.0,0.0014376640309742032,0.0,0.0,0.0,wltp_class3b,PPO_seed7
1026,0.5342,-229.60538832491878,0.0,0.0,0.48588944439403525,25.016564579745655,-0.00043158907579871953,0.0,0.0021579453789935974,0.0,0.0,0.0,wltp_class3b,PPO_seed7
1027,0.7123,-306.2475034533628,0.0,0.0,0.48588751675811465,25.016561602572477,-0.0005756532019800053,0.0,0.0028782660099000265,0.0,0.0,0.0,wltp_class3b,PPO_seed7
1028,0.8903,-382.7874581027272,0.0,0.0,0.48588510734812357,25.01655867535172,-0.0007195252971855775,0.0,0.0035976264859278874,0.0,0.0,0.0,wltp_class3b,PPO_seed7
1029,1.0684,-459.7467332660173,0.0,0.0,0.48588221352281014,25.01655580957798,-0.0008641855888458972,0.0,0.004320927944229486,0.0,0.0,0.0,wltp_class3b,PPO_seed7
1030,1.2464,-536.4495413842641,0.0,0.0,0.4858788368942761,25.01655301630633,-0.0010083637995944815,0.0,0.005041818997972407,0.0,0.0,0.0,wltp_class3b,PPO_seed7
1031,1.6887,-1422.380533776181,0.0,0.0,0.48586988384345753,25.016551866223324,-0.0026736476198800396,0.0,0.013368238099400197,0.0,0.0,0.0,wltp_class3b,PPO_seed7
1032,1.8798,-849.5516184561736,0.0,0.0,0.4858645363880026,25.016549484965676,-0.0015969015384514542,0.0,0.00798450769225727,0.0,0.0,0.0,wltp_class3b,PPO_seed7
1033,2.0535,-873.2938046001243,0.0,0.0,0.4858590394731769,25.016547143932932,-0.0016415297078949704,0.0,0.008207648539474852,0.0,0.0,0.0,wltp_class3b,PPO_seed7
1034,2.21,-881.5829750240134,0.0,0.0,0.48585349036684394,25.016544818661473,-0.001657110855308296,0.0,0.00828555427654148,0.0,0.0,0.0,wltp_class3b,PPO_seed7
1035,2.3508,-881.2217829411023,0.0,0.0,0.48584794351870153,25.016542495220893,-0.001656431922821621,0.0,0.008282159614108105,0.0,0.0,0.0,wltp_class3b,PPO_seed7
1036,2.4781,-877.7940202880795,0.0,0.0,0.48584241823179536,25.016540168890426,-0.0016499887599399994,0.0,0.008249943799699996,0.0,0.0,0.0,wltp_class3b,PPO_seed7
1037,2.5951,-878.5611454833339,0.0,0.0,0.48583688810189296,25.01653784698381,-0.001651430724592733,0.0,0.008257153622963665,0.0,0.0,0.0,wltp_class3b,PPO_seed7
1038,2.7058,-890.4517441243481,0.0,0.0,0.48583128311215756,25.016535548442878,-0.0016737814739179475,0.0,0.008368907369589737,0.0,0.0,0.0,wltp_class3b,PPO_seed7
1039,2.8142,-917.0432299790407,0.0,0.0,0.48582551072675134,25.016533299179102,-0.001723765469885415,0.0,0.008618827349427075,0.0,0.0,0.0,wltp_class3b,PPO_seed7
1040,2.9248,-964.1807896873706,0.0,0.0,0.4858194416158665,25.016531138024973,-0.0018123699054273885,0.0,0.009061849527136942,0.0,0.0,0.0,wltp_class3b,PPO_seed7
1041,3.0419,-1034.7859956388613,0.0,0.0,0.48581292805813237,25.016529115155905,-0.0019450864579677847,0.0,0.009725432289838923,0.0,0.0,0.0,wltp_class3b,PPO_seed7
1042,3.1692,-1129.843528790465,0.0,0.0,0.4858058161321613,25.01652729245022,-0.002123766031561024,0.0,0.01061883015780512,0.0,0.0,0.0,wltp_class3b,PPO_seed7
1043,3.3099,-1250.7651920099636,0.0,0.0,0.4857979430275759,25.016525748574264,-0.002351062390996172,0.0,0.011755311954980861,0.0,0.0,0.0,wltp_class3b,PPO_seed7
1044,3.4665,-1397.8357582724843,0.0,0.0,0.4857891441386806,25.01652458102811,-0.0026275108238204593,0.0,0.013137554119102297,0.0,0.0,0.0,wltp_class3b,PPO_seed7
1045,3.6401,-1566.7302886616026,0.0,0.0,0.48577928208048377,25.01652389670154,-0.0029449817456045162,0.0,0.01472490872802258,0.0,0.0,0.0,wltp_class3b,PPO_seed7
1046,3.8313,-1757.1239181698918,0.0,0.0,0.48576822150934457,25.016523822784766,-0.003302864507838142,0.0,0.01651432253919071,0.0,0.0,0.0,wltp_class3b,PPO_seed7
1047,4.039,-1959.9163992255149,0.0,0.0,0.48575588436104694,25.016524476403877,-0.003684053382002848,0.0,0.01842026691001424,0.0,0.0,0.0,wltp_class3b,PPO_seed7
1048,4.2614,-2169.889042357898,0.0,0.0,0.48574222541824397,25.016525968039694,-0.00407873880142462,0.0,0.0203936940071231,0.0,0.0,0.0,wltp_class3b,PPO_seed7
1049,4.4958,-2378.573752019621,0.0,0.0,0.4857272527654831,25.016528379088097,-0.004471003293269965,0.0,0.022355016466349825,0.0,0.0,0.0,wltp_class3b,PPO_seed7
1050,4.7386,-2575.174119006352,0.0,0.0,0.4857110424472428,25.016531737167302,-0.004840552855275099,0.0,0.02420276427637549,0.0,0.0,0.0,wltp_class3b,PPO_seed7
1051,4.9858,-2750.66188998681,0.0,0.0,0.48569372734027016,25.01653600965797,-0.005170417086441372,0.0,0.02585208543220686,0.0,0.0,0.0,wltp_class3b,PPO_seed7
1052,5.2329,-2893.915191515085,0.0,0.0,0.4856755103355096,25.01654108198954,-0.0054396902096148225,0.0,0.02719845104807411,0.0,0.0,0.0,wltp_class3b,PPO_seed7
1053,5.4757,-2999.9052172655825,0.0,0.0,0.4856566259858773,25.016546784609623,-0.005638919581326283,0.0,0.028194597906631414,0.0,0.0,0.0,wltp_class3b,PPO_seed7
1054,5.7101,-3062.483860391922,0.0,0.0,0.48563734755429067,25.016552889386976,-0.005756548609759252,0.0,0.028782743048796258,0.0,0.0,0.0,wltp_class3b,PPO_seed7
1055,5.9325,-3080.0240727814944,0.0,0.0,0.48561795855529316,25.016559142451918,-0.005789518933799802,0.0,0.02894759466899901,0.0,0.0,0.0,wltp_class3b,PPO_seed7
1056,6.1403,-3057.482548518609,0.0,0.0,0.48559871131003035,25.0165653130159,-0.0057471476475913705,0.0,0.02873573823795685,0.0,0.0,0.0,wltp_class3b,PPO_seed7
1057,6.3314,-2997.0046538187967,0.0,0.0,0.4855798446424255,25.01657118636741,-0.005633467394396234,0.0,0.02816733697198117,0.0,0.0,0.0,wltp_class3b,PPO_seed7
1058,6.5051,-2911.654162680149,0.0,0.0,0.4855615151442445,25.016576631347114,-0.00547303414037622,0.0,0.0273651707018811,0.0,0.0,0.0,wltp_class3b,PPO_seed7
1059,6.6616,-2811.5114084221395,0.0,0.0,0.48554381595281365,25.016581581305243,-0.005284795880492744,0.0,0.02642397940246372,0.0,0.0,0.0,wltp_class3b,PPO_seed7
1060,6.8024,-2712.3622059076547,0.0,0.0,0.48552674083056074,25.016586057983815,-0.005098425199074539,0.0,0.025492125995372695,0.0,0.0,0.0,wltp_class3b,PPO_seed7
1061,6.9297,-2624.695779110512,0.0,0.0,0.48551021750536216,25.016590134219204,-0.004933638682538557,0.0,0.02466819341269278,0.0,0.0,0.0,wltp_class3b,PPO_seed7
1062,7.0467,-2562.8589694983225,0.0,0.0,0.48549408338364625,25.01659394659215,-0.004817404078004366,0.0,0.024087020390021828,0.0,0.0,0.0,wltp_class3b,PPO_seed7
1063,7.1573,-2538.41731358928,0.0,0.0,0.4854781030576932,25.016597678662222,-0.004771461115769324,0.0,0.02385730557884662,0.0,0.0,0.0,wltp_class3b,PPO_seed7
1064,7.2658,-2559.825637858211,0.0,0.0,0.485461987887459,25.01660155078812,-0.004811702326801149,0.0,0.02405851163400574,0.0,0.0,0.0,wltp_class3b,PPO_seed7
1065,7.3764,-2629.887131907532,0.0,0.0,0.4854454315791211,25.016605804326392,-0.0049433968644878425,0.0,0.02471698432243921,0.0,0.0,0.0,wltp_class3b,PPO_seed7
1066,7.4934,-2753.8407749105518,0.0,0.0,0.48542809485012267,25.01661072897337,-0.005176392434042391,0.0,0.025881962170211954,0.0,0.0,0.0,wltp_class3b,PPO_seed7
1067,7.6207,-2931.315915583649,0.0,0.0,0.48540964074310206,25.016616652296197,-0.005509992322525656,0.0,0.02754996161262828,0.0,0.0,0.0,wltp_class3b,PPO_seed7
1068,7.7615,-3158.3163261713144,0.0,0.0,0.485389757449688,25.016623934014444,-0.00593668482363029,0.0,0.02968342411815145,0.0,0.0,0.0,wltp_class3b,PPO_seed7
1069,7.918,-3426.759486311107,0.0,0.0,0.48536818403516235,25.016632947332283,-0.0064412772299080965,0.0,0.03220638614954048,0.0,0.0,0.0,wltp_class3b,PPO_seed7
1070,8.0917,-3731.6167495163936,0.0,0.0,0.4853446912123693,25.01664409512518,-0.007014317198339086,0.0,0.03507158599169543,0.0,0.0,0.0,wltp_class3b,PPO_seed7
1071,8.2828,-4059.120377489063,0.0,0.0,0.48531913635947044,25.01665773937242,-0.0076299255215959835,0.0,0.038149627607979915,0.0,0.0,0.0,wltp_class3b,PPO_seed7
1072,8.4905,-4397.482959123805,0.0,0.0,0.4852914510546862,25.01667418762023,-0.008265945411886853,0.0,0.04132972705943426,0.0,0.0,0.0,wltp_class3b,PPO_seed7
1073,8.713,-4732.857513640802,0.0,0.0,0.48526165404571564,25.016693645418773,-0.008896348709851131,0.0,0.04448174354925565,0.0,0.0,0.0,wltp_class3b,PPO_seed7
1074,8.9474,-5047.511821174798,0.0,0.0,0.4852298757152663,25.01671614375826,-0.009487804175140599,0.0,0.04743902087570299,0.0,0.0,0.0,wltp_class3b,PPO_seed7
1075,9.1902,-5328.283113891943,0.0,0.0,0.4851963293196411,25.0167415437366,-0.01001556976295478,0.0,0.050077848814773895,0.0,0.0,0.0,wltp_class3b,PPO_seed7
1076,9.4373,-5560.124672320169,0.0,0.0,0.48516132285687846,25.016769493100668,-0.010451362166015356,0.0,0.05225681083007678,0.0,0.0,0.0,wltp_class3b,PPO_seed7
1077,9.6845,-5734.096534928177,0.0,0.0,0.48512522062641494,25.016799476300164,-0.010778376945353716,0.0,0.05389188472676858,0.0,0.0,0.0,wltp_class3b,PPO_seed7
1078,9.9273,-5837.608152392629,0.0,0.0,0.48508846621933094,25.01683077862803,-0.010972947654873362,0.0,0.05486473827436681,0.0,0.0,0.0,wltp_class3b,PPO_seed7
1079,10.1617,-5870.702334685234,0.0,0.0,0.48505150298265665,25.016862640601456,-0.011035154764445929,0.0,0.05517577382222964,0.0,0.0,0.0,wltp_class3b,PPO_seed7
1080,10.3841,-5833.155703618891,0.0,0.0,0.4850147756955323,25.01689428262956,-0.010964578390261073,0.0,0.05482289195130536,0.0,0.0,0.0,wltp_class3b,PPO_seed7
1081,10.5918,-5734.668954611432,0.0,0.0,0.484978668082735,25.016925040545253,-0.010779452922201942,0.0,0.0538972646110097,0.0,0.0,0.0,wltp_class3b,PPO_seed7
1082,10.7829,-5585.5054134545635,0.0,0.0,0.4849434992662548,25.016954388025642,-0.010499070326042415,0.0,0.052495351630212066,0.0,0.0,0.0,wltp_class3b,PPO_seed7
1083,10.9566,-5403.166090685009,0.0,0.0,0.4849094781868973,25.01698201620864,-0.010156327238129717,0.0,0.050781636190648585,0.0,0.0,0.0,wltp_class3b,PPO_seed7
1084,11.1132,-5207.286981244956,0.0,0.0,0.48487669015267343,25.017007840704075,-0.009788133423392777,0.0,0.048940667116963876,0.0,0.0,0.0,wltp_class3b,PPO_seed7
1085,11.2539,-5015.620652020532,0.0,0.0,0.4848451086900273,25.017031958771657,-0.009427858368459649,0.0,0.04713929184229824,0.0,0.0,0.0,wltp_class3b,PPO_seed7
1086,11.3812,-4854.33684294213,0.0,0.0,0.48481454253783623,25.017054702756766,-0.009124693313800995,0.0,0.045623466569004976,0.0,0.0,0.0,wltp_class3b,PPO_seed7
1087,11.4983,-4739.894028826011,0.0,0.0,0.48478469678966146,25.017076526489618,-0.008909575242154157,0.0,0.04454787621077078,0.0,0.0,0.0,wltp_class3b,PPO_seed7
1088,11.6089,-4685.49172836369,0.0,0.0,0.4847551934117916,25.017097973606667,-0.008807315278879116,0.0,0.04403657639439558,0.0,0.0,0.0,wltp_class3b,PPO_seed7
1089,11.7173,-4706.504781443321,0.0,0.0,0.484725557543987,25.017119710524923,-0.008846813498953611,0.0,0.044234067494768055,0.0,0.0,0.0,wltp_class3b,PPO_seed7
1090,11.8279,-4809.455461772154,0.0,0.0,0.4846952732397987,25.017142477868866,-0.009040329815361193,0.0,0.04520164907680596,0.0,0.0,0.0,wltp_class3b,PPO_seed7
1091,11.945,-4997.332454484805,0.0,0.0,0.48466380571544004,25.017167098949933,-0.009393482057302265,0.0,0.04696741028651132,0.0,0.0,0.0,wltp_class3b,PPO_seed7
1092,12.0723,-5263.764730055268,0.0,0.0,0.4846306602847582,25.017194431019643,-0.009894294605367046,0.0,0.04947147302683522,0.0,0.0,0.0,wltp_class3b,PPO_seed7
1093,12.213,-5604.138640835672,0.0,0.0,0.48459537129205194,25.01722540779702,-0.010534095189540738,0.0,0.05267047594770369,0.0,0.0,0.0,wltp_class3b,PPO_seed7
1094,12.3696,-6009.841027243389,0.0,0.0,0.48455752729462626,25.017261014315757,-0.011296693660231935,0.0,0.056483468301159676,0.0,0.0,0.0,wltp_class3b,PPO_seed7
1095,12.5433,-6459.691478186482,0.0,0.0,0.484516850198149,25.017302132649167,-0.012142277214636244,0.0,0.06071138607318122,0.0,0.0,0.0,wltp_class3b,PPO_seed7
1096,12.7344,-6938.8289625490825,0.0,0.0,0.48447315546684155,25.01734956686183,-0.01304291158373888,0.0,0.06521455791869439,0.0,0.0,0.0,wltp_class3b,PPO_seed7
1097,12.9421,-7426.639141353006,0.0,0.0,0.48442638835685126,25.017403914133332,-0.013959848010062044,0.0,0.06979924005031021,0.0,0.0,0.0,wltp_class3b,PPO_seed7
1098,13.1645,-7900.07587270399,0.0,0.0,0.48437663923848756,25.01746545257862,-0.01484976667801502,0.0,0.0742488333900751,0.0,0.0,0.0,wltp_class3b,PPO_seed7
1099,13.3989,-8339.738343062885,0.0,0.0,0.4843241206527273,25.01753411517438,-0.015676199892975348,0.0,0.07838099946487674,0.0,0.0,0.0,wltp_class3b,PPO_seed7
1100,13.6417,-8721.594149746868,0.0,0.0,0.4842691964917754,25.017609351385342,-0.0163939739656896,0.0,0.081969869828448,0.0,0.0,0.0,wltp_class3b,PPO_seed7
1101,13.8889,-9030.085003091279,0.0,0.0,0.4842123286503666,25.017690214721437,-0.01697384399077308,0.0,0.0848692199538654,0.0,0.0,0.0,wltp_class3b,PPO_seed7
1102,14.0413,-7093.56789861849,0.0,0.0,0.48416765543130413,25.017741957589564,-0.013333774245523478,0.0,0.06666887122761739,0.0,0.0,0.0,wltp_class3b,PPO_seed7
1103,14.1894,-7108.237894447093,0.0,0.0,0.48412288936343995,25.017794158746195,-0.013361349425652431,0.0,0.06680674712826215,0.0,0.0,0.0,wltp_class3b,PPO_seed7
1104,14.329,-7022.136538524057,0.0,0.0,0.48407866509580116,25.017845464894275,-0.013199504771661761,0.0,0.0659975238583088,0.0,0.0,0.0,wltp_class3b,PPO_seed7
1105,14.4568,-6850.567838608706,0.0,0.0,0.4840355209280331,25.017894759275926,-0.012877007215429899,0.0,0.06438503607714949,0.0,0.0,0.0,wltp_class3b,PPO_seed7
1106,14.5697,-6594.351209593906,0.0,0.0,0.48399399002439264,25.017941008916395,-0.012395397010514862,0.0,0.061976985052574304,0.0,0.0,0.0,wltp_class3b,PPO_seed7
1107,14.6661,-6285.77260266651,0.0,0.0,0.48395440223272074,25.01798367804363,-0.011815362035087424,0.0,0.05907681017543712,0.0,0.0,0.0,wltp_class3b,PPO_seed7
1108,14.7451,-5940.605602866742,0.0,0.0,0.4839169880648365,25.018022494139913,-0.011166551885087861,0.0,0.055832759425439304,0.0,0.0,0.0,wltp_class3b,PPO_seed7
1109,14.8069,-5585.182679593101,0.0,0.0,0.4838818121881559,25.018057530711584,-0.01049846368344568,0.0,0.052492318417228394,0.0,0.0,0.0,wltp_class3b,PPO_seed7
1110,14.8529,-5249.356857486978,0.0,0.0,0.48384875124474097,25.01808917768787,-0.009867212138133418,0.0,0.04933606069066709,0.0,0.0,0.0,wltp_class3b,PPO_seed7
1111,14.8855,-4959.054477871839,0.0,0.0,0.4838175185765036,25.018118033931703,-0.009321530973443305,0.0,0.046607654867216526,0.0,0.0,0.0,wltp_class3b,PPO_seed7
1112,14.9078,-4733.431247853566,0.0,0.0,0.4837877068657992,25.018144801165878,-0.008897427157619485,0.0,0.044487135788097425,0.0,0.0,0.0,wltp_class3b,PPO_seed7
1113,14.9237,-4594.0537693740725,0.0,0.0,0.48375877295237146,25.01817029418847,-0.008635439416116678,0.0,0.04317719708058339,0.0,0.0,0.0,wltp_class3b,PPO_seed7
1114,14.9374,-4550.732723345634,0.0,0.0,0.48373011187474,25.018195354940552,-0.008554008878469238,0.0,0.04277004439234619,0.0,0.0,0.0,wltp_class3b,PPO_seed7
1115,14.9533,-4610.914483072543,0.0,0.0,0.483701071762438,25.018220878396505,-0.008667132486978464,0.0,0.04333566243489232,0.0,0.0,0.0,wltp_class3b,PPO_seed7
1116,14.9756,-4772.7378157092435,0.0,0.0,0.4836710124563023,25.018247790110053,-0.008971311683663993,0.0,0.04485655841831996,0.0,0.0,0.0,wltp_class3b,PPO_seed7
1117,15.0082,-5032.188245468591,0.0,0.0,0.4836393190684419,25.01827708212143,-0.009459000461407126,0.0,0.04729500230703563,0.0,0.0,0.0,wltp_class3b,PPO_seed7
1118,15.0542,-5373.606778424492,0.0,0.0,0.4836054753179325,25.018309741170114,-0.01010076462109867,0.0,0.050503823105493346,0.0,0.0,0.0,wltp_class3b,PPO_seed7
1119,15.116,-5783.698703276681,0.0,0.0,0.48356904863782907,25.018346775598562,-0.010871614103903537,0.0,0.05435807051951768,0.0,0.0,0.0,wltp_class3b,PPO_seed7
1120,15.195,-6241.796800052603,0.0,0.0,0.4835297366061178,25.018389115841817,-0.011732700751978579,0.0,0.05866350375989289,0.0,0.0,0.0,wltp_class3b,PPO_seed7
1121,15.2914,-6721.615992419504,0.0,0.0,0.4834874023288282,25.018437486545956,-0.012634616527104332,0.0,0.06317308263552165,0.0,0.0,0.0,wltp_class3b,PPO_seed7
1122,15.4044,-7200.372040077165,0.0,0.0,0.4834420523958734,25.018492362178282,-0.013534533909919483,0.0,0.06767266954959741,0.0,0.0,0.0,wltp_class3b,PPO_seed7
1123,15.5321,-7651.184295070997,0.0,0.0,0.4833938626890179,25.018553823515802,-0.014381925366674805,0.0,0.07190962683337403,0.0,0.0,0.0,wltp_class3b,PPO_seed7
1124,15.6717,-8050.053932022634,0.0,0.0,0.4833431602434015,25.018621509817752,-0.015131680323350816,0.0,0.07565840161675408,0.0,0.0,0.0,wltp_class3b,PPO_seed7
1125,15.8198,-8378.534178906602,0.0,0.0,0.48329038829224746,25.018694643356397,-0.015749124396440984,0.0,0.07874562198220492,0.0,0.0,0.0,wltp_class3b,PPO_seed7
1126,15.9722,-8611.430546175223,0.0,0.0,0.4832361487808652,25.018771894817725,-0.016186899522885757,0.0,0.08093449761442878,0.0,0.0,0.0,wltp_class3b,PPO_seed7
1127,16.1246,-8739.814254415101,0.0,0.0,0.4831810999318574,25.018851648618654,-0.016428222282735154,0.0,0.08214111141367576,0.0,0.0,0.0,wltp_class3b,PPO_seed7
1128,16.2727,-8756.990662016275,0.0,0.0,0.483125942180434,25.018932088385668,-0.016460508763188487,0.0,0.08230254381594243,0.0,0.0,0.0,wltp_class3b,PPO_seed7
1129,16.4124,-8661.625644498006,0.0,0.0,0.4830713844136265,25.019011350236326,-0.01628125121146242,0.0,0.0814062560573121,0.0,0.0,0.0,wltp_class3b,PPO_seed7
1130,16.5401,-8461.054108590206,0.0,0.0,0.48301808936373586,25.019087733507504,-0.01590423704622219,0.0,0.07952118523111096,0.0,0.0,0.0,wltp_class3b,PPO_seed7
1131,16.6531,-8174.658839297388,0.0,0.0,0.4829665977113458,25.019159942809196,-0.01536590007386727,0.0,0.07682950036933635,0.0,0.0,0.0,wltp_class3b,PPO_seed7
1132,16.7495,-7821.073097741742,0.0,0.0,0.48291733279183174,25.01922708627939,-0.014701265221319064,0.0,0.07350632610659531,0.0,0.0,0.0,wltp_class3b,PPO_seed7
1133,16.8284,-7425.932534636622,0.0,0.0,0.48287055647336047,25.019288758001995,-0.013958519801948538,0.0,0.06979259900974269,0.0,0.0,0.0,wltp_class3b,PPO_seed7
1134,16.8902,-7024.547302786517,0.0,0.0,0.48282630820220207,25.01934510903233,-0.013204036283433305,0.0,0.06602018141716652,0.0,0.0,0.0,wltp_class3b,PPO_seed7
1135,16.9363,-6645.57342258551,0.0,0.0,0.48278444690464745,25.019396664911127,-0.012491679365762239,0.0,0.062458396828811186,0.0,0.0,0.0,wltp_class3b,PPO_seed7
1136,16.9688,-6310.297947840791,0.0,0.0,0.4827446973985231,25.019444161560006,-0.011861462307971412,0.0,0.059307311539857056,0.0,0.0,0.0,wltp_class3b,PPO_seed7
1137,16.9911,-6056.5384680677635,0.0,0.0,0.48270654626295223,25.019488692234038,-0.011384470804638655,0.0,0.05692235402319327,0.0,0.0,0.0,wltp_class3b,PPO_seed7
1138,17.007,-5898.27893730258,0.0,0.0,0.4826693919679911,25.019531401882407,-0.011086990483651466,0.0,0.05543495241825733,0.0,0.0,0.0,wltp_class3b,PPO_seed7
1139,17.0207,-5849.431086306958,0.0,0.0,0.4826325453322358,25.019573518445707,-0.010995171214862702,0.0,0.05497585607431351,0.0,0.0,0.0,wltp_class3b,PPO_seed7
1140,17.0366,-5918.604165330192,0.0,0.0,0.4825952629253508,25.019616352326786,-0.011125195799492843,0.0,0.05562597899746421,0.0,0.0,0.0,wltp_class3b,PPO_seed7
1141,17.0589,-6103.782235541515,0.0,0.0,0.48255681399778344,25.019661253923193,-0.011473274878837434,0.0,0.05736637439418717,0.0,0.0,0.0,wltp_class3b,PPO_seed7
1142,17.0915,-6400.440158936908,0.0,0.0,0.48251649628505294,25.019709656848587,-0.012030902554392686,0.0,0.060154512771963424,0.0,0.0,0.0,wltp_class3b,PPO_seed7
1143,17.1375,-6790.699198086979,0.0,0.0,0.4824737201212815,25.0197629671385,-0.012764472176855224,0.0,0.06382236088427612,0.0,0.0,0.0,wltp_class3b,PPO_seed7
1144,17.1994,-7262.046045929563,0.0,0.0,0.4824279746386582,25.019822638180244,-0.013650462492348803,0.0,0.06825231246174401,0.0,0.0,0.0,wltp_class3b,PPO_seed7
1145,17.2783,-7779.81598881527,0.0,0.0,0.482378967302109,25.019889838534223,-0.014623714264690358,0.0,0.07311857132345179,0.0,0.0,0.0,wltp_class3b,PPO_seed7
1146,17.3747,-8330.20912292525,0.0,0.0,0.4823264924802284,25.019965660945434,-0.015658287825047464,0.0,0.07829143912523731,0.0,0.0,0.0,wltp_class3b,PPO_seed7
1147,17.4877,-8876.325464777654,0.0,0.0,0.4822705769635126,25.02005068202301,-0.016684822302213635,0.0,0.08342411151106817,0.0,0.0,0.0,wltp_class3b,PPO_seed7
1148,17.6154,-9390.217903015808,0.0,0.0,0.4822114235810234,25.020144965950614,-0.0176507855319846,0.0,0.088253927659923,0.0,0.0,0.0,wltp_class3b,PPO_seed7
1149,17.7551,-9847.523745824086,0.0,0.0,0.4821493886361611,25.02024802272327,-0.018510382980872344,0.0,0.09255191490436171,0.0,0.0,0.0,wltp_class3b,PPO_seed7
1150,17.9031,-10216.120556872806,0.0,0.0,0.4820850308077939,25.02035858386925,-0.019203234129460164,0.0,0.09601617064730081,0.0,0.0,0.0,wltp_class3b,PPO_seed7
1151,18.0556,-10487.548095710124,0.0,0.0,0.4820189621091538,25.02047501361034,-0.019713436270131814,0.0,0.09856718135065906,0.0,0.0,0.0,wltp_class3b,PPO_seed7
1152,18.208,-10632.200600326147,0.0,0.0,0.4819519811114327,25.02059491361097,-0.01998533947429727,0.0,0.09992669737148634,0.0,0.0,0.0,wltp_class3b,PPO_seed7
1153,18.356,-10651.190631216663,0.0,0.0,0.4818848794426684,25.020715783652673,-0.020021035021083954,0.0,0.10010517510541976,0.0,0.0,0.0,wltp_class3b,PPO_seed7
1154,18.4957,-10549.246950639677,0.0,0.0,0.48181841900550443,25.02083518392322,-0.01982941156135278,0.0,0.09914705780676389,0.0,0.0,0.0,wltp_class3b,PPO_seed7
1155,18.6234,-10326.17200823537,0.0,0.0,0.481753363007821,25.020950720388466,-0.01941009775984092,0.0,0.0970504887992046,0.0,0.0,0.0,wltp_class3b,PPO_seed7
1156,18.7364,-10006.736961095216,0.0,0.0,0.4816903186493973,25.021060601378185,-0.0188096559419083,0.0,0.0940482797095415,0.0,0.0,0.0,wltp_class3b,PPO_seed7
1157,18.8328,-9611.883521976455,0.0,0.0,0.48162976122711904,25.02116357484388,-0.01806745022927905,0.0,0.09033725114639525,0.0,0.0,0.0,wltp_class3b,PPO_seed7
1158,18.9117,-9170.335067260994,0.0,0.0,0.48157198508986826,25.021259043928755,-0.017237471930941717,0.0,0.08618735965470858,0.0,0.0,0.0,wltp_class3b,PPO_seed7
1159,18.9736,-8724.676446076755,0.0,0.0,0.4815170162869859,25.02134722449066,-0.016399767755783376,0.0,0.08199883877891688,0.0,0.0,0.0,wltp_class3b,PPO_seed7
1160,19.0196,-8294.888068339695,0.0,0.0,0.48146475496646535,25.02142865719163,-0.015591894865300177,0.0,0.07795947432650088,0.0,0.0,0.0,wltp_class3b,PPO_seed7
1161,19.0522,-7925.828999498337,0.0,0.0,0.48141481862231805,25.021504520850442,-0.0148981748110871,0.0,0.0744908740554355,0.0,0.0,0.0,wltp_class3b,PPO_seed7
1162,19.0745,-7638.992907190677,0.0,0.0,0.4813666892985224,25.021576190447124,-0.014359009224042627,0.0,0.07179504612021313,0.0,0.0,0.0,wltp_class3b,PPO_seed7
1163,19.0904,-7462.093050863887,0.0,0.0,0.4813196744032927,25.021645314780237,-0.014026490697112572,0.0,0.07013245348556285,0.0,0.0,0.0,wltp_class3b,PPO_seed7
1164,19.1041,-7407.92719081539,0.0,0.0,0.4812730006841401,25.02171363267169,-0.01392467517070562,0.0,0.0696233758535281,0.0,0.0,0.0,wltp_class3b,PPO_seed7
1165,19.12,-7486.334653802728,0.0,0.0,0.4812258328692746,25.02178300734685,-0.01407205761992994,0.0,0.0703602880996497,0.0,0.0,0.0,wltp_class3b,PPO_seed7
1166,19.1423,-7695.208879339743,0.0,0.0,0.48117734893225816,25.02185535392839,-0.014464678344623578,0.0,0.07232339172311789,0.0,0.0,0.0,wltp_class3b,PPO_seed7
1167,19.1749,-8029.573556468115,0.0,0.0,0.4811267581710727,25.021932689096676,-0.015093183376819766,0.0,0.07546591688409883,0.0,0.0,0.0,wltp_class3b,PPO_seed7
1168,19.2209,-8469.377403524839,0.0,0.0,0.48107339618459083,25.02201696656245,-0.015919882337452704,0.0,0.07959941168726352,0.0,0.0,0.0,wltp_class3b,PPO_seed7
1169,19.2827,-8997.420373742729,0.0,0.0,0.4810167069059161,25.022110126992615,-0.016912444311546482,0.0,0.08456222155773241,0.0,0.0,0.0,wltp_class3b,PPO_seed7
1170,19.3617,-9586.95096788556,0.0,0.0,0.48095630278019746,25.022213902931583,-0.018020584526100676,0.0,0.09010292263050337,0.0,0.0,0.0,wltp_class3b,PPO_seed7
1171,19.458,-10200.89327815925,0.0,0.0,0.48089202981897183,25.022329523957456,-0.019174611425111374,0.0,0.09587305712555687,0.0,0.0,0.0,wltp_class3b,PPO_seed7
1172,19.571,-10819.120963499732,0.0,0.0,0.4808238608172055,25.022457894960077,-0.020336693540413033,0.0,0.10168346770206516,0.0,0.0,0.0,wltp_class3b,PPO_seed7
1173,19.6987,-11398.042139271629,0.0,0.0,0.48075204321619364,25.02259899198389,-0.021424891239232385,0.0,0.10712445619616193,0.0,0.0,0.0,wltp_class3b,PPO_seed7
1174,19.8384,-11913.397863166254,0.0,0.0,0.4806769773154034,25.022752105741393,-0.022393605005951608,0.0,0.11196802502975803,0.0,0.0,0.0,wltp_class3b,PPO_seed7
1175,19.9865,-12332.565903234905,0.0,0.0,0.48059926899144995,25.022915564940007,-0.02318151485570471,0.0,0.11590757427852354,0.0,0.0,0.0,wltp_class3b,PPO_seed7
1176,20.1389,-12633.472106297464,0.0,0.0,0.4805196632622299,25.023086921668458,-0.023747128019356138,0.0,0.11873564009678068,0.0,0.0,0.0,wltp_class3b,PPO_seed7
1177,20.2913,-12802.335292910264,0.0,0.0,0.48043899205314977,25.023263168188386,-0.024064540024267417,0.0,0.12032270012133707,0.0,0.0,0.0,wltp_class3b,PPO_seed7
1178,20.4394,-12831.304419632688,0.0,0.0,0.48035813684348844,25.02344095279928,-0.024118993269986257,0.0,0.12059496634993128,0.0,0.0,0.0,wltp_class3b,PPO_seed7
1179,20.579,-12715.89006707416,0.0,0.0,0.48027800748955946,25.023616764084377,-0.023902048998259703,0.0,0.1195102449912985,0.0,0.0,0.0,wltp_class3b,PPO_seed7
1180,20.7068,-12478.79300478046,0.0,0.0,0.48019937088210546,25.023787692538342,-0.0234563778285347,0.0,0.1172818891426735,0.0,0.0,0.0,wltp_class3b,PPO_seed7
1181,20.8197,-12121.47225454634,0.0,0.0,0.48012298478283877,25.02395100057217,-0.02278472228298184,0.0,0.1139236114149092,0.0,0.0,0.0,wltp_class3b,PPO_seed7
1182,20.9161,-11690.060690358916,0.0,0.0,0.480049316288052,25.024105190898037,-0.02197379829014834,0.0,0.1098689914507417,0.0,0.0,0.0,wltp_class3b,PPO_seed7
1183,20.9951,-11206.67919029285,0.0,0.0,0.4799786931119245,25.024249402525253,-0.021065186447918896,0.0,0.10532593223959447,0.0,0.0,0.0,wltp_class3b,PPO_seed7
1184,21.0569,-10708.342858786606,0.0,0.0,0.4799112097050709,25.024383658081945,-0.020128464020275575,0.0,0.10064232010137787,0.0,0.0,0.0,wltp_class3b,PPO_seed7
1185,21.1029,-10237.054345726108,0.0,0.0,0.47984669580146505,25.024508835356567,-0.019242583356628026,0.0,0.09621291678314012,0.0,0.0,0.0,wltp_class3b,PPO_seed7
1186,21.1355,-9829.36404672046,0.0,0.0,0.4797847507620258,25.024626428243845,-0.018476248208121167,0.0,0.09238124104060583,0.0,0.0,0.0,wltp_class3b,PPO_seed7
1187,21.1578,-9512.432674291666,0.0,0.0,0.47972480274087226,25.024738289070775,-0.017880512545661028,0.0,0.08940256272830513,0.0,0.0,0.0,wltp_class3b,PPO_seed7
1188,21.1737,-9317.136008541833,0.0,0.0,0.4796660852712917,25.024846673744566,-0.017513413549890663,0.0,0.08756706774945332,0.0,0.0,0.0,wltp_class3b,PPO_seed7
1189,21.1874,-9257.86144586707,0.0,0.0,0.4796077411758826,25.02495398402885,-0.017401995198998255,0.0,0.08700997599499127,0.0,0.0,0.0,wltp_class3b,PPO_seed7
1190,21.2033,-9345.745471013428,0.0,0.0,0.4795488430558195,25.025062803961404,-0.017567190734987647,0.0,0.08783595367493824,0.0,0.0,0.0,wltp_class3b,PPO_seed7
1191,21.2256,-9578.654994869812,0.0,0.0,0.47948847691631574,25.0251757845433,-0.01800499059186055,0.0,0.09002495295930274,0.0,0.0,0.0,wltp_class3b,PPO_seed7
1192,21.2582,-9951.222066094842,0.0,0.0,0.47942576255108066,25.025295698271414,-0.01870530463551662,0.0,0.0935265231775831,0.0,0.0,0.0,wltp_class3b,PPO_seed7
1193,21.3042,-10441.270266621817,0.0,0.0,0.4793599594674663,25.02542520254331,-0.019626447869589884,0.0,0.09813223934794942,0.0,0.0,0.0,wltp_class3b,PPO_seed7
1194,21.366,-11029.701861527663,0.0,0.0,0.47929044748218247,25.02556690573854,-0.02073252229610463,0.0,0.10366261148052315,0.0,0.0,0.0,wltp_class3b,PPO_seed7
1195,21.445,-11686.755329039155,0.0,0.0,0.47921679392535865,25.02572310405816,-0.02196758520496082,0.0,0.10983792602480409,0.0,0.0,0.0,wltp_class3b,PPO_seed7
1196,21.5414,-12374.649432560585,0.0,0.0,0.47913880418898586,25.02589547479089,-0.023260619234136443,0.0,0.1163030961706822,0.0,0.0,0.0,wltp_class3b,PPO_seed7
1197,21.6544,-13060.662550943187,0.0,0.0,0.47905648985414134,25.026085009322372,-0.024550117576960878,0.0,0.12275058788480439,0.0,0.0,0.0,wltp_class3b,PPO_seed7
1198,21.7821,-13706.564280268745,0.0,0.0,0.4789701034297304,25.02629169465371,-0.025764218571933735,0.0,0.12882109285966867,0.0,0.0,0.0,wltp_class3b,PPO_seed7
1199,21.9217,-14278.572975258772,0.0,0.0,0.4788801103432497,25.026514444567752,-0.026839422885824762,0.0,0.1341971144291238,0.0,0.0,0.0,wltp_class3b,PPO_seed7
1200,22.0698,-14751.102552920158,0.0,0.0,0.4787871373183909,25.026751198641108,-0.02772763637766947,0.0,0.13863818188834734,0.0,0.0,0.0,wltp_class3b,PPO_seed7
1201,22.2222,-15089.501085158754,0.0,0.0,0.4786920295453801,25.026998612449653,-0.028363723844283373,0.0,0.14181861922141686,0.0,0.0,0.0,wltp_class3b,PPO_seed7
1202,22.3396,-14021.433338370392,0.0,0.0,0.4786036518859755,25.027217645050776,-0.026356077703703747,0.0,0.13178038851851873,0.0,0.0,0.0,wltp_class3b,PPO_seed7
1203,22.4527,-14008.887026116661,0.0,0.0,0.47851535186043626,25.027437198270647,-0.026332494409993724,0.0,0.13166247204996862,0.0,0.0,0.0,wltp_class3b,PPO_seed7
1204,22.5574,-13841.751503229232,0.0,0.0,0.47842810392250684,25.02765316395762,-0.02601832989328803,0.0,0.13009164946644014,0.0,0.0,0.0,wltp_class3b,PPO_seed7
1205,22.6501,-13531.452038606401,0.0,0.0,0.47834281059861794,25.02786183626275,-0.025435060222944363,0.0,0.1271753011147218,0.0,0.0,0.0,wltp_class3b,PPO_seed7
1206,22.7281,-13105.472387272155,0.0,0.0,0.47826020124716656,25.028060410099165,-0.024634346592616832,0.0,0.12317173296308416,0.0,0.0,0.0,wltp_class3b,PPO_seed7
1207,22.7895,-12589.721964488697,0.0,0.0,0.47818084195333765,25.028246951610075,-0.023664890910693043,0.0,0.1183244545534652,0.0,0.0,0.0,wltp_class3b,PPO_seed7
1208,22.8334,-12019.194891447018,0.0,0.0,0.47810507823698123,25.028420567251707,-0.02259247160046432,0.0,0.1129623580023216,0.0,0.0,0.0,wltp_class3b,PPO_seed7
1209,22.8602,-11441.62424665498,0.0,0.0,0.4780329547247182,25.028581565350006,-0.02150681249371237,0.0,0.10753406246856184,0.0,0.0,0.0,wltp_class3b,PPO_seed7
1210,22.8713,-10895.414801393583,0.0,0.0,0.4779642739277478,25.028731072662463,-0.020480103010138317,0.0,0.10240051505069157,0.0,0.0,0.0,wltp_class3b,PPO_seed7
1211,22.8688,-10408.889372058471,0.0,0.0,0.47789865978317114,25.02887068998574,-0.0195655815264257,0.0,0.0978279076321285,0.0,0.0,0.0,wltp_class3b,PPO_seed7
1212,22.8561,-10032.68152369718,0.0,0.0,0.47783541701178034,25.029002834905718,-0.018858423916724022,0.0,0.0942921195836201,0.0,0.0,0.0,wltp_class3b,PPO_seed7
1213,22.837,-9785.263986519993,0.0,0.0,0.477773733845604,25.02913006402285,-0.018393353358120288,0.0,0.09196676679060144,0.0,0.0,0.0,wltp_class3b,PPO_seed7
1214,22.8157,-9685.056807860541,0.0,0.0,0.4777126823657438,25.02925512692719,-0.01820499399973786,0.0,0.0910249699986893,0.0,0.0,0.0,wltp_class3b,PPO_seed7
1215,22.7966,-9743.326765025084,0.0,0.0,0.47765126359742155,25.029380936657255,-0.01831452399440805,0.0,0.09157261997204026,0.0,0.0,0.0,wltp_class3b,PPO_seed7
1216,22.7839,-9956.996947138481,0.0,0.0,0.47758849792814323,25.029510440791462,-0.018716159675072334,0.0,0.09358079837536167,0.0,0.0,0.0,wltp_class3b,PPO_seed7
1217,22.7815,-10319.49854999266,0.0,0.0,0.47752344711741396,25.029646684786456,-0.01939755366539974,0.0,0.0969877683269987,0.0,0.0,0.0,wltp_class3b,PPO_seed7
1218,22.7925,-10806.27357517746,0.0,0.0,0.4774553276891277,25.029792551233285,-0.020312544314243345,0.0,0.10156272157121672,0.0,0.0,0.0,wltp_class3b,PPO_seed7
1219,22.8194,-11399.833054729348,0.0,0.0,0.47738346636700396,25.02995091559107,-0.021428257621671706,0.0,0.10714128810835853,0.0,0.0,0.0,wltp_class3b,PPO_seed7
1220,22.8633,-12053.238510043537,0.0,0.0,0.4773074857116017,25.030123960357763,-0.02265646336474349,0.0,0.11328231682371745,0.0,0.0,0.0,wltp_class3b,PPO_seed7
1221,22.9247,-12747.434163106234,0.0,0.0,0.4772271283633409,25.030313640047453,-0.023961342411853825,0.0,0.11980671205926911,0.0,0.0,0.0,wltp_class3b,PPO_seed7
1222,23.0027,-13433.072395950245,0.0,0.0,0.4771424480018635,25.030520816158806,-0.025250136082613242,0.0,0.1262506804130662,0.0,0.0,0.0,wltp_class3b,PPO_seed7
1223,23.0954,-14073.15221503801,0.0,0.0,0.47705373153996544,25.030745321819563,-0.026453293637289495,0.0,0.13226646818644747,0.0,0.0,0.0,wltp_class3b,PPO_seed7
1224,23.2001,-14635.912978938406,0.0,0.0,0.476961466115919,25.03098592695915,-0.027511114622064677,0.0,0.13755557311032338,0.0,0.0,0.0,wltp_class3b,PPO_seed7
1225,23.3131,-15079.997186745712,0.0,0.0,0.4768663996233015,25.031239946648128,-0.028345859373582166,0.0,0.14172929686791083,0.0,0.0,0.0,wltp_class3b,PPO_seed7
1226,23.4306,-15395.422752549965,0.0,0.0,0.47676934295280415,25.03150407229673,-0.02893876457246234,0.0,0.1446938228623117,0.0,0.0,0.0,wltp_class3b,PPO_seed7
1227,23.548,-15544.999887783524,0.0,0.0,0.47667134153601437,25.031773630525375,-0.029219924601096847,0.0,0.14609962300548424,0.0,0.0,0.0,wltp_class3b,PPO_seed7
1228,23.661,-15531.61047017604,0.0,0.0,0.476573422749117,25.032043846993208,-0.029194756522887295,0.0,0.14597378261443647,0.0,0.0,0.0,wltp_class3b,PPO_seed7
1229,23.7657,-15362.645466475347,0.0,0.0,0.47647656748253997,25.03231013101162,-0.028877153132472456,0.0,0.14438576566236228,0.0,0.0,0.0,wltp_class3b,PPO_seed7
1230,23.8584,-15038.930271846817,0.0,0.0,0.47638175152347856,25.032568022489578,-0.028268665924524095,0.0,0.14134332962262047,0.0,0.0,0.0,wltp_class3b,PPO_seed7
1231,23.9364,-14593.039052474094,0.0,0.0,0.4762897453751594,25.032814206185744,-0.027430524534725744,0.0,0.1371526226736287,0.0,0.0,0.0,wltp_class3b,PPO_seed7
1232,23.9978,-14052.181447210842,0.0,0.0,0.47620114804331937,25.033046369834786,-0.026413874900772263,0.0,0.1320693745038613,0.0,0.0,0.0,wltp_class3b,PPO_seed7
1233,24.0417,-13453.128555718942,0.0,0.0,0.4761163267214886,25.033263407702197,-0.025287835631050644,0.0,0.1264391781552532,0.0,0.0,0.0,wltp_class3b,PPO_seed7
1234,24.0686,-12849.9522540663,0.0,0.0,0.47603530767851243,25.033465716747944,-0.024154045590350188,0.0,0.12077022795175094,0.0,0.0,0.0,wltp_class3b,PPO_seed7
1235,24.0796,-12267.729148498292,0.0,0.0,0.4759579590442081,25.03365429515464,-0.02305964125657574,0.0,0.11529820628287869,0.0,0.0,0.0,wltp_class3b,PPO_seed7
1236,24.0772,-11762.99999515573,0.0,0.0,0.4758837924168096,25.033831343157896,-0.022110902246533327,0.0,0.11055451123266663,0.0,0.0,0.0,wltp_class3b,PPO_seed7
1237,24.0645,-11362.607379354282,0.0,0.0,0.47581215009894945,25.0339994442481,-0.021358284547658424,0.0,0.10679142273829212,0.0,0.0,0.0,wltp_class3b,PPO_seed7
1238,24.0454,-11101.256636400227,0.0,0.0,0.47574215552458576,25.034161709137976,-0.020867023752632007,0.0,0.10433511876316003,0.0,0.0,0.0,wltp_class3b,PPO_seed7
1239,24.0241,-10994.793776261718,0.0,0.0,0.47567283217014145,25.03432141533965,-0.020666905594476915,0.0,0.10333452797238457,0.0,0.0,0.0,wltp_class3b,PPO_seed7
1240,24.005,-11055.29951257596,0.0,0.0,0.475603127299148,25.03448204580267,-0.020780638181533764,0.0,0.10390319090766881,0.0,0.0,0.0,wltp_class3b,PPO_seed7
1241,23.9923,-11279.737738362788,0.0,0.0,0.4755320072754855,25.03464712312542,-0.021202514545794717,0.0,0.10601257272897358,0.0,0.0,0.0,wltp_class3b,PPO_seed7
1242,23.9899,-11661.362136162788,0.0,0.0,0.47545848095470294,25.034820274312175,-0.02191985363940374,0.0,0.10959926819701869,0.0,0.0,0.0,wltp_class3b,PPO_seed7
1243,24.0009,-12174.41872324029,0.0,0.0,0.4753817195237833,25.035004912560083,-0.022884245720376485,0.0,0.11442122860188242,0.0,0.0,0.0,wltp_class3b,PPO_seed7
1244,24.0277,-12796.682766407208,0.0,0.0,0.475301034245839,25.035204326878365,-0.02405391497444964,0.0,0.1202695748722482,0.0,0.0,0.0,wltp_class3b,PPO_seed7
1245,24.0717,-13494.019489526865,0.0,0.0,0.4752159515519123,25.03542134305157,-0.02536469828858433,0.0,0.12682349144292165,0.0,0.0,0.0,wltp_class3b,PPO_seed7
1246,24.133,-14219.61436999045,0.0,0.0,0.4751262929954111,25.035657834804937,-0.026728598439831677,0.0,0.13364299219915837,0.0,0.0,0.0,wltp_class3b,PPO_seed7
1247,24.211,-14948.01683025446,0.0,0.0,0.47503204056454296,25.035915073304004,-0.02809777599671891,0.0,0.14048887998359455,0.0,0.0,0.0,wltp_class3b,PPO_seed7
1248,24.3037,-15625.04100384408,0.0,0.0,0.47493351788557553,25.036192727794884,-0.029370377826774586,0.0,0.14685188913387293,0.0,0.0,0.0,wltp_class3b,PPO_seed7
1249,24.4084,-16220.92092988145,0.0,0.0,0.4748312362843829,25.03648933437293,-0.030490452875717014,0.0,0.15245226437858506,0.0,0.0,0.0,wltp_class3b,PPO_seed7
1250,24.5215,-16696.012578180682,0.0,0.0,0.47472595710571314,25.036801869842296,-0.031383482289813316,0.0,0.15691741144906657,0.0,0.0,0.0,wltp_class3b,PPO_seed7
1251,24.6389,-17024.078139641493,0.0,0.0,0.4746186072196483,25.037126098674854,-0.03200014687902537,0.0,0.16000073439512683,0.0,0.0,0.0,wltp_class3b,PPO_seed7
1252,24.7563,-17189.316032946874,0.0,0.0,0.4745102132440277,25.037456950274688,-0.03231074442283247,0.0,0.16155372211416236,0.0,0.0,0.0,wltp_class3b,PPO_seed7
1253,24.8694,-17183.28755992148,0.0,0.0,0.4744018551335428,25.03778887610106,-0.03229941270661932,0.0,0.1614970635330966,0.0,0.0,0.0,wltp_class3b,PPO_seed7
1254,24.974,-17001.642876260972,0.0,0.0,0.47429464040222175,25.038116140868482,-0.03195797533131762,0.0,0.1597898766565881,0.0,0.0,0.0,wltp_class3b,PPO_seed7
1255,25.0668,-16672.912035747926,0.0,0.0,0.47418949677163147,25.038434040589856,-0.03134006021757129,0.0,0.15670030108785646,0.0,0.0,0.0,wltp_class3b,PPO_seed7
1256,25.1447,-16199.55880646103,0.0,0.0,0.4740873365190848,25.038738177772245,-0.030450298508385393,0.0,0.15225149254192696,0.0,0.0,0.0,wltp_class3b,PPO_seed7
1257,25.2061,-15637.820579990064,0.0,0.0,0.47398871734012155,25.039026169896356,-0.02939439958644749,0.0,0.14697199793223745,0.0,0.0,0.0,wltp_class3b,PPO_seed7
1258,25.2501,-15014.52916499831,0.0,0.0,0.47389402774116385,25.039296657344096,-0.028222799182327653,0.0,0.14111399591163826,0.0,0.0,0.0,wltp_class3b,PPO_seed7
1259,25.2769,-14374.224022066945,0.0,0.0,0.4738033753373346,25.03954969866216,-0.027019218086592002,0.0,0.13509609043296,0.0,0.0,0.0,wltp_class3b,PPO_seed7
1260,25.2879,-13767.200779234146,0.0,0.0,0.4737165505200842,25.039786727953306,-0.025878196953447646,0.0,0.12939098476723823,0.0,0.0,0.0,wltp_class3b,PPO_seed7
1261,25.2855,-13237.033635353464,0.0,0.0,0.4736330688244697,25.040010175174906,-0.02488164217171704,0.0,0.1244082108585852,0.0,0.0,0.0,wltp_class3b,PPO_seed7
1262,25.2728,-12815.950136764191,0.0,0.0,0.47355224247908473,25.04022305255349,-0.02409013183602292,0.0,0.12045065918011458,0.0,0.0,0.0,wltp_class3b,PPO_seed7
1263,25.2537,-12540.569297546626,0.0,0.0,0.4734731527102022,25.040429022160385,-0.023572498679598923,0.0,0.11786249339799461,0.0,0.0,0.0,wltp_class3b,PPO_seed7
1264,25.2324,-12427.741937126613,0.0,0.0,0.473394774414189,25.04063196543448,-0.023360417175050024,0.0,0.11680208587525012,0.0,0.0,0.0,wltp_class3b,PPO_seed7
1265,25.2133,-12490.385224055666,0.0,0.0,0.47331600096995086,25.040836019396185,-0.02347816771439035,0.0,0.11739083857195175,0.0,0.0,0.0,wltp_class3b,PPO_seed7
1266,25.2006,-12725.525411178285,0.0,0.0,0.47323574445838384,25.041045367158368,-0.023920160547327606,0.0,0.11960080273663802,0.0,0.0,0.0,wltp_class3b,PPO_seed7
1267,25.1982,-13126.258701831503,0.0,0.0,0.47315296044622634,25.041264302900107,-0.024673418612465234,0.0,0.12336709306232616,0.0,0.0,0.0,wltp_class3b,PPO_seed7
1268,25.2092,-13665.651140747279,0.0,0.0,0.4730667743051279,25.04149684684378,-0.025687314174336992,0.0,0.12843657087168495,0.0,0.0,0.0,wltp_class3b,PPO_seed7
1269,25.236,-14320.415287969736,0.0,0.0,0.47297645821167955,25.041746849537432,-0.02691807384956717,0.0,0.13459036924783585,0.0,0.0,0.0,wltp_class3b,PPO_seed7
1270,25.28,-15054.688936846242,0.0,0.0,0.4728815104514955,25.042017595320925,-0.028298287475274894,0.0,0.14149143737637446,0.0,0.0,0.0,wltp_class3b,PPO_seed7
1271,25.3414,-15823.313946054157,0.0,0.0,0.4727817140548361,25.042311360770643,-0.029743071327169468,0.0,0.14871535663584734,0.0,0.0,0.0,wltp_class3b,PPO_seed7
1272,25.4194,-16587.37623808069,0.0,0.0,0.47267709743566694,25.042629350754865,-0.031179278643008818,0.0,0.1558963932150441,0.0,0.0,0.0,wltp_class3b,PPO_seed7
1273,25.5121,-17301.823707807172,0.0,0.0,0.4725679731306675,25.04297126156187,-0.03252222501467514,0.0,0.1626111250733757,0.0,0.0,0.0,wltp_class3b,PPO_seed7
1274,25.6167,-17927.23130259069,0.0,0.0,0.4724549023478211,25.043335223962533,-0.033697803200358444,0.0,0.16848901600179222,0.0,0.0,0.0,wltp_class3b,PPO_seed7
1275,25.7298,-18434.14087211615,0.0,0.0,0.4723386321446017,25.043717987768098,-0.03465064073706044,0.0,0.17325320368530217,0.0,0.0,0.0,wltp_class3b,PPO_seed7
1276,25.8472,-18782.848674843506,0.0,0.0,0.4722201600893939,25.04411450144519,-0.035306106531660726,0.0,0.17653053265830362,0.0,0.0,0.0,wltp_class3b,PPO_seed7
1277,25.9646,-18960.705175248084,0.0,0.0,0.4721005636621722,25.044518889964838,-0.03564042326174452,0.0,0.1782021163087226,0.0,0.0,0.0,wltp_class3b,PPO_seed7
1278,26.0777,-18958.806316984985,0.0,0.0,0.4719809766475428,25.044924726525426,-0.035636853979295086,0.0,0.17818426989647543,0.0,0.0,0.0,wltp_class3b,PPO_seed7
1279,26.1824,-18776.75246829543,0.0,0.0,0.4718625354985012,25.045325511018557,-0.03529464749679592,0.0,0.1764732374839796,0.0,0.0,0.0,wltp_class3b,PPO_seed7
1280,26.2751,-18427.632276854572,0.0,0.0,0.4717462942458746,25.045715327389747,-0.034638406535440924,0.0,0.17319203267720462,0.0,0.0,0.0,wltp_class3b,PPO_seed7
1281,26.3531,-17943.11746803525,0.0,0.0,0.4716331072493952,25.04608961505689,-0.03372766441360009,0.0,0.16863832206800045,0.0,0.0,0.0,wltp_class3b,PPO_seed7
1282,26.4145,-17352.988975611748,0.0,0.0,0.4715236410820597,25.046445124218376,-0.03261840033009727,0.0,0.16309200165048635,0.0,0.0,0.0,wltp_class3b,PPO_seed7
1283,26.4584,-16697.558143318485,0.0,0.0,0.4714183080622446,25.046780205258326,-0.03138638748744076,0.0,0.15693193743720382,0.0,0.0,0.0,wltp_class3b,PPO_seed7
1284,26.4852,-16031.9850085121,0.0,0.0,0.4713171725419877,25.04709511328475,-0.03013531016637613,0.0,0.15067655083188064,0.0,0.0,0.0,wltp_class3b,PPO_seed7
1285,26.4963,-15400.736116100066,0.0,0.0,0.4712200183260402,25.047391444853037,-0.02894875209793246,0.0,0.14474376048966228,0.0,0.0,0.0,wltp_class3b,PPO_seed7
1286,26.4938,-14836.735375194883,0.0,0.0,0.47112642146643363,25.047671619900946,-0.02788860032931369,0.0,0.13944300164656845,0.0,0.0,0.0,wltp_class3b,PPO_seed7
1287,26.4811,-14399.017063054836,0.0,0.0,0.47103558553834346,25.047939486178024,-0.02706582154709556,0.0,0.1353291077354778,0.0,0.0,0.0,wltp_class3b,PPO_seed7
1288,26.462,-14109.508088115586,0.0,0.0,0.47094657571955445,25.048199215084036,-0.026521631744578174,0.0,0.13260815872289086,0.0,0.0,0.0,wltp_class3b,PPO_seed7
1289,26.4407,-13990.206895452411,0.0,0.0,0.47085831834465086,25.04845537523472,-0.026297381382429347,0.0,0.13148690691214673,0.0,0.0,0.0,wltp_class3b,PPO_seed7
1290,26.4216,-14054.889693537685,0.0,0.0,0.4707696527773417,25.048712850071997,-0.026418965589356552,0.0,0.13209482794678276,0.0,0.0,0.0,wltp_class3b,PPO_seed7
1291,26.4089,-14300.666653455635,0.0,0.0,0.47067943654797767,25.048976577103158,-0.026880952356119616,0.0,0.13440476178059807,0.0,0.0,0.0,wltp_class3b,PPO_seed7
1292,26.4065,-14720.496517868114,0.0,0.0,0.4705865715411067,25.049251611700736,-0.027670106236594202,0.0,0.138350531182971,0.0,0.0,0.0,wltp_class3b,PPO_seed7
1293,26.4175,-15286.281271137494,0.0,0.0,0.47049013682681895,25.04954266493346,-0.02873361141191258,0.0,0.1436680570595629,0.0,0.0,0.0,wltp_class3b,PPO_seed7
1294,26.4444,-15977.939016696451,0.0,0.0,0.47038933808882516,25.049854353506884,-0.030033719956196338,0.0,0.15016859978098168,0.0,0.0,0.0,wltp_class3b,PPO_seed7
1295,26.4883,-16740.9991081069,0.0,0.0,0.47028372456674966,25.050190091213928,-0.031468043436291164,0.0,0.1573402171814558,0.0,0.0,0.0,wltp_class3b,PPO_seed7
1296,26.5497,-17553.20859908192,0.0,0.0,0.4701729858223904,25.05055287804056,-0.03299475300579309,0.0,0.16497376502896544,0.0,0.0,0.0,wltp_class3b,PPO_seed7
1297,26.6277,-18357.081870567636,0.0,0.0,0.4700571740238371,25.050943943329013,-0.034505792989788786,0.0,0.17252896494894393,0.0,0.0,0.0,wltp_class3b,PPO_seed7
1298,26.7204,-19109.425384206963,0.0,0.0,0.4699366138194425,25.051362899186238,-0.03591997252670482,0.0,0.1795998626335241,0.0,0.0,0.0,wltp_class3b,PPO_seed7
1299,26.8251,-19773.15874814575,0.0,0.0,0.4698118638116745,25.051807719152862,-0.03716759163185292,0.0,0.18583795815926457,0.0,0.0,0.0,wltp_class3b,PPO_seed7
1300,26.9381,-20300.148724685972,0.0,0.0,0.46968378633587576,25.05227414643521,-0.03815817429452251,0.0,0.19079087147261253,0.0,0.0,0.0,wltp_class3b,PPO_seed7
1301,27.0556,-20678.662596869144,0.0,0.0,0.4695533178572053,25.05275700041039,-0.03886966653546832,0.0,0.19434833267734158,0.0,0.0,0.0,wltp_class3b,PPO_seed7
1302,27.0207,-14216.400118570124,0.0,0.0,0.4694636198576955,25.053027125256534,-0.026722556613853615,0.0,0.13361278306926808,0.0,0.0,0.0,wltp_class3b,PPO_seed7
1303,26.9816,-13986.165797084928,0.0,0.0,0.46937537452899086,25.053290428541757,-0.026289785332866408,0.0,0.13144892666433203,0.0,0.0,0.0,wltp_class3b,PPO_seed7
1304,26.934,-13564.861389317193,0.0,0.0,0.46928978747627526,25.0535419840281,-0.02549785975435563,0.0,0.12748929877177814,0.0,0.0,0.0,wltp_class3b,PPO_seed7
1305,26.8745,-12987.00158238086,0.0,0.0,0.46920784658102394,25.05377811044943,-0.02441165710973846,0.0,0.1220582855486923,0.0,0.0,0.0,wltp_class3b,PPO_seed7
1306,26.8003,-12275.767892193076,0.0,0.0,0.4691303934817317,25.053996133791017,-0.023074751677054656,0.0,0.11537375838527328,0.0,0.0,0.0,wltp_class3b,PPO_seed7
1307,26.7095,-11468.437004729,0.0,0.0,0.46905803461956047,25.054194695169954,-0.021557212414904135,0.0,0.10778606207452067,0.0,0.0,0.0,wltp_class3b,PPO_seed7
1308,26.6012,-10607.798300109996,0.0,0.0,0.46899110643628455,25.054373718530805,-0.019939470488928565,0.0,0.09969735244464283,0.0,0.0,0.0,wltp_class3b,PPO_seed7
1309,26.4758,-9750.27902979755,0.0,0.0,0.4689295893169866,25.05453442933283,-0.018327592161273592,0.0,0.09163796080636795,0.0,0.0,0.0,wltp_class3b,PPO_seed7
1310,26.3346,-8935.967007614907,0.0,0.0,0.4688732106791724,25.054678735168046,-0.016796930465441555,0.0,0.08398465232720777,0.0,0.0,0.0,wltp_class3b,PPO_seed7
1311,26.1799,-8209.070913808324,0.0,0.0,0.4688214189852134,25.05480906279701,-0.015430584424451738,0.0,0.07715292212225869,0.0,0.0,0.0,wltp_class3b,PPO_seed7
1312,26.015,-7613.3912491574965,0.0,0.0,0.4687733863387232,25.054928154135585,-0.014310885806687025,0.0,0.07155442903343512,0.0,0.0,0.0,wltp_class3b,PPO_seed7
1313,25.8437,-7171.447045757087,0.0,0.0,0.4687281427737892,25.05503866883133,-0.01348016361984415,0.0,0.06740081809922074,0.0,0.0,0.0,wltp_class3b,PPO_seed7
1314,25.6702,-6901.0155375661125,0.0,0.0,0.4686846061921152,25.05514317189653,-0.012971833717229535,0.0,0.06485916858614767,0.0,0.0,0.0,wltp_class3b,PPO_seed7
1315,25.4989,-6811.2628029060725,0.0,0.0,0.46864163670453474,25.05524414278341,-0.012803125569372319,0.0,0.06401562784686159,0.0,0.0,0.0,wltp_class3b,PPO_seed7
1316,25.3339,-6890.952386134695,0.0,0.0,0.4685981653479143,25.055343878550243,-0.01295291801905018,0.0,0.0647645900952509,0.0,0.0,0.0,wltp_class3b,PPO_seed7
1317,25.1793,-7141.026328787602,0.0,0.0,0.4685531172532278,25.055444814317855,-0.013422981821029328,0.0,0.06711490910514664,0.0,0.0,0.0,wltp_class3b,PPO_seed7
1318,25.0381,-7518.856678456769,0.0,0.0,0.46850568648777696,25.055549060620624,-0.014133189245219491,0.0,0.07066594622609745,0.0,0.0,0.0,wltp_class3b,PPO_seed7
1319,24.9127,-8002.060118997466,0.0,0.0,0.46845520832629467,25.055658688788824,-0.015041466389092982,0.0,0.0752073319454649,0.0,0.0,0.0,wltp_class3b,PPO_seed7
1320,24.8044,-8548.81258719093,0.0,0.0,0.46840128186806257,25.055775396550796,-0.016069196592464155,0.0,0.08034598296232077,0.0,0.0,0.0,wltp_class3b,PPO_seed7
1321,24.7136,-9125.166966472038,0.0,0.0,0.4683437203339049,25.055900493766142,-0.017152569485849697,0.0,0.08576284742924847,0.0,0.0,0.0,wltp_class3b,PPO_seed7
1322,24.6394,-9681.143058464635,0.0,0.0,0.4682826521946942,25.056034459607446,-0.018197637327941045,0.0,0.09098818663970522,0.0,0.0,0.0,wltp_class3b,PPO_seed7
1323,24.5798,-10173.710086623965,0.0,0.0,0.4682184773360654,25.056176855587204,-0.01912351520042099,0.0,0.09561757600210494,0.0,0.0,0.0,wltp_class3b,PPO_seed7
1324,24.5323,-10582.26785033772,0.0,0.0,0.4681517255785022,25.056326620957698,-0.019891480921687445,0.0,0.09945740460843722,0.0,0.0,0.0,wltp_class3b,PPO_seed7
1325,24.4931,-10854.010161340377,0.0,0.0,0.46808325984022525,25.05648137399494,-0.02040227473936161,0.0,0.10201137369680806,0.0,0.0,0.0,wltp_class3b,PPO_seed7
1326,24.4583,-10981.578257695235,0.0,0.0,0.4680139894803654,25.05663832174109,-0.020642064394163977,0.0,0.10321032197081988,0.0,0.0,0.0,wltp_class3b,PPO_seed7
1327,24.4235,-10941.608828270977,0.0,0.0,0.4679449712627627,25.056794034721573,-0.0205669338877274,0.0,0.102834669438637,0.0,0.0,0.0,wltp_class3b,PPO_seed7
1328,24.3844,-10733.720153810813,0.0,0.0,0.4678772643994841,25.056945064529337,-0.020176165702651905,0.0,0.10088082851325952,0.0,0.0,0.0,wltp_class3b,PPO_seed7
1329,24.3368,-10357.909032730066,0.0,0.0,0.46781192816017564,25.05708811475551,-0.019469753820921178,0.0,0.09734876910460588,0.0,0.0,0.0,wltp_class3b,PPO_seed7
1330,24.2773,-9842.037853727923,0.0,0.0,0.46774984609102316,25.05722072499379,-0.018500071153623916,0.0,0.09250035576811957,0.0,0.0,0.0,wltp_class3b,PPO_seed7
1331,24.2031,-9207.49672376884,0.0,0.0,0.46769176682280555,25.057341186714673,-0.01730732466873842,0.0,0.08653662334369211,0.0,0.0,0.0,wltp_class3b,PPO_seed7
1332,24.1122,-8484.483117418153,0.0,0.0,0.467638248498977,25.057448681267598,-0.015948276536500286,0.0,0.07974138268250143,0.0,0.0,0.0,wltp_class3b,PPO_seed7
1333,24.004,-7727.209307950389,0.0,0.0,0.46758950728171095,25.057543533326808,-0.014524829526222536,0.0,0.07262414763111268,0.0,0.0,0.0,wltp_class3b,PPO_seed7
1334,23.8786,-6963.942314337856,0.0,0.0,0.46754558099929594,25.05762659056842,-0.013090117132214016,0.0,0.06545058566107008,0.0,0.0,0.0,wltp_class3b,PPO_seed7
1335,23.7374,-6245.833941102453,0.0,0.0,0.46750618479911304,25.057699341889155,-0.011740289362974535,0.0,0.058701446814872674,0.0,0.0,0.0,wltp_class3b,PPO_seed7
1336,23.5827,-5608.73518909472,0.0,0.0,0.4674708076704757,25.057763496369624,-0.010542735317847218,0.0,0.05271367658923609,0.0,0.0,0.0,wltp_class3b,PPO_seed7
1337,23.4178,-5091.6045397335965,0.0,0.0,0.46743869286271583,25.057820876819264,-0.009570685225063151,0.0,0.047853426125315755,0.0,0.0,0.0,wltp_class3b,PPO_seed7
1338,23.2465,-4714.043300734754,0.0,0.0,0.46740896000022925,25.05787316774534,-0.008860983647997657,0.0,0.044304918239988285,0.0,0.0,0.0,wltp_class3b,PPO_seed7
1339,23.073,-4491.248052621189,0.0,0.0,0.4673806328821285,25.05792192444251,-0.008442195587633814,0.0,0.042210977938169074,0.0,0.0,0.0,wltp_class3b,PPO_seed7
1340,22.9016,-4426.950913635881,0.0,0.0,0.4673527118029508,25.05796857847976,-0.008321336303826844,0.0,0.04160668151913422,0.0,0.0,0.0,wltp_class3b,PPO_seed7
1341,22.7367,-4524.704699985913,0.0,0.0,0.4673241746880599,25.058014571926623,-0.008505084022529912,0.0,0.04252542011264956,0.0,0.0,0.0,wltp_class3b,PPO_seed7
1342,22.5821,-4763.0456634289085,0.0,0.0,0.4672941348682266,25.05806127710362,-0.008953093352309979,0.0,0.04476546676154989,0.0,0.0,0.0,wltp_class3b,PPO_seed7
1343,22.4409,-5117.437473283027,0.0,0.0,0.46726186044390294,25.058110044014747,-0.00961924337083276,0.0,0.04809621685416379,0.0,0.0,0.0,wltp_class3b,PPO_seed7
1344,22.3155,-5563.91840854818,0.0,0.0,0.4672267706453396,25.058162220703284,-0.010458493249150715,0.0,0.05229246624575357,0.0,0.0,0.0,wltp_class3b,PPO_seed7
1345,22.2072,-6064.883762293642,0.0,0.0,0.46718852185856796,25.058218965245086,-0.01140015744792038,0.0,0.0570007872396019,0.0,0.0,0.0,wltp_class3b,PPO_seed7
1346,22.1164,-6589.9877072537565,0.0,0.0,0.4671469618336789,25.058281211793247,-0.012387194938446911,0.0,0.06193597469223455,0.0,0.0,0.0,wltp_class3b,PPO_seed7
1347,22.0421,-7091.219610506213,0.0,0.0,0.46710224108131015,25.058349312613274,-0.013329360170124462,0.0,0.0666468008506223,0.0,0.0,0.0,wltp_class3b,PPO_seed7
1348,21.9826,-7544.42492330411,0.0,0.0,0.4670546624250372,25.058423190528664,-0.014181249855834794,0.0,0.07090624927917397,0.0,0.0,0.0,wltp_class3b,PPO_seed7
1349,21.9351,-7910.765492255049,0.0,0.0,0.46700477360859916,25.05850204095769,-0.014869859947847836,0.0,0.07434929973923918,0.0,0.0,0.0,wltp_class3b,PPO_seed7
1350,21.8959,-8157.284305374728,0.0,0.0,0.46695333021781626,25.058584341289567,-0.015333241175516408,0.0,0.07666620587758204,0.0,0.0,0.0,wltp_class3b,PPO_seed7
1351,21.8611,-8274.440823516725,0.0,0.0,0.46690114801893823,25.058668220486584,-0.01555346019458031,0.0,0.07776730097290155,0.0,0.0,0.0,wltp_class3b,PPO_seed7
1352,21.8263,-8241.825148856624,0.0,0.0,0.46684917151323513,25.058751370787736,-0.015492152535444781,0.0,0.0774607626772239,0.0,0.0,0.0,wltp_class3b,PPO_seed7
1353,21.7872,-8059.558072869013,0.0,0.0,0.4667983444676753,25.058831481133552,-0.015149545249753786,0.0,0.07574772624876892,0.0,0.0,0.0,wltp_class3b,PPO_seed7
1354,21.7396,-7728.111389802864,0.0,0.0,0.46674960769899493,25.058906371518898,-0.014526525168802377,0.0,0.07263262584401188,0.0,0.0,0.0,wltp_class3b,PPO_seed7
1355,21.6801,-7272.817777894419,0.0,0.0,0.46670374228341455,25.0589744637177,-0.013670710108824098,0.0,0.06835355054412048,0.0,0.0,0.0,wltp_class3b,PPO_seed7
1356,21.6058,-6709.762852445349,0.0,0.0,0.46666142785890513,25.0590346832246,-0.012612336188807048,0.0,0.06306168094403523,0.0,0.0,0.0,wltp_class3b,PPO_seed7
1357,21.515,-6079.985600298685,0.0,0.0,0.46662308524751983,25.05908675648528,-0.011428544361463695,0.0,0.05714272180731847,0.0,0.0,0.0,wltp_class3b,PPO_seed7
1358,21.4067,-5408.335695986328,0.0,0.0,0.4665889785400043,25.059130896900076,-0.010166044541327683,0.0,0.050830222706638416,0.0,0.0,0.0,wltp_class3b,PPO_seed7
1359,21.2813,-4743.81859153725,0.0,0.0,0.466559062757986,25.059167916689244,-0.008916952239731673,0.0,0.04458476119865836,0.0,0.0,0.0,wltp_class3b,PPO_seed7
1360,21.1401,-4118.568776454675,0.0,0.0,0.4665330902499391,25.059198861348545,-0.007741670632433599,0.0,0.038708353162167995,0.0,0.0,0.0,wltp_class3b,PPO_seed7
1361,20.9855,-3570.934875205881,0.0,0.0,0.46651057151394154,25.05922491146737,-0.006712283600011054,0.0,0.03356141800005527,0.0,0.0,0.0,wltp_class3b,PPO_seed7
1362,20.8206,-3125.1781756938612,0.0,0.0,0.46649086404963813,25.0592471718347,-0.005874395067093724,0.0,0.02937197533546862,0.0,0.0,0.0,wltp_class3b,PPO_seed7
1363,20.6493,-2807.9374687943277,0.0,0.0,0.46647315738222017,25.059266655808287,-0.005278077948861519,0.0,0.02639038974430759,0.0,0.0,0.0,wltp_class3b,PPO_seed7
1364,20.4757,-2625.4167947547026,0.0,0.0,0.4664566019378207,25.05928420385505,-0.004934993975102824,0.0,0.02467496987551412,0.0,0.0,0.0,wltp_class3b,PPO_seed7
1365,20.3044,-2592.985378702396,0.0,0.0,0.4664402512584462,25.0593006185398,-0.004874032666733827,0.0,0.024370163333669134,0.0,0.0,0.0,wltp_class3b,PPO_seed7
1366,20.1395,-2693.724033887784,0.0,0.0,0.4664232656081461,25.059316614195982,-0.005063391041142452,0.0,0.02531695520571226,0.0,0.0,0.0,wltp_class3b,PPO_seed7
1367,19.9849,-2920.6064603551963,0.0,0.0,0.4664048495851099,25.059332962839107,-0.005489861767584956,0.0,0.027449308837924777,0.0,0.0,0.0,wltp_class3b,PPO_seed7
1368,19.8437,-3248.2111288703954,0.0,0.0,0.466384368104205,25.059350458626852,-0.006105660016673676,0.0,0.03052830008336838,0.0,0.0,0.0,wltp_class3b,PPO_seed7
1369,19.7183,-3654.9956592062726,0.0,0.0,0.4663613219231927,25.059369944066948,-0.006870292592492994,0.0,0.03435146296246497,0.0,0.0,0.0,wltp_class3b,PPO_seed7
1370,19.61,-4107.605530620964,0.0,0.0,0.46633542211005197,25.05939218958336,-0.007721063027483015,0.0,0.038605315137415074,0.0,0.0,0.0,wltp_class3b,PPO_seed7
1371,19.5192,-4579.30569127169,0.0,0.0,0.4663065482944438,25.05941785049408,-0.00860771746479641,0.0,0.04303858732398205,0.0,0.0,0.0,wltp_class3b,PPO_seed7
1372,19.4449,-5027.974576322731,0.0,0.0,0.4662748456780778,25.05944722545351,-0.009451080030681826,0.0,0.04725540015340913,0.0,0.0,0.0,wltp_class3b,PPO_seed7
1373,19.3854,-5432.640370532942,0.0,0.0,0.4662405916803288,25.0594803275877,-0.010211730019798764,0.0,0.05105865009899382,0.0,0.0,0.0,wltp_class3b,PPO_seed7
1374,19.3378,-5756.379082525849,0.0,0.0,0.4662042965244013,25.05951665156856,-0.010820261433319267,0.0,0.05410130716659633,0.0,0.0,0.0,wltp_class3b,PPO_seed7
1375,19.2987,-5982.828487177242,0.0,0.0,0.4661665735996759,25.059555340097017,-0.011245918208979779,0.0,0.05622959104489889,0.0,0.0,0.0,wltp_class3b,PPO_seed7
1376,19.2639,-6085.746114379894,0.0,0.0,0.466128201766607,25.059595088497822,-0.011439372395450929,0.0,0.05719686197725464,0.0,0.0,0.0,wltp_class3b,PPO_seed7
1377,19.2291,-6059.6589017569395,0.0,0.0,0.46608999440970783,25.05963443586924,-0.011390336281498006,0.0,0.05695168140749003,0.0,0.0,0.0,wltp_class3b,PPO_seed7
1378,19.1899,-5899.027147874498,0.0,0.0,0.4660527998604553,25.0596718578246,-0.011088396894500937,0.0,0.05544198447250468,0.0,0.0,0.0,wltp_class3b,PPO_seed7
1379,19.1424,-5616.852768632174,0.0,0.0,0.4660173844876603,25.059706071297384,-0.010557993926000327,0.0,0.05278996963000163,0.0,0.0,0.0,wltp_class3b,PPO_seed7
1380,19.0829,-5217.747956310387,0.0,0.0,0.46598448558950695,25.05973601694433,-0.009807796910357871,0.0,0.04903898455178935,0.0,0.0,0.0,wltp_class3b,PPO_seed7
1381,19.0086,-4728.288791000714,0.0,0.0,0.4659546728991279,25.059761123773605,-0.008887760885339688,0.0,0.04443880442669844,0.0,0.0,0.0,wltp_class3b,PPO_seed7
1382,18.9178,-4181.972153370927,0.0,0.0,0.4659283049378709,25.05978132742774,-0.007860849912351368,0.0,0.039304249561756835,0.0,0.0,0.0,wltp_class3b,PPO_seed7
1383,18.8095,-3600.9622288189034,0.0,0.0,0.46590560046227636,25.059796887397674,-0.006768725994020496,0.0,0.03384362997010248,0.0,0.0,0.0,wltp_class3b,PPO_seed7
1384,18.6841,-3028.483442813888,0.0,0.0,0.4658865056747019,25.0598084248345,-0.005692638050402045,0.0,0.028463190252010225,0.0,0.0,0.0,wltp_class3b,PPO_seed7
1385,18.5429,-2492.73994469911,0.0,0.0,0.4658707889307189,25.05981667270269,-0.004685601399810357,0.0,0.023428006999051783,0.0,0.0,0.0,wltp_class3b,PPO_seed7
1386,18.3883,-2027.1437424607032,0.0,0.0,0.46585800791213383,25.05982239037679,-0.0038104205685351566,0.0,0.01905210284267578,0.0,0.0,0.0,wltp_class3b,PPO_seed7
1387,18.2234,-1652.518758468328,0.0,0.0,0.4658475890066589,25.059826231233746,-0.0031062382677976095,0.0,0.015531191338988046,0.0,0.0,0.0,wltp_class3b,PPO_seed7
1388,18.052,-1388.6821641268182,0.0,0.0,0.46583883366793405,25.059828723218665,-0.0026103048197872523,0.0,0.01305152409893626,0.0,0.0,0.0,wltp_class3b,PPO_seed7
1389,17.8785,-1251.6251451912153,0.0,0.0,0.4658309425494338,25.059830283361567,-0.00235267884434439,0.0,0.011763394221721948,0.0,0.0,0.0,wltp_class3b,PPO_seed7
1390,17.7072,-1236.9824773565927,0.0,0.0,0.4658231438529791,25.059831237289494,-0.002325155032625174,0.0,0.01162577516312587,0.0,0.0,0.0,wltp_class3b,PPO_seed7
1391,17.5423,-1340.3578181592188,0.0,0.0,0.4658146935246638,25.059831904253116,-0.0025194695830060504,0.0,0.012597347915030251,0.0,0.0,0.0,wltp_class3b,PPO_seed7
1392,17.3876,-1549.36622620749,0.0,0.0,0.4658049256151471,25.05983264886157,-0.0029123425304652065,0.0,0.014561712652326033,0.0,0.0,0.0,wltp_class3b,PPO_seed7
1393,17.2464,-1849.5386648528402,0.0,0.0,0.46579326541057486,25.059833919691325,-0.003476576437693309,0.0,0.017382882188466543,0.0,0.0,0.0,wltp_class3b,PPO_seed7
1394,17.121,-2213.6511904164026,0.0,0.0,0.4657793098341722,25.05983621231141,-0.004160998478226321,0.0,0.020804992391131604,0.0,0.0,0.0,wltp_class3b,PPO_seed7
1395,17.0128,-2618.030929158477,0.0,0.0,0.46576280504821904,25.059840039084005,-0.004921110769094882,0.0,0.024605553845474408,0.0,0.0,0.0,wltp_class3b,PPO_seed7
1396,16.9219,-3028.8437516734543,0.0,0.0,0.4657437105052989,25.05984580902424,-0.005693315322694463,0.0,0.028466576613472315,0.0,0.0,0.0,wltp_class3b,PPO_seed7
1397,16.8477,-3428.492092736343,0.0,0.0,0.4657220965848548,25.059853827485135,-0.0064445340089029,0.0,0.0322226700445145,0.0,0.0,0.0,wltp_class3b,PPO_seed7
1398,16.7882,-3780.586554184929,0.0,0.0,0.46569826306044954,25.059864106761786,-0.007106365703355129,0.0,0.035531828516775645,0.0,0.0,0.0,wltp_class3b,PPO_seed7
1399,16.7406,-4064.0991222955486,0.0,0.0,0.46567264226221095,25.059876392735127,-0.007639284064465317,0.0,0.038196420322326584,0.0,0.0,0.0,wltp_class3b,PPO_seed7
1400,16.7015,-4262.641259289446,0.0,0.0,0.4656457698345333,25.059890177858723,-0.008012483570092944,0.0,0.040062417850464715,0.0,0.0,0.0,wltp_class3b,PPO_seed7
1401,16.6667,-4353.900731714636,0.0,0.0,0.46561832208610765,25.05990466277169,-0.00818402393179443,0.0,0.040920119658972146,0.0,0.0,0.0,wltp_class3b,PPO_seed7
1402,16.5193,-1374.5987465113742,0.0,0.0,0.46560965637144147,25.059902905087974,-0.0025838322302845383,0.0,0.01291916115142269,0.0,0.0,0.0,wltp_class3b,PPO_seed7
1403,16.3676,-1204.646865725825,0.0,0.0,0.4656020621381082,25.05990038153008,-0.00226437380775531,0.0,0.01132186903877655,0.0,0.0,0.0,wltp_class3b,PPO_seed7
1404,16.2075,-931.5565551399641,0.0,0.0,0.4655961895567845,25.059896956578154,-0.0017510461562781278,0.0,0.008755230781390639,0.0,0.0,0.0,wltp_class3b,PPO_seed7
1405,16.0354,-570.1984609945771,0.0,0.0,0.46559259503414047,25.05989266143534,-0.0010718016184108592,0.0,0.005359008092054296,0.0,0.0,0.0,wltp_class3b,PPO_seed7
1406,15.8486,0.0,145.84097159054704,0.0,0.46559259503414047,25.059887688455976,-0.002056028734829141,0.001370685823219427,0.0,0.0,0.0,0.0,wltp_class3b,PPO_seed7
1407,15.6452,229.4997753009144,0.0,0.0,0.46559404176157365,25.05988236532284,0.012420596861774299,0.0,0.0021569527753845337,0.009179991012036575,0.0,0.0,wltp_class3b,PPO_seed7
1408,15.4244,571.4934185085402,0.0,0.0,0.46559764430990463,25.05987690760502,0.03092939568740205,0.0,0.005371178745381017,0.02285973674034161,0.0,0.0,wltp_class3b,PPO_seed7
1409,15.1864,901.9033262432051,0.0,0.0,0.46560332959670936,25.059871514184838,0.048811279265402935,0.0,0.008476535021082756,0.036076133049728204,0.0,0.0,wltp_class3b,PPO_seed7
1410,14.9326,1199.2355385993965,0.0,0.0,0.4656108890500386,25.05986631630694,0.06490298802134177,0.0,0.011271010701122148,0.04796942154397586,0.0,0.0,wltp_class3b,PPO_seed7
1411,14.6654,1446.8069448341998,0.0,0.0,0.46562000894332645,25.05986134815311,0.07830162698433511,0.0,0.013597809631900375,0.057872277793367996,0.0,0.0,wltp_class3b,PPO_seed7
1412,14.388,1632.7305864501152,0.0,0.0,0.46563030063616084,25.05985654247836,0.08836387038547314,0.0,0.015345212278666497,0.0653092234580046,0.0,0.0,wltp_class3b,PPO_seed7
1413,14.1041,1751.32391169447,0.0,0.0,0.4656413396892156,25.05985175351759,0.09478217681486312,0.0,0.016459811200135996,0.0700529564677788,0.0,0.0,wltp_class3b,PPO_seed7
1414,13.818,1796.4165068894506,0.0,0.0,0.46565266279279766,25.0598467739249,0.09722260162849822,0.0,0.016883613786554987,0.07185666027557802,0.0,0.0,wltp_class3b,PPO_seed7
1415,13.5341,1770.4987887251382,0.0,0.0,0.4656638223594412,25.05984139007118,0.09581992692664319,0.0,0.016640026209822727,0.07081995154900553,0.0,0.0,wltp_class3b,PPO_seed7
1416,13.2566,1680.7530101158268,0.0,0.0,0.46567441609437155,25.059835424569926,0.09096285839709564,0.0,0.01579655084695326,0.06723012040463307,0.0,0.0,wltp_class3b,PPO_seed7
1417,12.9894,1535.461587801633,0.0,0.0,0.46568409392489385,25.059828758182714,0.08309964292478311,0.0,0.014431029960541663,0.06141846351206532,0.0,0.0,wltp_class3b,PPO_seed7
1418,12.7357,1347.9753062300663,0.0,0.0,0.4656925899397088,25.059821351838345,0.07295282897927832,0.0,0.012668940848026939,0.053919012249202654,0.0,0.0,wltp_class3b,PPO_seed7
1419,12.4977,1134.690477818948,0.0,0.0,0.46569974157684485,25.05981324557203,0.06140978991985554,0.0,0.010664384190027706,0.04538761911275792,0.0,0.0,wltp_class3b,PPO_seed7
1420,12.2769,906.4744873184441,0.0,0.0,0.46570545476955727,25.059804527297658,0.04905867187758015,0.0,0.008519497061263571,0.036258979492737764,0.0,0.0,wltp_class3b,PPO_seed7
1421,12.0735,681.3963076130021,0.0,0.0,0.4657097493307037,25.05979532490191,0.036877373099236006,0.0,0.006404100635460546,0.027255852304520087,0.0,0.0,wltp_class3b,PPO_seed7
1422,11.8867,472.30171039030324,0.0,0.0,0.46571272602844926,25.05978577052062,0.025561110611950395,0.0,0.004438925849532926,0.01889206841561213,0.0,0.0,wltp_class3b,PPO_seed7
1423,11.7146,292.6688211034808,0.0,0.0,0.4657145705694938,25.05977598132748,0.015839324618818457,0.0,0.0027506468148823385,0.011706752844139232,0.0,0.0,wltp_class3b,PPO_seed7
1424,11.5545,151.53675062362439,0.0,0.0,0.4657155256211509,25.059766043540616,0.008201214518713145,0.0,0.0014242175810491014,0.006061470024944975,0.0,0.0,wltp_class3b,PPO_seed7
1425,11.4028,59.02361618527875,0.0,0.0,0.4657158976118178,25.059756010267627,0.0031943758594108005,0.0,0.0005547332348240484,0.00236094464741115,0.0,0.0,wltp_class3b,PPO_seed7
1426,11.2554,19.913897133640322,0.0,0.0,0.46571602311653676,25.059745906040998,0.0010777461020146093,0.0,0.00018716068734624363,0.0007965558853456129,0.0,0.0,wltp_class3b,PPO_seed7
1427,11.108,35.10104045641574,0.0,0.0,0.46571624433506165,25.059735740715183,0.0018996788662051162,0.0,0.0003298969967708246,0.0014040416182566295,0.0,0.0,wltp_class3b,PPO_seed7
1428,10.9563,102.85894265641134,0.0,0.0,0.46571689258325827,25.059725526037866,0.005566756911585329,0.0,0.0009667193858685277,0.004114357706256453,0.0,0.0,wltp_class3b,PPO_seed7
1429,10.7962,218.78902040482086,0.0,0.0,0.46571827145069944,25.059715290161552,0.011840927585518048,0.0,0.0020562877857595945,0.008751560816192834,0.0,0.0,wltp_class3b,PPO_seed7
1430,10.6241,374.61259223146754,0.0,0.0,0.465720632347457,25.05970508553483,0.020274146157008295,0.0,0.003520795039769432,0.014984503689258702,0.0,0.0,wltp_class3b,PPO_seed7
1431,10.4373,557.1897442936587,0.0,0.0,0.4657241438679815,25.0596949849605,0.030155276537035754,0.0,0.005236745717045664,0.022287589771746347,0.0,0.0,wltp_class3b,PPO_seed7
1432,10.2339,754.7533723330685,0.0,0.0,0.4657289004439585,25.059685071749502,0.0408474795041611,0.0,0.007093546732453651,0.03019013489332274,0.0,0.0,wltp_class3b,PPO_seed7
1433,10.0131,952.4900537352723,0.0,0.0,0.46573490314747024,25.05967541929787,0.051549048171326994,0.0,0.008951974189241282,0.0380996021494109,0.0,0.0,wltp_class3b,PPO_seed7
1434,9.7752,1136.48916274649,0.0,0.0,0.46574206538310203,25.059666071745973,0.061507135289091984,0.0,0.010681289123557236,0.0454595665098596,0.0,0.0,wltp_class3b,PPO_seed7
1435,9.5214,1296.2119165116178,0.0,0.0,0.4657502341405236,25.059657033915403,0.07015137875977914,0.0,0.01218244282435731,0.051848476660464715,0.0,0.0,wltp_class3b,PPO_seed7
1436,9.2542,1418.3102466077335,0.0,0.0,0.4657591722933687,25.05964825370291,0.07675937710588318,0.0,0.013329983520749374,0.05673240986430934,0.0,0.0,wltp_class3b,PPO_seed7
1437,8.9767,1498.4950878513682,0.0,0.0,0.465768615692171,25.059639641982084,0.08109900482973043,0.0,0.014083600449730905,0.05993980351405473,0.0,0.0,wltp_class3b,PPO_seed7
1438,8.6928,1531.8102571087256,0.0,0.0,0.46577826896187224,25.059631077178956,0.0829020318095384,0.0,0.01439671294275118,0.06127241028434902,0.0,0.0,wltp_class3b,PPO_seed7
1439,8.4067,1519.4600360354843,0.0,0.0,0.4657878443253504,25.059622433165433,0.08223363413070238,0.0,0.014280639436423725,0.060778401441419376,0.0,0.0,wltp_class3b,PPO_seed7
1440,8.1229,1463.3165788912702,0.0,0.0,0.46579706581167696,25.05961359269819,0.07919513334480724,0.0,0.013752975365519457,0.05853266315565081,0.0,0.0,wltp_class3b,PPO_seed7
1441,7.8454,1372.6354475324777,0.0,0.0,0.46580571578324226,25.059604476689294,0.07428744324314866,0.0,0.012900709093350353,0.0549054179012991,0.0,0.0,wltp_class3b,PPO_seed7
1442,7.5782,1251.6399939161552,0.0,0.0,0.46581360322150817,25.059595033638526,0.06773913290382319,0.0,0.011763533777407473,0.050065599756646206,0.0,0.0,wltp_class3b,PPO_seed7
1443,7.3244,1111.4845602525497,0.0,0.0,0.46582060740187237,25.059585255880133,0.060153878681938736,0.0,0.010446283461020204,0.044459382410101986,0.0,0.0,wltp_class3b,PPO_seed7
1444,7.0864,960.2208233490674,0.0,0.0,0.4658266583390855,25.059575164991344,0.051967439747869076,0.0,0.00902463179839349,0.038408832933962696,0.0,0.0,wltp_class3b,PPO_seed7
1445,6.8656,806.9661292109737,0.0,0.0,0.465831743500877,25.059564805283458,0.043673249609478104,0.0,0.0075842681316820836,0.032278645168438945,0.0,0.0,wltp_class3b,PPO_seed7
1446,6.6622,660.9598653829954,0.0,0.0,0.46583590857558527,25.059554233593186,0.035771346699449626,0.0,0.006212028809990559,0.026438394615319816,0.0,0.0,wltp_class3b,PPO_seed7
1447,6.4754,528.7410981815831,0.0,0.0,0.46583924045510294,25.059543506575746,0.02861562725346643,0.0,0.0049693712235111195,0.021149643927263324,0.0,0.0,wltp_class3b,PPO_seed7
1448,6.3034,416.05659307338124,0.0,0.0,0.4658418622419984,25.05953267442479,0.02251710794693382,0.0,0.003910306325877643,0.01664226372293525,0.0,0.0,wltp_class3b,PPO_seed7
1449,6.1432,329.4618607420416,0.0,0.0,0.46584393834595444,25.059521778363173,0.017830574989633197,0.0,0.0030964460596056543,0.013178474429681664,0.0,0.0,wltp_class3b,PPO_seed7
1450,5.9915,268.94023461114784,0.0,0.0,0.46584563306949084,25.059510846322677,0.014555126381436407,0.0,0.0025276337839393592,0.010757609384445914,0.0,0.0,wltp_class3b,PPO_seed7
1451,5.8442,237.8267077059416,0.0,0.0,0.465847131728942,25.05949989842537,0.012871252947874945,0.0,0.002235213418288925,0.009513068308237664,0.0,0.0,wltp_class3b,PPO_seed7
1452,5.6968,236.5549493477591,0.0,0.0,0.4658486223721107,25.059488949515025,0.01280242500304639,0.0,0.002223260802140593,0.009462197973910364,0.0,0.0,wltp_class3b,PPO_seed7
1453,5.5451,260.9505746892534,0.0,0.0,0.46585026674102514,25.059478011931454,0.01412272358355824,0.0,0.00245254299519975,0.010438022987570137,0.0,0.0,wltp_class3b,PPO_seed7
1454,5.385,308.05398073282817,0.0,0.0,0.46585220792704485,25.059467099706126,0.016671974085074412,0.0,0.0028952441798198135,0.012322159229313127,0.0,0.0,wltp_class3b,PPO_seed7
1455,5.2129,372.2814608028579,0.0,0.0,0.46585455383526997,25.059456228903723,0.020147984622999784,0.0,0.003498885909801296,0.014891258432114316,0.0,0.0,wltp_class3b,PPO_seed7
1456,5.0261,445.7464602886733,0.0,0.0,0.46585736267342465,25.059445415096484,0.0241239324899088,0.0,0.004189346431284524,0.017829858411546932,0.0,0.0,wltp_class3b,PPO_seed7
1457,4.8227,521.4471973517014,0.0,0.0,0.4658606485274657,25.05943467077881,0.028220879146898848,0.0,0.004900819523982156,0.020857887894068058,0.0,0.0,wltp_class3b,PPO_seed7
1458,4.6019,591.2955145427131,0.0,0.0,0.4658643745162665,25.05942400034492,0.03200109108028909,0.0,0.005557288670514221,0.023651820581708526,0.0,0.0,wltp_class3b,PPO_seed7
1459,4.3639,648.7098194797815,0.0,0.0,0.46586846228565193,25.059413397818673,0.03510837053094336,0.0,0.006096896799622006,0.025948392779191257,0.0,0.0,wltp_class3b,PPO_seed7
1460,4.1101,687.44318120197,0.0,0.0,0.46587279411782634,25.059402845074175,0.03720463171647955,0.0,0.006460932154153854,0.0274977272480788,0.0,0.0,wltp_class3b,PPO_seed7
1461,3.8429,703.871631684796,0.0,0.0,0.465877229460207,25.05939231509289,0.03809374439749745,0.0,0.006615334884255601,0.02815486526739184,0.0,0.0,wltp_class3b,PPO_seed7
1462,3.5655,696.8862485853501,0.0,0.0,0.4658816207739436,25.059381777339695,0.037715693363288345,0.0,0.006549682787456298,0.027875449943414007,0.0,0.0,wltp_class3b,PPO_seed7
1463,3.2816,667.9785711228094,0.0,0.0,0.4658858299203254,25.059371204084343,0.03615120116497731,0.0,0.006277994089500088,0.026719142844912377,0.0,0.0,wltp_class3b,PPO_seed7
1464,2.9955,619.3926327839931,0.0,0.0,0.46588973290223273,25.05936057377393,0.03352171556976829,0.0,0.0058213593306766275,0.024775705311359725,0.0,0.0,wltp_class3b,PPO_seed7
1465,2.7116,555.8615621204945,0.0,0.0,0.46589323554828327,25.05934987517107,0.03008339491837082,0.0,0.005224262801884347,0.022234462484819778,0.0,0.0,wltp_class3b,PPO_seed7
1466,2.4341,482.9944907116144,0.0,0.0,0.4658962790322376,25.05933910743973,0.02613980709881353,0.0,0.004539421905184346,0.019319779628464574,0.0,0.0,wltp_class3b,PPO_seed7
1467,2.1669,406.10097007883104,0.0,0.0,0.4658988379847665,25.059328277571073,0.021978306636296435,0.0,0.0038167384405905173,0.01624403880315324,0.0,0.0,wltp_class3b,PPO_seed7
1468,1.9132,330.4627152051791,0.0,0.0,0.4659009203176985,25.059317397514043,0.01788474153418706,0.0,0.003105852586514841,0.013218508608207164,0.0,0.0,wltp_class3b,PPO_seed7
1469,1.6752,260.50038822127425,0.0,0.0,0.465902561798104,25.059306480783178,0.01409835935651678,0.0,0.0024483119193728785,0.01042001552885097,0.0,0.0,wltp_class3b,PPO_seed7
1470,1.4544,198.57153691975367,0.0,0.0,0.46590381304804296,25.05929553948653,0.01074675129886005,0.0,0.0018662738432307677,0.007942861476790146,0.0,0.0,wltp_class3b,PPO_seed7
1471,1.251,146.71195290186563,0.0,0.0,0.46590473751717604,25.059284583458926,0.007940095014944578,0.0,0.001378871737799489,0.0058684781160746255,0.0,0.0,wltp_class3b,PPO_seed7
1472,1.2987,-295.82865226772253,0.0,0.0,0.4659028734263045,25.059273692162098,-0.0005560688952400799,0.0,0.0027803444762003996,0.0,0.0,0.0,wltp_class3b,PPO_seed7
1473,1.0823,142.86555822993856,0.0,0.0,0.46590377365942365,25.059262738231798,0.007731926978489456,0.0,0.0013427214119355127,0.005714622329197542,0.0,0.0,wltp_class3b,PPO_seed7
1474,0.8658,114.53819471621924,0.0,0.0,0.46590449539430356,25.05925177951588,0.006198841545619144,0.0,0.0010764867924456696,0.00458152778864877,0.0,0.0,wltp_class3b,PPO_seed7
1475,0.6494,85.92736141001937,0.0,0.0,0.46590503684485235,25.059240817423746,0.004650414642325709,0.0,0.0008075879831768738,0.0034370944564007747,0.0,0.0,wltp_class3b,PPO_seed7
1476,0.4329,57.37177673952739,0.0,0.0,0.4659053983592744,25.059229853448024,0.003104977811812918,0.0,0.000539208428003077,0.0022948710695810956,0.0,0.0,wltp_class3b,PPO_seed7
1477,0.2165,28.68110272688589,0.0,0.0,0.46590557908634994,25.05921888906494,0.001552229905474621,0.0,0.00026955923615494255,0.0011472441090754355,0.0,0.0,wltp_class3b,PPO_seed7
1478,0.0,0.0,0.0,0.0,0.46590557908634994,25.059207925776995,0.0,0.0,0.0,0.0,0.0,0.0,wltp_class3b,PPO_seed7
1479,0.3044,-190.6047494753745,0.0,0.0,0.46590437803572377,25.05919699877908,-0.00035827960427701973,0.0,0.0017913980213850986,0.0,0.0,0.0,wltp_class3b,PPO_seed7
1480,0.6088,-381.3086624696626,0.0,0.0,0.46590197530732447,25.05918617670476,-0.0007167456061459823,0.0,0.0035837280307299117,0.0,0.0,0.0,wltp_class3b,PPO_seed7
1481,0.9132,-572.210902501778,0.0,0.0,0.4658983696468571,25.059175528523856,-0.001075584403198831,0.0,0.005377922015994154,0.0,0.0,0.0,wltp_class3b,PPO_seed7
1482,1.2177,-763.6629248368661,0.0,0.0,0.4658935575831943,25.05916512412125,-0.001435456625633207,0.0,0.007177283128166035,0.0,0.0,0.0,wltp_class3b,PPO_seed7
1483,1.7949,-1888.8709640959635,0.0,0.0,0.46588165522085895,25.059157552731403,-0.0035505093310074505,0.0,0.01775254665503725,0.0,0.0,0.0,wltp_class3b,PPO_seed7
1484,2.0778,-1236.6990735730928,0.0,0.0,0.46587386234430367,25.059148049386586,-0.0023246223187464153,0.0,0.011623111593732076,0.0,0.0,0.0,wltp_class3b,PPO_seed7
1485,2.3449,-1339.666726820603,0.0,0.0,0.465865420597086,25.059138801293415,-0.0025181705391364717,0.0,0.012590852695682359,0.0,0.0,0.0,wltp_class3b,PPO_seed7
1486,2.5986,-1432.3515894275222,0.0,0.0,0.4658563947677078,25.059129801765174,-0.0026923902056908314,0.0,0.013461951028454155,0.0,0.0,0.0,wltp_class3b,PPO_seed7
1487,2.842,-1523.1840718775707,0.0,0.0,0.46584679652183547,25.05912106312597,-0.002863127954657088,0.0,0.014315639773285439,0.0,0.0,0.0,wltp_class3b,PPO_seed7
1488,3.079,-1622.0839923856029,0.0,0.0,0.46583657501569575,25.05911262731749,-0.0030490300608751932,0.0,0.015245150304375966,0.0,0.0,0.0,wltp_class3b,PPO_seed7
1489,3.3137,-1736.7866086750341,0.0,0.0,0.46582563066049637,25.05910456644251,-0.003264636482471869,0.0,0.016323182412359343,0.0,0.0,0.0,wltp_class3b,PPO_seed7
1490,3.5507,-1877.0921805553476,0.0,0.0,0.46581380210830653,25.05909699800738,-0.0035283687604423827,0.0,0.017641843802211912,0.0,0.0,0.0,wltp_class3b,PPO_seed7
1491,3.7941,-2047.5134074893447,0.0,0.0,0.4658008995698675,25.059090077896368,-0.0038487094125739564,0.0,0.019243547062869782,0.0,0.0,0.0,wltp_class3b,PPO_seed7
1492,4.0478,-2253.9979482036597,0.0,0.0,0.46578669577053905,25.0590840171933,-0.00423683824850312,0.0,0.0211841912425156,0.0,0.0,0.0,wltp_class3b,PPO_seed7
1493,4.3149,-2498.32051227676,0.0,0.0,0.46577095224454257,25.059079078580446,-0.00469609118849015,0.0,0.02348045594245075,0.0,0.0,0.0,wltp_class3b,PPO_seed7
1494,4.5978,-2781.915846867428,0.0,0.0,0.46575342147554405,25.059075585970472,-0.005229165125690655,0.0,0.026145825628453273,0.0,0.0,0.0,wltp_class3b,PPO_seed7
1495,4.8978,-3101.8888791686063,0.0,0.0,0.4657338741800175,25.059073910935968,-0.005830618193925952,0.0,0.029153090969629758,0.0,0.0,0.0,wltp_class3b,PPO_seed7
1496,5.2153,-3454.753327441195,0.0,0.0,0.46571210303181004,25.05907447001222,-0.0064938972320323215,0.0,0.032469486160161605,0.0,0.0,0.0,wltp_class3b,PPO_seed7
1497,5.5493,-3830.126774035375,0.0,0.0,0.46568796611973734,25.059077672075226,-0.007199486417359728,0.0,0.03599743208679864,0.0,0.0,0.0,wltp_class3b,PPO_seed7
1498,5.8981,-4220.45536099512,0.0,0.0,0.46566136912405465,25.05908391552322,-0.00793318676878782,0.0,0.0396659338439391,0.0,0.0,0.0,wltp_class3b,PPO_seed7
1499,6.2589,-4611.549233958829,0.0,0.0,0.465632307138228,25.059093509707438,-0.00866832562774216,0.0,0.0433416281387108,0.0,0.0,0.0,wltp_class3b,PPO_seed7
1500,6.628,-4987.549653013584,0.0,0.0,0.4656008751917803,25.059106617308277,-0.009375093332732301,0.0,0.046875466663661505,0.0,0.0,0.0,wltp_class3b,PPO_seed7
1501,7.0015,-5337.413339834341,0.0,0.0,0.46556723791006205,25.059123258334736,-0.010032731841793874,0.0,0.05016365920896937,0.0,0.0,0.0,wltp_class3b,PPO_seed7
1502,7.375,-5645.345969807941,0.0,0.0,0.4655316594632522,25.059143232431182,-0.010611552574826958,0.0,0.05305776287413479,0.0,0.0,0.0,wltp_class3b,PPO_seed7
1503,7.7442,-5901.487555685953,0.0,0.0,0.46549446617587287,25.0591661555361,-0.0110930217212142,0.0,0.05546510860607099,0.0,0.0,0.0,wltp_class3b,PPO_seed7
1504,8.1049,-6096.344837598663,0.0,0.0,0.46545604422280296,25.059191457585616,-0.011459294807516285,0.0,0.05729647403758142,0.0,0.0,0.0,wltp_class3b,PPO_seed7
1505,8.4537,-6230.82761467916,0.0,0.0,0.4654167740703193,25.059218509704284,-0.011712081982479625,0.0,0.05856040991239812,0.0,0.0,0.0,wltp_class3b,PPO_seed7
1506,8.7878,-6305.791296894173,0.0,0.0,0.4653770308195822,25.05924664471467,-0.011852991159575513,0.0,0.059264955797877564,0.0,0.0,0.0,wltp_class3b,PPO_seed7
1507,9.1052,-6327.312868576633,0.0,0.0,0.4653371512961825,25.05927523998778,-0.011893445241685402,0.0,0.059467226208427,0.0,0.0,0.0,wltp_class3b,PPO_seed7
1508,9.4053,-6313.363134172605,0.0,0.0,0.46529735908145914,25.059303878061847,-0.011867223936414671,0.0,0.059336119682073356,0.0,0.0,0.0,wltp_class3b,PPO_seed7
1509,9.6882,-6274.712221417527,0.0,0.0,0.465257809887793,25.05933226956207,-0.011794571844769787,0.0,0.058972859223848935,0.0,0.0,0.0,wltp_class3b,PPO_seed7
1510,9.9553,-6233.6310192288165,0.0,0.0,0.4652185190626171,25.059360391073394,-0.011717351539903791,0.0,0.05858675769951895,0.0,0.0,0.0,wltp_class3b,PPO_seed7
1511,10.2089,-6208.628564355412,0.0,0.0,0.4651793852884053,25.05938843624566,-0.01167035444427709,0.0,0.05835177222138545,0.0,0.0,0.0,wltp_class3b,PPO_seed7
1512,10.4523,-6221.611449170899,0.0,0.0,0.465140169158412,25.0594168546737,-0.011694758363103193,0.0,0.058473791815515964,0.0,0.0,0.0,wltp_class3b,PPO_seed7
1513,10.6893,-6287.648614832681,0.0,0.0,0.46510053626662595,25.059446280053077,-0.011818888373745642,0.0,0.059094441868728205,0.0,0.0,0.0,wltp_class3b,PPO_seed7
1514,10.9241,-6420.862027424754,0.0,0.0,0.4650600631704382,25.059477541052804,-0.0120692895252345,0.0,0.0603464476261725,0.0,0.0,0.0,wltp_class3b,PPO_seed7
1515,11.1611,-6632.590665580013,0.0,0.0,0.4650182549264642,25.059511664513114,-0.012467275687180476,0.0,0.062336378435902375,0.0,0.0,0.0,wltp_class3b,PPO_seed7
1516,11.4045,-6927.475332649693,0.0,0.0,0.46497458730625185,25.059549838913938,-0.013021570174153558,0.0,0.06510785087076779,0.0,0.0,0.0,wltp_class3b,PPO_seed7
1517,11.6581,-7306.448896633043,0.0,0.0,0.4649285301648676,25.05959341230532,-0.013733926497430533,0.0,0.06866963248715266,0.0,0.0,0.0,wltp_class3b,PPO_seed7
1518,11.9252,-7768.292973920246,0.0,0.0,0.4648795609972365,25.059643904081373,-0.014602054462256105,0.0,0.07301027231128052,0.0,0.0,0.0,wltp_class3b,PPO_seed7
1519,12.2081,-8301.465909519879,0.0,0.0,0.4648272300094921,25.05970287815235,-0.015604259228420826,0.0,0.07802129614210412,0.0,0.0,0.0,wltp_class3b,PPO_seed7
1520,12.5082,-8894.560664952443,0.0,0.0,0.4647711592710977,25.05977193084194,-0.01671909899427151,0.0,0.08359549497135756,0.0,0.0,0.0,wltp_class3b,PPO_seed7
1521,12.8256,-9525.844308765687,0.0,0.0,0.4647111078112626,25.059852475880316,-0.017905722384897908,0.0,0.08952861192448953,0.0,0.0,0.0,wltp_class3b,PPO_seed7
1522,13.1597,-10182.792018598611,0.0,0.0,0.4646469135796943,25.059945829483105,-0.019140586501125212,0.0,0.09570293250562605,0.0,0.0,0.0,wltp_class3b,PPO_seed7
1523,13.5085,-10835.211128542642,0.0,0.0,0.4645786048369445,25.060052788786653,-0.020366938211546323,0.0,0.1018346910577316,0.0,0.0,0.0,wltp_class3b,PPO_seed7
1524,13.8692,-11461.51705128851,0.0,0.0,0.4645063459087351,25.060173668309435,-0.021544204983625023,0.0,0.1077210249181251,0.0,0.0,0.0,wltp_class3b,PPO_seed7
1525,14.2384,-12041.466653601254,0.0,0.0,0.4644304287494813,25.060308228276696,-0.02263433581503995,0.0,0.11317167907519975,0.0,0.0,0.0,wltp_class3b,PPO_seed7
1526,14.6119,-12547.334531827708,0.0,0.0,0.46435132013929414,25.060455413761524,-0.02358521528539043,0.0,0.11792607642695214,0.0,0.0,0.0,wltp_class3b,PPO_seed7
1527,14.9854,-12965.12981443094,0.0,0.0,0.4642695751200587,25.060613606867697,-0.024370544763967935,0.0,0.12185272381983966,0.0,0.0,0.0,wltp_class3b,PPO_seed7
1528,15.3545,-13280.129850830517,0.0,0.0,0.46418584162920373,25.06078060043544,-0.024962650095546088,0.0,0.12481325047773043,0.0,0.0,0.0,wltp_class3b,PPO_seed7
1529,15.7153,-13492.511581613675,0.0,0.0,0.464100766572185,25.06095399558289,-0.025361863875213678,0.0,0.12680931937606837,0.0,0.0,0.0,wltp_class3b,PPO_seed7
1530,16.0641,-13596.452417650024,0.0,0.0,0.4640150336552439,25.061131104983343,-0.025557241386560195,0.0,0.12778620693280096,0.0,0.0,0.0,wltp_class3b,PPO_seed7
1531,16.3981,-13605.805197977426,0.0,0.0,0.4639292393239714,25.061309518407175,-0.025574821800709448,0.0,0.12787410900354723,0.0,0.0,0.0,wltp_class3b,PPO_seed7
1532,16.7156,-13543.184033214675,0.0,0.0,0.46384383749963115,25.061487385686807,-0.025457112844388487,0.0,0.12728556422194243,0.0,0.0,0.0,wltp_class3b,PPO_seed7
1533,17.0156,-13423.939663414381,0.0,0.0,0.4637591853567396,25.061663259490295,-0.0252329692921323,0.0,0.12616484646066148,0.0,0.0,0.0,wltp_class3b,PPO_seed7
1534,17.2985,-13285.381653935223,0.0,0.0,0.46367540482775776,25.06183665910863,-0.024972521905893278,0.0,0.12486260952946639,0.0,0.0,0.0,wltp_class3b,PPO_seed7
1535,17.5656,-13154.64088699806,0.0,0.0,0.4635924467565611,25.06200778999694,-0.024726768584582823,0.0,0.1236338429229141,0.0,0.0,0.0,wltp_class3b,PPO_seed7
1536,17.8193,-13066.933697431454,0.0,0.0,0.46351003988267764,25.062177723404098,-0.02456190544629973,0.0,0.12280952723149863,0.0,0.0,0.0,wltp_class3b,PPO_seed7
1537,18.0627,-13048.452049712692,0.0,0.0,0.46342774772577555,25.06234816293504,-0.024527165506978747,0.0,0.12263582753489373,0.0,0.0,0.0,wltp_class3b,PPO_seed7
1538,18.2997,-13129.885042842632,0.0,0.0,0.46334494020359845,25.06252158041902,-0.02468023504293728,0.0,0.1234011752146864,0.0,0.0,0.0,wltp_class3b,PPO_seed7
1539,18.5344,-13325.856047572603,0.0,0.0,0.4632608949342183,25.06270088143973,-0.025048601593181587,0.0,0.12524300796590793,0.0,0.0,0.0,wltp_class3b,PPO_seed7
1540,18.7714,-13660.663780084558,0.0,0.0,0.4631747362014642,25.062889751076565,-0.025677939436249173,0.0,0.12838969718124585,0.0,0.0,0.0,wltp_class3b,PPO_seed7
1541,19.0148,-14129.571811747894,0.0,0.0,0.4630856180624381,25.063092039244687,-0.026559345510804314,0.0,0.13279672755402155,0.0,0.0,0.0,wltp_class3b,PPO_seed7
1542,19.2685,-14736.475169424146,0.0,0.0,0.46299266990339843,25.06331209118936,-0.027700141295910048,0.0,0.13850070647955023,0.0,0.0,0.0,wltp_class3b,PPO_seed7
1543,19.5356,-15466.6047424565,0.0,0.0,0.4628951141500416,25.063554325394875,-0.029072565305369363,0.0,0.14536282652684682,0.0,0.0,0.0,wltp_class3b,PPO_seed7
1544,19.8185,-16306.963938698778,0.0,0.0,0.46279225508802546,25.063823299433796,-0.03065218785469695,0.0,0.15326093927348475,0.0,0.0,0.0,wltp_class3b,PPO_seed7
1545,20.1185,-17230.20104044295,0.0,0.0,0.4626835694121166,25.064123230906148,-0.03238759594068224,0.0,0.16193797970341117,0.0,0.0,0.0,wltp_class3b,PPO_seed7
1546,20.436,-18212.618865434175,0.0,0.0,0.4625686831901301,25.064457977463697,-0.03423424598765822,0.0,0.17117122993829112,0.0,0.0,0.0,wltp_class3b,PPO_seed7
1547,20.77,-19210.875446621336,0.0,0.0,0.4624474958054595,25.064830164841467,-0.036110668132746875,0.0,0.18055334066373435,0.0,0.0,0.0,wltp_class3b,PPO_seed7
1548,21.1188,-20200.499041276165,0.0,0.0,0.4623200609647547,25.065241581544093,-0.03797086285954167,0.0,0.18985431429770833,0.0,0.0,0.0,wltp_class3b,PPO_seed7
1549,21.4796,-21140.0059179746,0.0,0.0,0.46218669405652435,25.065692306029277,-0.03973685322927556,0.0,0.1986842661463778,0.0,0.0,0.0,wltp_class3b,PPO_seed7
1550,21.8487,-21990.10392662615,0.0,0.0,0.46204795839065516,25.066180501118943,-0.041334781816966454,0.0,0.20667390908483224,0.0,0.0,0.0,wltp_class3b,PPO_seed7
1551,22.2222,-22732.456405158748,0.0,0.0,0.46190453305566714,25.066703089228145,-0.042730181212704416,0.0,0.21365090606352208,0.0,0.0,0.0,wltp_class3b,PPO_seed7
1552,22.4128,-16662.47005762177,0.0,0.0,0.4617994002704894,25.067001220994204,-0.031320432439138665,0.0,0.1566021621956933,0.0,0.0,0.0,wltp_class3b,PPO_seed7
1553,22.5991,-16760.85397550104,0.0,0.0,0.46169364440248595,25.067303829228095,-0.03150536461560346,0.0,0.15752682307801727,0.0,0.0,0.0,wltp_class3b,PPO_seed7
1554,22.777,-16702.91323626597,0.0,0.0,0.46158825182730673,25.0676059409597,-0.03139645345162776,0.0,0.1569822672581388,0.0,0.0,0.0,wltp_class3b,PPO_seed7
1555,22.9429,-16498.2728248276,0.0,0.0,0.46148414830757334,25.06790289297448,-0.03101179102411203,0.0,0.15505895512056014,0.0,0.0,0.0,wltp_class3b,PPO_seed7
1556,23.094,-16169.38567002477,0.0,0.0,0.4613821180313501,25.068190841773422,-0.03039358208651273,0.0,0.15196791043256364,0.0,0.0,0.0,wltp_class3b,PPO_seed7
1557,23.2286,-15752.290667651181,0.0,0.0,0.461282717852198,25.068467220318233,-0.029609568924156355,0.0,0.14804784462078177,0.0,0.0,0.0,wltp_class3b,PPO_seed7
1558,23.3458,-15274.54665687607,0.0,0.0,0.46118633076141874,25.06873044673208,-0.028711553866308404,0.0,0.14355776933154202,0.0,0.0,0.0,wltp_class3b,PPO_seed7
1559,23.4458,-14776.952163842112,0.0,0.0,0.4610930823115327,25.068980233695292,-0.02777622587188367,0.0,0.13888112935941835,0.0,0.0,0.0,wltp_class3b,PPO_seed7
1560,23.53,-14306.239905259172,0.0,0.0,0.4610028031363236,25.06921761672692,-0.02689142839334431,0.0,0.13445714196672154,0.0,0.0,0.0,wltp_class3b,PPO_seed7
1561,23.6008,-13903.486471399186,0.0,0.0,0.4609150646160341,25.069444655071855,-0.026134373066539825,0.0,0.13067186533269912,0.0,0.0,0.0,wltp_class3b,PPO_seed7
1562,23.6613,-13599.664727415118,0.0,0.0,0.460829242620723,25.069664075686703,-0.025563279562810372,0.0,0.12781639781405185,0.0,0.0,0.0,wltp_class3b,PPO_seed7
1563,23.7154,-13430.276638415931,0.0,0.0,0.46074448892127795,25.069879372507835,-0.025244880899278066,0.0,0.12622440449639033,0.0,0.0,0.0,wltp_class3b,PPO_seed7
1564,23.7673,-13412.651327137848,0.0,0.0,0.46065984586395337,25.07009439385675,-0.025211750614920772,0.0,0.12605875307460385,0.0,0.0,0.0,wltp_class3b,PPO_seed7
1565,23.8214,-13560.640266355258,0.0,0.0,0.4605742683148646,25.070313376533374,-0.025489925312697854,0.0,0.12744962656348927,0.0,0.0,0.0,wltp_class3b,PPO_seed7
1566,23.8819,-13873.225053364744,0.0,0.0,0.4604867174951109,25.07054071971412,-0.02607749070181343,0.0,0.13038745350906714,0.0,0.0,0.0,wltp_class3b,PPO_seed7
1567,23.9526,-14341.808999755123,0.0,0.0,0.46039620880194887,25.070780929438545,-0.026958287593524668,0.0,0.13479143796762333,0.0,0.0,0.0,wltp_class3b,PPO_seed7
1568,24.0369,-14957.77781280479,0.0,0.0,0.46030181191454184,25.071038728200566,-0.028116123708279685,0.0,0.14058061854139842,0.0,0.0,0.0,wltp_class3b,PPO_seed7
1569,24.1369,-15677.616200482003,0.0,0.0,0.4602028710438567,25.071318098041324,-0.029469203384364668,0.0,0.14734601692182334,0.0,0.0,0.0,wltp_class3b,PPO_seed7
1570,24.254,-16479.36485610518,0.0,0.0,0.46009886890524454,25.07162278724767,-0.030976249729521017,0.0,0.15488124864760508,0.0,0.0,0.0,wltp_class3b,PPO_seed7
1571,24.3886,-17328.296065396094,0.0,0.0,0.4599895073055002,25.071955795231904,-0.03257198508533101,0.0,0.16285992542665503,0.0,0.0,0.0,wltp_class3b,PPO_seed7
1572,24.5398,-18175.77473892523,0.0,0.0,0.4598747949352936,25.072318678425248,-0.034164990110761705,0.0,0.17082495055380853,0.0,0.0,0.0,wltp_class3b,PPO_seed7
1573,24.7057,-18981.858704348375,0.0,0.0,0.45975499254540275,25.072711540750998,-0.03568018553448943,0.0,0.17840092767244714,0.0,0.0,0.0,wltp_class3b,PPO_seed7
1574,24.8835,-19707.644449705385,0.0,0.0,0.4596306064343958,25.073132822234356,-0.037044444454333435,0.0,0.18522222227166715,0.0,0.0,0.0,wltp_class3b,PPO_seed7
1575,25.0698,-20323.380085407087,0.0,0.0,0.4595023307362054,25.0735794536707,-0.038201842265802796,0.0,0.19100921132901397,0.0,0.0,0.0,wltp_class3b,PPO_seed7
1576,25.2604,-20788.848386613492,0.0,0.0,0.4593711135212803,25.074046351160092,-0.03907678268160431,0.0,0.19538391340802155,0.0,0.0,0.0,wltp_class3b,PPO_seed7
1577,25.451,-21089.85387560576,0.0,0.0,0.45923799260364956,25.07452741244838,-0.039642582472943166,0.0,0.1982129123647158,0.0,0.0,0.0,wltp_class3b,PPO_seed7
1578,25.6373,-21215.724813825742,0.0,0.0,0.4591040733238523,25.075015766357648,-0.03987918198087546,0.0,0.19939590990437728,0.0,0.0,0.0,wltp_class3b,PPO_seed7
1579,25.8152,-21164.084517230036,0.0,0.0,0.4589704762026355,25.07550425969877,-0.0397821137541918,0.0,0.19891056877095897,0.0,0.0,0.0,wltp_class3b,PPO_seed7
1580,25.9811,-20945.93240808781,0.0,0.0,0.4588382525018067,25.075986167562373,-0.0393720533986613,0.0,0.1968602669933065,0.0,0.0,0.0,wltp_class3b,PPO_seed7
1581,26.1322,-20586.702312901296,0.0,0.0,0.45870829308025407,25.076455909103622,-0.03869680885883703,0.0,0.19348404429418511,0.0,0.0,0.0,wltp_class3b,PPO_seed7
1582,26.2668,-20127.110764465364,0.0,0.0,0.45858123187298483,25.076909700795945,-0.03783291497079956,0.0,0.1891645748539978,0.0,0.0,0.0,wltp_class3b,PPO_seed7
1583,26.384,-19598.18726461789,0.0,0.0,0.45845750698931903,25.077345143475245,-0.036838697865823104,0.0,0.1841934893291155,0.0,0.0,0.0,wltp_class3b,PPO_seed7
1584,26.484,-19045.91702181564,0.0,0.0,0.4583372662529657,25.077761689268264,-0.035800595905668496,0.0,0.1790029795283425,0.0,0.0,0.0,wltp_class3b,PPO_seed7
1585,26.5682,-18523.023520717772,0.0,0.0,0.45822032461307566,25.07816071505593,-0.034817713384807845,0.0,0.1740885669240392,0.0,0.0,0.0,wltp_class3b,PPO_seed7
1586,26.639,-18075.910745618206,0.0,0.0,0.45810620399850843,25.07854511970983,-0.03397727583762821,0.0,0.16988637918814103,0.0,0.0,0.0,wltp_class3b,PPO_seed7
1587,26.6995,-17739.66316496553,0.0,0.0,0.4579942047551247,25.078918824842543,-0.0333452315130931,0.0,0.1667261575654655,0.0,0.0,0.0,wltp_class3b,PPO_seed7
1588,26.7536,-17554.5947852189,0.0,0.0,0.45788337261451556,25.079286930717103,-0.03299735861883252,0.0,0.1649867930941626,0.0,0.0,0.0,wltp_class3b,PPO_seed7
1589,26.8055,-17540.575777976745,0.0,0.0,0.45777262775273453,25.07965510093572,-0.03297100710146005,0.0,0.16485503550730024,0.0,0.0,0.0,wltp_class3b,PPO_seed7
1590,26.8595,-17709.261405987305,0.0,0.0,0.4576608166519244,25.08002944446849,-0.0332880853496002,0.0,0.166440426748001,0.0,0.0,0.0,wltp_class3b,PPO_seed7
1591,26.9201,-18077.004810406466,0.0,0.0,0.4575466824333717,25.080416878327426,-0.033979332350388095,0.0,0.16989666175194046,0.0,0.0,0.0,wltp_class3b,PPO_seed7
1592,26.9908,-18608.81646017469,0.0,0.0,0.45742918901102464,25.08082357014942,-0.03497897830859904,0.0,0.1748948915429952,0.0,0.0,0.0,wltp_class3b,PPO_seed7
1593,27.075,-19307.66524842509,0.0,0.0,0.45730728143749694,25.08125635504461,-0.03629260385042311,0.0,0.18146301925211553,0.0,0.0,0.0,wltp_class3b,PPO_seed7
1594,27.1751,-20137.650553082247,0.0,0.0,0.45718013130892815,25.081721417227236,-0.037852726603538056,0.0,0.18926363301769028,0.0,0.0,0.0,wltp_class3b,PPO_seed7
1595,27.2922,-21048.152099452887,0.0,0.0,0.457047229718951,25.08222357775337,-0.03956419567566333,0.0,0.1978209783783166,0.0,0.0,0.0,wltp_class3b,PPO_seed7
1596,27.4268,-22016.941559652092,0.0,0.0,0.456908208015621,25.082767172439887,-0.041385228495586644,0.0,0.2069261424779332,0.0,0.0,0.0,wltp_class3b,PPO_seed7
1597,27.578,-22984.83765323809,0.0,0.0,0.45676307115193976,25.08335428616757,-0.04320458205495882,0.0,0.2160229102747941,0.0,0.0,0.0,wltp_class3b,PPO_seed7
1598,27.7439,-23906.72029826206,0.0,0.0,0.4566121089580462,25.08398494109538,-0.044937444169665525,0.0,0.22468722084832762,0.0,0.0,0.0,wltp_class3b,PPO_seed7
1599,27.9217,-24738.720951093892,0.0,0.0,0.45645588829878503,25.084656829547693,-0.04650135517122912,0.0,0.2325067758561456,0.0,0.0,0.0,wltp_class3b,PPO_seed7
1600,28.108,-25447.354171384046,0.0,0.0,0.4562951875734315,25.085365556405765,-0.04783337250260159,0.0,0.23916686251300795,0.0,0.0,0.0,wltp_class3b,PPO_seed7
1601,28.2986,-25987.47111751139,0.0,0.0,0.45613107043413853,25.086103939302685,-0.048848629920134196,0.0,0.24424314960067098,0.0,0.0,0.0,wltp_class3b,PPO_seed7
1602,28.4892,-26343.191112456076,0.0,0.0,0.45596470102380204,25.08686340811955,-0.04951727652717308,0.0,0.24758638263586538,0.0,0.0,0.0,wltp_class3b,PPO_seed7
1603,28.6755,-26502.59500720534,0.0,0.0,0.45579731899072623,25.087634336804392,-0.049816907908280715,0.0,0.24908453954140355,0.0,0.0,0.0,wltp_class3b,PPO_seed7
1604,28.8533,-26458.35091652295,0.0,0.0,0.4556302105372678,25.08840646444769,-0.049733742324291265,0.0,0.24866871162145632,0.0,0.0,0.0,wltp_class3b,PPO_seed7
1605,29.0193,-26241.262694634912,0.0,0.0,0.4554644675558252,25.08917103040624,-0.049325681756832544,0.0,0.2466284087841627,0.0,0.0,0.0,wltp_class3b,PPO_seed7
1606,29.1704,-25852.07914722409,0.0,0.0,0.45530117740977877,25.089919446494427,-0.04859413373538363,0.0,0.24297066867691813,0.0,0.0,0.0,wltp_class3b,PPO_seed7
1607,29.305,-25354.359184829827,0.0,0.0,0.4551410261739785,25.09064649704859,-0.047658569896296674,0.0,0.23829284948148335,0.0,0.0,0.0,wltp_class3b,PPO_seed7
1608,29.4222,-24778.05965120413,0.0,0.0,0.4549845107863573,25.091348640005737,-0.04657530009624837,0.0,0.23287650048124184,0.0,0.0,0.0,wltp_class3b,PPO_seed7
1609,29.5222,-24174.35892765577,0.0,0.0,0.4548318049437915,25.092024914045748,-0.04544052430010483,0.0,0.22720262150052414,0.0,0.0,0.0,wltp_class3b,PPO_seed7
1610,29.6064,-23602.016700560012,0.0,0.0,0.454682711143581,25.09267708408575,-0.04436469304616544,0.0,0.2218234652308272,0.0,0.0,0.0,wltp_class3b,PPO_seed7
1611,29.6772,-23112.84223468852,0.0,0.0,0.4545367045275405,25.09330911252647,-0.04344519217046715,0.0,0.21722596085233573,0.0,0.0,0.0,wltp_class3b,PPO_seed7
1612,29.7377,-22746.132205125723,0.0,0.0,0.45439301188407555,25.093926476584915,-0.042755887603619785,0.0,0.2137794380180989,0.0,0.0,0.0,wltp_class3b,PPO_seed7
1613,29.7918,-22547.13922517272,0.0,0.0,0.45425057399918367,25.09453640358941,-0.042381840648820904,0.0,0.2119092032441045,0.0,0.0,0.0,wltp_class3b,PPO_seed7
1614,29.8437,-22538.41081658907,0.0,0.0,0.4541081890678013,25.095146982544648,-0.04236543386576893,0.0,0.21182716932884463,0.0,0.0,0.0,wltp_class3b,PPO_seed7
1615,29.8977,-22733.374541573354,0.0,0.0,0.45396457030031745,25.095766968219422,-0.04273190703303262,0.0,0.2136595351651631,0.0,0.0,0.0,wltp_class3b,PPO_seed7
1616,29.9583,-23150.699271298963,0.0,0.0,0.4538183128013417,25.096406264562287,-0.04351635201371986,0.0,0.21758176006859928,0.0,0.0,0.0,wltp_class3b,PPO_seed7
1617,30.029,-23751.74799186602,0.0,0.0,0.4536682555896966,25.097073659905313,-0.04464614284185343,0.0,0.22323071420926713,0.0,0.0,0.0,wltp_class3b,PPO_seed7
1618,30.1132,-24540.07826771667,0.0,0.0,0.4535132150416792,25.097778826370995,-0.04612796666864036,0.0,0.2306398333432018,0.0,0.0,0.0,wltp_class3b,PPO_seed7
1619,30.2133,-25475.835378873468,0.0,0.0,0.4533522591448205,25.098530429484814,-0.04788690860690502,0.0,0.23943454303452508,0.0,0.0,0.0,wltp_class3b,PPO_seed7
1620,30.3304,-26502.64465490557,0.0,0.0,0.45318481189303905,25.099335138991908,-0.049817001231025504,0.0,0.24908500615512752,0.0,0.0,0.0,wltp_class3b,PPO_seed7
1621,30.465,-27595.660498117082,0.0,0.0,0.45301045412431684,25.100198892626484,-0.05187154228969376,0.0,0.2593577114484688,0.0,0.0,0.0,wltp_class3b,PPO_seed7
1622,30.6162,-28688.880858521665,0.0,0.0,0.4528291835864495,25.101124456632395,-0.05392646777917606,0.0,0.2696323388958803,0.0,0.0,0.0,wltp_class3b,PPO_seed7
1623,30.7821,-29731.946084454477,0.0,0.0,0.45264131618530223,25.102111738963252,-0.05588711670010241,0.0,0.279435583500512,0.0,0.0,0.0,wltp_class3b,PPO_seed7
1624,30.9599,-30675.93173308277,0.0,0.0,0.45244747699827925,25.10315745737062,-0.057661525814065355,0.0,0.28830762907032675,0.0,0.0,0.0,wltp_class3b,PPO_seed7
1625,31.1462,-31483.508474149934,0.0,0.0,0.45224852709555063,25.104255500436913,-0.05917952720704875,0.0,0.2958976360352437,0.0,0.0,0.0,wltp_class3b,PPO_seed7
1626,31.3368,-32104.45954795473,0.0,0.0,0.4520456450625486,25.105395976882672,-0.06034672847359912,0.0,0.3017336423679956,0.0,0.0,0.0,wltp_class3b,PPO_seed7
1627,31.5274,-32521.079531608353,0.0,0.0,0.45184012164418663,25.106567133932213,-0.06112984874362473,0.0,0.30564924371812363,0.0,0.0,0.0,wltp_class3b,PPO_seed7
1628,31.7137,-32720.06231907542,0.0,0.0,0.4516333319866264,25.107755789223226,-0.061503876539615455,0.0,0.30751938269807727,0.0,0.0,0.0,wltp_class3b,PPO_seed7
1629,31.8915,-32693.16028683553,0.0,0.0,0.4514267036950872,25.10894787653147,-0.06145330880984123,0.0,0.3072665440492061,0.0,0.0,0.0,wltp_class3b,PPO_seed7
1630,32.0575,-32474.305830126563,0.0,0.0,0.4512214502444039,25.110131338769342,-0.0610419282521176,0.0,0.30520964126058797,0.0,0.0,0.0,wltp_class3b,PPO_seed7
1631,32.2086,-32064.113936428752,0.0,0.0,0.4510187814951613,25.11129428644823,-0.06027089085794878,0.0,0.3013544542897439,0.0,0.0,0.0,wltp_class3b,PPO_seed7
1632,32.2864,-28555.12534517533,0.0,0.0,0.45083828551053307,25.112258577967705,-0.05367504764130701,0.0,0.268375238206535,0.0,0.0,0.0,wltp_class3b,PPO_seed7
1633,32.3467,-27801.77769495251,0.0,0.0,0.4506625472762322,25.113184641864358,-0.052258980629609986,0.0,0.26129490314804993,0.0,0.0,0.0,wltp_class3b,PPO_seed7
1634,32.3898,-27025.16910168678,0.0,0.0,0.45049171458304915,25.11407186010536,-0.050799190040764636,0.0,0.25399595020382315,0.0,0.0,0.0,wltp_class3b,PPO_seed7
1635,32.4172,-26290.06072880742,0.0,0.0,0.45032552580503815,25.114922962831994,-0.04941740738497635,0.0,0.24708703692488176,0.0,0.0,0.0,wltp_class3b,PPO_seed7
1636,32.4311,-25637.409791673486,0.0,0.0,0.4501634603122568,25.115742545572306,-0.04819061990916069,0.0,0.24095309954580343,0.0,0.0,0.0,wltp_class3b,PPO_seed7
1637,32.4348,-25130.263931721038,0.0,0.0,0.4500045988004642,25.116537978138933,-0.04723733821752075,0.0,0.23618669108760373,0.0,0.0,0.0,wltp_class3b,PPO_seed7
1638,32.432,-24796.71935101648,0.0,0.0,0.4498478442043642,25.117317633623358,-0.04661037471995579,0.0,0.23305187359977894,0.0,0.0,0.0,wltp_class3b,PPO_seed7
1639,32.4271,-24681.005725777573,0.0,0.0,0.44969181970543615,25.118091746335395,-0.04639286790559694,0.0,0.2319643395279847,0.0,0.0,0.0,wltp_class3b,PPO_seed7
1640,32.4243,-24781.343996552365,0.0,0.0,0.4495351595667624,25.118870454116458,-0.04658147367773001,0.0,0.23290736838865003,0.0,0.0,0.0,wltp_class3b,PPO_seed7
1641,32.428,-25116.61442133585,0.0,0.0,0.44937637853870127,25.119665051066168,-0.0472116812431125,0.0,0.23605840621556248,0.0,0.0,0.0,wltp_class3b,PPO_seed7
1642,32.4419,-25659.2660666791,0.0,0.0,0.4492141653695873,25.120486065214653,-0.04823170313285546,0.0,0.24115851566427726,0.0,0.0,0.0,wltp_class3b,PPO_seed7
1643,32.4693,-26396.63124695061,0.0,0.0,0.44904728872427174,25.121344144394097,-0.049617727907801897,0.0,0.24808863953900948,0.0,0.0,0.0,wltp_class3b,PPO_seed7
1644,32.5125,-27284.31678267145,0.0,0.0,0.4488747977420415,25.122248547851083,-0.05128630974186363,0.0,0.2564315487093181,0.0,0.0,0.0,wltp_class3b,PPO_seed7
1645,32.5728,-28276.26364049038,0.0,0.0,0.4486960325874851,25.12320688686153,-0.05315087150468117,0.0,0.2657543575234058,0.0,0.0,0.0,wltp_class3b,PPO_seed7
1646,32.6505,-29324.412036973787,0.0,0.0,0.44851063712842487,25.124224721540823,-0.05512107525746952,0.0,0.2756053762873476,0.0,0.0,0.0,wltp_class3b,PPO_seed7
1647,32.7448,-30372.97174316429,0.0,0.0,0.4483186078537387,25.125304733145654,-0.057092052148805056,0.0,0.28546026074402525,0.0,0.0,0.0,wltp_class3b,PPO_seed7
1648,32.8539,-31368.315033628372,0.0,0.0,0.44812028026884304,25.126446381253338,-0.058962998183511986,0.0,0.2948149909175599,0.0,0.0,0.0,wltp_class3b,PPO_seed7
1649,32.9749,-32248.150278628247,0.0,0.0,0.4479163837564928,25.12764494237541,-0.060616823832007984,0.0,0.3030841191600399,0.0,0.0,0.0,wltp_class3b,PPO_seed7
1650,33.1043,-32973.1244828961,0.0,0.0,0.4477078966452626,25.12889255540436,-0.06197955729867688,0.0,0.3098977864933844,0.0,0.0,0.0,wltp_class3b,PPO_seed7
1651,33.2381,-33506.77280513903,0.0,0.0,0.44749602802867433,25.130178281906463,-0.06298265564875759,0.0,0.3149132782437879,0.0,0.0,0.0,wltp_class3b,PPO_seed7
1652,33.3719,-33815.93260790657,0.0,0.0,0.447282196961205,25.131488333532417,-0.06356378309756876,0.0,0.31781891548784375,0.0,0.0,0.0,wltp_class3b,PPO_seed7
1653,33.5013,-33887.625816682965,0.0,0.0,0.44706790488552695,25.132807541297268,-0.06369854476820107,0.0,0.3184927238410053,0.0,0.0,0.0,wltp_class3b,PPO_seed7
1654,33.6223,-33730.702576443306,0.0,0.0,0.44685459761725754,25.134121057937886,-0.06340357627150998,0.0,0.3170178813575499,0.0,0.0,0.0,wltp_class3b,PPO_seed7
1655,33.7314,-33360.98899332954,0.0,0.0,0.4466436212034259,25.135415105008413,-0.06270862592731118,0.0,0.31354312963655584,0.0,0.0,0.0,wltp_class3b,PPO_seed7
1656,33.8257,-32801.77953286672,0.0,0.0,0.4464361746448157,25.13667768010078,-0.061657480324937446,0.0,0.3082874016246872,0.0,0.0,0.0,wltp_class3b,PPO_seed7
1657,33.9034,-32106.212120045537,0.0,0.0,0.44623312109019614,25.137900528386066,-0.060350022782040484,0.0,0.3017501139102024,0.0,0.0,0.0,wltp_class3b,PPO_seed7
1658,33.9637,-31325.475383622463,0.0,0.0,0.4460350000605291,25.139078920161438,-0.05888247252560613,0.0,0.29441236262803067,0.0,0.0,0.0,wltp_class3b,PPO_seed7
1659,34.0069,-30519.24731321834,0.0,0.0,0.44584197366615835,25.140211940090595,-0.057367006227854025,0.0,0.2868350311392701,0.0,0.0,0.0,wltp_class3b,PPO_seed7
1660,34.0343,-29744.529500966855,0.0,0.0,0.44565384344988856,25.141302025245743,-0.05591076973865951,0.0,0.2795538486932975,0.0,0.0,0.0,wltp_class3b,PPO_seed7
1661,34.0482,-29060.545709143207,0.0,0.0,0.44547003626835957,25.142354795162746,-0.05462508591944212,0.0,0.2731254295972106,0.0,0.0,0.0,wltp_class3b,PPO_seed7
1662,34.0519,-28528.44112013076,0.0,0.0,0.44528959208936164,25.14337891966598,-0.05362488932355406,0.0,0.2681244466177703,0.0,0.0,0.0,wltp_class3b,PPO_seed7
1663,34.0491,-28178.016686566356,0.0,0.0,0.44511136220955955,25.144384323437386,-0.052966196779260066,0.0,0.26483098389630033,0.0,0.0,0.0,wltp_class3b,PPO_seed7
1664,34.0442,-28056.094585520346,0.0,0.0,0.4449339015869323,25.14538320585067,-0.05273701989759464,0.0,0.2636850994879732,0.0,0.0,0.0,wltp_class3b,PPO_seed7
1665,34.0414,-28161.186330455985,0.0,0.0,0.444755774394789,25.14638768329183,-0.0529345607715338,0.0,0.264672803857669,0.0,0.0,0.0,wltp_class3b,PPO_seed7
1666,34.0451,-28513.506547580902,0.0,0.0,0.44457541675222634,25.147411261571566,-0.0535968168187611,0.0,0.2679840840938055,0.0,0.0,0.0,wltp_class3b,PPO_seed7
1667,34.059,-29084.44327838126,0.0,0.0,0.44439144555038973,25.148466513590993,-0.05467000616237079,0.0,0.27335003081185394,0.0,0.0,0.0,wltp_class3b,PPO_seed7
1668,34.0864,-29860.949373078965,0.0,0.0,0.4442025600094458,25.14956611934729,-0.0561296040847349,0.0,0.2806480204236745,0.0,0.0,0.0,wltp_class3b,PPO_seed7
1669,34.1295,-30791.022395913056,0.0,0.0,0.44400778808434316,25.15072073500949,-0.057877861646453116,0.0,0.28938930823226555,0.0,0.0,0.0,wltp_class3b,PPO_seed7
1670,34.1898,-31842.723379859643,0.0,0.0,0.44380635958023806,25.151939979424874,-0.059854743195224894,0.0,0.29927371597612445,0.0,0.0,0.0,wltp_class3b,PPO_seed7
1671,34.2676,-32954.9652749748,0.0,0.0,0.4435978905548254,25.153230420187587,-0.06194542344920076,0.0,0.30972711724600377,0.0,0.0,0.0,wltp_class3b,PPO_seed7
1672,34.3619,-34057.91511315755,0.0,0.0,0.4433824387097195,25.154594486857274,-0.06401863743074727,0.0,0.32009318715373636,0.0,0.0,0.0,wltp_class3b,PPO_seed7
1673,34.471,-35111.3335554655,0.0,0.0,0.44316031627116576,25.156031830262748,-0.06599874728470959,0.0,0.3299937364235479,0.0,0.0,0.0,wltp_class3b,PPO_seed7
1674,34.592,-36044.301932702954,0.0,0.0,0.44293228415085223,25.157536866439195,-0.06775244724192285,0.0,0.3387622362096142,0.0,0.0,0.0,wltp_class3b,PPO_seed7
1675,34.7214,-36815.30766148269,0.0,0.0,0.44269936603657534,25.159100353003172,-0.06920170613060657,0.0,0.34600853065303283,0.0,0.0,0.0,wltp_class3b,PPO_seed7
1676,34.8552,-37385.872385421564,0.0,0.0,0.4424628292884962,25.160709461064847,-0.07027419621319843,0.0,0.3513709810659921,0.0,0.0,0.0,wltp_class3b,PPO_seed7
1677,34.9889,-37715.28822501381,0.0,0.0,0.442224199134308,25.162347622975656,-0.07089339891919888,0.0,0.3544669945959944,0.0,0.0,0.0,wltp_class3b,PPO_seed7
1678,35.1183,-37806.548573109685,0.0,0.0,0.44198498224126176,25.163997858594897,-0.0710649409268979,0.0,0.3553247046344895,0.0,0.0,0.0,wltp_class3b,PPO_seed7
1679,35.2394,-37657.87327422102,0.0,0.0,0.44174669691732243,25.165642763308167,-0.07078547607936282,0.0,0.3539273803968141,0.0,0.0,0.0,wltp_class3b,PPO_seed7
1680,35.3484,-37268.38337077717,0.0,0.0,0.44151086740038437,25.16726490179993,-0.07005335220070896,0.0,0.3502667610035448,0.0,0.0,0.0,wltp_class3b,PPO_seed7
1681,35.4428,-36701.751549233515,0.0,0.0,0.44127861534745294,25.16885167277848,-0.06898825479179233,0.0,0.3449412739589616,0.0,0.0,0.0,wltp_class3b,PPO_seed7
1682,35.5205,-35974.230514466544,0.0,0.0,0.4410509597843021,25.17039204591668,-0.06762073404974915,0.0,0.3381036702487457,0.0,0.0,0.0,wltp_class3b,PPO_seed7
1683,35.5808,-35161.63472330784,0.0,0.0,0.44082844011449335,25.171880650085328,-0.06609329835208241,0.0,0.33046649176041204,0.0,0.0,0.0,wltp_class3b,PPO_seed7
1684,35.624,-34320.937364088495,0.0,0.0,0.4406112352200323,25.173316200487875,-0.06451304015806109,0.0,0.32256520079030543,0.0,0.0,0.0,wltp_class3b,PPO_seed7
1685,35.6513,-33506.111724786824,0.0,0.0,0.44039918235631176,25.17470100160526,-0.0629814130165166,0.0,0.3149070650825829,0.0,0.0,0.0,wltp_class3b,PPO_seed7
1686,35.6653,-32802.259515884456,0.0,0.0,0.4401915800748657,25.17604261020761,-0.061658382548654994,0.0,0.30829191274327494,0.0,0.0,0.0,wltp_class3b,PPO_seed7
1687,35.6689,-32233.894298080795,0.0,0.0,0.43998757159876073,25.177349746874633,-0.06059002687609172,0.0,0.3029501343804586,0.0,0.0,0.0,wltp_class3b,PPO_seed7
1688,35.6662,-31877.900325744667,0.0,0.0,0.439785813359847,25.178635492849736,-0.05992086527395614,0.0,0.2996043263697807,0.0,0.0,0.0,wltp_class3b,PPO_seed7
1689,35.6612,-31738.391275189653,0.0,0.0,0.43958493551924827,25.179912915756784,-0.0596586302165219,0.0,0.2982931510826095,0.0,0.0,0.0,wltp_class3b,PPO_seed7
1690,35.6585,-31859.542978489015,0.0,0.0,0.43938328842055596,25.18119777077774,-0.05988635898212222,0.0,0.29943179491061106,0.0,0.0,0.0,wltp_class3b,PPO_seed7
1691,35.6621,-32217.61328904764,0.0,0.0,0.43917937242960337,25.18250472531623,-0.06055942347565346,0.0,0.3027971173782673,0.0,0.0,0.0,wltp_class3b,PPO_seed7
1692,35.676,-32822.50857494989,0.0,0.0,0.43897162498057324,25.18384972864618,-0.061696444689755436,0.0,0.3084822234487772,0.0,0.0,0.0,wltp_class3b,PPO_seed7
1693,35.7034,-33638.40504846763,0.0,0.0,0.4387587099989586,25.18524745415635,-0.06323008467757074,0.0,0.3161504233878537,0.0,0.0,0.0,wltp_class3b,PPO_seed7
1694,35.7466,-34622.331277606514,0.0,0.0,0.43853956315909093,25.18671085849036,-0.06507957007068894,0.0,0.3253978503534447,0.0,0.0,0.0,wltp_class3b,PPO_seed7
1695,35.8069,-35723.72605282816,0.0,0.0,0.43831343995065286,25.188250498119846,-0.0671498610015567,0.0,0.3357493050077835,0.0,0.0,0.0,wltp_class3b,PPO_seed7
1696,35.8846,-36889.65083026061,0.0,0.0,0.43807993077033947,25.18987400391328,-0.0693414489290613,0.0,0.3467072446453065,0.0,0.0,0.0,wltp_class3b,PPO_seed7
1697,35.979,-38064.36924326362,0.0,0.0,0.4378389786934792,25.19158540819968,-0.07154956624673613,0.0,0.35774783123368065,0.0,0.0,0.0,wltp_class3b,PPO_seed7
1698,36.088,-39165.39428362719,0.0,0.0,0.4375910488974335,25.19338260407584,-0.07361916218726915,0.0,0.36809581093634575,0.0,0.0,0.0,wltp_class3b,PPO_seed7
1699,36.209,-40158.21853441449,0.0,0.0,0.4373368250737629,25.19526029693278,-0.07548537318498966,0.0,0.37742686592494823,0.0,0.0,0.0,wltp_class3b,PPO_seed7
1700,36.3385,-40982.36266829595,0.0,0.0,0.4370773739325243,25.197207732867916,-0.07703451629378938,0.0,0.3851725814689469,0.0,0.0,0.0,wltp_class3b,PPO_seed7
1701,36.4722,-41579.477895835844,0.0,0.0,0.4368141318512317,25.199208571001563,-0.07815691333803731,0.0,0.3907845666901865,0.0,0.0,0.0,wltp_class3b,PPO_seed7
1702,36.2007,-18033.726291648378,0.0,0.0,0.43669995449516125,25.199871478809907,-0.033897981751218755,0.0,0.16948990875609377,0.0,0.0,0.0,wltp_class3b,PPO_seed7
1703,35.9249,-17237.29470967062,0.0,0.0,0.4365908241656645,25.200495595807737,-0.032400929905395906,0.0,0.16200464952697952,0.0,0.0,0.0,wltp_class3b,PPO_seed7
1704,35.6407,-16210.468440395318,0.0,0.0,0.4364881991456776,25.20107490380894,-0.03047080533908894,0.0,0.1523540266954447,0.0,0.0,0.0,wltp_class3b,PPO_seed7
1705,35.3445,-14980.530565436176,0.0,0.0,0.4363933648648109,25.201605375056598,-0.028158892040293565,0.0,0.14079446020146782,0.0,0.0,0.0,wltp_class3b,PPO_seed7
1706,35.0336,-13598.4870344192,0.0,0.0,0.4363072837116844,25.20208562807825,-0.02556106585417143,0.0,0.12780532927085714,0.0,0.0,0.0,wltp_class3b,PPO_seed7
1707,34.7061,-7398.454463481904,4712.24629982813,0.0,0.43626045238427597,25.20242848482554,-0.08033891299284375,0.044288029133723025,0.0695343464612961,0.0,0.0,0.0,wltp_class3b,PPO_seed7
1708,34.3612,0.0,10580.680884992653,0.0,0.43626045238427597,25.20270252344133,-0.14916373428091145,0.09944248952060764,0.0,0.0,0.0,0.0,wltp_class3b,PPO_seed7
1709,33.9991,0.0,9066.380421928223,0.0,0.43626045238427597,25.202956089090385,-0.1278155134670332,0.08521034231135548,0.0,0.0,0.0,0.0,wltp_class3b,PPO_seed7
1710,33.6213,0.0,7641.234367608814,0.0,0.43626045238427597,25.203190524353893,-0.10772416871628968,0.07181611247752645,0.0,0.0,0.0,0.0,wltp_class3b,PPO_seed7
1711,33.2299,0.0,6339.804053791477,0.0,0.43626045238427597,25.203407083799306,-0.08937693684856404,0.059584624565709364,0.0,0.0,0.0,0.0,wltp_class3b,PPO_seed7
1712,32.8284,0.0,5237.245775249996,0.0,0.43626045238427597,25.20360693975012,-0.07383335209468979,0.049222234729793195,0.0,0.0,0.0,0.0,wltp_class3b,PPO_seed7
1713,32.4204,0.0,4338.620711373755,0.0,0.43626045238427597,25.20379118767743,-0.06116476566786308,0.040776510445242053,0.0,0.0,0.0,0.0,wltp_class3b,PPO_seed7
1714,32.0102,0.0,3678.452741435298,0.0,0.43626045238427597,25.20396085123803,-0.05185788639241491,0.03457192426160994,0.0,0.0,0.0,0.0,wltp_class3b,PPO_seed7
1715,31.6022,0.0,3259.1146969147876,0.0,0.43626045238427597,25.20411688698223,-0.04594616583996411,0.03063077722664274,0.0,0.0,0.0,0.0,wltp_class3b,PPO_seed7
1716,31.2006,0.0,3067.2095339153298,0.0,0.43626045238427597,25.20426018875308,-0.04324073591046047,0.028827157273640318,0.0,0.0,0.0,0.0,wltp_class3b,PPO_seed7
1717,30.8093,0.0,3084.3300815046414,0.0,0.43626045238427597,25.204391591797155,-0.04348209701369325,0.0289880646757955,0.0,0.0,0.0,0.0,wltp_class3b,PPO_seed7
1718,30.4314,0.0,3268.151335582245,0.0,0.43626045238427597,25.204511876605896,-0.04607356206177977,0.03071570804118651,0.0,0.0,0.0,0.0,wltp_class3b,PPO_seed7
1719,30.0694,0.0,3587.103260680415,0.0,0.43626045238427597,25.20462177250511,-0.05057006476523142,0.033713376510154276,0.0,0.0,0.0,0.0,wltp_class3b,PPO_seed7
1720,29.7244,0.0,3972.6937931470743,0.0,0.43626045238427597,25.204721961009156,-0.05600602151993056,0.037337347679953704,0.0,0.0,0.0,0.0,wltp_class3b,PPO_seed7
1721,29.3969,0.0,4395.650776564585,0.0,0.43626045238427597,25.204813078955254,-0.061968760947808996,0.04131250729853933,0.0,0.0,0.0,0.0,wltp_class3b,PPO_seed7
1722,29.086,0.0,4790.342912124919,0.0,0.43626045238427597,25.204895721432326,-0.06753302977619717,0.045022019850798116,0.0,0.0,0.0,0.0,wltp_class3b,PPO_seed7
1723,28.7898,0.0,5110.693988489166,0.0,0.43626045238427597,25.204970444517816,-0.07204925735652021,0.048032838237680134,0.0,0.0,0.0,0.0,wltp_class3b,PPO_seed7
1724,28.5056,-3441.420471668244,1878.945201791982,0.0,0.43623869589634584,25.205049077988,-0.032957724596067876,0.017659259415338177,0.032344177365303046,0.0,0.0,0.0,wltp_class3b,PPO_seed7
1725,28.2298,-5378.924018550147,0.0,0.0,0.4362046920580927,25.20513846582459,-0.010110759433364938,0.0,0.050553797166824684,0.0,0.0,0.0,wltp_class3b,PPO_seed7
1726,27.9583,-5264.287570746423,0.0,0.0,0.43617141405912435,25.20522219463871,-0.009895277388621096,0.0,0.04947638694310548,0.0,0.0,0.0,wltp_class3b,PPO_seed7
1727,27.6869,-4972.485258010201,0.0,0.0,0.43613998173314483,25.205298782176598,-0.009346776800771053,0.0,0.04673388400385527,0.0,0.0,0.0,wltp_class3b,PPO_seed7
1728,27.411,-1596.075373888016,2890.819899202337,0.0,0.4361298928777381,25.205350036479764,-0.04375418161260441,0.027169359954909184,0.015000708401203157,0.0,0.0,0.0,wltp_class3b,PPO_seed7
1729,27.1268,0.0,3843.7680369200466,0.0,0.4361298928777381,25.205393725214076,-0.05418845916710592,0.03612563944473728,0.0,0.0,0.0,0.0,wltp_class3b,PPO_seed7
1730,26.8306,0.0,3049.694028020509,0.0,0.4361298928777381,25.205432048886088,-0.04299380678600342,0.02866253785733561,0.0,0.0,0.0,0.0,wltp_class3b,PPO_seed7
1731,26.5197,0.0,2150.191919494189,0.0,0.4361298928777381,25.205465359668597,-0.0303128560079068,0.020208570671937865,0.0,0.0,0.0,0.0,wltp_class3b,PPO_seed7
1732,26.1922,0.0,1182.350917767279,0.0,0.4361298928777381,25.205493986647422,-0.016668480983561263,0.01111232065570751,0.0,0.0,0.0,0.0,wltp_class3b,PPO_seed7
1733,25.8473,0.0,195.3446305705603,0.0,0.4361298928777381,25.2055182373349,-0.0027539186640586507,0.0018359457760391005,0.0,0.0,0.0,0.0,wltp_class3b,PPO_seed7
1734,25.4852,552.1209975716274,0.0,0.0,0.4361333819158735,25.20553868995641,0.029880954440004315,0.0,0.005189107120034092,0.022084839902865097,0.0,0.0,wltp_class3b,PPO_seed7
1735,25.1074,1187.8897022064364,0.0,0.0,0.4361408882702787,25.205556216868263,0.06428894794347315,0.0,0.011164376900436432,0.047515588088257454,0.0,0.0,wltp_class3b,PPO_seed7
1736,24.7161,1746.3772067077127,0.0,0.0,0.43615192326538804,25.205571414499726,0.09451445965324898,0.0,0.016413319611914595,0.06985508826830851,0.0,0.0,wltp_class3b,PPO_seed7
1737,24.3145,2200.4811986455625,0.0,0.0,0.4361658270383982,25.205584546025058,0.11909070426955456,0.0,0.02068121427298461,0.0880192479458225,0.0,0.0,wltp_class3b,PPO_seed7
1738,23.9065,2533.3506250876003,0.0,0.0,0.43618183334612204,25.205595552805036,0.13710569773970332,0.0,0.02380968632601128,0.10133402500350401,0.0,0.0,wltp_class3b,PPO_seed7
1739,23.4963,2740.5287418390853,0.0,0.0,0.4361991478956186,25.205604151958557,0.14831823972750177,0.0,0.02575684907743501,0.10962114967356341,0.0,0.0,wltp_class3b,PPO_seed7
1740,23.0883,2821.1886476097443,0.0,0.0,0.43621697128293246,25.205609932255253,0.1526835780864281,0.0,0.02651493089858782,0.11284754590438976,0.0,0.0,wltp_class3b,PPO_seed7
1741,22.6867,2785.4497243016776,0.0,0.0,0.43623456814426365,25.20561249721441,0.1507493768084472,0.0,0.026179038762233812,0.1114179889720671,0.0,0.0,wltp_class3b,PPO_seed7
1742,22.2954,2645.7698779396096,0.0,0.0,0.43625128191245266,25.205611548729408,0.1431898615143557,0.0,0.02486625825131212,0.10583079511758438,0.0,0.0,wltp_class3b,PPO_seed7
1743,21.9175,2426.4826817362095,0.0,0.0,0.43626660981417753,25.20560698864431,0.13132197250479125,0.0,0.02280528836218242,0.09705930726944838,0.0,0.0,wltp_class3b,PPO_seed7
1744,21.5555,2145.660498014689,0.0,0.0,0.43628016328741104,25.20559888897415,0.11612379146398294,0.0,0.020165982124198206,0.08582641992058757,0.0,0.0,wltp_class3b,PPO_seed7
1745,21.2105,1839.4994147306907,0.0,0.0,0.4362917824353685,25.205587537714447,0.09955426155813167,0.0,0.01728852833393506,0.07357997658922763,0.0,0.0,wltp_class3b,PPO_seed7
1746,20.883,1523.245743805291,0.0,0.0,0.43630140366515513,25.205573295353087,0.08243851777376304,0.0,0.014316219396666269,0.060929829752211645,0.0,0.0,wltp_class3b,PPO_seed7
1747,20.5721,1229.9520694141324,0.0,0.0,0.4363091721393339,25.20555659934237,0.06656537590708966,0.0,0.011559699900508763,0.049198082776565295,0.0,0.0,wltp_class3b,PPO_seed7
1748,20.276,979.6186483832115,0.0,0.0,0.43631535931408855,25.205537863637026,0.05301725587264929,0.0,0.00920694218405274,0.03918474593532846,0.0,0.0,wltp_class3b,PPO_seed7
1749,19.9917,798.2293656010634,0.0,0.0,0.4363204007194719,25.205517456747735,0.04320041333531169,0.0,0.007502155691739318,0.03192917462404254,0.0,0.0,wltp_class3b,PPO_seed7
1750,19.7159,690.614578907928,0.0,0.0,0.4363247623502144,25.205495657808722,0.037376268714129815,0.0,0.006490738523570752,0.02762458315631712,0.0,0.0,wltp_class3b,PPO_seed7
1751,19.4444,674.6788660258635,0.0,0.0,0.4363290232371616,25.205472701475404,0.03651382314025688,0.0,0.006340966785957363,0.02698715464103454,0.0,0.0,wltp_class3b,PPO_seed7
1752,19.1167,1968.5049227612847,0.0,0.0,0.4363414549086362,25.205451948616595,0.10653607845139644,0.0,0.01850098611617749,0.0787401969104514,0.0,0.0,wltp_class3b,PPO_seed7
1753,18.7846,2126.6306677683965,0.0,0.0,0.4363548848329729,25.20543064912929,0.11509389132779638,0.0,0.01998713033616914,0.08506522671073587,0.0,0.0,wltp_class3b,PPO_seed7
1754,18.4441,2360.243969810679,0.0,0.0,0.4363697896619899,25.205409252475878,0.1277371134939644,0.0,0.022182744077168037,0.09440975879242716,0.0,0.0,wltp_class3b,PPO_seed7
1755,18.0917,2654.5471818101137,0.0,0.0,0.43638655256271236,25.20538822150552,0.143664891839618,0.0,0.02494875170874167,0.10618188727240455,0.0,0.0,wltp_class3b,PPO_seed7
1756,17.7245,2992.8159174293014,0.0,0.0,0.43640545105996825,25.205368017254113,0.16197209754628653,0.0,0.02812796914877163,0.11971263669717205,0.0,0.0,wltp_class3b,PPO_seed7
1757,17.3407,3348.865967936761,0.0,0.0,0.4364265973132953,25.205349013457756,0.1812416333624722,0.0,0.03147430420993196,0.13395463871747043,0.0,0.0,wltp_class3b,PPO_seed7
1758,16.9395,3699.7913191739726,0.0,0.0,0.4364499588346864,25.205331457590802,0.20023381891288916,0.0,0.03477247480426666,0.14799165276695891,0.0,0.0,wltp_class3b,PPO_seed7
1759,16.5212,4022.4017550861918,0.0,0.0,0.4364753567113567,25.205315410961042,0.21769359273015346,0.0,0.037804527773366466,0.16089607020344768,0.0,0.0,wltp_class3b,PPO_seed7
1760,16.087,4299.257586244499,0.0,0.0,0.4365025019329475,25.205300743927253,0.23267711357735263,0.0,0.04040655626169642,0.17197030344977995,0.0,0.0,wltp_class3b,PPO_seed7
1761,15.6395,4506.306946155334,0.0,0.0,0.4365309536588777,25.205287052539973,0.24388268720621126,0.0,0.04235250889243735,0.18025227784621337,0.0,0.0,wltp_class3b,PPO_seed7
1762,15.1816,4641.597789129718,0.0,0.0,0.4365602587677468,25.20527383881154,0.2512046683169602,0.0,0.04362403937151991,0.18566391156518872,0.0,0.0,wltp_class3b,PPO_seed7
1763,14.7174,4689.697156984788,0.0,0.0,0.4365898667487858,25.205260415228086,0.2538078205712519,0.0,0.044076101099481096,0.18758788627939152,0.0,0.0,wltp_class3b,PPO_seed7
1764,14.2509,4659.005980206507,0.0,0.0,0.43661928018223767,25.20524614808389,0.25214680485358226,0.0,0.04378765018991078,0.18636023920826028,0.0,0.0,wltp_class3b,PPO_seed7
1765,13.7866,4548.9606973062955,0.0,0.0,0.43664799813702987,25.205230413226513,0.24619112104669713,0.0,0.042753390012277216,0.18195842789225183,0.0,0.0,wltp_class3b,PPO_seed7
1766,13.3288,4370.677817138095,0.0,0.0,0.4366755899031358,25.20521272779665,0.2365423979530827,0.0,0.04107779903325277,0.17482711268552378,0.0,0.0,wltp_class3b,PPO_seed7
1767,12.8812,4140.504196648252,0.0,0.0,0.43670172799744705,25.205192804010142,0.22408533238702344,0.0,0.038914513126393345,0.1656201678659301,0.0,0.0,wltp_class3b,PPO_seed7
1768,12.4471,3870.5061085037883,0.0,0.0,0.43672616112689927,25.205170506290163,0.20947295465421256,0.0,0.03637693710999801,0.15482024434015154,0.0,0.0,wltp_class3b,PPO_seed7
1769,12.0287,3580.858522013894,0.0,0.0,0.4367487653637923,25.20514589192959,0.19379714016132335,0.0,0.03365468535727344,0.14323434088055575,0.0,0.0,wltp_class3b,PPO_seed7
1770,11.6275,3283.989669427945,0.0,0.0,0.43676949523136005,25.205119121767904,0.17773050857550637,0.0,0.030864564562292716,0.13135958677711781,0.0,0.0,wltp_class3b,PPO_seed7
1771,11.2438,2996.870554133422,0.0,0.0,0.4367884123716976,25.205090458946803,0.16219153570415315,0.0,0.028166076636592312,0.11987482216533688,0.0,0.0,wltp_class3b,PPO_seed7
1772,10.8766,2735.27165127893,0.0,0.0,0.43680567796006337,25.20506022613248,0.1480337244053063,0.0,0.025707440331568892,0.10941086605115721,0.0,0.0,wltp_class3b,PPO_seed7
1773,10.5241,2506.8497121180026,0.0,0.0,0.43682150148498583,25.205028738387416,0.13567146035958932,0.0,0.023560617595094008,0.1002739884847201,0.0,0.0,wltp_class3b,PPO_seed7
1774,10.1836,2319.168240343506,0.0,0.0,0.43683614015913075,25.20499629565494,0.12551408266159816,0.0,0.021796693988190848,0.09276672961374025,0.0,0.0,wltp_class3b,PPO_seed7
1775,9.8516,2177.4191374637753,0.0,0.0,0.4368498839497404,25.204963171279882,0.11784257858243799,0.0,0.02046446557766706,0.08709676549855101,0.0,0.0,wltp_class3b,PPO_seed7
1776,9.5238,2085.687532087794,0.0,0.0,0.43686304859361536,25.20492961395658,0.11287803651103713,0.0,0.01960232642939656,0.08342750128351176,0.0,0.0,wltp_class3b,PPO_seed7
1777,9.1961,2036.6924424016122,0.0,0.0,0.43687590385704395,25.204895814919137,0.11022640752185567,0.0,0.019141846263173046,0.08146769769606449,0.0,0.0,wltp_class3b,PPO_seed7
1778,8.864,2029.2523034748392,0.0,0.0,0.4368887120376709,25.20486194671115,0.10982374496550294,0.0,0.019071920145440218,0.08117009213899357,0.0,0.0,wltp_class3b,PPO_seed7
1779,8.5235,2052.7798756103307,0.0,0.0,0.43690166859984836,25.204828136999268,0.11109706424543729,0.0,0.019293043943706116,0.08211119502441323,0.0,0.0,wltp_class3b,PPO_seed7
1780,8.171,2097.9893303292297,0.0,0.0,0.4369149103921189,25.204794479384542,0.11354381353165259,0.0,0.019717944833921332,0.08391957321316919,0.0,0.0,wltp_class3b,PPO_seed7
1781,7.8039,2150.6497854234944,0.0,0.0,0.4369284844387009,25.20476101395459,0.11639381319908505,0.0,0.020212873923153143,0.08602599141693978,0.0,0.0,wltp_class3b,PPO_seed7
1782,7.4201,2201.9564450803878,0.0,0.0,0.4369423821903698,25.204727745724536,0.11917054505029046,0.0,0.020695079371056278,0.08807825780321552,0.0,0.0,wltp_class3b,PPO_seed7
1783,7.0189,2236.8364461948368,0.0,0.0,0.4369564999659717,25.204694614714604,0.12105826120083032,0.0,0.0210228989304026,0.08947345784779347,0.0,0.0,wltp_class3b,PPO_seed7
1784,6.6005,2246.5177121789925,0.0,0.0,0.43697067872346623,25.204661519956222,0.12158221422755178,0.0,0.021113888272358952,0.0898607084871597,0.0,0.0,wltp_class3b,PPO_seed7
1785,6.1664,2221.6173240818766,0.0,0.0,0.43698470020687147,25.204628319104238,0.12023459773489735,0.0,0.02087986206843869,0.08886469296327507,0.0,0.0,wltp_class3b,PPO_seed7
1786,5.7188,2159.660358173735,0.0,0.0,0.4369983305470274,25.20459486417454,0.11688146810627476,0.0,0.020297559757271946,0.08638641432694939,0.0,0.0,wltp_class3b,PPO_seed7
1787,5.261,2058.0341626922204,0.0,0.0,0.4370113193923299,25.204561009466154,0.11138142784254587,0.0,0.019342426341092296,0.08232136650768881,0.0,0.0,wltp_class3b,PPO_seed7
1788,4.7967,1920.7762311974982,0.0,0.0,0.4370234418790615,25.204526646266356,0.1039529873094706,0.0,0.01805240818794641,0.07683104924789992,0.0,0.0,wltp_class3b,PPO_seed7
1789,4.3303,1751.9741244177492,0.0,0.0,0.4370344989452877,25.204491706486735,0.09481736652299969,0.0,0.016465922221971328,0.07007896497670997,0.0,0.0,wltp_class3b,PPO_seed7
1790,3.866,1561.2394501091371,0.0,0.0,0.43704435219197296,25.20445617994323,0.08449474858560577,0.0,0.014673303102529484,0.062449578004365486,0.0,0.0,wltp_class3b,PPO_seed7
1791,3.4082,1356.3388552643314,0.0,0.0,0.4370529122364009,25.204420099408836,0.07340546676836585,0.0,0.012747545632183567,0.054253554210573256,0.0,0.0,wltp_class3b,PPO_seed7
1792,2.9606,1147.9491720596077,0.0,0.0,0.4370601570767852,25.20438353665538,0.06212735443973726,0.0,0.010788995978003832,0.04591796688238431,0.0,0.0,wltp_class3b,PPO_seed7
1793,2.5264,944.2147249339231,0.0,0.0,0.43706611610776447,25.20434658158931,0.051101184887777276,0.0,0.00887419854261206,0.037768588997356925,0.0,0.0,wltp_class3b,PPO_seed7
1794,2.1081,752.0627455024428,0.0,0.0,0.43707086243861737,25.204309328200843,0.040701861970876566,0.0,0.007068258886301154,0.030082509820097712,0.0,0.0,wltp_class3b,PPO_seed7
1795,1.7069,577.3466699264021,0.0,0.0,0.43707450611648263,25.204271864012433,0.0312461754145131,0.0,0.005426190506827087,0.023093866797056085,0.0,0.0,wltp_class3b,PPO_seed7
1796,1.3231,422.3936443920697,0.0,0.0,0.43707717187216105,25.204234261042227,0.02286007107018134,0.0,0.003969865078872836,0.01689574577568279,0.0,0.0,wltp_class3b,PPO_seed7
1797,1.1905,45.289071735257004,0.0,0.0,0.43707745769457973,25.204196497418778,0.002451058183085563,0.0,0.00042564917044414475,0.0018115628694102802,0.0,0.0,wltp_class3b,PPO_seed7
1798,0.7937,265.31662821937834,0.0,0.0,0.43707913212774135,25.204158802593106,0.014359015713707407,0.0,0.0024935773328888943,0.010612665128775133,0.0,0.0,wltp_class3b,PPO_seed7
1799,0.3968,132.76514269268017,0.0,0.0,0.43707997001876875,25.20412106344021,0.0071852894518940735,0.0,0.0012477926944800767,0.0053106057077072066,0.0,0.0,wltp_class3b,PPO_seed7
