step,speed_mps,applied_power_w,power_deficit_w,friction_braking_w,soc,temperature_c,reward,rc_tracking_error,rc_energy_cost,rc_regen_recovery,rc_thermal_stress,rc_safety_penalty,cycle_id,controller
1,0.0,0.0,0.0,0.0,0.5,25.0,0.0,0.0,0.0,0.0,0.0,0.0,epa_udds,PPO_seed42
2,0.0,0.0,0.0,0.0,0.5,25.0,0.0,0.0,0.0,0.0,0.0,0.0,epa_udds,PPO_seed42
3,0.0,0.0,0.0,0.0,0.5,25.0,0.0,0.0,0.0,0.0,0.0,0.0,epa_udds,PPO_seed42
4,0.0,0.0,0.0,0.0,0.5,25.0,0.0,0.0,0.0,0.0,0.0,0.0,epa_udds,PPO_seed42
5,0.0,0.0,0.0,0.0,0.5,25.0,0.0,0.0,0.0,0.0,0.0,0.0,epa_udds,PPO_seed42
6,0.0,0.0,0.0,0.0,0.5,25.0,0.0,0.0,0.0,0.0,0.0,0.0,epa_udds,PPO_seed42
7,0.0,0.0,0.0,0.0,0.5,25.0,0.0,0.0,0.0,0.0,0.0,0.0,epa_udds,PPO_seed42
8,0.0,0.0,0.0,0.0,0.5,25.0,0.0,0.0,0.0,0.0,0.0,0.0,epa_udds,PPO_seed42
9,0.0,0.0,0.0,0.0,0.5,25.0,0.0,0.0,0.0,0.0,0.0,0.0,epa_udds,PPO_seed42
10,0.0,0.0,0.0,0.0,0.5,25.0,0.0,0.0,0.0,0.0,0.0,0.0,epa_udds,PPO_seed42
11,0.0,0.0,0.0,0.0,0.5,25.0,0.0,0.0,0.0,0.0,0.0,0.0,epa_udds,PPO_seed42
12,0.0,0.0,0.0,0.0,0.5,25.0,0.0,0.0,0.0,0.0,0.0,0.0,epa_udds,PPO_seed42
13,0.0,0.0,0.0,0.0,0.5,25.0,0.0,0.0,0.0,0.0,0.0,0.0,epa_udds,PPO_seed42
14,0.0,0.0,0.0,0.0,0.5,25.0,0.0,0.0,0.0,0.0,0.0,0.0,epa_udds,PPO_seed42
15,0.0,0.0,0.0,0.0,0.5,25.0,0.0,0.0,0.0,0.0,0.0,0.0,epa_udds,PPO_seed42
16,0.0,0.0,0.0,0.0,0.5,25.0,0.0,0.0,0.0,0.0,0.0,0.0,epa_udds,PPO_seed42
17,0.0,0.0,0.0,0.0,0.5,25.0,0.0,0.0,0.0,0.0,0.0,0.0,epa_udds,PPO_seed42
18,0.0,0.0,0.0,0.0,0.5,25.0,0.0,0.0,0.0,0.0,0.0,0.0,epa_udds,PPO_seed42
19,0.0,0.0,0.0,0.0,0.5,25.0,0.0,0.0,0.0,0.0,0.0,0.0,epa_udds,PPO_seed42
20,0.0,0.0,0.0,0.0,0.5,25.0,0.0,0.0,0.0,0.0,0.0,0.0,epa_udds,PPO_seed42
21,0.0,0.0,0.0,0.0,0.5,25.0,0.0,0.0,0.0,0.0,0.0,0.0,epa_udds,PPO_seed42
22,0.3353,-226.07389744843724,0.0,0.0,0.4999985780979317,25.000000048309246,-0.0004249509350534535,0.0,0.0021247546752672674,0.0,0.0,0.0,epa_udds,PPO_seed42
23,0.6706,-452.28032625416466,0.0,0.0,0.49999573345800014,25.000000241670623,-0.0008501509891995578,0.0,0.004250754945997789,0.0,0.0,0.0,epa_udds,PPO_seed42
24,1.0058,-678.5277643686871,0.0,0.0,0.49999146581679005,25.000000676977383,-0.0012754281285125698,0.0,0.006377140642562849,0.0,0.0,0.0,epa_udds,PPO_seed42
25,1.3411,-905.5531694028277,0.0,0.0,0.49998577027261154,25.000001452638365,-0.0017021676116594508,0.0,0.008510838058297254,0.0,0.0,0.0,epa_udds,PPO_seed42
26,1.6764,-1132.9522025621486,0.0,0.0,0.4999786444638391,25.00000266749328,-0.0021296094033123095,0.0,0.010648047016561546,0.0,0.0,0.0,epa_udds,PPO_seed42
27,2.0117,-1361.013852981718,0.0,0.0,0.49997008420827793,25.000004421985608,-0.002558296716131049,0.0,0.012791483580655244,0.0,0.0,0.0,epa_udds,PPO_seed42
28,2.7894,-3812.872009899653,0.0,0.0,0.49994610259931166,25.000018170912927,-0.007167052650187318,0.0,0.03583526325093659,0.0,0.0,0.0,epa_udds,PPO_seed42
29,3.1247,-2124.4801819076883,0.0,0.0,0.49993274020385936,25.000022459662794,-0.003993383800578362,0.0,0.019966919002891808,0.0,0.0,0.0,epa_udds,PPO_seed42
30,3.4242,-2141.3554372566655,0.0,0.0,0.4999192715798026,25.000026828725375,-0.0040251042053696725,0.0,0.02012552102684836,0.0,0.0,0.0,epa_udds,PPO_seed42
31,3.6907,-2122.658311047381,0.0,0.0,0.49990592047095705,25.00003113691406,-0.00398995923129207,0.0,0.01994979615646035,0.0,0.0,0.0,epa_udds,PPO_seed42
32,3.9298,-2096.8724302685746,0.0,0.0,0.4998927314693416,25.00003535844169,-0.003941489530580027,0.0,0.019707447652900136,0.0,0.0,0.0,epa_udds,PPO_seed42
33,4.1493,-2091.7978440989486,0.0,0.0,0.49987957430887203,25.000039577406508,-0.0039319508347724595,0.0,0.019659754173862298,0.0,0.0,0.0,epa_udds,PPO_seed42
34,4.3586,-2132.7042083472033,0.0,0.0,0.4998661597760342,25.000043978573576,-0.0040088424968932395,0.0,0.0200442124844662,0.0,0.0,0.0,epa_udds,PPO_seed42
35,4.568,-2240.879475773714,0.0,0.0,0.4998520647499987,25.00004884757275,-0.0042121794657400645,0.0,0.021060897328700322,0.0,0.0,0.0,epa_udds,PPO_seed42
36,4.7875,-2429.5351310395786,0.0,0.0,0.4998367829991323,25.00005457278903,-0.004566795359096952,0.0,0.02283397679548476,0.0,0.0,0.0,epa_udds,PPO_seed42
37,5.0266,-2711.0392619135573,0.0,0.0,0.4998197304818524,25.000061693454956,-0.005095938462243529,0.0,0.025479692311217644,0.0,0.0,0.0,epa_udds,PPO_seed42
38,5.2931,-3088.9065201897806,0.0,0.0,0.4998003010294584,25.000070919670364,-0.005806215263514626,0.0,0.029031076317573127,0.0,0.0,0.0,epa_udds,PPO_seed42
39,5.5926,-3561.4572179881384,0.0,0.0,0.49977789901306097,25.000083159490984,-0.006694468454864922,0.0,0.03347234227432461,0.0,0.0,0.0,epa_udds,PPO_seed42
40,5.9278,-4117.521620780175,0.0,0.0,0.49975199903119344,25.000099491125763,-0.0077397022946995775,0.0,0.038698511473497885,0.0,0.0,0.0,epa_udds,PPO_seed42
41,6.299,-4744.857342168054,0.0,0.0,0.49972215265279196,25.000121150341617,-0.00891890477851138,0.0,0.0445945238925569,0.0,0.0,0.0,epa_udds,PPO_seed42
42,6.5168,-3364.525294672221,0.0,0.0,0.49970098864115364,25.0001323189773,-0.006324295666677107,0.0,0.031621478333385536,0.0,0.0,0.0,epa_udds,PPO_seed42
43,6.7619,-3791.117457751502,0.0,0.0,0.4996771410290928,25.000146433486453,-0.007126160634871244,0.0,0.03563080317435622,0.0,0.0,0.0,epa_udds,PPO_seed42
44,7.0267,-4169.942543994067,0.0,0.0,0.49965091021689007,25.000163473397684,-0.007838237864650502,0.0,0.03919118932325251,0.0,0.0,0.0,epa_udds,PPO_seed42
45,7.3017,-4465.85146121698,0.0,0.0,0.4996228177157738,25.000183017692525,-0.008394457633866505,0.0,0.041972288169332524,0.0,0.0,0.0,epa_udds,PPO_seed42
46,7.5766,-4650.964726309857,0.0,0.0,0.49959356043477593,25.0002042588924,-0.008742414899078678,0.0,0.04371207449539339,0.0,0.0,0.0,epa_udds,PPO_seed42
47,7.8414,-4709.07636144006,0.0,0.0,0.4995639372616718,25.00022612561936,-0.008851647295939962,0.0,0.044258236479699814,0.0,0.0,0.0,epa_udds,PPO_seed42
48,8.0865,-4626.960664789205,0.0,0.0,0.49953483032345314,25.000247384194072,-0.008697294482686475,0.0,0.04348647241343238,0.0,0.0,0.0,epa_udds,PPO_seed42
49,8.3043,-4416.297377401688,0.0,0.0,0.49950704831515946,25.00026695756898,-0.00830131085977761,0.0,0.04150655429888805,0.0,0.0,0.0,epa_udds,PPO_seed42
50,8.4892,-4095.6162225741837,0.0,0.0,0.4994812833983888,25.000284058964,-0.007698526734161999,0.0,0.038492633670809996,0.0,0.0,0.0,epa_udds,PPO_seed42
51,8.6382,-3698.0230017357394,0.0,0.0,0.49945801949105245,25.00029832592368,-0.006951171055894247,0.0,0.03475585527947123,0.0,0.0,0.0,epa_udds,PPO_seed42
52,8.7514,-3269.222699936502,0.0,0.0,0.49943745298958914,25.00030984511899,-0.006145155451008463,0.0,0.030725777255042313,0.0,0.0,0.0,epa_udds,PPO_seed42
53,8.8316,-2853.1246902356,0.0,0.0,0.49941950404953755,25.000319011668672,-0.005363016335029324,0.0,0.026815081675146617,0.0,0.0,0.0,epa_udds,PPO_seed42
54,8.8845,-2497.798310354601,0.0,0.0,0.4994037904066246,25.00032641561745,-0.004695109605929702,0.0,0.023475548029648508,0.0,0.0,0.0,epa_udds,PPO_seed42
55,8.9177,-2236.9426178465133,0.0,0.0,0.49938971777748176,25.000332668861414,-0.004204779356854349,0.0,0.02102389678427174,0.0,0.0,0.0,epa_udds,PPO_seed42
56,8.9408,-2104.428414366497,0.0,0.0,0.49937647878204533,25.000338382073217,-0.003955692508207701,0.0,0.019778462541038502,0.0,0.0,0.0,epa_udds,PPO_seed42
57,8.9639,-2112.0379597347664,0.0,0.0,0.4993631919065175,25.000344122989638,-0.003969996164914975,0.0,0.019849980824574873,0.0,0.0,0.0,epa_udds,PPO_seed42
58,8.9971,-2264.358524312865,0.0,0.0,0.4993489467697586,25.00035049208367,-0.004256313015625686,0.0,0.02128156507812843,0.0,0.0,0.0,epa_udds,PPO_seed42
59,9.05,-2560.0670886267517,0.0,0.0,0.49933284130382694,25.000358215537318,-0.004812156181629233,0.0,0.024060780908146163,0.0,0.0,0.0,epa_udds,PPO_seed42
60,9.1302,-2978.2837090653843,0.0,0.0,0.49931410478220384,25.00036814891051,-0.005598277648619143,0.0,0.027991388243095716,0.0,0.0,0.0,epa_udds,PPO_seed42
61,9.2434,-3500.9694437381763,0.0,0.0,0.49929207994076596,25.000381324573368,-0.006580769631086798,0.0,0.032903848155433985,0.0,0.0,0.0,epa_udds,PPO_seed42
62,9.3924,-4095.7379341578094,0.0,0.0,0.4992663132319572,25.00039883818311,-0.007698755515334228,0.0,0.03849377757667114,0.0,0.0,0.0,epa_udds,PPO_seed42
63,9.5773,-4730.889879110793,0.0,0.0,0.4992365505005984,25.000421748413864,-0.008892650148704499,0.0,0.04446325074352249,0.0,0.0,0.0,epa_udds,PPO_seed42
64,9.7951,-5363.984600278708,0.0,0.0,0.4992028045631228,25.00045083070779,-0.01008267782007276,0.0,0.0504133891003638,0.0,0.0,0.0,epa_udds,PPO_seed42
65,10.0402,-5953.181543529833,0.0,0.0,0.49916535144534646,25.000486382328322,-0.01119019087129668,0.0,0.055950954356483396,0.0,0.0,0.0,epa_udds,PPO_seed42
66,10.305,-6458.5124092281285,0.0,0.0,0.49912471862426394,25.000528064110295,-0.012140060919601747,0.0,0.06070030459800873,0.0,0.0,0.0,epa_udds,PPO_seed42
67,10.5799,-6832.616314390632,0.0,0.0,0.4990817315642472,25.000574679877673,-0.012843263748854573,0.0,0.06421631874427286,0.0,0.0,0.0,epa_udds,PPO_seed42
68,10.8549,-7049.395417934584,0.0,0.0,0.4990373799732249,25.000624400273676,-0.01325074326679433,0.0,0.06625371633397165,0.0,0.0,0.0,epa_udds,PPO_seed42
69,11.1197,-7082.84333989062,0.0,0.0,0.4989928172491862,25.000674844295528,-0.013313615300546278,0.0,0.06656807650273139,0.0,0.0,0.0,epa_udds,PPO_seed42
70,11.3648,-6927.394189948056,0.0,0.0,0.49894923189107365,25.00072351060907,-0.0130214176502783,0.0,0.0651070882513915,0.0,0.0,0.0,epa_udds,PPO_seed42
71,11.5826,-6602.200039180926,0.0,0.0,0.4989076919764303,25.000768288576477,-0.012410150449588209,0.0,0.062050752247941036,0.0,0.0,0.0,epa_udds,PPO_seed42
72,11.246,2403.973189987638,0.0,0.0,0.4989228175579852,25.000777550912193,0.1301037520415866,0.0,0.02259373298860562,0.09615892759950552,0.0,0.0,epa_udds,PPO_seed42
73,10.8734,2800.548512893884,0.0,0.0,0.49894043802277516,25.000788326395735,0.1515665277880464,0.0,0.026320944670055302,0.11202194051575536,0.0,0.0,epa_udds,PPO_seed42
74,10.465,3153.441471270662,0.0,0.0,0.49896027842607443,25.00080066133539,0.17066520082861822,0.0,0.029637607812694193,0.12613765885082648,0.0,0.0,epa_udds,PPO_seed42
75,10.0237,3428.0531481419553,0.0,0.0,0.49898184615752883,25.00081429512035,0.1855272673708706,0.0,0.032218544625394314,0.1371221259256782,0.0,0.0,epa_udds,PPO_seed42
76,9.555,3597.9761094039272,0.0,0.0,0.49900448250018103,25.000828671991247,0.19472354913901854,0.0,0.03381556493800684,0.1439190443761571,0.0,0.0,epa_udds,PPO_seed42
77,9.0667,3647.9188528594877,0.0,0.0,0.4990274325821455,25.00084303655319,0.19742646543520748,0.0,0.034284951624619246,0.14591675411437952,0.0,0.0,epa_udds,PPO_seed42
78,8.5683,3576.088162227267,0.0,0.0,0.49904993030595557,25.000856592935108,0.19353896685497643,0.0,0.033609851148752506,0.14304352648909066,0.0,0.0,epa_udds,PPO_seed42
79,8.0698,3397.1745147456113,0.0,0.0,0.4990713020465386,25.000868692480022,0.18385610644465344,0.0,0.031928331905503864,0.13588698058982446,0.0,0.0,epa_udds,PPO_seed42
80,7.5815,3129.447026232218,0.0,0.0,0.4990909891509013,25.000878903684168,0.16936661424676322,0.0,0.029412096111205054,0.12517788104928873,0.0,0.0,epa_udds,PPO_seed42
81,7.1128,2800.5069055807267,0.0,0.0,0.49910860662885204,25.000887073810006,0.15156427598774486,0.0,0.02632055362387901,0.11202027622322906,0.0,0.0,epa_udds,PPO_seed42
82,6.6715,2439.141329724869,0.0,0.0,0.4991239505946788,25.000893292886694,0.13200706234104967,0.0,0.022924260617714937,0.09756565318899477,0.0,0.0,epa_udds,PPO_seed42
83,6.2631,2073.003207789813,0.0,0.0,0.4991369911157744,25.00089782050723,0.11219155706519604,0.0,0.019483112855167416,0.08292012831159253,0.0,0.0,epa_udds,PPO_seed42
84,5.8906,1724.1124559596453,0.0,0.0,0.4991478367662824,25.00090099246368,0.09330948464659794,0.0,0.016204064435710954,0.06896449823838581,0.0,0.0,epa_udds,PPO_seed42
85,5.5539,1411.9039229883783,0.0,0.0,0.4991567183596652,25.00090315702276,0.07641266494488982,0.0,0.01326977371229679,0.056476156919535135,0.0,0.0,epa_udds,PPO_seed42
86,5.2501,1148.4867484243637,0.0,0.0,0.4991639428640721,25.000904619109967,0.06215644823427497,0.0,0.010794048387447026,0.04593946993697455,0.0,0.0,epa_udds,PPO_seed42
87,4.9738,940.7793266050029,0.0,0.0,0.49916986075123354,25.000905619089423,0.05091526009701361,0.0,0.008841910964332733,0.037631173064200114,0.0,0.0,epa_udds,PPO_seed42
88,4.717,794.1395442425942,0.0,0.0,0.4991748561825577,25.000906336447716,0.042979070973369865,0.0,0.007463717521077013,0.03176558176970377,0.0,0.0,epa_udds,PPO_seed42
89,4.4704,705.8258651070141,0.0,0.0,0.4991792960632846,25.00090689352089,0.03819950809804727,0.0,0.006633701739727577,0.028233034604280564,0.0,0.0,epa_udds,PPO_seed42
90,4.2238,670.7110441352636,0.0,0.0,0.4991835150384224,25.000907374821466,0.03629908342620772,0.0,0.006303675226835184,0.026828441765410542,0.0,0.0,epa_udds,PPO_seed42
91,3.967,678.7722636629396,0.0,0.0,0.49918778470040037,25.00090783974815,0.036735359051472474,0.0,0.0063794385682607105,0.027150890546517585,0.0,0.0,epa_udds,PPO_seed42
92,3.6907,715.3954112458864,0.0,0.0,0.49919228471071214,25.00090832863881,0.038717414813142025,0.0,0.00672364108313803,0.028615816449835456,0.0,0.0,epa_udds,PPO_seed42
93,3.3869,763.8965355050304,0.0,0.0,0.49919708978228855,25.000908862801616,0.04134231024485119,0.0,0.007179478717152542,0.030555861420201218,0.0,0.0,epa_udds,PPO_seed42
94,3.0502,803.1385647052998,0.0,0.0,0.49920214167076177,25.000909434077194,0.04346610066728382,0.0,0.007548294781064848,0.03212554258821199,0.0,0.0,epa_udds,PPO_seed42
95,2.2352,1789.9932827383768,0.0,0.0,0.4992134010029904,25.000912405299257,0.09687497480564539,0.0,0.01682324513851858,0.07159973130953508,0.0,0.0,epa_udds,PPO_seed42
96,1.8627,569.7332245099134,0.0,0.0,0.49921698468373743,25.000912625103442,0.030834133458814708,0.0,0.005354635568702194,0.022789328980396536,0.0,0.0,epa_udds,PPO_seed42
97,1.4901,456.7204723861345,0.0,0.0,0.49921985749257064,25.000912723760756,0.024717849325078166,0.0,0.004292485642726828,0.01826881889544538,0.0,0.0,epa_udds,PPO_seed42
98,1.1176,342.8808499422972,0.0,0.0,0.4992220142344824,25.000912727200472,0.018556814720937256,0.0,0.0032225643791569283,0.013715233997691888,0.0,0.0,epa_udds,PPO_seed42
99,0.7451,228.81557371726987,0.0,0.0,0.4992234534950943,25.000912661791027,0.012383567666292545,0.0,0.002150522309372837,0.009152622948690795,0.0,0.0,epa_udds,PPO_seed42
100,0.3725,114.49959389681858,0.0,0.0,0.49922417370140953,25.00091255374166,0.00619675245766391,0.0,0.0010761240027896484,0.004579983755872743,0.0,0.0,epa_udds,PPO_seed42
101,0.0,0.0,0.0,0.0,0.49922417370140953,25.000912429180943,0.0,0.0,0.0,0.0,0.0,0.0,epa_udds,PPO_seed42
102,0.0,0.0,0.0,0.0,0.49922417370140953,25.00091230173061,0.0,0.0,0.0,0.0,0.0,0.0,epa_udds,PPO_seed42
103,0.0,0.0,0.0,0.0,0.49922417370140953,25.000912171582147,0.0,0.0,0.0,0.0,0.0,0.0,epa_udds,PPO_seed42
104,0.0,0.0,0.0,0.0,0.49922417370140953,25.00091203891447,0.0,0.0,0.0,0.0,0.0,0.0,epa_udds,PPO_seed42
105,0.0,0.0,0.0,0.0,0.49922417370140953,25.000911903894778,0.0,0.0,0.0,0.0,0.0,0.0,epa_udds,PPO_seed42
106,0.0,0.0,0.0,0.0,0.49922417370140953,25.0009117666793,0.0,0.0,0.0,0.0,0.0,0.0,epa_udds,PPO_seed42
107,0.0,0.0,0.0,0.0,0.49922417370140953,25.000911627414034,0.0,0.0,0.0,0.0,0.0,0.0,epa_udds,PPO_seed42
108,0.0,0.0,0.0,0.0,0.49922417370140953,25.000911486235395,0.0,0.0,0.0,0.0,0.0,0.0,epa_udds,PPO_seed42
109,0.0,0.0,0.0,0.0,0.49922417370140953,25.000911343270865,0.0,0.0,0.0,0.0,0.0,0.0,epa_udds,PPO_seed42
110,0.0,0.0,0.0,0.0,0.49922417370140953,25.00091119863956,0.0,0.0,0.0,0.0,0.0,0.0,epa_udds,PPO_seed42
111,0.0,0.0,0.0,0.0,0.49922417370140953,25.000911052452793,0.0,0.0,0.0,0.0,0.0,0.0,epa_udds,PPO_seed42
112,0.0,0.0,0.0,0.0,0.49922417370140953,25.000910904814575,0.0,0.0,0.0,0.0,0.0,0.0,epa_udds,PPO_seed42
113,0.0,0.0,0.0,0.0,0.49922417370140953,25.0009107558221,0.0,0.0,0.0,0.0,0.0,0.0,epa_udds,PPO_seed42
114,0.0,0.0,0.0,0.0,0.49922417370140953,25.000910605566194,0.0,0.0,0.0,0.0,0.0,0.0,epa_udds,PPO_seed42
115,0.0,0.0,0.0,0.0,0.49922417370140953,25.00091045413172,0.0,0.0,0.0,0.0,0.0,0.0,epa_udds,PPO_seed42
116,0.0,0.0,0.0,0.0,0.49922417370140953,25.000910301597983,0.0,0.0,0.0,0.0,0.0,0.0,epa_udds,PPO_seed42
117,0.0,0.0,0.0,0.0,0.49922417370140953,25.00091014803909,0.0,0.0,0.0,0.0,0.0,0.0,epa_udds,PPO_seed42
118,0.0,0.0,0.0,0.0,0.49922417370140953,25.000909993524285,0.0,0.0,0.0,0.0,0.0,0.0,epa_udds,PPO_seed42
119,0.0,0.0,0.0,0.0,0.49922417370140953,25.000909838118275,0.0,0.0,0.0,0.0,0.0,0.0,epa_udds,PPO_seed42
120,0.0,0.0,0.0,0.0,0.49922417370140953,25.000909681881527,0.0,0.0,0.0,0.0,0.0,0.0,epa_udds,PPO_seed42
121,0.0,0.0,0.0,0.0,0.49922417370140953,25.000909524870536,0.0,0.0,0.0,0.0,0.0,0.0,epa_udds,PPO_seed42
122,0.0,0.0,0.0,0.0,0.49922417370140953,25.000909367138103,0.0,0.0,0.0,0.0,0.0,0.0,epa_udds,PPO_seed42
123,0.0,0.0,0.0,0.0,0.49922417370140953,25.00090920873356,0.0,0.0,0.0,0.0,0.0,0.0,epa_udds,PPO_seed42
124,0.0,0.0,0.0,0.0,0.49922417370140953,25.000909049703004,0.0,0.0,0.0,0.0,0.0,0.0,epa_udds,PPO_seed42
125,0.0,0.0,0.0,0.0,0.49922417370140953,25.000908890089516,0.0,0.0,0.0,0.0,0.0,0.0,epa_udds,PPO_seed42
126,0.0,0.0,0.0,0.0,0.49922417370140953,25.00090872993335,0.0,0.0,0.0,0.0,0.0,0.0,epa_udds,PPO_seed42
127,0.3576,-253.51751533958927,0.0,0.0,0.49922257910151113,25.000908630028842,-0.00047653668296915276,0.0,0.0023826834148457637,0.0,0.0,0.0,epa_udds,PPO_seed42
128,0.7153,-507.37804820209,0.0,0.0,0.4992193877428371,25.00090871310818,-0.0009537181357182142,0.0,0.004768590678591071,0.0,0.0,0.0,epa_udds,PPO_seed42
129,1.0729,-761.2667231682425,0.0,0.0,0.49921459944287555,25.000909101954495,-0.0014309524871583506,0.0,0.007154762435791753,0.0,0.0,0.0,epa_udds,PPO_seed42
130,1.4305,-1015.749028094516,0.0,0.0,0.4992082104582335,25.000909920627855,-0.0019093026843881881,0.0,0.00954651342194094,0.0,0.0,0.0,epa_udds,PPO_seed42
131,1.7882,-1271.2240793177561,0.0,0.0,0.49920021453120444,25.000911295283657,-0.002389518946086008,0.0,0.011947594730430038,0.0,0.0,0.0,epa_udds,PPO_seed42
132,2.1458,-1526.875505345942,0.0,0.0,0.49919061053521796,25.00091335155334,-0.0028700667393720715,0.0,0.014350333696860357,0.0,0.0,0.0,epa_udds,PPO_seed42
133,2.5034,-1783.7698179610359,0.0,0.0,0.4991793906317349,25.000916219412222,-0.003352950785641045,0.0,0.016764753928205225,0.0,0.0,0.0,epa_udds,PPO_seed42
134,2.987,-2718.4528269136085,0.0,0.0,0.4991622914862153,25.00092307585544,-0.005109873734800017,0.0,0.02554936867400008,0.0,0.0,0.0,epa_udds,PPO_seed42
135,3.4604,-3100.5754301940688,0.0,0.0,0.49914278861522826,25.00093205413677,-0.00582814930487607,0.0,0.029140746524380347,0.0,0.0,0.0,epa_udds,PPO_seed42
136,3.9142,-3395.523706907999,0.0,0.0,0.4991214302936216,25.00094287108484,-0.006382563358849622,0.0,0.03191281679424811,0.0,0.0,0.0,epa_udds,PPO_seed42
137,4.3406,-3589.3672254756193,0.0,0.0,0.4990988524386405,25.000955003507897,-0.0067469308749541716,0.0,0.033734654374770856,0.0,0.0,0.0,epa_udds,PPO_seed42
138,4.7341,-3682.3886062812194,0.0,0.0,0.49907568921514206,25.000967818679744,-0.0069217830945135705,0.0,0.03460891547256785,0.0,0.0,0.0,epa_udds,PPO_seed42
139,5.0917,-3686.6854874880473,0.0,0.0,0.49905249871754764,25.000980713672213,-0.006929859938887308,0.0,0.03464929969443654,0.0,0.0,0.0,epa_udds,PPO_seed42
140,5.4135,-3628.938979526856,0.0,0.0,0.49902967123004416,25.00099326398426,-0.006821313871291083,0.0,0.03410656935645542,0.0,0.0,0.0,epa_udds,PPO_seed42
141,5.7023,-3540.544370918016,0.0,0.0,0.4990073995621454,25.001005272763535,-0.006655158591951158,0.0,0.03327579295975579,0.0,0.0,0.0,epa_udds,PPO_seed42
142,5.9638,-3460.3071221527507,0.0,0.0,0.49898563242353056,25.001016809440962,-0.006504336695775848,0.0,0.03252168347887924,0.0,0.0,0.0,epa_udds,PPO_seed42
143,6.2057,-3422.161574131287,0.0,0.0,0.49896410505399436,25.001028157561805,-0.006432634537840766,0.0,0.03216317268920383,0.0,0.0,0.0,epa_udds,PPO_seed42
144,6.4374,-3458.843377673775,0.0,0.0,0.4989423467547194,25.0010398050799,-0.006501585296379277,0.0,0.03250792648189638,0.0,0.0,0.0,epa_udds,PPO_seed42
145,6.6691,-3595.2039664976965,0.0,0.0,0.49891973047693683,25.001052425599436,-0.006757902192664843,0.0,0.033789510963324214,0.0,0.0,0.0,epa_udds,PPO_seed42
146,6.911,-3848.5657823821016,0.0,0.0,0.4988955201775003,25.001066898574337,-0.007234146207485154,0.0,0.03617073103742577,0.0,0.0,0.0,epa_udds,PPO_seed42
147,7.1724,-4227.167732290934,0.0,0.0,0.49886892795369814,25.001084341560748,-0.007945804008065665,0.0,0.03972902004032832,0.0,0.0,0.0,epa_udds,PPO_seed42
148,7.4613,-4735.096809410442,0.0,0.0,0.4988391401537748,25.001106182910075,-0.008900557912425644,0.0,0.04450278956212821,0.0,0.0,0.0,epa_udds,PPO_seed42
149,7.783,-5358.725479323577,0.0,0.0,0.4988054288068383,25.001134091753897,-0.010072792254367626,0.0,0.05036396127183813,0.0,0.0,0.0,epa_udds,PPO_seed42
150,8.1407,-6088.057214058489,0.0,0.0,0.4987671287738318,25.00117003857498,-0.011443716567779115,0.0,0.057218582838895575,0.0,0.0,0.0,epa_udds,PPO_seed42
151,8.5342,-6890.410347261121,0.0,0.0,0.4987237804539325,25.001216012653142,-0.01295189914898707,0.0,0.06475949574493535,0.0,0.0,0.0,epa_udds,PPO_seed42
152,8.8265,-5763.167890091489,0.0,0.0,0.49868752308958386,25.00124872170943,-0.010833022349796034,0.0,0.054165111748980165,0.0,0.0,0.0,epa_udds,PPO_seed42
153,9.1462,-6392.53773019936,0.0,0.0,0.4986473056785123,25.001288844149364,-0.012016048365036391,0.0,0.06008024182518196,0.0,0.0,0.0,epa_udds,PPO_seed42
154,9.4854,-6952.463973289699,0.0,0.0,0.49860356493191454,25.00133624858801,-0.013068541303176126,0.0,0.06534270651588063,0.0,0.0,0.0,epa_udds,PPO_seed42
155,9.8349,-7405.12538183981,0.0,0.0,0.4985569755283119,25.001390051792477,-0.013919408612480847,0.0,0.06959704306240423,0.0,0.0,0.0,epa_udds,PPO_seed42
156,10.1843,-7708.3611150216175,0.0,0.0,0.4985084774476063,25.001448475573696,-0.0144894005921459,0.0,0.07244700296072949,0.0,0.0,0.0,epa_udds,PPO_seed42
157,10.5236,-7843.161558483112,0.0,0.0,0.4984591303445618,25.001509195199198,-0.01474278488436675,0.0,0.07371392442183375,0.0,0.0,0.0,epa_udds,PPO_seed42
158,10.8433,-7794.233706343193,0.0,0.0,0.4984100901819268,25.001569521026465,-0.014650815237487206,0.0,0.07325407618743603,0.0,0.0,0.0,epa_udds,PPO_seed42
159,11.1356,-7571.6362130980115,0.0,0.0,0.4983624497276234,25.00162694475909,-0.014232398896800775,0.0,0.07116199448400387,0.0,0.0,0.0,epa_udds,PPO_seed42
160,11.395,-7203.8673978572315,0.0,0.0,0.4983171225175415,25.0016795501289,-0.013541104131310586,0.0,0.06770552065655293,0.0,0.0,0.0,epa_udds,PPO_seed42
161,11.6185,-6731.351251692931,0.0,0.0,0.49827476778910335,25.001726222875195,-0.012652915886640848,0.0,0.06326457943320424,0.0,0.0,0.0,epa_udds,PPO_seed42
162,11.8062,-6213.040802224045,0.0,0.0,0.49823567385879536,25.00176680769427,-0.01167864812448129,0.0,0.058393240622406445,0.0,0.0,0.0,epa_udds,PPO_seed42
163,11.9609,-5706.2281506115805,0.0,0.0,0.4981997685381119,25.00180189279558,-0.010725992764307482,0.0,0.05362996382153741,0.0,0.0,0.0,epa_udds,PPO_seed42
164,12.0882,-5273.418466687833,0.0,0.0,0.49816658630748084,25.001832652206943,-0.00991244072685683,0.0,0.049562203634284145,0.0,0.0,0.0,epa_udds,PPO_seed42
165,12.196,-4969.20833119524,0.0,0.0,0.49813531806554545,25.001860593906343,-0.009340617163900828,0.0,0.046703085819504137,0.0,0.0,0.0,epa_udds,PPO_seed42
166,12.2936,-4831.134369447992,0.0,0.0,0.49810491847298805,25.001887356415235,-0.009081079641819534,0.0,0.04540539820909767,0.0,0.0,0.0,epa_udds,PPO_seed42
167,12.3912,-4886.981989376034,0.0,0.0,0.49807416731259185,25.00191471885248,-0.009186056371007582,0.0,0.04593028185503791,0.0,0.0,0.0,epa_udds,PPO_seed42
168,12.499,-5147.46604601801,0.0,0.0,0.49804177690431056,25.00194464332157,-0.009675688056424832,0.0,0.04837844028212416,0.0,0.0,0.0,epa_udds,PPO_seed42
169,12.6263,-5606.5534926818145,0.0,0.0,0.4980064974865446,25.001979348757978,-0.010538634384740253,0.0,0.052693171923701265,0.0,0.0,0.0,epa_udds,PPO_seed42
170,12.781,-6249.436859320825,0.0,0.0,0.4979671724200257,25.00202141434878,-0.01174706176564065,0.0,0.05873530882820324,0.0,0.0,0.0,epa_udds,PPO_seed42
171,12.9687,-7043.670023887754,0.0,0.0,0.4979228491677577,25.00207367391301,-0.01323998124790931,0.0,0.06619990623954655,0.0,0.0,0.0,epa_udds,PPO_seed42
172,12.5217,4064.7768928034297,0.0,0.0,0.4979484276318108,25.00209490026147,0.21998694792781268,0.0,0.038202790345896895,0.16259107571213718,0.0,0.0,epa_udds,PPO_seed42
173,12.1105,3497.461975966826,0.0,0.0,0.497970435550818,25.002111299649627,0.18928369400758804,0.0,0.03287088323277092,0.13989847903867303,0.0,0.0,epa_udds,PPO_seed42
174,11.7322,3000.5471626315993,0.0,0.0,0.4979893161551933,25.002123999990424,0.16239051486182143,0.0,0.028200631227740594,0.12002188650526398,0.0,0.0,epa_udds,PPO_seed42
175,11.3814,2599.2152148247364,0.0,0.0,0.4980056710673847,25.002134031309613,0.14067030914517634,0.0,0.024428714425044514,0.10396860859298945,0.0,0.0,epa_udds,PPO_seed42
176,11.0501,2316.8661119517606,0.0,0.0,0.4980202490813301,25.00214228724536,0.12538949078066744,0.0,0.021775057443155645,0.09267464447807042,0.0,0.0,epa_udds,PPO_seed42
177,10.729,2158.627958865211,0.0,0.0,0.4980338311952274,25.00214947293607,0.1168255943452014,0.0,0.020287856756251985,0.08634511835460844,0.0,0.0,epa_udds,PPO_seed42
178,10.4079,2123.8259398802725,0.0,0.0,0.49804719410778625,25.00215616368857,0.11494209861096391,0.0,0.019960770111656697,0.0849530375952109,0.0,0.0,epa_udds,PPO_seed42
179,10.0766,2200.187208632744,0.0,0.0,0.4980610372526621,25.002162846531395,0.11907479344164278,0.0,0.02067845120895436,0.08800748834530976,0.0,0.0,epa_udds,PPO_seed42
180,9.7257,2365.5795341528024,0.0,0.0,0.4980759207747357,25.00216994772718,0.12802587584084113,0.0,0.02223289035857897,0.0946231813661121,0.0,0.0,epa_udds,PPO_seed42
181,9.3474,2588.8730182932163,0.0,0.0,0.49809220893057415,25.002177817570225,0.1401105863584554,0.0,0.024331513329823463,0.10355492073172866,0.0,0.0,epa_udds,PPO_seed42
182,8.9362,2832.6117888841873,0.0,0.0,0.4981100303017011,25.002186674691526,0.15330180192773216,0.0,0.026622291248911533,0.11330447155536749,0.0,0.0,epa_udds,PPO_seed42
183,8.4892,3059.2008573465873,0.0,0.0,0.49812927693599945,25.00219654688081,0.1655648704600055,0.0,0.028751887757016797,0.12236803429386349,0.0,0.0,epa_udds,PPO_seed42
184,8.0063,3234.0047486749763,0.0,0.0,0.4981496229850607,25.002207228638262,0.1750253096312968,0.0,0.030394781472509177,0.12936018994699905,0.0,0.0,epa_udds,PPO_seed42
185,7.4905,3326.9263143175835,0.0,0.0,0.4981705532735787,25.0022182757132,0.18005425271021025,0.0,0.03126810445787202,0.13307705257270333,0.0,0.0,epa_udds,PPO_seed42
186,6.9473,3321.847943061721,0.0,0.0,0.4981914512613679,25.002229102259,0.1797794097305133,0.0,0.031220375404715422,0.13287391772246884,0.0,0.0,epa_udds,PPO_seed42
187,6.3845,3213.108079886475,0.0,0.0,0.4982116648294133,25.002239093101696,0.17389437563175072,0.0,0.03019838420945935,0.128524323195459,0.0,0.0,epa_udds,PPO_seed42
188,5.8115,3008.2607017499868,0.0,0.0,0.49823058941703463,25.00224774092374,0.16280797391876994,0.0,0.028273126896146493,0.12033042806999947,0.0,0.0,epa_udds,PPO_seed42
189,5.2385,2725.6467863027,0.0,0.0,0.49824773587242027,25.002254743753035,0.1475128238180965,0.0,0.025616981074273498,0.109025871452108,0.0,0.0,epa_udds,PPO_seed42
190,4.6758,2389.9331176796927,0.0,0.0,0.4982627702331778,25.00226003323315,0.12934389910570246,0.0,0.022461777421801624,0.09559732470718771,0.0,0.0,epa_udds,PPO_seed42
191,4.1325,2030.7896365224112,0.0,0.0,0.498275545185202,25.00226375228909,0.10990694589239336,0.0,0.019086368764308376,0.08123158546089645,0.0,0.0,epa_udds,PPO_seed42
192,3.6167,1672.0201567678816,0.0,0.0,0.49828606314872387,25.00226616283469,0.0904902337474828,0.0,0.01571447515759287,0.06688080627071527,0.0,0.0,epa_udds,PPO_seed42
193,3.1338,1337.6084526695722,0.0,0.0,0.4982944774031328,25.00226758271225,0.07239177174673368,0.0,0.01257150801381177,0.05350433810678289,0.0,0.0,epa_udds,PPO_seed42
194,2.6868,1041.7325999611735,0.0,0.0,0.49830103040038587,25.00226830814454,0.05637888161293629,0.0,0.00979071992444712,0.04166930399844694,0.0,0.0,epa_udds,PPO_seed42
195,2.2756,793.0177082022551,0.0,0.0,0.4983060188345938,25.002268580906637,0.042918356869472415,0.0,0.007453173949269315,0.0317207083280902,0.0,0.0,epa_udds,PPO_seed42
196,2.2352,-207.16520508558773,0.0,0.0,0.4983047156790399,25.00226828396334,-0.00038940828023606715,0.0,0.0019470414011803357,0.0,0.0,0.0,epa_udds,PPO_seed42
197,1.7882,696.3589476912149,0.0,0.0,0.4983090960637621,25.00226840183701,0.03768715568031101,0.0,0.006544726951985103,0.027854357907648595,0.0,0.0,epa_udds,PPO_seed42
198,1.3411,523.1915548299639,0.0,0.0,0.49831238714134607,25.002268307536838,0.028315284298241202,0.0,0.004917213861183872,0.020927662193198557,0.0,0.0,epa_udds,PPO_seed42
199,0.8941,349.0841200614019,0.0,0.0,0.4983145830087041,25.00226806023677,0.01889253756542835,0.0,0.0032808657900507696,0.013963364802456076,0.0,0.0,epa_udds,PPO_seed42
200,0.447,174.68567905370253,0.0,0.0,0.4983156818430687,25.002267719712837,0.009454041487432714,0.0,0.001641782697873144,0.006987427162148101,0.0,0.0,epa_udds,PPO_seed42
201,0.0,0.0,0.0,0.0,0.4983156818430687,25.00226734560009,0.0,0.0,0.0,0.0,0.0,0.0,epa_udds,PPO_seed42
202,0.0,0.0,0.0,0.0,0.4983156818430687,25.002266968551858,0.0,0.0,0.0,0.0,0.0,0.0,epa_udds,PPO_seed42
203,0.0,0.0,0.0,0.0,0.4983156818430687,25.002266588765668,0.0,0.0,0.0,0.0,0.0,0.0,epa_udds,PPO_seed42
204,0.0,0.0,0.0,0.0,0.4983156818430687,25.002266206426093,0.0,0.0,0.0,0.0,0.0,0.0,epa_udds,PPO_seed42
205,0.0,0.0,0.0,0.0,0.4983156818430687,25.002265821705603,0.0,0.0,0.0,0.0,0.0,0.0,epa_udds,PPO_seed42
206,0.0,0.0,0.0,0.0,0.4983156818430687,25.002265434765363,0.0,0.0,0.0,0.0,0.0,0.0,epa_udds,PPO_seed42
207,0.0,0.0,0.0,0.0,0.4983156818430687,25.002265045755973,0.0,0.0,0.0,0.0,0.0,0.0,epa_udds,PPO_seed42
208,0.0,0.0,0.0,0.0,0.4983156818430687,25.002264654818156,0.0,0.0,0.0,0.0,0.0,0.0,epa_udds,PPO_seed42
209,0.0,0.0,0.0,0.0,0.4983156818430687,25.00226426208341,0.0,0.0,0.0,0.0,0.0,0.0,epa_udds,PPO_seed42
210,0.0,0.0,0.0,0.0,0.4983156818430687,25.002263867674618,0.0,0.0,0.0,0.0,0.0,0.0,epa_udds,PPO_seed42
211,0.0,0.0,0.0,0.0,0.4983156818430687,25.002263471706595,0.0,0.0,0.0,0.0,0.0,0.0,epa_udds,PPO_seed42
212,0.0,0.0,0.0,0.0,0.4983156818430687,25.002263074286635,0.0,0.0,0.0,0.0,0.0,0.0,epa_udds,PPO_seed42
213,0.0,0.0,0.0,0.0,0.4983156818430687,25.002262675515,0.0,0.0,0.0,0.0,0.0,0.0,epa_udds,PPO_seed42
214,0.0,0.0,0.0,0.0,0.4983156818430687,25.002262275485368,0.0,0.0,0.0,0.0,0.0,0.0,epa_udds,PPO_seed42
215,0.0,0.0,0.0,0.0,0.4983156818430687,25.00226187428529,0.0,0.0,0.0,0.0,0.0,0.0,epa_udds,PPO_seed42
216,0.0,0.0,0.0,0.0,0.4983156818430687,25.00226147199656,0.0,0.0,0.0,0.0,0.0,0.0,epa_udds,PPO_seed42
217,0.0,0.0,0.0,0.0,0.4983156818430687,25.002261068695624,0.0,0.0,0.0,0.0,0.0,0.0,epa_udds,PPO_seed42
218,0.0,0.0,0.0,0.0,0.4983156818430687,25.002260664453907,0.0,0.0,0.0,0.0,0.0,0.0,epa_udds,PPO_seed42
219,0.0,0.0,0.0,0.0,0.4983156818430687,25.00226025933815,0.0,0.0,0.0,0.0,0.0,0.0,epa_udds,PPO_seed42
220,0.0,0.0,0.0,0.0,0.4983156818430687,25.002259853410724,0.0,0.0,0.0,0.0,0.0,0.0,epa_udds,PPO_seed42
221,0.0,0.0,0.0,0.0,0.4983156818430687,25.002259446729905,0.0,0.0,0.0,0.0,0.0,0.0,epa_udds,PPO_seed42
222,0.0,0.0,0.0,0.0,0.4983156818430687,25.00225903935015,0.0,0.0,0.0,0.0,0.0,0.0,epa_udds,PPO_seed42
223,0.0,0.0,0.0,0.0,0.4983156818430687,25.002258631322345,0.0,0.0,0.0,0.0,0.0,0.0,epa_udds,PPO_seed42
224,0.0,0.0,0.0,0.0,0.4983156818430687,25.00225822269404,0.0,0.0,0.0,0.0,0.0,0.0,epa_udds,PPO_seed42
225,0.0,0.0,0.0,0.0,0.4983156818430687,25.00225781350966,0.0,0.0,0.0,0.0,0.0,0.0,epa_udds,PPO_seed42
226,0.0,0.0,0.0,0.0,0.4983156818430687,25.00225740381073,0.0,0.0,0.0,0.0,0.0,0.0,epa_udds,PPO_seed42
227,0.0,0.0,0.0,0.0,0.4983156818430687,25.002256993636042,0.0,0.0,0.0,0.0,0.0,0.0,epa_udds,PPO_seed42
228,0.0,0.0,0.0,0.0,0.4983156818430687,25.002256583021843,0.0,0.0,0.0,0.0,0.0,0.0,epa_udds,PPO_seed42
229,0.0,0.0,0.0,0.0,0.4983156818430687,25.00225617200201,0.0,0.0,0.0,0.0,0.0,0.0,epa_udds,PPO_seed42
230,0.0,0.0,0.0,0.0,0.4983156818430687,25.002255760608193,0.0,0.0,0.0,0.0,0.0,0.0,epa_udds,PPO_seed42
231,0.0,0.0,0.0,0.0,0.4983156818430687,25.002255348869966,0.0,0.0,0.0,0.0,0.0,0.0,epa_udds,PPO_seed42
232,0.3912,-297.7904402979551,0.0,0.0,0.49831380868134795,25.00225502065307,-0.0005597564667254796,0.0,0.0027987823336273975,0.0,0.0,0.0,epa_udds,PPO_seed42
233,0.7823,-595.5934503446737,0.0,0.0,0.4983100622764536,25.00225494453968,-0.001119536560798259,0.0,0.005597682803991294,0.0,0.0,0.0,epa_udds,PPO_seed42
234,1.1735,-894.136892613464,0.0,0.0,0.49830443796280877,25.00225529041928,-0.0016807084447621507,0.0,0.008403542223810753,0.0,0.0,0.0,epa_udds,PPO_seed42
235,1.5646,-1192.8701094240566,0.0,0.0,0.498296934533061,25.002256228442945,-0.0022422370477895802,0.0,0.0112111852389479,0.0,0.0,0.0,epa_udds,PPO_seed42
236,1.9558,-1493.0082656118075,0.0,0.0,0.4982875431308501,25.002257932932025,-0.002806406514307909,0.0,0.014032032571539545,0.0,0.0,0.0,epa_udds,PPO_seed42
237,1.9045,-142.69531257534473,0.0,0.0,0.4982866455369211,25.002257555738996,-0.00026822427175816676,0.0,0.0013411213587908339,0.0,0.0,0.0,epa_udds,PPO_seed42
238,2.2956,-1753.9891036345764,0.0,0.0,0.4982756124518645,25.002260067354822,-0.0032969719993131137,0.0,0.016484859996565567,0.0,0.0,0.0,epa_udds,PPO_seed42
239,2.7226,-2235.7056479998273,0.0,0.0,0.4982615491593483,25.00226440506781,-0.004202454225563586,0.0,0.021012271127817925,0.0,0.0,0.0,epa_udds,PPO_seed42
240,3.1826,-2781.8810426404875,0.0,0.0,0.4982440501319744,25.002271347825378,-0.005229099704211444,0.0,0.026145498521057214,0.0,0.0,0.0,epa_udds,PPO_seed42
241,3.6699,-3370.8545518322985,0.0,0.0,0.49822284606952727,25.00228173814616,-0.006336192766602066,0.0,0.03168096383301033,0.0,0.0,0.0,epa_udds,PPO_seed42
242,4.1768,-3973.5299296102166,0.0,0.0,0.4981978506728328,25.00229634508049,-0.007469041221071836,0.0,0.03734520610535918,0.0,0.0,0.0,epa_udds,PPO_seed42
243,4.6939,-4552.557378550887,0.0,0.0,0.49816921257067137,25.002315665012237,-0.00855743868148663,0.0,0.042787193407433144,0.0,0.0,0.0,epa_udds,PPO_seed42
244,5.211,-5069.725598508196,0.0,0.0,0.498137320755522,25.00233975219037,-0.009529559395692097,0.0,0.047647796978460485,0.0,0.0,0.0,epa_udds,PPO_seed42
245,5.7179,-5490.72014680167,0.0,0.0,0.4981027800919951,25.00236812449616,-0.010320902531582087,0.0,0.05160451265791043,0.0,0.0,0.0,epa_udds,PPO_seed42
246,6.2053,-5791.658063735842,0.0,0.0,0.49806634571864805,25.00239980913061,-0.01088657530777414,0.0,0.054432876538870696,0.0,0.0,0.0,epa_udds,PPO_seed42
247,6.6652,-5958.896321750583,0.0,0.0,0.4980288586491552,25.002433473677367,-0.011200932935621398,0.0,0.05600466467810699,0.0,0.0,0.0,epa_udds,PPO_seed42
248,7.0922,-6002.097063612516,0.0,0.0,0.4979910991707275,25.00246776567322,-0.011282137337617511,0.0,0.056410686688087554,0.0,0.0,0.0,epa_udds,PPO_seed42
249,7.4834,-5941.428573080327,0.0,0.0,0.49795372074427097,25.002501524237964,-0.011168098821579563,0.0,0.055840494107897806,0.0,0.0,0.0,epa_udds,PPO_seed42
250,7.8387,-5810.775212510447,0.0,0.0,0.49791716370029065,25.002533990506485,-0.010922509797951969,0.0,0.05461254898975984,0.0,0.0,0.0,epa_udds,PPO_seed42
251,8.1611,-5656.768679875971,0.0,0.0,0.49788157502018104,25.00256494960452,-0.01063302383435333,0.0,0.053165119171766646,0.0,0.0,0.0,epa_udds,PPO_seed42
252,8.456,-5523.726921176728,0.0,0.0,0.49784682286770915,25.002594665004583,-0.01038294534055776,0.0,0.051914726702788794,0.0,0.0,0.0,epa_udds,PPO_seed42
253,8.7315,-5464.42143411139,0.0,0.0,0.49781244338257397,25.0026239260726,-0.010271468861111637,0.0,0.05135734430555818,0.0,0.0,0.0,epa_udds,PPO_seed42
254,8.9967,-5511.028977280773,0.0,0.0,0.49777777023250447,25.002653833783313,-0.010359077024963859,0.0,0.05179538512481929,0.0,0.0,0.0,epa_udds,PPO_seed42
255,9.2619,-5699.759134989453,0.0,0.0,0.49774190922824546,25.002685910768047,-0.010713832960506492,0.0,0.05356916480253245,0.0,0.0,0.0,epa_udds,PPO_seed42
256,9.5373,-6049.498169291543,0.0,0.0,0.49770384730161404,25.002722055104382,-0.011371237160322449,0.0,0.056856185801612245,0.0,0.0,0.0,epa_udds,PPO_seed42
257,9.8323,-6569.312580548575,0.0,0.0,0.49766251427640296,25.0027646068154,-0.012348331918324391,0.0,0.06174165959162195,0.0,0.0,0.0,epa_udds,PPO_seed42
258,10.1547,-7255.877625200633,0.0,0.0,0.4976168608179046,25.002816373902174,-0.013638867716542545,0.0,0.06819433858271272,0.0,0.0,0.0,epa_udds,PPO_seed42
259,10.51,-8092.8461413894265,0.0,0.0,0.49756594035547985,25.00288057724581,-0.015212116807122984,0.0,0.07606058403561491,0.0,0.0,0.0,epa_udds,PPO_seed42
260,10.9012,-9056.350379138777,0.0,0.0,0.49750895639257675,25.002960757716615,-0.01702321499838116,0.0,0.08511607499190581,0.0,0.0,0.0,epa_udds,PPO_seed42
261,11.3282,-10104.948687104205,0.0,0.0,0.4974453730818796,25.003060370358742,-0.018994264449443993,0.0,0.09497132224721996,0.0,0.0,0.0,epa_udds,PPO_seed42
262,11.7881,-11191.909307222997,0.0,0.0,0.49737494852738895,25.00318240095299,-0.021037423509817663,0.0,0.10518711754908831,0.0,0.0,0.0,epa_udds,PPO_seed42
263,12.2754,-12262.113285349591,0.0,0.0,0.49729778759270066,25.00332880490103,-0.023049085122837577,0.0,0.11524542561418788,0.0,0.0,0.0,epa_udds,PPO_seed42
264,12.7823,-13253.317511000578,0.0,0.0,0.4972143867858124,25.00349988263238,-0.024912250960527405,0.0,0.12456125480263701,0.0,0.0,0.0,epa_udds,PPO_seed42
265,13.2994,-14105.590951347463,0.0,0.0,0.4971256197866941,25.003693892597045,-0.026514268705540345,0.0,0.13257134352770172,0.0,0.0,0.0,epa_udds,PPO_seed42
266,13.8165,-14767.554463020615,0.0,0.0,0.49703268371658804,25.003906980259593,-0.027758561020715444,0.0,0.13879280510357722,0.0,0.0,0.0,epa_udds,PPO_seed42
267,14.3234,-15201.799668684229,0.0,0.0,0.4969370112979309,25.004133486231193,-0.028574811407301184,0.0,0.1428740570365059,0.0,0.0,0.0,epa_udds,PPO_seed42
268,14.8108,-15393.064069104998,0.0,0.0,0.49684013153944556,25.00436672268402,-0.028934330956964283,0.0,0.1446716547848214,0.0,0.0,0.0,epa_udds,PPO_seed42
269,15.2707,-15341.58858630162,0.0,0.0,0.49674357218574633,25.004599714339054,-0.028837572530642144,0.0,0.1441878626532107,0.0,0.0,0.0,epa_udds,PPO_seed42
270,15.6977,-15088.829809425639,0.0,0.0,0.49664860029342184,25.004826702548186,-0.028362462047792553,0.0,0.14181231023896276,0.0,0.0,0.0,epa_udds,PPO_seed42
271,16.0889,-14686.112539776059,0.0,0.0,0.496556160050994,25.005043605800275,-0.027605474698827178,0.0,0.13802737349413588,0.0,0.0,0.0,epa_udds,PPO_seed42
272,16.1648,-6850.28700126377,0.0,0.0,0.4965130402585034,25.00510196679671,-0.01287647932568378,0.0,0.0643823966284189,0.0,0.0,0.0,epa_udds,PPO_seed42
273,16.2078,-6052.250433564044,0.0,0.0,0.49647494365657785,25.005150616740735,-0.011376410589406099,0.0,0.05688205294703049,0.0,0.0,0.0,epa_udds,PPO_seed42
274,16.2234,-5371.407820819865,0.0,0.0,0.4964411326802167,25.005191819298815,-0.010096631242142605,0.0,0.05048315621071302,0.0,0.0,0.0,epa_udds,PPO_seed42
275,16.2194,-4874.338644258289,0.0,0.0,0.4964104506203746,25.00522801754878,-0.00916229068469603,0.0,0.045811453423480156,0.0,0.0,0.0,epa_udds,PPO_seed42
276,16.2052,-4608.576639811826,0.0,0.0,0.49638144152677477,25.005261580467092,-0.008662738044759071,0.0,0.04331369022379535,0.0,0.0,0.0,epa_udds,PPO_seed42
277,16.191,-4600.173936821349,0.0,0.0,0.496352485444551,25.005294791871307,-0.008646943490265695,0.0,0.043234717451328473,0.0,0.0,0.0,epa_udds,PPO_seed42
278,16.187,-4854.642784016771,0.0,0.0,0.49632192771377664,25.005330013127438,-0.009125268391008967,0.0,0.045626341955044836,0.0,0.0,0.0,epa_udds,PPO_seed42
279,16.2026,-5358.117782311019,0.0,0.0,0.49628820093877934,25.005369882015223,-0.010071649966750036,0.0,0.05035824983375018,0.0,0.0,0.0,epa_udds,PPO_seed42
280,16.2456,-6078.043179227541,0.0,0.0,0.4962499426179283,25.005417405772608,-0.011424893194036733,0.0,0.05712446597018366,0.0,0.0,0.0,epa_udds,PPO_seed42
281,16.3215,-6965.378115936766,0.0,0.0,0.4962060988859286,25.005475854774353,-0.013092816007399938,0.0,0.06546408003699969,0.0,0.0,0.0,epa_udds,PPO_seed42
282,16.4333,-7966.060602280121,0.0,0.0,0.4961559560994879,25.005548545046377,-0.014973798124586693,0.0,0.07486899062293347,0.0,0.0,0.0,epa_udds,PPO_seed42
283,16.5809,-9008.325441002255,0.0,0.0,0.496099252262874,25.005638221492905,-0.016932942558274915,0.0,0.08466471279137458,0.0,0.0,0.0,epa_udds,PPO_seed42
284,16.7614,-10023.309930786212,0.0,0.0,0.4960361587726746,25.00574656894897,-0.01884080814057559,0.0,0.09420404070287794,0.0,0.0,0.0,epa_udds,PPO_seed42
285,16.9694,-10943.36974961212,0.0,0.0,0.49596727278444686,25.005873706089456,-0.02057024389024835,0.0,0.10285121945124173,0.0,0.0,0.0,epa_udds,PPO_seed42
286,17.1969,-11690.04541901786,0.0,0.0,0.4958936853484205,25.00601750130393,-0.02197376958462004,0.0,0.1098688479231002,0.0,0.0,0.0,epa_udds,PPO_seed42
287,17.4346,-12212.353986254155,0.0,0.0,0.49581680852360077,25.006173882645513,-0.022955552605740892,0.0,0.11477776302870446,0.0,0.0,0.0,epa_udds,PPO_seed42
288,17.6723,-12465.268359326543,0.0,0.0,0.495738337949709,25.006337014850832,-0.02343095556264388,0.0,0.11715477781321938,0.0,0.0,0.0,epa_udds,PPO_seed42
289,17.8998,-12426.606847987858,0.0,0.0,0.49566010908347474,25.00650011055974,-0.02335828354884936,0.0,0.11679141774424678,0.0,0.0,0.0,epa_udds,PPO_seed42
290,18.1077,-12098.282650389081,0.0,0.0,0.495583945533015,25.006656440979672,-0.022741132801483238,0.0,0.11370566400741618,0.0,0.0,0.0,epa_udds,PPO_seed42
291,18.2882,-11509.795384041741,0.0,0.0,0.49551148537087575,25.00680040811186,-0.02163495372940177,0.0,0.10817476864700884,0.0,0.0,0.0,epa_udds,PPO_seed42
292,18.4358,-10717.740255264345,0.0,0.0,0.4954440104991918,25.00692838131115,-0.02014612829936907,0.0,0.10073064149684535,0.0,0.0,0.0,epa_udds,PPO_seed42
293,18.5476,-9794.777381417194,0.0,0.0,0.495382345437026,25.007038950526265,-0.01841123567935563,0.0,0.09205617839677814,0.0,0.0,0.0,epa_udds,PPO_seed42
294,18.6235,-8825.627857122001,0.0,0.0,0.4953267813162685,25.0071327774703,-0.016589526047221807,0.0,0.08294763023610903,0.0,0.0,0.0,epa_udds,PPO_seed42
295,18.6665,-7908.233875676899,0.0,0.0,0.49527699259007096,25.007212229525916,-0.01486510127006936,0.0,0.07432550635034679,0.0,0.0,0.0,epa_udds,PPO_seed42
296,18.6821,-7124.948441355976,0.0,0.0,0.4952321351504716,25.007280522641068,-0.013392760228112735,0.0,0.06696380114056368,0.0,0.0,0.0,epa_udds,PPO_seed42
297,18.6781,-6552.312844369111,0.0,0.0,0.49519088291968594,25.007341250067462,-0.012316377527009608,0.0,0.06158188763504804,0.0,0.0,0.0,epa_udds,PPO_seed42
298,18.6639,-6245.398551523445,0.0,0.0,0.4951515630382824,25.00739801193216,-0.011739470961510236,0.0,0.05869735480755118,0.0,0.0,0.0,epa_udds,PPO_seed42
299,18.6497,-6234.856676478531,0.0,0.0,0.4951123096330608,25.007454358116377,-0.011719655406914532,0.0,0.05859827703457266,0.0,0.0,0.0,epa_udds,PPO_seed42
300,18.6458,-6530.710838517682,0.0,0.0,0.49507119369582714,25.00751399945753,-0.012275772252852785,0.0,0.06137886126426392,0.0,0.0,0.0,epa_udds,PPO_seed42
301,18.6613,-7105.619419833794,0.0,0.0,0.4950264583216268,25.007580846600185,-0.01335642748089059,0.0,0.06678213740445295,0.0,0.0,0.0,epa_udds,PPO_seed42
302,18.7043,-7939.730382135103,0.0,0.0,0.494976471537189,25.007659468791072,-0.014924305229577262,0.0,0.07462152614788631,0.0,0.0,0.0,epa_udds,PPO_seed42
303,18.7802,-8964.386209477107,0.0,0.0,0.4949200335387453,25.007754534621707,-0.01685035001781411,0.0,0.08425175008907056,0.0,0.0,0.0,epa_udds,PPO_seed42
304,18.892,-10119.388924031664,0.0,0.0,0.494856323412478,25.007870694035507,-0.01902140775193922,0.0,0.09510703875969609,0.0,0.0,0.0,epa_udds,PPO_seed42
305,19.0396,-11321.205618526797,0.0,0.0,0.49478504604099904,25.00801167490857,-0.021280461688960146,0.0,0.10640230844480073,0.0,0.0,0.0,epa_udds,PPO_seed42
306,19.2201,-12489.950586351268,0.0,0.0,0.4947064091666006,25.008179636905023,-0.02347735072622419,0.0,0.11738675363112094,0.0,0.0,0.0,epa_udds,PPO_seed42
307,19.4281,-13547.722276212555,0.0,0.0,0.4946211109523574,25.00837451136363,-0.025465643376339386,0.0,0.12732821688169693,0.0,0.0,0.0,epa_udds,PPO_seed42
308,19.6556,-14404.99095374746,0.0,0.0,0.4945304132750771,25.00859309533475,-0.027077050664938835,0.0,0.13538525332469417,0.0,0.0,0.0,epa_udds,PPO_seed42
309,19.8933,-15004.415887466892,0.0,0.0,0.494435939159186,25.00882954243042,-0.02820378926215581,0.0,0.14101894631077905,0.0,0.0,0.0,epa_udds,PPO_seed42
310,20.131,-15295.92366070072,0.0,0.0,0.49433962710520923,25.00907562757775,-0.028751736204324665,0.0,0.1437586810216233,0.0,0.0,0.0,epa_udds,PPO_seed42
311,20.3585,-15255.645505278459,0.0,0.0,0.494243566158271,25.009321864637762,-0.028676025385861767,0.0,0.14338012692930882,0.0,0.0,0.0,epa_udds,PPO_seed42
312,20.5854,-15518.519795383318,0.0,0.0,0.49414584748864887,25.009577062381947,-0.029170149991322027,0.0,0.14585074995661013,0.0,0.0,0.0,epa_udds,PPO_seed42
313,20.785,-14886.89035216629,0.0,0.0,0.4940521037379821,25.009815401456553,-0.027982876601816337,0.0,0.13991438300908168,0.0,0.0,0.0,epa_udds,PPO_seed42
314,20.9516,-14016.063445672704,0.0,0.0,0.4939638416434007,25.010031075982205,-0.026345983920437417,0.0,0.13172991960218708,0.0,0.0,0.0,epa_udds,PPO_seed42
315,21.0823,-12994.036150568289,0.0,0.0,0.4938820139111558,25.01022156617962,-0.02442487998227122,0.0,0.1221243999113561,0.0,0.0,0.0,epa_udds,PPO_seed42
316,21.1772,-11922.958060065384,0.0,0.0,0.49380692998380443,25.0103874923948,-0.022411575300874786,0.0,0.11205787650437392,0.0,0.0,0.0,epa_udds,PPO_seed42
317,21.2392,-10903.618394421153,0.0,0.0,0.4937382645201687,25.010531835953472,-0.020495523297784125,0.0,0.10247761648892062,0.0,0.0,0.0,epa_udds,PPO_seed42
318,21.2738,-10032.980660801328,0.0,0.0,0.49367508143947175,25.01065912829646,-0.018858986204513775,0.0,0.09429493102256888,0.0,0.0,0.0,epa_udds,PPO_seed42
319,21.2888,-9398.947095327328,0.0,0.0,0.49361589097178465,25.01077476276137,-0.017667193788209266,0.0,0.08833596894104633,0.0,0.0,0.0,epa_udds,PPO_seed42
320,21.2936,-9065.758104983357,0.0,0.0,0.49355879868074815,25.010884439723373,-0.01704089869357774,0.0,0.08520449346788869,0.0,0.0,0.0,epa_udds,PPO_seed42
321,21.2984,-9070.353132815326,0.0,0.0,0.4935016774133744,25.010993996746365,-0.017049535963938583,0.0,0.08524767981969292,0.0,0.0,0.0,epa_udds,PPO_seed42
322,21.3135,-9426.309210007059,0.0,0.0,0.4934423144382743,25.01110960154663,-0.017718626334599735,0.0,0.08859313167299868,0.0,0.0,0.0,epa_udds,PPO_seed42
323,21.3481,-10107.635335298086,0.0,0.0,0.49337866062125046,25.01123771306001,-0.018999314540033996,0.0,0.09499657270016998,0.0,0.0,0.0,epa_udds,PPO_seed42
324,21.41,-11079.35847423295,0.0,0.0,0.4933088869688518,25.011385385147975,-0.02082586179367096,0.0,0.10412930896835479,0.0,0.0,0.0,epa_udds,PPO_seed42
325,21.5049,-12283.705056040557,0.0,0.0,0.49323152818488636,25.01155998894839,-0.023089671157970976,0.0,0.11544835578985486,0.0,0.0,0.0,epa_udds,PPO_seed42
326,21.6357,-13638.189454685462,0.0,0.0,0.4931456382749786,25.011768398801966,-0.025635694463694476,0.0,0.12817847231847238,0.0,0.0,0.0,epa_udds,PPO_seed42
327,21.8023,-15049.80407606881,0.0,0.0,0.4930508568169571,25.01201601688309,-0.028289105406144384,0.0,0.1414455270307219,0.0,0.0,0.0,epa_udds,PPO_seed42
328,22.0019,-16429.736439242235,0.0,0.0,0.4929473825847498,25.0123059457008,-0.03088296323165834,0.0,0.1544148161582917,0.0,0.0,0.0,epa_udds,PPO_seed42
329,22.2288,-17673.874879193496,0.0,0.0,0.4928360699842871,25.012637538559574,-0.03322156932179229,0.0,0.16610784660896144,0.0,0.0,0.0,epa_udds,PPO_seed42
330,22.4753,-18700.234336208272,0.0,0.0,0.4927182898248127,25.01300624971278,-0.035150816421444124,0.0,0.1757540821072206,0.0,0.0,0.0,epa_udds,PPO_seed42
331,22.732,-19429.073611052878,0.0,0.0,0.4925959153211973,25.013403272521806,-0.03652081505837007,0.0,0.18260407529185035,0.0,0.0,0.0,epa_udds,PPO_seed42
332,22.9887,-19806.57111408412,0.0,0.0,0.4924711589753059,25.013816472969516,-0.03723039683098519,0.0,0.18615198415492593,0.0,0.0,0.0,epa_udds,PPO_seed42
333,23.2352,-19805.41536596951,0.0,0.0,0.4923464056908958,25.014231846384803,-0.03722822437212314,0.0,0.1861411218606157,0.0,0.0,0.0,epa_udds,PPO_seed42
334,23.4621,-19429.155504330072,0.0,0.0,0.4922240184196602,25.014635417516793,-0.036520968993101637,0.0,0.1826048449655082,0.0,0.0,0.0,epa_udds,PPO_seed42
335,23.6617,-18720.023146491294,0.0,0.0,0.4921060944587221,25.01501540283673,-0.03518801343325431,0.0,0.17594006716627156,0.0,0.0,0.0,epa_udds,PPO_seed42
336,23.8283,-17739.1112764684,0.0,0.0,0.49199434653439716,25.015363312944654,-0.0333441941287,0.0,0.1667209706435,0.0,0.0,0.0,epa_udds,PPO_seed42
337,23.959,-16586.11921443531,0.0,0.0,0.4918898594687357,25.01567521807847,-0.031176915816607732,0.0,0.15588457908303865,0.0,0.0,0.0,epa_udds,PPO_seed42
338,24.0539,-15376.501661171462,0.0,0.0,0.4917929907756532,25.015951618700754,-0.02890319861122455,0.0,0.14451599305612275,0.0,0.0,0.0,epa_udds,PPO_seed42
339,24.1159,-14224.139469255571,0.0,0.0,0.4917033804541632,25.016196449491847,-0.026737104265517994,0.0,0.13368552132758996,0.0,0.0,0.0,epa_udds,PPO_seed42
340,24.1505,-13238.832134626533,0.0,0.0,0.49161997662866236,25.016416037343607,-0.024885022809448373,0.0,0.12442511404724185,0.0,0.0,0.0,epa_udds,PPO_seed42
341,24.1655,-12520.537898123677,0.0,0.0,0.49154109752200736,25.016618194125662,-0.023534845673164807,0.0,0.11767422836582403,0.0,0.0,0.0,epa_udds,PPO_seed42
342,24.1703,-12142.808697389306,0.0,0.0,0.4914645978206702,25.016811416668606,-0.022824828378551328,0.0,0.11412414189275663,0.0,0.0,0.0,epa_udds,PPO_seed42
343,24.1751,-12148.507387852218,0.0,0.0,0.49138806203630975,25.017004562967408,-0.022835540202729737,0.0,0.11417770101364867,0.0,0.0,0.0,epa_udds,PPO_seed42
344,24.1902,-12554.028049945005,0.0,0.0,0.49130897127178325,25.01720700962227,-0.023597797086362796,0.0,0.11798898543181396,0.0,0.0,0.0,epa_udds,PPO_seed42
345,24.2248,-13330.581821140324,0.0,0.0,0.49122498786524144,25.017428443529617,-0.02505748462620362,0.0,0.1252874231310181,0.0,0.0,0.0,epa_udds,PPO_seed42
346,24.2867,-14438.753462175273,0.0,0.0,0.4911340223117286,25.017679214496564,-0.027140514026645253,0.0,0.13570257013322626,0.0,0.0,0.0,epa_udds,PPO_seed42
347,24.3816,-15812.745932918706,0.0,0.0,0.49103439943237037,25.017969877176366,-0.029723206640824635,0.0,0.14861603320412317,0.0,0.0,0.0,epa_udds,PPO_seed42
348,24.5124,-17358.315717447465,0.0,0.0,0.4909250375664316,25.01831002619546,-0.032628413002720805,0.0,0.163142065013604,0.0,0.0,0.0,epa_udds,PPO_seed42
349,24.679,-18969.149590708552,0.0,0.0,0.4908055246286581,25.01870697777182,-0.035656296223136374,0.0,0.17828148111568187,0.0,0.0,0.0,epa_udds,PPO_seed42
350,24.8786,-20543.870062715505,0.0,0.0,0.49067608707795,25.019164707354324,-0.038616297110367494,0.0,0.19308148555183746,0.0,0.0,0.0,epa_udds,PPO_seed42
351,25.1055,-21964.22366890784,0.0,0.0,0.49053769635946876,25.019681921000057,-0.041286134715992184,0.0,0.20643067357996092,0.0,0.0,0.0,epa_udds,PPO_seed42
352,24.9228,-5791.20265632759,0.0,0.0,0.49050120628358196,25.019775924497594,-0.01088571927881126,0.0,0.0544285963940563,0.0,0.0,0.0,epa_udds,PPO_seed42
353,24.7504,-6023.503012843875,0.0,0.0,0.490463253365658,25.019869998221896,-0.011322374084293,0.0,0.05661187042146499,0.0,0.0,0.0,epa_udds,PPO_seed42
354,24.5779,-5855.153144476164,0.0,0.0,0.4904263619733234,25.01995984348444,-0.011005926963301061,0.0,0.0550296348165053,0.0,0.0,0.0,epa_udds,PPO_seed42
355,24.3953,-5300.545561442506,0.0,0.0,0.49039296568577934,25.02004155667129,-0.009963431506470877,0.0,0.049817157532354384,0.0,0.0,0.0,epa_udds,PPO_seed42
356,24.193,-4375.866669660067,0.0,0.0,0.49036539598653717,25.020112472080307,-0.008225313288834713,0.0,0.04112656644417356,0.0,0.0,0.0,epa_udds,PPO_seed42
357,23.9634,-3161.4390683684874,0.0,0.0,0.4903454781556284,25.020172249127796,-0.00594255463979039,0.0,0.02971277319895195,0.0,0.0,0.0,epa_udds,PPO_seed42
358,23.7009,-1740.0869055992584,0.0,0.0,0.4903345154946507,25.020222754086383,-0.003270840048118907,0.0,0.016354200240594533,0.0,0.0,0.0,epa_udds,PPO_seed42
359,23.4025,-218.53554074139925,0.0,0.0,0.4903331387505859,25.02026753162444,-0.00041078109161917154,0.0,0.0020539054580958577,0.0,0.0,0.0,epa_udds,PPO_seed42
360,23.0682,0.0,0.0,923.6201483409083,0.4903331387505859,25.02030913554806,0.0,0.0,0.0,0.0,0.0,0.0,epa_udds,PPO_seed42
361,22.701,1906.3652293045789,0.0,0.0,0.49034514772622007,25.020351204253966,0.10317305955288991,0.0,0.01791696644083251,0.07625460917218316,0.0,0.0,epa_udds,PPO_seed42
362,22.3065,2722.374445048575,0.0,0.0,0.49036229637111994,25.020393596642087,0.14733572372526046,0.0,0.02558622598729864,0.108894977801943,0.0,0.0,epa_udds,PPO_seed42
363,21.8923,3323.9429083851446,0.0,0.0,0.4903832334915162,25.020436218207923,0.17989278988388174,0.0,0.031240064928431812,0.1329577163354058,0.0,0.0,epa_udds,PPO_seed42
364,21.468,3668.997902723741,0.0,0.0,0.4904063430687545,25.020478009592505,0.19856726995342472,0.0,0.03448306299552388,0.14675991610894965,0.0,0.0,epa_udds,PPO_seed42
365,21.0436,3759.0002343920323,0.0,0.0,0.49043001851227996,25.020517480203633,0.20343822321168306,0.0,0.035328949571353685,0.15036000937568128,0.0,0.0,epa_udds,PPO_seed42
366,20.6295,3597.2407452977686,0.0,0.0,0.49045267418595273,25.020553080380772,0.1946837510124311,0.0,0.03380865362121963,0.14388962981191075,0.0,0.0,epa_udds,PPO_seed42
367,20.2349,3224.1610275126823,0.0,0.0,0.4904729793612447,25.020583774450397,0.17449256448147582,0.0,0.030302265296171825,0.12896644110050728,0.0,0.0,epa_udds,PPO_seed42
368,19.8677,2679.3830039833806,0.0,0.0,0.490489852989946,25.0206091936691,0.14500901400505545,0.0,0.025182171090069365,0.10717532015933523,0.0,0.0,epa_udds,PPO_seed42
369,19.5335,2020.8705655385475,0.0,0.0,0.49050257914505496,25.02062972467186,0.1093701227875674,0.0,0.018993144412956273,0.0808348226215419,0.0,0.0,epa_udds,PPO_seed42
370,19.2351,0.0,0.0,1312.6284298616602,0.49050257914505496,25.02064469340748,0.0,0.0,0.0,0.0,0.0,0.0,epa_udds,PPO_seed42
371,18.9725,0.0,0.0,614.296651603161,0.49050257914505496,25.020658427644175,0.0,0.0,0.0,0.0,0.0,0.0,epa_udds,PPO_seed42
372,18.7429,-24.167828835588146,0.0,0.0,0.490502426963089,25.02067100891047,-4.542824969095517e-05,0.0,0.0002271412484547758,0.0,0.0,0.0,epa_udds,PPO_seed42
373,18.5407,-732.2514403099702,0.0,0.0,0.4904978161609986,25.020683023466486,-0.0013764124817856585,0.0,0.006882062408928292,0.0,0.0,0.0,epa_udds,PPO_seed42
374,18.358,-1209.3778556044376,0.0,0.0,0.49049020115354786,25.020695017401845,-0.0022732666458730034,0.0,0.011366333229365016,0.0,0.0,0.0,epa_udds,PPO_seed42
375,18.1856,-1422.260243881331,0.0,0.0,0.49048124584706354,25.020706768598487,-0.0026734215110551336,0.0,0.013367107555275667,0.0,0.0,0.0,epa_udds,PPO_seed42
376,18.0131,-1340.0594493413557,0.0,0.0,0.49047280824439293,25.020717607250923,-0.002518908739363451,0.0,0.012594543696817253,0.0,0.0,0.0,epa_udds,PPO_seed42
377,17.8305,-977.9560759846163,0.0,0.0,0.49046665069262674,25.02072698261131,-0.001838263300722963,0.0,0.009191316503614815,0.0,0.0,0.0,epa_udds,PPO_seed42
378,17.6282,-352.5582902603571,0.0,0.0,0.4904644308967515,25.02073489213196,-0.000662703553120972,0.0,0.00331351776560486,0.0,0.0,0.0,epa_udds,PPO_seed42
379,17.3986,0.0,0.0,340.4755914256543,0.4904644308967515,25.020741965804156,0.0,0.0,0.0,0.0,0.0,0.0,epa_udds,PPO_seed42
380,17.1361,0.0,0.0,1032.308163058137,0.4904644308967515,25.020748322728018,0.0,0.0,0.0,0.0,0.0,0.0,epa_udds,PPO_seed42
381,16.8377,1763.357603040691,0.0,0.0,0.49047553287020945,25.020756954977692,0.09543344380967589,0.0,0.016572909803014013,0.07053430412162764,0.0,0.0,epa_udds,PPO_seed42
382,16.5034,2469.5210244840678,0.0,0.0,0.49049108044782486,25.02076758593104,0.1336512205581678,0.0,0.023209784064699885,0.09878084097936271,0.0,0.0,epa_udds,PPO_seed42
383,16.1362,3090.7530556751035,0.0,0.0,0.4905105386978368,25.020780641048123,0.1672724849229278,0.0,0.029048430974390072,0.12363012222700415,0.0,0.0,epa_udds,PPO_seed42
384,15.7417,3580.027566292676,0.0,0.0,0.49053307666332074,25.02079594356118,0.19375216858777955,0.0,0.033646875623051464,0.14320110265170705,0.0,0.0,epa_udds,PPO_seed42
385,15.3275,3907.2315871198,0.0,0.0,0.4905576738804954,25.02081274714161,0.2114605486021678,0.0,0.03672210138270489,0.156289263484792,0.0,0.0,epa_udds,PPO_seed42
386,14.9032,4048.304731595879,0.0,0.0,0.4905831585129403,25.020829839241838,0.21909546960922657,0.0,0.038047976800713146,0.16193218926383515,0.0,0.0,epa_udds,PPO_seed42
387,14.4789,4009.201533902824,0.0,0.0,0.4906083963177881,25.020845920916088,0.21697919278971822,0.0,0.037680465544199473,0.16036806135611295,0.0,0.0,epa_udds,PPO_seed42
388,14.0647,3805.563206811867,0.0,0.0,0.4906323516150028,25.02085985775387,0.205958225282946,0.0,0.035766571492592734,0.15222252827247468,0.0,0.0,epa_udds,PPO_seed42
389,13.6701,3461.8260529698546,0.0,0.0,0.49065414262986146,25.020870871624588,0.18735506713742114,0.0,0.03253595914445352,0.1384730421187942,0.0,0.0,epa_udds,PPO_seed42
390,13.303,3014.702011458993,0.0,0.0,0.49067311873351144,25.0208786673251,0.16315657953745738,0.0,0.02833366552123114,0.12058808045835973,0.0,0.0,epa_udds,PPO_seed42
391,12.9687,2510.5783508008203,0.0,0.0,0.4906889213080683,25.020883427111908,0.13587325540649853,0.0,0.023595661191737033,0.10042313403203282,0.0,0.0,epa_udds,PPO_seed42
392,12.6334,2505.5718194208275,0.0,0.0,0.49070469209529305,25.020887834485276,0.13560230042248958,0.0,0.023548607325383716,0.1002228727768331,0.0,0.0,epa_udds,PPO_seed42
393,12.334,1989.1646831932442,0.0,0.0,0.49071721225738435,25.020889747767747,0.10765419089943587,0.0,0.018695156796928986,0.07956658732772977,0.0,0.0,epa_udds,PPO_seed42
394,12.0675,1534.6294773417833,0.0,0.0,0.49072687135274007,25.0208899046261,0.08305460885643727,0.0,0.014423209373513001,0.06138517909367133,0.0,0.0,epa_udds,PPO_seed42
395,11.8284,1169.745116259563,0.0,0.0,0.49073423374157876,25.020888932335282,0.06330695749501003,0.0,0.010993845077627473,0.04678980465038252,0.0,0.0,epa_udds,PPO_seed42
396,11.6089,48.11291582882404,0.0,870.282676549317,0.49073453656154287,25.020886506544553,0.0026038854747058304,0.0,0.00045218905854157933,0.0019245166331529617,0.0,0.0,epa_udds,PPO_seed42
397,11.3995,0.0,0.0,796.0497134694991,0.49073453656154287,25.020883982395485,0.0,0.0,0.0,0.0,0.0,0.0,epa_udds,PPO_seed42
398,11.1902,0.0,0.0,802.5017371807019,0.49073453656154287,25.020881370625375,0.0,0.0,0.0,0.0,0.0,0.0,epa_udds,PPO_seed42
399,10.9706,935.8341292394324,0.0,0.0,0.49074042653868427,25.020879505955627,0.05064762452831153,0.0,0.008795433545483388,0.03743336516957729,0.0,0.0,epa_udds,PPO_seed42
400,10.7315,1173.3070812436786,0.0,0.0,0.4907478110627624,25.020878000560003,0.06349973211121804,0.0,0.011027322192139836,0.046932283249747145,0.0,0.0,epa_udds,PPO_seed42
401,10.465,1490.259951270666,0.0,0.0,0.49075719032559584,25.020877179725158,0.08065331676125002,0.0,0.014006202549536335,0.05961039805082664,0.0,0.0,epa_udds,PPO_seed42
402,10.1656,1848.6970132268846,0.0,0.0,0.4907688253667963,25.020877375689842,0.10005203835494073,0.0,0.017374971928824104,0.07394788052907539,0.0,0.0,epa_udds,PPO_seed42
403,9.8303,2210.7828121058624,0.0,0.0,0.49078273909055653,25.020878845823187,0.11964823068825561,0.0,0.02077803394836337,0.0884313124842345,0.0,0.0,epa_udds,PPO_seed42
404,9.4592,2535.1675165710035,0.0,0.0,0.4907986941592093,25.02088165702871,0.13720402845321866,0.0,0.023826762373787627,0.10140670066284015,0.0,0.0,epa_udds,PPO_seed42
405,9.0551,2790.1225963664956,0.0,0.0,0.49081625356016906,25.020885641593637,0.1510022740499702,0.0,0.026222956732767817,0.11160490385465982,0.0,0.0,epa_udds,PPO_seed42
406,8.6237,2948.62239769097,0.0,0.0,0.49083481021770076,25.020890383479006,0.1595803309667639,0.0,0.027712616519651973,0.1179448959076388,0.0,0.0,epa_udds,PPO_seed42
407,8.1727,2999.9422873429858,0.0,0.0,0.4908536895928585,25.02089532225256,0.1623577788292843,0.0,0.028194946309614527,0.11999769149371943,0.0,0.0,epa_udds,PPO_seed42
408,7.7114,2943.4106891120923,0.0,0.0,0.4908722129545591,25.02089986486802,0.15929827173104388,0.0,0.027663634296166282,0.11773642756448369,0.0,0.0,epa_udds,PPO_seed42
409,7.2502,2787.666978520826,0.0,0.0,0.49088975597323786,25.02090349942791,0.15086937527363084,0.0,0.026199877617676937,0.11150667914083304,0.0,0.0,epa_udds,PPO_seed42
410,6.7992,2554.7612992766644,0.0,0.0,0.49090583310824093,25.020905907601936,0.138264449866116,0.0,0.024010914466885944,0.10219045197106658,0.0,0.0,epa_udds,PPO_seed42
411,6.3677,2268.820244242853,0.0,0.0,0.4909201106625712,25.020906974663436,0.12278923397037636,0.0,0.02132349853611704,0.09075280976971412,0.0,0.0,epa_udds,PPO_seed42
412,5.9637,1953.7270807716907,0.0,0.0,0.49093240523993686,25.020906757603072,0.10573629719845586,0.0,0.018362096623794084,0.07814908323086762,0.0,0.0,epa_udds,PPO_seed42
413,5.5926,1636.1960702485421,0.0,0.0,0.49094270155033704,25.02090544523459,0.08855142341089478,0.0,0.015377782615117876,0.06544784280994169,0.0,0.0,epa_udds,PPO_seed42
414,5.2573,1335.3715308155308,0.0,0.0,0.49095110476681975,25.02090327652399,0.07227070886323451,0.0,0.01255048431217604,0.053414861232621236,0.0,0.0,epa_udds,PPO_seed42
415,4.9578,1066.908824176831,0.0,0.0,0.49095781856750387,25.020900491363754,0.05774142643928443,0.0,0.010027338573090518,0.04267635296707324,0.0,0.0,epa_udds,PPO_seed42
416,4.6913,841.2576152121816,0.0,0.0,0.49096311237712453,25.020897295370585,0.04552911514509235,0.0,0.007906556533949075,0.033650304608487266,0.0,0.0,epa_udds,PPO_seed42
417,4.4522,665.8588357628705,0.0,0.0,0.49096730243524384,25.020893847578588,0.03603648044978302,0.0,0.006258071764688632,0.02663435343051482,0.0,0.0,epa_udds,PPO_seed42
418,4.2327,543.5189944867741,0.0,0.0,0.4909707226350958,25.02089025915097,0.029415411445983457,0.0,0.005108261226379455,0.021740759779470965,0.0,0.0,epa_udds,PPO_seed42
419,4.0234,473.61272522530635,0.0,0.0,0.49097370292984094,25.020886603397003,0.02563206312911094,0.0,0.004451247417531075,0.018944509009012254,0.0,0.0,epa_udds,PPO_seed42
420,3.814,452.03122424411606,0.0,0.0,0.4909765474139954,25.020882929032766,0.024464065805331933,0.0,0.00424841376169282,0.01808124896976464,0.0,0.0,epa_udds,PPO_seed42
421,3.5945,469.1433553563291,0.0,0.0,0.4909794995743179,25.020879270088408,0.0253901794876305,0.0,0.004409242061619635,0.018765734214253163,0.0,0.0,epa_udds,PPO_seed42
422,3.3554,513.9468300360732,0.0,0.0,0.4909827336623868,25.020875653495636,0.027814957012027474,0.0,0.004830327349963094,0.020557873201442926,0.0,0.0,epa_udds,PPO_seed42
423,3.0889,570.1572536476368,0.0,0.0,0.49098632145671933,25.020872095420856,0.030857082043275856,0.0,0.005358620804958992,0.02280629014590547,0.0,0.0,epa_udds,PPO_seed42
424,2.7894,620.0428344722509,0.0,0.0,0.4909902231556248,25.020868594609382,0.03355690468068618,0.0,0.0058274702487993504,0.024801713378890037,0.0,0.0,epa_udds,PPO_seed42
425,2.0117,1527.7747778531636,0.0,0.0,0.4909998368545582,25.020866939775452,0.0826836304585494,0.0,0.014358785506138757,0.061110991114126545,0.0,0.0,epa_udds,PPO_seed42
426,1.6764,443.3715149552526,0.0,0.0,0.4910026268066642,25.02086326581256,0.0239953997341948,0.0,0.0041670255164967356,0.017734860598210105,0.0,0.0,epa_udds,PPO_seed42
427,1.3411,355.2643772299638,0.0,0.0,0.49100486233461654,25.02085952685409,0.019227014942114883,0.0,0.0033389509138154493,0.014210575089198553,0.0,0.0,epa_udds,PPO_seed42
428,1.0058,266.7755776545454,0.0,0.0,0.49100654103867725,25.02085573719139,0.014437974495920432,0.0,0.002507289263670539,0.010671023106181815,0.0,0.0,epa_udds,PPO_seed42
429,0.6706,177.9519410970015,0.0,0.0,0.4910076608131834,25.020851911276004,0.009630812571550502,0.0,0.001672480649407909,0.00711807764388006,0.0,0.0,epa_udds,PPO_seed42
430,0.3353,89.06123543712516,0.0,0.0,0.491008221236861,25.020848063749092,0.00482002084719118,0.0,0.0008370416864391463,0.0035624494174850067,0.0,0.0,epa_udds,PPO_seed42
431,0.0,0.0,0.0,0.0,0.491008221236861,25.020844209282966,0.0,0.0,0.0,0.0,0.0,0.0,epa_udds,PPO_seed42
432,0.0,0.0,0.0,0.0,0.491008221236861,25.020840355118523,0.0,0.0,0.0,0.0,0.0,0.0,epa_udds,PPO_seed42
433,0.0,0.0,0.0,0.0,0.491008221236861,25.02083650128272,0.0,0.0,0.0,0.0,0.0,0.0,epa_udds,PPO_seed42
434,0.0,0.0,0.0,0.0,0.491008221236861,25.02083264780074,0.0,0.0,0.0,0.0,0.0,0.0,epa_udds,PPO_seed42
435,0.0,0.0,0.0,0.0,0.491008221236861,25.02082879469611,0.0,0.0,0.0,0.0,0.0,0.0,epa_udds,PPO_seed42
436,0.0,0.0,0.0,0.0,0.491008221236861,25.020824941990803,0.0,0.0,0.0,0.0,0.0,0.0,epa_udds,PPO_seed42
437,0.0,0.0,0.0,0.0,0.491008221236861,25.020821089705343,0.0,0.0,0.0,0.0,0.0,0.0,epa_udds,PPO_seed42
438,0.0,0.0,0.0,0.0,0.491008221236861,25.0208172378589,0.0,0.0,0.0,0.0,0.0,0.0,epa_udds,PPO_seed42
439,0.0,0.0,0.0,0.0,0.491008221236861,25.02081338646938,0.0,0.0,0.0,0.0,0.0,0.0,epa_udds,PPO_seed42
440,0.0,0.0,0.0,0.0,0.491008221236861,25.020809535553507,0.0,0.0,0.0,0.0,0.0,0.0,epa_udds,PPO_seed42
441,0.0,0.0,0.0,0.0,0.491008221236861,25.0208056851269,0.0,0.0,0.0,0.0,0.0,0.0,epa_udds,PPO_seed42
442,0.0,0.0,0.0,0.0,0.491008221236861,25.020801835204136,0.0,0.0,0.0,0.0,0.0,0.0,epa_udds,PPO_seed42
443,0.0,0.0,0.0,0.0,0.491008221236861,25.020797985798843,0.0,0.0,0.0,0.0,0.0,0.0,epa_udds,PPO_seed42
444,0.0,0.0,0.0,0.0,0.491008221236861,25.02079413692374,0.0,0.0,0.0,0.0,0.0,0.0,epa_udds,PPO_seed42
445,0.0,0.0,0.0,0.0,0.491008221236861,25.0207902885907,0.0,0.0,0.0,0.0,0.0,0.0,epa_udds,PPO_seed42
446,0.0,0.0,0.0,0.0,0.491008221236861,25.020786440810813,0.0,0.0,0.0,0.0,0.0,0.0,epa_udds,PPO_seed42
447,0.0,0.0,0.0,0.0,0.491008221236861,25.020782593594433,0.0,0.0,0.0,0.0,0.0,0.0,epa_udds,PPO_seed42
448,0.0,0.0,0.0,0.0,0.491008221236861,25.02077874695123,0.0,0.0,0.0,0.0,0.0,0.0,epa_udds,PPO_seed42
449,0.0,0.0,0.0,0.0,0.491008221236861,25.020774900890224,0.0,0.0,0.0,0.0,0.0,0.0,epa_udds,PPO_seed42
450,0.0,0.0,0.0,0.0,0.491008221236861,25.02077105541984,0.0,0.0,0.0,0.0,0.0,0.0,epa_udds,PPO_seed42
451,0.0,0.0,0.0,0.0,0.491008221236861,25.020767210547938,0.0,0.0,0.0,0.0,0.0,0.0,epa_udds,PPO_seed42
452,0.0,0.0,0.0,0.0,0.491008221236861,25.020763366281862,0.0,0.0,0.0,0.0,0.0,0.0,epa_udds,PPO_seed42
453,0.0,0.0,0.0,0.0,0.491008221236861,25.02075952262846,0.0,0.0,0.0,0.0,0.0,0.0,epa_udds,PPO_seed42
454,0.0,0.0,0.0,0.0,0.491008221236861,25.02075567959412,0.0,0.0,0.0,0.0,0.0,0.0,epa_udds,PPO_seed42
455,0.0,0.0,0.0,0.0,0.491008221236861,25.020751837184807,0.0,0.0,0.0,0.0,0.0,0.0,epa_udds,PPO_seed42
456,0.0,0.0,0.0,0.0,0.491008221236861,25.020747995406087,0.0,0.0,0.0,0.0,0.0,0.0,epa_udds,PPO_seed42
457,0.0,0.0,0.0,0.0,0.491008221236861,25.020744154263152,0.0,0.0,0.0,0.0,0.0,0.0,epa_udds,PPO_seed42
458,0.0,0.0,0.0,0.0,0.491008221236861,25.020740313760843,0.0,0.0,0.0,0.0,0.0,0.0,epa_udds,PPO_seed42
459,0.0,0.0,0.0,0.0,0.491008221236861,25.020736473903675,0.0,0.0,0.0,0.0,0.0,0.0,epa_udds,PPO_seed42
460,0.0,0.0,0.0,0.0,0.491008221236861,25.020732634695857,0.0,0.0,0.0,0.0,0.0,0.0,epa_udds,PPO_seed42
461,0.0,0.0,0.0,0.0,0.491008221236861,25.02072879614132,0.0,0.0,0.0,0.0,0.0,0.0,epa_udds,PPO_seed42
462,0.0,0.0,0.0,0.0,0.491008221236861,25.020724958243722,0.0,0.0,0.0,0.0,0.0,0.0,epa_udds,PPO_seed42
463,0.0,0.0,0.0,0.0,0.491008221236861,25.020721121006478,0.0,0.0,0.0,0.0,0.0,0.0,epa_udds,PPO_seed42
464,0.0,0.0,0.0,0.0,0.491008221236861,25.020717284432763,0.0,0.0,0.0,0.0,0.0,0.0,epa_udds,PPO_seed42
465,0.0,0.0,0.0,0.0,0.491008221236861,25.020713448525544,0.0,0.0,0.0,0.0,0.0,0.0,epa_udds,PPO_seed42
466,0.0,0.0,0.0,0.0,0.491008221236861,25.02070961328758,0.0,0.0,0.0,0.0,0.0,0.0,epa_udds,PPO_seed42
467,0.0,0.0,0.0,0.0,0.491008221236861,25.02070577872144,0.0,0.0,0.0,0.0,0.0,0.0,epa_udds,PPO_seed42
468,0.0,0.0,0.0,0.0,0.491008221236861,25.020701944829515,0.0,0.0,0.0,0.0,0.0,0.0,epa_udds,PPO_seed42
469,0.0,0.0,0.0,0.0,0.491008221236861,25.02069811161404,0.0,0.0,0.0,0.0,0.0,0.0,epa_udds,PPO_seed42
470,0.0,0.0,0.0,0.0,0.491008221236861,25.02069427907708,0.0,0.0,0.0,0.0,0.0,0.0,epa_udds,PPO_seed42
471,0.0,0.0,0.0,0.0,0.491008221236861,25.020690447220566,0.0,0.0,0.0,0.0,0.0,0.0,epa_udds,PPO_seed42
472,0.3193,-207.33701717584267,0.0,0.0,0.491006916542532,25.020686656719505,-0.0003897312352929374,0.0,0.0019486561764646868,0.0,0.0,0.0,epa_udds,PPO_seed42
473,0.6386,-414.7884840734083,0.0,0.0,0.4910043064315301,25.020682988865516,-0.000779677601641745,0.0,0.003898388008208725,0.0,0.0,0.0,epa_udds,PPO_seed42
474,0.9579,-622.4688504144196,0.0,0.0,0.4910003894585935,25.020679525322482,-0.0011700542301022925,0.0,0.0058502711505114624,0.0,0.0,0.0,epa_udds,PPO_seed42
475,1.2773,-830.7564726946258,0.0,0.0,0.4909951617949632,25.020676348807292,-0.0015615723170951615,0.0,0.007807861585475807,0.0,0.0,0.0,epa_udds,PPO_seed42
476,1.5966,-1039.0394572799585,0.0,0.0,0.4909886234597618,25.020673541816656,-0.0019530816866164633,0.0,0.009765408433082316,0.0,0.0,0.0,epa_udds,PPO_seed42
477,1.9159,-1248.0934174289641,0.0,0.0,0.4909807695889812,25.020671189006407,-0.0023460402583251206,0.0,0.011730201291625603,0.0,0.0,0.0,epa_udds,PPO_seed42
478,2.2352,-1457.8341117522539,0.0,0.0,0.4909715958462993,25.02066937610944,-0.0027402896837448384,0.0,0.01370144841872419,0.0,0.0,0.0,epa_udds,PPO_seed42
479,2.112,55.39805798596547,0.0,0.0,0.4909719444524435,25.02066555973021,0.002998159559270522,0.0,0.0005206584397177206,0.0022159223194386187,0.0,0.0,epa_udds,PPO_seed42
480,2.4313,-1587.0374385056955,0.0,0.0,0.4909619576289523,25.02066412353162,-0.002983153079897924,0.0,0.01491576539948962,0.0,0.0,0.0,epa_udds,PPO_seed42
481,2.7865,-1977.5318327786042,0.0,0.0,0.490949513460554,25.020664010403532,-0.0037171650992079024,0.0,0.018585825496039512,0.0,0.0,0.0,epa_udds,PPO_seed42
482,3.1746,-2419.732339295894,0.0,0.0,0.49093428652731896,25.02066574652444,-0.004548369058826868,0.0,0.02274184529413434,0.0,0.0,0.0,epa_udds,PPO_seed42
483,3.5901,-2895.36410927903,0.0,0.0,0.4909160663916465,25.020669889090474,-0.005442413739246297,0.0,0.027212068696231485,0.0,0.0,0.0,epa_udds,PPO_seed42
484,4.0251,-3376.0929951145554,0.0,0.0,0.4908948209019434,25.02067690584647,-0.006346039464501044,0.0,0.03173019732250522,0.0,0.0,0.0,epa_udds,PPO_seed42
485,4.4704,-3831.1281473513654,0.0,0.0,0.4908707116598164,25.020687056572115,-0.0072013686980288835,0.0,0.036006843490144415,0.0,0.0,0.0,epa_udds,PPO_seed42
486,4.9157,-4224.7887717866015,0.0,0.0,0.49084412480480616,25.020700250316604,-0.007941332277794364,0.0,0.03970666138897182,0.0,0.0,0.0,epa_udds,PPO_seed42
487,5.3507,-4526.92039760354,0.0,0.0,0.49081563625409974,25.020716001240476,-0.008509248867675828,0.0,0.042546244338379134,0.0,0.0,0.0,epa_udds,PPO_seed42
488,5.7662,-4719.149754193481,0.0,0.0,0.49078593757856626,25.020733502444404,-0.00887058224472459,0.0,0.04435291122362295,0.0,0.0,0.0,epa_udds,PPO_seed42
489,6.1543,-4791.150381863096,0.0,0.0,0.49075578537420117,25.020751732312597,-0.009005921770419353,0.0,0.04502960885209677,0.0,0.0,0.0,epa_udds,PPO_seed42
490,6.5095,-4751.690839418933,0.0,0.0,0.49072588109634724,25.020769696346154,-0.00893174969815589,0.0,0.04465874849077945,0.0,0.0,0.0,epa_udds,PPO_seed42
491,6.8288,-4620.458927092923,0.0,0.0,0.49069680233500584,25.020786593258965,-0.008685073171227298,0.0,0.04342536585613649,0.0,0.0,0.0,epa_udds,PPO_seed42
492,7.1122,-4431.499466183216,0.0,0.0,0.4906689124467617,25.02080197059287,-0.008329886214630105,0.0,0.04164943107315053,0.0,0.0,0.0,epa_udds,PPO_seed42
493,7.3628,-4227.627770709264,0.0,0.0,0.4906423053395124,25.02081577513055,-0.007946668741934707,0.0,0.03973334370967353,0.0,0.0,0.0,epa_udds,PPO_seed42
494,7.5859,-4046.045449347648,0.0,0.0,0.4906168407855546,25.02082825222066,-0.007605348588999339,0.0,0.038026742944996694,0.0,0.0,0.0,epa_udds,PPO_seed42
495,7.7895,-3932.645144298794,0.0,0.0,0.49059208971001605,25.020839963119613,-0.0073921901208623955,0.0,0.036960950604311975,0.0,0.0,0.0,epa_udds,PPO_seed42
496,7.9829,-3917.8926130541313,0.0,0.0,0.490567431272279,25.02085165166814,-0.007364459798973932,0.0,0.036822298994869655,0.0,0.0,0.0,epa_udds,PPO_seed42
497,8.1762,-4026.4542963020635,0.0,0.0,0.49054208935949833,25.020864244093698,-0.007568523113349744,0.0,0.03784261556674872,0.0,0.0,0.0,epa_udds,PPO_seed42
498,8.3798,-4277.533596907023,0.0,0.0,0.49051516696402436,25.020878902669228,-0.008040476685915458,0.0,0.040202383429577285,0.0,0.0,0.0,epa_udds,PPO_seed42
499,8.6029,-4671.4706679936435,0.0,0.0,0.49048576489950624,25.020897002299563,-0.00878095990224369,0.0,0.04390479951121845,0.0,0.0,0.0,epa_udds,PPO_seed42
500,8.8535,-5208.976654949728,0.0,0.0,0.4904529794587803,25.02092025181314,-0.009791309501785203,0.0,0.048956547508926015,0.0,0.0,0.0,epa_udds,PPO_seed42
501,9.1369,-5869.197081609829,0.0,0.0,0.49041603813866463,25.020950574617636,-0.01103232534137186,0.0,0.0551616267068593,0.0,0.0,0.0,epa_udds,PPO_seed42
502,9.4563,-6636.826441446977,0.0,0.0,0.4903742647088063,25.02099017056425,-0.012475237671892814,0.0,0.06237618835946407,0.0,0.0,0.0,epa_udds,PPO_seed42
503,9.8114,-7470.245124258345,0.0,0.0,0.49032724483344614,25.021041127208516,-0.014041814143342754,0.0,0.07020907071671377,0.0,0.0,0.0,epa_udds,PPO_seed42
504,10.1995,-8335.727408602781,0.0,0.0,0.4902747763958589,25.021105319358032,-0.01566866054248643,0.0,0.07834330271243216,0.0,0.0,0.0,epa_udds,PPO_seed42
505,10.615,-9181.530000701148,0.0,0.0,0.4902169829259288,25.02118388610107,-0.017258515038911935,0.0,0.08629257519455967,0.0,0.0,0.0,epa_udds,PPO_seed42
506,11.0501,-9955.814062289206,0.0,0.0,0.49015431423954675,25.021276898643368,-0.01871393620731054,0.0,0.0935696810365527,0.0,0.0,0.0,epa_udds,PPO_seed42
507,11.3037,-7030.4369799100195,0.0,0.0,0.4901100587534937,25.021323352196905,-0.01321510710509402,0.0,0.0660755355254701,0.0,0.0,0.0,epa_udds,PPO_seed42
508,11.5574,-7229.303331479496,0.0,0.0,0.4900645507807567,25.021372773784154,-0.013588916036615595,0.0,0.06794458018307797,0.0,0.0,0.0,epa_udds,PPO_seed42
509,11.8009,-7233.704616776825,0.0,0.0,0.4900190144339128,25.02142255526898,-0.013597189129279747,0.0,0.06798594564639873,0.0,0.0,0.0,epa_udds,PPO_seed42
510,12.0248,-7041.915417210019,0.0,0.0,0.4899746847714434,25.021470045031215,-0.013236683115056429,0.0,0.06618341557528214,0.0,0.0,0.0,epa_udds,PPO_seed42
511,12.2213,-6670.208393581705,0.0,0.0,0.4899326944917754,25.021512993106384,-0.012537985702221253,0.0,0.06268992851110626,0.0,0.0,0.0,epa_udds,PPO_seed42
512,12.3848,-6152.886780999301,0.0,0.0,0.48989396040553584,25.021549910817118,-0.011565576656013724,0.0,0.05782788328006862,0.0,0.0,0.0,epa_udds,PPO_seed42
513,12.5126,-5544.841815873003,0.0,0.0,0.48985905379634836,25.02158029625451,-0.010422634992242488,0.0,0.052113174961212434,0.0,0.0,0.0,epa_udds,PPO_seed42
514,12.6044,-4896.705128892894,0.0,0.0,0.4898282272024298,25.021604418434485,-0.009204332949046793,0.0,0.04602166474523397,0.0,0.0,0.0,epa_udds,PPO_seed42
515,12.6634,-4284.5734044746205,0.0,0.0,0.48980125408090847,25.021623301860675,-0.00805370940690718,0.0,0.040268547034535904,0.0,0.0,0.0,epa_udds,PPO_seed42
516,12.6949,-3758.1135182445787,0.0,0.0,0.48977759517920627,25.0216382008497,-0.007064123154595073,0.0,0.035320615772975364,0.0,0.0,0.0,epa_udds,PPO_seed42
517,12.7069,-3378.4928993066865,0.0,0.0,0.4897563261361306,25.02165051057033,-0.006350550562606554,0.0,0.03175275281303277,0.0,0.0,0.0,epa_udds,PPO_seed42
518,12.7087,-3177.667449505533,0.0,0.0,0.48973632138848694,25.02166151600983,-0.005973059115611905,0.0,0.02986529557805952,0.0,0.0,0.0,epa_udds,PPO_seed42
519,12.7105,-3178.458291136144,0.0,0.0,0.48971631168910135,25.02167245275404,-0.005974545660030347,0.0,0.02987272830015173,0.0,0.0,0.0,epa_udds,PPO_seed42
520,12.7225,-3385.5979364088944,0.0,0.0,0.489694997987537,25.02168460653296,-0.006363905895505441,0.0,0.031819529477527204,0.0,0.0,0.0,epa_udds,PPO_seed42
521,12.754,-3786.8491742846145,0.0,0.0,0.48967115825897806,25.02169943628165,-0.007118137545647773,0.0,0.03559068772823886,0.0,0.0,0.0,epa_udds,PPO_seed42
522,12.813,-4363.804094375905,0.0,0.0,0.48964368634155436,25.021718707297154,-0.008202639275142679,0.0,0.04101319637571339,0.0,0.0,0.0,epa_udds,PPO_seed42
523,12.9048,-5071.352885456363,0.0,0.0,0.4896117600214561,25.02174433995043,-0.009532618205745044,0.0,0.047663091028725214,0.0,0.0,0.0,epa_udds,PPO_seed42
524,13.0326,-5876.7152417495,0.0,0.0,0.48957476340291406,25.021778424353123,-0.011046457221333648,0.0,0.055232286106668235,0.0,0.0,0.0,epa_udds,PPO_seed42
525,13.1961,-6716.424189551303,0.0,0.0,0.48953248008897876,25.02182269569394,-0.012624857499156587,0.0,0.06312428749578293,0.0,0.0,0.0,epa_udds,PPO_seed42
526,13.3927,-7547.085038812704,0.0,0.0,0.48948496682770626,25.021878435157483,-0.014186250072956211,0.0,0.07093125036478105,0.0,0.0,0.0,epa_udds,PPO_seed42
527,13.6166,-8299.75990719461,0.0,0.0,0.4894327143418784,25.021945794455824,-0.015601052457132725,0.0,0.07800526228566362,0.0,0.0,0.0,epa_udds,PPO_seed42
528,13.86,-8922.854329696987,0.0,0.0,0.4893765381830883,25.02202371288764,-0.016772282574618397,0.0,0.08386141287309198,0.0,0.0,0.0,epa_udds,PPO_seed42
529,14.1137,-9371.00719314252,0.0,0.0,0.48931753953308454,25.02210985421627,-0.017614675175079923,0.0,0.08807337587539961,0.0,0.0,0.0,epa_udds,PPO_seed42
530,14.3674,-9600.285798383,0.0,0.0,0.48925709625618097,25.02220062050465,-0.018045649996960525,0.0,0.09022824998480262,0.0,0.0,0.0,epa_udds,PPO_seed42
531,14.6108,-9589.21351566992,0.0,0.0,0.4891967215555669,25.02229171589933,-0.018024837435469777,0.0,0.09012418717734888,0.0,0.0,0.0,epa_udds,PPO_seed42
532,14.8347,-9343.4838475015,0.0,0.0,0.4891378929218416,25.022378933263248,-0.017562939562972748,0.0,0.08781469781486373,0.0,0.0,0.0,epa_udds,PPO_seed42
533,15.0312,-8878.273263083942,0.0,0.0,0.4890819924124215,25.022458619235554,-0.016688483577225455,0.0,0.08344241788612727,0.0,0.0,0.0,epa_udds,PPO_seed42
534,15.1948,-8241.29620888587,0.0,0.0,0.4890301017498997,25.022528414666017,-0.015491158287379453,0.0,0.07745579143689726,0.0,0.0,0.0,epa_udds,PPO_seed42
535,15.3225,-7489.87028371183,0.0,0.0,0.48898294180491336,25.02258736868029,-0.014078703540811711,0.0,0.07039351770405855,0.0,0.0,0.0,epa_udds,PPO_seed42
536,15.4144,-6701.895023082153,0.0,0.0,0.4889407429520519,25.022635986368645,-0.01259754703586871,0.0,0.06298773517934354,0.0,0.0,0.0,epa_udds,PPO_seed42
537,15.4733,-5949.702515842301,0.0,0.0,0.4889032800843074,25.022675741801372,-0.011183651345568237,0.0,0.055918256727841176,0.0,0.0,0.0,epa_udds,PPO_seed42
538,15.5049,-5312.305370542763,0.0,0.0,0.4888698305290435,25.022708751025192,-0.009985536410794667,0.0,0.049927682053973334,0.0,0.0,0.0,epa_udds,PPO_seed42
539,15.5169,-4846.708481425383,0.0,0.0,0.48883931261974045,25.02273725144018,-0.009110354288393577,0.0,0.045551771441967884,0.0,0.0,0.0,epa_udds,PPO_seed42
540,15.5187,-4601.548661464306,0.0,0.0,0.4888103383989092,25.022763472043078,-0.008649527559143434,0.0,0.043247637795717164,0.0,0.0,0.0,epa_udds,PPO_seed42
541,15.5205,-4602.590498277147,0.0,0.0,0.48878135764968145,25.022789588707916,-0.008651485899017194,0.0,0.04325742949508597,0.0,0.0,0.0,epa_udds,PPO_seed42
542,14.8832,7597.148744036761,0.0,0.0,0.48882919393723423,25.02285020555311,0.4111599748840346,0.0,0.07140177391011994,0.30388594976147043,0.0,0.0,epa_udds,PPO_seed42
543,14.2655,7077.050221274539,0.0,0.0,0.4888737534344463,25.022902012263373,0.38301208641153484,0.0,0.06651362989919679,0.28308200885098156,0.0,0.0,epa_udds,PPO_seed42
544,13.6751,6461.198160866118,0.0,0.0,0.4889144336839651,25.022944575244114,0.3496819876835663,0.0,0.06072554662468156,0.2584479264346447,0.0,0.0,epa_udds,PPO_seed42
545,13.1177,5795.657985607568,0.0,0.0,0.4889509222937744,25.02297827937626,0.3136627532361148,0.0,0.05447046978954481,0.2318263194243027,0.0,0.0,epa_udds,PPO_seed42
546,12.5962,5130.043512225042,0.0,0.0,0.48898321921656007,25.02300415229693,0.27763949775184843,0.0,0.04821469466376919,0.20520174048900167,0.0,0.0,epa_udds,PPO_seed42
547,12.1105,4507.962095966832,0.0,0.0,0.4890115988864853,25.023023565109114,0.24397226441179892,0.0,0.04236806481171834,0.18031848383867327,0.0,0.0,epa_udds,PPO_seed42
548,11.6577,3962.7823548031733,0.0,0.0,0.48903654573219907,25.023037957087553,0.21446697285618976,0.0,0.0372441950639396,0.15851129419212692,0.0,0.0,epa_udds,PPO_seed42
549,11.2323,3519.6235971744277,0.0,0.0,0.4890587022327483,25.023048670658415,0.1904830876124927,0.0,0.0330791691463762,0.1407849438869771,0.0,0.0,epa_udds,PPO_seed42
550,10.8265,3195.690097904617,0.0,0.0,0.4890788190898028,25.02305687250836,0.17295170920840172,0.0,0.030034681371283994,0.12782760391618467,0.0,0.0,epa_udds,PPO_seed42
551,10.4309,2996.7643750627567,0.0,0.0,0.48909768333287484,25.023063523155944,0.1621857892609152,0.0,0.028165078712995832,0.11987057500251026,0.0,0.0,epa_udds,PPO_seed42
552,10.0353,2917.38835495503,0.0,0.0,0.48911604757117016,25.02306939562962,0.15788993518019778,0.0,0.027419063486419457,0.11669553419820121,0.0,0.0,epa_udds,PPO_seed42
553,9.6295,2941.843949873226,0.0,0.0,0.48913456542150713,25.023075108796963,0.15921347933223667,0.0,0.027648909303319792,0.11767375799492903,0.0,0.0,epa_udds,PPO_seed42
554,9.2041,3045.0420676464432,0.0,0.0,0.48915373253457517,25.02308114170564,0.1647985925031511,0.0,0.028618816425248526,0.12180168270585773,0.0,0.0,epa_udds,PPO_seed42
555,8.7514,3192.866987245728,0.0,0.0,0.48917382979152346,25.023087806466076,0.17279892161048682,0.0,0.030008148376369625,0.12771467948982912,0.0,0.0,epa_udds,PPO_seed42
556,8.2657,3349.9866847116537,0.0,0.0,0.4891949156651898,25.023095224539905,0.18130228689138708,0.0,0.03148483726232757,0.13399946738846616,0.0,0.0,epa_udds,PPO_seed42
557,7.7441,3477.246481564424,0.0,0.0,0.48921680217702374,25.02310326578466,0.18818962537068212,0.0,0.032680887984628045,0.13908985926257694,0.0,0.0,epa_udds,PPO_seed42
558,7.1867,3540.3549015313592,0.0,0.0,0.4892390855264209,25.02311154837255,0.19160507203926858,0.0,0.03327401223243759,0.14161419606125436,0.0,0.0,epa_udds,PPO_seed42
559,6.5964,3515.2645312260547,0.0,0.0,0.48926121058410704,25.023119508336592,0.19024717365236946,0.0,0.033038200481447885,0.1406105812490422,0.0,0.0,epa_udds,PPO_seed42
560,5.9787,3389.1552569020423,0.0,0.0,0.48928254156643997,25.02312651296539,0.18342210179835267,0.0,0.031852962940808666,0.1355662102760817,0.0,0.0,epa_udds,PPO_seed42
561,5.3414,3161.39970025204,0.0,0.0,0.48930243877711543,25.02313199828329,0.1710959025745427,0.0,0.02971240319785752,0.1264559880100816,0.0,0.0,epa_udds,PPO_seed42
562,4.6939,2844.656540243362,0.0,0.0,0.4893203422207962,25.023135598702986,0.15395366749377232,0.0,0.026735493799279718,0.11378626160973448,0.0,0.0,epa_udds,PPO_seed42
563,4.0464,2461.911683898777,0.0,0.0,0.4893358365870131,25.0231372130218,0.1332394007571684,0.0,0.023138267705815573,0.09847646735595109,0.0,0.0,epa_udds,PPO_seed42
564,3.4091,2042.0536617463051,0.0,0.0,0.48934868838384626,25.023136991212688,0.11051655832518725,0.0,0.019192233663029183,0.08168214646985221,0.0,0.0,epa_udds,PPO_seed42
565,2.7914,1615.284558217357,0.0,0.0,0.4893588541911397,25.023135259705178,0.08741968609059049,0.0,0.01518124584790749,0.06461138232869428,0.0,0.0,epa_udds,PPO_seed42
566,2.2011,1208.888163883145,0.0,0.0,0.48936646228480424,25.02313242001624,0.06542539100474344,0.0,0.011361730863563391,0.048355526555325795,0.0,0.0,epa_udds,PPO_seed42
567,2.0862,35.423336991808235,0.0,0.0,0.4893666852190559,25.02312818410435,0.0019171216516318472,0.0,0.00033292609954706985,0.0014169334796723294,0.0,0.0,epa_udds,PPO_seed42
568,1.5646,740.505191614679,0.0,0.0,0.4893713455298869,25.023124463382842,0.04007636367851473,0.0,0.006959635259536457,0.02962020766458716,0.0,0.0,epa_udds,PPO_seed42
569,1.0431,494.16753952397613,0.0,0.0,0.489374455522753,25.023120447023185,0.026744495860853985,0.0,0.0046444317624433845,0.019766701580959046,0.0,0.0,epa_udds,PPO_seed42
570,0.5215,247.29804405287015,0.0,0.0,0.48937601186348345,25.023116252482165,0.013383844519492928,0.0,0.002324229737339005,0.009891921762114807,0.0,0.0,epa_udds,PPO_seed42
571,0.0,0.0,0.0,0.0,0.48937601186348345,25.023111997349673,0.0,0.0,0.0,0.0,0.0,0.0,epa_udds,PPO_seed42
572,0.0,0.0,0.0,0.0,0.48937601186348345,25.02310774132334,0.0,0.0,0.0,0.0,0.0,0.0,epa_udds,PPO_seed42
573,0.0,0.0,0.0,0.0,0.48937601186348345,25.023103484513584,0.0,0.0,0.0,0.0,0.0,0.0,epa_udds,PPO_seed42
574,0.0,0.0,0.0,0.0,0.48937601186348345,25.023099227023575,0.0,0.0,0.0,0.0,0.0,0.0,epa_udds,PPO_seed42
575,0.0,0.0,0.0,0.0,0.48937601186348345,25.023094968949714,0.0,0.0,0.0,0.0,0.0,0.0,epa_udds,PPO_seed42
576,0.0,0.0,0.0,0.0,0.48937601186348345,25.023090710382068,0.0,0.0,0.0,0.0,0.0,0.0,epa_udds,PPO_seed42
577,0.0,0.0,0.0,0.0,0.48937601186348345,25.02308645140479,0.0,0.0,0.0,0.0,0.0,0.0,epa_udds,PPO_seed42
578,0.0,0.0,0.0,0.0,0.48937601186348345,25.02308219209651,0.0,0.0,0.0,0.0,0.0,0.0,epa_udds,PPO_seed42
579,0.0,0.0,0.0,0.0,0.48937601186348345,25.023077932530693,0.0,0.0,0.0,0.0,0.0,0.0,epa_udds,PPO_seed42
580,0.0,0.0,0.0,0.0,0.48937601186348345,25.023073672775975,0.0,0.0,0.0,0.0,0.0,0.0,epa_udds,PPO_seed42
581,0.0,0.0,0.0,0.0,0.48937601186348345,25.023069412896486,0.0,0.0,0.0,0.0,0.0,0.0,epa_udds,PPO_seed42
582,0.0,0.0,0.0,0.0,0.48937601186348345,25.023065152952142,0.0,0.0,0.0,0.0,0.0,0.0,epa_udds,PPO_seed42
583,0.0,0.0,0.0,0.0,0.48937601186348345,25.02306089299892,0.0,0.0,0.0,0.0,0.0,0.0,epa_udds,PPO_seed42
584,0.0,0.0,0.0,0.0,0.48937601186348345,25.02305663308912,0.0,0.0,0.0,0.0,0.0,0.0,epa_udds,PPO_seed42
585,0.0,0.0,0.0,0.0,0.48937601186348345,25.023052373271604,0.0,0.0,0.0,0.0,0.0,0.0,epa_udds,PPO_seed42
586,0.0,0.0,0.0,0.0,0.48937601186348345,25.02304811359202,0.0,0.0,0.0,0.0,0.0,0.0,epa_udds,PPO_seed42
587,0.0,0.0,0.0,0.0,0.48937601186348345,25.02304385409301,0.0,0.0,0.0,0.0,0.0,0.0,epa_udds,PPO_seed42
588,0.0,0.0,0.0,0.0,0.48937601186348345,25.02303959481442,0.0,0.0,0.0,0.0,0.0,0.0,epa_udds,PPO_seed42
589,0.0,0.0,0.0,0.0,0.48937601186348345,25.023035335793466,0.0,0.0,0.0,0.0,0.0,0.0,epa_udds,PPO_seed42
590,0.0,0.0,0.0,0.0,0.48937601186348345,25.02303107706492,0.0,0.0,0.0,0.0,0.0,0.0,epa_udds,PPO_seed42
591,0.0,0.0,0.0,0.0,0.48937601186348345,25.023026818661265,0.0,0.0,0.0,0.0,0.0,0.0,epa_udds,PPO_seed42
592,0.0,0.0,0.0,0.0,0.48937601186348345,25.023022560612837,0.0,0.0,0.0,0.0,0.0,0.0,epa_udds,PPO_seed42
593,0.0,0.0,0.0,0.0,0.48937601186348345,25.023018302947985,0.0,0.0,0.0,0.0,0.0,0.0,epa_udds,PPO_seed42
594,0.0,0.0,0.0,0.0,0.48937601186348345,25.023014045693184,0.0,0.0,0.0,0.0,0.0,0.0,epa_udds,PPO_seed42
595,0.0,0.0,0.0,0.0,0.48937601186348345,25.023009788873164,0.0,0.0,0.0,0.0,0.0,0.0,epa_udds,PPO_seed42
596,0.0,0.0,0.0,0.0,0.48937601186348345,25.023005532511025,0.0,0.0,0.0,0.0,0.0,0.0,epa_udds,PPO_seed42
597,0.0,0.0,0.0,0.0,0.48937601186348345,25.023001276628342,0.0,0.0,0.0,0.0,0.0,0.0,epa_udds,PPO_seed42
598,0.0,0.0,0.0,0.0,0.48937601186348345,25.022997021245267,0.0,0.0,0.0,0.0,0.0,0.0,epa_udds,PPO_seed42
599,0.0,0.0,0.0,0.0,0.48937601186348345,25.02299276638062,0.0,0.0,0.0,0.0,0.0,0.0,epa_udds,PPO_seed42
600,0.0,0.0,0.0,0.0,0.48937601186348345,25.022988512051985,0.0,0.0,0.0,0.0,0.0,0.0,epa_udds,PPO_seed42
601,0.0,0.0,0.0,0.0,0.48937601186348345,25.022984258275773,0.0,0.0,0.0,0.0,0.0,0.0,epa_udds,PPO_seed42
602,0.1676,-69.27370082251481,0.0,0.0,0.48937557590571656,25.022980009608613,-0.00013021372335059175,0.0,0.0006510686167529588,0.0,0.0,0.0,epa_udds,PPO_seed42
603,0.3353,-138.65746189288168,0.0,0.0,0.4893747032975937,25.022975775324745,-0.00026063432686631894,0.0,0.0013031716343315947,0.0,0.0,0.0,epa_udds,PPO_seed42
604,0.5029,-207.9286844349747,0.0,0.0,0.48937339474707975,25.02297156464299,-0.00039084339179506523,0.0,0.001954216958975326,0.0,0.0,0.0,epa_udds,PPO_seed42
605,0.6706,-277.44745514305345,0.0,0.0,0.48937164869571226,25.02296738692681,-0.0005215177728252885,0.0,0.0026075888641264424,0.0,0.0,0.0,epa_udds,PPO_seed42
606,0.8382,-346.78244532026855,0.0,0.0,0.4893694662991995,25.022963251365187,-0.0006518467017298281,0.0,0.0032592335086491404,0.0,0.0,0.0,epa_udds,PPO_seed42
607,1.0058,-416.3045288131315,0.0,0.0,0.48936684637895833,25.02295916738617,-0.0007825273097991194,0.0,0.003912636548995597,0.0,0.0,0.0,epa_udds,PPO_seed42
608,1.1735,-486.15005928013096,0.0,0.0,0.4893637868980164,25.022955144645465,-0.0009138159009025019,0.0,0.004569079504512509,0.0,0.0,0.0,epa_udds,PPO_seed42
609,1.3411,-555.7048827361612,0.0,0.0,0.4893602896841789,25.022951192316885,-0.001044558050255942,0.0,0.00522279025127971,0.0,0.0,0.0,epa_udds,PPO_seed42
610,1.5088,-625.8511265607407,0.0,0.0,0.48935635101351455,25.022947320544407,-0.0011764118920314674,0.0,0.005882059460157337,0.0,0.0,0.0,epa_udds,PPO_seed42
611,1.6764,-695.6353225621489,0.0,0.0,0.48935197316229684,25.022943538500588,-0.0013075851927859942,0.0,0.0065379259639299706,0.0,0.0,0.0,epa_udds,PPO_seed42
612,1.844,-765.8197763059642,0.0,0.0,0.48934715360914455,25.02293985636995,-0.001439510857717978,0.0,0.007197554288589889,0.0,0.0,0.0,epa_udds,PPO_seed42
613,2.0117,-836.5413107594952,0.0,0.0,0.48934188897135555,25.022936284771202,-0.001572446072856194,0.0,0.00786223036428097,0.0,0.0,0.0,epa_udds,PPO_seed42
614,2.1793,-906.7937227100678,0.0,0.0,0.4893361821983672,25.022932832873806,-0.001704499478778323,0.0,0.008522497393891614,0.0,0.0,0.0,epa_udds,PPO_seed42
615,2.1053,-84.3931084976774,0.0,0.0,0.48933565108144295,25.022928613913997,-0.00015863366258961917,0.0,0.0007931683129480958,0.0,0.0,0.0,epa_udds,PPO_seed42
616,2.3887,-1425.5471537423073,0.0,0.0,0.48932667959228715,25.022926311259834,-0.00267959991304945,0.0,0.013397999565247249,0.0,0.0,0.0,epa_udds,PPO_seed42
617,2.6822,-1645.1838441115112,0.0,0.0,0.48931632580568224,25.022924654485934,-0.003092450834796074,0.0,0.015462254173980368,0.0,0.0,0.0,epa_udds,PPO_seed42
618,2.9758,-1828.629094410702,0.0,0.0,0.4893048174705202,25.022923610725517,-0.003437272733854703,0.0,0.017186363669273515,0.0,0.0,0.0,epa_udds,PPO_seed42
619,3.2592,-1954.4402897604496,0.0,0.0,0.4892925172867337,25.022923029862213,-0.0036737599431587403,0.0,0.0183687997157937,0.0,0.0,0.0,epa_udds,PPO_seed42
620,3.523,-2008.9139288800575,0.0,0.0,0.4892798742044846,25.02292266820393,-0.003776154001654244,0.0,0.01888077000827122,0.0,0.0,0.0,epa_udds,PPO_seed42
621,3.7594,-1987.2742318778382,0.0,0.0,0.48926736724091846,25.022922241491838,-0.0037354778794696213,0.0,0.018677389397348105,0.0,0.0,0.0,epa_udds,PPO_seed42
622,3.9629,-1895.6840581495076,0.0,0.0,0.48925543663811744,25.022921496004386,-0.0035633158987772705,0.0,0.01781657949388635,0.0,0.0,0.0,epa_udds,PPO_seed42
623,4.1306,-1749.1612393197154,0.0,0.0,0.4892444281313507,25.02292026278414,-0.0032878970663904428,0.0,0.016439485331952212,0.0,0.0,0.0,epa_udds,PPO_seed42
624,4.2624,-1569.7052875887753,0.0,0.0,0.48923454900485697,25.02291848234817,-0.002950573848851081,0.0,0.014752869244255406,0.0,0.0,0.0,epa_udds,PPO_seed42
625,4.3612,-1384.392527265929,0.0,0.0,0.4892258361354703,25.022916198124665,-0.00260224159260513,0.0,0.013011207963025647,0.0,0.0,0.0,epa_udds,PPO_seed42
626,4.4327,-1220.4801916254976,0.0,0.0,0.489218154850071,25.022913521506894,-0.0022941356985441684,0.0,0.011470678492720841,0.0,0.0,0.0,epa_udds,PPO_seed42
627,4.4846,-1099.2558003722047,0.0,0.0,0.4892112364947904,25.02291058790511,-0.002066270301451513,0.0,0.010331351507257563,0.0,0.0,0.0,epa_udds,PPO_seed42
628,4.5263,-1038.6565089664002,0.0,0.0,0.4892046995207198,25.022907538842155,-0.001952361858959399,0.0,0.009761809294796994,0.0,0.0,0.0,epa_udds,PPO_seed42
629,4.568,-1049.2405424403812,0.0,0.0,0.48919809592482344,25.022904516767984,-0.001972256658722521,0.0,0.009861283293612605,0.0,0.0,0.0,epa_udds,PPO_seed42
630,4.6199,-1135.7549268801704,0.0,0.0,0.4891909478240523,25.02290167975244,-0.0021348776821055837,0.0,0.010674388410527917,0.0,0.0,0.0,epa_udds,PPO_seed42
631,4.6913,-1297.4381766497436,0.0,0.0,0.4891827821237492,25.022899222573315,-0.002438793565131097,0.0,0.012193967825655485,0.0,0.0,0.0,epa_udds,PPO_seed42
632,4.7902,-1532.3363774805873,0.0,0.0,0.4891731380210201,25.022897404670903,-0.0028803315366176456,0.0,0.014401657683088227,0.0,0.0,0.0,epa_udds,PPO_seed42
633,4.922,-1830.086709684247,0.0,0.0,0.4891616199257888,25.022896548540558,-0.003440012612188434,0.0,0.01720006306094217,0.0,0.0,0.0,epa_udds,PPO_seed42
634,5.0896,-2180.8416467799652,0.0,0.0,0.4891478942155525,25.02289704360558,-0.0040993264037217396,0.0,0.020496632018608695,0.0,0.0,0.0,epa_udds,PPO_seed42
635,5.2931,-2570.1827201897827,0.0,0.0,0.489131718001985,25.022899316009934,-0.004831170526672524,0.0,0.024155852633362618,0.0,0.0,0.0,epa_udds,PPO_seed42
636,5.5295,-2976.2490969700175,0.0,0.0,0.4891129859715788,25.02290375514135,-0.005594453189793266,0.0,0.02797226594896633,0.0,0.0,0.0,epa_udds,PPO_seed42
637,5.7934,-3376.265566960591,0.0,0.0,0.4890917361436507,25.02291064434144,-0.006346363847670284,0.0,0.031731819238351416,0.0,0.0,0.0,epa_udds,PPO_seed42
638,6.0767,-3736.721748267411,0.0,0.0,0.4890682174427309,25.022920016298727,-0.007023913060653028,0.0,0.03511956530326514,0.0,0.0,0.0,epa_udds,PPO_seed42
639,6.3703,-4032.9714649268067,0.0,0.0,0.48904283391922726,25.022931634452906,-0.007580773430313547,0.0,0.03790386715156773,0.0,0.0,0.0,epa_udds,PPO_seed42
640,6.6639,-4233.78953345673,0.0,0.0,0.4890161861697534,25.02294490264583,-0.007958251002738215,0.0,0.039791255013691074,0.0,0.0,0.0,epa_udds,PPO_seed42
641,6.9473,-4319.31502574761,0.0,0.0,0.48898899982378974,25.022958951324867,-0.0081190132062925,0.0,0.0405950660314625,0.0,0.0,0.0,epa_udds,PPO_seed42
642,7.1552,-3620.5257806644886,0.0,0.0,0.48896621150506475,25.022967842255756,-0.006805499587715204,0.0,0.03402749793857602,0.0,0.0,0.0,epa_udds,PPO_seed42
643,7.3358,-3411.6316954228882,0.0,0.0,0.4889447378351443,25.022975416045576,-0.00641284153274979,0.0,0.03206420766374895,0.0,0.0,0.0,epa_udds,PPO_seed42
644,7.4834,-3105.7188664136625,0.0,0.0,0.48892518951913283,25.022981169360126,-0.0058378174180707945,0.0,0.02918908709035397,0.0,0.0,0.0,epa_udds,PPO_seed42
645,7.5951,-2735.4275252204043,0.0,0.0,0.48890797182635914,25.022984930989235,-0.00514178106244437,0.0,0.025708905312221846,0.0,0.0,0.0,epa_udds,PPO_seed42
646,7.671,-2340.7821771181148,0.0,0.0,0.4888932380984237,25.022986837707858,-0.004399966498342321,0.0,0.021999832491711606,0.0,0.0,0.0,epa_udds,PPO_seed42
647,7.714,-1962.108400995877,0.0,0.0,0.48888088784417544,25.022987227665915,-0.003688173686082476,0.0,0.01844086843041238,0.0,0.0,0.0,epa_udds,PPO_seed42
648,7.7296,-1637.7148195379152,0.0,0.0,0.4888705794305863,25.022986522548422,-0.0030784113149208933,0.0,0.015392056574604466,0.0,0.0,0.0,epa_udds,PPO_seed42
649,7.7256,-1401.0425012018138,0.0,0.0,0.4888617607214496,25.022985134035576,-0.002633538536093635,0.0,0.013167692680468175,0.0,0.0,0.0,epa_udds,PPO_seed42
650,7.7114,-1275.1226162332143,0.0,0.0,0.4888537346050113,25.022983414846777,-0.002396847022994764,0.0,0.01198423511497382,0.0,0.0,0.0,epa_udds,PPO_seed42
651,7.6973,-1273.008541884639,0.0,0.0,0.4888457218023499,25.0229816745048,-0.0023928731990312765,0.0,0.011964365995156382,0.0,0.0,0.0,epa_udds,PPO_seed42
652,7.6933,-1392.9397774693468,0.0,0.0,0.4888369541139319,25.022980221383566,-0.00261830785238599,0.0,0.013091539261929951,0.0,0.0,0.0,epa_udds,PPO_seed42
653,7.7089,-1631.885432267138,0.0,0.0,0.4888266824152707,25.02297944222529,-0.0030674538200510114,0.0,0.015337269100255057,0.0,0.0,0.0,epa_udds,PPO_seed42
654,7.7518,-1973.1726743056427,0.0,0.0,0.4888142625207443,25.022979826993726,-0.0037089711923038397,0.0,0.018544855961519197,0.0,0.0,0.0,epa_udds,PPO_seed42
655,7.8278,-2400.99368483509,0.0,0.0,0.48879914973378635,25.02298199548641,-0.004513146024126109,0.0,0.022565730120630543,0.0,0.0,0.0,epa_udds,PPO_seed42
656,7.9395,-2884.3554523381326,0.0,0.0,0.4887809944232832,25.02298661072239,-0.005421720775071678,0.0,0.02710860387535839,0.0,0.0,0.0,epa_udds,PPO_seed42
657,8.0871,-3400.806459937879,0.0,0.0,0.4887595882580179,25.022994345464614,-0.006392493345747894,0.0,0.031962466728739466,0.0,0.0,0.0,epa_udds,PPO_seed42
658,8.2677,-3915.4705694925556,0.0,0.0,0.4887349424135924,25.023005711771876,-0.007359907085512323,0.0,0.03679953542756161,0.0,0.0,0.0,epa_udds,PPO_seed42
659,8.4756,-4391.147190940658,0.0,0.0,0.48870730221132175,25.023020906915733,-0.008254036073196726,0.0,0.04127018036598363,0.0,0.0,0.0,epa_udds,PPO_seed42
660,8.7031,-4794.291382284113,0.0,0.0,0.4886771241210848,25.023039717064524,-0.009011825906549085,0.0,0.04505912953274542,0.0,0.0,0.0,epa_udds,PPO_seed42
661,8.9408,-5089.066138810952,0.0,0.0,0.48864509020587904,25.0230614140901,-0.009565913794757429,0.0,0.047829568973787144,0.0,0.0,0.0,epa_udds,PPO_seed42
662,9.1785,-5247.527748614876,0.0,0.0,0.48861205845567196,25.023084806283848,-0.009863773963561799,0.0,0.04931886981780899,0.0,0.0,0.0,epa_udds,PPO_seed42
663,9.406,-5251.654655223703,0.0,0.0,0.48857900034587626,25.02310839379612,-0.009871531306811473,0.0,0.04935765653405736,0.0,0.0,0.0,epa_udds,PPO_seed42
664,9.6139,-5096.889974172317,0.0,0.0,0.48854691608797146,25.023130621212307,-0.009580620252203603,0.0,0.047903101261018016,0.0,0.0,0.0,epa_udds,PPO_seed42
665,9.7945,-4796.813505292057,0.0,0.0,0.48851672045863104,25.02315018666619,-0.009016566739270785,0.0,0.04508283369635392,0.0,0.0,0.0,epa_udds,PPO_seed42
666,9.9421,-4375.7096745234585,0.0,0.0,0.48848917540105685,25.023166227224458,-0.008225018185194471,0.0,0.04112509092597236,0.0,0.0,0.0,epa_udds,PPO_seed42
667,10.0538,-3876.5801571608836,0.0,0.0,0.48846477218054957,25.02317847495533,-0.007286804806693391,0.0,0.036434024033466954,0.0,0.0,0.0,epa_udds,PPO_seed42
668,10.1298,-3352.4479464011074,0.0,0.0,0.4884436682780812,25.023187211329958,-0.006301593884212609,0.0,0.03150796942106304,0.0,0.0,0.0,epa_udds,PPO_seed42
669,10.1727,-2848.056344070287,0.0,0.0,0.4884257394952785,25.02319302961742,-0.005353489368553172,0.0,0.026767446842765857,0.0,0.0,0.0,epa_udds,PPO_seed42
670,10.1883,-2421.6569795581977,0.0,0.0,0.48841049491183075,25.023196731798944,-0.004551986803680823,0.0,0.022759934018404114,0.0,0.0,0.0,epa_udds,PPO_seed42
671,10.1843,-2109.7119283549428,0.0,0.0,0.4883972140534283,25.02319908083086,-0.0039656239254792156,0.0,0.019828119627396078,0.0,0.0,0.0,epa_udds,PPO_seed42
672,10.1702,-1945.2956100855697,0.0,0.0,0.4883849682245456,25.02320076558375,-0.003656570695649567,0.0,0.018282853478247835,0.0,0.0,0.0,epa_udds,PPO_seed42
673,10.156,-1939.2820487793877,0.0,0.0,0.4883727602694049,25.02320238670908,-0.0036452670089838117,0.0,0.018226335044919058,0.0,0.0,0.0,epa_udds,PPO_seed42
674,10.152,-2099.113430546475,0.0,0.0,0.4883595461799035,25.02320457886355,-0.003945701937117434,0.0,0.01972850968558717,0.0,0.0,0.0,epa_udds,PPO_seed42
675,10.1676,-2414.226379802241,0.0,0.0,0.4883443484406684,25.023208088579135,-0.004538019510906468,0.0,0.02269009755453234,0.0,0.0,0.0,epa_udds,PPO_seed42
676,10.2106,-2864.8775619770795,0.0,0.0,0.48832631381127656,25.023213841415455,-0.0053851081992050374,0.0,0.026925540996025184,0.0,0.0,0.0,epa_udds,PPO_seed42
677,10.2865,-3421.990801829212,0.0,0.0,0.4883047720682889,25.023222927878212,-0.006432313537272955,0.0,0.03216156768636477,0.0,0.0,0.0,epa_udds,PPO_seed42
678,10.3982,-4052.291594506367,0.0,0.0,0.48827926242623004,25.023236524714086,-0.0076170894633578335,0.0,0.038085447316789166,0.0,0.0,0.0,epa_udds,PPO_seed42
679,10.5458,-4717.839851421505,0.0,0.0,0.48824956290434546,25.023255734734352,-0.008868120021468995,0.0,0.044340600107344974,0.0,0.0,0.0,epa_udds,PPO_seed42
680,10.7264,-5373.402461764411,0.0,0.0,0.4882157362410829,25.023281334685414,-0.010100380567226336,0.0,0.05050190283613168,0.0,0.0,0.0,epa_udds,PPO_seed42
681,10.9343,-5970.746062953707,0.0,0.0,0.4881781487953276,25.02331351745157,-0.01122320688525133,0.0,0.05611603442625665,0.0,0.0,0.0,epa_udds,PPO_seed42
682,10.7707,0.0,0.0,262.9924250695523,0.4881781487953276,25.02331214623513,0.0,0.0,0.0,0.0,0.0,0.0,epa_udds,PPO_seed42
683,10.6172,0.0,0.0,153.84829047697045,0.4881781487953276,25.023310582139295,0.0,0.0,0.0,0.0,0.0,0.0,epa_udds,PPO_seed42
684,10.4637,0.0,0.0,165.90906130779302,0.4881781487953276,25.023308837860743,0.0,0.0,0.0,0.0,0.0,0.0,epa_udds,PPO_seed42
685,10.3001,0.0,0.0,294.5913143465923,0.4881781487953276,25.023306925263803,0.0,0.0,0.0,0.0,0.0,0.0,epa_udds,PPO_seed42
686,10.1169,527.4026550005126,0.0,0.0,0.48818146886097336,25.023305118815905,0.02854319030596759,0.0,0.004956791870305569,0.021096106200020504,0.0,0.0,epa_udds,PPO_seed42
687,9.9062,839.1616679675905,0.0,0.0,0.488186751436847,25.023303538898087,0.045415681849855005,0.0,0.007886857781650287,0.03356646671870362,0.0,0.0,epa_udds,PPO_seed42
688,9.6627,1192.9286396662926,0.0,0.0,0.48819426091894624,25.023302458674756,0.06456165675427047,0.0,0.011211735335209517,0.0477171455866517,0.0,0.0,epa_udds,PPO_seed42
689,9.3833,1556.7846028075276,0.0,0.0,0.48820406076104844,25.02330214039704,0.08425365090983898,0.0,0.014631434236912853,0.062271384112301105,0.0,0.0,epa_udds,PPO_seed42
690,9.068,1891.336026861569,0.0,0.0,0.48821596643227977,25.023302726447504,0.10235967459661333,0.0,0.01777571453817264,0.07565344107446276,0.0,0.0,epa_udds,PPO_seed42
691,8.7199,2161.8454140190747,0.0,0.0,0.4882295747403209,25.023304163986214,0.1169997239857842,0.0,0.020318095996419875,0.08647381656076299,0.0,0.0,epa_udds,PPO_seed42
692,8.3443,2348.293963935349,0.0,0.0,0.4882443564965083,25.023306217301368,0.1270903755820048,0.0,0.02207043199187358,0.09393175855741395,0.0,0.0,epa_udds,PPO_seed42
693,7.9491,2433.1681125436403,0.0,0.0,0.4882596722959788,25.023308485504664,0.13168379003074526,0.0,0.02286812135849286,0.0973267245017456,0.0,0.0,epa_udds,PPO_seed42
694,7.5438,2414.428618697401,0.0,0.0,0.48827486992953484,25.023310513685093,0.13066960298784883,0.0,0.022691998296028203,0.09657714474789604,0.0,0.0,epa_udds,PPO_seed42
695,7.1385,2302.632054903777,0.0,0.0,0.488289363667406,25.023311906813664,0.12461913933231117,0.0,0.021641278711501663,0.09210528219615108,0.0,0.0,epa_udds,PPO_seed42
696,6.7433,2114.4815966244487,0.0,0.0,0.4883026729415972,25.02331239685088,0.11443637994362993,0.0,0.019872947336695947,0.08457926386497795,0.0,0.0,epa_udds,PPO_seed42
697,6.3677,1870.1512826428502,0.0,0.0,0.4883144441828563,25.023311868221707,0.10121314986814463,0.0,0.017576609799274907,0.07480605130571401,0.0,0.0,epa_udds,PPO_seed42
698,6.0196,1593.4637827526442,0.0,0.0,0.48832447377564336,25.023310353345273,0.08623873915980099,0.0,0.014976163371735378,0.06373855131010576,0.0,0.0,epa_udds,PPO_seed42
699,5.7043,1309.3428040450067,0.0,0.0,0.48833271497855196,25.023307994610555,0.07086202634222526,0.0,0.012305853421475627,0.05237371216180027,0.0,0.0,epa_udds,PPO_seed42
700,5.4249,1034.2027806589701,0.0,0.0,0.4883392243586281,25.023304975800265,0.05597136552769373,0.0,0.009719950946042952,0.041368111226358806,0.0,0.0,epa_udds,PPO_seed42
701,5.1814,785.0938049970771,0.0,0.0,0.4883441657890746,25.02330148928313,0.0424895128448794,0.0,0.007378701174784559,0.03140375219988308,0.0,0.0,epa_udds,PPO_seed42
702,4.9707,575.0503494619276,0.0,0.0,0.4883477851732176,25.023297702312252,0.031121897860353045,0.0,0.005404608547574507,0.023002013978477103,0.0,0.0,epa_udds,PPO_seed42
703,4.7875,410.01210565150524,0.0,0.0,0.48835036579019064,25.023293738043023,0.022189978469770933,0.0,0.0038534972335667783,0.01640048422606021,0.0,0.0,epa_udds,PPO_seed42
704,4.6239,297.5008078738514,0.0,0.0,0.4883522382538273,25.023289679890794,0.016100833196060014,0.0,0.0027960602243783023,0.011900032314954056,0.0,0.0,epa_udds,PPO_seed42
705,4.4704,239.6883163070155,0.0,0.0,0.48835374684201543,25.023285577183294,0.01297200376524735,0.0,0.0022527097397275894,0.00958753265228062,0.0,0.0,epa_udds,PPO_seed42
706,4.3169,233.9147487079067,0.0,0.0,0.4883552190872994,25.023281458857724,0.012659536550372273,0.0,0.0021984468863525067,0.009356589948316268,0.0,0.0,epa_udds,PPO_seed42
707,4.1533,274.4601952008367,0.0,0.0,0.4883569465183106,25.02327734816378,0.014853868308688891,0.0,0.002579513112789819,0.010978407808033469,0.0,0.0,epa_udds,PPO_seed42
708,3.9701,351.9981929189513,0.0,0.0,0.4883591619610724,25.023273272001358,0.019050248064891813,0.0,0.0033082536928472866,0.014079927716758053,0.0,0.0,epa_udds,PPO_seed42
709,3.7594,451.68962184795583,0.0,0.0,0.4883620048434509,25.023269260214075,0.024445578180914182,0.0,0.004245203212856727,0.018067584873918234,0.0,0.0,epa_udds,PPO_seed42
710,3.5159,554.2211069707735,0.0,0.0,0.48836549303569177,25.02326533442373,0.029994612992297946,0.0,0.005208844990326819,0.022168844278830938,0.0,0.0,epa_udds,PPO_seed42
711,3.2365,642.8877793411577,0.0,0.0,0.48836953926957066,25.0232614974606,0.034793279967651525,0.0,0.00604217837726652,0.02571551117364631,0.0,0.0,epa_udds,PPO_seed42
712,2.9212,700.1060090906365,0.0,0.0,0.4883739456094509,25.023257721914366,0.037889947770183466,0.0,0.006579943694460869,0.02800424036362546,0.0,0.0,epa_udds,PPO_seed42
713,2.2352,1467.0515867383767,0.0,0.0,0.48838317893001987,25.023255508983308,0.07939727309280327,0.0,0.013788078822729104,0.05868206346953507,0.0,0.0,epa_udds,PPO_seed42
714,1.9558,393.98066635949823,0.0,0.0,0.488385658547409,25.023251390085385,0.021322352153802016,0.0,0.0037028258116494194,0.01575922665437993,0.0,0.0,epa_udds,PPO_seed42
715,1.6764,338.41546375525286,0.0,0.0,0.4883877884458822,25.023247227795785,0.018315146677521127,0.0,0.0031805964638651585,0.013536618550210114,0.0,0.0,epa_udds,PPO_seed42
716,1.397,282.51899204354885,0.0,0.0,0.4883895665427114,25.023243028756617,0.01529001281751477,0.0,0.00265525368461982,0.011300759681741953,0.0,0.0,epa_udds,PPO_seed42
717,1.1176,226.34646274229723,0.0,0.0,0.48839099110237216,25.02323879960049,0.012249938637737257,0.0,0.0021273163791569287,0.009053858509691889,0.0,0.0,epa_udds,PPO_seed42
718,0.8382,169.95308736940657,0.0,0.0,0.48839206073654856,25.023234546946185,0.00919791220214277,0.0,0.0015973034527199865,0.006798123494776263,0.0,0.0,epa_udds,PPO_seed42
719,0.5588,113.39407744278711,0.0,0.0,0.4883927744041386,25.02323027739264,0.006136921574685576,0.0,0.0010657338105525104,0.004535763097711485,0.0,0.0,epa_udds,PPO_seed42
720,0.2794,56.72464448034838,0.0,0.0,0.48839313141126056,25.02322599751137,0.0030699548193199072,0.0,0.0005331263578980111,0.0022689857792139354,0.0,0.0,epa_udds,PPO_seed42
721,0.0,0.0,0.0,0.0,0.48839313141126056,25.023221713837447,0.0,0.0,0.0,0.0,0.0,0.0,epa_udds,PPO_seed42
722,0.0,0.0,0.0,0.0,0.48839313141126056,25.023217429813723,0.0,0.0,0.0,0.0,0.0,0.0,epa_udds,PPO_seed42
723,0.0,0.0,0.0,0.0,0.48839313141126056,25.023213145515196,0.0,0.0,0.0,0.0,0.0,0.0,epa_udds,PPO_seed42
724,0.0,0.0,0.0,0.0,0.48839313141126056,25.02320886101194,0.0,0.0,0.0,0.0,0.0,0.0,epa_udds,PPO_seed42
725,0.0,0.0,0.0,0.0,0.48839313141126056,25.023204576369427,0.0,0.0,0.0,0.0,0.0,0.0,epa_udds,PPO_seed42
726,0.0,0.0,0.0,0.0,0.48839313141126056,25.023200291648823,0.0,0.0,0.0,0.0,0.0,0.0,epa_udds,PPO_seed42
727,0.0,0.0,0.0,0.0,0.48839313141126056,25.023196006907277,0.0,0.0,0.0,0.0,0.0,0.0,epa_udds,PPO_seed42
728,0.0,0.0,0.0,0.0,0.48839313141126056,25.023191722198185,0.0,0.0,0.0,0.0,0.0,0.0,epa_udds,PPO_seed42
729,0.0,0.0,0.0,0.0,0.48839313141126056,25.023187437571426,0.0,0.0,0.0,0.0,0.0,0.0,epa_udds,PPO_seed42
730,0.0,0.0,0.0,0.0,0.48839313141126056,25.023183153073607,0.0,0.0,0.0,0.0,0.0,0.0,epa_udds,PPO_seed42
731,0.0,0.0,0.0,0.0,0.48839313141126056,25.023178868748264,0.0,0.0,0.0,0.0,0.0,0.0,epa_udds,PPO_seed42
732,0.0,0.0,0.0,0.0,0.48839313141126056,25.023174584636074,0.0,0.0,0.0,0.0,0.0,0.0,epa_udds,PPO_seed42
733,0.0,0.0,0.0,0.0,0.48839313141126056,25.023170300775032,0.0,0.0,0.0,0.0,0.0,0.0,epa_udds,PPO_seed42
734,0.0,0.0,0.0,0.0,0.48839313141126056,25.023166017200637,0.0,0.0,0.0,0.0,0.0,0.0,epa_udds,PPO_seed42
735,0.0,0.0,0.0,0.0,0.48839313141126056,25.023161733946054,0.0,0.0,0.0,0.0,0.0,0.0,epa_udds,PPO_seed42
736,0.0,0.0,0.0,0.0,0.48839313141126056,25.023157451042255,0.0,0.0,0.0,0.0,0.0,0.0,epa_udds,PPO_seed42
737,0.0,0.0,0.0,0.0,0.48839313141126056,25.02315316851818,0.0,0.0,0.0,0.0,0.0,0.0,epa_udds,PPO_seed42
738,0.0,0.0,0.0,0.0,0.48839313141126056,25.023148886400865,0.0,0.0,0.0,0.0,0.0,0.0,epa_udds,PPO_seed42
739,0.0,0.0,0.0,0.0,0.48839313141126056,25.02314460471555,0.0,0.0,0.0,0.0,0.0,0.0,epa_udds,PPO_seed42
740,0.0,0.0,0.0,0.0,0.48839313141126056,25.023140323485826,0.0,0.0,0.0,0.0,0.0,0.0,epa_udds,PPO_seed42
741,0.0,0.0,0.0,0.0,0.48839313141126056,25.023136042733718,0.0,0.0,0.0,0.0,0.0,0.0,epa_udds,PPO_seed42
742,0.0,0.0,0.0,0.0,0.48839313141126056,25.023131762479803,0.0,0.0,0.0,0.0,0.0,0.0,epa_udds,PPO_seed42
743,0.0,0.0,0.0,0.0,0.48839313141126056,25.023127482743295,0.0,0.0,0.0,0.0,0.0,0.0,epa_udds,PPO_seed42
744,0.0,0.0,0.0,0.0,0.48839313141126056,25.02312320354214,0.0,0.0,0.0,0.0,0.0,0.0,epa_udds,PPO_seed42
745,0.0,0.0,0.0,0.0,0.48839313141126056,25.023118924893105,0.0,0.0,0.0,0.0,0.0,0.0,epa_udds,PPO_seed42
746,0.0,0.0,0.0,0.0,0.48839313141126056,25.023114646811838,0.0,0.0,0.0,0.0,0.0,0.0,epa_udds,PPO_seed42
747,0.0,0.0,0.0,0.0,0.48839313141126056,25.023110369312956,0.0,0.0,0.0,0.0,0.0,0.0,epa_udds,PPO_seed42
748,0.0,0.0,0.0,0.0,0.48839313141126056,25.02310609241011,0.0,0.0,0.0,0.0,0.0,0.0,epa_udds,PPO_seed42
749,0.0,0.0,0.0,0.0,0.48839313141126056,25.023101816116043,0.0,0.0,0.0,0.0,0.0,0.0,epa_udds,PPO_seed42
750,0.0,0.0,0.0,0.0,0.48839313141126056,25.023097540442656,0.0,0.0,0.0,0.0,0.0,0.0,epa_udds,PPO_seed42
751,0.0,0.0,0.0,0.0,0.48839313141126056,25.02309326540106,0.0,0.0,0.0,0.0,0.0,0.0,epa_udds,PPO_seed42
752,0.0,0.0,0.0,0.0,0.48839313141126056,25.02308899100162,0.0,0.0,0.0,0.0,0.0,0.0,epa_udds,PPO_seed42
753,0.0,0.0,0.0,0.0,0.48839313141126056,25.02308471725403,0.0,0.0,0.0,0.0,0.0,0.0,epa_udds,PPO_seed42
754,0.0,0.0,0.0,0.0,0.48839313141126056,25.02308044416732,0.0,0.0,0.0,0.0,0.0,0.0,epa_udds,PPO_seed42
755,0.0,0.0,0.0,0.0,0.48839313141126056,25.023076171749928,0.0,0.0,0.0,0.0,0.0,0.0,epa_udds,PPO_seed42
756,0.0,0.0,0.0,0.0,0.48839313141126056,25.02307190000973,0.0,0.0,0.0,0.0,0.0,0.0,epa_udds,PPO_seed42
757,0.0,0.0,0.0,0.0,0.48839313141126056,25.023067628954067,0.0,0.0,0.0,0.0,0.0,0.0,epa_udds,PPO_seed42
758,0.0,0.0,0.0,0.0,0.48839313141126056,25.023063358589802,0.0,0.0,0.0,0.0,0.0,0.0,epa_udds,PPO_seed42
759,0.0,0.0,0.0,0.0,0.48839313141126056,25.02305908892333,0.0,0.0,0.0,0.0,0.0,0.0,epa_udds,PPO_seed42
760,0.0,0.0,0.0,0.0,0.48839313141126056,25.023054819960617,0.0,0.0,0.0,0.0,0.0,0.0,epa_udds,PPO_seed42
761,0.0,0.0,0.0,0.0,0.48839313141126056,25.023050551707236,0.0,0.0,0.0,0.0,0.0,0.0,epa_udds,PPO_seed42
762,0.3353,-226.07389744843724,0.0,0.0,0.488391708596844,25.02304633253964,-0.0004249509350534535,0.0,0.0021247546752672674,0.0,0.0,0.0,epa_udds,PPO_seed42
763,0.6706,-452.28032625416466,0.0,0.0,0.4883888621321738,25.023042259612335,-0.0008501509891995578,0.0,0.004250754945997789,0.0,0.0,0.0,epa_udds,PPO_seed42
764,1.0058,-678.5277643686871,0.0,0.0,0.488384591754131,25.023038430192717,-0.0012754281285125698,0.0,0.006377140642562849,0.0,0.0,0.0,epa_udds,PPO_seed42
765,1.3411,-905.5531694028277,0.0,0.0,0.4883788925583208,25.023034943031305,-0.0017021676116594508,0.0,0.008510838058297254,0.0,0.0,0.0,epa_udds,PPO_seed42
766,1.6764,-1132.9522025621486,0.0,0.0,0.4883717621820163,25.023031897279644,-0.0021296094033123095,0.0,0.010648047016561546,0.0,0.0,0.0,epa_udds,PPO_seed42
767,2.0117,-1361.013852981718,0.0,0.0,0.48836319644073045,25.02302939366702,-0.002558296716131049,0.0,0.012791483580655244,0.0,0.0,0.0,epa_udds,PPO_seed42
768,2.0091,-303.21491156415294,0.0,0.0,0.4883612881048916,25.02302522928398,-0.0005699528412860018,0.0,0.002849764206430009,0.0,0.0,0.0,epa_udds,PPO_seed42
769,2.4406,-2019.1388866518919,0.0,0.0,0.48834858029713973,25.02302483777015,-0.0037953738470900226,0.0,0.01897686923545011,0.0,0.0,0.0,epa_udds,PPO_seed42
770,2.8916,-2484.043318270725,0.0,0.0,0.48833294643110864,25.02302643754038,-0.004669254357651739,0.0,0.023346271788258696,0.0,0.0,0.0,epa_udds,PPO_seed42
771,3.3528,-2939.095113830524,0.0,0.0,0.48831444845308014,25.02303038815828,-0.005524614875621286,0.0,0.02762307437810643,0.0,0.0,0.0,epa_udds,PPO_seed42
772,3.814,-3350.774144105394,0.0,0.0,0.48829335926995887,25.02303681187039,-0.0062984476392958545,0.0,0.03149223819647927,0.0,0.0,0.0,epa_udds,PPO_seed42
773,4.265,-3688.4328593301243,0.0,0.0,0.4882701446824058,25.023045516263636,-0.006933144472425046,0.0,0.03466572236212523,0.0,0.0,0.0,epa_udds,PPO_seed42
774,4.6965,-3929.781209787244,0.0,0.0,0.48824541079804545,25.023056001692943,-0.007386806785314368,0.0,0.03693403392657184,0.0,0.0,0.0,epa_udds,PPO_seed42
775,5.1006,-4062.3441154998327,0.0,0.0,0.48821984226871196,25.023067540453024,-0.007635985179510964,0.0,0.03817992589755482,0.0,0.0,0.0,epa_udds,PPO_seed42
776,5.4717,-4089.6031148416537,0.0,0.0,0.4881941018659322,25.023079348766338,-0.007687223900078297,0.0,0.03843611950039148,0.0,0.0,0.0,epa_udds,PPO_seed42
777,5.807,-4029.692302082949,0.0,0.0,0.48816873825472645,25.02309076248795,-0.007574609590381483,0.0,0.037873047951907414,0.0,0.0,0.0,epa_udds,PPO_seed42
778,6.1064,-3909.2111418782156,0.0,0.0,0.4881441327023925,25.023101340700634,-0.0073481412441319845,0.0,0.03674070622065992,0.0,0.0,0.0,epa_udds,PPO_seed42
779,6.3729,-3766.0880827015526,0.0,0.0,0.48812042775853454,25.023110950398003,-0.007079112937408934,0.0,0.03539556468704467,0.0,0.0,0.0,epa_udds,PPO_seed42
780,6.612,-3637.5956251169414,0.0,0.0,0.48809753136933604,25.023119730473038,-0.006837585761498011,0.0,0.03418792880749005,0.0,0.0,0.0,epa_udds,PPO_seed42
781,6.8315,-3561.881002523517,0.0,0.0,0.4880751113596701,25.023128064258188,-0.006695265042337438,0.0,0.03347632521168719,0.0,0.0,0.0,epa_udds,PPO_seed42
782,7.0409,-3572.424456513702,0.0,0.0,0.4880526247992821,25.023136538479285,-0.006715083564875379,0.0,0.033575417824376896,0.0,0.0,0.0,epa_udds,PPO_seed42
783,7.2502,-3690.198907609971,0.0,0.0,0.4880293967225373,25.023145893375982,-0.006936464112048817,0.0,0.03468232056024408,0.0,0.0,0.0,epa_udds,PPO_seed42
784,7.4698,-3935.8021499717042,0.0,0.0,0.4880046224840107,25.023157097510854,-0.007398124342052077,0.0,0.03699062171026038,0.0,0.0,0.0,epa_udds,PPO_seed42
785,7.7089,-4312.012998933799,0.0,0.0,0.48797747991396145,25.023171325326388,-0.008105287591980826,0.0,0.04052643795990413,0.0,0.0,0.0,epa_udds,PPO_seed42
786,7.9754,-4820.543987686397,0.0,0.0,0.4879471360232416,25.023190051790447,-0.009061172909184956,0.0,0.04530586454592478,0.0,0.0,0.0,epa_udds,PPO_seed42
787,8.2748,-5448.585560074555,0.0,0.0,0.4879128384062493,25.02321500866741,-0.01024170218059127,0.0,0.05120851090295635,0.0,0.0,0.0,epa_udds,PPO_seed42
788,8.6101,-6178.75506646743,0.0,0.0,0.4878739440207822,25.023248158081817,-0.011614201252758328,0.0,0.058071006263791636,0.0,0.0,0.0,epa_udds,PPO_seed42
789,8.9812,-6979.570827453229,0.0,0.0,0.4878300079358855,25.023291477170957,-0.013119494036566221,0.0,0.0655974701828311,0.0,0.0,0.0,epa_udds,PPO_seed42
790,9.3853,-7816.204255374108,0.0,0.0,0.4877808044066184,25.023346756388037,-0.014692113261981405,0.0,0.07346056630990702,0.0,0.0,0.0,epa_udds,PPO_seed42
791,9.8167,-8640.01206900975,0.0,0.0,0.48772641385482024,25.023415166578204,-0.016240624189867953,0.0,0.08120312094933976,0.0,0.0,0.0,epa_udds,PPO_seed42
792,10.2677,-9404.500637098796,0.0,0.0,0.4876672093697021,25.023496995044425,-0.017677632776501497,0.0,0.08838816388250748,0.0,0.0,0.0,epa_udds,PPO_seed42
793,10.729,-10059.813879353887,0.0,0.0,0.48760387791841536,25.023591323104657,-0.01890942458525167,0.0,0.09454712292625835,0.0,0.0,0.0,epa_udds,PPO_seed42
794,11.1902,-10556.792853915702,0.0,0.0,0.4875374160105318,25.02369583994439,-0.019843595590067112,0.0,0.09921797795033555,0.0,0.0,0.0,epa_udds,PPO_seed42
795,11.6412,-10867.79576006384,0.0,0.0,0.48746899428745394,25.02380721162011,-0.020428187518916993,0.0,0.10214093759458497,0.0,0.0,0.0,epa_udds,PPO_seed42
796,12.0727,-10976.809099721093,0.0,0.0,0.4873998843472762,25.023921430422607,-0.020633099811505816,0.0,0.10316549905752907,0.0,0.0,0.0,epa_udds,PPO_seed42
797,12.4767,-10882.91924786729,0.0,0.0,0.4873313636926449,25.024034327460303,-0.020456615127570094,0.0,0.10228307563785047,0.0,0.0,0.0,epa_udds,PPO_seed42
798,12.8478,-10619.843014862186,0.0,0.0,0.48726449768265623,25.024142498152226,-0.01996211093019208,0.0,0.09981055465096039,0.0,0.0,0.0,epa_udds,PPO_seed42
799,13.1831,-10230.268765508077,0.0,0.0,0.4872000830025683,25.024243595288784,-0.019229828506594132,0.0,0.09614914253297065,0.0,0.0,0.0,epa_udds,PPO_seed42
800,13.4826,-9774.948224207415,0.0,0.0,0.48713853387656814,25.024336654493155,-0.01837396282745755,0.0,0.09186981413728774,0.0,0.0,0.0,epa_udds,PPO_seed42
801,13.7491,-9320.842131741547,0.0,0.0,0.48707984291378476,25.024422046702586,-0.017520379946882606,0.0,0.08760189973441303,0.0,0.0,0.0,epa_udds,PPO_seed42
802,13.7646,-3960.477975095946,0.0,0.0,0.4870549043513475,25.024440489956405,-0.007444507471984861,0.0,0.037222537359924306,0.0,0.0,0.0,epa_udds,PPO_seed42
803,13.7607,-3543.2229109146883,0.0,0.0,0.4870325932141415,25.02445586702735,-0.006660193441568964,0.0,0.03330096720784482,0.0,0.0,0.0,epa_udds,PPO_seed42
804,13.7465,-3316.170842800874,0.0,0.0,0.4870117118457599,25.02446962687009,-0.006233403839851268,0.0,0.031167019199256338,0.0,0.0,0.0,epa_udds,PPO_seed42
805,13.7323,-3309.6055131319076,0.0,0.0,0.4869908718881743,25.02448318503958,-0.00622106299460885,0.0,0.031105314973044244,0.0,0.0,0.0,epa_udds,PPO_seed42
806,13.7283,-3525.5802422955935,0.0,0.0,0.48696867205048766,25.024497987422695,-0.006627030530630815,0.0,0.033135152653154074,0.0,0.0,0.0,epa_udds,PPO_seed42
807,13.7439,-3952.074131677116,0.0,0.0,0.4869437867285445,25.024515686266447,-0.0074287107738291655,0.0,0.03714355386914583,0.0,0.0,0.0,epa_udds,PPO_seed42
808,13.7869,-4561.630729669635,0.0,0.0,0.48691506318684136,25.024538226712814,-0.008574493852762472,0.0,0.04287246926381236,0.0,0.0,0.0,epa_udds,PPO_seed42
809,13.8628,-5313.257911227642,0.0,0.0,0.48688160677248904,25.024567790793707,-0.009987326900803839,0.0,0.04993663450401919,0.0,0.0,0.0,epa_udds,PPO_seed42
810,13.9746,-6161.996303046766,0.0,0.0,0.4868428058812469,25.02460665335907,-0.01158269981775708,0.0,0.057913499088785396,0.0,0.0,0.0,epa_udds,PPO_seed42
811,14.1222,-7047.846292544945,0.0,0.0,0.48679842665628903,25.024656761981507,-0.013247831376964182,0.0,0.0662391568848209,0.0,0.0,0.0,epa_udds,PPO_seed42
812,14.3027,-7912.90654874725,0.0,0.0,0.4867485997851142,25.024719383705744,-0.01487388449012641,0.0,0.07436942245063205,0.0,0.0,0.0,epa_udds,PPO_seed42
813,14.5106,-8697.333376740085,0.0,0.0,0.48669383275533584,25.02479469283695,-0.016348371008909936,0.0,0.08174185504454967,0.0,0.0,0.0,epa_udds,PPO_seed42
814,14.7381,-9340.504195178151,0.0,0.0,0.4866350147999271,25.02488142113054,-0.017557338712740886,0.0,0.08778669356370443,0.0,0.0,0.0,epa_udds,PPO_seed42
815,14.9758,-9790.74550843813,0.0,0.0,0.4865733605956082,25.024976809270488,-0.018403656970748368,0.0,0.09201828485374183,0.0,0.0,0.0,epa_udds,PPO_seed42
816,15.2135,-10010.11716065812,0.0,0.0,0.48651032383161413,25.0250768625814,-0.01881600970048519,0.0,0.09408004850242593,0.0,0.0,0.0,epa_udds,PPO_seed42
817,15.441,-9977.907809899798,0.0,0.0,0.4864474887516692,25.025176879372395,-0.01875546580808233,0.0,0.09377732904041164,0.0,0.0,0.0,epa_udds,PPO_seed42
818,15.649,-9696.92781862911,0.0,0.0,0.48638642204203003,25.025272223577467,-0.018227307929753966,0.0,0.09113653964876983,0.0,0.0,0.0,epa_udds,PPO_seed42
819,15.8295,-9184.325864228807,0.0,0.0,0.4863285825215404,25.02535892076024,-0.01726377042148272,0.0,0.08631885210741361,0.0,0.0,0.0,epa_udds,PPO_seed42
820,15.9771,-8496.242329452241,0.0,0.0,0.4862750755499013,25.02543453934365,-0.015970380318519252,0.0,0.07985190159259625,0.0,0.0,0.0,epa_udds,PPO_seed42
821,16.0889,-7693.519068664929,0.0,0.0,0.4862266233612075,25.025498191950394,-0.014461502008768666,0.0,0.07230751004384332,0.0,0.0,0.0,epa_udds,PPO_seed42
822,16.1648,-6850.28700126377,0.0,0.0,0.48618348132060146,25.025550454897107,-0.01287647932568378,0.0,0.0643823966284189,0.0,0.0,0.0,epa_udds,PPO_seed42
823,16.2078,-6052.250433564044,0.0,0.0,0.48614536499726557,25.025593069923445,-0.011376410589406099,0.0,0.05688205294703049,0.0,0.0,0.0,epa_udds,PPO_seed42
824,16.2234,-5371.407820819865,0.0,0.0,0.48611153646230065,25.025628310448496,-0.010096631242142605,0.0,0.05048315621071302,0.0,0.0,0.0,epa_udds,PPO_seed42
825,16.2194,-4874.338644258289,0.0,0.0,0.4860808384199413,25.025658626967772,-0.00916229068469603,0.0,0.045811453423480156,0.0,0.0,0.0,epa_udds,PPO_seed42
826,16.2052,-4608.576639811826,0.0,0.0,0.48605181417072263,25.025686392877418,-0.008662738044759071,0.0,0.04331369022379535,0.0,0.0,0.0,epa_udds,PPO_seed42
827,16.191,-4600.173936821349,0.0,0.0,0.4860228429176029,25.025713893320436,-0.008646943490265695,0.0,0.043234717451328473,0.0,0.0,0.0,epa_udds,PPO_seed42
828,16.187,-4854.642784016771,0.0,0.0,0.48599226913294524,25.025743488259906,-0.009125268391008967,0.0,0.045626341955044836,0.0,0.0,0.0,epa_udds,PPO_seed42
829,16.2026,-5358.117782311019,0.0,0.0,0.48595852459236144,25.025777811960673,-0.010071649966750036,0.0,0.05035824983375018,0.0,0.0,0.0,epa_udds,PPO_seed42
830,16.2456,-6078.043179227541,0.0,0.0,0.48592024606753176,25.025819866690135,-0.011424893194036733,0.0,0.05712446597018366,0.0,0.0,0.0,epa_udds,PPO_seed42
831,16.3215,-6965.378115936765,0.0,0.0,0.4858763791248729,25.02587291694511,-0.013092816007399935,0.0,0.06546408003699968,0.0,0.0,0.0,epa_udds,PPO_seed42
832,16.4333,-7966.060602280122,0.0,0.0,0.48582620972983204,25.02594027244389,-0.014973798124586697,0.0,0.07486899062293348,0.0,0.0,0.0,epa_udds,PPO_seed42
833,16.5809,-9008.325441002255,0.0,0.0,0.48576947573359197,25.026024671329093,-0.016932942558274915,0.0,0.08466471279137458,0.0,0.0,0.0,epa_udds,PPO_seed42
834,16.7614,-10023.309930786212,0.0,0.0,0.48570634861038037,25.02612779136042,-0.01884080814057559,0.0,0.09420404070287794,0.0,0.0,0.0,epa_udds,PPO_seed42
835,16.9694,-10943.36974961212,0.0,0.0,0.4856374258220766,25.026249743787083,-0.02057024389024835,0.0,0.10285121945124173,0.0,0.0,0.0,epa_udds,PPO_seed42
836,17.1969,-11690.045419017863,0.0,0.0,0.4855637989922473,25.026388388871524,-0.021973769584620044,0.0,0.10986884792310021,0.0,0.0,0.0,epa_udds,PPO_seed42
837,17.4346,-12212.353986254157,0.0,0.0,0.48548688092953035,25.026539646535515,-0.022955552605740896,0.0,0.11477776302870447,0.0,0.0,0.0,epa_udds,PPO_seed42
838,17.6723,-12465.268359326543,0.0,0.0,0.4854083681805893,25.026697673639127,-0.02343095556264388,0.0,0.11715477781321938,0.0,0.0,0.0,epa_udds,PPO_seed42
839,17.8998,-12426.606847987858,0.0,0.0,0.48533009718986725,25.02685567605788,-0.02335828354884936,0.0,0.11679141774424678,0.0,0.0,0.0,epa_udds,PPO_seed42
840,18.1077,-12098.282650389081,0.0,0.0,0.48525389255236084,25.02700692024163,-0.022741132801483238,0.0,0.11370566400741618,0.0,0.0,0.0,epa_udds,PPO_seed42
841,18.2882,-11509.795384041741,0.0,0.0,0.485181393232385,25.027145806257817,-0.02163495372940177,0.0,0.10817476864700884,0.0,0.0,0.0,epa_udds,PPO_seed42
842,18.4358,-10717.740255264345,0.0,0.0,0.48511388183531223,25.027268704783857,-0.02014612829936907,0.0,0.10073064149684535,0.0,0.0,0.0,epa_udds,PPO_seed42
843,18.5476,-9794.777381417194,0.0,0.0,0.485052183338441,25.027374210055523,-0.01841123567935563,0.0,0.09205617839677814,0.0,0.0,0.0,epa_udds,PPO_seed42
844,18.6235,-8825.627857122001,0.0,0.0,0.4849965890438092,25.027462990308884,-0.016589526047221807,0.0,0.08294763023610903,0.0,0.0,0.0,epa_udds,PPO_seed42
845,18.6665,-7908.2338756768995,0.0,0.0,0.4849467732394273,25.027537420752,-0.014865101270069361,0.0,0.0743255063503468,0.0,0.0,0.0,epa_udds,PPO_seed42
846,18.6821,-7124.948441355974,0.0,0.0,0.4849018913683586,25.02760072501967,-0.013392760228112734,0.0,0.06696380114056366,0.0,0.0,0.0,epa_udds,PPO_seed42
847,18.6781,-6552.312844369112,0.0,0.0,0.4848606166384746,25.02765650307667,-0.01231637752700961,0.0,0.061581887635048044,0.0,0.0,0.0,epa_udds,PPO_seed42
848,18.6639,-6245.398551523444,0.0,0.0,0.4848212752832207,25.027708360168745,-0.011739470961510234,0.0,0.05869735480755117,0.0,0.0,0.0,epa_udds,PPO_seed42
849,18.6497,-6234.856676478531,0.0,0.0,0.48478200041283637,25.027759849591405,-0.011719655406914532,0.0,0.05859827703457266,0.0,0.0,0.0,epa_udds,PPO_seed42
850,18.6458,-6530.7108385176825,0.0,0.0,0.4847408619639755,25.02781468422712,-0.012275772252852788,0.0,0.06137886126426394,0.0,0.0,0.0,epa_udds,PPO_seed42
851,18.6613,-7105.619419833795,0.0,0.0,0.48469610206698127,25.027876775645108,-0.013356427480890594,0.0,0.06678213740445296,0.0,0.0,0.0,epa_udds,PPO_seed42
852,18.7043,-7939.730382135103,0.0,0.0,0.4846460878491163,25.02795069376008,-0.014924305229577262,0.0,0.07462152614788631,0.0,0.0,0.0,epa_udds,PPO_seed42
853,18.7802,-8964.386209477107,0.0,0.0,0.48458961884168117,25.02804110723946,-0.01685035001781411,0.0,0.08425175008907056,0.0,0.0,0.0,epa_udds,PPO_seed42
854,18.892,-10119.388924031664,0.0,0.0,0.48452587367235805,25.02815266582728,-0.01902140775193922,0.0,0.09510703875969609,0.0,0.0,0.0,epa_udds,PPO_seed42
855,19.0396,-11321.205618526797,0.0,0.0,0.4844545570535746,25.028289096265304,-0.021280461688960146,0.0,0.10640230844480073,0.0,0.0,0.0,epa_udds,PPO_seed42
856,19.2201,-12489.950586351268,0.0,0.0,0.48437587683439054,25.028452555800225,-0.02347735072622419,0.0,0.11738675363112094,0.0,0.0,0.0,epa_udds,PPO_seed42
857,19.4281,-13547.722276212557,0.0,0.0,0.48429053155589546,25.028642971617668,-0.025465643376339393,0.0,0.12732821688169696,0.0,0.0,0.0,epa_udds,PPO_seed42
858,19.6556,-14404.99095374746,0.0,0.0,0.4841997837857078,25.02885713408406,-0.027077050664938835,0.0,0.13538525332469417,0.0,0.0,0.0,epa_udds,PPO_seed42
859,19.8933,-15004.415887466892,0.0,0.0,0.48410525744104277,25.02908918833279,-0.02820378926215581,0.0,0.14101894631077905,0.0,0.0,0.0,epa_udds,PPO_seed42
860,20.131,-15295.923660700717,0.0,0.0,0.48400889209257947,25.02933089934156,-0.028751736204324658,0.0,0.14375868102162329,0.0,0.0,0.0,epa_udds,PPO_seed42
861,20.3585,-15255.645505278459,0.0,0.0,0.4839127779421207,25.029572770773875,-0.028676025385861767,0.0,0.14338012692930882,0.0,0.0,0.0,epa_udds,PPO_seed42
862,20.5664,-14886.922539937083,0.0,0.0,0.4838189844172224,25.029805407986967,-0.027982937105144892,0.0,0.13991468552572445,0.0,0.0,0.0,epa_udds,PPO_seed42
863,20.747,-14227.298231358425,0.0,0.0,0.48372934465488127,25.030021045418263,-0.02674304178826772,0.0,0.1337152089413386,0.0,0.0,0.0,epa_udds,PPO_seed42
864,20.8946,-13331.177166680542,0.0,0.0,0.48364534919229496,25.030214316080514,-0.025058603696767934,0.0,0.12529301848383967,0.0,0.0,0.0,epa_udds,PPO_seed42
865,21.0063,-12286.968201096886,0.0,0.0,0.48356793162166894,25.03038305736962,-0.023095804889279863,0.0,0.1154790244463993,0.0,0.0,0.0,epa_udds,PPO_seed42
866,21.0822,-11196.782002055876,0.0,0.0,0.4834973821536046,25.030528111772806,-0.021046582710631347,0.0,0.10523291355315673,0.0,0.0,0.0,epa_udds,PPO_seed42
867,21.1252,-10160.944504437293,0.0,0.0,0.48343335878250054,25.030652522837595,-0.019099519745182883,0.0,0.09549759872591441,0.0,0.0,0.0,epa_udds,PPO_seed42
868,21.1408,-9275.547802077432,0.0,0.0,0.4833749139226772,25.030760712574512,-0.017435240229468858,0.0,0.08717620114734428,0.0,0.0,0.0,epa_udds,PPO_seed42
869,21.1368,-8627.260770937482,0.0,0.0,0.4833205537774589,25.030857796397786,-0.016216655584468952,0.0,0.08108327792234477,0.0,0.0,0.0,epa_udds,PPO_seed42
870,21.1226,-8278.892390959536,0.0,0.0,0.48326838869667055,25.030949057229126,-0.01556182780255552,0.0,0.0778091390127776,0.0,0.0,0.0,epa_udds,PPO_seed42
871,21.1085,-8269.284465732413,0.0,0.0,0.48321628421743473,25.031039863051316,-0.015543767792730102,0.0,0.0777188389636505,0.0,0.0,0.0,epa_udds,PPO_seed42
872,21.1045,-8597.20452034833,0.0,0.0,0.4831621135843521,25.031135620300663,-0.016160158872835208,0.0,0.08080079436417603,0.0,0.0,0.0,epa_udds,PPO_seed42
873,21.1201,-9255.639561761744,0.0,0.0,0.48310379416851423,25.031242315191662,-0.01739781872511606,0.0,0.0869890936255803,0.0,0.0,0.0,epa_udds,PPO_seed42
874,21.163,-10195.656129193985,0.0,0.0,0.48303955158074313,25.031366292090627,-0.01916476716013907,0.0,0.09582383580069535,0.0,0.0,0.0,epa_udds,PPO_seed42
875,21.239,-11365.948212493875,0.0,0.0,0.48296793459019227,25.031514349104924,-0.021364564309199016,0.0,0.10682282154599507,0.0,0.0,0.0,epa_udds,PPO_seed42
876,21.3507,-12670.915861325255,0.0,0.0,0.48288809419343975,25.03169255664883,-0.023817511017528676,0.0,0.11908755508764338,0.0,0.0,0.0,epa_udds,PPO_seed42
877,21.4983,-14038.742638142498,0.0,0.0,0.48279963375936863,25.031906094389203,-0.02638861398147086,0.0,0.1319430699073543,0.0,0.0,0.0,epa_udds,PPO_seed42
878,21.6789,-15368.582554874774,0.0,0.0,0.4827027919777965,25.032157695301027,-0.028888313073072887,0.0,0.14444156536536443,0.0,0.0,0.0,epa_udds,PPO_seed42
879,21.8868,-16561.583989865754,0.0,0.0,0.48259843037422895,25.03244668389519,-0.03113079697343187,0.0,0.15565398486715934,0.0,0.0,0.0,epa_udds,PPO_seed42
880,22.1143,-17537.68544462146,0.0,0.0,0.4824879150206055,25.032768758838465,-0.0329655741440253,0.0,0.1648278707201265,0.0,0.0,0.0,epa_udds,PPO_seed42
881,22.352,-18219.27868558775,0.0,0.0,0.482373101200105,25.033115679135477,-0.03424676444659352,0.0,0.17123382223296757,0.0,0.0,0.0,epa_udds,PPO_seed42
882,22.1427,-2531.2893116903974,0.0,0.0,0.48235714909059085,25.03315555064968,-0.004758062615959394,0.0,0.023790313079796968,0.0,0.0,0.0,epa_udds,PPO_seed42
883,21.9231,-2030.6194610328498,0.0,0.0,0.48234435250440494,25.03319124124376,-0.0038169538741218987,0.0,0.019084769370609492,0.0,0.0,0.0,epa_udds,PPO_seed42
884,21.684,-1218.2471657654314,0.0,0.0,0.48233667553429155,25.03322241255291,-0.002289938281513969,0.0,0.011449691407569844,0.0,0.0,0.0,epa_udds,PPO_seed42
885,21.4175,-146.25978664835407,0.0,0.0,0.4823357538814082,25.033250114536543,-0.00027492441099314675,0.0,0.0013746220549657336,0.0,0.0,0.0,epa_udds,PPO_seed42
886,21.1181,787.7889026479432,0.0,0.0,0.48234071796519284,25.033276194278816,0.04263537234029997,0.0,0.0074040310399242784,0.03151155610591773,0.0,0.0,epa_udds,PPO_seed42
887,20.7828,1734.1013762651398,0.0,0.0,0.48235164467850483,25.033302290015996,0.09385008801771787,0.0,0.01629794526564981,0.0693640550506056,0.0,0.0,epa_udds,PPO_seed42
888,20.4117,2653.210873551748,0.0,0.0,0.48236836219238155,25.033329921544848,0.14359257043477805,0.0,0.024936192420599138,0.10612843494206993,0.0,0.0,epa_udds,PPO_seed42
889,20.0076,3478.035572912808,0.0,0.0,0.48239027600317186,25.033360043405963,0.1882323312317774,0.0,0.03268830425669932,0.13912142291651233,0.0,0.0,epa_udds,PPO_seed42
890,19.5762,4142.639197031123,0.0,0.0,0.4824163762272477,25.03339268075583,0.2242008792498498,0.0,0.038934578919465446,0.16570556788124494,0.0,0.0,epa_udds,PPO_seed42
891,19.1251,4610.01980336493,0.0,0.0,0.4824454199773381,25.03342697123671,0.24949565823023132,0.0,0.043327253791023784,0.1844007921345972,0.0,0.0,epa_udds,PPO_seed42
892,18.6639,4847.207938903103,0.0,0.0,0.482475956822893,25.03346126644282,0.2623323514603348,0.0,0.04555646559119458,0.19388831755612412,0.0,0.0,epa_udds,PPO_seed42
893,18.2027,4858.003743512004,0.0,0.0,0.48250656047009904,25.033493681641033,0.2629166236526271,0.0,0.045657929920225604,0.19432014974048015,0.0,0.0,epa_udds,PPO_seed42
894,17.7517,4656.285459191044,0.0,0.0,0.48253589224152854,25.03352246960067,0.25199956943802354,0.0,0.04376208138337447,0.18625141836764175,0.0,0.0,epa_udds,PPO_seed42
895,17.3202,4275.413470550774,0.0,0.0,0.4825628237702096,25.033546414583647,0.23138666286484563,0.0,0.04018245742998848,0.17101653882203097,0.0,0.0,epa_udds,PPO_seed42
896,16.9162,3753.381279510233,0.0,0.0,0.48258646613085626,25.033564964457934,0.20313412368356884,0.0,0.03527613984502099,0.15013525118040932,0.0,0.0,epa_udds,PPO_seed42
897,16.545,3149.921256518864,0.0,0.0,0.482606306711666,25.03357833631863,0.1704746857475397,0.0,0.02960452308758331,0.12599685026075455,0.0,0.0,epa_udds,PPO_seed42
898,16.2098,2507.610500231749,0.0,0.0,0.48262210109365833,25.033587214483656,0.13571263444111376,0.0,0.02356776785932095,0.10030442000926997,0.0,0.0,epa_udds,PPO_seed42
899,15.9103,1889.6943091208211,0.0,0.0,0.482634003186851,25.03359263034502,0.10227082433873436,0.0,0.017760284860158092,0.07558777236483284,0.0,0.0,epa_udds,PPO_seed42
900,15.6438,1335.34698100049,0.0,0.0,0.48264241358265714,25.033595604503702,0.0722693802198611,0.0,0.012550253580831672,0.0534138792400196,0.0,0.0,epa_udds,PPO_seed42
901,15.4047,890.4453528361527,0.0,0.0,0.48264802175353105,25.0335970090129,0.04819117029860621,0.0,0.00836884730109166,0.035617814113446104,0.0,0.0,epa_udds,PPO_seed42
902,15.1852,587.4282057884969,0.0,0.0,0.48265172140971085,25.033597449640432,0.03179179116741053,0.0,0.005520941783726475,0.023497128231539877,0.0,0.0,epa_udds,PPO_seed42
903,14.9758,449.8250355245565,0.0,0.0,0.48265455438963845,25.033597283482813,0.024344666208313968,0.0,0.0042276789053059816,0.01799300142098226,0.0,0.0,epa_udds,PPO_seed42
904,14.7665,480.6656270411639,0.0,0.0,0.4826575815586835,25.033596718782796,0.026013768296558624,0.0,0.0045175340887327435,0.019226625081646555,0.0,0.0,epa_udds,PPO_seed42
905,14.547,679.19447638268,0.0,0.0,0.4826618589762217,25.03359597335711,0.036758209330846094,0.0,0.006383406732919925,0.0271677790553072,0.0,0.0,epa_udds,PPO_seed42
906,14.3079,1023.7640938177849,0.0,0.0,0.4826683063253506,25.033595395980242,0.0554064206563941,0.0,0.009621842987009256,0.040950563752711396,0.0,0.0,epa_udds,PPO_seed42
907,14.0414,1480.3536583070181,0.0,0.0,0.4826776289940877,25.033595513693452,0.08011718520672118,0.0,0.013913098292359193,0.059214146332280726,0.0,0.0,epa_udds,PPO_seed42
908,13.7419,2004.9208133455293,0.0,0.0,0.48269025497111184,25.03359696895229,0.10850691740196332,0.0,0.018843240726931665,0.08019683253382118,0.0,0.0,epa_udds,PPO_seed42
909,13.4066,2545.039086487748,0.0,0.0,0.48270628206049465,25.03360035051459,0.13773828078600608,0.0,0.023919540286538987,0.10180156345950993,0.0,0.0,epa_udds,PPO_seed42
910,13.0355,3051.2280081720655,0.0,0.0,0.4827254964558558,25.033606010469338,0.16513337746483103,0.0,0.02867695496402317,0.12204912032688262,0.0,0.0,epa_udds,PPO_seed42
911,12.6315,3477.3689445943332,0.0,0.0,0.48274739393812355,25.033613904973993,0.1881962531066918,0.0,0.03268203895295426,0.13909475778377334,0.0,0.0,epa_udds,PPO_seed42
912,12.2,3789.4894872800205,0.0,0.0,0.48277125639186597,25.033623561023976,0.2050883107476811,0.0,0.03561550270000019,0.15157957949120082,0.0,0.0,epa_udds,PPO_seed42
913,11.749,3959.539018224408,0.0,0.0,0.48279618912063005,25.033634102144912,0.21429144250510745,0.0,0.03721371257729707,0.15838156072897633,0.0,0.0,epa_udds,PPO_seed42
914,11.2878,3983.657941823898,0.0,0.0,0.48282127319327756,25.033644494415526,0.21559676590412344,0.0,0.03744039419007423,0.15934631767295593,0.0,0.0,epa_udds,PPO_seed42
915,10.8265,3868.6653379046215,0.0,0.0,0.4828456326863076,25.03365374005117,0.2093733315957704,0.0,0.03635963663444193,0.15474661351618485,0.0,0.0,epa_udds,PPO_seed42
916,10.3755,3629.67278041921,0.0,0.0,0.48286848688944634,25.0336610389236,0.19643898250719904,0.0,0.03411346598138355,0.1451869112167684,0.0,0.0,epa_udds,PPO_seed42
917,9.9441,3297.238372811702,0.0,0.0,0.4828892475469703,25.03366594938689,0.17844753238720773,0.0,0.0309890824512378,0.13188953491246808,0.0,0.0,epa_udds,PPO_seed42
918,9.54,2903.2425273650556,0.0,0.0,0.4829075271589117,25.033668378015083,0.15712435873664415,0.0,0.027286113978994882,0.11612970109460223,0.0,0.0,epa_udds,PPO_seed42
919,9.1689,2478.28256222235,0.0,0.0,0.4829231308803348,25.033668507530884,0.1341253976156126,0.0,0.023292129344195018,0.099131302488894,0.0,0.0,epa_udds,PPO_seed42
920,8.8336,2055.957444988076,0.0,0.0,0.48293607540292505,25.033666719933848,0.11126903525582084,0.0,0.019322908317557105,0.08223829779952305,0.0,0.0,epa_udds,PPO_seed42
921,8.5342,1661.8533915719918,0.0,0.0,0.4829465384934155,25.033663465272998,0.0899400053574075,0.0,0.015618922853120224,0.06647413566287967,0.0,0.0,epa_udds,PPO_seed42
922,8.3794,283.90471599954486,0.0,0.0,0.4829483259519568,25.033657610786552,0.015365008614772361,0.0,0.00266827740601076,0.011356188639981795,0.0,0.0,epa_udds,PPO_seed42
923,8.2521,32.79790152141633,0.0,0.0,0.48294853244609576,25.033651656275055,0.0017750322943695842,0.0,0.0003082509541486497,0.001311916060856653,0.0,0.0,epa_udds,PPO_seed42
924,8.1443,-193.65114338614083,0.0,0.0,0.48294731323060175,25.0336457185267,-0.0003640059086205655,0.0,0.0018200295431028274,0.0,0.0,0.0,epa_udds,PPO_seed42
925,8.0467,-311.55387744561057,0.0,0.0,0.4829453517108391,25.033639825105006,-0.0005856275891834785,0.0,0.0029281379459173925,0.0,0.0,0.0,epa_udds,PPO_seed42
926,7.9491,-300.5032036893996,0.0,0.0,0.4829434597682126,25.033633916191352,-0.000564855646032706,0.0,0.00282427823016353,0.0,0.0,0.0,epa_udds,PPO_seed42
927,7.8414,-165.4206947733983,0.0,0.0,0.48294241829517304,25.033627938922095,-0.0003109411555890946,0.0,0.0015547057779454728,0.0,0.0,0.0,epa_udds,PPO_seed42
928,7.714,59.48342328296742,0.0,0.0,0.4829427927964482,25.033621928419628,0.00321926075782556,0.0,0.0005590547301030773,0.0023793369313186968,0.0,0.0,epa_udds,PPO_seed42
929,7.5593,296.95903301119574,0.0,0.0,0.4829446624138047,25.03361598415734,0.016071512177553284,0.0,0.002790968355368381,0.01187836132044783,0.0,0.0,epa_udds,PPO_seed42
930,7.3716,570.7556550301396,0.0,0.0,0.4829482558086267,25.033610247997185,0.03088946770606725,0.0,0.005364244878102815,0.022830226201205582,0.0,0.0,epa_udds,PPO_seed42
931,7.1481,849.8475427379916,0.0,0.0,0.48295360630279777,25.033604867475397,0.04599400460622605,0.0,0.00798728893550744,0.033993901709519665,0.0,0.0,epa_udds,PPO_seed42
932,6.8887,1106.5701322665802,0.0,0.0,0.48296057304292345,25.03359994053615,0.05988790836131462,0.0,0.010400095228069364,0.04426280529066321,0.0,0.0,epa_udds,PPO_seed42
933,6.5964,1313.6500672260545,0.0,0.0,0.4829688434680684,25.033595465134958,0.07109513672100105,0.0,0.012346335218289985,0.05254600268904218,0.0,0.0,epa_udds,PPO_seed42
934,6.2767,1453.5005365588258,0.0,0.0,0.48297799430004307,25.033591333589285,0.07866388618158215,0.0,0.013660719328560392,0.05814002146235303,0.0,0.0,epa_udds,PPO_seed42
935,5.9375,1515.0049563598632,0.0,0.0,0.4829875322832637,25.033587354186015,0.08199252387878417,0.0,0.014238768386840819,0.06060019825439453,0.0,0.0,epa_udds,PPO_seed42
936,5.588,1499.786626787138,0.0,0.0,0.4829969743939904,25.033583313536965,0.08116890330536705,0.0,0.014095738973563327,0.05999146507148552,0.0,0.0,epa_udds,PPO_seed42
937,5.2385,1414.3454663027023,0.0,0.0,0.4830058785413442,25.033579022846187,0.07654480200335978,0.0,0.013292720547957729,0.056573818652108095,0.0,0.0,epa_udds,PPO_seed42
938,4.8993,1273.354110066961,0.0,0.0,0.48301389501681397,25.03357436268421,0.06891430740046606,0.0,0.011967613816418808,0.05093416440267844,0.0,0.0,epa_udds,PPO_seed42
939,4.5796,1096.0989229989398,0.0,0.0,0.4830207955357768,25.03356929748249,0.05932120336651405,0.0,0.010301681607132893,0.04384395691995759,0.0,0.0,epa_udds,PPO_seed42
940,4.2873,899.258022458971,0.0,0.0,0.4830264568125798,25.033563855751126,0.0486681146290201,0.0,0.008451673143411382,0.03597032089835884,0.0,0.0,epa_udds,PPO_seed42
941,4.0279,700.0943973088079,0.0,0.0,0.48303086423923286,25.03355810985221,0.037889319337058636,0.0,0.006579834561173006,0.028003775892352315,0.0,0.0,epa_udds,PPO_seed42
942,3.8044,511.08991436213114,0.0,0.0,0.4830340817838212,25.03355214609084,0.027660339876530975,0.0,0.004803476638741834,0.020443596574485245,0.0,0.0,epa_udds,PPO_seed42
943,3.6167,342.98417436788014,0.0,0.0,0.48303624102144743,25.033546046229077,0.01856240666992482,0.0,0.003223535473382332,0.013719366974715206,0.0,0.0,epa_udds,PPO_seed42
944,3.462,201.95736608876663,0.0,0.0,0.4830375124308885,25.033539874030442,0.010929993391781521,0.0,0.0018980955459470547,0.008078294643550666,0.0,0.0,epa_udds,PPO_seed42
945,3.3346,93.78485814126368,0.0,0.0,0.4830381028468206,25.033533672315038,0.005075664728577563,0.0,0.0008814366366660121,0.0037513943256505472,0.0,0.0,epa_udds,PPO_seed42
946,3.2269,20.51956194764495,0.0,0.0,0.4830382320262052,25.033527463637398,0.001110524863903371,0.0,0.00019285302582373073,0.000820782477905798,0.0,0.0,epa_udds,PPO_seed42
947,3.1293,0.0,20.389847850899447,0.0,0.4830382320262052,25.033521255631456,-0.00028745086255967263,0.0001916339083731151,0.0,0.0,0.0,0.0,epa_udds,PPO_seed42
948,3.0317,0.0,18.6857037051238,0.0,0.4830382320262052,25.033515048723775,-0.00026342627403839943,0.00017561751602559962,0.0,0.0,0.0,0.0,epa_udds,PPO_seed42
949,2.9239,21.219273632314763,0.0,0.0,0.48303836561050356,25.033508843343903,0.0011483934707173056,0.0,0.00019942926346160493,0.0008487709452925905,0.0,0.0,epa_udds,PPO_seed42
950,2.7966,82.23237386889535,0.0,0.0,0.48303888329795225,25.03350264502463,0.004450440805325629,0.0,0.0007728606566625503,0.0032892949547558142,0.0,0.0,epa_udds,PPO_seed42
951,2.2352,1155.1249563383778,0.0,0.0,0.48304615529331596,25.033497704900313,0.06251571004303491,0.0,0.010856437559571221,0.046204998253535114,0.0,0.0,epa_udds,PPO_seed42
952,2.0117,279.1045410531629,0.0,0.0,0.48304791236602057,25.033491575391118,0.015105221703012527,0.0,0.00262316297982296,0.011164181642126516,0.0,0.0,epa_udds,PPO_seed42
953,1.7882,248.736723691215,0.0,0.0,0.4830494782598762,25.033485431878688,0.013461706294205756,0.0,0.002337751162511419,0.0099494689476486,0.0,0.0,epa_udds,PPO_seed42
954,1.5646,218.30429561467932,0.0,0.0,0.48305085256868796,25.03347927612705,0.011814694134093699,0.0,0.002051732101641723,0.008732171824587173,0.0,0.0,epa_udds,PPO_seed42
955,1.3411,187.33719962996398,0.0,0.0,0.4830520319269927,25.03347310972296,0.010138745585988576,0.0,0.0017606879664470298,0.007493487985198559,0.0,0.0,epa_udds,PPO_seed42
956,1.1176,156.37576194229715,0.0,0.0,0.48305301637081094,25.03346693448947,0.008463103266621464,0.0,0.0014696970107358754,0.006255030477691886,0.0,0.0,epa_udds,PPO_seed42
957,0.8941,125.27300806140182,0.0,0.0,0.48305380501082607,25.03346075220031,0.006779812872375716,0.0,0.001177377895313927,0.0050109203224560726,0.0,0.0,epa_udds,PPO_seed42
958,0.6706,94.05719869700148,0.0,0.0,0.48305439713555903,25.033454564649226,0.005090403881361027,0.0,0.0008839962283552771,0.003762287947880059,0.0,0.0,epa_udds,PPO_seed42
959,0.447,62.79263905370252,0.0,0.0,0.48305479243828364,25.03344837365094,0.003398356510590607,0.0,0.0005901563820836704,0.002511705562148101,0.0,0.0,epa_udds,PPO_seed42
960,0.2235,31.385417881712826,0.0,0.0,0.4830549900209977,25.033442181019495,0.0016985882549817213,0.0,0.0002949757319709852,0.0012554167152685131,0.0,0.0,epa_udds,PPO_seed42
961,0.0,0.0,0.0,0.0,0.4830549900209977,25.033435988593173,0.0,0.0,0.0,0.0,0.0,0.0,epa_udds,PPO_seed42
962,0.0,0.0,0.0,0.0,0.4830549900209977,25.03342979727622,0.0,0.0,0.0,0.0,0.0,0.0,epa_udds,PPO_seed42
963,0.0,0.0,0.0,0.0,0.4830549900209977,25.03342360707088,0.0,0.0,0.0,0.0,0.0,0.0,epa_udds,PPO_seed42
964,0.0,0.0,0.0,0.0,0.4830549900209977,25.033417417979237,0.0,0.0,0.0,0.0,0.0,0.0,epa_udds,PPO_seed42
965,0.0,0.0,0.0,0.0,0.4830549900209977,25.033411230003225,0.0,0.0,0.0,0.0,0.0,0.0,epa_udds,PPO_seed42
966,0.0,0.0,0.0,0.0,0.4830549900209977,25.033405043144633,0.0,0.0,0.0,0.0,0.0,0.0,epa_udds,PPO_seed42
967,0.0,0.0,0.0,0.0,0.4830549900209977,25.03339885740513,0.0,0.0,0.0,0.0,0.0,0.0,epa_udds,PPO_seed42
968,0.0,0.0,0.0,0.0,0.4830549900209977,25.033392672786245,0.0,0.0,0.0,0.0,0.0,0.0,epa_udds,PPO_seed42
969,0.0,0.0,0.0,0.0,0.4830549900209977,25.03338648928941,0.0,0.0,0.0,0.0,0.0,0.0,epa_udds,PPO_seed42
970,0.0,0.0,0.0,0.0,0.4830549900209977,25.033380306915937,0.0,0.0,0.0,0.0,0.0,0.0,epa_udds,PPO_seed42
971,0.0,0.0,0.0,0.0,0.4830549900209977,25.033374125667045,0.0,0.0,0.0,0.0,0.0,0.0,epa_udds,PPO_seed42
972,0.0,0.0,0.0,0.0,0.4830549900209977,25.033367945543855,0.0,0.0,0.0,0.0,0.0,0.0,epa_udds,PPO_seed42
973,0.0,0.0,0.0,0.0,0.4830549900209977,25.0333617665474,0.0,0.0,0.0,0.0,0.0,0.0,epa_udds,PPO_seed42
974,0.0,0.0,0.0,0.0,0.4830549900209977,25.03335558867864,0.0,0.0,0.0,0.0,0.0,0.0,epa_udds,PPO_seed42
975,0.0,0.0,0.0,0.0,0.4830549900209977,25.033349411938445,0.0,0.0,0.0,0.0,0.0,0.0,epa_udds,PPO_seed42
976,0.0,0.0,0.0,0.0,0.4830549900209977,25.033343236327624,0.0,0.0,0.0,0.0,0.0,0.0,epa_udds,PPO_seed42
977,0.0,0.0,0.0,0.0,0.4830549900209977,25.033337061846918,0.0,0.0,0.0,0.0,0.0,0.0,epa_udds,PPO_seed42
978,0.0,0.0,0.0,0.0,0.4830549900209977,25.033330888497,0.0,0.0,0.0,0.0,0.0,0.0,epa_udds,PPO_seed42
979,0.0,0.0,0.0,0.0,0.4830549900209977,25.033324716278496,0.0,0.0,0.0,0.0,0.0,0.0,epa_udds,PPO_seed42
980,0.0,0.0,0.0,0.0,0.4830549900209977,25.033318545191964,0.0,0.0,0.0,0.0,0.0,0.0,epa_udds,PPO_seed42
981,0.0,0.0,0.0,0.0,0.4830549900209977,25.03331237523792,0.0,0.0,0.0,0.0,0.0,0.0,epa_udds,PPO_seed42
982,0.0,0.0,0.0,0.0,0.4830549900209977,25.033306206416828,0.0,0.0,0.0,0.0,0.0,0.0,epa_udds,PPO_seed42
983,0.0,0.0,0.0,0.0,0.4830549900209977,25.03330003872911,0.0,0.0,0.0,0.0,0.0,0.0,epa_udds,PPO_seed42
984,0.0,0.0,0.0,0.0,0.4830549900209977,25.033293872175147,0.0,0.0,0.0,0.0,0.0,0.0,epa_udds,PPO_seed42
985,0.0,0.0,0.0,0.0,0.4830549900209977,25.033287706755278,0.0,0.0,0.0,0.0,0.0,0.0,epa_udds,PPO_seed42
986,0.0,0.0,0.0,0.0,0.4830549900209977,25.033281542469812,0.0,0.0,0.0,0.0,0.0,0.0,epa_udds,PPO_seed42
987,0.0,0.0,0.0,0.0,0.4830549900209977,25.03327537931902,0.0,0.0,0.0,0.0,0.0,0.0,epa_udds,PPO_seed42
988,0.0,0.0,0.0,0.0,0.4830549900209977,25.033269217303136,0.0,0.0,0.0,0.0,0.0,0.0,epa_udds,PPO_seed42
989,0.0,0.0,0.0,0.0,0.4830549900209977,25.033263056422378,0.0,0.0,0.0,0.0,0.0,0.0,epa_udds,PPO_seed42
990,0.0,0.0,0.0,0.0,0.4830549900209977,25.033256896676924,0.0,0.0,0.0,0.0,0.0,0.0,epa_udds,PPO_seed42
991,0.0,0.0,0.0,0.0,0.4830549900209977,25.033250738066933,0.0,0.0,0.0,0.0,0.0,0.0,epa_udds,PPO_seed42
992,0.0,0.0,0.0,0.0,0.4830549900209977,25.033244580592534,0.0,0.0,0.0,0.0,0.0,0.0,epa_udds,PPO_seed42
993,0.0,0.0,0.0,0.0,0.4830549900209977,25.033238424253838,0.0,0.0,0.0,0.0,0.0,0.0,epa_udds,PPO_seed42
994,0.0,0.0,0.0,0.0,0.4830549900209977,25.033232269050938,0.0,0.0,0.0,0.0,0.0,0.0,epa_udds,PPO_seed42
995,0.0,0.0,0.0,0.0,0.4830549900209977,25.0332261149839,0.0,0.0,0.0,0.0,0.0,0.0,epa_udds,PPO_seed42
996,0.0,0.0,0.0,0.0,0.4830549900209977,25.03321996205278,0.0,0.0,0.0,0.0,0.0,0.0,epa_udds,PPO_seed42
997,0.0,0.0,0.0,0.0,0.4830549900209977,25.033213810257607,0.0,0.0,0.0,0.0,0.0,0.0,epa_udds,PPO_seed42
998,0.0,0.0,0.0,0.0,0.4830549900209977,25.0332076595984,0.0,0.0,0.0,0.0,0.0,0.0,epa_udds,PPO_seed42
999,0.0,0.0,0.0,0.0,0.4830549900209977,25.033201510075163,0.0,0.0,0.0,0.0,0.0,0.0,epa_udds,PPO_seed42
1000,0.0,0.0,0.0,0.0,0.4830549900209977,25.033195361687884,0.0,0.0,0.0,0.0,0.0,0.0,epa_udds,PPO_seed42
1001,0.0,0.0,0.0,0.0,0.4830549900209977,25.03318921443654,0.0,0.0,0.0,0.0,0.0,0.0,epa_udds,PPO_seed42
1002,0.2235,-111.81614183095442,0.0,0.0,0.48305428609535994,25.033183080160896,-0.00021018071772735793,0.0,0.0010509035886367897,0.0,0.0,0.0,epa_udds,PPO_seed42
1003,0.447,-223.67153464763538,0.0,0.0,0.4830528779963921,25.03317698253453,-0.0004204352155030741,0.0,0.0021021760775153703,0.0,0.0,0.0,epa_udds,PPO_seed42
1004,0.6706,-335.75985069860906,0.0,0.0,0.4830507642563639,25.03317094540624,-0.0006311275389071599,0.0,0.0031556376945357993,0.0,0.0,0.0,epa_udds,PPO_seed42
1005,0.8941,-447.70724435916406,0.0,0.0,0.4830479457602816,25.033164992508325,-0.0008415549705999325,0.0,0.004207774852999662,0.0,0.0,0.0,epa_udds,PPO_seed42
1006,1.1176,-559.9159750801427,0.0,0.0,0.48304442086003335,25.033159147984506,-0.0010524736373686895,0.0,0.005262368186843447,0.0,0.0,0.0,epa_udds,PPO_seed42
1007,1.3411,-672.3209782917169,0.0,0.0,0.48304018831639794,25.03315343615676,-0.0012637612373904454,0.0,0.006318806186952226,0.0,0.0,0.0,epa_udds,PPO_seed42
1008,1.5646,-784.961504979612,0.0,0.0,0.48303524664236014,25.033147881642908,-0.0014754915507135564,0.0,0.0073774577535677816,0.0,0.0,0.0,epa_udds,PPO_seed42
1009,1.7882,-898.2055593177564,0.0,0.0,0.4830295920334804,25.033142509965195,-0.001688356314507061,0.0,0.008441781572535305,0.0,0.0,0.0,epa_udds,PPO_seed42
1010,2.0117,-1011.1568707594953,0.0,0.0,0.48302322632708317,25.03313734545941,-0.0019006708096982996,0.0,0.009503354048491498,0.0,0.0,0.0,epa_udds,PPO_seed42
1011,2.2352,-1124.7396406411433,0.0,0.0,0.48301614554160277,25.033132414394064,-0.0021141722568442547,0.0,0.010570861284221272,0.0,0.0,0.0,epa_udds,PPO_seed42
1012,2.3328,-717.5948978678551,0.0,0.0,0.483011627915571,25.033126777603428,-0.0013488625899771714,0.0,0.006744312949885856,0.0,0.0,0.0,epa_udds,PPO_seed42
1013,2.6822,-1878.4160352226215,0.0,0.0,0.48299980230529743,25.033123998028525,-0.0035308572090650783,0.0,0.01765428604532539,0.0,0.0,0.0,epa_udds,PPO_seed42
1014,3.0317,-2127.1993681495696,0.0,0.0,0.48298641039473716,25.03312217153189,-0.003998495052912725,0.0,0.019992475264563624,0.0,0.0,0.0,epa_udds,PPO_seed42
1015,3.371,-2316.074608495172,0.0,0.0,0.48297182931249916,25.03312115257759,-0.004353523700178895,0.0,0.021767618500894474,0.0,0.0,0.0,epa_udds,PPO_seed42
1016,3.6907,-2428.0842399362696,0.0,0.0,0.48295654295423934,25.033120653343254,-0.004564068120180958,0.0,0.02282034060090479,0.0,0.0,0.0,epa_udds,PPO_seed42
1017,3.983,-2455.856865002465,0.0,0.0,0.4829410816372934,25.03312030251781,-0.004616272302636212,0.0,0.023081361513181062,0.0,0.0,0.0,epa_udds,PPO_seed42
1018,4.2423,-2403.2676662495096,0.0,0.0,0.48292595129780563,25.03311973235436,-0.004517420425281033,0.0,0.022587102126405165,0.0,0.0,0.0,epa_udds,PPO_seed42
1019,4.4658,-2286.2781457185424,0.0,0.0,0.4829115573964801,25.033118666797982,-0.00429751531150102,0.0,0.0214875765575051,0.0,0.0,0.0,epa_udds,PPO_seed42
1020,4.6535,-2127.890783720251,0.0,0.0,0.482898160584741,25.03311696344258,-0.0039997947062410735,0.0,0.019998973531205368,0.0,0.0,0.0,epa_udds,PPO_seed42
1021,4.8083,-1956.7242675670839,0.0,0.0,0.48288584133952167,25.03311462118646,-0.0036780531345245934,0.0,0.018390265672622967,0.0,0.0,0.0,epa_udds,PPO_seed42
1022,4.9356,-1800.9819491153644,0.0,0.0,0.48287450257201003,25.03311174598316,-0.0033853044156303847,0.0,0.016926522078151922,0.0,0.0,0.0,epa_udds,PPO_seed42
1023,5.0434,-1690.51367147911,0.0,0.0,0.48286385925722664,25.033108524617617,-0.003177657277216372,0.0,0.01588828638608186,0.0,0.0,0.0,epa_udds,PPO_seed42
1024,5.141,-1644.6523296211906,0.0,0.0,0.48285350464504817,25.033105175765623,-0.003091451747408253,0.0,0.015457258737041265,0.0,0.0,0.0,epa_udds,PPO_seed42
1025,5.2385,-1678.13496346847,0.0,0.0,0.4828429391945178,25.033101948884966,-0.0031543890290760715,0.0,0.015771945145380356,0.0,0.0,0.0,epa_udds,PPO_seed42
1026,5.3463,-1801.9024700285036,0.0,0.0,0.4828315944732562,25.033099147189446,-0.003387034718098691,0.0,0.016935173590493454,0.0,0.0,0.0,epa_udds,PPO_seed42
1027,5.4737,-2016.1492953430713,0.0,0.0,0.4828189008150552,25.033097139946985,-0.0037897543145546456,0.0,0.018948771572773228,0.0,0.0,0.0,epa_udds,PPO_seed42
1028,5.6284,-2317.814248721214,0.0,0.0,0.48280430781503336,25.033096395159067,-0.004356793700603786,0.0,0.02178396850301893,0.0,0.0,0.0,epa_udds,PPO_seed42
1029,5.8161,-2700.9910330644475,0.0,0.0,0.48278730223910504,25.033097502680256,-0.005077050814030917,0.0,0.025385254070154583,0.0,0.0,0.0,epa_udds,PPO_seed42
1030,6.0396,-3150.5001627630704,0.0,0.0,0.48276746640478746,25.033101141564565,-0.0059219927871486285,0.0,0.029609963935743142,0.0,0.0,0.0,epa_udds,PPO_seed42
1031,6.299,-3649.3912532791683,0.0,0.0,0.4827444893290087,25.033108045543703,-0.006859757994885654,0.0,0.03429878997442827,0.0,0.0,0.0,epa_udds,PPO_seed42
1032,6.5913,-4170.618622696466,0.0,0.0,0.4827182302899341,25.033118876842362,-0.007839508689279072,0.0,0.03919754344639536,0.0,0.0,0.0,epa_udds,PPO_seed42
1033,6.911,-4684.950360159878,0.0,0.0,0.4826887325978084,25.03313410632325,-0.008806297669473455,0.0,0.044031488347367274,0.0,0.0,0.0,epa_udds,PPO_seed42
1034,7.2502,-5155.222654276638,0.0,0.0,0.4826562735476258,25.03315382272903,-0.00969026814713654,0.0,0.04845134073568269,0.0,0.0,0.0,epa_udds,PPO_seed42
1035,7.5997,-5548.60897274437,0.0,0.0,0.4826213371282928,25.033177652185945,-0.010429716114181148,0.0,0.05214858057090573,0.0,0.0,0.0,epa_udds,PPO_seed42
1036,7.9491,-5827.777403689389,0.0,0.0,0.4825846424112782,25.03320463513959,-0.010954468803927423,0.0,0.05477234401963711,0.0,0.0,0.0,epa_udds,PPO_seed42
1037,8.2884,-5973.06791980472,0.0,0.0,0.4825470323019498,25.033233405389108,-0.011227571277828422,0.0,0.05613785638914211,0.0,0.0,0.0,epa_udds,PPO_seed42
1038,8.6081,-5968.256242131077,0.0,0.0,0.4825094519200449,25.033262297723766,-0.011218526770923077,0.0,0.05609263385461538,0.0,0.0,0.0,epa_udds,PPO_seed42
1039,8.9004,-5818.252185973072,0.0,0.0,0.4824728155313078,25.03328969810168,-0.010936564259347881,0.0,0.0546828212967394,0.0,0.0,0.0,epa_udds,PPO_seed42
1040,9.1598,-5544.190156573668,0.0,0.0,0.48243790437657785,25.033314329515786,-0.010421410068747496,0.0,0.05210705034373748,0.0,0.0,0.0,epa_udds,PPO_seed42
1041,9.3833,-5178.250493878414,0.0,0.0,0.48240529709853613,25.03333541452902,-0.009733553559921832,0.0,0.04866776779960916,0.0,0.0,0.0,epa_udds,PPO_seed42
1042,9.4592,-3056.23107142915,0.0,0.0,0.48238605190122363,25.033340097415067,-0.005744795247047275,0.0,0.02872397623523637,0.0,0.0,0.0,epa_udds,PPO_seed42
1043,9.5022,-2588.362452956264,0.0,0.0,0.4823697528387363,25.033342314029706,-0.004865342956684707,0.0,0.024326714783423534,0.0,0.0,0.0,epa_udds,PPO_seed42
1044,9.5178,-2188.5968188086567,0.0,0.0,0.4823559711031863,25.03334273027379,-0.004113903794753114,0.0,0.02056951897376557,0.0,0.0,0.0,epa_udds,PPO_seed42
1045,9.5138,-1897.1874555348788,0.0,0.0,0.4823440243911309,25.03334200490907,-0.0035661418337121784,0.0,0.01783070916856089,0.0,0.0,0.0,epa_udds,PPO_seed42
1046,9.4996,-1742.1259205372005,0.0,0.0,0.4823330541223551,25.0333407157636,-0.003274672782964663,0.0,0.016373363914823313,0.0,0.0,0.0,epa_udds,PPO_seed42
1047,9.4854,-1738.0234132897172,0.0,0.0,0.4823221097033608,25.033339376683323,-0.00326696130317616,0.0,0.0163348065158808,0.0,0.0,0.0,epa_udds,PPO_seed42
1048,9.4814,-1887.307205091721,0.0,0.0,0.4823102252537631,25.033338515293746,-0.0035475699343829343,0.0,0.01773784967191467,0.0,0.0,0.0,epa_udds,PPO_seed42
1049,9.497,-2181.6129650012294,0.0,0.0,0.48229648756026444,25.033338762926554,-0.004100776250002311,0.0,0.020503881250011555,0.0,0.0,0.0,epa_udds,PPO_seed42
1050,9.54,-2602.682711992989,0.0,0.0,0.48228009837170777,25.033340910441567,-0.004892260736828927,0.0,0.024461303684144634,0.0,0.0,0.0,epa_udds,PPO_seed42
1051,9.6159,-3123.702192259812,0.0,0.0,0.4822604282703245,25.033345898830316,-0.005871620662142504,0.0,0.029358103310712518,0.0,0.0,0.0,epa_udds,PPO_seed42
1052,9.7277,-3715.5851186343075,0.0,0.0,0.48223703097171416,25.03335476438492,-0.006984182553823887,0.0,0.03492091276911943,0.0,0.0,0.0,epa_udds,PPO_seed42
1053,9.8753,-4338.649506998312,0.0,0.0,0.48220971004307084,25.033368457917604,-0.008155356216162242,0.0,0.0407767810808112,0.0,0.0,0.0,epa_udds,PPO_seed42
1054,10.0558,-4953.782369315318,0.0,0.0,0.48217851532392303,25.033387674458535,-0.009311620994953605,0.0,0.046558104974768026,0.0,0.0,0.0,epa_udds,PPO_seed42
1055,10.2638,-5520.730536890113,0.0,0.0,0.4821437501171426,25.033412659560952,-0.01037731303926713,0.0,0.05188656519633565,0.0,0.0,0.0,epa_udds,PPO_seed42
1056,10.4913,-5990.3621825484015,0.0,0.0,0.48210602711895156,25.03344294249183,-0.011260079290504516,0.0,0.05630039645252257,0.0,0.0,0.0,epa_udds,PPO_seed42
1057,10.729,-6328.029257131647,0.0,0.0,0.48206617723775425,25.03347737212178,-0.011894791836713624,0.0,0.05947395918356811,0.0,0.0,0.0,epa_udds,PPO_seed42
1058,10.9667,-6501.365627593259,0.0,0.0,0.4820252352490844,25.03351413747534,-0.012220612081942216,0.0,0.06110306040971108,0.0,0.0,0.0,epa_udds,PPO_seed42
1059,11.1942,-6491.688906058071,0.0,0.0,0.48198435364447156,25.03355102542878,-0.012202422755748253,0.0,0.061012113778741266,0.0,0.0,0.0,epa_udds,PPO_seed42
1060,11.4021,-6296.002493594342,0.0,0.0,0.4819447038593075,25.033585784362135,-0.011834591153372825,0.0,0.05917295576686412,0.0,0.0,0.0,epa_udds,PPO_seed42
1061,11.5826,-5930.151848069812,0.0,0.0,0.4819073576075441,25.03361653297698,-0.011146901970056038,0.0,0.05573450985028019,0.0,0.0,0.0,epa_udds,PPO_seed42
1062,11.7302,-5429.046890680755,0.0,0.0,0.4818731667997345,25.033642087601713,-0.010204975358422472,0.0,0.05102487679211236,0.0,0.0,0.0,epa_udds,PPO_seed42
1063,11.842,-4839.609697673303,0.0,0.0,0.48184268786456874,25.033662066082105,-0.009097010709912225,0.0,0.04548505354956112,0.0,0.0,0.0,epa_udds,PPO_seed42
1064,11.9179,-4217.67382658328,0.0,0.0,0.48181612559753534,25.033676817454346,-0.007927958320645264,0.0,0.03963979160322632,0.0,0.0,0.0,epa_udds,PPO_seed42
1065,11.9609,-3627.9553261671545,0.0,0.0,0.4817932771988351,25.033687243698125,-0.00681946489881044,0.0,0.0340973244940522,0.0,0.0,0.0,epa_udds,PPO_seed42
1066,11.9765,-3124.8426261664486,0.0,0.0,0.48177359730499447,25.03369446120364,-0.00587376433489934,0.0,0.029368821674496698,0.0,0.0,0.0,epa_udds,PPO_seed42
1067,11.9725,-2758.0986999739757,0.0,0.0,0.48175622712174915,25.033699604627774,-0.005184396052582661,0.0,0.025921980262913306,0.0,0.0,0.0,epa_udds,PPO_seed42
1068,11.9583,-2562.70797072625,0.0,0.0,0.48174008750667413,25.033703705478334,-0.004817120245726034,0.0,0.02408560122863017,0.0,0.0,0.0,epa_udds,PPO_seed42
1069,11.9441,-2557.289385573416,0.0,0.0,0.4817239820470966,25.033707709688855,-0.004806934935288377,0.0,0.02403467467644188,0.0,0.0,0.0,epa_udds,PPO_seed42
1070,11.9402,-2747.111202936907,0.0,0.0,0.4817066811465066,25.03371260026864,-0.00516374286266336,0.0,0.025818714313316796,0.0,0.0,0.0,epa_udds,PPO_seed42
1071,11.9557,-3114.0685417141794,0.0,0.0,0.48168706922311005,25.033719478720762,-0.005853512296455225,0.0,0.029267561482276123,0.0,0.0,0.0,epa_udds,PPO_seed42
1072,11.9987,-3645.7882925595154,0.0,0.0,0.4816641086036571,25.033729743216984,-0.006852985512329917,0.0,0.03426492756164958,0.0,0.0,0.0,epa_udds,PPO_seed42
1073,12.0746,-4299.729167267978,0.0,0.0,0.4816370295050032,25.033744953082586,-0.008082197682834543,0.0,0.04041098841417272,0.0,0.0,0.0,epa_udds,PPO_seed42
1074,12.1864,-5039.451904539202,0.0,0.0,0.48160529159440835,25.033766781181367,-0.009472653955900755,0.0,0.047363269779503774,0.0,0.0,0.0,epa_udds,PPO_seed42
1075,12.334,-5813.512606676035,0.0,0.0,0.4815686784822307,25.03379669821134,-0.010927655275706834,0.0,0.05463827637853416,0.0,0.0,0.0,epa_udds,PPO_seed42
1076,12.5145,-6571.943377040148,0.0,0.0,0.48152728843363996,25.033835704691427,-0.012353277024511557,0.0,0.06176638512255778,0.0,0.0,0.0,epa_udds,PPO_seed42
1077,12.7225,-7264.546825297779,0.0,0.0,0.48148153583291203,25.03388404071573,-0.013655163205446953,0.0,0.06827581602723476,0.0,0.0,0.0,epa_udds,PPO_seed42
1078,12.95,-7831.584583387134,0.0,0.0,0.48143221130408026,25.033940794038376,-0.014721023652983337,0.0,0.07360511826491668,0.0,0.0,0.0,epa_udds,PPO_seed42
1079,13.1877,-8232.58989211321,0.0,0.0,0.4813803603776023,25.034004006417888,-0.01547479303028799,0.0,0.07737396515143995,0.0,0.0,0.0,epa_udds,PPO_seed42
1080,13.4254,-8430.741530395871,0.0,0.0,0.4813272605669738,25.0340707386214,-0.015847258515781712,0.0,0.07923629257890856,0.0,0.0,0.0,epa_udds,PPO_seed42
1081,13.6529,-8406.26126907904,0.0,0.0,0.4812743140565871,25.034137489535162,-0.015801242986990673,0.0,0.07900621493495337,0.0,0.0,0.0,epa_udds,PPO_seed42
1082,13.4138,1100.0566093412804,0.0,0.0,0.4812812428325131,25.034138809391052,0.059535394541643125,0.0,0.01033887790734286,0.04400226437365121,0.0,0.0,epa_udds,PPO_seed42
1083,13.1473,1520.9280698385594,0.0,0.0,0.4812908223274732,25.034140642643795,0.08231308456163872,0.0,0.014294436746603002,0.06083712279354238,0.0,0.0,epa_udds,PPO_seed42
1084,12.8478,2003.335870899229,0.0,0.0,0.4813034400150946,25.03414355568757,0.1084211398400951,0.0,0.018828344651308542,0.08013343483596916,0.0,0.0,epa_udds,PPO_seed42
1085,12.5126,2496.2477485714267,0.0,0.0,0.4813191619242849,25.03414803810182,0.13509767890388819,0.0,0.02346097508055852,0.09984990994285707,0.0,0.0,epa_udds,PPO_seed42
1086,12.1414,2958.6124527191582,0.0,0.0,0.48133779552549444,25.034154380930666,0.1601209957494173,0.0,0.027806508014277802,0.11834449810876634,0.0,0.0,epa_udds,PPO_seed42
1087,11.7374,3339.1220622675487,0.0,0.0,0.4813588251594817,25.034162474957487,0.18071429025715652,0.0,0.031382726149131096,0.13356488249070195,0.0,0.0,epa_udds,PPO_seed42
1088,11.3059,3612.015674854688,0.0,0.0,0.48138157296300627,25.034171867242247,0.1954833746436394,0.0,0.033947515741115486,0.1444806269941875,0.0,0.0,epa_udds,PPO_seed42
1089,10.8549,3750.7715870870884,0.0,0.0,0.48140519409863114,25.034181758898658,0.20299288634475834,0.0,0.035251612660592936,0.15003086348348355,0.0,0.0,epa_udds,PPO_seed42
1090,10.3937,3753.1198087706503,0.0,0.0,0.4814288295006112,25.034191238504775,0.20311997280850483,0.0,0.03527368241325799,0.15012479235082601,0.0,0.0,epa_udds,PPO_seed42
1091,9.9325,3625.865375161594,0.0,0.0,0.48145166302477216,25.034199446106474,0.19623292458957256,0.0,0.0340776820973834,0.14503461500646375,0.0,0.0,epa_udds,PPO_seed42
1092,9.4814,3388.9688251339508,0.0,0.0,0.4814730042837143,25.034205746716196,0.1834120120549938,0.0,0.03185121076253713,0.13555875300535802,0.0,0.0,epa_udds,PPO_seed42
1093,9.05,3065.6164961887503,0.0,0.0,0.48149230894162304,25.034209787268747,0.16591208676365882,0.0,0.028812185114555924,0.12262465984755001,0.0,0.0,epa_udds,PPO_seed42
1094,8.6459,2690.457558284854,0.0,0.0,0.48150925087618485,25.03421154662471,0.14560837221454417,0.0,0.0252862552470381,0.10761830233139415,0.0,0.0,epa_udds,PPO_seed42
1095,8.2748,2291.062204746317,0.0,0.0,0.4815236775796048,25.03421122840988,0.12399297556213526,0.0,0.021532539518292454,0.09164248818985268,0.0,0.0,epa_udds,PPO_seed42
1096,7.9395,1898.0953543165529,0.0,0.0,0.48153562963036606,25.03420919502437,0.1027254914313575,0.0,0.017839242051847302,0.07592381417266211,0.0,0.0,epa_udds,PPO_seed42
1097,7.6401,1534.3597916819745,0.0,0.0,0.481545291175085,25.034205854189132,0.08304001338741993,0.0,0.014420674733853143,0.061374391667278975,0.0,0.0,epa_udds,PPO_seed42
1098,7.3736,1221.5832090594656,0.0,0.0,0.4815529831538875,25.03420159713675,0.0661124506677446,0.0,0.011481045197927309,0.048863328362378625,0.0,0.0,epa_udds,PPO_seed42
1099,7.1345,973.4692713411201,0.0,0.0,0.481559112773804,25.034196744120315,0.0526844497376946,0.0,0.009149147287040603,0.038938770853644805,0.0,0.0,epa_udds,PPO_seed42
1100,6.9149,801.4851373781406,0.0,0.0,0.481564159427911,25.034191536691065,0.04337661668306658,0.0,0.007532755050546435,0.03205940549512563,0.0,0.0,epa_udds,PPO_seed42
1101,6.7056,707.9349091361797,0.0,0.0,0.48156861700153814,25.034186140909323,0.03831365019520467,0.0,0.006653523582106953,0.028317396365447188,0.0,0.0,epa_udds,PPO_seed42
1102,6.4963,693.4113892084738,0.0,0.0,0.48157298310005575,25.034180678514915,0.03752763292874131,0.0,0.006517024334666107,0.027736455568338952,0.0,0.0,epa_udds,PPO_seed42
1103,6.2767,749.8071461588237,0.0,0.0,0.4815777042696934,25.03417525040323,0.04057978825602416,0.0,0.0070470596443498465,0.029992285846352947,0.0,0.0,epa_udds,PPO_seed42
1104,6.0376,860.605582539717,0.0,0.0,0.4815831230513837,25.0341699510178,0.04657623295579611,0.0,0.008088398332140197,0.03442422330158868,0.0,0.0,epa_udds,PPO_seed42
1105,5.7711,1007.384185433327,0.0,0.0,0.48158946598262137,25.034164872395003,0.05451993508833901,0.0,0.009467896479636532,0.04029536741733308,0.0,0.0,epa_udds,PPO_seed42
1106,5.4717,1164.513589314008,0.0,0.0,0.48159679822268364,25.034160078945884,0.06302382568332504,0.0,0.010944676591297067,0.04658054357256032,0.0,0.0,epa_udds,PPO_seed42
1107,5.1364,1307.385575564152,0.0,0.0,0.48160502998635085,25.03415558303151,0.07075610054820124,0.0,0.012287458416956316,0.05229542302256608,0.0,0.0,epa_udds,PPO_seed42
1108,4.7653,1411.3850596175032,0.0,0.0,0.481613916505583,25.034151319762042,0.07638458390320892,0.0,0.013264897176856234,0.05645540238470013,0.0,0.0,epa_udds,PPO_seed42
1109,4.3612,1459.6745579685285,0.0,0.0,0.4816231070049629,25.034147155436937,0.0789980260771238,0.0,0.013718745845568876,0.05838698231874114,0.0,0.0,epa_udds,PPO_seed42
1110,3.9298,1441.3744582066267,0.0,0.0,0.48163218221780374,25.03414291219604,0.07800761917422029,0.0,0.013546752426754011,0.05765497832826507,0.0,0.0,epa_udds,PPO_seed42
1111,3.4787,1357.578537495348,0.0,0.0,0.4816407297748791,25.034138422613406,0.07347255874354522,0.0,0.012759196780971316,0.05430314149981392,0.0,0.0,epa_udds,PPO_seed42
1112,3.0175,1215.54122187962,0.0,0.0,0.48164838299146084,25.034133567371814,0.06578545650443236,0.0,0.011424259604131766,0.0486216488751848,0.0,0.0,epa_udds,PPO_seed42
1113,2.5563,1032.5281399771281,0.0,0.0,0.4816548838957835,25.034128307505032,0.05588073347034111,0.0,0.009704211841890301,0.04130112559908512,0.0,0.0,epa_udds,PPO_seed42
1114,2.1053,828.178833881672,0.0,0.0,0.48166009817065947,25.03412267660128,0.0448212875660171,0.0,0.0077836356567826314,0.03312715335526688,0.0,0.0,epa_udds,PPO_seed42
1115,2.0117,0.0,18.852317426161594,0.0,0.48166009817065947,25.034116388507172,-0.00026577515168460893,0.00017718343445640596,0.0,0.0,0.0,0.0,epa_udds,PPO_seed42
1116,1.6764,443.3715149552526,0.0,0.0,0.48166288965674375,25.03411028574289,0.0239953997341948,0.0,0.0041670255164967356,0.017734860598210105,0.0,0.0,epa_udds,PPO_seed42
1117,1.3411,355.2643772299638,0.0,0.0,0.48166512641103826,25.03410411277625,0.019227014942114883,0.0,0.0033389509138154493,0.014210575089198553,0.0,0.0,epa_udds,PPO_seed42
1118,1.0058,266.7755776545454,0.0,0.0,0.4816668060339517,25.03409788517701,0.014437974495920432,0.0,0.002507289263670539,0.010671023106181815,0.0,0.0,epa_udds,PPO_seed42
1119,0.6706,177.9519410970015,0.0,0.0,0.48166792642006534,25.03409161854015,0.009630812571550502,0.0,0.001672480649407909,0.00711807764388006,0.0,0.0,epa_udds,PPO_seed42
1120,0.3353,89.06123543712516,0.0,0.0,0.48166848714920585,25.034085328526192,0.00482002084719118,0.0,0.0008370416864391463,0.0035624494174850067,0.0,0.0,epa_udds,PPO_seed42
1121,0.0,0.0,0.0,0.0,0.48166848714920585,25.03407903071096,0.0,0.0,0.0,0.0,0.0,0.0,epa_udds,PPO_seed42
1122,0.0,0.0,0.0,0.0,0.48166848714920585,25.03407273312568,0.0,0.0,0.0,0.0,0.0,0.0,epa_udds,PPO_seed42
1123,0.0,0.0,0.0,0.0,0.48166848714920585,25.034066435831694,0.0,0.0,0.0,0.0,0.0,0.0,epa_udds,PPO_seed42
1124,0.0,0.0,0.0,0.0,0.48166848714920585,25.034060138886304,0.0,0.0,0.0,0.0,0.0,0.0,epa_udds,PPO_seed42
1125,0.0,0.0,0.0,0.0,0.48166848714920585,25.03405384234304,0.0,0.0,0.0,0.0,0.0,0.0,epa_udds,PPO_seed42
1126,0.0,0.0,0.0,0.0,0.48166848714920585,25.034047546251916,0.0,0.0,0.0,0.0,0.0,0.0,epa_udds,PPO_seed42
1127,0.0,0.0,0.0,0.0,0.48166848714920585,25.03404125065964,0.0,0.0,0.0,0.0,0.0,0.0,epa_udds,PPO_seed42
1128,0.0,0.0,0.0,0.0,0.48166848714920585,25.034034955609854,0.0,0.0,0.0,0.0,0.0,0.0,epa_udds,PPO_seed42
1129,0.0,0.0,0.0,0.0,0.48166848714920585,25.034028661143324,0.0,0.0,0.0,0.0,0.0,0.0,epa_udds,PPO_seed42
1130,0.0,0.0,0.0,0.0,0.48166848714920585,25.034022367298125,0.0,0.0,0.0,0.0,0.0,0.0,epa_udds,PPO_seed42
1131,0.0,0.0,0.0,0.0,0.48166848714920585,25.034016074109825,0.0,0.0,0.0,0.0,0.0,0.0,epa_udds,PPO_seed42
1132,0.0,0.0,0.0,0.0,0.48166848714920585,25.034009781611648,0.0,0.0,0.0,0.0,0.0,0.0,epa_udds,PPO_seed42
1133,0.0,0.0,0.0,0.0,0.48166848714920585,25.03400348983462,0.0,0.0,0.0,0.0,0.0,0.0,epa_udds,PPO_seed42
1134,0.0,0.0,0.0,0.0,0.48166848714920585,25.03399719880773,0.0,0.0,0.0,0.0,0.0,0.0,epa_udds,PPO_seed42
1135,0.0,0.0,0.0,0.0,0.48166848714920585,25.033990908558035,0.0,0.0,0.0,0.0,0.0,0.0,epa_udds,PPO_seed42
1136,0.0,0.0,0.0,0.0,0.48166848714920585,25.03398461911082,0.0,0.0,0.0,0.0,0.0,0.0,epa_udds,PPO_seed42
1137,0.0,0.0,0.0,0.0,0.48166848714920585,25.033978330489695,0.0,0.0,0.0,0.0,0.0,0.0,epa_udds,PPO_seed42
1138,0.0,0.0,0.0,0.0,0.48166848714920585,25.0339720427167,0.0,0.0,0.0,0.0,0.0,0.0,epa_udds,PPO_seed42
1139,0.0,0.0,0.0,0.0,0.48166848714920585,25.033965755812424,0.0,0.0,0.0,0.0,0.0,0.0,epa_udds,PPO_seed42
1140,0.0,0.0,0.0,0.0,0.48166848714920585,25.033959469796088,0.0,0.0,0.0,0.0,0.0,0.0,epa_udds,PPO_seed42
1141,0.0,0.0,0.0,0.0,0.48166848714920585,25.033953184685643,0.0,0.0,0.0,0.0,0.0,0.0,epa_udds,PPO_seed42
1142,0.0,0.0,0.0,0.0,0.48166848714920585,25.033946900497845,0.0,0.0,0.0,0.0,0.0,0.0,epa_udds,PPO_seed42
1143,0.0,0.0,0.0,0.0,0.48166848714920585,25.03394061724834,0.0,0.0,0.0,0.0,0.0,0.0,epa_udds,PPO_seed42
1144,0.0,0.0,0.0,0.0,0.48166848714920585,25.033934334951734,0.0,0.0,0.0,0.0,0.0,0.0,epa_udds,PPO_seed42
1145,0.0,0.0,0.0,0.0,0.48166848714920585,25.03392805362166,0.0,0.0,0.0,0.0,0.0,0.0,epa_udds,PPO_seed42
1146,0.0,0.0,0.0,0.0,0.48166848714920585,25.033921773270848,0.0,0.0,0.0,0.0,0.0,0.0,epa_udds,PPO_seed42
1147,0.0,0.0,0.0,0.0,0.48166848714920585,25.03391549391117,0.0,0.0,0.0,0.0,0.0,0.0,epa_udds,PPO_seed42
1148,0.0,0.0,0.0,0.0,0.48166848714920585,25.033909215553713,0.0,0.0,0.0,0.0,0.0,0.0,epa_udds,PPO_seed42
1149,0.0,0.0,0.0,0.0,0.48166848714920585,25.033902938208822,0.0,0.0,0.0,0.0,0.0,0.0,epa_udds,PPO_seed42
1150,0.0,0.0,0.0,0.0,0.48166848714920585,25.033896661886146,0.0,0.0,0.0,0.0,0.0,0.0,epa_udds,PPO_seed42
1151,0.0,0.0,0.0,0.0,0.48166848714920585,25.033890386594695,0.0,0.0,0.0,0.0,0.0,0.0,epa_udds,PPO_seed42
1152,0.0,0.0,0.0,0.0,0.48166848714920585,25.033884112342864,0.0,0.0,0.0,0.0,0.0,0.0,epa_udds,PPO_seed42
1153,0.0,0.0,0.0,0.0,0.48166848714920585,25.033877839138494,0.0,0.0,0.0,0.0,0.0,0.0,epa_udds,PPO_seed42
1154,0.0,0.0,0.0,0.0,0.48166848714920585,25.03387156698889,0.0,0.0,0.0,0.0,0.0,0.0,epa_udds,PPO_seed42
1155,0.0,0.0,0.0,0.0,0.48166848714920585,25.033865295900867,0.0,0.0,0.0,0.0,0.0,0.0,epa_udds,PPO_seed42
1156,0.0,0.0,0.0,0.0,0.48166848714920585,25.033859025880783,0.0,0.0,0.0,0.0,0.0,0.0,epa_udds,PPO_seed42
1157,0.0,0.0,0.0,0.0,0.48166848714920585,25.033852756934557,0.0,0.0,0.0,0.0,0.0,0.0,epa_udds,PPO_seed42
1158,0.0,0.0,0.0,0.0,0.48166848714920585,25.033846489067713,0.0,0.0,0.0,0.0,0.0,0.0,epa_udds,PPO_seed42
1159,0.0,0.0,0.0,0.0,0.48166848714920585,25.033840222285395,0.0,0.0,0.0,0.0,0.0,0.0,epa_udds,PPO_seed42
1160,0.0,0.0,0.0,0.0,0.48166848714920585,25.033833956592396,0.0,0.0,0.0,0.0,0.0,0.0,epa_udds,PPO_seed42
1161,0.0,0.0,0.0,0.0,0.48166848714920585,25.033827691993185,0.0,0.0,0.0,0.0,0.0,0.0,epa_udds,PPO_seed42
1162,0.3129,-200.06535078413896,0.0,0.0,0.4816672275578905,25.033821466401605,-0.00037606268944387025,0.0,0.0018803134472193512,0.0,0.0,0.0,epa_udds,PPO_seed42
1163,0.6259,-400.3997706825606,0.0,0.0,0.4816647066798715,25.033815356080023,-0.0007526311478995499,0.0,0.0037631557394977497,0.0,0.0,0.0,epa_udds,PPO_seed42
1164,0.9388,-600.6909594180937,0.0,0.0,0.48166092478339423,25.033809437288305,-0.0011291183447708528,0.0,0.005645591723854264,0.0,0.0,0.0,epa_udds,PPO_seed42
1165,1.2517,-801.4026589117963,0.0,0.0,0.481655879214548,25.033803787071616,-0.0015063959753981134,0.0,0.007531979876990566,0.0,0.0,0.0,epa_udds,PPO_seed42
1166,1.5646,-1002.5452116462789,0.0,0.0,0.48164956725190144,25.033798483181123,-0.0018844834805381184,0.0,0.009422417402690592,0.0,0.0,0.0,epa_udds,PPO_seed42
1167,1.8776,-1204.5829464558608,0.0,0.0,0.48164198324830004,25.03379360519395,-0.002264253658751618,0.0,0.01132126829375809,0.0,0.0,0.0,epa_udds,PPO_seed42
1168,2.1905,-1406.6184724311956,0.0,0.0,0.4816331272042441,25.03378923165899,-0.0026440196850210443,0.0,0.013220098425105221,0.0,0.0,0.0,epa_udds,PPO_seed42
1169,2.7451,-2799.251609068337,0.0,0.0,0.48161550309090434,25.033790412230967,-0.005261751144865295,0.0,0.026308755724326477,0.0,0.0,0.0,epa_udds,PPO_seed42
1170,3.1542,-2506.981703371724,0.0,0.0,0.48159971896843107,25.033790139277237,-0.004712371622879181,0.0,0.023561858114395904,0.0,0.0,0.0,epa_udds,PPO_seed42
1171,3.5359,-2664.9425985040393,0.0,0.0,0.481582940183204,25.033790657588213,-0.005009290598691804,0.0,0.025046452993459017,0.0,0.0,0.0,epa_udds,PPO_seed42
1172,3.8847,-2734.9080980985436,0.0,0.0,0.48156572074769577,25.033791555720505,-0.005140804695673955,0.0,0.02570402347836977,0.0,0.0,0.0,epa_udds,PPO_seed42
1173,4.1976,-2727.0037021224143,0.0,0.0,0.48154855094045923,25.03379243883995,-0.0051259468085007795,0.0,0.025629734042503894,0.0,0.0,0.0,epa_udds,PPO_seed42
1174,4.4747,-2664.1336992739475,0.0,0.0,0.4815317768449569,25.033793029645743,-0.005007770111417195,0.0,0.025038850557085972,0.0,0.0,0.0,epa_udds,PPO_seed42
1175,4.7188,-2573.4385785964732,0.0,0.0,0.4815155736703858,25.033793200895307,-0.004837290561271567,0.0,0.024186452806357832,0.0,0.0,0.0,epa_udds,PPO_seed42
1176,4.9356,-2488.1271491153657,0.0,0.0,0.4814999075358477,25.033792994153757,-0.004676930731419861,0.0,0.0233846536570993,0.0,0.0,0.0,epa_udds,PPO_seed42
1177,5.1328,-2437.0175125710107,0.0,0.0,0.4814845631081706,25.03379258013057,-0.0045808599860357345,0.0,0.022904299930178673,0.0,0.0,0.0,epa_udds,PPO_seed42
1178,5.3198,-2447.489265418238,0.0,0.0,0.4814691526537242,25.033792245986596,-0.004600543731989169,0.0,0.023002718659945846,0.0,0.0,0.0,epa_udds,PPO_seed42
1179,5.5068,-2540.0554731761836,0.0,0.0,0.4814531592684699,25.033792381767316,-0.004774540363113127,0.0,0.023872701815565636,0.0,0.0,0.0,epa_udds,PPO_seed42
1180,5.7039,-2727.969156161371,0.0,0.0,0.4814359825867906,25.033793490670703,-0.0051277615717319,0.0,0.0256388078586595,0.0,0.0,0.0,epa_udds,PPO_seed42
1181,5.9207,-3021.836654744281,0.0,0.0,0.4814169554421149,25.033796240641426,-0.005680144087865191,0.0,0.02840072043932595,0.0,0.0,0.0,epa_udds,PPO_seed42
1182,6.1648,-3418.876734400459,0.0,0.0,0.48139542815684366,25.033801461585586,-0.006426460027068533,0.0,0.03213230013534266,0.0,0.0,0.0,epa_udds,PPO_seed42
1183,6.4419,-3916.421309681882,0.0,0.0,0.48137076782453553,25.03381020000517,-0.0073616941911313575,0.0,0.036808470955656786,0.0,0.0,0.0,epa_udds,PPO_seed42
1184,6.7549,-4500.285891396241,0.0,0.0,0.4813424308182596,25.033823669786933,-0.008459184006383912,0.0,0.04229592003191956,0.0,0.0,0.0,epa_udds,PPO_seed42
1185,7.1036,-5147.199964722908,0.0,0.0,0.4813100199994803,25.03384314870677,-0.009675187903614489,0.0,0.04837593951807244,0.0,0.0,0.0,epa_udds,PPO_seed42
1186,7.4853,-5832.445716067125,0.0,0.0,0.481273293833077,25.0338698778953,-0.010963243827193846,0.0,0.05481621913596922,0.0,0.0,0.0,epa_udds,PPO_seed42
1187,7.8944,-6516.79254471631,0.0,0.0,0.48123225778004497,25.033904767367094,-0.01224961004645923,0.0,0.061248050232296146,0.0,0.0,0.0,epa_udds,PPO_seed42
1188,8.3231,-7158.35157386321,0.0,0.0,0.4811871810563747,25.03394815859941,-0.013455548071171448,0.0,0.06727774035585724,0.0,0.0,0.0,epa_udds,PPO_seed42
1189,8.762,-7713.354235596499,0.0,0.0,0.4811386084984626,25.03399959880912,-0.014498786157136276,0.0,0.07249393078568138,0.0,0.0,0.0,epa_udds,PPO_seed42
1190,9.2009,-8142.231110319451,0.0,0.0,0.4810873341560922,25.034057750917157,-0.015304945696089194,0.0,0.07652472848044596,0.0,0.0,0.0,epa_udds,PPO_seed42
1191,9.6295,-8412.768647398278,0.0,0.0,0.48103435500643377,25.034120453178538,-0.015813474901124582,0.0,0.07906737450562291,0.0,0.0,0.0,epa_udds,PPO_seed42
1192,10.0386,-8513.002276167595,0.0,0.0,0.48098074346565955,25.034185100559217,-0.01600188397775864,0.0,0.08000941988879319,0.0,0.0,0.0,epa_udds,PPO_seed42
1193,10.4203,-8440.239443640163,0.0,0.0,0.48092758900865484,25.03424893785621,-0.01586511173616572,0.0,0.07932555868082859,0.0,0.0,0.0,epa_udds,PPO_seed42
1194,10.7691,-8218.260169608373,0.0,0.0,0.4808758314474887,25.034309638373486,-0.015447857461669873,0.0,0.07723928730834936,0.0,0.0,0.0,epa_udds,PPO_seed42
1195,11.082,-7882.574519961857,0.0,0.0,0.48082618703104435,25.034365579486565,-0.014816869398424543,0.0,0.07408434699212271,0.0,0.0,0.0,epa_udds,PPO_seed42
1196,11.3591,-7488.488399043334,0.0,0.0,0.48077902373520226,25.034416125249955,-0.014076106013239349,0.0,0.07038053006619674,0.0,0.0,0.0,epa_udds,PPO_seed42
1197,11.6033,-7093.771294960879,0.0,0.0,0.4807343457050548,25.034461535432595,-0.013334156569475336,0.0,0.06667078284737668,0.0,0.0,0.0,epa_udds,PPO_seed42
1198,11.82,-6755.774591157658,0.0,0.0,0.48069179585377075,25.034502798705187,-0.012698824419469283,0.0,0.06349412209734641,0.0,0.0,0.0,epa_udds,PPO_seed42
1199,12.0172,-6537.06373060073,0.0,0.0,0.48065062299725103,25.03454156807899,-0.012287713779324682,0.0,0.061438568896623406,0.0,0.0,0.0,epa_udds,PPO_seed42
1200,12.2042,-6477.5376406796095,0.0,0.0,0.4806098245971134,25.034579844808434,-0.012175822632856409,0.0,0.060879113164282045,0.0,0.0,0.0,epa_udds,PPO_seed42
1201,12.3912,-6610.184869376024,0.0,0.0,0.48056819027666,25.03462000142792,-0.012425159528902302,0.0,0.0621257976445115,0.0,0.0,0.0,epa_udds,PPO_seed42
1202,12.3425,-2050.185009523025,0.0,0.0,0.4805552770226868,25.03462296663621,-0.003853731220907942,0.0,0.01926865610453971,0.0,0.0,0.0,epa_udds,PPO_seed42
1203,12.3134,-2415.59639175043,0.0,0.0,0.48054006227503654,25.034627307386412,-0.004540594721335395,0.0,0.022702973606676974,0.0,0.0,0.0,epa_udds,PPO_seed42
1204,12.3116,-2937.7561235689504,0.0,0.0,0.4805215587487188,25.03463416696707,-0.0055220979766333654,0.0,0.027610489883166826,0.0,0.0,0.0,epa_udds,PPO_seed42
1205,12.3429,-3586.328200082517,0.0,0.0,0.4804989702155852,25.03464495794216,-0.006741218421207739,0.0,0.03370609210603869,0.0,0.0,0.0,epa_udds,PPO_seed42
1206,12.4099,-4307.018333359123,0.0,0.0,0.48047184239054447,25.034661121104936,-0.008095899122855495,0.0,0.04047949561427747,0.0,0.0,0.0,epa_udds,PPO_seed42
1207,12.5128,-5060.304687815177,0.0,0.0,0.48043996987959675,25.034684016094896,-0.009511850916945822,0.0,0.04755925458472911,0.0,0.0,0.0,epa_udds,PPO_seed42
1208,12.6487,-5789.90759321888,0.0,0.0,0.48040350173095264,25.034714522935282,-0.010883284949659549,0.0,0.05441642474829774,0.0,0.0,0.0,epa_udds,PPO_seed42
1209,12.8119,-6439.8844865150495,0.0,0.0,0.4803629393275784,25.034752735122442,-0.012105046027283928,0.0,0.06052523013641964,0.0,0.0,0.0,epa_udds,PPO_seed42
1210,12.9947,-6963.882929309595,0.0,0.0,0.4803190760099404,25.034797831403495,-0.013090005506221046,0.0,0.06545002753110522,0.0,0.0,0.0,epa_udds,PPO_seed42
1211,13.1877,-7315.605152113197,0.0,0.0,0.48027299676403307,25.034847960590866,-0.013751137503972175,0.0,0.06875568751986087,0.0,0.0,0.0,epa_udds,PPO_seed42
1212,13.3807,-7462.871838665067,0.0,0.0,0.48022598932649524,25.03490045549182,-0.014027954583956892,0.0,0.07013977291978446,0.0,0.0,0.0,epa_udds,PPO_seed42
1213,13.5635,-7388.763420411623,0.0,0.0,0.48017944808970797,25.034952221123046,-0.01388865304588651,0.0,0.06944326522943255,0.0,0.0,0.0,epa_udds,PPO_seed42
1214,13.7267,-7094.978170646517,0.0,0.0,0.4801347568371124,25.035000256379796,-0.013336425132794205,0.0,0.06668212566397103,0.0,0.0,0.0,epa_udds,PPO_seed42
1215,13.8625,-6604.752310804096,0.0,0.0,0.4800931530639581,25.03504219439244,-0.012414947952639279,0.0,0.06207473976319639,0.0,0.0,0.0,epa_udds,PPO_seed42
1216,13.9654,-5962.492966368813,0.0,0.0,0.48005559459143865,25.035076694644655,-0.011207693545806039,0.0,0.05603846772903019,0.0,0.0,0.0,epa_udds,PPO_seed42
1217,14.0325,-5225.134011774746,0.0,0.0,0.48002268062167247,25.035103516276017,-0.009821680473260801,0.0,0.049108402366304,0.0,0.0,0.0,epa_udds,PPO_seed42
1218,14.0637,-4458.595959837486,0.0,0.0,0.4799945950956224,25.03512336068173,-0.008380819473378733,0.0,0.04190409736689366,0.0,0.0,0.0,epa_udds,PPO_seed42
1219,14.062,-3738.001127340136,0.0,0.0,0.4799710487075275,25.035137582183292,-0.00702631790853409,0.0,0.03513158954267045,0.0,0.0,0.0,epa_udds,PPO_seed42
1220,14.0329,-3125.4297403974406,0.0,0.0,0.47995136105418984,25.035147718931473,-0.005874867933077896,0.0,0.02937433966538948,0.0,0.0,0.0,epa_udds,PPO_seed42
1221,13.9842,-2677.04010075827,0.0,0.0,0.479934497949064,25.035155229922836,-0.0050320302645832145,0.0,0.02516015132291607,0.0,0.0,0.0,epa_udds,PPO_seed42
1222,13.9253,-2431.403199268881,0.0,0.0,0.4799191822261458,25.035161352673413,-0.00457030676554301,0.0,0.022851533827715046,0.0,0.0,0.0,epa_udds,PPO_seed42
1223,13.8664,-2407.818782923716,0.0,0.0,0.47990401514972975,25.03516715282703,-0.004525975155871646,0.0,0.02262987577935823,0.0,0.0,0.0,epa_udds,PPO_seed42
1224,13.8177,-2607.6871962050623,0.0,0.0,0.479887589173529,25.035173696879422,-0.004901667662039592,0.0,0.024508338310197955,0.0,0.0,0.0,epa_udds,PPO_seed42
1225,13.7886,-3016.1038660382874,0.0,0.0,0.4798685906435076,25.03518224163816,-0.005669368169244901,0.0,0.028346840846224505,0.0,0.0,0.0,epa_udds,PPO_seed42
1226,13.7869,-3602.9816163362884,0.0,0.0,0.47984589542016887,25.035194340407045,-0.006772521835218587,0.0,0.033862609176092934,0.0,0.0,0.0,epa_udds,PPO_seed42
1227,13.8181,-4325.288485033933,0.0,0.0,0.47981865039910226,25.035211801949472,-0.00813024151322168,0.0,0.0406512075661084,0.0,0.0,0.0,epa_udds,PPO_seed42
1228,13.8851,-5134.607872214439,0.0,0.0,0.4797863074119915,25.035236527927868,-0.00965151855679406,0.0,0.04825759278397029,0.0,0.0,0.0,epa_udds,PPO_seed42
1229,13.988,-5977.3200208634635,0.0,0.0,0.4797486559928733,25.03527021626703,-0.011235563948991473,0.0,0.056177819744957364,0.0,0.0,0.0,epa_udds,PPO_seed42
1230,14.1239,-6792.037117934088,0.0,0.0,0.47970587231435485,25.035313933016276,-0.012766987063785882,0.0,0.0638349353189294,0.0,0.0,0.0,epa_udds,PPO_seed42
1231,14.2871,-7516.060419889346,0.0,0.0,0.47965852746719057,25.035367714760465,-0.014127933120092757,0.0,0.07063966560046378,0.0,0.0,0.0,epa_udds,PPO_seed42
1232,14.4699,-8097.968738886456,0.0,0.0,0.47960751645748645,25.03543042471169,-0.015221745749786573,0.0,0.07610872874893286,0.0,0.0,0.0,epa_udds,PPO_seed42
1233,14.6629,-8486.939846014651,0.0,0.0,0.4795540544755377,25.035499622455628,-0.01595289444739596,0.0,0.0797644722369798,0.0,0.0,0.0,epa_udds,PPO_seed42
1234,14.8559,-8648.242099719415,0.0,0.0,0.4794995755790245,25.035571850966257,-0.016256094172404915,0.0,0.08128047086202457,0.0,0.0,0.0,epa_udds,PPO_seed42
1235,15.0387,-8564.19911013547,0.0,0.0,0.4794456252844119,25.03564313265383,-0.016098118628074195,0.0,0.08049059314037096,0.0,0.0,0.0,epa_udds,PPO_seed42
1236,15.2019,-8237.610544064799,0.0,0.0,0.47939373158660925,25.03570962282153,-0.015484230345986463,0.0,0.07742115172993232,0.0,0.0,0.0,epa_udds,PPO_seed42
1237,15.3378,-7697.207286861795,0.0,0.0,0.47934524158682706,25.03576831655614,-0.014468434749740217,0.0,0.07234217374870108,0.0,0.0,0.0,epa_udds,PPO_seed42
1238,15.4407,-6984.879342878966,0.0,0.0,0.4793012385569456,25.03581739254047,-0.013129472449020614,0.0,0.06564736224510306,0.0,0.0,0.0,epa_udds,PPO_seed42
1239,15.5077,-6168.011116752446,0.0,0.0,0.4792623812856972,25.035856488277364,-0.01159400585855723,0.0,0.05797002929278614,0.0,0.0,0.0,epa_udds,PPO_seed42
1240,15.5389,-5323.896223228598,0.0,0.0,0.479228841607281,25.03588648926498,-0.010007323727873304,0.0,0.050036618639366516,0.0,0.0,0.0,epa_udds,PPO_seed42
1241,15.5372,-4527.673438296385,0.0,0.0,0.47920031794722945,25.035909050173352,-0.008510664357699973,0.0,0.04255332178849986,0.0,0.0,0.0,epa_udds,PPO_seed42
1242,15.2287,2098.60769881863,0.0,0.0,0.47921353884829976,25.035916249298424,0.11357727982027442,0.0,0.019723756567844267,0.0839443079527452,0.0,0.0,epa_udds,PPO_seed42
1243,14.9006,2442.6353547628214,0.0,0.0,0.47922892670311207,25.035924047645402,0.13219616002693826,0.0,0.022957099198898698,0.09770541419051286,0.0,0.0,epa_udds,PPO_seed42
1244,14.5623,2614.773988246352,0.0,0.0,0.4792453985789149,25.035931820147095,0.1415123546420845,0.0,0.02457494349855594,0.10459095952985407,0.0,0.0,epa_udds,PPO_seed42
1245,14.224,2612.469410908532,0.0,0.0,0.4792618555406009,25.035938781088838,0.14138763022345574,0.0,0.024553283937110263,0.10449877643634128,0.0,0.0,epa_udds,PPO_seed42
1246,13.896,2445.995327034783,0.0,0.0,0.4792772634582023,25.035944210671968,0.13237800273681477,0.0,0.022988677885665252,0.09783981308139131,0.0,0.0,epa_udds,PPO_seed42
1247,13.5874,2145.0665991226006,0.0,0.0,0.47929077545586435,25.035947675423508,0.11609164947732689,0.0,0.020160400367693614,0.08580266396490402,0.0,0.0,epa_udds,PPO_seed42
1248,13.3063,1733.2940843387405,0.0,0.0,0.479301693434839,25.035949053740158,0.09380639713586658,0.0,0.016290357935514477,0.06933176337354963,0.0,0.0,epa_udds,PPO_seed42
1249,13.0581,1255.847865986689,0.0,0.0,0.4793096038477531,25.03594858966447,0.06796686420580592,0.0,0.011803081447243317,0.05023391463946756,0.0,0.0,epa_udds,PPO_seed42
1250,12.8458,748.7302967377263,0.0,0.0,0.47931431992193513,25.035946751015928,0.04052150884148988,0.0,0.0070369388791139695,0.029949211869509055,0.0,0.0,epa_udds,PPO_seed42
1251,12.6693,254.52554851343044,0.0,0.0,0.47931592309605314,25.035944102878478,0.013774999234584001,0.0,0.0023921574108405116,0.010181021940537218,0.0,0.0,epa_udds,PPO_seed42
1252,12.5257,0.0,264.98214865958334,0.0,0.47931592309605314,25.0359411158414,-0.0037356505920054044,0.002490433728003603,0.0,0.0,0.0,0.0,epa_udds,PPO_seed42
1253,12.4095,0.0,770.3755855769464,0.0,0.47931592309605314,25.0359378888159,-0.01086055806734417,0.007240372044896113,0.0,0.0,0.0,0.0,epa_udds,PPO_seed42
1254,12.3129,-1122.5549661499094,0.0,0.0,0.4793088527077707,25.03593563209125,-0.0021100657258456947,0.0,0.010550328629228473,0.0,0.0,0.0,epa_udds,PPO_seed42
1255,12.2265,-1293.4821551247785,0.0,0.0,0.47930070578390216,25.035933634109895,-0.0024313574344450722,0.0,0.012156787172225361,0.0,0.0,0.0,epa_udds,PPO_seed42
1256,12.1401,-1269.3655477745206,0.0,0.0,0.4792927107955424,25.03593146346594,-0.0023860254657415802,0.0,0.0119301273287079,0.0,0.0,0.0,epa_udds,PPO_seed42
1257,12.0435,-1051.6887932995317,0.0,0.0,0.4792860868564982,25.035928704154056,-0.001976858634021676,0.0,0.00988429317010838,0.0,0.0,0.0,epa_udds,PPO_seed42
1258,11.9274,0.0,660.3022314256696,0.0,0.4792860868564982,25.03592477830045,-0.00930877205957241,0.00620584803971494,0.0,0.0,0.0,0.0,epa_udds,PPO_seed42
1259,11.7838,0.0,124.7573382945547,0.0,0.4792860868564982,25.03592067436386,-0.0017587970624232336,0.0011725313749488223,0.0,0.0,0.0,0.0,epa_udds,PPO_seed42
1260,11.6073,359.4433499512747,0.0,0.0,0.47928835071739245,25.035916526558154,0.019453182202626127,0.0,0.003378226973226266,0.014377733998050988,0.0,0.0,epa_udds,PPO_seed42
1261,11.395,833.2395535427968,0.0,0.0,0.47929359861143234,25.03591273792759,0.04509517523609813,0.0,0.00783119881149245,0.033329582141711875,0.0,0.0,epa_udds,PPO_seed42
1262,11.1468,1289.5920434283626,0.0,0.0,0.47930172060870513,25.03590967685041,0.06979310923757408,0.0,0.012120225972071077,0.051583681737134505,0.0,0.0,epa_udds,PPO_seed42
1263,10.8656,1687.027104455566,0.0,0.0,0.4793123455693709,25.03590753658187,0.09130241426970799,0.0,0.015855517899018477,0.06748108417822264,0.0,0.0,epa_udds,PPO_seed42
1264,10.5571,1991.3579409649328,0.0,0.0,0.4793248870538261,25.035906253488534,0.10777289066966607,0.0,0.018715770121850873,0.07965431763859732,0.0,0.0,epa_udds,PPO_seed42
1265,10.229,2183.4477605229417,0.0,0.0,0.47933863812351435,25.03590553058556,0.1181688494755198,0.0,0.02052112556882464,0.08733791042091767,0.0,0.0,epa_udds,PPO_seed42
1266,9.8908,2251.535548781689,0.0,0.0,0.47935281780405,25.03590490482803,0.12185378105361352,0.0,0.021161048390805348,0.09006142195126757,0.0,0.0,epa_udds,PPO_seed42
1267,9.5525,2202.103716754545,0.0,0.0,0.4793666859836236,25.035903897894478,0.11917851543758806,0.0,0.02069646350333219,0.0880841486701818,0.0,0.0,epa_udds,PPO_seed42
1268,9.2244,2045.0639391471059,0.0,0.0,0.4793795650057069,25.03590210654207,0.11067947544346517,0.0,0.01922052574386378,0.08180255756588424,0.0,0.0,epa_udds,PPO_seed42
1269,8.9159,1801.9977481661035,0.0,0.0,0.47939091315309207,25.03589929875462,0.09752466008495948,0.0,0.0169360690617115,0.07207990992664413,0.0,0.0,epa_udds,PPO_seed42
1270,8.6347,1499.128178023509,0.0,0.0,0.4794003538651263,25.035895435300176,0.08113326786024976,0.0,0.01408955054533373,0.05996512712094036,0.0,0.0,epa_udds,PPO_seed42
1271,8.3866,1160.0876974876755,0.0,0.0,0.4794076594109846,25.03589062998812,0.06278429508658863,0.0,0.010903079863605973,0.04640350789950702,0.0,0.0,epa_udds,PPO_seed42
1272,8.1742,816.0005147752158,0.0,0.0,0.4794127980580734,25.0358851114027,0.04416219327332334,0.0,0.0076691777704437575,0.03264002059100864,0.0,0.0,epa_udds,PPO_seed42
1273,7.9977,486.4406146659856,0.0,0.0,0.47941586132843117,25.035879132917234,0.026326312363652363,0.0,0.00457181028821415,0.019457624586639424,0.0,0.0,epa_udds,PPO_seed42
1274,7.8542,194.958967836894,0.0,0.0,0.47941708904027763,25.035872926100495,0.010551237973608744,0.0,0.0018323211262865978,0.00779835871347576,0.0,0.0,epa_udds,PPO_seed42
1275,7.738,0.0,53.621732048543265,0.0,0.47941708904027763,25.035866653416925,-0.0007559454706091626,0.0005039636470727751,0.0,0.0,0.0,0.0,epa_udds,PPO_seed42
1276,7.6414,0.0,279.278061697566,0.0,0.47941708904027763,25.03586035760985,-0.003937190719420574,0.002624793812947049,0.0,0.0,0.0,0.0,epa_udds,PPO_seed42
1277,7.555,0.0,390.1805769341273,0.0,0.47941708904027763,25.035854040275574,-0.005500666028206682,0.0036671106854711216,0.0,0.0,0.0,0.0,epa_udds,PPO_seed42
1278,7.4686,0.0,380.0378259737515,0.0,0.47941708904027763,25.035847702905745,-0.005357676118051008,0.003571784078700672,0.0,0.0,0.0,0.0,epa_udds,PPO_seed42
1279,7.372,0.0,251.96058404463753,0.0,0.47941708904027763,25.035841346894202,-0.0035520759028849274,0.002368050601923285,0.0,0.0,0.0,0.0,epa_udds,PPO_seed42
1280,7.2558,0.0,19.541162004439492,0.0,0.47941708904027763,25.035834973543405,-0.00027548630645356426,0.00018365753763570952,0.0,0.0,0.0,0.0,epa_udds,PPO_seed42
1281,7.1122,210.65891234808143,0.0,0.0,0.47941841559007514,25.0358286261177,0.011400923692342031,0.0,0.001979876995752645,0.008426356493923258,0.0,0.0,epa_udds,PPO_seed42
1282,6.9804,119.9720967061197,0.0,0.0,0.4794191710692633,25.035822231327487,0.0064929259555687934,0.0,0.001127557299869546,0.004798883868244788,0.0,0.0,epa_udds,PPO_seed42
1283,6.8128,396.90210990285897,0.0,0.0,0.4794216704037648,25.03581595632797,0.021480461556998336,0.0,0.003730282987808825,0.01587608439611436,0.0,0.0,epa_udds,PPO_seed42
1284,6.6093,658.4095030908212,0.0,0.0,0.47942581646213067,25.035809923385074,0.03563332032517091,0.0,0.006188059239575387,0.026336380123632847,0.0,0.0,epa_udds,PPO_seed42
1285,6.3729,877.9397596548845,0.0,0.0,0.47943134489500294,25.035804188013234,0.047514363834555325,0.0,0.008251313530591019,0.03511759038619538,0.0,0.0,epa_udds,PPO_seed42
1286,6.1091,1037.560990865895,0.0,0.0,0.47943787843707325,25.035798719217837,0.05615311287408054,0.0,0.009751513072047887,0.041502439634635804,0.0,0.0,epa_udds,PPO_seed42
1287,5.8257,1125.627585309631,0.0,0.0,0.47944496649646406,25.035793408196824,0.06091930345156935,0.0,0.010579206628849916,0.04502510341238524,0.0,0.0,epa_udds,PPO_seed42
1288,5.5321,1139.880483209116,0.0,0.0,0.4794521442649191,25.03578810679712,0.06169067457247531,0.0,0.010713162436175901,0.04559521932836464,0.0,0.0,epa_udds,PPO_seed42
1289,5.2385,1086.3734583027006,0.0,0.0,0.4794589850640097,25.03578267428733,0.05879485829220179,0.0,0.010210276863747186,0.04345493833210802,0.0,0.0,epa_udds,PPO_seed42
1290,4.9552,976.4960418828238,0.0,0.0,0.47946513394227763,25.035777012004925,0.05284825946971853,0.0,0.009177594378597968,0.03905984167531295,0.0,0.0,epa_udds,PPO_seed42
1291,4.6913,827.5965496121808,0.0,0.0,0.47947034519379833,25.03577108349627,0.04478977416622915,0.0,0.007778163060264857,0.03310386198448723,0.0,0.0,epa_udds,PPO_seed42
1292,4.4549,652.7458228863779,0.0,0.0,0.4794744554198609,25.035764901082416,0.035326800249143975,0.0,0.006134829162465958,0.026109832915455117,0.0,0.0,epa_udds,PPO_seed42
1293,4.2514,469.4506014944364,0.0,0.0,0.47947741145825035,25.03575851774706,0.02540680774102972,0.0,0.004412129713293575,0.018778024059777455,0.0,0.0,epa_udds,PPO_seed42
1294,4.0838,289.14922102343536,0.0,0.0,0.4794792321695224,25.035752000920837,0.015648842803960058,0.0,0.0027175678667616106,0.011565968840937415,0.0,0.0,epa_udds,PPO_seed42
1295,3.952,123.12374480293953,0.0,0.0,0.47948000745216696,25.035745417017914,0.006663494098432771,0.0,0.001157178052659206,0.004924949792117581,0.0,0.0,epa_udds,PPO_seed42
1296,3.8531,0.0,28.72453455804527,0.0,0.47948000745216696,25.035738817802745,-0.0004049511450852247,0.00026996743005681646,0.0,0.0,0.0,0.0,epa_udds,PPO_seed42
1297,3.7817,0.0,188.75702379787782,0.0,0.47948000745216696,25.03573221847845,-0.002661048267827225,0.0017740321785514833,0.0,0.0,0.0,0.0,epa_udds,PPO_seed42
1298,3.7298,0.0,298.45177843324547,0.0,0.47948000745216696,25.035725619132318,-0.004207496876408536,0.0028049979176056903,0.0,0.0,0.0,0.0,epa_udds,PPO_seed42
1299,3.6881,0.0,352.96439701435304,0.0,0.47948000745216696,25.035719019845896,-0.004976001837608361,0.003317334558405574,0.0,0.0,0.0,0.0,epa_udds,PPO_seed42
1300,3.6464,0.0,348.32006947076354,0.0,0.47948000745216696,25.035712420695376,-0.004910527295170539,0.003273684863447026,0.0,0.0,0.0,0.0,epa_udds,PPO_seed42
1301,3.5945,0.0,285.5380953384329,0.0,0.47948000745216696,25.035705821751936,-0.004025443073380163,0.0026836287155867756,0.0,0.0,0.0,0.0,epa_udds,PPO_seed42
1302,3.523,0.0,171.39541776894592,0.0,0.47948000745216696,25.03569922308208,-0.0024162887843366433,0.0016108591895577624,0.0,0.0,0.0,0.0,epa_udds,PPO_seed42
1303,3.4242,0.0,19.7972105899973,0.0,0.47948000745216696,25.03569262474793,-0.00027909601395672884,0.0001860640093044859,0.0,0.0,0.0,0.0,epa_udds,PPO_seed42
1304,3.2924,109.21139552025113,0.0,0.0,0.47948069512731256,25.03568603810698,0.005910553571088478,0.0,0.001026422890227924,0.004368455820810045,0.0,0.0,epa_udds,PPO_seed42
1305,3.1247,230.705261026465,0.0,0.0,0.47948214781566395,25.035679490589594,0.012485838111793195,0.0,0.00216828252844422,0.0092282104410586,0.0,0.0,epa_udds,PPO_seed42
1306,2.9212,334.3250298906362,0.0,0.0,0.47948425296670827,25.035672998175503,0.0180937711665624,0.0,0.0031421525365661297,0.013373001195625447,0.0,0.0,epa_udds,PPO_seed42
1307,2.6848,407.7001782378844,0.0,0.0,0.47948682013622296,25.03566655678975,0.022064856262829263,0.0,0.0038317685924613197,0.016308007129515377,0.0,0.0,epa_udds,PPO_seed42
1308,2.1793,990.0217692487518,0.0,0.0,0.4794930540038657,25.03566088594577,0.05358027590265049,0.0,0.009304715876398043,0.03960087076995007,0.0,0.0,epa_udds,PPO_seed42
1309,2.0117,153.15602745316332,0.0,0.0,0.47949401837734434,25.035654307041423,0.008288850267728342,0.0,0.0014394363482440162,0.006126241098126533,0.0,0.0,epa_udds,PPO_seed42
1310,1.844,141.09814505970573,0.0,0.0,0.47949490682555546,25.035647725518427,0.007636274046163623,0.0,0.00132611038589949,0.005643925802388229,0.0,0.0,epa_udds,PPO_seed42
1311,1.6764,128.50336135525308,0.0,0.0,0.47949571596798995,25.03564114160112,0.006954640564173771,0.0,0.0012077383586020026,0.005140134454210123,0.0,0.0,epa_udds,PPO_seed42
1312,1.5088,115.99590567626652,0.0,0.0,0.4794964463546895,25.035634555678477,0.006277733301186213,0.0,0.0010901870834235574,0.004639836227050661,0.0,0.0,epa_udds,PPO_seed42
1313,1.3411,103.52381402996387,0.0,0.0,0.47949709820847797,25.035627968112582,0.0056027399502833084,0.0,0.0009729681769733447,0.004140952561198555,0.0,0.0,epa_udds,PPO_seed42
1314,1.1735,90.66345331830564,0.0,0.0,0.4794976690846921,25.03562137918098,0.004906733360790706,0.0,0.0008521001251720455,0.0036265381327322257,0.0,0.0,epa_udds,PPO_seed42
1315,1.0058,77.97484805454536,0.0,0.0,0.47949816006493506,25.03561478926466,0.004220022227794116,0.0,0.0007328463163021181,0.0031189939221818144,0.0,0.0,epa_udds,PPO_seed42
1316,0.8382,64.99703616940667,0.0,0.0,0.47949856932827745,25.03560819866814,0.0035176591454690914,0.0,0.0006108744000884085,0.0025998814467762667,0.0,0.0,epa_udds,PPO_seed42
1317,0.6706,52.07227389700145,0.0,0.0,0.479498897208843,25.035601607745367,0.0028181671241399734,0.0,0.00048940107046054,0.0020828909558800583,0.0,0.0,epa_udds,PPO_seed42
1318,0.5029,39.148401606818155,0.0,0.0,0.4794991437123097,25.035595016837448,0.002118723268916369,0.0,0.0003679361053272383,0.0015659360642727262,0.0,0.0,epa_udds,PPO_seed42
1319,0.3353,26.083848237125192,0.0,0.0,0.4794993079529195,25.03558842627423,0.0014116657113596026,0.0,0.0002451489495970413,0.0010433539294850077,0.0,0.0,epa_udds,PPO_seed42
1320,0.1676,13.062769007789342,0.0,0.0,0.4794993902044603,25.03558183639725,0.0007069609873538923,0.0,0.00012277038541155395,0.0005225107603115737,0.0,0.0,epa_udds,PPO_seed42
1321,0.0,0.0,0.0,0.0,0.4794993902044603,25.035575247542038,0.0,0.0,0.0,0.0,0.0,0.0,epa_udds,PPO_seed42
1322,0.0,0.0,0.0,0.0,0.4794993902044603,25.035568659882482,0.0,0.0,0.0,0.0,0.0,0.0,epa_udds,PPO_seed42
1323,0.0,0.0,0.0,0.0,0.4794993902044603,25.03556207341997,0.0,0.0,0.0,0.0,0.0,0.0,epa_udds,PPO_seed42
1324,0.0,0.0,0.0,0.0,0.4794993902044603,25.03555548815578,0.0,0.0,0.0,0.0,0.0,0.0,epa_udds,PPO_seed42
1325,0.0,0.0,0.0,0.0,0.4794993902044603,25.03554890409109,0.0,0.0,0.0,0.0,0.0,0.0,epa_udds,PPO_seed42
1326,0.0,0.0,0.0,0.0,0.4794993902044603,25.03554232122699,0.0,0.0,0.0,0.0,0.0,0.0,epa_udds,PPO_seed42
1327,0.0,0.0,0.0,0.0,0.4794993902044603,25.035535739564484,0.0,0.0,0.0,0.0,0.0,0.0,epa_udds,PPO_seed42
1328,0.0,0.0,0.0,0.0,0.4794993902044603,25.03552915910449,0.0,0.0,0.0,0.0,0.0,0.0,epa_udds,PPO_seed42
1329,0.0,0.0,0.0,0.0,0.4794993902044603,25.03552257984786,0.0,0.0,0.0,0.0,0.0,0.0,epa_udds,PPO_seed42
1330,0.0,0.0,0.0,0.0,0.4794993902044603,25.035516001795365,0.0,0.0,0.0,0.0,0.0,0.0,epa_udds,PPO_seed42
1331,0.0,0.0,0.0,0.0,0.4794993902044603,25.03550942494772,0.0,0.0,0.0,0.0,0.0,0.0,epa_udds,PPO_seed42
1332,0.0,0.0,0.0,0.0,0.4794993902044603,25.03550284930557,0.0,0.0,0.0,0.0,0.0,0.0,epa_udds,PPO_seed42
1333,0.0,0.0,0.0,0.0,0.4794993902044603,25.03549627486951,0.0,0.0,0.0,0.0,0.0,0.0,epa_udds,PPO_seed42
1334,0.0,0.0,0.0,0.0,0.4794993902044603,25.035489701640078,0.0,0.0,0.0,0.0,0.0,0.0,epa_udds,PPO_seed42
1335,0.0,0.0,0.0,0.0,0.4794993902044603,25.035483129617763,0.0,0.0,0.0,0.0,0.0,0.0,epa_udds,PPO_seed42
1336,0.0,0.0,0.0,0.0,0.4794993902044603,25.035476558803005,0.0,0.0,0.0,0.0,0.0,0.0,epa_udds,PPO_seed42
1337,0.0,0.0,0.0,0.0,0.4794993902044603,25.035469989196205,0.0,0.0,0.0,0.0,0.0,0.0,epa_udds,PPO_seed42
1338,0.0,0.0,0.0,0.0,0.4794993902044603,25.03546342079772,0.0,0.0,0.0,0.0,0.0,0.0,epa_udds,PPO_seed42
1339,0.0,0.0,0.0,0.0,0.4794993902044603,25.03545685360786,0.0,0.0,0.0,0.0,0.0,0.0,epa_udds,PPO_seed42
1340,0.0,0.0,0.0,0.0,0.4794993902044603,25.035450287626922,0.0,0.0,0.0,0.0,0.0,0.0,epa_udds,PPO_seed42
1341,0.0,0.0,0.0,0.0,0.4794993902044603,25.03544372285515,0.0,0.0,0.0,0.0,0.0,0.0,epa_udds,PPO_seed42
1342,0.0,0.0,0.0,0.0,0.4794993902044603,25.035437159292762,0.0,0.0,0.0,0.0,0.0,0.0,epa_udds,PPO_seed42
1343,0.0,0.0,0.0,0.0,0.4794993902044603,25.03543059693995,0.0,0.0,0.0,0.0,0.0,0.0,epa_udds,PPO_seed42
1344,0.0,0.0,0.0,0.0,0.4794993902044603,25.035424035796876,0.0,0.0,0.0,0.0,0.0,0.0,epa_udds,PPO_seed42
1345,0.0,0.0,0.0,0.0,0.4794993902044603,25.035417475863674,0.0,0.0,0.0,0.0,0.0,0.0,epa_udds,PPO_seed42
1346,0.0,0.0,0.0,0.0,0.4794993902044603,25.035410917140464,0.0,0.0,0.0,0.0,0.0,0.0,epa_udds,PPO_seed42
1347,0.0,0.0,0.0,0.0,0.4794993902044603,25.035404359627332,0.0,0.0,0.0,0.0,0.0,0.0,epa_udds,PPO_seed42
1348,0.0,0.0,0.0,0.0,0.4794993902044603,25.03539780332435,0.0,0.0,0.0,0.0,0.0,0.0,epa_udds,PPO_seed42
1349,0.0,0.0,0.0,0.0,0.4794993902044603,25.035391248231573,0.0,0.0,0.0,0.0,0.0,0.0,epa_udds,PPO_seed42
1350,0.0,0.0,0.0,0.0,0.4794993902044603,25.03538469434903,0.0,0.0,0.0,0.0,0.0,0.0,epa_udds,PPO_seed42
1351,0.0,0.0,0.0,0.0,0.4794993902044603,25.03537814167674,0.0,0.0,0.0,0.0,0.0,0.0,epa_udds,PPO_seed42
1352,0.0,0.0,0.0,0.0,0.4794993902044603,25.035371590214705,0.0,0.0,0.0,0.0,0.0,0.0,epa_udds,PPO_seed42
1353,0.0,0.0,0.0,0.0,0.4794993902044603,25.035365039962908,0.0,0.0,0.0,0.0,0.0,0.0,epa_udds,PPO_seed42
1354,0.0,0.0,0.0,0.0,0.4794993902044603,25.035358490921322,0.0,0.0,0.0,0.0,0.0,0.0,epa_udds,PPO_seed42
1355,0.0,0.0,0.0,0.0,0.4794993902044603,25.035351943089907,0.0,0.0,0.0,0.0,0.0,0.0,epa_udds,PPO_seed42
1356,0.0,0.0,0.0,0.0,0.4794993902044603,25.03534539646861,0.0,0.0,0.0,0.0,0.0,0.0,epa_udds,PPO_seed42
1357,0.0,0.0,0.0,0.0,0.4794993902044603,25.035338851057368,0.0,0.0,0.0,0.0,0.0,0.0,epa_udds,PPO_seed42
1358,0.0,0.0,0.0,0.0,0.4794993902044603,25.035332306856105,0.0,0.0,0.0,0.0,0.0,0.0,epa_udds,PPO_seed42
1359,0.0,0.0,0.0,0.0,0.4794993902044603,25.035325763864737,0.0,0.0,0.0,0.0,0.0,0.0,epa_udds,PPO_seed42
1360,0.0,0.0,0.0,0.0,0.4794993902044603,25.03531922208317,0.0,0.0,0.0,0.0,0.0,0.0,epa_udds,PPO_seed42
1361,0.0,0.0,0.0,0.0,0.4794993902044603,25.035312681511304,0.0,0.0,0.0,0.0,0.0,0.0,epa_udds,PPO_seed42
1362,0.0,0.0,0.0,0.0,0.4794993902044603,25.03530614214903,0.0,0.0,0.0,0.0,0.0,0.0,epa_udds,PPO_seed42
1363,0.0,0.0,0.0,0.0,0.4794993902044603,25.035299603996226,0.0,0.0,0.0,0.0,0.0,0.0,epa_udds,PPO_seed42
1364,0.0,0.0,0.0,0.0,0.4794993902044603,25.03529306705277,0.0,0.0,0.0,0.0,0.0,0.0,epa_udds,PPO_seed42
1365,0.0,0.0,0.0,0.0,0.4794993902044603,25.035286531318533,0.0,0.0,0.0,0.0,0.0,0.0,epa_udds,PPO_seed42
1366,0.0,0.0,0.0,0.0,0.4794993902044603,25.035279996793378,0.0,0.0,0.0,0.0,0.0,0.0,epa_udds,PPO_seed42
1367,0.0,0.0,0.0,0.0,0.4794993902044603,25.03527346347716,0.0,0.0,0.0,0.0,0.0,0.0,epa_udds,PPO_seed42
1368,0.0,0.0,0.0,0.0,0.4794993902044603,25.035266931369733,0.0,0.0,0.0,0.0,0.0,0.0,epa_udds,PPO_seed42
1369,0.0,0.0,0.0,0.0,0.4794993902044603,25.035260400470943,0.0,0.0,0.0,0.0,0.0,0.0,epa_udds,PPO_seed42
1370,0.0,0.0,0.0,0.0,0.4794993902044603,25.035253870780632,0.0,0.0,0.0,0.0,0.0,0.0,epa_udds,PPO_seed42
1371,0.0,0.0,0.0,0.0,0.4794993902044603,25.03524734229864,0.0,0.0,0.0,0.0,0.0,0.0,epa_udds,PPO_seed42
1,0.0,0.0,0.0,0.0,0.5,25.0,0.0,0.0,0.0,0.0,0.0,0.0,epa_hwfet,PPO_seed42
2,1.3113,-2876.215333244662,0.0,0.0,0.4999819099127436,25.000007819378187,-0.005406419799332072,0.0,0.027032098996660356,0.0,0.0,0.0,epa_hwfet,PPO_seed42
3,3.0754,-8925.726037109984,0.0,0.0,0.49992577059190935,25.0000831263655,-0.01677768052088343,0.0,0.08388840260441714,0.0,0.0,0.0,epa_hwfet,PPO_seed42
4,4.3685,-9502.672219679598,0.0,0.0,0.4998660006710746,25.0001685242464,-0.01786216582646541,0.0,0.08931082913232705,0.0,0.0,0.0,epa_hwfet,PPO_seed42
5,5.6312,-12024.7573802557,0.0,0.0,0.49979036493202755,25.00030535299315,-0.02260292740649568,0.0,0.11301463703247838,0.0,0.0,0.0,epa_hwfet,PPO_seed42
6,6.8781,-14581.179199799011,0.0,0.0,0.4996986456655807,25.000506702958727,-0.027408231578569572,0.0,0.13704115789284785,0.0,0.0,0.0,epa_hwfet,PPO_seed42
7,8.1248,-17310.630732175046,0.0,0.0,0.4995897523165804,25.00079074485726,-0.0325387795717576,0.0,0.16269389785878802,0.0,0.0,0.0,epa_hwfet,PPO_seed42
8,9.3853,-20319.092353151867,0.0,0.0,0.49946192701926456,25.00118246980835,-0.03819378261870652,0.0,0.1909689130935326,0.0,0.0,0.0,epa_hwfet,PPO_seed42
9,10.6706,-23674.58033093917,0.0,0.0,0.4993129831376766,25.001714778877332,-0.04450109084763002,0.0,0.2225054542381501,0.0,0.0,0.0,epa_hwfet,PPO_seed42
10,11.9862,-27367.76600649664,0.0,0.0,0.49914079158711355,25.0024268395064,-0.05144316918514406,0.0,0.2572158459257203,0.0,0.0,0.0,epa_hwfet,PPO_seed42
11,13.3321,-31335.412165774673,0.0,0.0,0.4989436198616936,25.003361325016996,-0.05890115068754638,0.0,0.2945057534377319,0.0,0.0,0.0,epa_hwfet,PPO_seed42
12,14.7022,-35440.01044487642,0.0,0.0,0.4987205994000263,25.004558067144092,-0.06661656098660981,0.0,0.33308280493304904,0.0,0.0,0.0,epa_hwfet,PPO_seed42
13,16.0856,-39508.9720042311,0.0,0.0,0.49847194667882916,25.006047391985238,-0.07426498497035922,0.0,0.3713249248517961,0.0,0.0,0.0,epa_hwfet,PPO_seed42
14,17.4679,-43348.977582825966,0.0,0.0,0.498199094302381,25.007843133961817,-0.08148304056922175,0.0,0.4074152028461087,0.0,0.0,0.0,epa_hwfet,PPO_seed42
15,18.8332,-46786.06112988012,0.0,0.0,0.49790457005273464,25.00993888474878,-0.0879437239283461,0.0,0.4397186196417305,0.0,0.0,0.0,epa_hwfet,PPO_seed42
16,20.1668,-49719.189170799735,0.0,0.0,0.4975915386751931,25.012310963692297,-0.09345712250150327,0.0,0.4672856125075163,0.0,0.0,0.0,epa_hwfet,PPO_seed42
17,20.2264,-9810.42935081361,0.0,0.0,0.49752976352376016,25.01244204733814,-0.018440656674461677,0.0,0.09220328337230838,0.0,0.0,0.0,epa_hwfet,PPO_seed42
18,20.2364,-8258.726927807646,0.0,0.0,0.4974777592833898,25.01254623841833,-0.015523922796630913,0.0,0.07761961398315456,0.0,0.0,0.0,epa_hwfet,PPO_seed42
19,20.1966,-6658.876514857556,0.0,0.0,0.4974358293505444,25.012627112596704,-0.012516685178303677,0.0,0.06258342589151838,0.0,0.0,0.0,epa_hwfet,PPO_seed42
20,20.1132,-5227.636453284168,0.0,0.0,0.49740291207800985,25.01269079589199,-0.009826384310684527,0.0,0.04913192155342263,0.0,0.0,0.0,epa_hwfet,PPO_seed42
21,19.9988,-4179.742252848014,0.0,0.0,0.4973765935706504,25.01274376688024,-0.007856658370015064,0.0,0.03928329185007532,0.0,0.0,0.0,epa_hwfet,PPO_seed42
22,19.8702,-3654.2582502150294,0.0,0.0,0.49735358429518106,25.01279128261584,-0.006868906485366597,0.0,0.03434453242683298,0.0,0.0,0.0,epa_hwfet,PPO_seed42
23,19.7474,-3753.5458274854536,0.0,0.0,0.49732995031434774,25.012837898563447,-0.0070555372697095,0.0,0.0352776863485475,0.0,0.0,0.0,epa_hwfet,PPO_seed42
24,19.6503,-4476.61660042226,0.0,0.0,0.4973017640864118,25.012888663825837,-0.008414692857936579,0.0,0.042073464289682894,0.0,0.0,0.0,epa_hwfet,PPO_seed42
25,19.5966,-5763.170565718505,0.0,0.0,0.49726547785919667,25.012950661272495,-0.010833027379170123,0.0,0.05416513689585061,0.0,0.0,0.0,epa_hwfet,PPO_seed42
26,19.5999,-7503.484395151968,0.0,0.0,0.4972182347142617,25.013033627862708,-0.014104293975849565,0.0,0.07052146987924782,0.0,0.0,0.0,epa_hwfet,PPO_seed42
27,19.6674,-9523.98887711022,0.0,0.0,0.4971582703850263,25.013148702819418,-0.01790223473141019,0.0,0.08951117365705094,0.0,0.0,0.0,epa_hwfet,PPO_seed42
28,19.7997,-11644.444014938043,0.0,0.0,0.4970849551401978,25.01330627425032,-0.021888052659657976,0.0,0.10944026329828987,0.0,0.0,0.0,epa_hwfet,PPO_seed42
29,19.9901,-13651.821582440258,0.0,0.0,0.49699900021404225,25.013512389284823,-0.025661318763985447,0.0,0.12830659381992723,0.0,0.0,0.0,epa_hwfet,PPO_seed42
30,20.226,-15356.91170162342,0.0,0.0,0.49690230797252916,25.013766236255478,-0.02886637537899139,0.0,0.14433187689495694,0.0,0.0,0.0,epa_hwfet,PPO_seed42
31,20.4904,-16595.324525046944,0.0,0.0,0.49679781587267724,25.01405881470217,-0.03119421903204313,0.0,0.15597109516021565,0.0,0.0,0.0,epa_hwfet,PPO_seed42
32,20.7637,-17241.310110840608,0.0,0.0,0.49668925344316905,25.014373615121666,-0.03240847765195603,0.0,0.16204238825978015,0.0,0.0,0.0,epa_hwfet,PPO_seed42
33,21.0269,-17265.025408522233,0.0,0.0,0.4965805386185309,25.014690840098734,-0.03245305527917713,0.0,0.16226527639588564,0.0,0.0,0.0,epa_hwfet,PPO_seed42
34,21.2632,-16693.81087845844,0.0,0.0,0.4964754177334315,25.01499132177387,-0.03137934375650083,0.0,0.15689671878250414,0.0,0.0,0.0,epa_hwfet,PPO_seed42
35,21.4605,-15652.773963614529,0.0,0.0,0.49637684980473673,25.01526136881958,-0.029422507450403253,0.0,0.14711253725201626,0.0,0.0,0.0,epa_hwfet,PPO_seed42
36,21.6126,-14327.073843721239,0.0,0.0,0.49628662815510777,25.015494941504063,-0.026930589931806845,0.0,0.1346529496590342,0.0,0.0,0.0,epa_hwfet,PPO_seed42
37,21.7197,-12936.755688923024,0.0,0.0,0.496205160472059,25.015693419077945,-0.024317209941584633,0.0,0.12158604970792315,0.0,0.0,0.0,epa_hwfet,PPO_seed42
38,21.7879,-11696.849036095795,0.0,0.0,0.49613150019572283,25.015863399915894,-0.021986558338525933,0.0,0.10993279169262965,0.0,0.0,0.0,epa_hwfet,PPO_seed42
39,21.8286,-10807.625712900697,0.0,0.0,0.49606343936167047,25.01601453182644,-0.02031508592650507,0.0,0.10157542963252535,0.0,0.0,0.0,epa_hwfet,PPO_seed42
40,21.8561,-10387.847876461745,0.0,0.0,0.49599802189910364,25.016157113977666,-0.019526029842973205,0.0,0.09763014921486603,0.0,0.0,0.0,epa_hwfet,PPO_seed42
41,21.8853,-10475.979898827718,0.0,0.0,0.4959320493456103,25.016301215886127,-0.019691691539149847,0.0,0.09845845769574924,0.0,0.0,0.0,epa_hwfet,PPO_seed42
42,21.9131,-10457.199370313978,0.0,0.0,0.49586619495773165,25.0164447520813,-0.019656389793823267,0.0,0.09828194896911634,0.0,0.0,0.0,epa_hwfet,PPO_seed42
43,21.9668,-11398.173703960278,0.0,0.0,0.4957944146537649,25.01660758423167,-0.02142513854127872,0.0,0.10712569270639359,0.0,0.0,0.0,epa_hwfet,PPO_seed42
44,22.0515,-12553.670310080595,0.0,0.0,0.4957153571886215,25.016796696178638,-0.02359712464300864,0.0,0.11798562321504319,0.0,0.0,0.0,epa_hwfet,PPO_seed42
45,22.1666,-13733.535378682303,0.0,0.0,0.495628868682853,25.01701554499106,-0.025814916125342674,0.0,0.12907458062671337,0.0,0.0,0.0,epa_hwfet,PPO_seed42
46,22.3056,-14729.72175863142,0.0,0.0,0.49553610538475834,25.01726190254557,-0.027687446914720717,0.0,0.13843723457360357,0.0,0.0,0.0,epa_hwfet,PPO_seed42
47,22.4568,-15344.807721008623,0.0,0.0,0.49543946690887725,25.01752667045884,-0.028843623535730497,0.0,0.14421811767865247,0.0,0.0,0.0,epa_hwfet,PPO_seed42
48,22.6055,-15447.26218171672,0.0,0.0,0.4953421814585986,25.017795447997017,-0.029036207108490076,0.0,0.14518103554245038,0.0,0.0,0.0,epa_hwfet,PPO_seed42
49,22.7352,-14942.281856510317,0.0,0.0,0.4952480746538051,25.01805070428274,-0.028086995970884057,0.0,0.14043497985442027,0.0,0.0,0.0,epa_hwfet,PPO_seed42
50,22.831,-13859.688139399408,0.0,0.0,0.49516078468326236,25.018277270562987,-0.026052045374810918,0.0,0.13026022687405459,0.0,0.0,0.0,epa_hwfet,PPO_seed42
51,22.881,-12290.54054360319,0.0,0.0,0.49508337650095996,25.018465491684616,-0.023102519818802993,0.0,0.11551259909401496,0.0,0.0,0.0,epa_hwfet,PPO_seed42
52,22.8784,-10415.587477164672,0.0,0.0,0.4950177767510338,25.018613465351585,-0.019578171949557657,0.0,0.09789085974778827,0.0,0.0,0.0,epa_hwfet,PPO_seed42
53,22.823,-8481.977727009129,0.0,0.0,0.49496435535779865,25.01872639696028,-0.0159435671560322,0.0,0.07971783578016099,0.0,0.0,0.0,epa_hwfet,PPO_seed42
54,22.7209,-6731.577748407554,0.0,0.0,0.494921958686741,25.01881317544973,-0.012653341632345029,0.0,0.06326670816172514,0.0,0.0,0.0,epa_hwfet,PPO_seed42
55,22.5848,-5415.169370832719,0.0,0.0,0.4948878534359927,25.018883459703183,-0.010178889794798345,0.0,0.05089444897399172,0.0,0.0,0.0,epa_hwfet,PPO_seed42
56,22.4316,-4691.108323830208,0.0,0.0,0.49485830889770327,25.018945188960974,-0.008817872789154527,0.0,0.04408936394577263,0.0,0.0,0.0,epa_hwfet,PPO_seed42
57,22.2815,-4679.5396189432995,0.0,0.0,0.49482883778054304,25.019005091789285,-0.00879612710327688,0.0,0.04398063551638439,0.0,0.0,0.0,epa_hwfet,PPO_seed42
58,22.1548,-5386.276420214367,0.0,0.0,0.49479491635351863,25.019070099088154,-0.010124579737245051,0.0,0.05062289868622526,0.0,0.0,0.0,epa_hwfet,PPO_seed42
59,22.0696,-6741.551657368631,0.0,0.0,0.49475246038934867,25.01914930339161,-0.012672089581519982,0.0,0.06336044790759991,0.0,0.0,0.0,epa_hwfet,PPO_seed42
60,22.0399,-8618.338677604777,0.0,0.0,0.4946981856108335,25.019254842124283,-0.016199884732339808,0.0,0.08099942366169903,0.0,0.0,0.0,epa_hwfet,PPO_seed42
61,22.0735,-10824.152500478573,0.0,0.0,0.49463001972500203,25.019400532477405,-0.020346151316689046,0.0,0.10173075658344523,0.0,0.0,0.0,epa_hwfet,PPO_seed42
62,22.1714,-13146.06602726023,0.0,0.0,0.49454723102007575,25.019599024191347,-0.02471065042718089,0.0,0.12355325213590443,0.0,0.0,0.0,epa_hwfet,PPO_seed42
63,22.3276,-15354.483654579113,0.0,0.0,0.4944505333321836,25.019857780592954,-0.028861811380787805,0.0,0.14430905690393903,0.0,0.0,0.0,epa_hwfet,PPO_seed42
64,22.53,-17232.68831331049,0.0,0.0,0.4943420051025109,25.020175685146302,-0.03239227126562122,0.0,0.1619613563281061,0.0,0.0,0.0,epa_hwfet,PPO_seed42
65,22.762,-18598.35143348636,0.0,0.0,0.49422487309912877,25.020541558559472,-0.03495930720580143,0.0,0.17479653602900716,0.0,0.0,0.0,epa_hwfet,PPO_seed42
66,23.0047,-19329.284832796864,0.0,0.0,0.49410313399150657,25.020935627793776,-0.0363332421669114,0.0,0.181666210834557,0.0,0.0,0.0,epa_hwfet,PPO_seed42
67,23.2394,-19385.081309464917,0.0,0.0,0.4939810395420002,25.021333834602146,-0.0364381227621521,0.0,0.1821906138107605,0.0,0.0,0.0,epa_hwfet,PPO_seed42
68,23.4497,-18805.37063610179,0.0,0.0,0.49386259259412024,25.021713136452714,-0.03534844104530412,0.0,0.1767422052265206,0.0,0.0,0.0,epa_hwfet,PPO_seed42
69,23.6238,-17728.153511372308,0.0,0.0,0.4937509273732945,25.02205702651007,-0.0333235968258878,0.0,0.16661798412943898,0.0,0.0,0.0,epa_hwfet,PPO_seed42
70,23.7557,-16354.696411800418,0.0,0.0,0.49364791072594594,25.02235810254378,-0.030741910548497026,0.0,0.15370955274248513,0.0,0.0,0.0,epa_hwfet,PPO_seed42
71,23.8457,-14922.307818978772,0.0,0.0,0.49355391478901645,25.02261784929378,-0.02804945078755408,0.0,0.1402472539377704,0.0,0.0,0.0,epa_hwfet,PPO_seed42
72,23.8999,-13661.507157328293,0.0,0.0,0.493467859512099,25.022844136896424,-0.0256795247318201,0.0,0.12839762365910048,0.0,0.0,0.0,epa_hwfet,PPO_seed42
73,23.9295,-12782.575929889323,0.0,0.0,0.49338734001498263,25.023048715446667,-0.024027398364453615,0.0,0.12013699182226807,0.0,0.0,0.0,epa_hwfet,PPO_seed42
74,23.9486,-12414.450907234692,0.0,0.0,0.4933091389655065,25.02324456406514,-0.02333543403615544,0.0,0.11667717018077718,0.0,0.0,0.0,epa_hwfet,PPO_seed42
75,23.9721,-12606.526966547272,0.0,0.0,0.4932297276585012,25.02344492513058,-0.023696479260427204,0.0,0.11848239630213601,0.0,0.0,0.0,epa_hwfet,PPO_seed42
76,24.0134,-13321.03594148893,0.0,0.0,0.4931458150928849,25.023662861913152,-0.025039541243400243,0.0,0.12519770621700121,0.0,0.0,0.0,epa_hwfet,PPO_seed42
77,24.0822,-14436.078128971176,0.0,0.0,0.493054877928058,25.023910358505123,-0.02713548520483304,0.0,0.1356774260241652,0.0,0.0,0.0,epa_hwfet,PPO_seed42
78,24.1833,-15780.905521098006,0.0,0.0,0.49295546818767766,25.02419691297428,-0.029663356242665424,0.0,0.14831678121332711,0.0,0.0,0.0,epa_hwfet,PPO_seed42
79,24.3155,-17134.85380248768,0.0,0.0,0.49284752774308166,25.02452662692326,-0.03220837180918737,0.0,0.16104185904593685,0.0,0.0,0.0,epa_hwfet,PPO_seed42
80,24.4717,-18267.81052417003,0.0,0.0,0.49273244797481436,25.02489565024854,-0.03433798970708652,0.0,0.1716899485354326,0.0,0.0,0.0,epa_hwfet,PPO_seed42
81,24.6398,-18968.599214449314,0.0,0.0,0.4926129507187977,25.025291003277815,-0.0356552616812957,0.0,0.1782763084064785,0.0,0.0,0.0,epa_hwfet,PPO_seed42
82,24.8043,-19074.548526249033,0.0,0.0,0.4924927829646305,25.025691942800332,-0.0358544145230245,0.0,0.17927207261512249,0.0,0.0,0.0,epa_hwfet,PPO_seed42
83,24.9484,-18498.472722493283,0.0,0.0,0.4923762415072002,25.02607411674971,-0.03477156526784452,0.0,0.1738578263392226,0.0,0.0,0.0,epa_hwfet,PPO_seed42
84,25.0567,-17262.90619149245,0.0,0.0,0.4922674817478611,25.02641593053308,-0.03244907178851964,0.0,0.1622453589425982,0.0,0.0,0.0,epa_hwfet,PPO_seed42
85,25.1168,-15465.489705267855,0.0,0.0,0.49217004435426326,25.026703072008683,-0.029070469370804243,0.0,0.1453523468540212,0.0,0.0,0.0,epa_hwfet,PPO_seed42
86,25.1217,-13315.013874033564,0.0,0.0,0.49208615470625405,25.026932033885664,-0.025028221567732264,0.0,0.1251411078386613,0.0,0.0,0.0,epa_hwfet,PPO_seed42
87,25.0708,-11074.359273789267,0.0,0.0,0.4920163818038242,25.027108988896224,-0.020816464800355764,0.0,0.10408232400177882,0.0,0.0,0.0,epa_hwfet,PPO_seed42
88,24.9704,-9033.778217908792,0.0,0.0,0.49195946563420784,25.02724615190471,-0.016980786123888706,0.0,0.08490393061944353,0.0,0.0,0.0,epa_hwfet,PPO_seed42
89,24.8326,-7439.359041563823,0.0,0.0,0.4919125954292625,25.027356928608103,-0.01398375759692448,0.0,0.0699187879846224,0.0,0.0,0.0,epa_hwfet,PPO_seed42
90,24.6749,-6515.40794844938,0.0,0.0,0.49187154706691844,25.02745357732052,-0.01224700742189733,0.0,0.06123503710948665,0.0,0.0,0.0,epa_hwfet,PPO_seed42
91,24.5173,-6366.231410715676,0.0,0.0,0.49183143930687195,25.027546315605367,-0.011966600396082099,0.0,0.05983300198041049,0.0,0.0,0.0,epa_hwfet,PPO_seed42
92,24.3805,-7023.992261758665,0.0,0.0,0.49178718843237273,25.027645377416654,-0.013202992973230574,0.0,0.06601496486615287,0.0,0.0,0.0,epa_hwfet,PPO_seed42
93,24.2828,-8405.129832009357,0.0,0.0,0.4917342372813817,25.027762910183093,-0.0157991162255815,0.0,0.0789955811279075,0.0,0.0,0.0,epa_hwfet,PPO_seed42
94,24.2387,-10380.442944333432,0.0,0.0,0.49166884260989957,25.02791437336434,-0.019512110797619234,0.0,0.09756055398809617,0.0,0.0,0.0,epa_hwfet,PPO_seed42
95,24.2565,-12735.966515032642,0.0,0.0,0.49158860886489836,25.028116831432207,-0.023939786682392186,0.0,0.11969893341196092,0.0,0.0,0.0,epa_hwfet,PPO_seed42
96,24.3376,-15231.192347685517,0.0,0.0,0.4914926552377626,25.028385520456105,-0.028630060803920145,0.0,0.14315030401960072,0.0,0.0,0.0,epa_hwfet,PPO_seed42
97,24.4765,-17616.073573106823,0.0,0.0,0.49138167575203867,25.02872926626368,-0.033112920250200795,0.0,0.16556460125100397,0.0,0.0,0.0,epa_hwfet,PPO_seed42
98,24.6618,-19661.049593710373,0.0,0.0,0.49125781039130323,25.029146748148435,-0.03695686013855334,0.0,0.18478430069276666,0.0,0.0,0.0,epa_hwfet,PPO_seed42
99,24.8774,-21161.179630491053,0.0,0.0,0.49112449033413413,25.029624328089156,-0.039776653440772664,0.0,0.1988832672038633,0.0,0.0,0.0,epa_hwfet,PPO_seed42
100,25.105,-21990.75347560296,0.0,0.0,0.49098593918684014,25.030138301867005,-0.041336002773689776,0.0,0.20668001386844886,0.0,0.0,0.0,epa_hwfet,PPO_seed42
101,25.3262,-22097.924430739236,0.0,0.0,0.4908467079175841,25.03065942195007,-0.04153745193747977,0.0,0.20768725968739885,0.0,0.0,0.0,epa_hwfet,PPO_seed42
102,25.4803,-19689.698808879763,0.0,0.0,0.49072264573496993,25.031087742164388,-0.037010712046766474,0.0,0.18505356023383235,0.0,0.0,0.0,epa_hwfet,PPO_seed42
103,25.6008,-18537.081000235983,0.0,0.0,0.49060584308266486,25.031476109420453,-0.03484413721848869,0.0,0.17422068609244346,0.0,0.0,0.0,epa_hwfet,PPO_seed42
104,25.6818,-17080.237393087744,0.0,0.0,0.49049821781116043,25.031816680916936,-0.03210570938550328,0.0,0.1605285469275164,0.0,0.0,0.0,epa_hwfet,PPO_seed42
105,25.7239,-15584.276112679709,0.0,0.0,0.4904000173379069,25.032111810879037,-0.029293752091503214,0.0,0.14646876045751606,0.0,0.0,0.0,epa_hwfet,PPO_seed42
106,25.7333,-14288.297212789475,0.0,0.0,0.49030998228725,25.03237061002846,-0.026857701527799767,0.0,0.13428850763899883,0.0,0.0,0.0,epa_hwfet,PPO_seed42
107,25.7212,-13411.96395898306,0.0,0.0,0.4902254688658733,25.032606337563067,-0.025210458569517032,0.0,0.12605229284758515,0.0,0.0,0.0,epa_hwfet,PPO_seed42
108,25.7015,-13082.58662434199,0.0,0.0,0.49014303080527655,25.032833457046564,-0.024591328241244343,0.0,0.12295664120622171,0.0,0.0,0.0,epa_hwfet,PPO_seed42
109,25.6891,-13358.39651294233,0.0,0.0,0.49005885469386135,25.03306706958714,-0.025109767881470547,0.0,0.12554883940735273,0.0,0.0,0.0,epa_hwfet,PPO_seed42
110,25.6968,-14171.811537540907,0.0,0.0,0.4899695527835432,25.033321606302923,-0.026638743491618246,0.0,0.13319371745809122,0.0,0.0,0.0,epa_hwfet,PPO_seed42
111,25.7344,-15418.644035221156,0.0,0.0,0.48987239363841,25.033611100620067,-0.028982413600039766,0.0,0.14491206800019882,0.0,0.0,0.0,epa_hwfet,PPO_seed42
112,25.8059,-16878.037592607325,0.0,0.0,0.4897660372792137,25.033945675706786,-0.03172563457257016,0.0,0.1586281728628508,0.0,0.0,0.0,epa_hwfet,PPO_seed42
113,25.9097,-18329.2434171454,0.0,0.0,0.4896505345587622,25.034329557046366,-0.034453465069822185,0.0,0.1722673253491109,0.0,0.0,0.0,epa_hwfet,PPO_seed42
114,26.0381,-19518.235736562663,0.0,0.0,0.48952753700553664,25.034757423116364,-0.03668841303865163,0.0,0.18344206519325812,0.0,0.0,0.0,epa_hwfet,PPO_seed42
115,26.1786,-20228.83229691098,0.0,0.0,0.4894000586115368,25.035213742617394,-0.03802412085885523,0.0,0.19012060429427613,0.0,0.0,0.0,epa_hwfet,PPO_seed42
116,26.3151,-20281.057827280256,0.0,0.0,0.4892722479522484,25.035673926001945,-0.03812228914902304,0.0,0.19061144574511518,0.0,0.0,0.0,epa_hwfet,PPO_seed42
117,26.4303,-19588.22209829709,0.0,0.0,0.48914880053214405,25.036109728259124,-0.0368199663501825,0.0,0.1840998317509125,0.0,0.0,0.0,epa_hwfet,PPO_seed42
118,26.5081,-18167.67232303623,0.0,0.0,0.4890343031607363,25.036496178667214,-0.0341497600057072,0.0,0.17074880002853599,0.0,0.0,0.0,epa_hwfet,PPO_seed42
119,26.5359,-16145.750898028477,0.0,0.0,0.4889325468516141,25.036817794062625,-0.030349155823361798,0.0,0.15174577911680898,0.0,0.0,0.0,epa_hwfet,PPO_seed42
120,26.5061,-13728.122704443547,0.0,0.0,0.4888460265705259,25.037071131277433,-0.025804741925645764,0.0,0.12902370962822882,0.0,0.0,0.0,epa_hwfet,PPO_seed42
121,26.4179,-11210.26437813989,0.0,0.0,0.4887753748741921,25.037264283170117,-0.02107192552281934,0.0,0.1053596276140967,0.0,0.0,0.0,epa_hwfet,PPO_seed42
122,26.2772,-8890.428914125256,0.0,0.0,0.48871934422179014,25.037411732020768,-0.016711332545348227,0.0,0.08355666272674113,0.0,0.0,0.0,epa_hwfet,PPO_seed42
123,26.0962,-7048.293912009633,0.0,0.0,0.4886749240874735,25.037529130393555,-0.0132486727669354,0.0,0.066243363834677,0.0,0.0,0.0,epa_hwfet,PPO_seed42
124,25.8922,-5905.924373574736,0.0,0.0,0.4886377042792135,25.037629778042803,-0.011101361604463789,0.0,0.05550680802231894,0.0,0.0,0.0,epa_hwfet,PPO_seed42
125,25.6852,-5578.15756593754,0.0,0.0,0.4886025509839282,25.037723903693998,-0.010485258582589363,0.0,0.05242629291294681,0.0,0.0,0.0,epa_hwfet,PPO_seed42
126,25.496,-6098.356854786626,0.0,0.0,0.48856412039737784,25.037820890831103,-0.011463076794711704,0.0,0.057315383973558516,0.0,0.0,0.0,epa_hwfet,PPO_seed42
127,25.3434,-7389.531847179595,0.0,0.0,0.48851755415405684,25.037931818486953,-0.013890097457104504,0.0,0.06945048728552251,0.0,0.0,0.0,epa_hwfet,PPO_seed42
128,25.242,-9294.483961358354,0.0,0.0,0.4884589845922951,25.03807085322363,-0.017470834513831492,0.0,0.08735417256915746,0.0,0.0,0.0,epa_hwfet,PPO_seed42
129,25.2006,-11600.458624511595,0.0,0.0,0.48838588458183824,25.038254240889707,-0.021805373354345105,0.0,0.10902686677172552,0.0,0.0,0.0,epa_hwfet,PPO_seed42
130,25.221,-14049.629176782957,0.0,0.0,0.48829735133067753,25.038496634944153,-0.026409077399967965,0.0,0.1320453869998398,0.0,0.0,0.0,epa_hwfet,PPO_seed42
131,25.2984,-16393.834557176015,0.0,0.0,0.4881940454224431,25.038806916013556,-0.030815478490932358,0.0,0.1540773924546618,0.0,0.0,0.0,epa_hwfet,PPO_seed42
132,25.4216,-18377.898906092356,0.0,0.0,0.4880782351592747,25.039183549564957,-0.0345449227558127,0.0,0.1727246137790635,0.0,0.0,0.0,epa_hwfet,PPO_seed42
133,25.5753,-19819.882399817423,0.0,0.0,0.48795333536923097,25.039613937776792,-0.037255418044769596,0.0,0.18627709022384797,0.0,0.0,0.0,epa_hwfet,PPO_seed42
134,25.7417,-20586.178434253412,0.0,0.0,0.48782360317204765,25.04007562298295,-0.03869582412453649,0.0,0.19347912062268244,0.0,0.0,0.0,epa_hwfet,PPO_seed42
135,25.9029,-20631.92646149447,0.0,0.0,0.4876935789967585,25.040541223241323,-0.038781816656944496,0.0,0.19390908328472245,0.0,0.0,0.0,epa_hwfet,PPO_seed42
136,26.0436,-20025.030782733644,0.0,0.0,0.4875673760286415,25.040985506909287,-0.03764103530589031,0.0,0.18820517652945154,0.0,0.0,0.0,epa_hwfet,PPO_seed42
137,26.1527,-18910.63425791632,0.0,0.0,0.48744819330503275,25.041390466228624,-0.035546304996083314,0.0,0.17773152498041656,0.0,0.0,0.0,epa_hwfet,PPO_seed42
138,26.2249,-17515.643431842942,0.0,0.0,0.4873378001379436,25.041748635684915,-0.03292414178917846,0.0,0.1646207089458923,0.0,0.0,0.0,epa_hwfet,PPO_seed42
139,26.2608,-16085.75537982265,0.0,0.0,0.4872364173730161,25.042062130830182,-0.030236382292899724,0.0,0.1511819114644986,0.0,0.0,0.0,epa_hwfet,PPO_seed42
140,26.2672,-14889.477302082403,0.0,0.0,0.4871425733967699,25.042340868985,-0.02798773928962858,0.0,0.13993869644814289,0.0,0.0,0.0,epa_hwfet,PPO_seed42
141,26.2551,-14117.277935047961,0.0,0.0,0.487053595872363,25.042598339083277,-0.02653623672001497,0.0,0.13268118360007483,0.0,0.0,0.0,epa_hwfet,PPO_seed42
142,26.2385,-13911.285282009434,0.0,0.0,0.48696591641770876,25.042850057671096,-0.026149032484980142,0.0,0.1307451624249007,0.0,0.0,0.0,epa_hwfet,PPO_seed42
143,26.2321,-14318.946342175068,0.0,0.0,0.48687566737742455,25.04311236674298,-0.026915312673261405,0.0,0.13457656336630702,0.0,0.0,0.0,epa_hwfet,PPO_seed42
144,26.2487,-15280.527035102681,0.0,0.0,0.4867793573587019,25.043401507223816,-0.02872279517876444,0.0,0.1436139758938222,0.0,0.0,0.0,epa_hwfet,PPO_seed42
145,26.2976,-16669.896593722853,0.0,0.0,0.4866742896848931,25.04373292974593,-0.03133439209346401,0.0,0.15667196046732004,0.0,0.0,0.0,epa_hwfet,PPO_seed42
146,26.3826,-18274.530202424994,0.0,0.0,0.48655910689646625,25.0441181907362,-0.03435062068124999,0.0,0.17175310340624994,0.0,0.0,0.0,epa_hwfet,PPO_seed42
147,26.5015,-19852.045210907287,0.0,0.0,0.4864339790067149,25.04456168855343,-0.037315874456592645,0.0,0.18657937228296323,0.0,0.0,0.0,epa_hwfet,PPO_seed42
148,26.6464,-21158.530387905637,0.0,0.0,0.4863006133237301,25.04505770923395,-0.03977167366147677,0.0,0.19885836830738382,0.0,0.0,0.0,epa_hwfet,PPO_seed42
149,26.804,-21945.50448681869,0.0,0.0,0.4861622835563528,25.04558801334771,-0.04125094828349378,0.0,0.20625474141746888,0.0,0.0,0.0,epa_hwfet,PPO_seed42
150,26.8224,-16168.13380122894,0.0,0.0,0.486060367555821,25.045911575772966,-0.030391228949678457,0.0,0.15195614474839228,0.0,0.0,0.0,epa_hwfet,PPO_seed42
151,26.8224,-15400.417107895615,0.0,0.0,0.48596329011729816,25.04621231444396,-0.028948152458450407,0.0,0.14474076229225202,0.0,0.0,0.0,epa_hwfet,PPO_seed42
152,26.8224,-15400.417107895615,0.0,0.0,0.48586621219728493,25.046512956976418,-0.028948152458450407,0.0,0.14474076229225202,0.0,0.0,0.0,epa_hwfet,PPO_seed42
153,26.8224,-15400.417107895613,0.0,0.0,0.48576913379454906,25.046813504854413,-0.0289481524584504,0.0,0.144740762292252,0.0,0.0,0.0,epa_hwfet,PPO_seed42
154,26.8224,-15400.417107895615,0.0,0.0,0.48567205490789905,25.04711395951223,-0.028948152458450407,0.0,0.14474076229225202,0.0,0.0,0.0,epa_hwfet,PPO_seed42
155,26.8224,-15400.417107895615,0.0,0.0,0.48557497553618273,25.047414322336103,-0.028948152458450407,0.0,0.14474076229225202,0.0,0.0,0.0,epa_hwfet,PPO_seed42
156,26.8224,-15400.417107895615,0.0,0.0,0.485477895678286,25.047714594665823,-0.028948152458450407,0.0,0.14474076229225202,0.0,0.0,0.0,epa_hwfet,PPO_seed42
157,26.8205,-15318.45495389246,0.0,0.0,0.4853813320018779,25.048012387194888,-0.028794088259196354,0.0,0.14397044129598177,0.0,0.0,0.0,epa_hwfet,PPO_seed42
158,26.618,-6728.018433783853,0.0,0.0,0.4853389200694123,25.048130238775382,-0.012646651191323034,0.0,0.06323325595661516,0.0,0.0,0.0,epa_hwfet,PPO_seed42
159,26.4095,-6257.735151468811,0.0,0.0,0.48529947369224674,25.04823913910687,-0.0117626600591519,0.0,0.0588133002957595,0.0,0.0,0.0,epa_hwfet,PPO_seed42
160,26.2157,-6654.6135344165195,0.0,0.0,0.4852575266323969,25.04834975135779,-0.01250867205717391,0.0,0.06254336028586954,0.0,0.0,0.0,epa_hwfet,PPO_seed42
161,26.0557,-7856.260783183106,0.0,0.0,0.48520800621143884,25.04847406194364,-0.014767407487186288,0.0,0.07383703743593144,0.0,0.0,0.0,epa_hwfet,PPO_seed42
162,25.9442,-9691.844986143728,0.0,0.0,0.48514691667341164,25.048626639433127,-0.01821775373335287,0.0,0.09108876866676435,0.0,0.0,0.0,epa_hwfet,PPO_seed42
163,25.8902,-11944.943708996705,0.0,0.0,0.4850716262877568,25.048823895256227,-0.022452901708640425,0.0,0.11226450854320212,0.0,0.0,0.0,epa_hwfet,PPO_seed42
164,25.8963,-14373.567854327106,0.0,0.0,0.4849810282781326,25.04908103021618,-0.027017984688584785,0.0,0.13508992344292392,0.0,0.0,0.0,epa_hwfet,PPO_seed42
165,25.9578,-16693.19424377799,0.0,0.0,0.48487580884410086,25.04940659737723,-0.031378184668755624,0.0,0.1568909233437781,0.0,0.0,0.0,epa_hwfet,PPO_seed42
166,26.0642,-18666.594191164724,0.0,0.0,0.48475814919581894,25.049799187706878,-0.035087583066099104,0.0,0.17543791533049552,0.0,0.0,0.0,epa_hwfet,PPO_seed42
167,26.2007,-20100.65472656837,0.0,0.0,0.48463144777550987,25.050245968387003,-0.03778318557625634,0.0,0.18891592788128167,0.0,0.0,0.0,epa_hwfet,PPO_seed42
168,26.35,-20860.99195761633,0.0,0.0,0.48449995041742133,25.050724176239534,-0.03921239089777506,0.0,0.19606195448887528,0.0,0.0,0.0,epa_hwfet,PPO_seed42
169,26.4948,-20908.959863028023,0.0,0.0,0.48436814714693827,25.051206363560482,-0.03930255613351133,0.0,0.19651278066755662,0.0,0.0,0.0,epa_hwfet,PPO_seed42
170,26.6203,-20312.778401213185,0.0,0.0,0.4842400986269532,25.051667266493915,-0.038181914287994716,0.0,0.19090957143997356,0.0,0.0,0.0,epa_hwfet,PPO_seed42
171,26.7159,-19222.96123625658,0.0,0.0,0.4841189172682199,25.052089053437435,-0.03613338578243718,0.0,0.1806669289121859,0.0,0.0,0.0,epa_hwfet,PPO_seed42
172,26.6797,-13696.765051786757,0.0,0.0,0.4840325713251415,25.052339458583532,-0.025745798969523982,0.0,0.1287289948476199,0.0,0.0,0.0,epa_hwfet,PPO_seed42
173,26.6099,-12212.123198388948,0.0,0.0,0.4839555847576474,25.05255271409302,-0.02295511879396419,0.0,0.11477559396982094,0.0,0.0,0.0,epa_hwfet,PPO_seed42
174,26.5132,-10978.507798713072,0.0,0.0,0.48388637540807966,25.052737682411127,-0.02063629285472382,0.0,0.1031814642736191,0.0,0.0,0.0,epa_hwfet,PPO_seed42
175,26.401,-10203.646609635096,0.0,0.0,0.4838220514433597,25.052905559676717,-0.019179786860216347,0.0,0.09589893430108173,0.0,0.0,0.0,epa_hwfet,PPO_seed42
176,26.2874,-10010.298484017316,0.0,0.0,0.4837589470809876,25.05306801682528,-0.018816350533867137,0.0,0.09408175266933567,0.0,0.0,0.0,epa_hwfet,PPO_seed42
177,26.1871,-10433.124715029424,0.0,0.0,0.48369317802021033,25.053236980510338,-0.019611136682386135,0.0,0.09805568341193067,0.0,0.0,0.0,epa_hwfet,PPO_seed42
178,26.1128,-11400.182822833516,0.0,0.0,0.48362131345477893,25.053424506084685,-0.02142891508051413,0.0,0.10714457540257064,0.0,0.0,0.0,epa_hwfet,PPO_seed42
179,26.0735,-12771.248718399422,0.0,0.0,0.4835408064339478,25.053642396260905,-0.02400610661353275,0.0,0.12003053306766374,0.0,0.0,0.0,epa_hwfet,PPO_seed42
180,26.0728,-14335.87496918609,0.0,0.0,0.4834504364461917,25.05389995164413,-0.026947133400725732,0.0,0.13473566700362866,0.0,0.0,0.0,epa_hwfet,PPO_seed42
181,26.1082,-15849.718954757802,0.0,0.0,0.4833505230648585,25.054200829421315,-0.029792704802176318,0.0,0.1489635240108816,0.0,0.0,0.0,epa_hwfet,PPO_seed42
182,26.1713,-17066.306444706224,0.0,0.0,0.4832429394830915,25.05454016824663,-0.03207952339230493,0.0,0.16039761696152466,0.0,0.0,0.0,epa_hwfet,PPO_seed42
183,26.2483,-17746.144816177337,0.0,0.0,0.4831310687134017,25.05490280923712,-0.033357415068002515,0.0,0.16678707534001255,0.0,0.0,0.0,epa_hwfet,PPO_seed42
184,26.322,-17720.610514582513,0.0,0.0,0.48301935709554156,25.055265624345818,-0.03330941826049345,0.0,0.16654709130246723,0.0,0.0,0.0,epa_hwfet,PPO_seed42
185,26.3743,-16920.44114690446,0.0,0.0,0.48291268809767585,25.055603113913133,-0.03180534050170011,0.0,0.15902670250850057,0.0,0.0,0.0,epa_hwfet,PPO_seed42
186,26.3878,-15347.4652578557,0.0,0.0,0.48281593414587914,25.05589309775603,-0.028848618905743795,0.0,0.14424309452871897,0.0,0.0,0.0,epa_hwfet,PPO_seed42
187,26.3488,-13141.209287940801,0.0,0.0,0.4827330883597257,25.0561235273508,-0.024701521217933838,0.0,0.12350760608966918,0.0,0.0,0.0,epa_hwfet,PPO_seed42
188,26.2489,-10523.920965657877,0.0,0.0,0.482666742726899,25.056294512756494,-0.01978180632642458,0.0,0.0989090316321229,0.0,0.0,0.0,epa_hwfet,PPO_seed42
189,26.0863,-7784.371322809268,0.0,0.0,0.4826176684295376,25.056416380268814,-0.014632276922573812,0.0,0.07316138461286906,0.0,0.0,0.0,epa_hwfet,PPO_seed42
190,25.8662,-5231.792849782389,0.0,0.0,0.48258468673903127,25.056504359211985,-0.009834197086057123,0.0,0.049170985430285606,0.0,0.0,0.0,epa_hwfet,PPO_seed42
191,25.6003,-3148.8479461160027,0.0,0.0,0.4825648366557976,25.056572702543967,-0.005918887116759404,0.0,0.029594435583797016,0.0,0.0,0.0,epa_hwfet,PPO_seed42
192,25.3053,-1744.4041403332103,0.0,0.0,0.48255384043924776,25.05663096109043,-0.0032789551510022754,0.0,0.016394775755011377,0.0,0.0,0.0,epa_hwfet,PPO_seed42
193,25.0013,-1149.3887082646231,0.0,0.0,0.4825465952955276,25.05668379748197,-0.0021605050907229756,0.0,0.010802525453614879,0.0,0.0,0.0,epa_hwfet,PPO_seed42
194,24.709,-1375.2781131891697,0.0,0.0,0.4825379265918396,25.056733441687204,-0.0025851092353179886,0.0,0.012925546176589942,0.0,0.0,0.0,epa_hwfet,PPO_seed42
195,24.4474,-2344.005183773348,0.0,0.0,0.4825231523011576,25.056783072542135,-0.00440602478152885,0.0,0.02203012390764425,0.0,0.0,0.0,epa_hwfet,PPO_seed42
196,24.2314,-3892.8163812438556,0.0,0.0,0.4824986166025309,25.056838925938358,-0.007317324024894466,0.0,0.03658662012447233,0.0,0.0,0.0,epa_hwfet,PPO_seed42
197,24.0703,-5812.788586213844,0.0,0.0,0.48246198058279044,25.056910121872242,-0.010926294334988429,0.0,0.05463147167494214,0.0,0.0,0.0,epa_hwfet,PPO_seed42
198,23.9669,-7869.225484285116,0.0,0.0,0.48241238439693435,25.057006325753033,-0.014791777226099843,0.0,0.07395888613049921,0.0,0.0,0.0,epa_hwfet,PPO_seed42
199,23.917,-9809.781328088853,0.0,0.0,0.482350558341369,25.05713402602618,-0.018439438586633185,0.0,0.09219719293316592,0.0,0.0,0.0,epa_hwfet,PPO_seed42
200,23.9106,-11420.818305932085,0.0,0.0,0.4822785788997171,25.05729368400643,-0.02146770358257911,0.0,0.10733851791289555,0.0,0.0,0.0,epa_hwfet,PPO_seed42
201,23.9333,-12530.272364697938,0.0,0.0,0.4821996068663105,25.05747850255432,-0.0235531435426653,0.0,0.11776571771332649,0.0,0.0,0.0,epa_hwfet,PPO_seed42
202,23.9683,-13030.736343216282,0.0,0.0,0.4821174800456393,25.0576756986236,-0.02449386530679752,0.0,0.12246932653398761,0.0,0.0,0.0,epa_hwfet,PPO_seed42
203,23.999,-12907.608483966174,0.0,0.0,0.4820361285029539,25.057870224738355,-0.024262421962342434,0.0,0.12131210981171217,0.0,0.0,0.0,epa_hwfet,PPO_seed42
204,24.0111,-12227.568468508072,0.0,0.0,0.4819590623259129,25.05804884362862,-0.022984151256594122,0.0,0.1149207562829706,0.0,0.0,0.0,epa_hwfet,PPO_seed42
205,23.9946,-11140.536095738951,0.0,0.0,0.48188884691890416,25.058203475138036,-0.02094085732281758,0.0,0.10470428661408789,0.0,0.0,0.0,epa_hwfet,PPO_seed42
206,23.945,-9851.243266458478,0.0,0.0,0.4818267573971988,25.058332244061088,-0.018517374561012177,0.0,0.09258687280506088,0.0,0.0,0.0,epa_hwfet,PPO_seed42
207,23.8637,-8586.699660302089,0.0,0.0,0.48177263804884374,25.058438369314867,-0.01614041289530468,0.0,0.0807020644765234,0.0,0.0,0.0,epa_hwfet,PPO_seed42
208,23.7582,-7584.431905673433,0.0,0.0,0.4817248359984873,25.058528281110945,-0.014256450950513972,0.0,0.07128225475256986,0.0,0.0,0.0,epa_hwfet,PPO_seed42
209,23.6399,-6998.298966458471,0.0,0.0,0.48168072856764327,25.05860902156449,-0.013154697305373067,0.0,0.06577348652686534,0.0,0.0,0.0,epa_hwfet,PPO_seed42
210,23.5233,-6950.187464161956,0.0,0.0,0.48163692485904147,25.058687960943185,-0.013064262150680371,0.0,0.06532131075340185,0.0,0.0,0.0,epa_hwfet,PPO_seed42
211,23.423,-7449.829395854691,0.0,0.0,0.4815899726632362,25.058772605084066,-0.014003438714012578,0.0,0.07001719357006289,0.0,0.0,0.0,epa_hwfet,PPO_seed42
212,23.3517,-8434.939415090117,0.0,0.0,0.481536812327336,25.058871153479366,-0.015855149276485184,0.0,0.07927574638242592,0.0,0.0,0.0,epa_hwfet,PPO_seed42
213,23.3185,-9783.785726303155,0.0,0.0,0.48147515133544116,25.058992364611854,-0.01839057467350217,0.0,0.09195287336751085,0.0,0.0,0.0,epa_hwfet,PPO_seed42
214,23.3266,-11290.952989290168,0.0,0.0,0.48140399162779196,25.059143423137346,-0.02122359584453039,0.0,0.10611797922265195,0.0,0.0,0.0,epa_hwfet,PPO_seed42
215,23.3734,-12750.61770880828,0.0,0.0,0.4813236321521032,25.059327874789265,-0.02396732652031632,0.0,0.11983663260158159,0.0,0.0,0.0,epa_hwfet,PPO_seed42
216,23.45,-13928.725661460037,0.0,0.0,0.48123584686019055,25.059542607085024,-0.02618181515312037,0.0,0.13090907576560185,0.0,0.0,0.0,epa_hwfet,PPO_seed42
217,23.5511,-14951.909994529262,0.0,0.0,0.4811416116403105,25.059786120153,-0.028105093974679064,0.0,0.14052546987339531,0.0,0.0,0.0,epa_hwfet,PPO_seed42
218,23.6502,-15006.070315007351,0.0,0.0,0.48104703341397453,25.060032150072452,-0.028206899088359685,0.0,0.1410344954417984,0.0,0.0,0.0,epa_hwfet,PPO_seed42
219,23.7285,-14339.582995403814,0.0,0.0,0.48095665426914913,25.060260583378525,-0.0269541033748192,0.0,0.134770516874096,0.0,0.0,0.0,epa_hwfet,PPO_seed42
220,23.7681,-12958.869437685655,0.0,0.0,0.48087497625812775,25.060454009919678,-0.02435877713850687,0.0,0.12179388569253435,0.0,0.0,0.0,epa_hwfet,PPO_seed42
221,23.7549,-10991.871721075398,0.0,0.0,0.4808056953145025,25.060603103405338,-0.020661413009540223,0.0,0.10330706504770111,0.0,0.0,0.0,epa_hwfet,PPO_seed42
222,23.6798,-8627.590913795366,0.0,0.0,0.48075131612372146,25.060708021646303,-0.01621727615375069,0.0,0.08108638076875344,0.0,0.0,0.0,epa_hwfet,PPO_seed42
223,23.5405,-6135.194166059174,0.0,0.0,0.4807126465841721,25.060777255244986,-0.011532319861013485,0.0,0.057661599305067424,0.0,0.0,0.0,epa_hwfet,PPO_seed42
224,23.3418,-3799.214796043616,0.0,0.0,0.4806887008375801,25.06082309085619,-0.007141381195570707,0.0,0.03570690597785353,0.0,0.0,0.0,epa_hwfet,PPO_seed42
225,23.095,-1875.9323319696937,0.0,0.0,0.4806768774412795,25.060856671228652,-0.003526188593927996,0.0,0.01763094296963998,0.0,0.0,0.0,epa_hwfet,PPO_seed42
226,22.8164,-553.6436628276065,0.0,0.0,0.4806733881005717,25.060884936728765,-0.001040683576743621,0.0,0.005203417883718106,0.0,0.0,0.0,epa_hwfet,PPO_seed42
227,22.526,0.0,0.0,29.290355119203767,0.4806733881005717,25.06091046553843,0.0,0.0,0.0,0.0,0.0,0.0,epa_hwfet,PPO_seed42
228,22.2442,-92.96353245123156,0.0,0.0,0.48067280223492953,25.0609335851285,-0.00017474348205118715,0.0,0.0008737174102559357,0.0,0.0,0.0,epa_hwfet,PPO_seed42
229,21.9899,-887.638046082275,0.0,0.0,0.4806672084222067,25.060955206127996,-0.001668492567823825,0.0,0.008342462839119125,0.0,0.0,0.0,epa_hwfet,PPO_seed42
230,21.7783,-2207.4740078417453,0.0,0.0,0.48065329750184393,25.060978783110443,-0.004149387232785236,0.0,0.02074693616392618,0.0,0.0,0.0,epa_hwfet,PPO_seed42
231,21.6187,-3852.271149721268,0.0,0.0,0.4806290220255159,25.061010294136008,-0.007241111183686594,0.0,0.03620555591843297,0.0,0.0,0.0,epa_hwfet,PPO_seed42
232,21.5141,-5617.407056850279,0.0,0.0,0.48059362389985477,25.061056567180774,-0.010559035821147143,0.0,0.05279517910573571,0.0,0.0,0.0,epa_hwfet,PPO_seed42
233,21.4606,-7280.405461240699,0.0,0.0,0.480547746763009,25.061122506644242,-0.013684972671505076,0.0,0.06842486335752537,0.0,0.0,0.0,epa_hwfet,PPO_seed42
234,21.4488,-8661.3509087182,0.0,0.0,0.48049316778389906,25.061209013140967,-0.016280734790823686,0.0,0.08140367395411842,0.0,0.0,0.0,epa_hwfet,PPO_seed42
235,21.4645,-9594.368234982227,0.0,0.0,0.4804327092863736,25.06131164868754,-0.01803452675748539,0.0,0.09017263378742695,0.0,0.0,0.0,epa_hwfet,PPO_seed42
236,21.4917,-10005.702985957874,0.0,0.0,0.48036965840183304,25.061422090083916,-0.018807712379620065,0.0,0.09403856189810032,0.0,0.0,0.0,epa_hwfet,PPO_seed42
237,21.5141,-9867.63703462802,0.0,0.0,0.48030747708196586,25.06153016228583,-0.018548189914714325,0.0,0.09274094957357162,0.0,0.0,0.0,epa_hwfet,PPO_seed42
238,21.5181,-9255.746153020387,0.0,0.0,0.48024915122438094,25.061627330581736,-0.01739801908462479,0.0,0.08699009542312394,0.0,0.0,0.0,epa_hwfet,PPO_seed42
239,21.4941,-8296.234018000687,0.0,0.0,0.4801968715774891,25.061708586822476,-0.015594424845865954,0.0,0.07797212422932977,0.0,0.0,0.0,epa_hwfet,PPO_seed42
240,21.4382,-7180.69928415866,0.0,0.0,0.48015162154725816,25.061773331023318,-0.013497555045411015,0.0,0.06748777522705507,0.0,0.0,0.0,epa_hwfet,PPO_seed42
241,21.3525,-6116.304819669637,0.0,0.0,0.4801130790300644,25.061824294265886,-0.01149681357080759,0.0,0.057484067854037944,0.0,0.0,0.0,epa_hwfet,PPO_seed42
242,21.2445,-5291.1521928096945,0.0,0.0,0.4800797365046724,25.06186577457962,-0.009945774798514464,0.0,0.049728873992572316,0.0,0.0,0.0,epa_hwfet,PPO_seed42
243,21.1264,-4867.873497427711,0.0,0.0,0.48004906156790533,25.0619024833031,-0.009150138153059607,0.0,0.04575069076529804,0.0,0.0,0.0,epa_hwfet,PPO_seed42
244,21.0126,-4923.159408415366,0.0,0.0,0.48001803855595165,25.061938962901657,-0.009254059038374748,0.0,0.046270295191873735,0.0,0.0,0.0,epa_hwfet,PPO_seed42
245,20.9181,-5480.458023577883,0.0,0.0,0.4799835040824266,25.06198024614774,-0.010301612826274217,0.0,0.05150806413137108,0.0,0.0,0.0,epa_hwfet,PPO_seed42
246,20.8558,-6476.9751633694905,0.0,0.0,0.4799426904600815,25.06203227540311,-0.012174765344679494,0.0,0.060873826723397466,0.0,0.0,0.0,epa_hwfet,PPO_seed42
247,20.8346,-7791.626661018652,0.0,0.0,0.4798935929340592,25.062101754220663,-0.01464591477635085,0.0,0.07322957388175425,0.0,0.0,0.0,epa_hwfet,PPO_seed42
248,20.8578,-9252.703313866563,0.0,0.0,0.47983528861264246,25.06219477250358,-0.017392299462155196,0.0,0.08696149731077597,0.0,0.0,0.0,epa_hwfet,PPO_seed42
249,20.9224,-10661.85182050577,0.0,0.0,0.4797681043408346,25.06231460538937,-0.020041074850574755,0.0,0.10020537425287378,0.0,0.0,0.0,epa_hwfet,PPO_seed42
250,21.0192,-11814.012363497915,0.0,0.0,0.4796936590312016,25.062459458981,-0.02220679015695097,0.0,0.11103395078475485,0.0,0.0,0.0,epa_hwfet,PPO_seed42
251,21.1337,-12520.018120504663,0.0,0.0,0.4796147636720914,25.062621274688215,-0.023533868647565157,0.0,0.11766934323782578,0.0,0.0,0.0,epa_hwfet,PPO_seed42
252,21.248,-12641.433978841776,0.0,0.0,0.47953510183272435,25.062786775000518,-0.023762093945191312,0.0,0.11881046972595655,0.0,0.0,0.0,epa_hwfet,PPO_seed42
253,21.3427,-12097.500922008063,0.0,0.0,0.47945886635266227,25.06294030206801,-0.0227396633872332,0.0,0.113698316936166,0.0,0.0,0.0,epa_hwfet,PPO_seed42
254,21.3995,-10898.519138631473,0.0,0.0,0.4793901855370344,25.063068335959574,-0.020485938230510287,0.0,0.10242969115255143,0.0,0.0,0.0,epa_hwfet,PPO_seed42
255,21.4034,-9141.336928438901,0.0,0.0,0.47933257761947423,25.0631633651794,-0.017182964151200943,0.0,0.0859148207560047,0.0,0.0,0.0,epa_hwfet,PPO_seed42
256,21.3451,-7020.00887948203,0.0,0.0,0.4792883379500422,25.06322590158115,-0.013195505412560208,0.0,0.06597752706280104,0.0,0.0,0.0,epa_hwfet,PPO_seed42
257,21.2217,-4765.056051632919,0.0,0.0,0.4792583089581309,25.063262827212004,-0.008956872277505487,0.0,0.04478436138752743,0.0,0.0,0.0,epa_hwfet,PPO_seed42
258,21.0374,-2634.7235358175335,0.0,0.0,0.47924170533036603,25.06328396390757,-0.004952487849281078,0.0,0.02476243924640539,0.0,0.0,0.0,epa_hwfet,PPO_seed42
259,20.803,-864.5710986544391,0.0,0.0,0.4792362570329385,25.063298013671297,-0.0016251336440872917,0.0,0.008125668220436458,0.0,0.0,0.0,epa_hwfet,PPO_seed42
260,20.5347,0.0,0.0,261.2834530532727,0.4792362570329385,25.063309873784647,0.0,0.0,0.0,0.0,0.0,0.0,epa_hwfet,PPO_seed42
261,20.2517,0.0,0.0,689.7259895290948,0.4792362570329385,25.06332018577268,0.0,0.0,0.0,0.0,0.0,0.0,epa_hwfet,PPO_seed42
262,19.9322,1601.6365098389608,0.0,0.0,0.47924634937030913,25.063331485007645,0.08668104960767548,0.0,0.015052974716531586,0.06406546039355843,0.0,0.0,epa_hwfet,PPO_seed42
263,19.6373,0.0,0.0,1133.5686398887715,0.47924634937030913,25.063338722899978,0.0,0.0,0.0,0.0,0.0,0.0,epa_hwfet,PPO_seed42
264,19.3819,0.0,0.0,342.85856786409147,0.47924634937030913,25.063344716128892,0.0,0.0,0.0,0.0,0.0,0.0,epa_hwfet,PPO_seed42
265,19.1755,-901.0585753938935,0.0,0.0,0.47924067198781095,25.06335031660269,-0.0016937191266802511,0.0,0.008468595633401256,0.0,0.0,0.0,epa_hwfet,PPO_seed42
266,19.0212,-2369.68102066057,0.0,0.0,0.4792257413970842,25.063359526617983,-0.004454287632820621,0.0,0.022271438164103104,0.0,0.0,0.0,epa_hwfet,PPO_seed42
267,18.9154,-3739.075884995392,0.0,0.0,0.4792021829941814,25.063376004473614,-0.007028338129690587,0.0,0.03514169064845293,0.0,0.0,0.0,epa_hwfet,PPO_seed42
268,18.8489,-4850.489908447587,0.0,0.0,0.47917162225147214,25.063401109762147,-0.009117462233924038,0.0,0.045587311169620184,0.0,0.0,0.0,epa_hwfet,PPO_seed42
269,18.808,-5571.967517206304,0.0,0.0,0.47913651592250356,25.06343310309206,-0.01047362315264343,0.0,0.05236811576321715,0.0,0.0,0.0,epa_hwfet,PPO_seed42
270,18.7771,-5842.123261205162,0.0,0.0,0.4790997074948994,25.0634678922577,-0.010981434701513464,0.0,0.05490717350756731,0.0,0.0,0.0,epa_hwfet,PPO_seed42
271,18.7405,-5649.491423533228,0.0,0.0,0.4790641127358543,25.06350049679178,-0.010619344781077497,0.0,0.05309672390538748,0.0,0.0,0.0,epa_hwfet,PPO_seed42
272,18.685,-5060.679882525142,0.0,0.0,0.4790322278066656,25.063527009605323,-0.009512556170160042,0.0,0.04756278085080021,0.0,0.0,0.0,epa_hwfet,PPO_seed42
273,18.6017,-4199.843925146371,0.0,0.0,0.4790057666533313,25.063545769606822,-0.007894443468320246,0.0,0.03947221734160123,0.0,0.0,0.0,epa_hwfet,PPO_seed42
274,18.4872,-3230.743847118942,0.0,0.0,0.47898541142742346,25.063557392004665,-0.006072826780298763,0.0,0.030364133901493815,0.0,0.0,0.0,epa_hwfet,PPO_seed42
275,18.3441,-2332.9750803029174,0.0,0.0,0.47897071269405617,25.063563845742014,-0.004385291504328793,0.0,0.02192645752164396,0.0,0.0,0.0,epa_hwfet,PPO_seed42
276,18.1804,-1665.880467138565,0.0,0.0,0.47896021705621555,25.06356723476722,-0.0031313542615386564,0.0,0.01565677130769328,0.0,0.0,0.0,epa_hwfet,PPO_seed42
277,18.0087,-1360.470440066643,0.0,0.0,0.4789516457213614,25.06356915065787,-0.002557275263283164,0.0,0.012786376316415817,0.0,0.0,0.0,epa_hwfet,PPO_seed42
278,17.8439,-1477.7670454169522,0.0,0.0,0.4789423355126857,25.06357077922152,-0.0027777576041672037,0.0,0.013888788020836018,0.0,0.0,0.0,epa_hwfet,PPO_seed42
279,17.7011,-2019.064834732116,0.0,0.0,0.47892961518878546,25.06357364998625,-0.003795234651752098,0.0,0.018976173258760488,0.0,0.0,0.0,epa_hwfet,PPO_seed42
280,17.5935,-2930.982676488224,0.0,0.0,0.478911149877438,25.06358034843473,-0.005509365933248542,0.0,0.02754682966624271,0.0,0.0,0.0,epa_hwfet,PPO_seed42
281,17.5301,-4102.838483810354,0.0,0.0,0.4788853020037705,25.063594547366343,-0.007712102413177358,0.0,0.03856051206588679,0.0,0.0,0.0,epa_hwfet,PPO_seed42
282,17.5141,-5384.712455401094,0.0,0.0,0.47885137841230285,25.063620121598728,-0.010121639953761455,0.0,0.050608199768807274,0.0,0.0,0.0,epa_hwfet,PPO_seed42
283,17.5425,-6615.280061483447,0.0,0.0,0.47880970218051416,25.063659703872197,-0.012434736957675652,0.0,0.06217368478837826,0.0,0.0,0.0,epa_hwfet,PPO_seed42
284,17.6059,-7620.720642205841,0.0,0.0,0.47876169137281516,25.063713014737615,-0.014324662861289176,0.0,0.07162331430644588,0.0,0.0,0.0,epa_hwfet,PPO_seed42
285,17.6896,-8246.170194847036,0.0,0.0,0.4787097397057748,25.0637760120566,-0.015500319915126008,0.0,0.07750159957563003,0.0,0.0,0.0,epa_hwfet,PPO_seed42
286,17.7752,-8370.228334364143,0.0,0.0,0.4786570058452367,25.06384131235929,-0.015733511906699516,0.0,0.07866755953349758,0.0,0.0,0.0,epa_hwfet,PPO_seed42
287,17.8428,-7927.635980456884,0.0,0.0,0.47860705980205265,25.0639001290131,-0.014901571391836246,0.0,0.07450785695918123,0.0,0.0,0.0,epa_hwfet,PPO_seed42
288,17.8738,-6935.390598960936,0.0,0.0,0.47856336471161826,25.063945251587086,-0.013036448494287473,0.0,0.06518224247143736,0.0,0.0,0.0,epa_hwfet,PPO_seed42
289,17.8526,-5469.610389506792,0.0,0.0,0.478528904270536,25.06397328460202,-0.010281222536666903,0.0,0.05140611268333451,0.0,0.0,0.0,epa_hwfet,PPO_seed42
290,17.7693,-3696.679100358889,0.0,0.0,0.4785056138869418,25.063985862371382,-0.006948644925486635,0.0,0.03474322462743317,0.0,0.0,0.0,epa_hwfet,PPO_seed42
291,17.6205,-1816.0191325413837,0.0,0.0,0.4784941723837033,25.063988334672256,-0.0034135697980101198,0.0,0.017067848990050597,0.0,0.0,0.0,epa_hwfet,PPO_seed42
292,17.4098,-42.63800952129162,0.0,0.0,0.47849390375363887,25.06398717899824,-8.01466344385181e-05,0.0,0.00040073317219259044,0.0,0.0,0.0,epa_hwfet,PPO_seed42
293,17.1476,0.0,0.0,1024.3870958831162,0.47849390375363887,25.063985326181086,0.0,0.0,0.0,0.0,0.0,0.0,epa_hwfet,PPO_seed42
294,16.8495,1756.1062003674845,0.0,0.0,0.4785049672829402,25.063985743049884,0.09504099571612896,0.0,0.016504757522250793,0.07024424801469938,0.0,0.0,epa_hwfet,PPO_seed42
295,16.5344,2111.4597239941854,0.0,0.0,0.47851826925419416,25.063986647621846,0.1142728352880462,0.0,0.01984454627814084,0.08445838895976741,0.0,0.0,epa_hwfet,PPO_seed42
296,16.2224,2085.2400439849175,0.0,0.0,0.4785314057437942,25.063986655692027,0.11285381832032658,0.0,0.019598120714143963,0.0834096017593967,0.0,0.0,epa_hwfet,PPO_seed42
297,15.9321,1723.4532845573392,0.0,0.0,0.4785422628281778,25.063984630973085,0.09327381009205811,0.0,0.016197869215764465,0.06893813138229357,0.0,0.0,epa_hwfet,PPO_seed42
298,15.6782,1109.905645260745,0.0,0.0,0.47854925466108733,25.0639803262867,0.06006842732772061,0.0,0.010431444034405497,0.0443962258104298,0.0,0.0,epa_hwfet,PPO_seed42
299,15.4703,0.0,0.0,340.42378872228227,0.47854925466108733,25.06397433015583,0.0,0.0,0.0,0.0,0.0,0.0,epa_hwfet,PPO_seed42
300,15.3114,-655.2313100937829,0.0,0.0,0.478545127166298,25.063968358564335,-0.0012316378009281635,0.0,0.006158189004640817,0.0,0.0,0.0,epa_hwfet,PPO_seed42
301,15.1981,-1697.6509630736393,0.0,0.0,0.478534433271914,25.06396441350833,-0.0031910732388602246,0.0,0.015955366194301122,0.0,0.0,0.0,epa_hwfet,PPO_seed42
302,15.3494,-8073.933746743042,0.0,0.0,0.4784835740174912,25.06401935184399,-0.01517656719312602,0.0,0.0758828359656301,0.0,0.0,0.0,epa_hwfet,PPO_seed42
303,15.5241,-8779.967642306912,0.0,0.0,0.47842826642079633,25.06408594870461,-0.016503698575764874,0.0,0.08251849287882436,0.0,0.0,0.0,epa_hwfet,PPO_seed42
304,15.7068,-9131.273999343046,0.0,0.0,0.4783707447908444,25.064158954073356,-0.017164048870945577,0.0,0.08582024435472788,0.0,0.0,0.0,epa_hwfet,PPO_seed42
305,15.8823,-9107.014012343958,0.0,0.0,0.47831337489488035,25.064232018283253,-0.01711844739162398,0.0,0.0855922369581199,0.0,0.0,0.0,epa_hwfet,PPO_seed42
306,16.038,-8749.028987430027,0.0,0.0,0.47825825912276354,25.06429949934972,-0.01644554320945494,0.0,0.08222771604727469,0.0,0.0,0.0,epa_hwfet,PPO_seed42
307,16.1655,-8148.348815704604,0.0,0.0,0.4782069265686545,25.064357797350375,-0.015316445142301889,0.0,0.07658222571150944,0.0,0.0,0.0,epa_hwfet,PPO_seed42
308,16.2619,-7440.012446484154,0.0,0.0,0.4781600556959943,25.064406000635202,-0.013984985801661944,0.0,0.06992492900830971,0.0,0.0,0.0,epa_hwfet,PPO_seed42
309,16.3303,-6781.362926079312,0.0,0.0,0.47811733372838733,25.06444561653934,-0.012746922793382166,0.0,0.06373461396691082,0.0,0.0,0.0,epa_hwfet,PPO_seed42
310,16.3795,-6328.038578172158,0.0,0.0,0.47807746731769185,25.064479814600663,-0.011894809357466464,0.0,0.05947404678733231,0.0,0.0,0.0,epa_hwfet,PPO_seed42
311,16.4223,-6194.590354350687,0.0,0.0,0.4780384413579011,25.06451259053858,-0.011643966831486255,0.0,0.058219834157431274,0.0,0.0,0.0,epa_hwfet,PPO_seed42
312,16.4741,-6461.216293594962,0.0,0.0,0.4779977353986699,25.064548710251835,-0.012145143409013086,0.0,0.06072571704506543,0.0,0.0,0.0,epa_hwfet,PPO_seed42
313,16.5505,-7148.981765380683,0.0,0.0,0.47795269616837005,25.064593877676334,-0.01343793564921181,0.0,0.06718967824605905,0.0,0.0,0.0,epa_hwfet,PPO_seed42
314,16.6648,-8217.908593070808,0.0,0.0,0.477900922122383,25.064654868994083,-0.015447196603516556,0.0,0.07723598301758278,0.0,0.0,0.0,epa_hwfet,PPO_seed42
315,16.8263,-9586.3016310658,0.0,0.0,0.4778405262253904,25.064739332922457,-0.0180193639681688,0.0,0.09009681984084399,0.0,0.0,0.0,epa_hwfet,PPO_seed42
316,17.0383,-11117.211843067913,0.0,0.0,0.4777704840378584,25.06485438436735,-0.02089701474260886,0.0,0.10448507371304429,0.0,0.0,0.0,epa_hwfet,PPO_seed42
317,17.2978,-12654.958665943212,0.0,0.0,0.47769075176565834,25.065004822557142,-0.023787516289366942,0.0,0.1189375814468347,0.0,0.0,0.0,epa_hwfet,PPO_seed42
318,17.5953,-14019.711634380921,0.0,0.0,0.47760241852898555,25.065190707108588,-0.02635284141800925,0.0,0.13176420709004624,0.0,0.0,0.0,epa_hwfet,PPO_seed42
319,17.9158,-15035.549444752198,0.0,0.0,0.47750768193633103,25.065405698757317,-0.028262310986376313,0.0,0.14131155493188155,0.0,0.0,0.0,epa_hwfet,PPO_seed42
320,18.2407,-15558.622029354892,0.0,0.0,0.47740964626110177,25.065637139565144,-0.029245530130366338,0.0,0.1462276506518317,0.0,0.0,0.0,epa_hwfet,PPO_seed42
321,18.5498,-15489.96600443841,0.0,0.0,0.4773120398334571,25.065867921283857,-0.0291164774519519,0.0,0.1455823872597595,0.0,0.0,0.0,epa_hwfet,PPO_seed42
322,18.8239,-14806.988756979788,0.0,0.0,0.47721873393118824,25.066080438664553,-0.02783268563342066,0.0,0.13916342816710328,0.0,0.0,0.0,epa_hwfet,PPO_seed42
323,19.0471,-13568.792268033085,0.0,0.0,0.47713322794011703,25.06626088444949,-0.025505248624122342,0.0,0.1275262431206117,0.0,0.0,0.0,epa_hwfet,PPO_seed42
324,19.2089,-11919.062372679402,0.0,0.0,0.4770581161360437,25.06640248841637,-0.02240425258022444,0.0,0.1120212629011222,0.0,0.0,0.0,epa_hwfet,PPO_seed42
325,19.3053,-10056.884969272665,0.0,0.0,0.47699473827971145,25.066506023644077,-0.018903919115174184,0.0,0.09451959557587092,0.0,0.0,0.0,epa_hwfet,PPO_seed42
326,19.3395,-8218.474167573806,0.0,0.0,0.47694294538371534,25.06657810237233,-0.015448259713484597,0.0,0.07724129856742298,0.0,0.0,0.0,epa_hwfet,PPO_seed42
327,19.3211,-6621.706097438746,0.0,0.0,0.47690121513797123,25.066627786173893,-0.012446815972629222,0.0,0.06223407986314611,0.0,0.0,0.0,epa_hwfet,PPO_seed42
328,19.2653,-5457.46418182358,0.0,0.0,0.4768668220213874,25.066663933245888,-0.010258391319217255,0.0,0.05129195659608628,0.0,0.0,0.0,epa_hwfet,PPO_seed42
329,19.1907,-4842.850460397962,0.0,0.0,0.47683630236939717,25.06669368583295,-0.009103102369169102,0.0,0.045515511845845506,0.0,0.0,0.0,epa_hwfet,PPO_seed42
330,19.1169,-4816.34829774446,0.0,0.0,0.4768059499404025,25.066722719185773,-0.009053286273955753,0.0,0.04526643136977876,0.0,0.0,0.0,epa_hwfet,PPO_seed42
331,19.062,-5339.527894392114,0.0,0.0,0.4767723006774333,25.06675633489394,-0.010036706568406231,0.0,0.05018353284203115,0.0,0.0,0.0,epa_hwfet,PPO_seed42
332,19.0407,-6319.7004639954575,0.0,0.0,0.4767324746275736,25.06680044343724,-0.011879136210517777,0.0,0.05939568105258888,0.0,0.0,0.0,epa_hwfet,PPO_seed42
333,19.0623,-7608.153379763616,0.0,0.0,0.4766845289328283,25.06686140721646,-0.014301040187525593,0.0,0.07150520093762797,0.0,0.0,0.0,epa_hwfet,PPO_seed42
334,19.1299,-9032.924695006199,0.0,0.0,0.4766276042841089,25.066944917264056,-0.016979181757530448,0.0,0.08489590878765224,0.0,0.0,0.0,epa_hwfet,PPO_seed42
335,19.24,-10404.517083687975,0.0,0.0,0.4765620354213069,25.067054010996074,-0.019557362939263113,0.0,0.09778681469631556,0.0,0.0,0.0,epa_hwfet,PPO_seed42
336,19.3838,-11561.506491425238,0.0,0.0,0.4764891742913334,25.067187732330474,-0.02173215505907,0.0,0.10866077529534998,0.0,0.0,0.0,epa_hwfet,PPO_seed42
337,19.5484,-12365.585327965551,0.0,0.0,0.47641124449937383,25.067340411498314,-0.02324358144354427,0.0,0.11621790721772135,0.0,0.0,0.0,epa_hwfet,PPO_seed42
338,19.7186,-12722.238437965048,0.0,0.0,0.47633106547587956,25.067502412780257,-0.023913982026250093,0.0,0.11956991013125046,0.0,0.0,0.0,epa_hwfet,PPO_seed42
339,19.8797,-12619.080544021854,0.0,0.0,0.47625153498546297,25.067662816284518,-0.023720076210567397,0.0,0.11860038105283698,0.0,0.0,0.0,epa_hwfet,PPO_seed42
340,20.0196,-12113.162717183883,0.0,0.0,0.4761751915264763,25.067812196005082,-0.022769102851849406,0.0,0.11384551425924702,0.0,0.0,0.0,epa_hwfet,PPO_seed42
341,20.1302,-11314.971676869682,0.0,0.0,0.47610387747553834,25.06794457026853,-0.021268743753514438,0.0,0.10634371876757219,0.0,0.0,0.0,epa_hwfet,PPO_seed42
342,20.2094,-10410.20577556289,0.0,0.0,0.4760382649264134,25.0680588652087,-0.019568055969103177,0.0,0.09784027984551588,0.0,0.0,0.0,epa_hwfet,PPO_seed42
343,20.2608,-9585.211475849856,0.0,0.0,0.47597785146144367,25.0681578929548,-0.01801731480422905,0.0,0.09008657402114525,0.0,0.0,0.0,epa_hwfet,PPO_seed42
344,20.2935,-9026.135352459378,0.0,0.0,0.4759209613228445,25.068247264867477,-0.01696641983544996,0.0,0.08483209917724979,0.0,0.0,0.0,epa_hwfet,PPO_seed42
345,20.3211,-8890.544872458368,0.0,0.0,0.4758649255029894,25.06833443641506,-0.01671155051213979,0.0,0.08355775256069894,0.0,0.0,0.0,epa_hwfet,PPO_seed42
346,20.3595,-9268.020580475857,0.0,0.0,0.4758065102434874,25.068428189861606,-0.017421091316683943,0.0,0.08710545658341971,0.0,0.0,0.0,epa_hwfet,PPO_seed42
347,20.4245,-10174.456643731155,0.0,0.0,0.4757423814505389,25.06853881807088,-0.019124918503254054,0.0,0.09562459251627026,0.0,0.0,0.0,epa_hwfet,PPO_seed42
348,20.53,-11572.378255246662,0.0,0.0,0.47566944102121894,25.068678622231992,-0.02175259070535087,0.0,0.10876295352675434,0.0,0.0,0.0,epa_hwfet,PPO_seed42
349,20.6854,-13343.253128215756,0.0,0.0,0.4755853376675811,25.06886089632372,-0.02508130287258601,0.0,0.12540651436293004,0.0,0.0,0.0,epa_hwfet,PPO_seed42
350,20.8944,-15326.594596021216,0.0,0.0,0.47548873131246705,25.069098078530214,-0.028809388338385745,0.0,0.14404694169192872,0.0,0.0,0.0,epa_hwfet,PPO_seed42
351,21.1539,-17313.95284977983,0.0,0.0,0.47537959544992286,25.069398165950627,-0.032545024153721486,0.0,0.16272512076860743,0.0,0.0,0.0,epa_hwfet,PPO_seed42
352,21.4008,-17228.333289557493,0.0,0.0,0.47527099579109144,25.069697175988747,-0.03238408513074717,0.0,0.16192042565373585,0.0,0.0,0.0,epa_hwfet,PPO_seed42
353,21.6737,-18473.89487886159,0.0,0.0,0.4751545410701005,25.07004011199617,-0.03472536631364961,0.0,0.173626831568248,0.0,0.0,0.0,epa_hwfet,PPO_seed42
354,21.9538,-19115.7238010942,0.0,0.0,0.4750340362719552,25.07040793007896,-0.0359318116561921,0.0,0.17965905828096052,0.0,0.0,0.0,epa_hwfet,PPO_seed42
355,22.2206,-19041.76800077719,0.0,0.0,0.47491399339604107,25.070775182637963,-0.03579279699394208,0.0,0.17896398496971042,0.0,0.0,0.0,epa_hwfet,PPO_seed42
356,22.4546,-18234.156909648453,0.0,0.0,0.47479903788234784,25.071115932509755,-0.034274731033173786,0.0,0.17137365516586892,0.0,0.0,0.0,epa_hwfet,PPO_seed42
357,22.6393,-16758.44677597346,0.0,0.0,0.47469338259062116,25.071409512201296,-0.031500839804461396,0.0,0.15750419902230697,0.0,0.0,0.0,epa_hwfet,PPO_seed42
358,22.7638,-14794.30200732756,0.0,0.0,0.47460010812913267,25.071645710960354,-0.027808838359638273,0.0,0.13904419179819136,0.0,0.0,0.0,epa_hwfet,PPO_seed42
359,22.8237,-12576.222596387379,0.0,0.0,0.47452081674181235,25.071825202316806,-0.023639516158622892,0.0,0.11819758079311446,0.0,0.0,0.0,epa_hwfet,PPO_seed42
360,22.8214,-10365.454140831598,0.0,0.0,0.4744554633505523,25.07195688503486,-0.019483936354946614,0.0,0.09741968177473306,0.0,0.0,0.0,epa_hwfet,PPO_seed42
361,22.7662,-8433.40769877599,0.0,0.0,0.47440229129335687,25.072053858866088,-0.01585227011048119,0.0,0.07926135055240593,0.0,0.0,0.0,epa_hwfet,PPO_seed42
362,22.6726,-6987.92206343693,0.0,0.0,0.4743582331594854,25.07212896624124,-0.01313519184856566,0.0,0.06567595924282829,0.0,0.0,0.0,epa_hwfet,PPO_seed42
363,22.5588,-6175.960026459915,0.0,0.0,0.47431929475702284,25.072192893746934,-0.011608947418157736,0.0,0.058044737090788674,0.0,0.0,0.0,epa_hwfet,PPO_seed42
364,22.4438,-6034.520154287684,0.0,0.0,0.47428124858615445,25.072253998499832,-0.011343082996781361,0.0,0.0567154149839068,0.0,0.0,0.0,epa_hwfet,PPO_seed42
365,22.3454,-6527.364681048805,0.0,0.0,0.4742400956671149,25.07231982179842,-0.012269482483174447,0.0,0.06134741241587223,0.0,0.0,0.0,epa_hwfet,PPO_seed42
366,22.2779,-7539.152138496267,0.0,0.0,0.47419256424689493,25.07239817331833,-0.014171338606195991,0.0,0.07085669303097995,0.0,0.0,0.0,epa_hwfet,PPO_seed42
367,22.2505,-8901.909125276079,0.0,0.0,0.47413644153214535,25.07249709937586,-0.01673291188961669,0.0,0.08366455944808344,0.0,0.0,0.0,epa_hwfet,PPO_seed42
368,22.2659,-10399.428779019296,0.0,0.0,0.47407087768577094,25.07262312252025,-0.019547798456803187,0.0,0.09773899228401593,0.0,0.0,0.0,epa_hwfet,PPO_seed42
369,22.3209,-11832.157894745276,0.0,0.0,0.4739962808075232,25.072779408027472,-0.022240898298393378,0.0,0.11120449149196689,0.0,0.0,0.0,epa_hwfet,PPO_seed42
370,22.4065,-12994.350877876024,0.0,0.0,0.4739143560416847,25.072963446518223,-0.024425471574954935,0.0,0.12212735787477466,0.0,0.0,0.0,epa_hwfet,PPO_seed42
371,22.5099,-13738.848867468974,0.0,0.0,0.4738277363612078,25.0731670046497,-0.025824903886219875,0.0,0.12912451943109937,0.0,0.0,0.0,epa_hwfet,PPO_seed42
372,22.6163,-13972.962041849392,0.0,0.0,0.4737396393186991,25.07337750471079,-0.026264966244077804,0.0,0.13132483122038902,0.0,0.0,0.0,epa_hwfet,PPO_seed42
373,22.7114,-13689.867488629261,0.0,0.0,0.47365332578122377,25.073581384417256,-0.025732833625242976,0.0,0.12866416812621487,0.0,0.0,0.0,epa_hwfet,PPO_seed42
374,22.7832,-12950.990275775115,0.0,0.0,0.473571669633947,25.07376729492274,-0.024343966683787813,0.0,0.12171983341893905,0.0,0.0,0.0,epa_hwfet,PPO_seed42
375,22.8243,-11909.43553286335,0.0,0.0,0.47349657964106123,25.07392913515263,-0.022386157016660434,0.0,0.11193078508330216,0.0,0.0,0.0,epa_hwfet,PPO_seed42
376,22.833,-10768.506345107442,0.0,0.0,0.4734286827870134,25.074066647964738,-0.020241553280277148,0.0,0.10120776640138573,0.0,0.0,0.0,epa_hwfet,PPO_seed42
377,22.8135,-9746.658815429768,0.0,0.0,0.4733672286015409,25.074184204209928,-0.01832078724704844,0.0,0.09160393623524218,0.0,0.0,0.0,epa_hwfet,PPO_seed42
378,22.7755,-9051.876225391594,0.0,0.0,0.4733101551307317,25.07428905665443,-0.017014804934946608,0.0,0.08507402467473303,0.0,0.0,0.0,epa_hwfet,PPO_seed42
379,22.7331,-8853.726309782101,0.0,0.0,0.4732543311578577,25.074390079769156,-0.016642342687560343,0.0,0.0832117134378017,0.0,0.0,0.0,epa_hwfet,PPO_seed42
380,22.7026,-9243.663164919708,0.0,0.0,0.47319604874670296,25.07449731535547,-0.017375306700976895,0.0,0.08687653350488447,0.0,0.0,0.0,epa_hwfet,PPO_seed42
381,22.7006,-10248.03423426355,0.0,0.0,0.4731314337400191,25.07462277006022,-0.0192632222448563,0.0,0.09631611122428149,0.0,0.0,0.0,epa_hwfet,PPO_seed42
382,22.7411,-11794.280879356927,0.0,0.0,0.4730570693008338,25.07478048189169,-0.02216970090104686,0.0,0.11084850450523429,0.0,0.0,0.0,epa_hwfet,PPO_seed42
383,22.834,-13760.335557261424,0.0,0.0,0.47297030796279066,25.07498618271458,-0.02586529240086734,0.0,0.1293264620043367,0.0,0.0,0.0,epa_hwfet,PPO_seed42
384,22.9832,-15955.125534580113,0.0,0.0,0.4728697066277928,25.075254578436866,-0.029990837471015247,0.0,0.14995418735507623,0.0,0.0,0.0,epa_hwfet,PPO_seed42
385,23.186,-18156.31565350799,0.0,0.0,0.4727552236992753,25.075595576953262,-0.034128412882533814,0.0,0.17064206441266908,0.0,0.0,0.0,epa_hwfet,PPO_seed42
386,23.4329,-20115.196384302177,0.0,0.0,0.472628385557501,25.07600961313041,-0.037810519519364996,0.0,0.18905259759682497,0.0,0.0,0.0,epa_hwfet,PPO_seed42
387,23.7089,-21606.09858542092,0.0,0.0,0.4724921416229549,25.076485055802443,-0.0406129672658288,0.0,0.203064836329144,0.0,0.0,0.0,epa_hwfet,PPO_seed42
388,23.9951,-22439.598366488986,0.0,0.0,0.47235063623136475,25.076998075561754,-0.04217969617761088,0.0,0.21089848088805438,0.0,0.0,0.0,epa_hwfet,PPO_seed42
389,24.2707,-22486.312249214094,0.0,0.0,0.47220883041843403,25.077516001392258,-0.042267504227846045,0.0,0.2113375211392302,0.0,0.0,0.0,epa_hwfet,PPO_seed42
390,24.516,-21729.972554083626,0.0,0.0,0.4720717888083131,25.07800505402849,-0.04084581307158577,0.0,0.2042290653579288,0.0,0.0,0.0,epa_hwfet,PPO_seed42
391,24.7142,-20236.22389253321,0.0,0.0,0.4719441629681685,25.078437190561615,-0.038038014835588746,0.0,0.1901900741779437,0.0,0.0,0.0,epa_hwfet,PPO_seed42
392,24.854,-18193.764745922046,0.0,0.0,0.47182941502926723,25.078796903878832,-0.0341988059133873,0.0,0.17099402956693652,0.0,0.0,0.0,epa_hwfet,PPO_seed42
393,24.9302,-15838.53379979197,0.0,0.0,0.47172951927248913,25.07908194957645,-0.029771680074796938,0.0,0.14885840037398468,0.0,0.0,0.0,epa_hwfet,PPO_seed42
394,24.945,-13476.201180349764,0.0,0.0,0.47164452190132283,25.07930192939686,-0.02533120522622136,0.0,0.1266560261311068,0.0,0.0,0.0,epa_hwfet,PPO_seed42
395,24.907,-11382.329854716068,0.0,0.0,0.4715727306675111,25.079472442544578,-0.021395356869767047,0.0,0.10697678434883523,0.0,0.0,0.0,epa_hwfet,PPO_seed42
396,24.8303,-9796.990161385731,0.0,0.0,0.4715109387059759,25.07961040631808,-0.018415395040198745,0.0,0.09207697520099371,0.0,0.0,0.0,epa_hwfet,PPO_seed42
397,24.7323,-8868.469880531504,0.0,0.0,0.4714550035634122,25.079730804159045,-0.0166700561664126,0.0,0.083350280832063,0.0,0.0,0.0,epa_hwfet,PPO_seed42
398,24.6316,-8657.162211231886,0.0,0.0,0.4714004017454606,25.07984635564821,-0.016272861299308057,0.0,0.08136430649654028,0.0,0.0,0.0,epa_hwfet,PPO_seed42
399,24.5457,-9131.310353896582,0.0,0.0,0.47134281002942435,25.07996859202672,-0.017164117206572526,0.0,0.08582058603286262,0.0,0.0,0.0,epa_hwfet,PPO_seed42
400,24.4884,-10159.13950126116,0.0,0.0,0.47127873628214917,25.080108538786153,-0.01909612688206985,0.0,0.09548063441034924,0.0,0.0,0.0,epa_hwfet,PPO_seed42
401,24.4684,-11556.51501389812,0.0,0.0,0.4712058496135608,25.08027653919931,-0.021722772582515266,0.0,0.10861386291257633,0.0,0.0,0.0,epa_hwfet,PPO_seed42
402,24.4527,-11701.656255544041,0.0,0.0,0.4711320475003168,25.08044739602942,-0.02199559446530835,0.0,0.10997797232654175,0.0,0.0,0.0,epa_hwfet,PPO_seed42
403,24.4734,-13111.823902044456,0.0,0.0,0.4710493513890583,25.08065121232355,-0.024646285530158754,0.0,0.12323142765079376,0.0,0.0,0.0,epa_hwfet,PPO_seed42
404,24.5217,-14224.502330012043,0.0,0.0,0.4709596370713403,25.080884058672233,-0.026737786334609104,0.0,0.13368893167304552,0.0,0.0,0.0,epa_hwfet,PPO_seed42
405,24.5848,-14871.73968454276,0.0,0.0,0.4708658396683232,25.08113524379199,-0.027954397903275863,0.0,0.1397719895163793,0.0,0.0,0.0,epa_hwfet,PPO_seed42
406,24.648,-14958.74316249131,0.0,0.0,0.47077149238186977,25.08138951039036,-0.028117938275359605,0.0,0.14058969137679803,0.0,0.0,0.0,epa_hwfet,PPO_seed42
407,24.6971,-14481.914094727295,0.0,0.0,0.47068015142107045,25.081631055001,-0.027221643035201682,0.0,0.1361082151760084,0.0,0.0,0.0,epa_hwfet,PPO_seed42
408,24.7207,-13532.058550723184,0.0,0.0,0.4705948005509874,25.08184776777561,-0.02543620028331426,0.0,0.1271810014165713,0.0,0.0,0.0,epa_hwfet,PPO_seed42
409,24.7117,-12267.532163261241,0.0,0.0,0.470517424911916,25.082033633523686,-0.023059270983573764,0.0,0.11529635491786881,0.0,0.0,0.0,epa_hwfet,PPO_seed42
410,24.6688,-10914.745855755937,0.0,0.0,0.47044858161152026,25.082189471407357,-0.0205164395784886,0.0,0.10258219789244301,0.0,0.0,0.0,epa_hwfet,PPO_seed42
411,24.5967,-9714.41401897418,0.0,0.0,0.47038730938659234,25.082321161044206,-0.018260176727395074,0.0,0.09130088363697537,0.0,0.0,0.0,epa_hwfet,PPO_seed42
412,24.5057,-8893.844173871665,0.0,0.0,0.47033121313869225,25.082437396415983,-0.016717752206525684,0.0,0.08358876103262843,0.0,0.0,0.0,epa_hwfet,PPO_seed42
413,24.4105,-8633.202317478896,0.0,0.0,0.47027676132278523,25.082548149280203,-0.016227823905035518,0.0,0.08113911952517759,0.0,0.0,0.0,epa_hwfet,PPO_seed42
414,24.3278,-9019.53723234561,0.0,0.0,0.4702198733269956,25.082664217800854,-0.016954017354033103,0.0,0.08477008677016551,0.0,0.0,0.0,epa_hwfet,PPO_seed42
415,24.2748,-10084.743036356214,0.0,0.0,0.4701562673528759,25.082798621955163,-0.018956283902925215,0.0,0.09478141951462607,0.0,0.0,0.0,epa_hwfet,PPO_seed42
416,24.2661,-11747.327880181529,0.0,0.0,0.4700821754708796,25.082966861895038,-0.022081443383799866,0.0,0.11040721691899932,0.0,0.0,0.0,epa_hwfet,PPO_seed42
417,24.3119,-13862.30372035954,0.0,0.0,0.4699947439500214,25.0831864123363,-0.026056961880375075,0.0,0.13028480940187537,0.0,0.0,0.0,epa_hwfet,PPO_seed42
418,24.4165,-16228.163945387729,0.0,0.0,0.4698923895948412,25.083474059976893,-0.03050406756651829,0.0,0.15252033783259145,0.0,0.0,0.0,epa_hwfet,PPO_seed42
419,24.5774,-18601.065883828003,0.0,0.0,0.46977506674551595,25.08384135874314,-0.03496440955606768,0.0,0.17482204778033839,0.0,0.0,0.0,epa_hwfet,PPO_seed42
420,24.7855,-20727.559109356498,0.0,0.0,0.4696443280391775,25.084289912287684,-0.0389615772732265,0.0,0.1948078863661325,0.0,0.0,0.0,epa_hwfet,PPO_seed42
421,25.0258,-22357.555075569224,0.0,0.0,0.46950330355339387,25.084807583264077,-0.04202547946535569,0.0,0.21012739732677843,0.0,0.0,0.0,epa_hwfet,PPO_seed42
422,25.2793,-23291.990822439227,0.0,0.0,0.4693563794243186,25.08536862787811,-0.04378193763616396,0.0,0.2189096881808198,0.0,0.0,0.0,epa_hwfet,PPO_seed42
423,25.5252,-23403.646535382002,0.0,0.0,0.46920874510286603,25.085937710424815,-0.043991816795830835,0.0,0.21995908397915415,0.0,0.0,0.0,epa_hwfet,PPO_seed42
424,25.7436,-22671.54471850499,0.0,0.0,0.46906572341041647,25.086477803096923,-0.042615685561099605,0.0,0.21307842780549802,0.0,0.0,0.0,epa_hwfet,PPO_seed42
425,25.9174,-21162.86796343967,0.0,0.0,0.4689322143421021,25.08695781682757,-0.03977982699894675,0.0,0.19889913499473372,0.0,0.0,0.0,epa_hwfet,PPO_seed42
426,26.0348,-19067.65621055296,0.0,0.0,0.4688119196930947,25.087359933828118,-0.03584145904239278,0.0,0.1792072952119639,0.0,0.0,0.0,epa_hwfet,PPO_seed42
427,26.0905,-16648.728888845697,0.0,0.0,0.46870688341255806,25.08768140032231,-0.031294603174521984,0.0,0.15647301587260992,0.0,0.0,0.0,epa_hwfet,PPO_seed42
428,26.0859,-14195.267506720049,0.0,0.0,0.4686173248304951,25.08793155439843,-0.026682833659248215,0.0,0.13341416829624106,0.0,0.0,0.0,epa_hwfet,PPO_seed42
429,26.0292,-12009.82217715339,0.0,0.0,0.46854155404984715,25.08812705000785,-0.022574853716453742,0.0,0.1128742685822687,0.0,0.0,0.0,epa_hwfet,PPO_seed42
430,25.934,-10337.56439265261,0.0,0.0,0.46847633391797766,25.088286084418183,-0.019431512016264307,0.0,0.09715756008132152,0.0,0.0,0.0,epa_hwfet,PPO_seed42
431,25.817,-9323.847681501355,0.0,0.0,0.46841750993111825,25.088424722962127,-0.017526029476506305,0.0,0.08763014738253153,0.0,0.0,0.0,epa_hwfet,PPO_seed42
432,25.6965,-9046.960804017257,0.0,0.0,0.46836043354227275,25.088556811032824,-0.01700556542108507,0.0,0.08502782710542535,0.0,0.0,0.0,epa_hwfet,PPO_seed42
433,25.5892,-9452.102846769432,0.0,0.0,0.4683008019341607,25.08869429947278,-0.017767110614228258,0.0,0.08883555307114128,0.0,0.0,0.0,epa_hwfet,PPO_seed42
434,25.5085,-10416.144159925841,0.0,0.0,0.46823508909702005,25.088848482393608,-0.019579218345725267,0.0,0.09789609172862633,0.0,0.0,0.0,epa_hwfet,PPO_seed42
435,25.4629,-11753.119234900765,0.0,0.0,0.46816094216204157,25.08902970312098,-0.022092329388911217,0.0,0.11046164694455607,0.0,0.0,0.0,epa_hwfet,PPO_seed42
436,25.4547,-13224.004634196612,0.0,0.0,0.46807751603830483,25.08924518069145,-0.024857151568038745,0.0,0.12428575784019372,0.0,0.0,0.0,epa_hwfet,PPO_seed42
437,25.48,-14584.179176192945,0.0,0.0,0.46798550871452993,25.089496435879624,-0.02741387063194163,0.0,0.13706935315970814,0.0,0.0,0.0,epa_hwfet,PPO_seed42
438,25.5298,-15623.653803581563,0.0,0.0,0.4678869428728888,25.08977779536528,-0.029367770307484144,0.0,0.1468388515374207,0.0,0.0,0.0,epa_hwfet,PPO_seed42
439,25.5914,-16178.317758800687,0.0,0.0,0.46778487662599355,25.09007649412884,-0.030410371727068966,0.0,0.15205185863534482,0.0,0.0,0.0,epa_hwfet,PPO_seed42
440,25.65,-16140.79415057806,0.0,0.0,0.467683045769866,25.090374762941583,-0.03033983862890613,0.0,0.15169919314453065,0.0,0.0,0.0,epa_hwfet,PPO_seed42
441,25.6916,-15519.724658469655,0.0,0.0,0.46758513193635287,25.0906550202147,-0.029172414771559504,0.0,0.1458620738577975,0.0,0.0,0.0,epa_hwfet,PPO_seed42
442,25.7051,-14414.732158612893,0.0,0.0,0.46749418855035013,25.09090428607353,-0.027095361200400177,0.0,0.13547680600200088,0.0,0.0,0.0,epa_hwfet,PPO_seed42
443,25.6836,-12987.718633000217,0.0,0.0,0.4674122477567085,25.091116455534358,-0.02441300494924853,0.0,0.12206502474624265,0.0,0.0,0.0,epa_hwfet,PPO_seed42
444,25.6263,-11487.495180397553,0.0,0.0,0.4673397719256239,25.09129333205523,-0.02159303605337886,0.0,0.10796518026689429,0.0,0.0,0.0,epa_hwfet,PPO_seed42
445,25.5384,-10165.163706503812,0.0,0.0,0.4672756390702267,25.091442137159593,-0.019107450576134985,0.0,0.09553725288067492,0.0,0.0,0.0,epa_hwfet,PPO_seed42
446,25.4306,-9253.162822606499,0.0,0.0,0.46721726058155705,25.091572870434266,-0.017393163200388157,0.0,0.08696581600194078,0.0,0.0,0.0,epa_hwfet,PPO_seed42
447,25.3181,-8942.42678171635,0.0,0.0,0.4671608431558159,25.091696761356797,-0.016809072897963066,0.0,0.08404536448981532,0.0,0.0,0.0,epa_hwfet,PPO_seed42
448,25.2184,-9334.885407073822,0.0,0.0,0.4671019504067115,25.09182597582721,-0.01754677708096583,0.0,0.08773388540482915,0.0,0.0,0.0,epa_hwfet,PPO_seed42
449,25.149,-10443.0418039339,0.0,0.0,0.46703606706415246,25.091974721609603,-0.01962977782694342,0.0,0.0981488891347171,0.0,0.0,0.0,epa_hwfet,PPO_seed42
450,25.125,-12189.695757080046,0.0,0.0,0.46695916480200556,25.09216014339221,-0.022912961949398583,0.0,0.11456480974699292,0.0,0.0,0.0,epa_hwfet,PPO_seed42
451,25.1574,-14436.573169711362,0.0,0.0,0.46686808736787855,25.092402107575005,-0.027136415732540154,0.0,0.13568207866270077,0.0,0.0,0.0,epa_hwfet,PPO_seed42
452,25.1791,-14046.049301899391,0.0,0.0,0.46677947287899396,25.092633835998118,-0.026402348311840962,0.0,0.1320117415592048,0.0,0.0,0.0,epa_hwfet,PPO_seed42
453,25.2597,-16465.53353779198,0.0,0.0,0.46667559344252557,25.09293598373857,-0.03095025101088718,0.0,0.1547512550544359,0.0,0.0,0.0,epa_hwfet,PPO_seed42
454,25.3902,-18619.781833080626,0.0,0.0,0.46655812120851736,25.093310963026834,-0.03499958991180569,0.0,0.17499794955902845,0.0,0.0,0.0,epa_hwfet,PPO_seed42
455,25.5558,-20262.906341229187,0.0,0.0,0.4664302795598426,25.09374830161381,-0.03808816981434058,0.0,0.1904408490717029,0.0,0.0,0.0,epa_hwfet,PPO_seed42
456,25.7378,-21204.602266613972,0.0,0.0,0.4662964928427015,25.09422486366833,-0.03985827493724431,0.0,0.19929137468622155,0.0,0.0,0.0,epa_hwfet,PPO_seed42
457,25.9153,-21308.657257929408,0.0,0.0,0.4661620454715767,25.094707980847573,-0.040053867026183104,0.0,0.2002693351309155,0.0,0.0,0.0,epa_hwfet,PPO_seed42
458,26.0682,-20558.243965669346,0.0,0.0,0.4660323289091242,25.095163552365783,-0.03864331572494238,0.0,0.1932165786247119,0.0,0.0,0.0,epa_hwfet,PPO_seed42
459,26.1793,-19032.668768732474,0.0,0.0,0.46591223504471535,25.095563712260212,-0.03577569317430916,0.0,0.1788784658715458,0.0,0.0,0.0,epa_hwfet,PPO_seed42
460,26.2366,-16924.7880727746,0.0,0.0,0.4658054394145137,25.09589325300926,-0.03181351141498986,0.0,0.15906755707494927,0.0,0.0,0.0,epa_hwfet,PPO_seed42
461,26.2342,-14485.02135321238,0.0,0.0,0.46571403754268553,25.096150620701042,-0.027227483746639816,0.0,0.13613741873319907,0.0,0.0,0.0,epa_hwfet,PPO_seed42
462,26.1733,-12020.6774513498,0.0,0.0,0.4656381855852838,25.096345726257333,-0.022595258367198875,0.0,0.11297629183599436,0.0,0.0,0.0,epa_hwfet,PPO_seed42
463,26.0615,-9816.659042783853,0.0,0.0,0.4655762415172529,25.096494093939476,-0.01845236662177416,0.0,0.0922618331088708,0.0,0.0,0.0,epa_hwfet,PPO_seed42
464,25.9118,-8114.494866809767,0.0,0.0,0.4655250388659398,25.096611776126224,-0.015252809900018358,0.0,0.07626404950009179,0.0,0.0,0.0,epa_hwfet,PPO_seed42
465,25.7405,-7062.516314872893,0.0,0.0,0.4654804749853527,25.096712132122214,-0.013275406606903937,0.0,0.06637703303451968,0.0,0.0,0.0,epa_hwfet,PPO_seed42
466,25.5652,-6720.616511746039,0.0,0.0,0.46543806931609116,25.09680562783372,-0.012632737804033909,0.0,0.06316368902016954,0.0,0.0,0.0,epa_hwfet,PPO_seed42
467,25.4023,-7044.193560332909,0.0,0.0,0.4653936228572745,25.096900991391777,-0.013240965338971634,0.0,0.06620482669485817,0.0,0.0,0.0,epa_hwfet,PPO_seed42
468,25.2645,-7889.059813157127,0.0,0.0,0.46534384650903954,25.09700620614436,-0.014829059799167533,0.0,0.07414529899583766,0.0,0.0,0.0,epa_hwfet,PPO_seed42
469,25.1598,-9073.984064212425,0.0,0.0,0.4652865946910249,25.097128754623913,-0.01705636102295569,0.0,0.08528180511477844,0.0,0.0,0.0,epa_hwfet,PPO_seed42
470,25.0902,-10367.389345008874,0.0,0.0,0.46522118287299186,25.09727387889208,-0.0194875739567836,0.0,0.097437869783918,0.0,0.0,0.0,epa_hwfet,PPO_seed42
471,25.0515,-11527.05579803167,0.0,0.0,0.4651484546619832,25.09744225944378,-0.021667398116600886,0.0,0.10833699058300442,0.0,0.0,0.0,epa_hwfet,PPO_seed42
472,25.0344,-12347.779699660314,0.0,0.0,0.4650705482921065,25.097628767129645,-0.023210112217406608,0.0,0.11605056108703303,0.0,0.0,0.0,epa_hwfet,PPO_seed42
473,25.0259,-12672.13837896831,0.0,0.0,0.4649905952659109,25.097822747490188,-0.02381980898302314,0.0,0.11909904491511569,0.0,0.0,0.0,epa_hwfet,PPO_seed42
474,25.0115,-12424.736797761287,0.0,0.0,0.4649122029265346,25.098010680256174,-0.023354768416844526,0.0,0.11677384208422262,0.0,0.0,0.0,epa_hwfet,PPO_seed42
475,24.977,-11601.41061264247,0.0,0.0,0.46483900508177123,25.09817958509614,-0.02180716280571893,0.0,0.10903581402859465,0.0,0.0,0.0,epa_hwfet,PPO_seed42
476,24.9114,-10318.010870548078,0.0,0.0,0.46477390473190067,25.098321279745978,-0.019394757275466315,0.0,0.09697378637733156,0.0,0.0,0.0,epa_hwfet,PPO_seed42
477,24.8083,-8753.640986389433,0.0,0.0,0.46471867486023066,25.098433778154032,-0.016454212380431266,0.0,0.08227106190215633,0.0,0.0,0.0,epa_hwfet,PPO_seed42
478,24.6671,-7140.907756557785,0.0,0.0,0.4646736207482849,25.09852064856212,-0.013422758940898095,0.0,0.06711379470449047,0.0,0.0,0.0,epa_hwfet,PPO_seed42
479,24.4932,-5721.982941014699,0.0,0.0,0.46463751959993355,25.098588498749976,-0.010755607031982516,0.0,0.05377803515991258,0.0,0.0,0.0,epa_hwfet,PPO_seed42
480,24.298,-4735.707875407023,0.0,0.0,0.4646076416420093,25.09864455210074,-0.008901706532719968,0.0,0.04450853266359984,0.0,0.0,0.0,epa_hwfet,PPO_seed42
481,24.0972,-4349.4440588916705,0.0,0.0,0.464580201262194,25.09869510576522,-0.008175646727239983,0.0,0.04087823363619991,0.0,0.0,0.0,epa_hwfet,PPO_seed42
482,23.9087,-4646.100167238213,0.0,0.0,0.4645508899636415,25.098746043949458,-0.008733270991049272,0.0,0.04366635495524636,0.0,0.0,0.0,epa_hwfet,PPO_seed42
483,23.7507,-5637.4383166488315,0.0,0.0,0.464515325258207,25.09880471850748,-0.010596688565129382,0.0,0.05298344282564691,0.0,0.0,0.0,epa_hwfet,PPO_seed42
484,23.6388,-7232.590350479199,0.0,0.0,0.4644696980356257,25.098881320553,-0.013595094643757894,0.0,0.06797547321878947,0.0,0.0,0.0,epa_hwfet,PPO_seed42
485,23.5844,-9289.938104124762,0.0,0.0,0.4644110925284908,25.098989143525856,-0.01746228966940745,0.0,0.08731144834703723,0.0,0.0,0.0,epa_hwfet,PPO_seed42
486,23.5927,-11599.695358092851,0.0,0.0,0.46433791614482667,25.099142321998396,-0.02180393864303168,0.0,0.10901969321515838,0.0,0.0,0.0,epa_hwfet,PPO_seed42
487,23.662,-13924.43284564428,0.0,0.0,0.4642500737396815,25.099352011939192,-0.02617374595045917,0.0,0.13086872975229585,0.0,0.0,0.0,epa_hwfet,PPO_seed42
488,23.7836,-16011.322369727675,0.0,0.0,0.4641490648131363,25.09962179472229,-0.030096470619788863,0.0,0.1504823530989443,0.0,0.0,0.0,epa_hwfet,PPO_seed42
489,23.9432,-17640.942732995616,0.0,0.0,0.4640377729952799,25.099944944335235,-0.033159666791345146,0.0,0.16579833395672572,0.0,0.0,0.0,epa_hwfet,PPO_seed42
490,24.1221,-18618.493549805946,0.0,0.0,0.4639203110648607,25.100303429249326,-0.0349971683267029,0.0,0.17498584163351452,0.0,0.0,0.0,epa_hwfet,PPO_seed42
491,24.2996,-18824.954950221716,0.0,0.0,0.46380154321585126,25.100671132152183,-0.03538525366583029,0.0,0.17692626832915145,0.0,0.0,0.0,epa_hwfet,PPO_seed42
492,24.4555,-18232.94668735796,0.0,0.0,0.463686507114688,25.10101986315137,-0.034272456179244286,0.0,0.1713622808962214,0.0,0.0,0.0,epa_hwfet,PPO_seed42
493,24.5727,-16923.78506335817,0.0,0.0,0.4635797280960354,25.10132651136781,-0.03181162605894393,0.0,0.15905813029471963,0.0,0.0,0.0,epa_hwfet,PPO_seed42
494,24.6388,-15057.76166158666,0.0,0.0,0.46348472063552426,25.10157768003174,-0.028304063273659138,0.0,0.14152031636829568,0.0,0.0,0.0,epa_hwfet,PPO_seed42
495,24.6478,-12880.39598734129,0.0,0.0,0.4634034502478772,25.101771699913932,-0.02421127065289716,0.0,0.1210563532644858,0.0,0.0,0.0,epa_hwfet,PPO_seed42
496,24.6003,-10659.76029624914,0.0,0.0,0.46333619085265404,25.10191605801849,-0.020037143414002145,0.0,0.10018571707001071,0.0,0.0,0.0,epa_hwfet,PPO_seed42
497,24.5037,-8678.256492955701,0.0,0.0,0.4632814341839876,25.102023385322394,-0.01631251220480395,0.0,0.08156256102401975,0.0,0.0,0.0,epa_hwfet,PPO_seed42
498,24.3704,-7146.734488995988,0.0,0.0,0.4632363412721302,25.10210653237219,-0.01343371144548118,0.0,0.0671685572274059,0.0,0.0,0.0,epa_hwfet,PPO_seed42
499,24.2163,-6211.770508024189,0.0,0.0,0.4631971481391331,25.102176289168437,-0.011676260353428928,0.0,0.058381301767144636,0.0,0.0,0.0,epa_hwfet,PPO_seed42
500,24.0582,-5913.928614982607,0.0,0.0,0.46315983485961565,25.102240911662122,-0.011116407171019938,0.0,0.05558203585509969,0.0,0.0,0.0,epa_hwfet,PPO_seed42
501,23.9121,-6226.174857157023,0.0,0.0,0.4631205521676131,25.102307442325678,-0.011703336197663578,0.0,0.05851668098831789,0.0,0.0,0.0,epa_hwfet,PPO_seed42
502,23.7902,-7008.943457730014,0.0,0.0,0.4630763314464657,25.10238229676571,-0.013174705747612809,0.0,0.06587352873806404,0.0,0.0,0.0,epa_hwfet,PPO_seed42
503,23.6999,-8087.7684381274385,0.0,0.0,0.4630253048325952,25.102471392150424,-0.015202572252119247,0.0,0.07601286126059623,0.0,0.0,0.0,epa_hwfet,PPO_seed42
504,23.6427,-9248.069259117001,0.0,0.0,0.4629669582078982,25.10257870798483,-0.017383588832926695,0.0,0.08691794416463347,0.0,0.0,0.0,epa_hwfet,PPO_seed42
505,23.6141,-10268.746008445936,0.0,0.0,0.46290217229056,25.10270439862558,-0.019302154151214168,0.0,0.09651077075607083,0.0,0.0,0.0,epa_hwfet,PPO_seed42
506,23.6045,-10955.9458094119,0.0,0.0,0.46283305077427495,25.102843676009222,-0.020593883100398308,0.0,0.10296941550199154,0.0,0.0,0.0,epa_hwfet,PPO_seed42
507,23.6006,-11160.848379904308,0.0,0.0,0.4627626363134836,25.102987165351838,-0.02097903830809081,0.0,0.10489519154045403,0.0,0.0,0.0,epa_hwfet,PPO_seed42
508,23.5877,-10816.106608099253,0.0,0.0,0.46269439659897643,25.10312340620067,-0.020331027458833185,0.0,0.10165513729416592,0.0,0.0,0.0,epa_hwfet,PPO_seed42
509,23.5517,-9929.888383868269,0.0,0.0,0.46263174795413925,25.103242029466166,-0.018665203729075694,0.0,0.09332601864537847,0.0,0.0,0.0,epa_hwfet,PPO_seed42
510,23.4816,-8609.399649801195,0.0,0.0,0.46257743043466404,25.103337013086755,-0.016183082048498488,0.0,0.08091541024249244,0.0,0.0,0.0,epa_hwfet,PPO_seed42
511,23.371,-7025.5126225081685,0.0,0.0,0.46253310603321174,25.10340776243423,-0.013205850794188288,0.0,0.06602925397094143,0.0,0.0,0.0,epa_hwfet,PPO_seed42
512,23.2195,-5406.659288113199,0.0,0.0,0.4624989954317047,25.103458315130677,-0.010162893398709022,0.0,0.0508144669935451,0.0,0.0,0.0,epa_hwfet,PPO_seed42
513,23.0332,-4000.1177949626913,0.0,0.0,0.4624737590900404,25.103494872585685,-0.007519018411584007,0.0,0.03759509205792003,0.0,0.0,0.0,epa_hwfet,PPO_seed42
514,22.8237,-3011.570716387343,0.0,0.0,0.4624547597706141,25.103523152253764,-0.005660847211254405,0.0,0.028304236056272022,0.0,0.0,0.0,epa_hwfet,PPO_seed42
515,22.607,-2599.366771739001,0.0,0.0,0.46243836132397265,25.10354740052546,-0.004886027766426694,0.0,0.024430138832133467,0.0,0.0,0.0,epa_hwfet,PPO_seed42
516,22.4017,-2851.7257928905374,0.0,0.0,0.4624203712562358,25.103571132025433,-0.005360386828741612,0.0,0.02680193414370806,0.0,0.0,0.0,epa_hwfet,PPO_seed42
517,22.2264,-3764.753449959517,0.0,0.0,0.4623966218807037,25.10359894481434,-0.0070766042292472135,0.0,0.035383021146236066,0.0,0.0,0.0,epa_hwfet,PPO_seed42
518,22.0975,-5263.890857489289,0.0,0.0,0.4623634160107465,25.10363826058891,-0.009894531687009944,0.0,0.049472658435049714,0.0,0.0,0.0,epa_hwfet,PPO_seed42
519,22.0267,-7197.429107976474,0.0,0.0,0.4623180134588703,25.10369951802709,-0.013529002082662545,0.0,0.06764501041331272,0.0,0.0,0.0,epa_hwfet,PPO_seed42
520,22.0198,-9380.02119370931,0.0,0.0,0.46225884303265846,25.10379467242849,-0.017631618785167877,0.0,0.08815809392583938,0.0,0.0,0.0,epa_hwfet,PPO_seed42
521,22.0756,-11588.725607461094,0.0,0.0,0.4621857395644374,25.10393384734777,-0.021783318811017097,0.0,0.10891659405508547,0.0,0.0,0.0,epa_hwfet,PPO_seed42
522,22.1859,-13590.966217161345,0.0,0.0,0.4621000047113102,25.10412142246834,-0.025546928979626588,0.0,0.12773464489813294,0.0,0.0,0.0,epa_hwfet,PPO_seed42
523,22.3366,-15174.83206180828,0.0,0.0,0.4620042767788768,25.104353210936296,-0.02852412041693286,0.0,0.1426206020846643,0.0,0.0,0.0,epa_hwfet,PPO_seed42
524,22.5094,-16168.26158359918,0.0,0.0,0.46190227962883224,25.104615836123234,-0.030391469142103722,0.0,0.1519573457105186,0.0,0.0,0.0,epa_hwfet,PPO_seed42
525,22.6838,-16454.75029754998,0.0,0.0,0.46179847249880124,25.104888786108237,-0.030929981762311994,0.0,0.15464990881155996,0.0,0.0,0.0,epa_hwfet,PPO_seed42
526,22.8398,-16009.229348737295,0.0,0.0,0.46169747336798067,25.10514946628565,-0.030092536369806945,0.0,0.15046268184903472,0.0,0.0,0.0,epa_hwfet,PPO_seed42
527,22.9601,-14892.62703445538,0.0,0.0,0.4616035164255489,25.105378687992964,-0.02799365983920184,0.0,0.1399682991960092,0.0,0.0,0.0,epa_hwfet,PPO_seed42
528,23.0322,-13257.24317967889,0.0,0.0,0.46151987543281625,25.105565189183014,-0.024919630036990395,0.0,0.12459815018495198,0.0,0.0,0.0,epa_hwfet,PPO_seed42
529,23.05,-11331.610875362889,0.0,0.0,0.46144838246649617,25.10570729586793,-0.021300020442411444,0.0,0.10650010221205722,0.0,0.0,0.0,epa_hwfet,PPO_seed42
530,23.0139,-9361.85148560045,0.0,0.0,0.4613893166686938,25.105810782207197,-0.017597465198497086,0.0,0.08798732599248543,0.0,0.0,0.0,epa_hwfet,PPO_seed42
531,22.9308,-7600.250279047863,0.0,0.0,0.4613413652055612,25.105885508486384,-0.014286184735052374,0.0,0.07143092367526187,0.0,0.0,0.0,epa_hwfet,PPO_seed42
532,22.8127,-6246.867879684377,0.0,0.0,0.46130195276596875,25.10594165427176,-0.011742232856549581,0.0,0.058711164282747905,0.0,0.0,0.0,epa_hwfet,PPO_seed42
533,22.6749,-5430.991376618933,0.0,0.0,0.4612676882010034,25.10598768904898,-0.010208630407178447,0.0,0.05104315203589223,0.0,0.0,0.0,epa_hwfet,PPO_seed42
534,22.534,-5204.471164977242,0.0,0.0,0.46123485321891444,25.106030238891684,-0.009782840535671508,0.0,0.048914202678357534,0.0,0.0,0.0,epa_hwfet,PPO_seed42
535,22.405,-5513.311629283325,0.0,0.0,0.46120007024851895,25.10607474823221,-0.010363367724216775,0.0,0.051816838621083876,0.0,0.0,0.0,epa_hwfet,PPO_seed42
536,22.2999,-6255.1156464011265,0.0,0.0,0.46116060779208917,25.106126499872758,-0.011757736177445728,0.0,0.058788680887228634,0.0,0.0,0.0,epa_hwfet,PPO_seed42
537,22.2255,-7252.495690040928,0.0,0.0,0.4611148534591022,25.10619022112898,-0.013632510695565654,0.0,0.06816255347782826,0.0,0.0,0.0,epa_hwfet,PPO_seed42
538,22.1827,-8304.227202305348,0.0,0.0,0.46106246427584624,25.106268919664195,-0.015609449628393514,0.0,0.07804724814196756,0.0,0.0,0.0,epa_hwfet,PPO_seed42
539,22.1666,-9209.578614237866,0.0,0.0,0.4610043635536949,25.106362371912194,-0.01731123799668772,0.0,0.08655618998343859,0.0,0.0,0.0,epa_hwfet,PPO_seed42
540,22.1671,-9782.478057088461,0.0,0.0,0.46094264845104005,25.10646605843205,-0.018388116648662522,0.0,0.09194058324331261,0.0,0.0,0.0,epa_hwfet,PPO_seed42
541,22.1707,-9893.052391013416,0.0,0.0,0.46088023552073165,25.10657183123546,-0.01859596314100266,0.0,0.0929798157050133,0.0,0.0,0.0,epa_hwfet,PPO_seed42
542,22.1624,-9474.319620775754,0.0,0.0,0.4608204640217124,25.106669932268844,-0.017808871467623597,0.0,0.08904435733811798,0.0,0.0,0.0,epa_hwfet,PPO_seed42
543,22.1279,-8537.923889695327,0.0,0.0,0.4607665998979577,25.10675193874848,-0.01604872911596866,0.0,0.0802436455798433,0.0,0.0,0.0,epa_hwfet,PPO_seed42
544,22.0562,-7192.996804116542,0.0,0.0,0.46072122068298255,25.10681356443472,-0.01352067068442959,0.0,0.06760335342214795,0.0,0.0,0.0,epa_hwfet,PPO_seed42
545,21.9411,-5609.085381876249,0.0,0.0,0.4606858342357043,25.106855359412254,-0.010543393574955356,0.0,0.052716967874776775,0.0,0.0,0.0,epa_hwfet,PPO_seed42
546,21.7822,-3995.6940003234313,0.0,0.0,0.4606606265694669,25.106881548990994,-0.0075107030081267515,0.0,0.037553515040633756,0.0,0.0,0.0,epa_hwfet,PPO_seed42
547,21.5857,-2589.3383636376075,0.0,0.0,0.4606442914445048,25.106897758949636,-0.004867177375258661,0.0,0.024335886876293303,0.0,0.0,0.0,epa_hwfet,PPO_seed42
548,21.3637,-1595.9228419361375,0.0,0.0,0.460634223590834,25.106908609473532,-0.0029998549660453715,0.0,0.014999274830226856,0.0,0.0,0.0,epa_hwfet,PPO_seed42
549,21.1326,-1157.9049852171604,0.0,0.0,0.4606269191315763,25.10691678470313,-0.0021765131301074445,0.0,0.010882565650537222,0.0,0.0,0.0,epa_hwfet,PPO_seed42
550,20.9115,-1357.1746248489135,0.0,0.0,0.4606183578122917,25.10692391316423,-0.002551080121896454,0.0,0.01275540060948227,0.0,0.0,0.0,epa_hwfet,PPO_seed42
551,20.7194,-2182.2895115943325,0.0,0.0,0.4606045918114587,25.10693242668204,-0.004102047954124686,0.0,0.020510239770623426,0.0,0.0,0.0,epa_hwfet,PPO_seed42
552,20.6716,-6793.375234057543,0.0,0.0,0.4605617396167642,25.10697913568751,-0.012769502319657037,0.0,0.06384751159828518,0.0,0.0,0.0,epa_hwfet,PPO_seed42
553,20.6821,-8677.724724159021,0.0,0.0,0.46050700114792625,25.107053318490163,-0.016311512639396657,0.0,0.08155756319698328,0.0,0.0,0.0,epa_hwfet,PPO_seed42
554,20.7571,-10829.62324010374,0.0,0.0,0.4604386883066684,25.107167524571512,-0.020356434661849138,0.0,0.10178217330924567,0.0,0.0,0.0,epa_hwfet,PPO_seed42
555,20.896,-13049.994230239217,0.0,0.0,0.4603563684170842,25.10733265137675,-0.02453006434255492,0.0,0.1226503217127746,0.0,0.0,0.0,epa_hwfet,PPO_seed42
556,21.0912,-15120.310763762309,0.0,0.0,0.460260986976812,25.107554149389504,-0.028421636773989303,0.0,0.1421081838699465,0.0,0.0,0.0,epa_hwfet,PPO_seed42
557,21.329,-16830.264563600816,0.0,0.0,0.4601548160233202,25.10782890565087,-0.031635835645866195,0.0,0.15817917822933097,0.0,0.0,0.0,epa_hwfet,PPO_seed42
558,21.5913,-18002.540071045674,0.0,0.0,0.4600412463280498,25.10814413520576,-0.033839361035800146,0.0,0.1691968051790007,0.0,0.0,0.0,epa_hwfet,PPO_seed42
559,21.858,-18522.933629978877,0.0,0.0,0.459924389593772,25.108479324613143,-0.03481754441725353,0.0,0.17408772208626763,0.0,0.0,0.0,epa_hwfet,PPO_seed42
560,22.1092,-18345.8115256239,0.0,0.0,0.4598086461036683,25.108810297973058,-0.034484608130871994,0.0,0.17242304065435995,0.0,0.0,0.0,epa_hwfet,PPO_seed42
561,22.3278,-17522.023159478853,0.0,0.0,0.45969809607195256,25.10911511967815,-0.032936133758418897,0.0,0.16468066879209448,0.0,0.0,0.0,epa_hwfet,PPO_seed42
562,22.5014,-16185.769314277384,0.0,0.0,0.459595973607372,25.109378851386367,-0.030424378410295834,0.0,0.15212189205147916,0.0,0.0,0.0,epa_hwfet,PPO_seed42
563,22.6236,-14537.887964340922,0.0,0.0,0.4595042459725402,25.109595846655182,-0.027326857075828805,0.0,0.13663428537914402,0.0,0.0,0.0,epa_hwfet,PPO_seed42
564,22.6947,-12822.448598684792,0.0,0.0,0.459423340481465,25.10976920370501,-0.02410234699000901,0.0,0.12051173495004504,0.0,0.0,0.0,epa_hwfet,PPO_seed42
565,22.7213,-11280.742519570682,0.0,0.0,0.45935216177846033,25.109907786836015,-0.02120440323227572,0.0,0.10602201616137859,0.0,0.0,0.0,epa_hwfet,PPO_seed42
566,22.715,-10111.301470997105,0.0,0.0,0.45928836153423624,25.110022760374303,-0.019006205772550952,0.0,0.09503102886275475,0.0,0.0,0.0,epa_hwfet,PPO_seed42
567,22.6908,-9454.10665477933,0.0,0.0,0.459228707906016,25.110125402714527,-0.017770877170637838,0.0,0.0888543858531892,0.0,0.0,0.0,epa_hwfet,PPO_seed42
568,22.6646,-9356.896969432308,0.0,0.0,0.45916966763881556,25.110226051682705,-0.01758815219818103,0.0,0.08794076099090514,0.0,0.0,0.0,epa_hwfet,PPO_seed42
569,22.6511,-9790.688995813494,0.0,0.0,0.4591078902255159,25.110334333915947,-0.018403550744010327,0.0,0.09201775372005164,0.0,0.0,0.0,epa_hwfet,PPO_seed42
570,22.6615,-10643.946091329226,0.0,0.0,0.4590407288110709,25.110459047365538,-0.02000741746490456,0.0,0.1000370873245228,0.0,0.0,0.0,epa_hwfet,PPO_seed42
571,22.7023,-11761.29713274652,0.0,0.0,0.4589665167636461,25.110607628868053,-0.022107701377343084,0.0,0.11053850688671542,0.0,0.0,0.0,epa_hwfet,PPO_seed42
572,22.7737,-12925.644401269199,0.0,0.0,0.45888495716104477,25.110783872712396,-0.02429632406253609,0.0,0.12148162031268044,0.0,0.0,0.0,epa_hwfet,PPO_seed42
573,22.8703,-13936.075336910755,0.0,0.0,0.45879702073897627,25.11098652588112,-0.026195630332539018,0.0,0.13097815166269508,0.0,0.0,0.0,epa_hwfet,PPO_seed42
574,22.9816,-14598.13144761145,0.0,0.0,0.4587049053049333,25.111207969926383,-0.02744009670603656,0.0,0.1372004835301828,0.0,0.0,0.0,epa_hwfet,PPO_seed42
575,23.0937,-14767.97032060731,0.0,0.0,0.4586117165265314,25.11143512093472,-0.02775934270790848,0.0,0.1387967135395424,0.0,0.0,0.0,epa_hwfet,PPO_seed42
576,23.1912,-14364.946231114312,0.0,0.0,0.45852106929115605,25.111652083183323,-0.02700177862991412,0.0,0.1350088931495706,0.0,0.0,0.0,epa_hwfet,PPO_seed42
577,23.2597,-13401.471773588115,0.0,0.0,0.4584365005220125,25.111844449231832,-0.025190736416519012,0.0,0.12595368208259505,0.0,0.0,0.0,epa_hwfet,PPO_seed42
578,23.2879,-11975.739082271617,0.0,0.0,0.4583609277813031,25.112002979731983,-0.02251078774863086,0.0,0.1125539387431543,0.0,0.0,0.0,epa_hwfet,PPO_seed42
579,23.2695,-10267.816262157625,0.0,0.0,0.45829613240822853,25.112125570851457,-0.019300406507815088,0.0,0.09650203253907542,0.0,0.0,0.0,epa_hwfet,PPO_seed42
580,23.2044,-8512.283236952282,0.0,0.0,0.45824241532824844,25.11221655629253,-0.016000532400286243,0.0,0.08000266200143122,0.0,0.0,0.0,epa_hwfet,PPO_seed42
581,23.0988,-6952.139961233477,0.0,0.0,0.4581985438129674,25.112283912018537,-0.013067932257957666,0.0,0.06533966128978833,0.0,0.0,0.0,epa_hwfet,PPO_seed42
582,22.965,-5821.5344890467995,0.0,0.0,0.45816180736622963,25.11233648886597,-0.01094273400196767,0.0,0.054713670009838344,0.0,0.0,0.0,epa_hwfet,PPO_seed42
583,22.8198,-5291.162973387254,0.0,0.0,0.45812841825771955,25.112382187464597,-0.009945795062757997,0.0,0.04972897531378998,0.0,0.0,0.0,epa_hwfet,PPO_seed42
584,22.6826,-5458.648011827933,0.0,0.0,0.45809397278005165,25.112428260734596,-0.010260616563586341,0.0,0.0513030828179317,0.0,0.0,0.0,epa_hwfet,PPO_seed42
585,22.573,-6335.80122125979,0.0,0.0,0.4580539927975595,25.112482944600828,-0.01190940079184171,0.0,0.05954700395920855,0.0,0.0,0.0,epa_hwfet,PPO_seed42
586,22.5084,-7854.847528545532,0.0,0.0,0.4580044278886998,25.11255717089106,-0.01476475099350664,0.0,0.0738237549675332,0.0,0.0,0.0,epa_hwfet,PPO_seed42
587,22.5017,-9875.186328327723,0.0,0.0,0.4579421147201422,25.11266490819308,-0.018562380316405495,0.0,0.09281190158202747,0.0,0.0,0.0,epa_hwfet,PPO_seed42
588,22.5596,-12202.074677146684,0.0,0.0,0.4578651185059648,25.112821443554665,-0.022936230596140385,0.0,0.11468115298070192,0.0,0.0,0.0,epa_hwfet,PPO_seed42
589,22.6822,-14624.943669513888,0.0,0.0,0.45777283276679,25.1130402887269,-0.027490495619387007,0.0,0.13745247809693503,0.0,0.0,0.0,epa_hwfet,PPO_seed42
590,22.8622,-16892.16656100031,0.0,0.0,0.4576662384549018,25.113328151632256,-0.03175219278383517,0.0,0.15876096391917585,0.0,0.0,0.0,epa_hwfet,PPO_seed42
591,23.0864,-18784.496865702353,0.0,0.0,0.4575476998629475,25.11368181153847,-0.03530920463477886,0.0,0.17654602317389428,0.0,0.0,0.0,epa_hwfet,PPO_seed42
592,23.3374,-20120.979210994188,0.0,0.0,0.45742072334730166,25.114086958541286,-0.03782138949434998,0.0,0.1891069474717499,0.0,0.0,0.0,epa_hwfet,PPO_seed42
593,23.5953,-20763.93844454637,0.0,0.0,0.4572896845867214,25.114519455207645,-0.03902995948223002,0.0,0.1951497974111501,0.0,0.0,0.0,epa_hwfet,PPO_seed42
594,23.8404,-20667.35439722848,0.0,0.0,0.4571592504598467,25.114950631325378,-0.038848410521106165,0.0,0.19424205260553082,0.0,0.0,0.0,epa_hwfet,PPO_seed42
595,24.056,-19895.915845829957,0.0,0.0,0.45703368042792264,25.115354468811738,-0.037398338056071345,0.0,0.18699169028035673,0.0,0.0,0.0,epa_hwfet,PPO_seed42
596,24.2296,-18575.50323100843,0.0,0.0,0.45691644016379396,25.11571216239619,-0.034916359456782765,0.0,0.17458179728391382,0.0,0.0,0.0,epa_hwfet,PPO_seed42
597,24.3548,-16924.647907653336,0.0,0.0,0.4568096164681523,25.11601587539635,-0.0318132479467168,0.0,0.159066239733584,0.0,0.0,0.0,epa_hwfet,PPO_seed42
598,24.432,-15207.959206148862,0.0,0.0,0.45671362605821747,25.116268378671773,-0.02858638948524222,0.0,0.1429319474262111,0.0,0.0,0.0,epa_hwfet,PPO_seed42
599,24.4674,-13663.887283690681,0.0,0.0,0.45662738038631834,25.11647921813989,-0.025683998653553915,0.0,0.12841999326776957,0.0,0.0,0.0,epa_hwfet,PPO_seed42
600,24.4725,-12516.844029842629,0.0,0.0,0.45654837411991317,25.11666177480328,-0.023527902311734267,0.0,0.11763951155867132,0.0,0.0,0.0,epa_hwfet,PPO_seed42
601,24.4617,-11898.725698645148,0.0,0.0,0.4564732690914514,25.116829927033567,-0.022366025749332986,0.0,0.11183012874666493,0.0,0.0,0.0,epa_hwfet,PPO_seed42
602,24.4328,-11176.518934811244,0.0,0.0,0.456402722498161,25.11698199847104,-0.021008494238367,0.0,0.10504247119183499,0.0,0.0,0.0,epa_hwfet,PPO_seed42
603,24.4178,-11687.14026650811,0.0,0.0,0.4563289528685842,25.1171447666453,-0.021968308771631785,0.0,0.10984154385815892,0.0,0.0,0.0,epa_hwfet,PPO_seed42
604,24.4275,-12637.123556691155,0.0,0.0,0.4562491867843873,25.117329276560007,-0.023753991647915706,0.0,0.11876995823957852,0.0,0.0,0.0,epa_hwfet,PPO_seed42
605,24.4676,-13843.024632628141,0.0,0.0,0.4561618085619502,25.117544210266693,-0.026020722993661923,0.0,0.1301036149683096,0.0,0.0,0.0,epa_hwfet,PPO_seed42
606,24.5379,-15085.068349939585,0.0,0.0,0.4560665895892449,25.117793719361455,-0.028355391635224787,0.0,0.14177695817612393,0.0,0.0,0.0,epa_hwfet,PPO_seed42
607,24.6325,-16141.4719836591,0.0,0.0,0.45596470109017195,25.118075351730436,-0.030341112751238908,0.0,0.15170556375619454,0.0,0.0,0.0,epa_hwfet,PPO_seed42
608,24.7403,-16797.270763971293,0.0,0.0,0.4558586712623223,25.11837855648323,-0.03157381722550995,0.0,0.15786908612754974,0.0,0.0,0.0,epa_hwfet,PPO_seed42
609,24.847,-16904.230859644766,0.0,0.0,0.4557519642677116,25.118686368252085,-0.03177487003692625,0.0,0.15887435018463125,0.0,0.0,0.0,epa_hwfet,PPO_seed42
610,24.9368,-16375.087846726836,0.0,0.0,0.4556485955265662,25.11897859161619,-0.03078024031339631,0.0,0.15390120156698153,0.0,0.0,0.0,epa_hwfet,PPO_seed42
611,24.9948,-15219.17993282444,0.0,0.0,0.455552521948032,25.119237030814382,-0.02860748107673767,0.0,0.14303740538368834,0.0,0.0,0.0,epa_hwfet,PPO_seed42
612,25.0098,-13566.427643917588,0.0,0.0,0.45546688061172574,25.11945078001562,-0.025500803841950356,0.0,0.12750401920975177,0.0,0.0,0.0,epa_hwfet,PPO_seed42
613,24.975,-11587.364619099726,0.0,0.0,0.4553937321472161,25.1196172163314,-0.021780760562217533,0.0,0.10890380281108765,0.0,0.0,0.0,epa_hwfet,PPO_seed42
614,24.8905,-9562.392908270613,0.0,0.0,0.455333366938159,25.11974235583866,-0.017974422759907165,0.0,0.08987211379953583,0.0,0.0,0.0,epa_hwfet,PPO_seed42
615,24.7624,-7741.4489607993255,0.0,0.0,0.45528449731849846,25.11983638508853,-0.014551595790976177,0.0,0.07275797895488088,0.0,0.0,0.0,epa_hwfet,PPO_seed42
616,24.6033,-6392.055403540775,0.0,0.0,0.4552441466057679,25.119910652381645,-0.012015141735978901,0.0,0.0600757086798945,0.0,0.0,0.0,epa_hwfet,PPO_seed42
617,24.4301,-5689.652157564605,0.0,0.0,0.45520823055629,25.119974916354007,-0.010694834882640235,0.0,0.053474174413201174,0.0,0.0,0.0,epa_hwfet,PPO_seed42
618,24.2625,-5745.950551198152,0.0,0.0,0.45517195984095754,25.12003776306927,-0.010800658930823596,0.0,0.054003294654117975,0.0,0.0,0.0,epa_hwfet,PPO_seed42
619,24.1207,-6583.445171139112,0.0,0.0,0.45513040331327104,25.120108529182477,-0.012374896938231414,0.0,0.06187448469115707,0.0,0.0,0.0,epa_hwfet,PPO_seed42
620,24.0223,-8111.678132799244,0.0,0.0,0.4550792009382434,25.120199092092054,-0.015247515287216623,0.0,0.07623757643608312,0.0,0.0,0.0,epa_hwfet,PPO_seed42
621,23.9809,-10196.079329286094,0.0,0.0,0.45501484204832854,25.12032489401979,-0.019165562649034015,0.0,0.09582781324517006,0.0,0.0,0.0,epa_hwfet,PPO_seed42
622,24.0037,-12618.33080746376,0.0,0.0,0.45493519374447294,25.120502828320642,-0.023718666931322862,0.0,0.1185933346566143,0.0,0.0,0.0,epa_hwfet,PPO_seed42
623,24.0913,-15152.258183834858,0.0,0.0,0.45483955034087015,25.12074795281517,-0.028481688315479054,0.0,0.14240844157739527,0.0,0.0,0.0,epa_hwfet,PPO_seed42
624,24.237,-17534.38414624931,0.0,0.0,0.4547288688433003,25.12106809321414,-0.03295936869595736,0.0,0.16479684347978676,0.0,0.0,0.0,epa_hwfet,PPO_seed42
625,24.4282,-19534.87034348823,0.0,0.0,0.4546055568385864,25.12146036521072,-0.036719681096782385,0.0,0.18359840548391193,0.0,0.0,0.0,epa_hwfet,PPO_seed42
626,24.6478,-20955.015267341267,0.0,0.0,0.45447327631478884,25.121909456001692,-0.0393891264423708,0.0,0.19694563221185402,0.0,0.0,0.0,epa_hwfet,PPO_seed42
627,24.8765,-21666.689144530726,0.0,0.0,0.4543364985834235,25.12238988366274,-0.04072685929423069,0.0,0.20363429647115344,0.0,0.0,0.0,epa_hwfet,PPO_seed42
628,25.0949,-21615.31497273439,0.0,0.0,0.4542000402628428,25.122870830998515,-0.04063029130213232,0.0,0.20315145651066158,0.0,0.0,0.0,epa_hwfet,PPO_seed42
629,25.2865,-20869.210233072805,0.0,0.0,0.4540682875427869,25.12332418138298,-0.03922783878397144,0.0,0.19613919391985718,0.0,0.0,0.0,epa_hwfet,PPO_seed42
630,25.4391,-19567.23241859306,0.0,0.0,0.453944750678249,25.12372971287315,-0.03678051206502455,0.0,0.18390256032512273,0.0,0.0,0.0,epa_hwfet,PPO_seed42
631,25.5465,-17935.60855007499,0.0,0.0,0.45383151206107486,25.12407883477754,-0.033713549906156,0.0,0.16856774953078,0.0,0.0,0.0,epa_hwfet,PPO_seed42
632,25.6089,-16234.69495486702,0.0,0.0,0.45372901035654695,25.12437390761281,-0.030516343900125975,0.0,0.15258171950062988,0.0,0.0,0.0,epa_hwfet,PPO_seed42
633,25.6325,-14720.755465143817,0.0,0.0,0.4536360660504062,25.124625070620677,-0.02767059297959364,0.0,0.1383529648979682,0.0,0.0,0.0,epa_hwfet,PPO_seed42
634,25.6285,-13615.062136585078,0.0,0.0,0.45355010224239317,25.12484660931079,-0.02559222206125015,0.0,0.12796111030625074,0.0,0.0,0.0,epa_hwfet,PPO_seed42
635,25.6112,-13062.701301020428,0.0,0.0,0.45346762566625504,25.125053966308876,-0.024553949813948175,0.0,0.12276974906974086,0.0,0.0,0.0,epa_hwfet,PPO_seed42
636,25.5958,-13118.669218197272,0.0,0.0,0.45338479556458405,25.125262400039702,-0.024659152665784348,0.0,0.12329576332892173,0.0,0.0,0.0,epa_hwfet,PPO_seed42
637,25.596,-13740.054881481414,0.0,0.0,0.4532980419077865,25.125486440447265,-0.02582717082985228,0.0,0.1291358541492614,0.0,0.0,0.0,epa_hwfet,PPO_seed42
638,25.622,-14802.300969022568,0.0,0.0,0.45320458090366333,25.125739278443014,-0.027823874001922124,0.0,0.1391193700096106,0.0,0.0,0.0,epa_hwfet,PPO_seed42
639,25.6792,-16125.797810412789,0.0,0.0,0.4531027625822781,25.126031367614676,-0.030311650019572912,0.0,0.15155825009786456,0.0,0.0,0.0,epa_hwfet,PPO_seed42
640,25.7668,-17467.334348729437,0.0,0.0,0.4529924724049121,25.126367063545874,-0.03283333524197263,0.0,0.16416667620986314,0.0,0.0,0.0,epa_hwfet,PPO_seed42
641,25.8782,-18588.160690959492,0.0,0.0,0.45287510323397306,25.126742349537118,-0.03494015167473589,0.0,0.17470075837367943,0.0,0.0,0.0,epa_hwfet,PPO_seed42
642,26.0019,-19272.294966314814,0.0,0.0,0.45275341179849,25.127143743066,-0.036226118357734614,0.0,0.18113059178867305,0.0,0.0,0.0,epa_hwfet,PPO_seed42
643,26.1229,-19348.804884721794,0.0,0.0,0.4526312344988758,25.127549576536204,-0.03636993399383796,0.0,0.1818496699691898,0.0,0.0,0.0,epa_hwfet,PPO_seed42
644,26.2251,-18739.77620999105,0.0,0.0,0.45251290024919416,25.127934921516825,-0.03522514325186288,0.0,0.1761257162593144,0.0,0.0,0.0,epa_hwfet,PPO_seed42
645,26.2934,-17457.307524211716,0.0,0.0,0.4524026621141384,25.128277402997757,-0.032814487827465634,0.0,0.16407243913732816,0.0,0.0,0.0,epa_hwfet,PPO_seed42
646,26.3157,-15607.169277968438,0.0,0.0,0.45230410564620355,25.128562488267455,-0.02933678435708353,0.0,0.14668392178541764,0.0,0.0,0.0,epa_hwfet,PPO_seed42
647,26.2856,-13422.362879892371,0.0,0.0,0.4522193451630361,25.128787370316672,-0.025230005413331525,0.0,0.12615002706665762,0.0,0.0,0.0,epa_hwfet,PPO_seed42
648,26.2026,-11156.908872543454,0.0,0.0,0.4521488907122961,25.128958667461944,-0.020971633219066643,0.0,0.10485816609533322,0.0,0.0,0.0,epa_hwfet,PPO_seed42
649,26.073,-9108.218070727175,0.0,0.0,0.45209137391595144,25.129089126518018,-0.017120710659261608,0.0,0.08560355329630803,0.0,0.0,0.0,epa_hwfet,PPO_seed42
650,25.9093,-7547.4981532326065,0.0,0.0,0.45204371347511696,25.129192902125524,-0.014187026603820688,0.0,0.07093513301910344,0.0,0.0,0.0,epa_hwfet,PPO_seed42
651,25.7286,-6673.808246988772,0.0,0.0,0.4520015709633833,25.129282494836502,-0.012544752343963858,0.0,0.06272376171981929,0.0,0.0,0.0,epa_hwfet,PPO_seed42
652,25.3989,-450.51220199395993,0.0,0.0,0.4519987262147919,25.12932733220634,-0.0008468274473570676,0.0,0.004234137236785338,0.0,0.0,0.0,epa_hwfet,PPO_seed42
653,25.0926,-1131.0565531284628,0.0,0.0,0.4519915844888461,25.12936883284671,-0.002126046152497111,0.0,0.010630230762485553,0.0,0.0,0.0,epa_hwfet,PPO_seed42
654,24.8279,-2533.5279606079457,0.0,0.0,0.4519755878867354,25.12941135688438,-0.004762270602646515,0.0,0.02381135301323257,0.0,0.0,0.0,epa_hwfet,PPO_seed42
655,24.6186,-4484.4550501807025,0.0,0.0,0.45194727412358177,25.129463709748116,-0.008429426786053953,0.0,0.04214713393026976,0.0,0.0,0.0,epa_hwfet,PPO_seed42
656,24.4726,-6764.8166922012215,0.0,0.0,0.4519045637589205,25.12953803828624,-0.012715820850002297,0.0,0.06357910425001148,0.0,0.0,0.0,epa_hwfet,PPO_seed42
657,24.391,-9128.71016569692,0.0,0.0,0.4518469296165008,25.12964647406204,-0.01715922963476865,0.0,0.08579614817384323,0.0,0.0,0.0,epa_hwfet,PPO_seed42
658,24.3676,-11309.74144976302,0.0,0.0,0.45177552601506177,25.129796434343454,-0.021258912499554552,0.0,0.10629456249777275,0.0,0.0,0.0,epa_hwfet,PPO_seed42
659,24.3904,-13089.068263206133,0.0,0.0,0.4516928886129395,25.129987460547554,-0.02460351177294386,0.0,0.1230175588647193,0.0,0.0,0.0,epa_hwfet,PPO_seed42
660,24.4429,-14283.223620339375,0.0,0.0,0.45160271128017815,25.130209846159612,-0.026848164699886046,0.0,0.13424082349943023,0.0,0.0,0.0,epa_hwfet,PPO_seed42
661,24.506,-14768.524676620877,0.0,0.0,0.4515094689189247,25.13044621757107,-0.02776038473049037,0.0,0.13880192365245184,0.0,0.0,0.0,epa_hwfet,PPO_seed42
662,24.5611,-14534.990990254924,0.0,0.0,0.45141769980050894,25.13067674983822,-0.027321411635817527,0.0,0.13660705817908764,0.0,0.0,0.0,epa_hwfet,PPO_seed42
663,24.5919,-13645.459492599202,0.0,0.0,0.4513315458628363,25.13088399785967,-0.025649359948494745,0.0,0.12824679974247372,0.0,0.0,0.0,epa_hwfet,PPO_seed42
664,24.5865,-12254.144145654778,0.0,0.0,0.4512541756706911,25.13105724072845,-0.02303410553694507,0.0,0.11517052768472535,0.0,0.0,0.0,epa_hwfet,PPO_seed42
665,24.5388,-10582.023666601353,0.0,0.0,0.45118736267058773,25.131194018065575,-0.019891021929701793,0.0,0.09945510964850895,0.0,0.0,0.0,epa_hwfet,PPO_seed42
666,24.4492,-8886.957961359965,0.0,0.0,0.4511312521376601,25.131298789787202,-0.01670480819804505,0.0,0.08352404099022524,0.0,0.0,0.0,epa_hwfet,PPO_seed42
667,24.3238,-7399.639709452322,0.0,0.0,0.4510845326173556,25.13137945616187,-0.013909097198218652,0.0,0.06954548599109325,0.0,0.0,0.0,epa_hwfet,PPO_seed42
668,24.1739,-6329.767796109992,0.0,0.0,0.45104456851964786,25.131444724814347,-0.011898059767124046,0.0,0.05949029883562022,0.0,0.0,0.0,epa_hwfet,PPO_seed42
669,24.0134,-5782.962865933423,0.0,0.0,0.4510080573566201,25.131502046678424,-0.010870230951002676,0.0,0.05435115475501338,0.0,0.0,0.0,epa_hwfet,PPO_seed42
670,23.8574,-5808.00007713129,0.0,0.0,0.4509713887556645,25.131557937286537,-0.010917293378066335,0.0,0.05458646689033167,0.0,0.0,0.0,epa_hwfet,PPO_seed42
671,23.7191,-6335.948178570415,0.0,0.0,0.45093138763810314,25.131618317793667,-0.011909677027387999,0.0,0.05954838513693999,0.0,0.0,0.0,epa_hwfet,PPO_seed42
672,23.6083,-7243.720363037654,0.0,0.0,0.45088565607578834,25.131689040334088,-0.013616015719995593,0.0,0.06808007859997796,0.0,0.0,0.0,epa_hwfet,PPO_seed42
673,23.5299,-8354.618181229516,0.0,0.0,0.4508329116658696,25.131775168753585,-0.015704169513589317,0.0,0.07852084756794658,0.0,0.0,0.0,epa_hwfet,PPO_seed42
674,23.4825,-9439.504390071494,0.0,0.0,0.4507733185122517,25.131878918849942,-0.017743429304645664,0.0,0.08871714652322832,0.0,0.0,0.0,epa_hwfet,PPO_seed42
675,23.4592,-10294.562892757855,0.0,0.0,0.45070832736398925,25.131998283459843,-0.01935068212924409,0.0,0.09675341064622044,0.0,0.0,0.0,epa_hwfet,PPO_seed42
676,23.4477,-10712.500504068976,0.0,0.0,0.45064069763404185,25.132125788681627,-0.020136279142986796,0.0,0.10068139571493398,0.0,0.0,0.0,epa_hwfet,PPO_seed42
677,23.4326,-10564.659501726408,0.0,0.0,0.45057400106846623,25.132250191196334,-0.019858382522042122,0.0,0.0992919126102106,0.0,0.0,0.0,epa_hwfet,PPO_seed42
678,23.3972,-9787.139984448551,0.0,0.0,0.45051221298474986,25.13235938237623,-0.018396879670016075,0.0,0.09198439835008038,0.0,0.0,0.0,epa_hwfet,PPO_seed42
679,23.3259,-8409.159983620024,0.0,0.0,0.45045912437646696,25.132444360006765,-0.015806691698533878,0.0,0.07903345849266939,0.0,0.0,0.0,epa_hwfet,PPO_seed42
680,23.2064,-6550.50196413114,0.0,0.0,0.4504177700389246,25.132502188354504,-0.012312973616787858,0.0,0.06156486808393929,0.0,0.0,0.0,epa_hwfet,PPO_seed42
681,23.0318,-4418.183070905497,0.0,0.0,0.4503898776797643,25.13253663760737,-0.008304855396438904,0.0,0.04152427698219452,0.0,0.0,0.0,epa_hwfet,PPO_seed42
682,22.8014,-2253.735721793545,0.0,0.0,0.4503756499193714,25.132555758232645,-0.00423634534171719,0.0,0.02118172670858595,0.0,0.0,0.0,epa_hwfet,PPO_seed42
683,22.5213,-317.3747099120897,0.0,0.0,0.45037364639382493,25.132568126470005,-0.0005965690035941536,0.0,0.002982845017970768,0.0,0.0,0.0,epa_hwfet,PPO_seed42
684,22.204,832.7565344758005,0.0,0.0,0.45037890326175223,25.13257871654444,0.0450690340989234,0.0,0.007826659158607148,0.03331026137903202,0.0,0.0,epa_hwfet,PPO_seed42
685,21.8668,1444.572580674612,0.0,0.0,0.4503880219746061,25.132588184675456,0.07818070252402899,0.0,0.013576809968746354,0.05778290322698448,0.0,0.0,epa_hwfet,PPO_seed42
686,21.5296,1555.212105183947,0.0,0.0,0.45039783874240774,25.132595556031056,0.08416854686551917,0.0,0.014616655123909276,0.062208484207357875,0.0,0.0,epa_hwfet,PPO_seed42
687,21.2132,1159.2072250990323,0.0,0.0,0.4504051556070779,25.132599638910424,0.06273664365611152,0.0,0.010894804747171355,0.04636828900396129,0.0,0.0,epa_hwfet,PPO_seed42
688,20.936,328.0843348052245,0.0,0.0,0.450407226394806,25.13260052015309,0.01775602287163914,0.0,0.0030834993872671476,0.01312337339220898,0.0,0.0,epa_hwfet,PPO_seed42
689,20.7123,-1159.846936803731,0.0,0.0,0.450399905930429,25.132600855520927,-0.0021801634150446073,0.0,0.010900817075223036,0.0,0.0,0.0,epa_hwfet,PPO_seed42
690,20.5505,-3049.1767746580304,0.0,0.0,0.4503806612332781,25.132607427316206,-0.0057315352907105835,0.0,0.028657676453552917,0.0,0.0,0.0,epa_hwfet,PPO_seed42
691,20.452,-5000.001706219212,0.0,0.0,0.45034910447760534,25.132628034767688,-0.009398499447780474,0.0,0.046992497238902364,0.0,0.0,0.0,epa_hwfet,PPO_seed42
692,20.4114,-6808.620115415491,0.0,0.0,0.45030613320634005,25.132668455088524,-0.012798158111683253,0.0,0.06399079055841626,0.0,0.0,0.0,epa_hwfet,PPO_seed42
693,20.4172,-8287.056000423894,0.0,0.0,0.4502538311034915,25.132729945292695,-0.01557717293312762,0.0,0.0778858646656381,0.0,0.0,0.0,epa_hwfet,PPO_seed42
694,20.4532,-9280.14731670501,0.0,0.0,0.4501952610242162,25.1328081363243,-0.017443885933656034,0.0,0.08721942966828017,0.0,0.0,0.0,epa_hwfet,PPO_seed42
695,20.5012,-9708.230221381042,0.0,0.0,0.45013398867192345,25.13289433420386,-0.018248553047708723,0.0,0.09124276523854362,0.0,0.0,0.0,epa_hwfet,PPO_seed42
696,20.5428,-9543.967408982551,0.0,0.0,0.45007375247303316,25.132977861598132,-0.01793978836274916,0.0,0.08969894181374578,0.0,0.0,0.0,epa_hwfet,PPO_seed42
697,20.5623,-8855.798312163271,0.0,0.0,0.4500178591263681,25.13304963750315,-0.01664623742887833,0.0,0.08323118714439165,0.0,0.0,0.0,epa_hwfet,PPO_seed42
698,20.548,-7762.193189268121,0.0,0.0,0.44996886776501654,25.133104281864686,-0.014590588701631808,0.0,0.07295294350815903,0.0,0.0,0.0,epa_hwfet,PPO_seed42
699,20.4942,-6456.098859524381,0.0,0.0,0.44992811977507424,25.133141211744018,-0.01213552417203831,0.0,0.06067762086019155,0.0,0.0,0.0,epa_hwfet,PPO_seed42
700,20.4015,-5147.059384578418,0.0,0.0,0.4498956339292149,25.133163409344625,-0.009674923655222592,0.0,0.04837461827611295,0.0,0.0,0.0,epa_hwfet,PPO_seed42
701,20.2762,-4026.662532396379,0.0,0.0,0.4498702196794036,25.133175324073427,-0.00756891453457966,0.0,0.0378445726728983,0.0,0.0,0.0,epa_hwfet,PPO_seed42
702,19.9774,1126.9086141977643,0.0,0.0,0.44987733208053904,25.133172338645917,0.06098863312026697,0.0,0.010591246374039139,0.04507634456791057,0.0,0.0,epa_hwfet,PPO_seed42
703,19.671,1377.8828643173158,0.0,0.0,0.44988602824354074,25.1331684163568,0.07457143501771459,0.0,0.012950026920275524,0.055115314572692635,0.0,0.0,epa_hwfet,PPO_seed42
704,19.3718,1296.1818462056556,0.0,0.0,0.4498942085421066,25.13316281784589,0.07014975134577675,0.0,0.01218216020869977,0.051847273848226225,0.0,0.0,epa_hwfet,PPO_seed42
705,19.0928,932.0021224953509,0.0,0.0,0.44990009031825845,25.133155097417276,0.05044023517083861,0.0,0.008759418444505177,0.037280084899814034,0.0,0.0,epa_hwfet,PPO_seed42
706,18.8435,368.2087132599741,0.0,0.0,0.4499024139909655,25.133145482262027,0.019927566301092433,0.0,0.0034606082073305837,0.014728348530398965,0.0,0.0,epa_hwfet,PPO_seed42
707,18.6283,0.0,394.54613151567963,0.0,0.4499024139909655,25.13313470801474,-0.005562210500690973,0.0037081403337939816,0.0,0.0,0.0,0.0,epa_hwfet,PPO_seed42
708,18.4454,-1244.1629309545538,0.0,0.0,0.44989456271843964,25.133124498591584,-0.002338652125854424,0.0,0.011693260629272121,0.0,0.0,0.0,epa_hwfet,PPO_seed42
709,18.2871,-1870.9638979912506,0.0,0.0,0.4498827562023175,25.133115469858858,-0.003516849432314381,0.0,0.017584247161571906,0.0,0.0,0.0,epa_hwfet,PPO_seed42
710,18.1408,-2137.9739019825583,0.0,0.0,0.44986926491189905,25.133106906695932,-0.00401874793605744,0.0,0.0200937396802872,0.0,0.0,0.0,epa_hwfet,PPO_seed42
711,17.9906,-1953.919829056174,0.0,0.0,0.44985693519352793,25.133097139896176,-0.0036727816335642366,0.0,0.018363908167821182,0.0,0.0,0.0,epa_hwfet,PPO_seed42
712,17.819,-1277.947652623888,0.0,0.0,0.4498488711160236,25.133084810057493,-0.002402157241774226,0.0,0.012010786208871128,0.0,0.0,0.0,epa_hwfet,PPO_seed42
713,17.6101,0.0,164.81781196408133,0.0,0.4498488711160236,25.133070383484753,-0.002323559379192876,0.001549039586128584,0.0,0.0,0.0,0.0,epa_hwfet,PPO_seed42
714,17.3511,922.9659707575197,0.0,0.0,0.4498546950210434,25.13305610012433,0.04995119592114757,0.0,0.008674492206367667,0.03691863883030079,0.0,0.0,epa_hwfet,PPO_seed42
715,17.0346,2081.372150165089,0.0,0.0,0.44986782819780957,25.13304439588404,0.11264448674352112,0.0,0.019561768328619257,0.08325488600660355,0.0,0.0,epa_hwfet,PPO_seed42
716,16.6597,3214.0273929217055,0.0,0.0,0.44988810780799504,25.133037587631062,0.17394412912970253,0.0,0.030207024369564902,0.12856109571686822,0.0,0.0,epa_hwfet,PPO_seed42
717,16.2322,4184.119029978169,0.0,0.0,0.4499145077299505,25.133036739889715,0.22644578028408163,0.0,0.039324426973479036,0.16736476119912677,0.0,0.0,epa_hwfet,PPO_seed42
718,15.7645,4872.871977224509,0.0,0.0,0.44994525248870765,25.133040937897185,0.2637212969327971,0.0,0.04579766895887696,0.19491487908898034,0.0,0.0,epa_hwfet,PPO_seed42
719,15.2737,5214.487103695061,0.0,0.0,0.4499781516263053,25.13304754669679,0.2822096103187748,0.0,0.04900833744074305,0.20857948414780242,0.0,0.0,epa_hwfet,PPO_seed42
720,14.78,5186.461690864727,0.0,0.0,0.45001087294630737,25.133053071975247,0.2806928665477015,0.0,0.048744940703615854,0.20745846763458906,0.0,0.0,epa_hwfet,PPO_seed42
721,14.304,4819.410143724489,0.0,0.0,0.4500412776455875,25.133054389141368,0.2608279264250291,0.0,0.045295208117711365,0.19277640574897956,0.0,0.0,epa_hwfet,PPO_seed42
722,13.8647,4173.886478774041,0.0,0.0,0.45006760914564276,25.133049578475433,0.22589199153545525,0.0,0.039228256379455276,0.16695545915096166,0.0,0.0,epa_hwfet,PPO_seed42
723,13.4766,3344.5803603125505,0.0,0.0,0.45008870835088216,25.133038344525648,0.1810096949889454,0.0,0.03143402594278713,0.13378321441250202,0.0,0.0,epa_hwfet,PPO_seed42
724,13.1484,2429.5019018533676,0.0,0.0,0.45010403449080655,25.13302169894415,0.13148537360556795,0.0,0.02283366449110308,0.0971800760741347,0.0,0.0,epa_hwfet,PPO_seed42
725,12.8821,1524.8797758199394,0.0,0.0,0.4501136538002926,25.13300135847924,0.08252695207783402,0.0,0.014331576840412964,0.060995191032797574,0.0,0.0,epa_hwfet,PPO_seed42
726,12.6727,721.0968357761533,0.0,0.0,0.45011820259393365,25.132979085798233,0.03902597762343422,0.0,0.006777225900151816,0.028843873431046132,0.0,0.0,epa_hwfet,PPO_seed42
727,12.5092,90.44923531763152,0.0,0.0,0.4501187731565291,25.132956171200693,0.004895139818167756,0.0,0.0008500867980980406,0.0036179694127052606,0.0,0.0,epa_hwfet,PPO_seed42
728,12.3762,0.0,438.8914913600863,0.0,0.4501187731565291,25.13293313690733,-0.006187380047369638,0.004124920031579759,0.0,0.0,0.0,0.0,epa_hwfet,PPO_seed42
729,12.2557,0.0,651.6083131862786,0.0,0.4501187731565291,25.1329100028285,-0.00918620742273889,0.006124138281825927,0.0,0.0,0.0,0.0,epa_hwfet,PPO_seed42
730,12.1302,0.0,528.8368549090237,0.0,0.4501187731565291,25.132886775803808,-0.007455406789130974,0.004970271192753982,0.0,0.0,0.0,0.0,epa_hwfet,PPO_seed42
731,11.9841,0.0,113.70369994517026,0.0,0.4501187731565291,25.132863462224428,-0.0016029656947157463,0.0010686437964771642,0.0,0.0,0.0,0.0,epa_hwfet,PPO_seed42
732,11.8065,356.92585111415974,0.0,0.0,0.45012102460583125,25.132840189182332,0.019316934408418963,0.0,0.003354566269869922,0.01427703404456639,0.0,0.0,epa_hwfet,PPO_seed42
733,11.592,854.0609715841897,0.0,0.0,0.4501264118909499,25.13281739856042,0.04622203664257893,0.0,0.008026888830678475,0.03416243886336759,0.0,0.0,epa_hwfet,PPO_seed42
734,11.3412,1324.1907948831627,0.0,0.0,0.45013476461074964,25.132795478479498,0.0716656040719474,0.0,0.012445402207548521,0.05296763179532651,0.0,0.0,epa_hwfet,PPO_seed42
735,11.0608,1687.4514689319783,0.0,0.0,0.450145408597136,25.13277448637074,0.09132538100279984,0.0,0.015859506286954685,0.06749805875727913,0.0,0.0,epa_hwfet,PPO_seed42
736,10.762,1893.2556515475633,0.0,0.0,0.45015735061010526,25.1327540805112,0.10246356526195008,0.0,0.017793756123567324,0.07573022606190254,0.0,0.0,epa_hwfet,PPO_seed42
737,10.4587,1921.0102262958376,0.0,0.0,0.45016946755264753,25.132733666138922,0.1039656511945672,0.0,0.018054607389998475,0.07684040905183351,0.0,0.0,epa_hwfet,PPO_seed42
738,10.1655,1778.0983148590205,0.0,0.0,0.45018068294184704,25.132712651460235,0.09623121556658068,0.0,0.016711450327622373,0.07112393259436083,0.0,0.0,epa_hwfet,PPO_seed42
739,9.8954,1497.4607680502634,0.0,0.0,0.45019012810808406,25.132690680585565,0.08104302713102102,0.0,0.01407387939896864,0.05989843072201054,0.0,0.0,epa_hwfet,PPO_seed42
740,9.6575,1132.1241579249536,0.0,0.0,0.45019726886664,25.132667731057396,0.061270899915367036,0.0,0.01064026464215182,0.045284966316998146,0.0,0.0,epa_hwfet,PPO_seed42
741,9.4557,741.5415655988329,0.0,0.0,0.4502019460307055,25.132644036666385,0.04013245255022856,0.0,0.006969375616530385,0.029661662623953314,0.0,0.0,epa_hwfet,PPO_seed42
742,9.2879,387.02328862410525,0.0,0.0,0.45020438710900645,25.132619926806697,0.020945816778318117,0.0,0.003637436923158884,0.01548093154496421,0.0,0.0,epa_hwfet,PPO_seed42
743,9.1461,124.86638344672535,0.0,0.0,0.4502051746773805,25.132595665261558,0.006757806225936309,0.0,0.001173556235401554,0.004994655337869014,0.0,0.0,epa_hwfet,PPO_seed42
744,9.0169,4.7830197085479895,0.0,0.0,0.4502052048451699,25.132571372342003,0.00025885846512878515,0.0,4.495319274951118e-05,0.00019132078834191958,0.0,0.0,epa_hwfet,PPO_seed42
745,8.8838,52.44674441333626,0.0,0.0,0.45020553563996074,25.132547069257583,0.002838433581106725,0.0,0.0004929205302005288,0.0020978697765334504,0.0,0.0,epa_hwfet,PPO_seed42
746,8.7291,272.7422034672746,0.0,0.0,0.4502072558887056,25.132522821748942,0.014760890079379264,0.0,0.0025633665739405505,0.010909688138690983,0.0,0.0,epa_hwfet,PPO_seed42
747,8.5361,644.8766083787708,0.0,0.0,0.4502113232618155,25.132498883470873,0.03490091599331122,0.0,0.006060870379499725,0.025795064335150834,0.0,0.0,epa_hwfet,PPO_seed42
748,8.2915,1119.9784758919875,0.0,0.0,0.4502183871698171,25.132475721970312,0.060613571950906206,0.0,0.010526113495225446,0.0447991390356795,0.0,0.0,epa_hwfet,PPO_seed42
749,7.9874,1627.8642776297775,0.0,0.0,0.45022865434244713,25.132453861498558,0.08810050428856495,0.0,0.015299476293512946,0.0651145711051911,0.0,0.0,epa_hwfet,PPO_seed42
750,7.6226,2090.0444326006977,0.0,0.0,0.4502418364489797,25.132433605013333,0.11311383327714153,0.0,0.01964327474248776,0.08360177730402792,0.0,0.0,epa_hwfet,PPO_seed42
751,7.2026,2439.0987204046137,0.0,0.0,0.45025721993307777,25.132414821080076,0.13200475631182262,0.0,0.0229238601541787,0.09756394881618455,0.0,0.0,epa_hwfet,PPO_seed42
752,6.5288,4092.2573369333345,0.0,0.0,0.45028302968841066,25.13240627232443,0.22147419782891836,0.0,0.03846106519674187,0.16369029347733338,0.0,0.0,epa_hwfet,PPO_seed42
753,5.8287,3846.398865848612,0.0,0.0,0.45030728844403833,25.132395835722296,0.20816826343141584,0.0,0.03615036528053207,0.15385595463394447,0.0,0.0,epa_hwfet,PPO_seed42
754,5.1227,3431.06530237985,0.0,0.0,0.45032892743538055,25.132382510732096,0.18569028606413654,0.0,0.03224685434567528,0.137242612095194,0.0,0.0,epa_hwfet,PPO_seed42
755,4.4315,2907.0056950720073,0.0,0.0,0.45034726106931955,25.132366026802607,0.1573280225047241,0.0,0.027321482096541422,0.11628022780288029,0.0,0.0,epa_hwfet,PPO_seed42
756,3.7739,2342.2004898824766,0.0,0.0,0.4503620324925083,25.13234673179698,0.1267605949336396,0.0,0.022013162498895456,0.09368801959529907,0.0,0.0,epa_hwfet,PPO_seed42
757,3.1649,1797.6065482801923,0.0,0.0,0.45037336926687,25.13232530499884,0.09728700702647236,0.0,0.016894798386092032,0.07190426193120769,0.0,0.0,epa_hwfet,PPO_seed42
758,2.6135,1319.3322515400623,0.0,0.0,0.45038168971191594,25.132302473119267,0.07140265824500278,0.0,0.012399739206203594,0.052773290061602494,0.0,0.0,epa_hwfet,PPO_seed42
759,2.1221,930.7447821439504,0.0,0.0,0.4503875594848686,25.132278820849496,0.05037218753287334,0.0,0.008747601335939383,0.03722979128575801,0.0,0.0,epa_hwfet,PPO_seed42
760,1.6861,636.0788558744348,0.0,0.0,0.4503915709276837,25.13225473850286,0.03442477898183595,0.0,0.005978184735661981,0.02544315423497739,0.0,0.0,epa_hwfet,PPO_seed42
761,1.9159,-981.357561873409,0.0,0.0,0.4503853819865742,25.13223119371904,-0.0018446570711906187,0.0,0.009223285355953093,0.0,0.0,0.0,epa_hwfet,PPO_seed42
762,1.4369,611.7413968372277,0.0,0.0,0.45038923995657226,25.13220708537172,0.03310762837920575,0.0,0.005749449218394998,0.02446965587348911,0.0,0.0,epa_hwfet,PPO_seed42
763,0.9579,408.2769861016179,0.0,0.0,0.45039181476724544,25.13218278643469,0.02209607327789057,0.0,0.0038371897190001684,0.016331079444064717,0.0,0.0,epa_hwfet,PPO_seed42
764,0.479,204.2452173443883,0.0,0.0,0.4503931028448991,25.13215837410906,0.011053812589811331,0.0,0.0019195979073720704,0.008169808693775532,0.0,0.0,epa_hwfet,PPO_seed42
1,0.0,0.0,0.0,0.0,0.5,25.0,0.0,0.0,0.0,0.0,0.0,0.0,epa_us06,PPO_seed42
2,0.0,0.0,0.0,0.0,0.5,25.0,0.0,0.0,0.0,0.0,0.0,0.0,epa_us06,PPO_seed42
3,0.0,0.0,0.0,0.0,0.5,25.0,0.0,0.0,0.0,0.0,0.0,0.0,epa_us06,PPO_seed42
4,0.0,0.0,0.0,0.0,0.5,25.0,0.0,0.0,0.0,0.0,0.0,0.0,epa_us06,PPO_seed42
5,0.0,0.0,0.0,0.0,0.5,25.0,0.0,0.0,0.0,0.0,0.0,0.0,epa_us06,PPO_seed42
6,0.0,0.0,0.0,0.0,0.5,25.0,0.0,0.0,0.0,0.0,0.0,0.0,epa_us06,PPO_seed42
7,0.0,0.0,0.0,0.0,0.5,25.0,0.0,0.0,0.0,0.0,0.0,0.0,epa_us06,PPO_seed42
8,0.0,0.0,0.0,0.0,0.5,25.0,0.0,0.0,0.0,0.0,0.0,0.0,epa_us06,PPO_seed42
9,0.0,0.0,0.0,0.0,0.5,25.0,0.0,0.0,0.0,0.0,0.0,0.0,epa_us06,PPO_seed42
10,0.0,0.0,0.0,0.0,0.5,25.0,0.0,0.0,0.0,0.0,0.0,0.0,epa_us06,PPO_seed42
11,0.0,0.0,0.0,0.0,0.5,25.0,0.0,0.0,0.0,0.0,0.0,0.0,epa_us06,PPO_seed42
12,0.0,0.0,0.0,0.0,0.5,25.0,0.0,0.0,0.0,0.0,0.0,0.0,epa_us06,PPO_seed42
13,0.0,0.0,0.0,0.0,0.5,25.0,0.0,0.0,0.0,0.0,0.0,0.0,epa_us06,PPO_seed42
14,0.0,0.0,0.0,0.0,0.5,25.0,0.0,0.0,0.0,0.0,0.0,0.0,epa_us06,PPO_seed42
15,0.0,0.0,0.0,0.0,0.5,25.0,0.0,0.0,0.0,0.0,0.0,0.0,epa_us06,PPO_seed42
16,0.0,0.0,0.0,0.0,0.5,25.0,0.0,0.0,0.0,0.0,0.0,0.0,epa_us06,PPO_seed42
17,0.0,0.0,0.0,0.0,0.5,25.0,0.0,0.0,0.0,0.0,0.0,0.0,epa_us06,PPO_seed42
18,0.0,0.0,0.0,0.0,0.5,25.0,0.0,0.0,0.0,0.0,0.0,0.0,epa_us06,PPO_seed42
19,0.0,0.0,0.0,0.0,0.5,25.0,0.0,0.0,0.0,0.0,0.0,0.0,epa_us06,PPO_seed42
20,0.0,0.0,0.0,0.0,0.5,25.0,0.0,0.0,0.0,0.0,0.0,0.0,epa_us06,PPO_seed42
21,0.0,0.0,0.0,0.0,0.5,25.0,0.0,0.0,0.0,0.0,0.0,0.0,epa_us06,PPO_seed42
22,0.0,0.0,0.0,0.0,0.5,25.0,0.0,0.0,0.0,0.0,0.0,0.0,epa_us06,PPO_seed42
23,0.0,0.0,0.0,0.0,0.5,25.0,0.0,0.0,0.0,0.0,0.0,0.0,epa_us06,PPO_seed42
24,0.0,0.0,0.0,0.0,0.5,25.0,0.0,0.0,0.0,0.0,0.0,0.0,epa_us06,PPO_seed42
25,0.0,0.0,0.0,0.0,0.5,25.0,0.0,0.0,0.0,0.0,0.0,0.0,epa_us06,PPO_seed42
26,0.0,0.0,0.0,0.0,0.5,25.0,0.0,0.0,0.0,0.0,0.0,0.0,epa_us06,PPO_seed42
27,0.5748,-601.7735999734681,0.0,0.0,0.49999621511755177,25.000000342291163,-0.0011311533834087745,0.0,0.005655766917043873,0.0,0.0,0.0,epa_us06,PPO_seed42
28,1.1495,-1203.931163046236,0.0,0.0,0.4999886429218801,25.000001712411713,-0.0022630285019666087,0.0,0.011315142509833044,0.0,0.0,0.0,epa_us06,PPO_seed42
29,1.7243,-1807.8863232667547,0.0,0.0,0.49997727206798076,25.00000480274646,-0.0033982825625314943,0.0,0.01699141281265747,0.0,0.0,0.0,epa_us06,PPO_seed42
30,2.0263,-1265.9991286963254,0.0,0.0,0.49996930941090967,25.000006321659463,-0.002379697610331439,0.0,0.011898488051657195,0.0,0.0,0.0,epa_us06,PPO_seed42
31,2.8738,-4241.075306253023,0.0,0.0,0.49994263453924564,25.00002333077995,-0.007971946064385381,0.0,0.039859730321926905,0.0,0.0,0.0,epa_us06,PPO_seed42
32,3.7213,-5503.980308392646,0.0,0.0,0.499908015946506,25.000051991964487,-0.010345827647354599,0.0,0.05172913823677299,0.0,0.0,0.0,epa_us06,PPO_seed42
33,4.5217,-6374.001004946963,0.0,0.0,0.499867924422163,25.000090463521335,-0.011981204896516849,0.0,0.05990602448258424,0.0,0.0,0.0,epa_us06,PPO_seed42
34,5.2359,-6700.075556605052,0.0,0.0,0.49982578106570696,25.00013303691959,-0.012594126986099722,0.0,0.0629706349304986,0.0,0.0,0.0,epa_us06,PPO_seed42
35,5.8398,-6493.758859248986,0.0,0.0,0.49978493457193457,25.000173137595382,-0.01220631364520486,0.0,0.0610315682260243,0.0,0.0,0.0,epa_us06,PPO_seed42
36,6.3284,-5924.086641027318,0.0,0.0,0.4997476706426219,25.000206669378347,-0.011135501204938569,0.0,0.05567750602469284,0.0,0.0,0.0,epa_us06,PPO_seed42
37,6.7166,-5258.4317704474915,0.0,0.0,0.4997145932707822,25.000233286336268,-0.009884270245202054,0.0,0.04942135122601026,0.0,0.0,0.0,epa_us06,PPO_seed42
38,7.0366,-4780.601064650998,0.0,0.0,0.49968452118593565,25.000255483789477,-0.00898609222678759,0.0,0.04493046113393795,0.0,0.0,0.0,epa_us06,PPO_seed42
39,7.3325,-4725.013612825254,0.0,0.0,0.49965479840254573,25.00027728988906,-0.008881604535385817,0.0,0.04440802267692908,0.0,0.0,0.0,epa_us06,PPO_seed42
40,7.6526,-5240.8708144100265,0.0,0.0,0.4996218302200003,25.0003040680952,-0.009851260929342156,0.0,0.049256304646710776,0.0,0.0,0.0,epa_us06,PPO_seed42
41,8.0408,-6387.2214528290515,0.0,0.0,0.4995816502789491,25.000343584979856,-0.012006055362460624,0.0,0.060030276812303114,0.0,0.0,0.0,epa_us06,PPO_seed42
42,8.5294,-8147.908106187607,0.0,0.0,0.49953039356307105,25.00040748783497,-0.01531561674095415,0.0,0.07657808370477075,0.0,0.0,0.0,epa_us06,PPO_seed42
43,9.1333,-10419.9900360219,0.0,0.0,0.4994648421987876,25.000511560995683,-0.01958644743613139,0.0,0.09793223718065695,0.0,0.0,0.0,epa_us06,PPO_seed42
44,9.8475,-13002.639643907678,0.0,0.0,0.4993830411489054,25.00067325388893,-0.02444105196223248,0.0,0.12220525981116238,0.0,0.0,0.0,epa_us06,PPO_seed42
45,10.6478,-15587.788406839887,0.0,0.0,0.4992849729291442,25.000905452221364,-0.02930035414819528,0.0,0.1465017707409764,0.0,0.0,0.0,epa_us06,PPO_seed42
46,11.4953,-17798.897122222817,0.0,0.0,0.49917298873216553,25.00120832158348,-0.03345657353801281,0.0,0.16728286769006406,0.0,0.0,0.0,epa_us06,PPO_seed42
47,12.3428,-19257.248739569517,0.0,0.0,0.4990518228079401,25.001563431492432,-0.03619783597663443,0.0,0.18098917988317215,0.0,0.0,0.0,epa_us06,PPO_seed42
48,13.1432,-19700.17530991586,0.0,0.0,0.4989278631124257,25.0019362439778,-0.037030404717886954,0.0,0.18515202358943478,0.0,0.0,0.0,epa_us06,PPO_seed42
49,13.8574,-19069.139205746804,0.0,0.0,0.49880786743214595,25.002287466632087,-0.03584424662734362,0.0,0.1792212331367181,0.0,0.0,0.0,epa_us06,PPO_seed42
50,14.4613,-17563.841707331427,0.0,0.0,0.4986973383673019,25.00258811623109,-0.03301474005137486,0.0,0.16507370025687432,0.0,0.0,0.0,epa_us06,PPO_seed42
51,14.9499,-15601.80301963479,0.0,0.0,0.49859915197418786,25.00282869598513,-0.02932669740532855,0.0,0.14663348702664275,0.0,0.0,0.0,epa_us06,PPO_seed42
52,15.3381,-13717.133530319228,0.0,0.0,0.4985128231365275,25.00301828602603,-0.02578408558330682,0.0,0.1289204279165341,0.0,0.0,0.0,epa_us06,PPO_seed42
53,15.6581,-12433.169532314743,0.0,0.0,0.4984345726414474,25.00317716582655,-0.023370619421644256,0.0,0.11685309710822127,0.0,0.0,0.0,epa_us06,PPO_seed42
54,15.954,-12157.47338824786,0.0,0.0,0.4983580554564584,25.003330518021595,-0.022852393586932068,0.0,0.11426196793466033,0.0,0.0,0.0,epa_us06,PPO_seed42
55,16.2741,-13112.404434943384,0.0,0.0,0.49827552624223514,25.003507557666822,-0.024647376757412378,0.0,0.12323688378706188,0.0,0.0,0.0,epa_us06,PPO_seed42
56,16.6622,-15312.39657462804,0.0,0.0,0.498179147902778,25.003744781159767,-0.028782700328248197,0.0,0.14391350164124098,0.0,0.0,0.0,epa_us06,PPO_seed42
57,17.1509,-18611.498409664247,0.0,0.0,0.49806200080521823,25.004089292727162,-0.03498401956703806,0.0,0.1749200978351903,0.0,0.0,0.0,epa_us06,PPO_seed42
58,17.7548,-22667.790332103894,0.0,0.0,0.49791931594339883,25.004594233354908,-0.042608628443804315,0.0,0.21304314221902157,0.0,0.0,0.0,epa_us06,PPO_seed42
59,18.4689,-27025.407771446997,0.0,0.0,0.49774919213720314,25.005306884656594,-0.05079963866813345,0.0,0.25399819334066726,0.0,0.0,0.0,epa_us06,PPO_seed42
60,19.2693,-31124.476037486776,0.0,0.0,0.4975532513256642,25.00624887795371,-0.05850465420580221,0.0,0.29252327102901104,0.0,0.0,0.0,epa_us06,PPO_seed42
61,20.1168,-34360.746827393465,0.0,0.0,0.4973369193090979,25.00739625376539,-0.0645878699763035,0.0,0.3229393498815175,0.0,0.0,0.0,epa_us06,PPO_seed42
62,20.5386,-21686.924086002324,0.0,0.0,0.49720036815089125,25.00787638153782,-0.04076489489850061,0.0,0.20382447449250304,0.0,0.0,0.0,epa_us06,PPO_seed42
63,20.9131,-20733.85329204012,0.0,0.0,0.4970698122840983,25.00832092734098,-0.03897340844368444,0.0,0.1948670422184222,0.0,0.0,0.0,epa_us06,PPO_seed42
64,21.2016,-18334.52128634976,0.0,0.0,0.49695435989419273,25.00867914530226,-0.0344633858765973,0.0,0.17231692938298648,0.0,0.0,0.0,epa_us06,PPO_seed42
65,21.3797,-14911.935822907919,0.0,0.0,0.4968604567201636,25.008931404405175,-0.028029954554338196,0.0,0.14014977277169097,0.0,0.0,0.0,epa_us06,PPO_seed42
66,21.4426,-11147.136146802895,0.0,0.0,0.4967902599815674,25.009091645962496,-0.02095326343384003,0.0,0.10476631716920014,0.0,0.0,0.0,epa_us06,PPO_seed42
67,21.405,-7761.067692378116,0.0,0.0,0.4967413861236629,25.009191163324065,-0.014588473105973901,0.0,0.0729423655298695,0.0,0.0,0.0,epa_us06,PPO_seed42
68,21.2993,-5410.10188147776,0.0,0.0,0.4967073173107267,25.00926041257217,-0.01016936443886797,0.0,0.05084682219433985,0.0,0.0,0.0,epa_us06,PPO_seed42
69,21.1695,-4515.132277085079,0.0,0.0,0.4966788848106956,25.00931976261715,-0.008487090746400526,0.0,0.04243545373200262,0.0,0.0,0.0,epa_us06,PPO_seed42
70,21.0638,-5227.148833969516,0.0,0.0,0.4966459692425569,25.00938405388104,-0.009825467733025407,0.0,0.04912733866512703,0.0,0.0,0.0,epa_us06,PPO_seed42
71,21.0262,-7425.695359497722,0.0,0.0,0.4965992100605229,25.00947332743454,-0.013958073984018275,0.0,0.06979036992009137,0.0,0.0,0.0,epa_us06,PPO_seed42
72,21.0891,-10777.573895120444,0.0,0.0,0.4965313447802776,25.00961962926969,-0.02025859754721888,0.0,0.1012929877360944,0.0,0.0,0.0,epa_us06,PPO_seed42
73,21.2672,-14773.680788604584,0.0,0.0,0.4964383159806568,25.009862723679074,-0.027770076670309368,0.0,0.13885038335154684,0.0,0.0,0.0,epa_us06,PPO_seed42
74,21.5557,-18831.970552155864,0.0,0.0,0.49631973021387654,25.010236053272354,-0.035398440887511026,0.0,0.17699220443755512,0.0,0.0,0.0,epa_us06,PPO_seed42
75,21.9302,-22302.194273432717,0.0,0.0,0.49617928775417847,25.01074664279527,-0.041921417807204354,0.0,0.20960708903602177,0.0,0.0,0.0,epa_us06,PPO_seed42
76,22.352,-24620.394774476666,0.0,0.0,0.496024240260182,25.01136319274602,-0.04627893754600877,0.0,0.23139468773004385,0.0,0.0,0.0,epa_us06,PPO_seed42
77,22.7738,-25339.001192346706,0.0,0.0,0.4958646592809761,25.01201727315636,-0.04762970148937351,0.0,0.23814850744686755,0.0,0.0,0.0,epa_us06,PPO_seed42
78,23.1483,-24285.754021010263,0.0,0.0,0.4957117036030667,25.01262553478083,-0.045649913573327566,0.0,0.2282495678666378,0.0,0.0,0.0,epa_us06,PPO_seed42
79,23.4368,-21637.675856992733,0.0,0.0,0.4955754196285498,25.013121945851946,-0.04067232303946003,0.0,0.20336161519730012,0.0,0.0,0.0,epa_us06,PPO_seed42
80,23.6149,-17862.594226283545,0.0,0.0,0.4954629087984815,25.01347962103802,-0.033576304936623204,0.0,0.167881524683116,0.0,0.0,0.0,epa_us06,PPO_seed42
81,23.6778,-13708.382527947942,0.0,0.0,0.49537656214568865,25.013714414736853,-0.02576763633072922,0.0,0.12883818165364608,0.0,0.0,0.0,epa_us06,PPO_seed42
82,23.6402,-9966.217364027218,0.0,0.0,0.4953137862910611,25.013865385252533,-0.018733491285765447,0.0,0.09366745642882723,0.0,0.0,0.0,epa_us06,PPO_seed42
83,23.5345,-7359.805242854828,0.0,0.0,0.49526742816231006,25.0139725849102,-0.013834220381306068,0.0,0.06917110190653034,0.0,0.0,0.0,epa_us06,PPO_seed42
84,23.4047,-6358.240967059139,0.0,0.0,0.4952273793120658,25.01406507001985,-0.011951580765148758,0.0,0.05975790382574379,0.0,0.0,0.0,epa_us06,PPO_seed42
85,23.299,-7135.584178935307,0.0,0.0,0.4951824349897182,25.014165597650017,-0.013412752216043811,0.0,0.06706376108021905,0.0,0.0,0.0,epa_us06,PPO_seed42
86,23.2614,-9564.364374612005,0.0,0.0,0.49512219358151727,25.014302986877585,-0.01797812852370678,0.0,0.08989064261853388,0.0,0.0,0.0,epa_us06,PPO_seed42
87,23.3243,-13276.64026187009,0.0,0.0,0.4950385707616921,25.014519922229862,-0.024956090717800923,0.0,0.12478045358900461,0.0,0.0,0.0,epa_us06,PPO_seed42
88,23.5024,-17704.499721798526,0.0,0.0,0.49492705823954186,25.014867141935127,-0.03327913481541076,0.0,0.1663956740770538,0.0,0.0,0.0,epa_us06,PPO_seed42
89,23.7909,-22197.72456027574,0.0,0.0,0.4947872417327789,25.015385825408778,-0.04172504616593184,0.0,0.2086252308296592,0.0,0.0,0.0,epa_us06,PPO_seed42
90,24.1654,-26034.246339233294,0.0,0.0,0.4946232539250177,25.016082729442687,-0.048936553269235517,0.0,0.24468276634617758,0.0,0.0,0.0,epa_us06,PPO_seed42
91,24.5872,-28594.002920028302,0.0,0.0,0.49444313330541434,25.016916155053078,-0.05374812578952688,0.0,0.2687406289476344,0.0,0.0,0.0,epa_us06,PPO_seed42
92,24.2453,0.0,0.0,607.4531992178157,0.49444313330541434,25.016979034948875,0.0,0.0,0.0,0.0,0.0,0.0,epa_us06,PPO_seed42
93,23.8562,2047.2123958633492,0.0,0.0,0.494456029388628,25.017041549517987,0.11079575056710066,0.0,0.019240718006234486,0.08188849583453398,0.0,0.0,epa_us06,PPO_seed42
94,23.3809,4485.17854558471,0.0,0.0,0.4944842816645703,25.017114496821204,0.24273921181292285,0.0,0.04215393369910442,0.1794071418233884,0.0,0.0,epa_us06,PPO_seed42
95,22.7954,7446.372470447977,0.0,0.0,0.4945311839763598,25.017215901832717,0.40299991761116194,0.0,0.06998470366962385,0.2978548988179191,0.0,0.0,epa_us06,PPO_seed42
96,22.0945,10366.369401014024,0.0,0.0,0.494596474217453,25.017361150078525,0.5610310296879619,0.0,0.09742828384411677,0.41465477604056095,0.0,0.0,epa_us06,PPO_seed42
97,21.2933,12694.748675427103,0.0,0.0,0.49467642344597196,25.017551540021834,0.6870436162836413,0.0,0.11931154770138255,0.5077899470170841,0.0,0.0,epa_us06,PPO_seed42
98,20.4239,14049.000821897733,0.0,0.0,0.49476489459444223,25.017770484343423,0.7603361497445104,0.0,0.13203948140881328,0.5619600328759093,0.0,0.0,epa_us06,PPO_seed42
99,19.5303,14257.849291703627,0.0,0.0,0.4948546737112944,25.01798956043499,0.7716390917419752,0.0,0.13400234296713937,0.5703139716681451,0.0,0.0,epa_us06,PPO_seed42
100,18.6609,13378.77527079359,0.0,0.0,0.49493891083558766,25.018180720470514,0.7240633413471599,0.0,0.12574036908640593,0.5351510108317437,0.0,0.0,epa_us06,PPO_seed42
101,17.8597,11660.637733728865,0.0,0.0,0.49501232464168227,25.018326967617966,0.631077221108123,0.0,0.10959245990346678,0.4664255093491546,0.0,0.0,epa_us06,PPO_seed42
102,17.1588,9453.148102611232,0.0,0.0,0.49507183653312586,25.018425695992597,0.5116072183653808,0.0,0.08884537690424091,0.3781259241044493,0.0,0.0,epa_us06,PPO_seed42
103,16.5733,7126.612987357284,0.0,0.0,0.49511669934993635,25.018485256067407,0.385694438218028,0.0,0.06697944536989928,0.28506451949429135,0.0,0.0,epa_us06,PPO_seed42
104,16.098,5040.81601804564,0.0,0.0,0.49514843040761325,25.018518770891397,0.27281047893152266,0.0,0.047376090395165785,0.2016326407218256,0.0,0.0,epa_us06,PPO_seed42
105,15.7089,3484.39737846428,0.0,0.0,0.49517036327891284,25.018538193395802,0.188576634061548,0.0,0.03274809566225827,0.13937589513857118,0.0,0.0,epa_us06,PPO_seed42
106,15.367,2665.0821699637413,0.0,0.0,0.4951871383891087,25.018551655603908,0.14423504856690983,0.0,0.02504776475529832,0.10660328679854965,0.0,0.0,epa_us06,PPO_seed42
107,15.0251,2671.65511683221,0.0,0.0,0.49520395443149895,25.01856416098691,0.1445907784282575,0.0,0.025109540571731294,0.10686620467328839,0.0,0.0,epa_us06,PPO_seed42
108,14.636,3447.4496469556425,0.0,0.0,0.4952256529612583,25.018580250144037,0.18657701172020083,0.0,0.03240084254657559,0.1378979858782257,0.0,0.0,epa_us06,PPO_seed42
109,14.1607,4784.395398882746,0.0,0.0,0.495255765515887,25.018605837645577,0.2589329179034436,0.0,0.04496612216995062,0.19137581595530984,0.0,0.0,epa_us06,PPO_seed42
110,13.5752,6355.0881038580355,0.0,0.0,0.4952957626276987,25.01864701183308,0.34393927948548975,0.0,0.05972827165280108,0.2542035241543214,0.0,0.0,epa_us06,PPO_seed42
111,12.8743,7791.638943555532,0.0,0.0,0.49534479923893704,25.01870639435251,0.42168584297528355,0.0,0.07322968931913094,0.31166555774222127,0.0,0.0,epa_us06,PPO_seed42
112,12.0731,8764.79801075179,0.0,0.0,0.4953999582448576,25.018779992327634,0.4743535043713638,0.0,0.08237592115368224,0.35059192043007165,0.0,0.0,epa_us06,PPO_seed42
113,11.2037,9085.070766310228,0.0,0.0,0.495457130429157,25.018858027785644,0.4916867622248196,0.0,0.0853860034427653,0.3634028306524091,0.0,0.0,epa_us06,PPO_seed42
114,10.3101,8723.518594896024,0.0,0.0,0.4955120251004805,25.01892912063647,0.47211944997038774,0.0,0.0819879567189476,0.34894074379584095,0.0,0.0,epa_us06,PPO_seed42
115,9.4407,7800.418850972541,0.0,0.0,0.4955611090554888,25.01898509109728,0.42216101420526575,0.0,0.07331220724598253,0.3120167540389016,0.0,0.0,epa_us06,PPO_seed42
116,8.6395,6531.304115557659,0.0,0.0,0.4956022057198728,25.019023328978154,0.3534761430359702,0.0,0.06138443717629379,0.2612521646223064,0.0,0.0,epa_us06,PPO_seed42
117,7.9386,5148.56247188703,0.0,0.0,0.4956346008755731,25.019045911075775,0.2786417494183672,0.0,0.04838874503653224,0.20594249887548122,0.0,0.0,epa_us06,PPO_seed42
118,7.3531,3846.239090891495,0.0,0.0,0.49565880114793576,25.019057151312694,0.20815961636268404,0.0,0.036148863636198264,0.1538495636356598,0.0,0.0,epa_us06,PPO_seed42
119,6.8778,2768.361677554725,0.0,0.0,0.4956762191754959,25.01906147142237,0.1498245665792399,0.0,0.026018436819123355,0.110734467102189,0.0,0.0,epa_us06,PPO_seed42
120,6.4887,1999.5387753713785,0.0,0.0,0.4956887997366215,25.019062205416663,0.10821563988814421,0.0,0.018792657663264836,0.07998155101485514,0.0,0.0,epa_us06,PPO_seed42
121,6.1468,1580.4385803496798,0.0,0.0,0.495698743326114,25.019061437242875,0.08553381128839846,0.0,0.014853746055918044,0.06321754321398719,0.0,0.0,epa_us06,PPO_seed42
122,5.8049,1502.5381684355716,0.0,0.0,0.4957081967087256,25.019060378845914,0.0813178175669116,0.0,0.01412159932740199,0.06010152673742286,0.0,0.0,epa_us06,PPO_seed42
123,5.4158,1698.1002115741364,0.0,0.0,0.4957188804025921,25.01905985834683,0.0919016941572228,0.0,0.01595958845464414,0.06792400846296545,0.0,0.0,epa_us06,PPO_seed42
124,4.9405,2036.307511052878,0.0,0.0,0.49573169183519467,25.019060480818766,0.11020557492149334,0.0,0.01913822848733908,0.08145230044211511,0.0,0.0,epa_us06,PPO_seed42
125,4.355,2342.495375269025,0.0,0.0,0.4957464295075325,25.019062320518355,0.12677655421944692,0.0,0.022015933978092338,0.093699815010761,0.0,0.0,epa_us06,PPO_seed42
126,3.6541,2446.4299484044354,0.0,0.0,0.49576182091826165,25.019064583122788,0.1324015245760536,0.0,0.022992762672974017,0.09785719793617742,0.0,0.0,epa_us06,PPO_seed42
127,2.8529,2236.7826409339827,0.0,0.0,0.4957758932121813,25.019065876471235,0.12105534924393088,0.0,0.02102239324186074,0.0894713056373593,0.0,0.0,epa_us06,PPO_seed42
128,1.844,1878.411681059706,0.0,0.0,0.49578771077228534,25.01906574487005,0.10166020511479522,0.0,0.017654245122741597,0.07513646724238825,0.0,0.0,epa_us06,PPO_seed42
129,1.2294,710.3993791603084,0.0,0.0,0.49579218003828873,25.019062733122055,0.03844702805410451,0.0,0.006676685894363801,0.028415975166412335,0.0,0.0,epa_us06,PPO_seed42
130,0.6147,355.5625107950386,0.0,0.0,0.495794416945928,25.019059356174882,0.01924315002032096,0.0,0.003341752921006002,0.014222500431801543,0.0,0.0,epa_us06,PPO_seed42
131,0.0,0.0,0.0,0.0,0.495794416945928,25.0190558556594,0.0,0.0,0.0,0.0,0.0,0.0,epa_us06,PPO_seed42
132,0.6706,-802.0503840319424,0.0,0.0,0.49578937111856053,25.019052962244405,-0.0015076135038194407,0.0,0.007538067519097203,0.0,0.0,0.0,epa_us06,PPO_seed42
133,1.3411,-1604.83251162505,0.0,0.0,0.4957792748409978,25.019051900143246,-0.0030166024654606207,0.0,0.015083012327303103,0.0,0.0,0.0,epa_us06,PPO_seed42
134,2.0117,-2410.2718685372733,0.0,0.0,0.4957641113353383,25.019053906270177,-0.0045305862190550255,0.0,0.022652931095275126,0.0,0.0,0.0,epa_us06,PPO_seed42
135,2.4095,-1866.8851601781114,0.0,0.0,0.49575236629903624,25.01905373207998,-0.003509182631913743,0.0,0.017545913159568716,0.0,0.0,0.0,epa_us06,PPO_seed42
136,3.3528,-5453.471593830523,0.0,0.0,0.495718056981779,25.019078402932834,-0.010250886454568653,0.0,0.05125443227284326,0.0,0.0,0.0,epa_us06,PPO_seed42
137,4.2961,-7005.952204241971,0.0,0.0,0.4956739798022296,25.019121426837906,-0.013169083090680399,0.0,0.06584541545340199,0.0,0.0,0.0,epa_us06,PPO_seed42
138,5.1922,-8111.930601591994,0.0,0.0,0.4956229433384206,25.01918036692071,-0.015247989852616531,0.0,0.07623994926308265,0.0,0.0,0.0,epa_us06,PPO_seed42
139,6.0022,-8605.413994754932,0.0,0.0,0.49556880072436194,25.01924726394588,-0.01617559021570476,0.0,0.0808779510785238,0.0,0.0,0.0,epa_us06,PPO_seed42
140,6.7019,-8493.591390757809,0.0,0.0,0.49551536024635945,25.019312553891364,-0.015965397351048512,0.0,0.07982698675524257,0.0,0.0,0.0,epa_us06,PPO_seed42
141,7.2863,-7962.28861623966,0.0,0.0,0.4954652613804391,25.01936980541692,-0.014966707925262519,0.0,0.07483353962631259,0.0,0.0,0.0,epa_us06,PPO_seed42
142,7.7703,-7310.823702977732,0.0,0.0,0.49541926049684637,25.019417884848963,-0.013742149817627317,0.0,0.06871074908813658,0.0,0.0,0.0,epa_us06,PPO_seed42
143,8.1861,-6865.406824541207,0.0,0.0,0.49537606139167345,25.01946022405438,-0.01290490004613009,0.0,0.06452450023065044,0.0,0.0,0.0,epa_us06,PPO_seed42
144,8.5779,-6906.76807617648,0.0,0.0,0.4953326012602695,25.019503328555206,-0.012982646759730224,0.0,0.06491323379865112,0.0,0.0,0.0,epa_us06,PPO_seed42
145,8.9937,-7615.8309891715235,0.0,0.0,0.49528467859221487,25.01955641379342,-0.014315471784157,0.0,0.071577358920785,0.0,0.0,0.0,epa_us06,PPO_seed42
146,9.4777,-9080.808511137498,0.0,0.0,0.4952275364401544,25.01963292777328,-0.017069188930709585,0.0,0.08534594465354792,0.0,0.0,0.0,epa_us06,PPO_seed42
147,10.0621,-11279.538834944362,0.0,0.0,0.49515655680342047,25.019752184270345,-0.021202140667188653,0.0,0.10601070333594326,0.0,0.0,0.0,epa_us06,PPO_seed42
148,10.7618,-14085.96689396441,0.0,0.0,0.49506791420762464,25.01993934970226,-0.026477381379632355,0.0,0.13238690689816177,0.0,0.0,0.0,epa_us06,PPO_seed42
149,11.5718,-17254.29048313128,0.0,0.0,0.4949593291342799,25.020221274991503,-0.03243287684799113,0.0,0.16216438423995563,0.0,0.0,0.0,epa_us06,PPO_seed42
150,12.4679,-20417.67859692995,0.0,0.0,0.49483082979641774,25.020617114367052,-0.03837909510701118,0.0,0.1918954755350559,0.0,0.0,0.0,epa_us06,PPO_seed42
151,13.4112,-23138.962805153595,0.0,0.0,0.49468519536456806,25.02112669194434,-0.04349429098713082,0.0,0.2174714549356541,0.0,0.0,0.0,epa_us06,PPO_seed42
152,14.3545,-24986.781240413435,0.0,0.0,0.4945279204335419,25.021722462093955,-0.04696763391055157,0.0,0.23483816955275785,0.0,0.0,0.0,epa_us06,PPO_seed42
153,15.2506,-25663.953559628477,0.0,0.0,0.49436637164555863,25.022353148688964,-0.048240514209827966,0.0,0.2412025710491398,0.0,0.0,0.0,epa_us06,PPO_seed42
154,16.0606,-25114.66328213281,0.0,0.0,0.4942082692033678,25.022960175733903,-0.04720801368821957,0.0,0.23604006844109784,0.0,0.0,0.0,epa_us06,PPO_seed42
155,16.7603,-23558.653181201953,0.0,0.0,0.4940599521734235,25.02349833840204,-0.04428318267143225,0.0,0.2214159133571612,0.0,0.0,0.0,epa_us06,PPO_seed42
156,17.3447,-21471.794387920272,0.0,0.0,0.493924765137891,25.023950242803707,-0.040360515766767434,0.0,0.20180257883383715,0.0,0.0,0.0,epa_us06,PPO_seed42
157,17.8287,-19464.360121723465,0.0,0.0,0.4938022106904966,25.02432677359974,-0.036587143085946364,0.0,0.1829357154297318,0.0,0.0,0.0,epa_us06,PPO_seed42
158,18.2445,-18143.117758001226,0.0,0.0,0.4936879703630555,25.024658370950846,-0.03410360480827298,0.0,0.1705180240413649,0.0,0.0,0.0,epa_us06,PPO_seed42
159,18.6363,-17994.779634836283,0.0,0.0,0.49357465987486226,25.024986786955477,-0.03382477374969226,0.0,0.1691238687484613,0.0,0.0,0.0,epa_us06,PPO_seed42
160,19.0521,-19282.48998026363,0.0,0.0,0.4934532365604215,25.025362555985527,-0.03624528191778877,0.0,0.18122640958894387,0.0,0.0,0.0,epa_us06,PPO_seed42
161,19.5361,-22058.704372901517,0.0,0.0,0.49331432580104295,25.025849224846823,-0.041463730024250973,0.0,0.20731865012125486,0.0,0.0,0.0,epa_us06,PPO_seed42
162,20.1205,-26134.171929268177,0.0,0.0,0.4931497426866491,25.026524792768,-0.049124383325692064,0.0,0.2456219166284603,0.0,0.0,0.0,epa_us06,PPO_seed42
163,20.8202,-31126.6959189751,0.0,0.0,0.4929537067062923,25.027475068917813,-0.058508826915366734,0.0,0.29254413457683365,0.0,0.0,0.0,epa_us06,PPO_seed42
164,21.6302,-36484.73377402136,0.0,0.0,0.49272390831164464,25.02877384941038,-0.0685803266428973,0.0,0.34290163321448647,0.0,0.0,0.0,epa_us06,PPO_seed42
165,22.5263,-41535.537842756814,0.0,0.0,0.49246227330385556,25.030452987484843,-0.07807431925330229,0.0,0.3903715962665114,0.0,0.0,0.0,epa_us06,PPO_seed42
166,23.4696,-45594.7291638702,0.0,0.0,0.4921750383070831,25.032476063140102,-0.08570437812757557,0.0,0.4285218906378778,0.0,0.0,0.0,epa_us06,PPO_seed42
167,24.4129,-48073.41099563013,0.0,0.0,0.4918721523395895,25.034729634007505,-0.09036355450306416,0.0,0.4518177725153208,0.0,0.0,0.0,epa_us06,PPO_seed42
168,25.309,-48640.51408051085,0.0,0.0,0.4915656553944471,25.037046868751375,-0.09142953774532116,0.0,0.45714768872660577,0.0,0.0,0.0,epa_us06,PPO_seed42
169,26.119,-47336.561775564325,0.0,0.0,0.4912673385304023,25.039257654321847,-0.08897849957812844,0.0,0.44489249789064217,0.0,0.0,0.0,epa_us06,PPO_seed42
170,26.8187,-44585.24284035722,0.0,0.0,0.49098632848428214,25.041240559553327,-0.08380684744428049,0.0,0.41903423722140243,0.0,0.0,0.0,epa_us06,PPO_seed42
171,27.4031,-41150.695243485665,0.0,0.0,0.4907269392589363,25.04295517245756,-0.07735093090880764,0.0,0.3867546545440382,0.0,0.0,0.0,epa_us06,PPO_seed42
172,27.398,-16014.583787855134,0.0,0.0,0.4906259842154111,25.04331524888395,-0.030102601104990852,0.0,0.15051300552495425,0.0,0.0,0.0,epa_us06,PPO_seed42
173,27.3248,-13013.0538471282,0.0,0.0,0.49054395093432906,25.04359126775677,-0.024460627532195866,0.0,0.12230313766097932,0.0,0.0,0.0,epa_us06,PPO_seed42
174,27.2275,-11861.303547052607,0.0,0.0,0.4904691792178513,25.043837515491244,-0.02229568335912144,0.0,0.1114784167956072,0.0,0.0,0.0,epa_us06,PPO_seed42
175,27.1542,-12779.703158892364,0.0,0.0,0.49038861943455264,25.04410230240175,-0.02402199841897061,0.0,0.12010999209485304,0.0,0.0,0.0,epa_us06,PPO_seed42
176,27.1492,-15657.482283650264,0.0,0.0,0.49028992020969264,25.04444235641136,-0.02943135767603433,0.0,0.14715678838017165,0.0,0.0,0.0,epa_us06,PPO_seed42
177,27.2445,-20045.94475271811,0.0,0.0,0.4901635579902788,25.044930041206612,-0.03768034727954533,0.0,0.18840173639772662,0.0,0.0,0.0,epa_us06,PPO_seed42
178,27.4551,-25310.448893278066,0.0,0.0,0.4900040082031235,25.045645180494798,-0.04757603175428208,0.0,0.2378801587714104,0.0,0.0,0.0,epa_us06,PPO_seed42
179,27.7761,-30665.010540937274,0.0,0.0,0.4898106987679521,25.046647863483646,-0.0576409972574009,0.0,0.28820498628700447,0.0,0.0,0.0,epa_us06,PPO_seed42
180,28.1831,-35260.72955250409,0.0,0.0,0.48958840741575466,25.047943472954323,-0.06627956682801521,0.0,0.331397834140076,0.0,0.0,0.0,epa_us06,PPO_seed42
181,28.6374,-38369.35405229632,0.0,0.0,0.48934650315893385,25.049463686908478,-0.07212284596296302,0.0,0.36061422981481506,0.0,0.0,0.0,epa_us06,PPO_seed42
182,29.0916,-39420.34821448391,0.0,0.0,0.4890979546309823,25.05107019018076,-0.07409839889940584,0.0,0.3704919944970292,0.0,0.0,0.0,epa_us06,PPO_seed42
183,29.4987,-38222.998467411526,0.0,0.0,0.4888569374831435,25.052597485153935,-0.07184774148009686,0.0,0.35923870740048425,0.0,0.0,0.0,epa_us06,PPO_seed42
184,29.8196,-34972.93185403838,0.0,0.0,0.48863639869188197,25.05390722299555,-0.06573859371059847,0.0,0.3286929685529923,0.0,0.0,0.0,epa_us06,PPO_seed42
185,30.0303,-30294.08212417399,0.0,0.0,0.4884453540842114,25.05493352945779,-0.0569437633913045,0.0,0.28471881695652246,0.0,0.0,0.0,epa_us06,PPO_seed42
186,30.1256,-25083.537679893452,0.0,0.0,0.4882871629662083,25.0556898726723,-0.04714950691709296,0.0,0.23574753458546477,0.0,0.0,0.0,epa_us06,PPO_seed42
187,30.1205,-20369.71564586296,0.0,0.0,0.488158697526833,25.05624407155161,-0.03828893918395294,0.0,0.19144469591976468,0.0,0.0,0.0,epa_us06,PPO_seed42
188,30.0473,-17059.65787370978,0.0,0.0,0.4880511074044183,25.05667955133437,-0.032067026078401846,0.0,0.16033513039200922,0.0,0.0,0.0,epa_us06,PPO_seed42
189,29.95,-15779.173503491289,0.0,0.0,0.48795159387283243,25.057072452845503,-0.029660100570472348,0.0,0.14830050285236174,0.0,0.0,0.0,epa_us06,PPO_seed42
190,29.8767,-16779.18094960264,0.0,0.0,0.4878457750972959,25.05749314256166,-0.031539813815042554,0.0,0.15769906907521278,0.0,0.0,0.0,epa_us06,PPO_seed42
191,29.8716,-19940.02796394972,0.0,0.0,0.48772002346926474,25.05802160174596,-0.03748125557133406,0.0,0.1874062778566703,0.0,0.0,0.0,epa_us06,PPO_seed42
192,29.967,-24788.790521218572,0.0,0.0,0.487563692837427,25.058755297199145,-0.04659547090454619,0.0,0.23297735452273094,0.0,0.0,0.0,epa_us06,PPO_seed42
193,30.1776,-30594.803936572054,0.0,0.0,0.4873707428591105,25.05979615264673,-0.057509029955962514,0.0,0.28754514977981255,0.0,0.0,0.0,epa_us06,PPO_seed42
194,30.4985,-36500.96783865121,0.0,0.0,0.4871405359229155,25.06121809269053,-0.06861084180197595,0.0,0.34305420900987976,0.0,0.0,0.0,epa_us06,PPO_seed42
195,30.9056,-41584.979078105294,0.0,0.0,0.4868782493712609,25.063024814045427,-0.07816725390621297,0.0,0.3908362695310648,0.0,0.0,0.0,epa_us06,PPO_seed42
196,31.3599,-45018.56966947671,0.0,0.0,0.48659428504289526,25.06512430395192,-0.08462137155916676,0.0,0.42310685779583374,0.0,0.0,0.0,epa_us06,PPO_seed42
197,31.8141,-46200.544786767576,0.0,0.0,0.4863028403919605,25.067338240823258,-0.0868431292984353,0.0,0.4342156464921765,0.0,0.0,0.0,epa_us06,PPO_seed42
198,32.2212,-44923.182584265356,0.0,0.0,0.48601942906488577,25.069454048705296,-0.08444207252681458,0.0,0.4222103626340729,0.0,0.0,0.0,epa_us06,PPO_seed42
199,32.5421,-41403.3392420829,0.0,0.0,0.48575820282567,25.07129258656891,-0.07782582564301298,0.0,0.38912912821506485,0.0,0.0,0.0,epa_us06,PPO_seed42
200,32.7527,-36315.557240710965,0.0,0.0,0.48552906192422096,25.07276447967442,-0.06826232564043415,0.0,0.3413116282021707,0.0,0.0,0.0,epa_us06,PPO_seed42
201,32.8481,-30655.413068105223,0.0,0.0,0.4853356260165537,25.07388199772722,-0.05762295689493463,0.0,0.28811478447467315,0.0,0.0,0.0,epa_us06,PPO_seed42
202,32.843,-25509.75041377123,0.0,0.0,0.4851746552253778,25.07472720392268,-0.04795065867250232,0.0,0.23975329336251158,0.0,0.0,0.0,epa_us06,PPO_seed42
203,32.7698,-21889.25730888816,0.0,0.0,0.4850365294205834,25.075408579109748,-0.041145220505428876,0.0,0.20572610252714438,0.0,0.0,0.0,epa_us06,PPO_seed42
204,32.6724,-20472.23320208638,0.0,0.0,0.48490734609026054,25.07603011461463,-0.038481641357305224,0.0,0.19240820678652612,0.0,0.0,0.0,epa_us06,PPO_seed42
205,32.5992,-21562.279510954686,0.0,0.0,0.48477128578758877,25.076691768342776,-0.040530600584501295,0.0,0.20265300292250646,0.0,0.0,0.0,epa_us06,PPO_seed42
206,32.5941,-25005.357772906613,0.0,0.0,0.4846135002311504,25.077503272109276,-0.04700255220471168,0.0,0.2350127610235584,0.0,0.0,0.0,epa_us06,PPO_seed42
207,32.6895,-30308.301146477068,0.0,0.0,0.48442225148400875,25.078593294558726,-0.0569704908768366,0.0,0.284852454384183,0.0,0.0,0.0,epa_us06,PPO_seed42
208,32.9001,-36665.549845017864,0.0,0.0,0.4841908819778123,25.080091044722625,-0.06892020647559749,0.0,0.34460103237798745,0.0,0.0,0.0,epa_us06,PPO_seed42
209,33.221,-43136.199783987955,0.0,0.0,0.4839186681692288,25.08208655967381,-0.08108308230072925,0.0,0.4054154115036462,0.0,0.0,0.0,epa_us06,PPO_seed42
210,33.6281,-48710.20620906979,0.0,0.0,0.4836112582173286,25.084579621996756,-0.09156053798697329,0.0,0.45780268993486645,0.0,0.0,0.0,epa_us06,PPO_seed42
211,34.0823,-52479.39360899067,0.0,0.0,0.48328003242705336,25.087449533950647,-0.09864547670862908,0.0,0.4932273835431454,0.0,0.0,0.0,epa_us06,PPO_seed42
212,34.5366,-53815.14974653644,0.0,0.0,0.4829403430200392,25.090470864328665,-0.10115629651604595,0.0,0.5057814825802297,0.0,0.0,0.0,epa_us06,PPO_seed42
213,34.9436,-52457.282345566666,0.0,0.0,0.48260919188139806,25.093371875741177,-0.098603914183396,0.0,0.49301957091697995,0.0,0.0,0.0,epa_us06,PPO_seed42
214,35.2646,-48687.23904004609,0.0,0.0,0.48230181201821115,25.095925735733008,-0.091517366616628,0.0,0.45758683308313997,0.0,0.0,0.0,epa_us06,PPO_seed42
215,35.4752,-43195.405065747815,0.0,0.0,0.48202908332205535,25.09801205937683,-0.08119437042433801,0.0,0.40597185212169,0.0,0.0,0.0,epa_us06,PPO_seed42
216,35.5705,-37072.79733171453,0.0,0.0,0.48179499892430494,25.099639101646773,-0.0696857092701401,0.0,0.3484285463507005,0.0,0.0,0.0,epa_us06,PPO_seed42
217,35.5655,-31511.165479440984,0.0,0.0,0.48159602529323653,25.100906960683318,-0.0592315140590996,0.0,0.296157570295498,0.0,0.0,0.0,epa_us06,PPO_seed42
218,35.4922,-27567.050807711857,0.0,0.0,0.4814219542290606,25.10195286134718,-0.05181776467615012,0.0,0.25908882338075057,0.0,0.0,0.0,epa_us06,PPO_seed42
219,35.3949,-26027.01771512104,0.0,0.0,0.48125760794294453,25.102917304533502,-0.04892296562992677,0.0,0.24461482814963384,0.0,0.0,0.0,epa_us06,PPO_seed42
220,35.3217,-27190.22534636534,0.0,0.0,0.4810859178139749,25.103936892817195,-0.05110944613978448,0.0,0.2555472306989224,0.0,0.0,0.0,epa_us06,PPO_seed42
221,35.3166,-30920.049442908574,0.0,0.0,0.4808906764961701,25.10516011049495,-0.05812039368967778,0.0,0.29060196844838887,0.0,0.0,0.0,epa_us06,PPO_seed42
222,35.1909,-24025.4306082386,0.0,0.0,0.48073896880481015,25.10602231330166,-0.04516058385007256,0.0,0.22580291925036278,0.0,0.0,0.0,epa_us06,PPO_seed42
223,35.1806,-30318.76537971086,0.0,0.0,0.48054752456026467,25.10720533555988,-0.056990160488178315,0.0,0.28495080244089155,0.0,0.0,0.0,epa_us06,PPO_seed42
224,35.2805,-36598.23914865003,0.0,0.0,0.48031642705949834,25.108788322645456,-0.06879368261024442,0.0,0.34396841305122206,0.0,0.0,0.0,epa_us06,PPO_seed42
225,35.4666,-41820.58292131965,0.0,0.0,0.4800523449676818,25.11076561908273,-0.07861011827315724,0.0,0.3930505913657862,0.0,0.0,0.0,epa_us06,PPO_seed42
226,35.6999,-45064.16097089723,0.0,0.0,0.4797677667634767,25.113019248430387,-0.08470706949416773,0.0,0.42353534747083865,0.0,0.0,0.0,epa_us06,PPO_seed42
227,35.8973,-43605.95931184617,0.0,0.0,0.47949238061295774,25.115159685824217,-0.08196608893204167,0.0,0.40983044466020835,0.0,0.0,0.0,epa_us06,PPO_seed42
228,35.8973,-32583.09505851274,0.0,0.0,0.47928659659513967,25.11650843119501,-0.061246419282918685,0.0,0.3062320964145934,0.0,0.0,0.0,epa_us06,PPO_seed42
229,35.8973,-32583.09505851274,0.0,0.0,0.47908080985204093,25.11785740861809,-0.061246419282918685,0.0,0.3062320964145934,0.0,0.0,0.0,epa_us06,PPO_seed42
230,35.8973,-32583.09505851274,0.0,0.0,0.4788750203964532,25.119206603354947,-0.061246419282918685,0.0,0.3062320964145934,0.0,0.0,0.0,epa_us06,PPO_seed42
231,35.8973,-32583.095058512736,0.0,0.0,0.4786692282407406,25.120556001140738,-0.06124641928291868,0.0,0.30623209641459337,0.0,0.0,0.0,epa_us06,PPO_seed42
232,35.8571,-30243.736401078364,0.0,0.0,0.4784782087872473,25.12176549493236,-0.05684912857345558,0.0,0.2842456428672779,0.0,0.0,0.0,epa_us06,PPO_seed42
233,35.5629,-15506.444868564833,0.0,0.0,0.4783802696025091,25.12233074943618,-0.029147452760460213,0.0,0.14573726380230106,0.0,0.0,0.0,epa_us06,PPO_seed42
234,35.2445,-13575.257114929673,0.0,0.0,0.4782945318543888,25.122830136892112,-0.025517400591973074,0.0,0.12758700295986536,0.0,0.0,0.0,epa_us06,PPO_seed42
235,34.9503,-14354.696772209083,0.0,0.0,0.47820387605089015,25.123337162265635,-0.026982512729716326,0.0,0.13491256364858162,0.0,0.0,0.0,epa_us06,PPO_seed42
236,34.7243,-17625.343938958456,0.0,0.0,0.478092570001256,25.123931967960594,-0.03313034574992191,0.0,0.16565172874960954,0.0,0.0,0.0,epa_us06,PPO_seed42
237,34.5986,-22783.032042188,0.0,0.0,0.47794869743341684,25.124716324082925,-0.042825248199601505,0.0,0.2141262409980075,0.0,0.0,0.0,epa_us06,PPO_seed42
238,34.5883,-28970.790712165017,0.0,0.0,0.4777657524327493,25.12580072138084,-0.054456373519107176,0.0,0.27228186759553585,0.0,0.0,0.0,epa_us06,PPO_seed42
239,34.6882,-35141.463708414034,0.0,0.0,0.4775438390485249,25.127261423360146,-0.0660553829105527,0.0,0.3302769145527635,0.0,0.0,0.0,epa_us06,PPO_seed42
240,34.8743,-40270.79306349479,0.0,0.0,0.477289527140653,25.129094348852362,-0.07569697944265939,0.0,0.3784848972132969,0.0,0.0,0.0,epa_us06,PPO_seed42
241,35.1075,-43448.01060583415,0.0,0.0,0.47701513806223567,25.131187895786564,-0.08166919286810931,0.0,0.4083459643405465,0.0,0.0,0.0,epa_us06,PPO_seed42
242,35.3408,-44082.585337246055,0.0,0.0,0.47673672554918706,25.133343633125225,-0.08286200251362041,0.0,0.414310012568102,0.0,0.0,0.0,epa_us06,PPO_seed42
243,35.5269,-41980.802781805374,0.0,0.0,0.4764715719271886,25.135336476324127,-0.0789112834244462,0.0,0.39455641712223094,0.0,0.0,0.0,epa_us06,PPO_seed42
244,35.6268,-37470.08347798457,0.0,0.0,0.47623489669615626,25.136995454126364,-0.0704324877405725,0.0,0.35216243870286246,0.0,0.0,0.0,epa_us06,PPO_seed42
245,35.6165,-31338.47661861134,0.0,0.0,0.4760369446483268,25.138256449510482,-0.05890691093723937,0.0,0.2945345546861968,0.0,0.0,0.0,epa_us06,PPO_seed42
246,35.4908,-24671.002234894953,0.0,0.0,0.4758811066799017,25.13916100431384,-0.04637406435130631,0.0,0.23187032175653152,0.0,0.0,0.0,epa_us06,PPO_seed42
247,35.2648,-18681.38015616569,0.0,0.0,0.4757631045944118,25.139812732483303,-0.03511537623339416,0.0,0.1755768811669708,0.0,0.0,0.0,epa_us06,PPO_seed42
248,34.9705,-14386.495261486398,0.0,0.0,0.47567223445860546,25.140319697296384,-0.027042284326102253,0.0,0.13521142163051125,0.0,0.0,0.0,epa_us06,PPO_seed42
249,34.6522,-12511.896320404492,0.0,0.0,0.47559320867703975,25.140766623365284,-0.02351860210602348,0.0,0.1175930105301174,0.0,0.0,0.0,epa_us06,PPO_seed42
250,34.358,-13284.969323379373,0.0,0.0,0.4755093044933204,25.141219887618053,-0.02497174684845747,0.0,0.12485873424228734,0.0,0.0,0.0,epa_us06,PPO_seed42
251,34.1319,-16503.54141228015,0.0,0.0,0.4754050776468309,25.141753035043187,-0.031021694383985245,0.0,0.15510847191992622,0.0,0.0,0.0,epa_us06,PPO_seed42
252,34.0063,-21588.59701326748,0.0,0.0,0.4752687412201758,25.142462007164415,-0.04058006957381106,0.0,0.20290034786905528,0.0,0.0,0.0,epa_us06,PPO_seed42
253,33.9959,-27659.971938083054,0.0,0.0,0.4750940654883522,25.143450909954034,-0.051992428455043344,0.0,0.2599621422752167,0.0,0.0,0.0,epa_us06,PPO_seed42
254,34.0959,-33732.77625509101,0.0,0.0,0.4748810379099519,25.144794298007376,-0.06340747416370492,0.0,0.31703737081852457,0.0,0.0,0.0,epa_us06,PPO_seed42
255,34.282,-38764.01692033865,0.0,0.0,0.4746362304190948,25.14648856044216,-0.07286469345928318,0.0,0.36432346729641585,0.0,0.0,0.0,epa_us06,PPO_seed42
256,34.5152,-41880.99047352976,0.0,0.0,0.47437172628129,25.148428983351018,-0.07872366630362737,0.0,0.39361833151813685,0.0,0.0,0.0,epa_us06,PPO_seed42
257,34.7485,-42498.50438487199,0.0,0.0,0.4741033074038832,25.150427664079388,-0.07988440673848118,0.0,0.3994220336924059,0.0,0.0,0.0,epa_us06,PPO_seed42
258,34.9346,-40426.592874853915,0.0,0.0,0.4738479603853837,25.152271411849462,-0.07598983623092842,0.0,0.37994918115464205,0.0,0.0,0.0,epa_us06,PPO_seed42
259,35.0345,-35987.95498879079,0.0,0.0,0.47362063846308855,25.1537989959197,-0.06764653193381728,0.0,0.3382326596690864,0.0,0.0,0.0,epa_us06,PPO_seed42
260,35.0241,-29952.96170258749,0.0,0.0,0.4734314314647192,25.15495101497955,-0.056302559591329876,0.0,0.28151279795664935,0.0,0.0,0.0,epa_us06,PPO_seed42
261,34.8985,-23412.146720722667,0.0,0.0,0.4732835402090086,25.15576967926561,-0.04400779458782456,0.0,0.2200389729391228,0.0,0.0,0.0,epa_us06,PPO_seed42
262,34.6724,-17520.433073408458,0.0,0.0,0.47317286763644584,25.156353271186752,-0.03293314487482793,0.0,0.16466572437413965,0.0,0.0,0.0,epa_us06,PPO_seed42
263,34.3782,-13320.74954945833,0.0,0.0,0.47308872635938837,25.156804364894047,-0.025039002912515665,0.0,0.1251950145625783,0.0,0.0,0.0,epa_us06,PPO_seed42
264,34.0599,-11485.792826203195,0.0,0.0,0.4730161791227719,25.157200617672533,-0.021589836139479693,0.0,0.10794918069739845,0.0,0.0,0.0,epa_us06,PPO_seed42
265,33.7657,-12257.618788454773,0.0,0.0,0.4729387608589541,25.157602250528637,-0.023040636820403707,0.0,0.11520318410201853,0.0,0.0,0.0,epa_us06,PPO_seed42
266,33.5396,-15429.430535949541,0.0,0.0,0.472841314274915,25.158076630557254,-0.029002688977348763,0.0,0.1450134448867438,0.0,0.0,0.0,epa_us06,PPO_seed42
267,33.414,-20430.723109517512,0.0,0.0,0.47271228583806363,25.158713571030443,-0.03840361486751412,0.0,0.1920180743375706,0.0,0.0,0.0,epa_us06,PPO_seed42
268,33.4036,-26396.68781362948,0.0,0.0,0.47254558250173023,25.159611948438656,-0.049617834236145644,0.0,0.2480891711807282,0.0,0.0,0.0,epa_us06,PPO_seed42
269,33.5035,-32355.306710720648,0.0,0.0,0.47234124742048517,25.160843122269906,-0.060818245696843326,0.0,0.3040912284842166,0.0,0.0,0.0,epa_us06,PPO_seed42
270,33.6896,-37299.28022683943,0.0,0.0,0.4721056830896058,25.162405498558353,-0.07011142899781848,0.0,0.3505571449890924,0.0,0.0,0.0,epa_us06,PPO_seed42
271,33.9229,-40361.818040052305,0.0,0.0,0.4718507661139866,25.164200694925142,-0.07586807902265472,0.0,0.37934039511327355,0.0,0.0,0.0,epa_us06,PPO_seed42
272,34.1561,-40951.71218293242,0.0,0.0,0.4715921096862157,25.166049633425043,-0.07697690259949702,0.0,0.3848845129974851,0.0,0.0,0.0,epa_us06,PPO_seed42
273,34.3422,-38915.219525231136,0.0,0.0,0.4713463027113501,25.16775177180968,-0.0731489088820134,0.0,0.36574454441006704,0.0,0.0,0.0,epa_us06,PPO_seed42
274,34.4422,-34554.39547936747,0.0,0.0,0.4711280307994041,25.16915514573117,-0.06495187120181856,0.0,0.3247593560090928,0.0,0.0,0.0,epa_us06,PPO_seed42
275,34.4318,-28616.422242141773,0.0,0.0,0.4709472623514123,25.170204416311485,-0.053790267372446944,0.0,0.2689513368622347,0.0,0.0,0.0,epa_us06,PPO_seed42
276,34.3062,-22190.813978216054,0.0,0.0,0.4708070830193282,25.170941794985392,-0.041712056350030176,0.0,0.20856028175015087,0.0,0.0,0.0,epa_us06,PPO_seed42
277,34.0801,-16407.935017524596,0.0,0.0,0.4707034356233857,25.171461417415863,-0.030841983115647738,0.0,0.15420991557823868,0.0,0.0,0.0,epa_us06,PPO_seed42
278,33.7859,-12291.9658103166,0.0,0.0,0.4706257910602838,25.17185984235317,-0.02310519889157256,0.0,0.11552599445786278,0.0,0.0,0.0,epa_us06,PPO_seed42
279,33.4676,-10501.698571477522,0.0,0.0,0.47055945818713385,25.172208513498443,-0.019740034908792337,0.0,0.09870017454396167,0.0,0.0,0.0,epa_us06,PPO_seed42
280,33.1733,-11266.591393069537,0.0,0.0,0.4704882976236845,25.172561620413767,-0.021177803370431462,0.0,0.1058890168521573,0.0,0.0,0.0,epa_us06,PPO_seed42
281,32.9473,-14401.812300315001,0.0,0.0,0.4703973390757987,25.17298107964054,-0.027071075752471807,0.0,0.13535537876235904,0.0,0.0,0.0,epa_us06,PPO_seed42
282,32.7973,-18024.094005269548,0.0,0.0,0.4702835069465462,25.17350458708739,-0.03387987594975479,0.0,0.16939937974877395,0.0,0.0,0.0,epa_us06,PPO_seed42
283,32.7625,-23832.21066608439,0.0,0.0,0.4701329964229233,25.174254453843783,-0.04479738847008344,0.0,0.2239869423504172,0.0,0.0,0.0,epa_us06,PPO_seed42
284,32.8381,-29622.027931449113,0.0,0.0,0.46994592060055396,25.17529767503476,-0.05568050363054344,0.0,0.2784025181527172,0.0,0.0,0.0,epa_us06,PPO_seed42
285,32.9998,-34393.5209354789,0.0,0.0,0.46972870612524303,25.176633982262135,-0.0646494754426295,0.0,0.3232473772131475,0.0,0.0,0.0,epa_us06,PPO_seed42
286,33.2087,-37318.635599426445,0.0,0.0,0.46949300903026236,25.178175079673213,-0.07014781127711738,0.0,0.3507390563855869,0.0,0.0,0.0,epa_us06,PPO_seed42
287,33.4176,-37825.9266444238,0.0,0.0,0.4692540967496325,25.17975908922871,-0.07110136587297708,0.0,0.35550682936488537,0.0,0.0,0.0,epa_us06,PPO_seed42
288,33.5793,-35756.649404801334,0.0,0.0,0.46902824345942057,25.181204705090327,-0.06721174700150627,0.0,0.3360587350075313,0.0,0.0,0.0,epa_us06,PPO_seed42
289,33.6548,-31424.413977362346,0.0,0.0,0.46882974650079,25.18237812302965,-0.05906844732586908,0.0,0.2953422366293454,0.0,0.0,0.0,epa_us06,PPO_seed42
290,33.6201,-25582.792981036673,0.0,0.0,0.46866814525127837,25.183236379442434,-0.04808795673127195,0.0,0.2404397836563597,0.0,0.0,0.0,epa_us06,PPO_seed42
291,33.4701,-19268.237188525192,0.0,0.0,0.46854643146632546,25.183823120332917,-0.03621849095587442,0.0,0.1810924547793721,0.0,0.0,0.0,epa_us06,PPO_seed42
292,33.2197,-13610.852221621946,0.0,0.0,0.4684604559843562,25.184227066331207,-0.0255843086872593,0.0,0.1279215434362965,0.0,0.0,0.0,epa_us06,PPO_seed42
293,32.9011,-9583.747335898137,0.0,0.0,0.4683999207891901,25.184533211208226,-0.018014562661462664,0.0,0.09007281330731332,0.0,0.0,0.0,epa_us06,PPO_seed42
294,32.5584,-7835.370956032747,0.0,0.0,0.4683504316447779,25.18479954231172,-0.014728140894798398,0.0,0.07364070447399199,0.0,0.0,0.0,epa_us06,PPO_seed42
295,32.2398,-8577.329411179078,0.0,0.0,0.46829625920510687,25.185066234684655,-0.016122799645073457,0.0,0.08061399822536727,0.0,0.0,0.0,epa_us06,PPO_seed42
296,31.9893,-11597.831701440206,0.0,0.0,0.46822301369629543,25.185380816130362,-0.021800435529022943,0.0,0.10900217764511472,0.0,0.0,0.0,epa_us06,PPO_seed42
297,31.8393,-16342.369809353748,0.0,0.0,0.468119808278298,25.185813813019877,-0.030718740243146143,0.0,0.1535937012157307,0.0,0.0,0.0,epa_us06,PPO_seed42
298,31.8046,-21987.73388496788,0.0,0.0,0.4679809540754243,25.18644816150701,-0.04133032685144339,0.0,0.20665163425721694,0.0,0.0,0.0,epa_us06,PPO_seed42
299,31.8801,-27594.706555707653,0.0,0.0,0.4678066913938836,25.187345952379285,-0.05186974916486401,0.0,0.25934874582432005,0.0,0.0,0.0,epa_us06,PPO_seed42
300,32.0419,-32230.388296832374,0.0,0.0,0.46760314995612495,25.1885097634558,-0.06058343664818116,0.0,0.3029171832409058,0.0,0.0,0.0,epa_us06,PPO_seed42
301,32.2507,-35051.98758995187,0.0,0.0,0.4673817816025364,25.189858838989633,-0.06588719471795464,0.0,0.32943597358977317,0.0,0.0,0.0,epa_us06,PPO_seed42
302,32.4596,-35541.193509825236,0.0,0.0,0.4671573136143855,25.191246712345247,-0.06680675471771662,0.0,0.33403377358858305,0.0,0.0,0.0,epa_us06,PPO_seed42
303,32.6213,-33524.27170918917,0.0,0.0,0.46694557427608296,25.192507857963307,-0.06301554832554356,0.0,0.31507774162771773,0.0,0.0,0.0,epa_us06,PPO_seed42
304,32.6969,-29317.36786047244,0.0,0.0,0.4667603988193383,25.19352170477416,-0.05510783432419632,0.0,0.27553917162098157,0.0,0.0,0.0,epa_us06,PPO_seed42
305,32.6622,-23638.740944306333,0.0,0.0,0.46661108765932763,25.194250941762455,-0.04443372357952319,0.0,0.2221686178976159,0.0,0.0,0.0,epa_us06,PPO_seed42
306,32.5122,-17512.693552609904,0.0,0.0,0.4665004707416114,25.194738455059618,-0.03291859690340208,0.0,0.16459298451701038,0.0,0.0,0.0,epa_us06,PPO_seed42
307,32.2617,-12027.448762145234,0.0,0.0,0.4664245022372327,25.19506653125322,-0.02260798639500984,0.0,0.11303993197504919,0.0,0.0,0.0,epa_us06,PPO_seed42
308,31.9431,-8141.957739159317,0.0,0.0,0.46637307746321727,25.195311963659403,-0.015304431840525032,0.0,0.07652215920262516,0.0,0.0,0.0,epa_us06,PPO_seed42
309,31.6004,-6466.720947240709,0.0,0.0,0.46633223557067494,25.19552431987779,-0.01215549050233216,0.0,0.0607774525116608,0.0,0.0,0.0,epa_us06,PPO_seed42
310,31.2818,-7207.01764417412,0.0,0.0,0.46628672065588755,25.19573617962217,-0.013547025646943834,0.0,0.06773512823471917,0.0,0.0,0.0,epa_us06,PPO_seed42
311,31.0314,-10157.699583443302,0.0,0.0,0.46622257431779596,25.195987696175404,-0.01909342026963027,0.0,0.09546710134815134,0.0,0.0,0.0,epa_us06,PPO_seed42
312,30.8814,-14763.538783031632,0.0,0.0,0.46612934541491796,25.196341480345446,-0.027751012750059464,0.0,0.1387550637502973,0.0,0.0,0.0,epa_us06,PPO_seed42
313,30.8466,-20235.78544292239,0.0,0.0,0.46600156291845896,25.19687340478164,-0.038037190682184946,0.0,0.19018595341092473,0.0,0.0,0.0,epa_us06,PPO_seed42
314,30.9222,-25680.363785943773,0.0,0.0,0.4658393996990328,25.197642203255818,-0.04827136049989431,0.0,0.24135680249947156,0.0,0.0,0.0,epa_us06,PPO_seed42
315,31.0839,-30160.44253969643,0.0,0.0,0.4656489426017853,25.198650937834334,-0.05669256116484292,0.0,0.28346280582421457,0.0,0.0,0.0,epa_us06,PPO_seed42
316,31.2928,-32899.65406151942,0.0,0.0,0.46544118079533,25.19982816112182,-0.06184145500285605,0.0,0.30920727501428025,0.0,0.0,0.0,epa_us06,PPO_seed42
317,31.5017,-33361.41765384734,0.0,0.0,0.4652304938488423,25.201039821289385,-0.06270943168016417,0.0,0.31354715840082087,0.0,0.0,0.0,epa_us06,PPO_seed42
318,31.6634,-31397.367491305173,0.0,0.0,0.46503220177095367,25.20213568900424,-0.05901760806636311,0.0,0.2950880403318155,0.0,0.0,0.0,epa_us06,PPO_seed42
319,31.739,-27310.56528706509,0.0,0.0,0.46485971397847875,25.20300709935281,-0.05133564903583663,0.0,0.25667824517918314,0.0,0.0,0.0,epa_us06,PPO_seed42
320,31.7042,-21794.937380387742,0.0,0.0,0.4647220588884446,25.203622189600402,-0.040967927406743876,0.0,0.20483963703371938,0.0,0.0,0.0,epa_us06,PPO_seed42
321,31.5542,-15861.865864234316,0.0,0.0,0.464621876507524,25.204023047128835,-0.029815537338786308,0.0,0.14907768669393154,0.0,0.0,0.0,epa_us06,PPO_seed42
322,31.3038,-10558.32737322389,0.0,0.0,0.46455519219167873,25.20428586877902,-0.019846480024856936,0.0,0.09923240012428468,0.0,0.0,0.0,epa_us06,PPO_seed42
323,30.9852,-6803.371138276922,0.0,0.0,0.4645122250426309,25.20447941997689,-0.012788291613302485,0.0,0.06394145806651243,0.0,0.0,0.0,epa_us06,PPO_seed42
324,30.6425,-5200.160707139739,0.0,0.0,0.46447938468911243,25.204645885151262,-0.0097747381713153,0.0,0.048873690856576495,0.0,0.0,0.0,epa_us06,PPO_seed42
325,30.3239,-5937.767976346679,0.0,0.0,0.4644418881424277,25.204811100285088,-0.011161218000651653,0.0,0.05580609000325826,0.0,0.0,0.0,epa_us06,PPO_seed42
326,30.0734,-8807.883880593181,0.0,0.0,0.46438626973670144,25.205008453832495,-0.01655617270788192,0.0,0.0827808635394096,0.0,0.0,0.0,epa_us06,PPO_seed42
327,29.9234,-13284.180440582495,0.0,0.0,0.4643023883264266,25.20529369692707,-0.024970263986057326,0.0,0.12485131993028661,0.0,0.0,0.0,epa_us06,PPO_seed42
328,29.8887,-18593.131147010066,0.0,0.0,0.46418498649466966,25.20573631459881,-0.03494949463723697,0.0,0.17474747318618483,0.0,0.0,0.0,epa_us06,PPO_seed42
329,29.9643,-23860.815521412642,0.0,0.0,0.46403432321093613,25.20639083437137,-0.044851156995136546,0.0,0.22425578497568271,0.0,0.0,0.0,epa_us06,PPO_seed42
330,30.126,-28195.97723784198,0.0,0.0,0.4638562833656345,25.20726177735766,-0.05299995721398868,0.0,0.2649997860699434,0.0,0.0,0.0,epa_us06,PPO_seed42
331,30.3349,-30843.252928428497,0.0,0.0,0.46366152120239823,25.208285126034113,-0.05797603933915131,0.0,0.28988019669575654,0.0,0.0,0.0,epa_us06,PPO_seed42
332,30.5437,-31278.301877238715,0.0,0.0,0.4634640036807683,25.20933895989997,-0.05879380052112541,0.0,0.29396900260562703,0.0,0.0,0.0,epa_us06,PPO_seed42
333,30.7055,-29377.38439442627,0.0,0.0,0.46327848235010055,25.210287783641537,-0.05522064735794412,0.0,0.2761032367897206,0.0,0.0,0.0,epa_us06,PPO_seed42
334,30.781,-25401.169576292483,0.0,0.0,0.46311806572921127,25.211032828094165,-0.04774655935393324,0.0,0.2387327967696662,0.0,0.0,0.0,epa_us06,PPO_seed42
335,30.7463,-20063.47106937184,0.0,0.0,0.46299135591551827,25.211548250032898,-0.037713291483781664,0.0,0.1885664574189083,0.0,0.0,0.0,epa_us06,PPO_seed42
336,30.5963,-14313.0083525125,0.0,0.0,0.46290096279731574,25.211874143815184,-0.02690415103855733,0.0,0.13452075519278664,0.0,0.0,0.0,epa_us06,PPO_seed42
337,30.3458,-9180.313509830738,0.0,0.0,0.46284298608736224,25.212081117290484,-0.01725622840193748,0.0,0.08628114200968738,0.0,0.0,0.0,epa_us06,PPO_seed42
338,30.0272,-5564.617208178824,0.0,0.0,0.4628078449748206,25.21223091190063,-0.010459806782291022,0.0,0.05229903391145511,0.0,0.0,0.0,epa_us06,PPO_seed42
339,29.6845,-4032.3349490453083,0.0,0.0,0.46278238159496704,25.21235889759449,-0.0075795769718896774,0.0,0.03789788485944839,0.0,0.0,0.0,epa_us06,PPO_seed42
340,29.3659,-4766.224559486273,0.0,0.0,0.4627522854010174,25.212484960099456,-0.00895906872083886,0.0,0.0447953436041943,0.0,0.0,0.0,epa_us06,PPO_seed42
341,29.1155,-7564.58537028469,0.0,0.0,0.46270452128820255,25.212636633729264,-0.01421914543286596,0.0,0.0710957271643298,0.0,0.0,0.0,epa_us06,PPO_seed42
342,28.9655,-11901.513213761678,0.0,0.0,0.4626293757428645,25.212863137568707,-0.022371265439401652,0.0,0.11185632719700825,0.0,0.0,0.0,epa_us06,PPO_seed42
343,28.9308,-17042.09809829783,0.0,0.0,0.46252177488470314,25.213227982051777,-0.032034018981762835,0.0,0.16017009490881418,0.0,0.0,0.0,epa_us06,PPO_seed42
344,29.0063,-22133.24373314619,0.0,0.0,0.4623820294888816,25.21378182598851,-0.04160384160365826,0.0,0.20801920801829127,0.0,0.0,0.0,epa_us06,PPO_seed42
345,29.168,-26328.507093388107,0.0,0.0,0.46221579303230437,25.214530633438418,-0.04948967498757163,0.0,0.24744837493785815,0.0,0.0,0.0,epa_us06,PPO_seed42
346,29.3769,-28884.511362667297,0.0,0.0,0.46203341232489464,25.21541701880161,-0.05429419429072801,0.0,0.27147097145364,0.0,0.0,0.0,epa_us06,PPO_seed42
347,29.5858,-29303.44339190673,0.0,0.0,0.4618483790153337,25.216330866853344,-0.05508166051110289,0.0,0.2754083025555144,0.0,0.0,0.0,epa_us06,PPO_seed42
348,29.7475,-27446.707072099616,0.0,0.0,0.46167506283792037,25.21714867648579,-0.051591554646803796,0.0,0.25795777323401897,0.0,0.0,0.0,epa_us06,PPO_seed42
349,29.8231,-23600.85240511908,0.0,0.0,0.4615260269433476,25.217782819471623,-0.04436250452090053,0.0,0.22181252260450263,0.0,0.0,0.0,epa_us06,PPO_seed42
350,29.7883,-18421.459598214158,0.0,0.0,0.46140969596547304,25.218211062384636,-0.03462680375604165,0.0,0.17313401878020826,0.0,0.0,0.0,epa_us06,PPO_seed42
351,29.6383,-12862.706789895707,0.0,0.0,0.46132846832536445,25.218472600854046,-0.024178020281758847,0.0,0.12089010140879423,0.0,0.0,0.0,epa_us06,PPO_seed42
352,29.4837,-12426.730621091,0.0,0.0,0.46124999535104294,25.218720077889916,-0.023358516205058272,0.0,0.11679258102529134,0.0,0.0,0.0,epa_us06,PPO_seed42
353,29.2609,-9004.161360421818,0.0,0.0,0.4611931365184272,25.218894071301097,-0.016925115339138756,0.0,0.08462557669569377,0.0,0.0,0.0,epa_us06,PPO_seed42
354,29.014,-7595.871138619364,0.0,0.0,0.46114517213752093,25.219040812499138,-0.014277953268081511,0.0,0.07138976634040756,0.0,0.0,0.0,epa_us06,PPO_seed42
355,28.7912,-8399.61773239255,0.0,0.0,0.4610921343115906,25.219194451967358,-0.01578875513607622,0.0,0.0789437756803811,0.0,0.0,0.0,epa_us06,PPO_seed42
356,28.6365,-11238.972262039555,0.0,0.0,0.46102117008232046,25.219396490196054,-0.02112588771060067,0.0,0.10562943855300334,0.0,0.0,0.0,epa_us06,PPO_seed42
357,28.5823,-15634.126612298614,0.0,0.0,0.46092245624937944,25.219707768307167,-0.02938745603815529,0.0,0.14693728019077645,0.0,0.0,0.0,epa_us06,PPO_seed42
358,28.6434,-20863.584924915165,0.0,0.0,0.46079072408022514,25.220199593202825,-0.03921726489645708,0.0,0.19608632448228538,0.0,0.0,0.0,epa_us06,PPO_seed42
359,28.8147,-26094.02224785446,0.0,0.0,0.46062596455525634,25.22092638713808,-0.04904891399972643,0.0,0.24524456999863214,0.0,0.0,0.0,epa_us06,PPO_seed42
360,29.0722,-30479.391218111647,0.0,0.0,0.46043350910283753,25.221892761369794,-0.05729208875584896,0.0,0.2864604437792448,0.0,0.0,0.0,epa_us06,PPO_seed42
361,29.3769,-33262.32228266732,0.0,0.0,0.4602234714076286,25.2230332488749,-0.0625231621854649,0.0,0.3126158109273245,0.0,0.0,0.0,epa_us06,PPO_seed42
362,29.6816,-33920.29671986363,0.0,0.0,0.46000926682376,25.2242221621662,-0.06375995624034518,0.0,0.31879978120172586,0.0,0.0,0.0,epa_us06,PPO_seed42
363,29.9391,-32285.700820966336,0.0,0.0,0.4598053729704585,25.225314491936796,-0.060687407558207396,0.0,0.303437037791037,0.0,0.0,0.0,epa_us06,PPO_seed42
364,30.1104,-28614.44596630237,0.0,0.0,0.4596246551759104,25.226199425452673,-0.053786552568237535,0.0,0.26893276284118767,0.0,0.0,0.0,epa_us06,PPO_seed42
365,30.1715,-23565.561409266313,0.0,0.0,0.4594758188675909,25.226837078283413,-0.044296168062530665,0.0,0.2214808403126533,0.0,0.0,0.0,epa_us06,PPO_seed42
366,30.1173,-18063.857376156604,0.0,0.0,0.4593617284766886,25.227257711776407,-0.03395461912811392,0.0,0.16977309564056958,0.0,0.0,0.0,epa_us06,PPO_seed42
367,29.9626,-13123.738191092249,0.0,0.0,0.45927883981870926,25.2275300850191,-0.02466868081032378,0.0,0.12334340405161888,0.0,0.0,0.0,epa_us06,PPO_seed42
368,29.7399,-9648.677937204238,0.0,0.0,0.45921790059027723,25.227723327846824,-0.018136612663917744,0.0,0.09068306331958871,0.0,0.0,0.0,epa_us06,PPO_seed42
369,29.4929,-8200.87212974484,0.0,0.0,0.45916610702181815,25.22788677988193,-0.015415173176212105,0.0,0.07707586588106052,0.0,0.0,0.0,epa_us06,PPO_seed42
370,29.2702,-9020.912323910612,0.0,0.0,0.459109136368426,25.228058126079905,-0.016956602112613933,0.0,0.08478301056306967,0.0,0.0,0.0,epa_us06,PPO_seed42
371,29.1155,-11898.91280361806,0.0,0.0,0.4590339922912644,25.228281939099197,-0.022366377450409886,0.0,0.11183188725204943,0.0,0.0,0.0,epa_us06,PPO_seed42
372,29.0613,-16366.317631474109,0.0,0.0,0.4589306376351358,25.22862268725845,-0.030763754946379902,0.0,0.1538187747318995,0.0,0.0,0.0,epa_us06,PPO_seed42
373,29.1224,-21684.656020746286,0.0,0.0,0.4587936976309355,25.229154991205974,-0.04076063161794415,0.0,0.20380315808972074,0.0,0.0,0.0,epa_us06,PPO_seed42
374,29.2937,-27005.561342156187,0.0,0.0,0.4586231530411621,25.22993528321679,-0.05076233334991764,0.0,0.2538116667495882,0.0,0.0,0.0,epa_us06,PPO_seed42
375,29.5512,-31467.813825320965,0.0,0.0,0.45842442176755605,25.230967688496737,-0.059150025987445426,0.0,0.2957501299372271,0.0,0.0,0.0,epa_us06,PPO_seed42
376,29.8559,-34301.0329717069,0.0,0.0,0.4582077869917015,25.232183123755732,-0.06447562588666711,0.0,0.32237812943333555,0.0,0.0,0.0,epa_us06,PPO_seed42
377,30.1606,-34974.28259647719,0.0,0.0,0.45798688741675414,25.233449714378793,-0.0657411327001451,0.0,0.3287056635007255,0.0,0.0,0.0,epa_us06,PPO_seed42
378,30.4181,-33317.548311990206,0.0,0.0,0.45777643953626174,25.234615399398894,-0.06262697051125979,0.0,0.3131348525562989,0.0,0.0,0.0,epa_us06,PPO_seed42
379,30.5894,-29590.79541293851,0.0,0.0,0.4575895218372108,25.235563614259668,-0.05562179588898217,0.0,0.2781089794449108,0.0,0.0,0.0,epa_us06,PPO_seed42
380,30.6505,-24462.92561101011,0.0,0.0,0.4574349899142547,25.236251628197664,-0.04598294287783855,0.0,0.22991471438919275,0.0,0.0,0.0,epa_us06,PPO_seed42
381,30.5963,-18872.536970290304,0.0,0.0,0.45731577023671316,25.23671005635993,-0.03547469355317727,0.0,0.17737346776588633,0.0,0.0,0.0,epa_us06,PPO_seed42
382,30.4416,-13849.645666421382,0.0,0.0,0.45722828081969147,25.23701034286557,-0.02603316854590486,0.0,0.13016584272952428,0.0,0.0,0.0,epa_us06,PPO_seed42
383,30.2188,-10307.790877331956,0.0,0.0,0.4571631668545953,25.237225201029844,-0.019375546761902174,0.0,0.09687773380951087,0.0,0.0,0.0,epa_us06,PPO_seed42
384,29.9719,-8838.964182652426,0.0,0.0,0.4571073331351919,25.237407855188636,-0.016614594328294034,0.0,0.08307297164147016,0.0,0.0,0.0,epa_us06,PPO_seed42
385,29.7491,-9656.575472179009,0.0,0.0,0.45704633687195556,25.23759910577041,-0.018151457654471823,0.0,0.09075728827235911,0.0,0.0,0.0,epa_us06,PPO_seed42
386,29.5945,-12586.9431616683,0.0,0.0,0.45696683322362686,25.237847353470407,-0.023659667597120865,0.0,0.11829833798560432,0.0,0.0,0.0,epa_us06,PPO_seed42
387,29.5402,-17117.19578949332,0.0,0.0,0.45685871695456104,25.23822033663657,-0.03217518005543857,0.0,0.16087590027719284,0.0,0.0,0.0,epa_us06,PPO_seed42
388,29.6013,-22529.04011362521,0.0,0.0,0.4567164185612838,25.238796526434566,-0.04234781976245341,0.0,0.21173909881226702,0.0,0.0,0.0,epa_us06,PPO_seed42
389,29.7727,-27945.361719241762,0.0,0.0,0.4565399065461118,25.239634530155925,-0.05252887541210858,0.0,0.2626443770605429,0.0,0.0,0.0,epa_us06,PPO_seed42
390,30.0302,-32480.074120653313,0.0,0.0,0.4563347445624421,25.240737446167696,-0.06105277090348367,0.0,0.30526385451741833,0.0,0.0,0.0,epa_us06,PPO_seed42
391,30.3349,-35363.827137317414,0.0,0.0,0.45611135596285574,25.242032670290694,-0.06647335928067183,0.0,0.33236679640335914,0.0,0.0,0.0,epa_us06,PPO_seed42
392,30.6395,-36047.60390974159,0.0,0.0,0.4558836345643525,25.2433815627351,-0.06775865396567969,0.0,0.3387932698283984,0.0,0.0,0.0,epa_us06,PPO_seed42
393,30.897,-34373.709655087805,0.0,0.0,0.45566647452886516,25.24462541082946,-0.06461223619377407,0.0,0.3230611809688703,0.0,0.0,0.0,epa_us06,PPO_seed42
394,31.0684,-30596.652881420356,0.0,0.0,0.4554731663410052,25.24564162873239,-0.057512505416203674,0.0,0.28756252708101837,0.0,0.0,0.0,epa_us06,PPO_seed42
395,31.1295,-25385.014259132407,0.0,0.0,0.45531277894336264,25.24638390899969,-0.0477161922164143,0.0,0.2385809610820715,0.0,0.0,0.0,epa_us06,PPO_seed42
396,31.0752,-19700.886788173968,0.0,0.0,0.4551883026122921,25.24688326951521,-0.037031742083033774,0.0,0.18515871041516888,0.0,0.0,0.0,epa_us06,PPO_seed42
397,30.9206,-14604.918948551587,0.0,0.0,0.4550960243228062,25.247214412664274,-0.02745285516645035,0.0,0.13726427583225176,0.0,0.0,0.0,epa_us06,PPO_seed42
398,30.6978,-10996.042315595338,0.0,0.0,0.45502654932644704,25.247453416353935,-0.020669252472923567,0.0,0.10334626236461783,0.0,0.0,0.0,epa_us06,PPO_seed42
399,30.4509,-9496.645499920876,0.0,0.0,0.45496654964295596,25.247657463322312,-0.01785083740586631,0.0,0.08925418702933155,0.0,0.0,0.0,epa_us06,PPO_seed42
400,30.2281,-10320.920294952519,0.0,0.0,0.4549013444806853,25.247870978124602,-0.019400226118331806,0.0,0.09700113059165902,0.0,0.0,0.0,epa_us06,PPO_seed42
401,30.0734,-13289.488778370816,0.0,0.0,0.4548173871810889,25.24814593293369,-0.0249802420646068,0.0,0.12490121032303399,0.0,0.0,0.0,epa_us06,PPO_seed42
402,30.0192,-17901.24833817198,0.0,0.0,0.4547042969350881,25.24855433983722,-0.03364896304167666,0.0,0.16824481520838327,0.0,0.0,0.0,epa_us06,PPO_seed42
403,30.0803,-23397.476159956936,0.0,0.0,0.45455648488155237,25.249177831666934,-0.043980218345783716,0.0,0.21990109172891856,0.0,0.0,0.0,epa_us06,PPO_seed42
404,30.2516,-28899.71306047697,0.0,0.0,0.4543739096505767,25.250077027044135,-0.054322768910671,0.0,0.27161384455335497,0.0,0.0,0.0,epa_us06,PPO_seed42
405,30.5092,-33521.30436846103,0.0,0.0,0.4541621296387053,25.251255267352846,-0.06300997061740796,0.0,0.31504985308703976,0.0,0.0,0.0,epa_us06,PPO_seed42
406,30.8138,-36446.068343676976,0.0,0.0,0.4539318597609295,25.252634818624454,-0.06850764726255071,0.0,0.34253823631275354,0.0,0.0,0.0,epa_us06,PPO_seed42
407,31.1185,-37155.39564946397,0.0,0.0,0.45369709408612835,25.254071701095782,-0.06984096926590973,0.0,0.3492048463295486,0.0,0.0,0.0,epa_us06,PPO_seed42
408,31.376,-35455.012249867905,0.0,0.0,0.4534730585018603,25.25539860497398,-0.06664475986817275,0.0,0.33322379934086377,0.0,0.0,0.0,epa_us06,PPO_seed42
409,31.5474,-31622.81354721138,0.0,0.0,0.45327322732639946,25.256487046574755,-0.05944137884814169,0.0,0.29720689424070845,0.0,0.0,0.0,epa_us06,PPO_seed42
410,31.6084,-26327.096487507042,0.0,0.0,0.4531068544052577,25.257287273492455,-0.0494870234727576,0.0,0.24743511736378798,0.0,0.0,0.0,epa_us06,PPO_seed42
411,31.5542,-20564.14286867879,0.0,0.0,0.45297689767809135,25.25783127850166,-0.03865440388849398,0.0,0.19327201944246986,0.0,0.0,0.0,epa_us06,PPO_seed42
412,31.3996,-15380.39919516854,0.0,0.0,0.45287970012889556,25.25819597657036,-0.028910524802948385,0.0,0.14455262401474192,0.0,0.0,0.0,epa_us06,PPO_seed42
413,31.1768,-11709.056355122413,0.0,0.0,0.45280570529770797,25.258461571084943,-0.02200950442692183,0.0,0.11004752213460915,0.0,0.0,0.0,epa_us06,PPO_seed42
414,30.9299,-10178.89025479139,0.0,0.0,0.45274138227240013,25.258689274574806,-0.019133252358630434,0.0,0.09566626179315216,0.0,0.0,0.0,epa_us06,PPO_seed42
415,30.7071,-11009.648832104707,0.0,0.0,0.4526718119175751,25.258927344432987,-0.02069482863177577,0.0,0.10347414315887883,0.0,0.0,0.0,epa_us06,PPO_seed42
416,30.5524,-14021.042064253277,0.0,0.0,0.45258321520856964,25.25923164132504,-0.026355342226039996,0.0,0.13177671113019998,0.0,0.0,0.0,epa_us06,PPO_seed42
417,30.4982,-18704.920948318915,0.0,0.0,0.45246502409946465,25.259678255773622,-0.03515962584270473,0.0,0.17579812921352364,0.0,0.0,0.0,epa_us06,PPO_seed42
418,30.5593,-24290.17669673397,0.0,0.0,0.4523115416519258,25.26035252378639,-0.0456582268735601,0.0,0.2282911343678005,0.0,0.0,0.0,epa_us06,PPO_seed42
419,30.7306,-29883.296108009657,0.0,0.0,0.4521227145726041,25.26131723940832,-0.056171609225582064,0.0,0.2808580461279103,0.0,0.0,0.0,epa_us06,PPO_seed42
420,30.9881,-34577.42921265757,0.0,0.0,0.4519042180184435,25.262574804657774,-0.06499516769296536,0.0,0.32497583846482675,0.0,0.0,0.0,epa_us06,PPO_seed42
421,31.2928,-37562.976657075,0.0,0.0,0.4516668431339054,25.264044370396643,-0.0706070989794643,0.0,0.35303549489732144,0.0,0.0,0.0,epa_us06,PPO_seed42
422,31.342,-25221.92564507555,0.0,0.0,0.4515074462442604,25.26478247293128,-0.04740963467119464,0.0,0.2370481733559732,0.0,0.0,0.0,epa_us06,PPO_seed42
423,31.3441,-22929.55561606046,0.0,0.0,0.4513625341659124,25.26541648452553,-0.04310066845124147,0.0,0.21550334225620735,0.0,0.0,0.0,epa_us06,PPO_seed42
424,31.26,-18579.974790820368,0.0,0.0,0.451245109912953,25.265878182884936,-0.03492476464439919,0.0,0.17462382322199593,0.0,0.0,0.0,epa_us06,PPO_seed42
425,31.0656,-12913.711754187294,0.0,0.0,0.4511634966238161,25.266167281015093,-0.024273894274788148,0.0,0.12136947137394073,0.0,0.0,0.0,epa_us06,PPO_seed42
426,30.7559,-6923.68536345888,0.0,0.0,0.4511197408079184,25.266337837638552,-0.013014446171915188,0.0,0.06507223085957593,0.0,0.0,0.0,epa_us06,PPO_seed42
427,30.3458,-1646.4628964973538,0.0,0.0,0.45110933608776044,25.266457295137617,-0.0030948550686040483,0.0,0.015474275343020242,0.0,0.0,0.0,epa_us06,PPO_seed42
428,29.8676,1474.1183408413292,0.0,0.0,0.451118651100813,25.266566133452226,0.07977972795019464,0.0,0.013854495684598959,0.05896473363365317,0.0,0.0,epa_us06,PPO_seed42
429,29.3652,2613.912058914198,0.0,0.0,0.4511351673308897,25.266668460362606,0.14146570676740147,0.0,0.024566842658968028,0.10455648235656792,0.0,0.0,epa_us06,PPO_seed42
430,28.887,2127.879680987178,0.0,0.0,0.45114861153670005,25.266757852903968,0.11516148829883989,0.0,0.01999886918221032,0.08511518723948712,0.0,0.0,epa_us06,PPO_seed42
431,28.4769,0.0,0.0,208.31208135481756,0.45114861153670005,25.26683315586915,0.0,0.0,0.0,0.0,0.0,0.0,epa_us06,PPO_seed42
432,28.1672,-3823.3764010077143,0.0,0.0,0.4511244580841086,25.26691420951185,-0.007186797746255103,0.0,0.03593398873127551,0.0,0.0,0.0,epa_us06,PPO_seed42
433,27.9728,-8635.181964036361,0.0,0.0,0.4510699093731557,25.267046348499242,-0.016231545045181133,0.0,0.08115772522590566,0.0,0.0,0.0,epa_us06,PPO_seed42
434,27.8887,-13317.529398650127,0.0,0.0,0.45098578429609126,25.267272714091305,-0.025032949997462646,0.0,0.12516474998731322,0.0,0.0,0.0,epa_us06,PPO_seed42
435,27.8908,-17060.292932925295,0.0,0.0,0.45087801758086377,25.267605758897275,-0.032068219798731756,0.0,0.16034109899365878,0.0,0.0,0.0,epa_us06,PPO_seed42
436,27.94,-19182.429293899782,0.0,0.0,0.45075684509992026,25.268011974191168,-0.03605719792086425,0.0,0.18028598960432127,0.0,0.0,0.0,epa_us06,PPO_seed42
437,27.9892,-19261.33748780761,0.0,0.0,0.4506351726349909,25.268421776936343,-0.03620552159362333,0.0,0.18102760796811665,0.0,0.0,0.0,epa_us06,PPO_seed42
438,27.9913,-17213.881571313734,0.0,0.0,0.45052643242115664,25.268761076156313,-0.03235692024683033,0.0,0.16178460123415164,0.0,0.0,0.0,epa_us06,PPO_seed42
439,27.9072,-13343.242996918634,0.0,0.0,0.4504421426115741,25.26898745323449,-0.02508128382879443,0.0,0.12540641914397213,0.0,0.0,0.0,epa_us06,PPO_seed42
440,27.7128,-8319.814335402907,0.0,0.0,0.4503895864377865,25.26910837176864,-0.015638748750757346,0.0,0.07819374375378672,0.0,0.0,0.0,epa_us06,PPO_seed42
441,27.4031,-3037.854805707818,0.0,0.0,0.45037039683032826,25.269168477452794,-0.005710253394187628,0.0,0.028551266970938138,0.0,0.0,0.0,epa_us06,PPO_seed42
442,26.993,1134.8300896732942,0.0,0.0,0.45037756504938453,25.269215539838623,0.06141734575540129,0.0,0.010665696331515923,0.04539320358693177,0.0,0.0,epa_us06,PPO_seed42
443,26.5148,3423.29201031379,0.0,0.0,0.45039918725596634,25.269265841308254,0.18526959315968916,0.0,0.03217379708941532,0.1369316804125516,0.0,0.0,epa_us06,PPO_seed42
444,26.0124,4353.077865542759,0.0,0.0,0.45042668046720685,25.269315962595726,0.23558988327952465,0.0,0.04091238595434924,0.17412311462171037,0.0,0.0,epa_us06,PPO_seed42
445,25.5342,3846.5146195496186,0.0,0.0,0.45045097277975454,25.269355247623984,0.20817452805652747,0.0,0.03615145319125582,0.15386058478198475,0.0,0.0,epa_us06,PPO_seed42
446,25.1241,2088.677609711917,0.0,0.0,0.4504641628464764,25.269378396202963,0.11303986041132613,0.0,0.019630428662705986,0.08354710438847668,0.0,0.0,epa_us06,PPO_seed42
447,24.8144,-785.3979480959812,0.0,0.0,0.45045920328852074,25.269392796751244,-0.0014763119325112428,0.0,0.007381559662556214,0.0,0.0,0.0,epa_us06,PPO_seed42
448,24.62,-5056.341421877741,0.0,0.0,0.4504272752433044,25.269427028149543,-0.009504401168943123,0.0,0.04752200584471561,0.0,0.0,0.0,epa_us06,PPO_seed42
449,24.5359,-9189.44981049741,0.0,0.0,0.45036925022966473,25.269514927785213,-0.01727340189943122,0.0,0.0863670094971561,0.0,0.0,0.0,epa_us06,PPO_seed42
450,24.538,-12481.99123352524,0.0,0.0,0.45029043574071115,25.269669713283978,-0.02346238953670158,0.0,0.11731194768350789,0.0,0.0,0.0,epa_us06,PPO_seed42
451,24.5872,-14343.261800028358,0.0,0.0,0.45019986837534537,25.26987197946058,-0.026961018421105938,0.0,0.13480509210552968,0.0,0.0,0.0,epa_us06,PPO_seed42
452,24.6364,-14406.924145913086,0.0,0.0,0.4501088980947852,25.270076452274512,-0.027080684484799035,0.0,0.13540342242399517,0.0,0.0,0.0,epa_us06,PPO_seed42
453,24.6385,-12604.4653370643,0.0,0.0,0.4500293083395213,25.27023500819681,-0.023692604017038158,0.0,0.11846302008519079,0.0,0.0,0.0,epa_us06,PPO_seed42
454,24.5544,-9209.445256422832,0.0,0.0,0.4499711559088719,25.270322927106417,-0.01731098732410307,0.0,0.08655493662051535,0.0,0.0,0.0,epa_us06,PPO_seed42
455,24.36,-4821.167992871936,0.0,0.0,0.44994071320841256,25.27035111240807,-0.009062345851263037,0.0,0.045311729256315186,0.0,0.0,0.0,epa_us06,PPO_seed42
456,24.0503,-235.03551956037964,0.0,0.0,0.44993922913832757,25.27035490962457,-0.0004417960893992099,0.0,0.0022089804469960493,0.0,0.0,0.0,epa_us06,PPO_seed42
457,23.6402,2687.0149379003687,0.0,0.0,0.44995619493982136,25.27036206941325,0.14542205656396132,0.0,0.0252538997922967,0.10748059751601476,0.0,0.0,epa_us06,PPO_seed42
458,23.162,4617.974559062839,0.0,0.0,0.4499853514365634,25.27037863774637,0.24992617200100986,0.0,0.04340201653254548,0.18471898236251355,0.0,0.0,epa_us06,PPO_seed42
459,22.6596,5352.048580044782,0.0,0.0,0.45001914088421735,25.27039794409681,0.2896544787906943,0.0,0.0503012084590675,0.2140819432017913,0.0,0.0,epa_us06,PPO_seed42
460,22.1814,4838.5618721864175,0.0,0.0,0.4500496868743572,25.270408188246172,0.261864423729307,0.0,0.04547520556566182,0.1935424748874567,0.0,0.0,epa_us06,PPO_seed42
461,21.7713,3254.1250407734497,0.0,0.0,0.45007022924372087,25.27040259774616,0.17611422589088188,0.0,0.030583881962156483,0.130165001630938,0.0,0.0,epa_us06,PPO_seed42
462,21.4616,915.7525255200705,0.0,0.0,0.45007600988360363,25.27038474478379,0.0495608020954396,0.0,0.008606696668421716,0.03663010102080282,0.0,0.0,epa_us06,PPO_seed42
463,21.2672,-2450.519899715621,0.0,0.0,0.4500605416162588,25.2703695584048,-0.004606240412999288,0.0,0.023031202064996436,0.0,0.0,0.0,epa_us06,PPO_seed42
464,21.1831,-6031.065485250412,0.0,0.0,0.45002247285781105,25.27038188064751,-0.011336589257989497,0.0,0.05668294628994748,0.0,0.0,0.0,epa_us06,PPO_seed42
465,21.1852,-8873.46779215446,0.0,0.0,0.44996646292879333,25.270433936758018,-0.016679450737132447,0.0,0.08339725368566223,0.0,0.0,0.0,epa_us06,PPO_seed42
466,21.2344,-10475.817021366987,0.0,0.0,0.44990033864624984,25.27051551278413,-0.019691385378509375,0.0,0.09845692689254687,0.0,0.0,0.0,epa_us06,PPO_seed42
467,21.2836,-10526.177976408851,0.0,0.0,0.44983389589119127,25.270598425577788,-0.01978604882783619,0.0,0.09893024413918093,0.0,0.0,0.0,epa_us06,PPO_seed42
468,21.2857,-8968.799270328424,0.0,0.0,0.44977728303278725,25.27065276432958,-0.01685864524497824,0.0,0.0842932262248912,0.0,0.0,0.0,epa_us06,PPO_seed42
469,21.2016,-6046.073926349811,0.0,0.0,0.44973911887817986,25.27066532336917,-0.011364800613439495,0.0,0.05682400306719747,0.0,0.0,0.0,epa_us06,PPO_seed42
470,21.0072,-2285.2650836118114,0.0,0.0,0.44972469388053093,25.270647453918293,-0.004295611059420698,0.0,0.02147805529710349,0.0,0.0,0.0,epa_us06,PPO_seed42
471,20.6975,1164.4416993362718,0.0,0.0,0.4497320438969464,25.270624575347572,0.0630199349761089,0.0,0.010944000933611578,0.04657766797345087,0.0,0.0,epa_us06,PPO_seed42
472,20.2874,3566.5067621510007,0.0,0.0,0.4497545551703982,25.270610591878942,0.1930204186012248,0.0,0.03351980039615602,0.14266027048604002,0.0,0.0,epa_us06,PPO_seed42
473,19.8092,5153.571490036028,0.0,0.0,0.44978708251173743,25.27060754673193,0.27891283898706265,0.0,0.0484358222747747,0.20614285960144113,0.0,0.0,epa_us06,PPO_seed42
474,19.3068,5706.229705368528,0.0,0.0,0.4498230964730986,25.270607877295152,0.3088228678138546,0.0,0.05362997843391474,0.2282491882147411,0.0,0.0,epa_us06,PPO_seed42
475,18.8286,5199.426941845373,0.0,0.0,0.44985591040426154,25.270600723135342,0.2813945498300977,0.0,0.04886679456621591,0.20797707767381493,0.0,0.0,epa_us06,PPO_seed42
476,18.4185,3800.05987748729,0.0,0.0,0.4498798918704375,25.270579642224963,0.20566038344476323,0.0,0.035714848472624905,0.1520023950994916,0.0,0.0,epa_us06,PPO_seed42
477,18.1088,1786.2916386699185,0.0,0.0,0.4498911644380363,25.270546296687282,0.09667464071538401,0.0,0.016788455250657128,0.07145166554679674,0.0,0.0,epa_us06,PPO_seed42
478,17.9144,-685.2097545673658,0.0,0.0,0.4498868404673266,25.27050921702456,-0.0012879882604649735,0.0,0.006439941302324867,0.0,0.0,0.0,epa_us06,PPO_seed42
479,17.8303,-3709.8687799259915,0.0,0.0,0.44986342997227885,25.27048406113701,-0.006973437556251863,0.0,0.034867187781259315,0.0,0.0,0.0,epa_us06,PPO_seed42
480,17.8324,-6102.214965829817,0.0,0.0,0.4498249231901901,25.270480959818993,-0.011470328883138753,0.0,0.057351644415693764,0.0,0.0,0.0,epa_us06,PPO_seed42
481,17.8816,-7447.587314932007,0.0,0.0,0.4497779265586411,25.27049525155767,-0.013999224276187983,0.0,0.06999612138093991,0.0,0.0,0.0,epa_us06,PPO_seed42
482,17.9308,-7486.591336311834,0.0,0.0,0.44973068342634487,25.270510323490274,-0.014072540105849313,0.0,0.07036270052924656,0.0,0.0,0.0,epa_us06,PPO_seed42
483,17.9329,-6174.375728123372,0.0,0.0,0.4496917205488834,25.270508564466247,-0.011605969413765738,0.0,0.05802984706882868,0.0,0.0,0.0,epa_us06,PPO_seed42
484,17.8488,-3720.621363716424,0.0,0.0,0.4496682418088143,25.270483745080966,-0.006993649179918091,0.0,0.03496824589959045,0.0,0.0,0.0,epa_us06,PPO_seed42
485,17.6544,-579.5979646388702,0.0,0.0,0.44966458431357664,25.270445783591118,-0.001089469858343741,0.0,0.0054473492917187045,0.0,0.0,0.0,epa_us06,PPO_seed42
486,17.3447,1909.1518630973665,0.0,0.0,0.4496766316303278,25.27041027936861,0.10332387301184091,0.0,0.017943156608057956,0.07636607452389466,0.0,0.0,epa_us06,PPO_seed42
487,16.9346,3868.7110653730583,0.0,0.0,0.44970104375311964,25.270384584037473,0.20937580638011483,0.0,0.036360066403882126,0.15474844261492232,0.0,0.0,epa_us06,PPO_seed42
488,16.4564,5125.4883061813325,0.0,0.0,0.44973338533541773,25.270368517905954,0.27739296863077617,0.0,0.04817188257689222,0.2050195322472533,0.0,0.0,epa_us06,PPO_seed42
489,15.954,5511.026744461528,0.0,0.0,0.4497681584680337,25.270355187050058,0.2982584248619104,0.0,0.05179536413967602,0.22044106977846115,0.0,0.0,epa_us06,PPO_seed42
490,15.4758,5024.515331474578,0.0,0.0,0.4497998607581475,25.270335890226725,0.2719282808718346,0.0,0.047222888453708436,0.20098061325898312,0.0,0.0,epa_us06,PPO_seed42
491,15.0657,3821.887622801307,0.0,0.0,0.4498239742853451,25.270305545426844,0.20684170758589326,0.0,0.0359199964548995,0.15287550491205226,0.0,0.0,epa_us06,PPO_seed42
492,14.756,2141.536319768092,0.0,0.0,0.44983748557782105,25.270264947111258,0.11590058969692277,0.0,0.020127221050451994,0.0856614527907237,0.0,0.0,epa_us06,PPO_seed42
493,14.5616,267.9095927164135,0.0,0.0,0.4498391758290012,25.27021954604651,0.014499347732125894,0.0,0.0025179472999662922,0.01071638370865654,0.0,0.0,epa_us06,PPO_seed42
494,14.4775,-2093.35205154095,0.0,0.0,0.44982596895898724,25.270177930722426,-0.003934872277332613,0.0,0.019674361386663064,0.0,0.0,0.0,epa_us06,PPO_seed42
495,14.4796,-4035.72511156819,0.0,0.0,0.44980050783244896,25.270147532459983,-0.007585949457834944,0.0,0.03792974728917472,0.0,0.0,0.0,epa_us06,PPO_seed42
496,14.5288,-5126.065037740663,0.0,0.0,0.4497681677168454,25.270126688168556,-0.009635460597256887,0.0,0.04817730298628443,0.0,0.0,0.0,epa_us06,PPO_seed42
497,14.578,-5155.656582638594,0.0,0.0,0.44973564068143423,25.270106272785,-0.009691083801952244,0.0,0.04845541900976122,0.0,0.0,0.0,epa_us06,PPO_seed42
498,14.5801,-4088.6870674658903,0.0,0.0,0.44970984497724337,25.270076615932506,-0.0076855020065148315,0.0,0.03842751003257416,0.0,0.0,0.0,epa_us06,PPO_seed42
499,14.496,-2100.5799255395127,0.0,0.0,0.44969659228700254,25.270035304678576,-0.0039484585066532196,0.0,0.019742292533266096,0.0,0.0,0.0,epa_us06,PPO_seed42
500,14.3016,308.40552506134264,0.0,0.0,0.4496985380290633,25.269989771148865,0.016690999769861235,0.0,0.002898548167869762,0.012336221002453705,0.0,0.0,epa_us06,PPO_seed42
501,13.9919,2160.310420147707,0.0,0.0,0.44971216734224956,25.26994828225023,0.1169166496558135,0.0,0.020303669362290482,0.08641241680590829,0.0,0.0,epa_us06,PPO_seed42
502,13.5818,3689.0333505144117,0.0,0.0,0.4497354408825256,25.26991487380062,0.1996515944135544,0.0,0.03467136607626327,0.14756133402057647,0.0,0.0,epa_us06,PPO_seed42
503,13.1036,4629.1305104465955,0.0,0.0,0.449764644677375,25.26988840599086,0.2505299354450721,0.0,0.04350686569968605,0.18516522041786382,0.0,0.0,epa_us06,PPO_seed42
504,12.6012,4861.8452002719105,0.0,0.0,0.449795315814222,25.269863532479622,0.26312452444779855,0.0,0.04569403383714202,0.1944738080108764,0.0,0.0,epa_us06,PPO_seed42
505,12.123,4409.232544021676,0.0,0.0,0.4498231309144213,25.269834208885747,0.23862899136742877,0.0,0.04144015548892553,0.17636930176086707,0.0,0.0,epa_us06,PPO_seed42
506,11.7129,3415.013779663369,0.0,0.0,0.44984467360759994,25.269797111743294,0.18482157282719494,0.0,0.03209599416976851,0.13660055118653475,0.0,0.0,epa_us06,PPO_seed42
507,11.4032,2076.892071762675,0.0,0.0,0.4498577748715951,25.26975274764196,0.1124020235529905,0.0,0.01951966232859657,0.08307568287050701,0.0,0.0,epa_us06,PPO_seed42
508,11.2088,614.8130231672226,0.0,0.0,0.4498616531264952,25.26970445659524,0.03327386571998246,0.0,0.005778317886909986,0.024592520926688902,0.0,0.0,epa_us06,PPO_seed42
509,11.1247,-1049.007657112259,0.0,0.0,0.44985503601612264,25.269656749263795,-0.0019718189043463515,0.0,0.009859094521731757,0.0,0.0,0.0,epa_us06,PPO_seed42
510,11.1268,-2541.490586386311,0.0,0.0,0.44983900440040075,25.26961411156199,-0.004777237944335171,0.0,0.023886189721675853,0.0,0.0,0.0,epa_us06,PPO_seed42
511,11.176,-3378.7425468095926,0.0,0.0,0.44981769136736666,25.269576225260767,-0.006351019824830061,0.0,0.0317550991241503,0.0,0.0,0.0,epa_us06,PPO_seed42
512,11.2252,-3400.8660724062734,0.0,0.0,0.449796238650914,25.26953855557546,-0.0063926053992599124,0.0,0.03196302699629956,0.0,0.0,0.0,epa_us06,PPO_seed42
513,11.2273,-2579.225645372738,0.0,0.0,0.44977996875888976,25.26949628871502,-0.004848168506339734,0.0,0.024240842531698666,0.0,0.0,0.0,epa_us06,PPO_seed42
514,11.1432,-1053.4419688359276,0.0,0.0,0.4497733235719411,25.269448788709727,-0.0019801540767592626,0.0,0.009900770383796312,0.0,0.0,0.0,epa_us06,PPO_seed42
515,10.9488,627.1628215515032,0.0,0.0,0.44977727974975834,25.269400574837633,0.03394224052276481,0.0,0.005894387420596834,0.025086512862060126,0.0,0.0,epa_us06,PPO_seed42
516,10.6391,2013.3228734351005,0.0,0.0,0.4497899797967955,25.26935573674808,0.10896163942094626,0.0,0.018922207457096808,0.08053291493740403,0.0,0.0,epa_us06,PPO_seed42
517,10.229,3122.8791205229295,0.0,0.0,0.44980967867494437,25.26931616424008,0.16901115721446652,0.0,0.029350367674087684,0.12491516482091718,0.0,0.0,epa_us06,PPO_seed42
518,9.7508,3759.9036057797452,0.0,0.0,0.4498333954667788,25.26928058190295,0.20348711394287672,0.0,0.03533743990394497,0.1503961442311898,0.0,0.0,epa_us06,PPO_seed42
519,9.2484,3854.09057574741,0.0,0.0,0.44985770593443997,25.269245505003145,0.20858454108443503,0.0,0.03622265578709972,0.15416362302989642,0.0,0.0,epa_us06,PPO_seed42
520,8.7702,3448.9840824345943,0.0,0.0,0.449879460722267,25.269207463481568,0.18666005582980605,0.0,0.03241526393265596,0.13795936329738376,0.0,0.0,epa_us06,PPO_seed42
521,8.3601,2674.843851021362,0.0,0.0,0.44989633228125897,25.26916479935435,0.14476335368159218,0.0,0.025139509878020317,0.10699375404085447,0.0,0.0,epa_us06,PPO_seed42
522,8.0504,1687.7643976014651,0.0,0.0,0.44990697770876165,25.269117963399864,0.09134231679650637,0.0,0.015862447345878432,0.06751057590405861,0.0,0.0,epa_us06,PPO_seed42
523,7.856,642.7647710118288,0.0,0.0,0.4499110318560479,25.269068767067072,0.034786622719873254,0.0,0.006041022283945759,0.02571059084047315,0.0,0.0,epa_us06,PPO_seed42
524,7.7719,0.0,444.32795365663435,0.0,0.4499110318560479,25.269019158862367,-0.006264021903054055,0.004176014602036037,0.0,0.0,0.0,0.0,epa_us06,PPO_seed42
525,7.774,-1487.003747301168,0.0,0.0,0.4499016528608601,25.268971647323824,-0.0027951198257540753,0.0,0.013975599128770376,0.0,0.0,0.0,epa_us06,PPO_seed42
526,7.8232,-2073.1121991556843,0.0,0.0,0.4498885770609511,25.26892614112703,-0.0038968274420219627,0.0,0.019484137210109814,0.0,0.0,0.0,epa_us06,PPO_seed42
527,7.8724,-2089.7121626316343,0.0,0.0,0.44987539649694874,25.268880733337745,-0.0039280303808865305,0.0,0.019640151904432652,0.0,0.0,0.0,epa_us06,PPO_seed42
528,7.8745,-1513.4838188608135,0.0,0.0,0.44986585036709426,25.268833385335174,-0.002844894396354913,0.0,0.014224471981774563,0.0,0.0,0.0,epa_us06,PPO_seed42
529,7.7904,0.0,446.69985062250606,0.0,0.44986585036709426,25.26878388184125,-0.006297460300129315,0.004198306866752877,0.0,0.0,0.0,0.0,epa_us06,PPO_seed42
530,7.596,634.3668578783281,0.0,0.0,0.4498698515639413,25.268734751663125,0.03433212513540004,0.0,0.005962094528931656,0.025374674315133124,0.0,0.0,epa_us06,PPO_seed42
531,7.2863,1563.5947259074442,0.0,0.0,0.44987971371123164,25.268687542639544,0.08462221682016378,0.0,0.014695439153265454,0.06254378903629777,0.0,0.0,epa_us06,PPO_seed42
532,6.8762,2265.6538783464807,0.0,0.0,0.4498940038802548,25.268642854722895,0.1226178692957742,0.0,0.021293739458143616,0.09062615513385923,0.0,0.0,epa_us06,PPO_seed42
533,6.398,2613.213095128624,0.0,0.0,0.44991048604252587,25.2685997387777,0.14142787863711154,0.0,0.02456027345045699,0.10452852380514496,0.0,0.0,epa_us06,PPO_seed42
534,5.8956,2583.1683738359266,0.0,0.0,0.4499267785242442,25.268556438177534,0.13980184928474437,0.0,0.024277898250337656,0.10332673495343707,0.0,0.0,epa_us06,PPO_seed42
535,5.4174,2239.1754496612484,0.0,0.0,0.44994090123331354,25.268511534193337,0.12118484877189221,0.0,0.021044882045688426,0.08956701798644993,0.0,0.0,epa_us06,PPO_seed42
536,5.0073,1696.7833398231057,0.0,0.0,0.44995160292179465,25.268464585731518,0.09183042466200537,0.0,0.01594721184044272,0.06787133359292423,0.0,0.0,epa_us06,PPO_seed42
537,4.6976,1069.5588002323311,0.0,0.0,0.4499583486299394,25.268415982460294,0.05788484394039337,0.0,0.010052244363085818,0.04278235200929324,0.0,0.0,epa_us06,PPO_seed42
538,4.5032,447.17033919810586,0.0,0.0,0.4499611689206906,25.26836648329614,0.024200993244721546,0.0,0.004202728751861898,0.017886813567924233,0.0,0.0,epa_us06,PPO_seed42
539,4.4191,0.0,146.8052981909972,0.0,0.4499611689206906,25.268316799927895,-0.002069623564722705,0.00137974904314847,0.0,0.0,0.0,0.0,epa_us06,PPO_seed42
540,4.4212,0.0,739.7569513295122,0.0,0.4499611689206906,25.268267124834058,-0.010428904389043874,0.006952602926029249,0.0,0.0,0.0,0.0,epa_us06,PPO_seed42
541,4.4704,-1076.6663517958125,0.0,0.0,0.449954378440113,25.268218559846293,-0.002023808931947016,0.0,0.01011904465973508,0.0,0.0,0.0,epa_us06,PPO_seed42
542,4.6619,-2159.50258538716,0.0,0.0,0.449940758522673,25.268173338685717,-0.004059215386066089,0.0,0.020296076930330448,0.0,0.0,0.0,epa_us06,PPO_seed42
543,4.8062,-1877.311550750011,0.0,0.0,0.44992891829437404,25.268127054534723,-0.003528781110432352,0.0,0.01764390555216176,0.0,0.0,0.0,epa_us06,PPO_seed42
544,4.8643,-1249.3583928118494,0.0,0.0,0.4499210385301325,25.26807892429291,-0.002348418031601221,0.0,0.011742090158006103,0.0,0.0,0.0,epa_us06,PPO_seed42
545,4.8122,0.0,409.6373229586057,0.0,0.4499210385301325,25.268029326828156,-0.00577496225975478,0.0038499748398365197,0.0,0.0,0.0,0.0,epa_us06,PPO_seed42
546,4.6447,318.74934933438794,0.0,0.0,0.449923048902141,25.267979832051733,0.017250810650443038,0.0,0.0029957645614134207,0.012749973973375519,0.0,0.0,epa_us06,PPO_seed42
547,4.3769,796.5159052687601,0.0,0.0,0.44992807256640993,25.267930847526166,0.043107680346801014,0.0,0.007486051741247745,0.0318606362107504,0.0,0.0,epa_us06,PPO_seed42
548,4.0409,1048.8520109854305,0.0,0.0,0.44993468770139095,25.267882306448087,0.05676418627874533,0.0,0.009857631682193896,0.04195408043941722,0.0,0.0,epa_us06,PPO_seed42
549,3.6807,1059.439522430533,0.0,0.0,0.4499413695814215,25.26783378708007,0.05733718558236825,0.0,0.009957138368708018,0.04237758089722132,0.0,0.0,epa_us06,PPO_seed42
550,3.3447,875.4026749049614,0.0,0.0,0.44994689071718474,25.267784931324357,0.04737705604485648,0.0,0.00822746874910678,0.035016106996198455,0.0,0.0,epa_us06,PPO_seed42
551,3.0769,572.5182754994274,0.0,0.0,0.44995050155767496,25.267735663072994,0.030984861255976527,0.0,0.005380810859957025,0.022900731019977097,0.0,0.0,epa_us06,PPO_seed42
552,2.9094,215.7519870430614,0.0,0.0,0.4499518622898507,25.267686133940103,0.011676562426586134,0.0,0.002027744239126517,0.008630079481722456,0.0,0.0,epa_us06,PPO_seed42
553,2.8573,0.0,218.12461067958168,0.0,0.4499518622898507,25.267636568574037,-0.0030750650001820723,0.002050043333454715,0.0,0.0,0.0,0.0,epa_us06,PPO_seed42
554,2.9154,0.0,722.8972316909662,0.0,0.4499518622898507,25.267587011984215,-0.01019122037158317,0.00679414691438878,0.0,0.0,0.0,0.0,epa_us06,PPO_seed42
555,3.0597,-1170.4951815895972,0.0,0.0,0.4499444800763786,25.267538766354633,-0.002200178912762401,0.0,0.011000894563812005,0.0,0.0,0.0,epa_us06,PPO_seed42
556,3.2512,-1484.7666157605067,0.0,0.0,0.4499351157451028,25.26749132623702,-0.0027909146912791483,0.0,0.01395457345639574,0.0,0.0,0.0,epa_us06,PPO_seed42
557,3.4427,-1574.8072553191842,0.0,0.0,0.44992518348654936,25.26744416234826,-0.002960164013757865,0.0,0.014800820068789324,0.0,0.0,0.0,epa_us06,PPO_seed42
558,3.587,-1379.581506757135,0.0,0.0,0.44991648246820626,25.26739646623065,-0.0025931983209720585,0.0,0.012965991604860292,0.0,0.0,0.0,epa_us06,PPO_seed42
559,3.6451,0.0,914.0571663631733,0.0,0.44991648246820626,25.267346977025063,-0.012886144262638722,0.008590762841759149,0.0,0.0,0.0,0.0,epa_us06,PPO_seed42
560,3.593,0.0,284.2784185792784,0.0,0.44991648246820626,25.26729749510542,-0.004007684472452233,0.002671789648301489,0.0,0.0,0.0,0.0,epa_us06,PPO_seed42
561,3.4255,249.29940003536413,0.0,0.0,0.44991805480267993,25.267248079665407,0.013492158507177074,0.0,0.00234303947401658,0.009971976001414565,0.0,0.0,epa_us06,PPO_seed42
562,3.1577,586.8816138212561,0.0,0.0,0.4499217562661148,25.267198938555026,0.03176220944575489,0.0,0.005515804641177219,0.023475264552850244,0.0,0.0,epa_us06,PPO_seed42
563,2.8217,742.3579933274673,0.0,0.0,0.44992643830608514,25.26714999835908,0.04017663786444443,0.0,0.0069770488094686774,0.02969431973309869,0.0,0.0,epa_us06,PPO_seed42
564,2.4615,716.2861025711944,0.0,0.0,0.4499309558961883,25.267101026438443,0.03876561929554479,0.0,0.006732012242210474,0.028651444102847777,0.0,0.0,epa_us06,PPO_seed42
565,2.1255,562.2840344906067,0.0,0.0,0.4499345021899212,25.26705187273783,0.03043098105461193,0.0,0.005284624384310214,0.022491361379624267,0.0,0.0,epa_us06,PPO_seed42
566,1.8577,350.3771499913039,0.0,0.0,0.4499367119934192,25.26700254183177,0.01896251673411583,0.0,0.0032930183269859387,0.014015085999652156,0.0,0.0,epa_us06,PPO_seed42
567,1.6902,129.33876008940987,0.0,0.0,0.44993752772233475,25.266953117830838,0.006999852594914077,0.0,0.0012155898504643786,0.005173550403576395,0.0,0.0,epa_us06,PPO_seed42
568,1.6381,0.0,119.79081219038619,0.0,0.44993752772233475,25.26690368641187,-0.0016887802470449181,0.0011258534980299454,0.0,0.0,0.0,0.0,epa_us06,PPO_seed42
569,2.1946,-2240.8814798579297,0.0,0.0,0.44992339468392406,25.26685903653835,-0.004212183232815657,0.0,0.021060916164078285,0.0,0.0,0.0,epa_us06,PPO_seed42
570,2.1133,0.0,60.75789247532492,0.0,0.44992339468392406,25.26680962937919,-0.0008565492360243176,0.0005710328240162117,0.0,0.0,0.0,0.0,epa_us06,PPO_seed42
571,2.032,0.0,58.019227328682206,0.0,0.44992339468392406,25.26676023063653,-0.0008179402348968356,0.0005452934899312237,0.0,0.0,0.0,0.0,epa_us06,PPO_seed42
572,1.9507,0.0,55.32778183384036,0.0,0.44992339468392406,25.266710840356865,-0.0007799969243492532,0.0005199979495661688,0.0,0.0,0.0,0.0,epa_us06,PPO_seed42
573,1.8694,0.0,52.681666739963624,0.0,0.44992339468392406,25.266661458583524,-0.0007426926702062541,0.0004951284468041694,0.0,0.0,0.0,0.0,epa_us06,PPO_seed42
574,1.7882,0.0,50.36033265108998,0.0,0.44992339468392406,25.266612085356893,-0.0007099670956450656,0.00047331139709671035,0.0,0.0,0.0,0.0,epa_us06,PPO_seed42
575,1.7069,0.0,47.52099621333001,0.0,0.44992339468392406,25.266562720714592,-0.0006699388563909306,0.0004466259042606204,0.0,0.0,0.0,0.0,epa_us06,PPO_seed42
576,1.6256,0.0,44.999489192285154,0.0,0.44992339468392406,25.266513364691672,-0.00063439129500402,0.00042292753000268,0.0,0.0,0.0,0.0,epa_us06,PPO_seed42
577,1.5443,0.0,42.515757892680455,0.0,0.44992339468392406,25.266464017320768,-0.0005993762860810215,0.000399584190720681,0.0,0.0,0.0,0.0,epa_us06,PPO_seed42
578,1.463,0.0,40.067913063681885,0.0,0.44992339468392406,25.26641467863227,-0.0005648671954466432,0.0003765781302977621,0.0,0.0,0.0,0.0,epa_us06,PPO_seed42
579,1.3818,0.0,37.87196107376434,0.0,0.44992339468392406,25.26636534865446,-0.000533909225663971,0.00035593948377598064,0.0,0.0,0.0,0.0,epa_us06,PPO_seed42
580,1.3005,0.0,35.27523643409111,0.0,0.44992339468392406,25.266316027413662,-0.0004973012655182017,0.0003315341770121345,0.0,0.0,0.0,0.0,epa_us06,PPO_seed42
581,1.2192,0.0,32.923679502995604,0.0,0.44992339468392406,25.266266714934357,-0.0004641496170535095,0.000309433078035673,0.0,0.0,0.0,0.0,epa_us06,PPO_seed42
582,1.1379,0.0,30.600454362978954,0.0,0.44992339468392406,25.266217411239317,-0.00043139738293673335,0.0002875982552911556,0.0,0.0,0.0,0.0,epa_us06,PPO_seed42
583,1.0566,0.0,28.303671763210055,0.0,0.44992339468392406,25.266168116349707,-0.00039901792899262295,0.0002660119526617486,0.0,0.0,0.0,0.0,epa_us06,PPO_seed42
584,0.9754,0.0,26.185951903066435,0.0,0.44992339468392406,25.26611883028519,-0.00036916285577631247,0.00024610857051754167,0.0,0.0,0.0,0.0,epa_us06,PPO_seed42
585,0.8941,0.0,23.784631025830624,0.0,0.44992339468392406,25.26606955306404,-0.0003353096479205445,0.000223539765280363,0.0,0.0,0.0,0.0,epa_us06,PPO_seed42
586,0.8128,0.0,21.555816149035646,0.0,0.44992339468392406,25.26602028470321,-0.00030388838555971305,0.0002025922570398087,0.0,0.0,0.0,0.0,epa_us06,PPO_seed42
587,0.7315,0.0,19.345889132960302,0.0,0.44992339468392406,25.26597102521844,-0.00027273339943083134,0.0001818222662872209,0.0,0.0,0.0,0.0,epa_us06,PPO_seed42
588,0.6502,0.0,17.152960726771905,0.0,0.44992339468392406,25.265921774624328,-0.00024181805535862646,0.00016121203690575098,0.0,0.0,0.0,0.0,epa_us06,PPO_seed42
589,0.569,0.0,15.066323027218031,0.0,0.44992339468392406,25.2658725329344,-0.00021240117049649483,0.00014160078033099654,0.0,0.0,0.0,0.0,epa_us06,PPO_seed42
590,0.4877,0.0,12.813197876772243,0.0,0.44992339468392406,25.265823300161184,-0.00018063718811239067,0.0001204247920749271,0.0,0.0,0.0,0.0,epa_us06,PPO_seed42
591,0.4064,0.0,10.65991701862944,0.0,0.44992339468392406,25.26577407631628,-0.00015028078503706916,0.00010018719002471277,0.0,0.0,0.0,0.0,epa_us06,PPO_seed42
592,0.3251,0.0,8.5160800908465,0.0,0.44992339468392406,25.26572486141042,-0.00012005752007772323,8.003834671848215e-05,0.0,0.0,0.0,0.0,epa_us06,PPO_seed42
593,0.2438,0.0,6.379797842590967,0.0,0.44992339468392406,25.26567565545351,-8.994075905908318e-05,5.9960506039388786e-05,0.0,0.0,0.0,0.0,epa_us06,PPO_seed42
594,0.1626,0.0,4.277092334443073,0.0,0.44992339468392406,25.26562645845471,-6.029735433895309e-05,4.019823622596873e-05,0.0,0.0,0.0,0.0,epa_us06,PPO_seed42
595,0.0813,0.0,2.1249548751387177,0.0,0.44992339468392406,25.265577270422465,-2.9957070608158617e-05,1.9971380405439078e-05,0.0,0.0,0.0,0.0,epa_us06,PPO_seed42
1,0.0,0.0,0.0,0.0,0.5,25.0,0.0,0.0,0.0,0.0,0.0,0.0,wltp_class3b,PPO_seed42
2,0.0,0.0,0.0,0.0,0.5,25.0,0.0,0.0,0.0,0.0,0.0,0.0,wltp_class3b,PPO_seed42
3,0.0,0.0,0.0,0.0,0.5,25.0,0.0,0.0,0.0,0.0,0.0,0.0,wltp_class3b,PPO_seed42
4,0.0,0.0,0.0,0.0,0.5,25.0,0.0,0.0,0.0,0.0,0.0,0.0,wltp_class3b,PPO_seed42
5,0.0,0.0,0.0,0.0,0.5,25.0,0.0,0.0,0.0,0.0,0.0,0.0,wltp_class3b,PPO_seed42
6,0.0,0.0,0.0,0.0,0.5,25.0,0.0,0.0,0.0,0.0,0.0,0.0,wltp_class3b,PPO_seed42
7,0.0,0.0,0.0,0.0,0.5,25.0,0.0,0.0,0.0,0.0,0.0,0.0,wltp_class3b,PPO_seed42
8,0.0,0.0,0.0,0.0,0.5,25.0,0.0,0.0,0.0,0.0,0.0,0.0,wltp_class3b,PPO_seed42
9,0.0,0.0,0.0,0.0,0.5,25.0,0.0,0.0,0.0,0.0,0.0,0.0,wltp_class3b,PPO_seed42
10,0.0,0.0,0.0,0.0,0.5,25.0,0.0,0.0,0.0,0.0,0.0,0.0,wltp_class3b,PPO_seed42
11,0.0,0.0,0.0,0.0,0.5,25.0,0.0,0.0,0.0,0.0,0.0,0.0,wltp_class3b,PPO_seed42
12,0.0,0.0,0.0,0.0,0.5,25.0,0.0,0.0,0.0,0.0,0.0,0.0,wltp_class3b,PPO_seed42
13,0.0,0.0,0.0,0.0,0.5,25.0,0.0,0.0,0.0,0.0,0.0,0.0,wltp_class3b,PPO_seed42
14,0.0,0.0,0.0,0.0,0.5,25.0,0.0,0.0,0.0,0.0,0.0,0.0,wltp_class3b,PPO_seed42
15,0.0,0.0,0.0,0.0,0.5,25.0,0.0,0.0,0.0,0.0,0.0,0.0,wltp_class3b,PPO_seed42
16,0.0,0.0,0.0,0.0,0.5,25.0,0.0,0.0,0.0,0.0,0.0,0.0,wltp_class3b,PPO_seed42
17,0.0,0.0,0.0,0.0,0.5,25.0,0.0,0.0,0.0,0.0,0.0,0.0,wltp_class3b,PPO_seed42
18,0.0,0.0,0.0,0.0,0.5,25.0,0.0,0.0,0.0,0.0,0.0,0.0,wltp_class3b,PPO_seed42
19,0.0,0.0,0.0,0.0,0.5,25.0,0.0,0.0,0.0,0.0,0.0,0.0,wltp_class3b,PPO_seed42
20,0.0,0.0,0.0,0.0,0.5,25.0,0.0,0.0,0.0,0.0,0.0,0.0,wltp_class3b,PPO_seed42
21,0.0,0.0,0.0,0.0,0.5,25.0,0.0,0.0,0.0,0.0,0.0,0.0,wltp_class3b,PPO_seed42
22,0.0,0.0,0.0,0.0,0.5,25.0,0.0,0.0,0.0,0.0,0.0,0.0,wltp_class3b,PPO_seed42
23,0.0,0.0,0.0,0.0,0.5,25.0,0.0,0.0,0.0,0.0,0.0,0.0,wltp_class3b,PPO_seed42
24,0.0,0.0,0.0,0.0,0.5,25.0,0.0,0.0,0.0,0.0,0.0,0.0,wltp_class3b,PPO_seed42
25,0.0,0.0,0.0,0.0,0.5,25.0,0.0,0.0,0.0,0.0,0.0,0.0,wltp_class3b,PPO_seed42
26,0.0,0.0,0.0,0.0,0.5,25.0,0.0,0.0,0.0,0.0,0.0,0.0,wltp_class3b,PPO_seed42
27,0.0,0.0,0.0,0.0,0.5,25.0,0.0,0.0,0.0,0.0,0.0,0.0,wltp_class3b,PPO_seed42
28,0.0,0.0,0.0,0.0,0.5,25.0,0.0,0.0,0.0,0.0,0.0,0.0,wltp_class3b,PPO_seed42
29,0.0,0.0,0.0,0.0,0.5,25.0,0.0,0.0,0.0,0.0,0.0,0.0,wltp_class3b,PPO_seed42
30,0.0,0.0,0.0,0.0,0.5,25.0,0.0,0.0,0.0,0.0,0.0,0.0,wltp_class3b,PPO_seed42
31,0.0,0.0,0.0,0.0,0.5,25.0,0.0,0.0,0.0,0.0,0.0,0.0,wltp_class3b,PPO_seed42
32,0.1389,-51.209370266885784,0.0,0.0,0.49999967791633476,25.000000002478725,-9.62582147873793e-05,0.0,0.0004812910739368965,0.0,0.0,0.0,wltp_class3b,PPO_seed42
33,0.2778,-102.42816213508624,0.0,0.0,0.4999990336896322,25.000000012396004,-0.00019253413935166588,0.0,0.0009626706967583293,0.0,0.0,0.0,wltp_class3b,PPO_seed42
34,0.4167,-153.6657972059161,0.0,0.0,0.4999980672010958,25.000000034722113,-0.0002888454834697671,0.0,0.0014442274173488356,0.0,0.0,0.0,wltp_class3b,PPO_seed42
35,0.5556,-204.93169708068996,0.0,0.0,0.49999677827251104,25.000000074446728,-0.0003852099569185902,0.0,0.0019260497845929507,0.0,0.0,0.0,wltp_class3b,PPO_seed42
36,0.6944,-256.0903141408573,0.0,0.0,0.4999951675780435,25.00000013651709,-0.0004813727709414611,0.0,0.0024068638547073053,0.0,0.0,0.0,wltp_class3b,PPO_seed42
37,0.8333,-307.54898890112617,0.0,0.0,0.49999323322972006,25.000000226105094,-0.0005780996031976056,0.0,0.0028904980159880278,0.0,0.0,0.0,wltp_class3b,PPO_seed42
38,0.9722,-358.95616870849483,0.0,0.0,0.4999909755505325,25.000000348254463,-0.0006747296404295016,0.0,0.003373648202147508,0.0,0.0,0.0,wltp_class3b,PPO_seed42
39,1.1111,-410.4292929420564,0.0,0.0,0.49998839412469287,25.0000005081111,-0.0007714836333497302,0.0,0.0038574181667486505,0.0,0.0,0.0,wltp_class3b,PPO_seed42
40,1.25,-461.97778320312506,0.0,0.0,0.4999854884770212,25.000000710877334,-0.0008683792917351975,0.0,0.004341896458675987,0.0,0.0,0.0,wltp_class3b,PPO_seed42
41,1.3889,-513.6110610930156,0.0,0.0,0.49998225807294955,25.00000096181813,-0.0009654343253628113,0.0,0.004827171626814056,0.0,0.0,0.0,wltp_class3b,PPO_seed42
42,1.3137,-48.125394294473914,0.0,0.0,0.49998195538337675,25.000000966353607,-9.046126747081564e-05,0.0,0.00045230633735407813,0.0,0.0,0.0,wltp_class3b,PPO_seed42
43,1.4153,-441.31624524438575,0.0,0.0,0.4999791796801453,25.00000115271917,-0.0008295418143691463,0.0,0.004147709071845731,0.0,0.0,0.0,wltp_class3b,PPO_seed42
44,1.5327,-515.904885033855,0.0,0.0,0.499975934839988,25.000001407282788,-0.0009697460244997274,0.0,0.004848730122498637,0.0,0.0,0.0,wltp_class3b,PPO_seed42
45,1.6672,-605.9453840433285,0.0,0.0,0.49997212367458765,25.000001758281286,-0.0011389950827882115,0.0,0.005694975413941057,0.0,0.0,0.0,wltp_class3b,PPO_seed42
46,1.8192,-711.2774868101525,0.0,0.0,0.49996765000255244,25.000002241721855,-0.0013369877571619408,0.0,0.006684938785809703,0.0,0.0,0.0,wltp_class3b,PPO_seed42
47,1.9877,-828.9229855796497,0.0,0.0,0.4999624363730747,25.000002898195678,-0.0015581259127437025,0.0,0.007790629563718512,0.0,0.0,0.0,wltp_class3b,PPO_seed42
48,2.171,-956.3148537943863,0.0,0.0,0.4999564214796848,25.000003772012757,-0.0017975843116435832,0.0,0.008987921558217916,0.0,0.0,0.0,wltp_class3b,PPO_seed42
49,2.3662,-1087.3284524900896,0.0,0.0,0.49994958253646204,25.00000490207711,-0.0020438504746054316,0.0,0.010219252373027158,0.0,0.0,0.0,wltp_class3b,PPO_seed42
50,2.5698,-1215.9797756196115,0.0,0.0,0.49994193439394047,25.00000631637945,-0.002285676269961676,0.0,0.011428381349808378,0.0,0.0,0.0,wltp_class3b,PPO_seed42
51,2.7778,-1335.2243242996801,0.0,0.0,0.4999335362099603,25.000008023535177,-0.0025098201584580456,0.0,0.012549100792290227,0.0,0.0,0.0,wltp_class3b,PPO_seed42
52,2.9857,-1436.7889131776128,0.0,0.0,0.4999244991787802,25.000010003400206,-0.002700731039807543,0.0,0.013503655199037715,0.0,0.0,0.0,wltp_class3b,PPO_seed42
53,3.1894,-1516.3274938989193,0.0,0.0,0.4999149618316471,25.00001221322987,-0.002850239650185939,0.0,0.014251198250929693,0.0,0.0,0.0,wltp_class3b,PPO_seed42
54,3.3846,-1566.9239243728834,0.0,0.0,0.49990510620307227,25.000014579781766,-0.0029453457225054203,0.0,0.0147267286125271,0.0,0.0,0.0,wltp_class3b,PPO_seed42
55,3.5679,-1588.4024292878712,0.0,0.0,0.49989511543636833,25.000017020815914,-0.002985718852044871,0.0,0.014928594260224354,0.0,0.0,0.0,wltp_class3b,PPO_seed42
56,3.7364,-1580.09176623433,0.0,0.0,0.49988517690020745,25.00001944827489,-0.002970097304951748,0.0,0.01485048652475874,0.0,0.0,0.0,wltp_class3b,PPO_seed42
57,3.8883,-1546.5632404202968,0.0,0.0,0.49987544921368665,25.000021788485302,-0.002907073760188528,0.0,0.014535368800942639,0.0,0.0,0.0,wltp_class3b,PPO_seed42
58,4.0229,-1494.3495153812366,0.0,0.0,0.49986604990873834,25.00002399058603,-0.0028089276604910465,0.0,0.014044638302455231,0.0,0.0,0.0,wltp_class3b,PPO_seed42
59,4.1402,-1428.8274380823134,0.0,0.0,0.4998570626989989,25.00002602337093,-0.00268576586105698,0.0,0.0134288293052849,0.0,0.0,0.0,wltp_class3b,PPO_seed42
60,4.2418,-1362.413200890655,0.0,0.0,0.49984849320184743,25.000027892084052,-0.0025609270693433364,0.0,0.012804635346716681,0.0,0.0,0.0,wltp_class3b,PPO_seed42
61,4.3299,-1301.69788552182,0.0,0.0,0.4998403055766195,25.00002961832068,-0.0024468005366951504,0.0,0.01223400268347575,0.0,0.0,0.0,wltp_class3b,PPO_seed42
62,4.4078,-1256.9378875977268,0.0,0.0,0.4998323994692692,25.000031245943134,-0.0023626652022513666,0.0,0.011813326011256831,0.0,0.0,0.0,wltp_class3b,PPO_seed42
63,4.4793,-1234.4008602179422,0.0,0.0,0.4998246351007478,25.000032829493552,-0.002320302368830719,0.0,0.011601511844153593,0.0,0.0,0.0,wltp_class3b,PPO_seed42
64,4.5485,-1238.86243584008,0.0,0.0,0.4998168426515114,25.00003443211285,-0.002328688789173083,0.0,0.011643443945865414,0.0,0.0,0.0,wltp_class3b,PPO_seed42
65,4.62,-1276.640678877669,0.0,0.0,0.4998088125593664,25.00003613322512,-0.002399700524206145,0.0,0.011998502621030723,0.0,0.0,0.0,wltp_class3b,PPO_seed42
66,4.6978,-1346.1730383698725,0.0,0.0,0.49980034508827287,25.00003801593901,-0.0025304004480636703,0.0,0.012652002240318351,0.0,0.0,0.0,wltp_class3b,PPO_seed42
67,4.786,-1451.2197360409273,0.0,0.0,0.49979121684778,25.000040186731404,-0.0027278566466934725,0.0,0.013639283233467362,0.0,0.0,0.0,wltp_class3b,PPO_seed42
68,4.8875,-1585.9256188970046,0.0,0.0,0.49978124127354534,25.00004275630043,-0.0029810631934154225,0.0,0.014905315967077112,0.0,0.0,0.0,wltp_class3b,PPO_seed42
69,5.0049,-1751.2140424559975,0.0,0.0,0.4997702259899087,25.000045861673204,-0.0032917557189022515,0.0,0.016458778594511256,0.0,0.0,0.0,wltp_class3b,PPO_seed42
70,5.1394,-1939.092500515258,0.0,0.0,0.4997580288907319,25.000049639886676,-0.0036449107152542446,0.0,0.018224553576271223,0.0,0.0,0.0,wltp_class3b,PPO_seed42
71,5.2914,-2145.4015239229548,0.0,0.0,0.49974453402935004,25.00005423580764,-0.004032709631434125,0.0,0.020163548157170627,0.0,0.0,0.0,wltp_class3b,PPO_seed42
72,5.4599,-2359.653175901899,0.0,0.0,0.4997296914256192,25.00005976963426,-0.00443543830056748,0.0,0.022177191502837396,0.0,0.0,0.0,wltp_class3b,PPO_seed42
73,5.6432,-2575.5203086993974,0.0,0.0,0.4997134908950997,25.00006634090813,-0.004841203587780823,0.0,0.02420601793890411,0.0,0.0,0.0,wltp_class3b,PPO_seed42
74,5.8384,-2780.3509148270837,0.0,0.0,0.49969600183501706,25.00007398495709,-0.00522622352411106,0.0,0.026131117620555297,0.0,0.0,0.0,wltp_class3b,PPO_seed42
75,6.042,-2964.821289094812,0.0,0.0,0.49967735229125443,25.000082672154342,-0.0055729723479225795,0.0,0.027864861739612896,0.0,0.0,0.0,wltp_class3b,PPO_seed42
76,6.25,-3119.028455946182,0.0,0.0,0.49965773260490004,25.00009229303533,-0.005862835443507862,0.0,0.029314177217539306,0.0,0.0,0.0,wltp_class3b,PPO_seed42
77,6.458,-3232.8321482642154,0.0,0.0,0.49963739690810366,25.000102649195252,-0.006076752158391383,0.0,0.030383760791956912,0.0,0.0,0.0,wltp_class3b,PPO_seed42
78,6.6616,-3299.5846350888005,0.0,0.0,0.49961664115795923,25.000113473805147,-0.006202226757685715,0.0,0.031011133788428576,0.0,0.0,0.0,wltp_class3b,PPO_seed42
79,6.8568,-3317.2765688836016,0.0,0.0,0.49959577396122495,25.000124468373464,-0.0062354822723375974,0.0,0.031177411361687984,0.0,0.0,0.0,wltp_class3b,PPO_seed42
80,7.0401,-3286.1440214681816,0.0,0.0,0.4995751024501272,25.00013532940105,-0.0061769624463687625,0.0,0.030884812231843813,0.0,0.0,0.0,wltp_class3b,PPO_seed42
81,7.2086,-3208.9789308817876,0.0,0.0,0.4995549162040826,25.00014577716325,-0.006031915283612383,0.0,0.030159576418061915,0.0,0.0,0.0,wltp_class3b,PPO_seed42
82,7.3328,-2766.7164301457215,0.0,0.0,0.4995375119181775,25.000153784587827,-0.005200594793506996,0.0,0.026002973967534974,0.0,0.0,0.0,wltp_class3b,PPO_seed42
83,7.4395,-2611.3264085005526,0.0,0.0,0.4995210850475373,25.000161044981287,-0.004908508286655174,0.0,0.02454254143327587,0.0,0.0,0.0,wltp_class3b,PPO_seed42
84,7.5291,-2448.4196590175416,0.0,0.0,0.49950568289714675,25.00016756319374,-0.004602292592138236,0.0,0.02301146296069118,0.0,0.0,0.0,wltp_class3b,PPO_seed42
85,7.6029,-2290.531668797966,0.0,0.0,0.49949127391396997,25.000173404657446,-0.004305510655635275,0.0,0.021527553278176372,0.0,0.0,0.0,wltp_class3b,PPO_seed42
86,7.6633,-2153.1316709297917,0.0,0.0,0.49947772922996037,25.000178693111604,-0.004047239982950737,0.0,0.020236199914753682,0.0,0.0,0.0,wltp_class3b,PPO_seed42
87,7.7134,-2047.104168071202,0.0,0.0,0.4994648515019467,25.000183579068448,-0.003847940165547372,0.0,0.01923970082773686,0.0,0.0,0.0,wltp_class3b,PPO_seed42
88,7.757,-1983.309370669809,0.0,0.0,0.4994523750642082,25.000188235998863,-0.0037280251328379865,0.0,0.018640125664189933,0.0,0.0,0.0,wltp_class3b,PPO_seed42
89,7.7985,-1971.3949061762296,0.0,0.0,0.4994399735564236,25.000192859634726,-0.00370562952288765,0.0,0.01852814761443825,0.0,0.0,0.0,wltp_class3b,PPO_seed42
90,7.8422,-2012.4204624316064,0.0,0.0,0.4994273139479897,25.000197648277943,-0.003782745230134599,0.0,0.018913726150672994,0.0,0.0,0.0,wltp_class3b,PPO_seed42
91,7.8923,-2107.4946013439394,0.0,0.0,0.4994140562306261,25.000202819038325,-0.003961456017563795,0.0,0.019807280087818978,0.0,0.0,0.0,wltp_class3b,PPO_seed42
92,7.9526,-2254.230150850088,0.0,0.0,0.49939987540862896,25.000208610091434,-0.004237274719643023,0.0,0.021186373598215114,0.0,0.0,0.0,wltp_class3b,PPO_seed42
93,8.0264,-2449.249944396634,0.0,0.0,0.4993844677258936,25.000215288970512,-0.004603853278941041,0.0,0.023019266394705206,0.0,0.0,0.0,wltp_class3b,PPO_seed42
94,8.116,-2682.9429214591173,0.0,0.0,0.4993675898809616,25.000223129690283,-0.005043125792216386,0.0,0.02521562896108193,0.0,0.0,0.0,wltp_class3b,PPO_seed42
95,8.2228,-2946.661576826316,0.0,0.0,0.4993490529651235,25.000232410892586,-0.005538837550425406,0.0,0.02769418775212703,0.0,0.0,0.0,wltp_class3b,PPO_seed42
96,8.3469,-3225.8147148411012,0.0,0.0,0.49932875985315855,25.000243368314894,-0.00606356149406222,0.0,0.0303178074703111,0.0,0.0,0.0,wltp_class3b,PPO_seed42
97,8.4877,-3512.5096769236047,0.0,0.0,0.4993066630653189,25.000256210580464,-0.00660246179872858,0.0,0.0330123089936429,0.0,0.0,0.0,wltp_class3b,PPO_seed42
98,8.6432,-3787.9934758470945,0.0,0.0,0.4992828330900529,25.00027102463635,-0.007120288488434389,0.0,0.03560144244217194,0.0,0.0,0.0,wltp_class3b,PPO_seed42
99,8.8106,-4039.536712465777,0.0,0.0,0.4992574204946001,25.000287782521642,-0.007593114121176273,0.0,0.03796557060588136,0.0,0.0,0.0,wltp_class3b,PPO_seed42
100,8.9865,-4255.490270600271,0.0,0.0,0.4992306491333232,25.000306327687817,-0.007999041862030586,0.0,0.03999520931015293,0.0,0.0,0.0,wltp_class3b,PPO_seed42
101,9.1667,-4419.708324937866,0.0,0.0,0.49920284444156343,25.000326323617053,-0.00830772241529674,0.0,0.0415386120764837,0.0,0.0,0.0,wltp_class3b,PPO_seed42
102,9.3469,-4524.86318251496,0.0,0.0,0.4991743779661304,25.000347320714983,-0.008505381922020602,0.0,0.042526909610103004,0.0,0.0,0.0,wltp_class3b,PPO_seed42
103,9.5227,-4563.3009993743535,0.0,0.0,0.49914566942071287,25.00036876527455,-0.008577633457470589,0.0,0.042888167287352945,0.0,0.0,0.0,wltp_class3b,PPO_seed42
104,9.6902,-4536.729046570791,0.0,0.0,0.4991171277958569,25.000390100197947,-0.008527686177764645,0.0,0.04263843088882322,0.0,0.0,0.0,wltp_class3b,PPO_seed42
105,9.8456,-4441.681919355792,0.0,0.0,0.4990891839007897,25.000410745329425,-0.008349026164202617,0.0,0.04174513082101308,0.0,0.0,0.0,wltp_class3b,PPO_seed42
106,9.9864,-4294.739033224989,0.0,0.0,0.49906216425440914,25.000430287650538,-0.008072817731625919,0.0,0.04036408865812959,0.0,0.0,0.0,wltp_class3b,PPO_seed42
107,10.1106,-4101.861733174137,0.0,0.0,0.49903635788082934,25.00044840016163,-0.007710266415740859,0.0,0.038551332078704294,0.0,0.0,0.0,wltp_class3b,PPO_seed42
108,10.2173,-3879.997754439284,0.0,0.0,0.49901194718571484,25.000464927060406,-0.007293228861727979,0.0,0.03646614430863989,0.0,0.0,0.0,wltp_class3b,PPO_seed42
109,10.3069,-3650.9659131260078,0.0,0.0,0.49898897730419056,25.000479897132866,-0.006862717881815804,0.0,0.03431358940907902,0.0,0.0,0.0,wltp_class3b,PPO_seed42
110,10.3807,-3431.259877311086,0.0,0.0,0.4989673895983999,25.000493454598917,-0.006449736611487004,0.0,0.032248683057435015,0.0,0.0,0.0,wltp_class3b,PPO_seed42
111,10.4411,-3241.2799837631533,0.0,0.0,0.49894699707585993,25.00050585725057,-0.00609263154842698,0.0,0.0304631577421349,0.0,0.0,0.0,wltp_class3b,PPO_seed42
112,10.4911,-3093.5129107928965,0.0,0.0,0.49892753417630376,25.000517405697085,-0.005814873892467851,0.0,0.029074369462339253,0.0,0.0,0.0,wltp_class3b,PPO_seed42
113,10.5348,-3008.8296056634636,0.0,0.0,0.4989086040217395,25.000528486355883,-0.005655694747487713,0.0,0.028278473737438567,0.0,0.0,0.0,wltp_class3b,PPO_seed42
114,10.5763,-2989.917409402307,0.0,0.0,0.49888979281866735,25.00053947469263,-0.005620145506395315,0.0,0.02810072753197657,0.0,0.0,0.0,wltp_class3b,PPO_seed42
115,10.62,-3044.3795051109896,0.0,0.0,0.49887063893072314,25.000550787134806,-0.005722517866749981,0.0,0.028612589333749903,0.0,0.0,0.0,wltp_class3b,PPO_seed42
116,10.6701,-3171.6370271956243,0.0,0.0,0.4988506843560011,25.00056286399679,-0.005961723735330122,0.0,0.029808618676650606,0.0,0.0,0.0,wltp_class3b,PPO_seed42
117,10.7304,-3367.93039067788,0.0,0.0,0.49882949473801325,25.000576178751558,-0.006330696223078722,0.0,0.03165348111539361,0.0,0.0,0.0,wltp_class3b,PPO_seed42
118,10.8042,-3628.0433208076993,0.0,0.0,0.49880666852920147,25.000591250214452,-0.006819630302270112,0.0,0.03409815151135056,0.0,0.0,0.0,wltp_class3b,PPO_seed42
119,10.8938,-3938.286397018596,0.0,0.0,0.498781890298949,25.000608593203424,-0.007402793979358263,0.0,0.037013969896791316,0.0,0.0,0.0,wltp_class3b,PPO_seed42
120,11.0005,-4284.531742382841,0.0,0.0,0.4987549334918051,25.000628699293685,-0.008053631094704588,0.0,0.04026815547352294,0.0,0.0,0.0,wltp_class3b,PPO_seed42
121,11.1247,-4653.657672667806,0.0,0.0,0.49872565409738073,25.000652017591225,-0.008747476828322944,0.0,0.04373738414161472,0.0,0.0,0.0,wltp_class3b,PPO_seed42
122,11.2655,-5024.267309258762,0.0,0.0,0.49869404271723533,25.00067884316994,-0.009444111483569101,0.0,0.047220557417845505,0.0,0.0,0.0,wltp_class3b,PPO_seed42
123,11.421,-5378.387018102334,0.0,0.0,0.4986602030320982,25.000709291669093,-0.010109750034026943,0.0,0.050548750170134715,0.0,0.0,0.0,wltp_class3b,PPO_seed42
124,11.5884,-5697.8881015561155,0.0,0.0,0.4986243527840902,25.000743249405396,-0.010710315980368638,0.0,0.05355157990184319,0.0,0.0,0.0,wltp_class3b,PPO_seed42
125,11.7643,-5968.242626626524,0.0,0.0,0.49858680112931364,25.00078037398047,-0.011218501177869405,0.0,0.05609250588934703,0.0,0.0,0.0,wltp_class3b,PPO_seed42
126,11.9444,-6167.532317356994,0.0,0.0,0.4985479951457245,25.000819988497852,-0.011593105859693599,0.0,0.05796552929846799,0.0,0.0,0.0,wltp_class3b,PPO_seed42
127,12.1246,-6293.279183163653,0.0,0.0,0.49850839752530507,25.00086130134758,-0.01182947214880386,0.0,0.0591473607440193,0.0,0.0,0.0,wltp_class3b,PPO_seed42
128,12.3005,-6333.269950179366,0.0,0.0,0.49846854783253924,25.00090331649689,-0.01190464276349505,0.0,0.059523213817475246,0.0,0.0,0.0,wltp_class3b,PPO_seed42
129,12.4679,-6284.898350263288,0.0,0.0,0.4984290020610713,25.000944980536836,-0.011813718703502422,0.0,0.059068593517512105,0.0,0.0,0.0,wltp_class3b,PPO_seed42
130,12.6234,-6158.470640036468,0.0,0.0,0.4983902513849379,25.000985376672688,-0.011576072631647496,0.0,0.057880363158237476,0.0,0.0,0.0,wltp_class3b,PPO_seed42
131,12.7642,-5962.022104003522,0.0,0.0,0.4983527364417582,25.00102372752608,-0.011206808466172035,0.0,0.05603404233086017,0.0,0.0,0.0,wltp_class3b,PPO_seed42
132,12.5272,0.0,0.0,1119.4367324438754,0.4983527364417582,25.001028637424238,0.0,0.0,0.0,0.0,0.0,0.0,wltp_class3b,PPO_seed42
133,12.2729,0.0,0.0,1367.1668093695412,0.4983527364417582,25.001033212114088,0.0,0.0,0.0,0.0,0.0,0.0,wltp_class3b,PPO_seed42
134,12.0013,1602.8297369072773,0.0,0.0,0.4983628218099486,25.00103990395414,0.08674562741547805,0.0,0.015064189256647343,0.06411318947629109,0.0,0.0,wltp_class3b,PPO_seed42
135,11.714,1804.110437909691,0.0,0.0,0.4983741734915856,25.001046823727695,0.09763899948927784,0.0,0.016955925168324164,0.07216441751638764,0.0,0.0,wltp_class3b,PPO_seed42
136,11.4133,1962.5759080721211,0.0,0.0,0.49838652204813066,25.001053905894764,0.10621519839325659,0.0,0.018445262293910913,0.07850303632288484,0.0,0.0,wltp_class3b,PPO_seed42
137,11.1023,2069.9726441243797,0.0,0.0,0.4983995461259537,25.001061017492493,0.11202754204817507,0.0,0.019454630113950936,0.08279890576497519,0.0,0.0,wltp_class3b,PPO_seed42
138,10.7848,2120.908223843059,0.0,0.0,0.49841289046203296,25.001067976010546,0.11478419094152136,0.0,0.019933347968449804,0.08483632895372237,0.0,0.0,wltp_class3b,PPO_seed42
139,10.4652,2112.6563244607614,0.0,0.0,0.4984261826606939,25.001074574411145,0.11433759566517712,0.0,0.01985579252312746,0.08450625297843045,0.0,0.0,wltp_class3b,PPO_seed42
140,10.1477,2052.712610739542,0.0,0.0,0.49843909750674315,25.001080639423574,0.11109342385040016,0.0,0.019292411755070883,0.08210850442958167,0.0,0.0,wltp_class3b,PPO_seed42
141,9.8367,1943.984155079043,0.0,0.0,0.4984513280916617,25.001086026687663,0.10520900712976655,0.0,0.018270527773299277,0.07775936620316172,0.0,0.0,wltp_class3b,PPO_seed42
142,9.536,1797.9871288072698,0.0,0.0,0.49846263997406376,25.00109066083155,0.0973076041590581,0.0,0.016898375270745017,0.0719194851522908,0.0,0.0,wltp_class3b,PPO_seed42
143,9.2487,1626.071128165279,0.0,0.0,0.4984728701253427,25.00109453092351,0.08800345850025322,0.0,0.015282623385012021,0.06504284512661117,0.0,0.0,wltp_class3b,PPO_seed42
144,8.9771,1439.2139847794242,0.0,0.0,0.49848192458514484,25.001097679101623,0.07789069370257365,0.0,0.013526447225370528,0.05756855939117697,0.0,0.0,wltp_class3b,PPO_seed42
145,8.7228,1245.9957561799101,0.0,0.0,0.49848976337184625,25.00110018101738,0.0674336650600225,0.0,0.011710486430262313,0.049839830247196404,0.0,0.0,wltp_class3b,PPO_seed42
146,8.4858,1062.3220842120536,0.0,0.0,0.4984964465655817,25.001102148340323,0.057493190692920006,0.0,0.00998423011477494,0.04249288336848214,0.0,0.0,wltp_class3b,PPO_seed42
147,8.2655,0.0,0.0,893.0138124628268,0.4984964465655817,25.001102933729214,0.0,0.0,0.0,0.0,0.0,0.0,wltp_class3b,PPO_seed42
148,8.0598,0.0,0.0,750.4146664636357,0.4984964465655817,25.001103654106068,0.0,0.0,0.0,0.0,0.0,0.0,wltp_class3b,PPO_seed42
149,7.8662,0.0,0.0,636.018999266837,0.4984964465655817,25.00110431373529,0.0,0.0,0.0,0.0,0.0,0.0,wltp_class3b,PPO_seed42
150,7.6809,0.0,0.0,558.9704519249436,0.4984964465655817,25.001104916601726,0.0,0.0,0.0,0.0,0.0,0.0,wltp_class3b,PPO_seed42
151,7.5,0.0,0.0,517.5351562500023,0.4984964465655817,25.001105466429,0.0,0.0,0.0,0.0,0.0,0.0,wltp_class3b,PPO_seed42
152,7.3191,0.0,0.0,513.3300536209665,0.4984964465655817,25.001105966696624,0.0,0.0,0.0,0.0,0.0,0.0,wltp_class3b,PPO_seed42
153,7.1338,0.0,0.0,543.5495669046318,0.4984964465655817,25.00110642065601,0.0,0.0,0.0,0.0,0.0,0.0,wltp_class3b,PPO_seed42
154,6.9402,0.0,0.0,601.2925958481641,0.4984964465655817,25.001106831345428,0.0,0.0,0.0,0.0,0.0,0.0,wltp_class3b,PPO_seed42
155,6.7345,0.0,0.0,682.7289018414117,0.4984964465655817,25.001107201603965,0.0,0.0,0.0,0.0,0.0,0.0,wltp_class3b,PPO_seed42
156,6.5142,774.9369287624647,0.0,0.0,0.49850132153716953,25.001108101936474,0.04193981964836256,0.0,0.0072832418116773,0.030997477150498588,0.0,0.0,wltp_class3b,PPO_seed42
157,6.2772,872.1803259957048,0.0,0.0,0.4985068082111995,25.001109096955513,0.047202661552760025,0.0,0.008197183514997226,0.0348872130398282,0.0,0.0,wltp_class3b,PPO_seed42
158,6.0229,961.4945718054977,0.0,0.0,0.498512856698817,25.00111019242295,0.05203637539741332,0.0,0.009036603118472722,0.038459782872219905,0.0,0.0,wltp_class3b,PPO_seed42
159,5.7513,1037.3329594024892,0.0,0.0,0.49851938221964814,25.001111379528744,0.05614077174270013,0.0,0.009749369919196327,0.04149331837609957,0.0,0.0,wltp_class3b,PPO_seed42
160,5.464,1089.020819867935,0.0,0.0,0.4985262328448761,25.001112621995055,0.05893813429631124,0.0,0.010235158081465554,0.0435608327947174,0.0,0.0,wltp_class3b,PPO_seed42
161,5.1633,1113.5407872059673,0.0,0.0,0.49853323766835705,25.00111387065023,0.06026516230307182,0.0,0.010465608902311723,0.04454163148823869,0.0,0.0,wltp_class3b,PPO_seed42
162,4.8523,1108.8217714640318,0.0,0.0,0.49854021275982446,25.0011150686381,0.060009767751865416,0.0,0.010421257250601803,0.04435287085856127,0.0,0.0,wltp_class3b,PPO_seed42
163,4.5348,1074.9837752243006,0.0,0.0,0.4985469749482222,25.001116160431106,0.05817844521853019,0.0,0.010103230970153202,0.04299935100897202,0.0,0.0,wltp_class3b,PPO_seed42
164,4.2152,1014.1092384669741,0.0,0.0,0.49855335416600954,25.001117100207757,0.05488389698109233,0.0,0.00953110186529111,0.040564369538678965,0.0,0.0,wltp_class3b,PPO_seed42
165,3.8977,932.7921835167067,0.0,0.0,0.4985592218281208,25.001117863019587,0.05048299351092673,0.0,0.008766843830044236,0.03731168734066827,0.0,0.0,wltp_class3b,PPO_seed42
166,3.5867,835.7750977753954,0.0,0.0,0.4985644791835062,25.001118440565538,0.04523239965253605,0.0,0.007855029114430407,0.03343100391101581,0.0,0.0,wltp_class3b,PPO_seed42
167,3.286,730.6635176405102,0.0,0.0,0.49856907532361366,25.0011188432721,0.039543729323130765,0.0,0.006867138323689006,0.029226540705620408,0.0,0.0,wltp_class3b,PPO_seed42
168,2.9987,624.0602967229802,0.0,0.0,0.4985730008738539,25.001119093678923,0.03377433094595497,0.0,0.005865228352659588,0.024962411868919208,0.0,0.0,wltp_class3b,PPO_seed42
169,2.7271,521.3734485278965,0.0,0.0,0.4985762804767929,25.001119220033583,0.028216887838374425,0.0,0.004900126395938877,0.02085493794111586,0.0,0.0,wltp_class3b,PPO_seed42
170,2.4728,426.22232335673436,0.0,0.0,0.4985789615404421,25.001119250719473,0.02306728032723138,0.0,0.004005848903728707,0.017048892934269373,0.0,0.0,wltp_class3b,PPO_seed42
171,2.2358,343.10375645704545,0.0,0.0,0.498581119757742,25.001119212506996,0.018568878488554985,0.0,0.0032246593651977956,0.013724150258281819,0.0,0.0,wltp_class3b,PPO_seed42
172,2.0155,272.3951907344992,0.0,0.0,0.4985828331944263,25.001119126281093,0.014742109645916728,0.0,0.0025601051760761203,0.010895807629379967,0.0,0.0,wltp_class3b,PPO_seed42
173,1.8098,215.6017483701758,0.0,0.0,0.4985841893826623,25.001119008226638,0.011668431464425002,0.0,0.0020263322215242087,0.008624069934807032,0.0,0.0,wltp_class3b,PPO_seed42
174,1.6162,171.08766744018715,0.0,0.0,0.4985852655643169,25.001118869229813,0.009259316016800504,0.0,0.0016079667992498791,0.006843506697607486,0.0,0.0,wltp_class3b,PPO_seed42
175,1.4309,138.5113930907122,0.0,0.0,0.49858613683209785,25.001118716767333,0.007496278251631176,0.0,0.0013017988072435357,0.005540455723628488,0.0,0.0,wltp_class3b,PPO_seed42
176,1.25,115.09599609375007,0.0,0.0,0.4985868608106879,25.001118555320364,0.006229029923930925,0.0,0.0010817292865953954,0.004603839843750003,0.0,0.0,wltp_class3b,PPO_seed42
177,1.0,169.70611,0.0,0.0,0.4985879282971907,25.001118405639286,0.00918454571263158,0.0,0.0015949822368421052,0.0067882444,0.0,0.0,wltp_class3b,PPO_seed42
178,0.75,127.41801515625,0.0,0.0,0.498588729781626,25.00111824101522,0.006895901301463815,0.0,0.001197537736430921,0.00509672060625,0.0,0.0,wltp_class3b,PPO_seed42
179,0.5,85.01126375000001,0.0,0.0,0.4985892645185306,25.001118065334612,0.004600835161447369,0.0,0.000798978042763158,0.0034004505500000006,0.0,0.0,wltp_class3b,PPO_seed42
180,0.25,42.52540796875,0.0,0.0,0.4985895320110768,25.00111788244976,0.0023014878688651314,0.0,0.0003996748869243421,0.00170101631875,0.0,0.0,wltp_class3b,PPO_seed42
181,0.0,0.0,0.0,0.0,0.4985895320110768,25.001117696175662,0.0,0.0,0.0,0.0,0.0,0.0,wltp_class3b,PPO_seed42
182,0.1389,-51.209370266885784,0.0,0.0,0.498589209895379,25.00111751105558,-9.62582147873793e-05,0.0,0.0004812910739368965,0.0,0.0,0.0,wltp_class3b,PPO_seed42
183,0.2778,-102.42816213508624,0.0,0.0,0.49858856560508136,25.00111733241056,-0.00019253413935166588,0.0,0.0009626706967583293,0.0,0.0,0.0,wltp_class3b,PPO_seed42
184,0.4167,-153.6657972059161,0.0,0.0,0.49858759902182775,25.001117165530395,-0.0002888454834697671,0.0,0.0014442274173488356,0.0,0.0,0.0,wltp_class3b,PPO_seed42
185,0.5556,-204.93169708068996,0.0,0.0,0.4985863099678159,25.001117015686276,-0.0003852099569185902,0.0,0.0019260497845929507,0.0,0.0,0.0,wltp_class3b,PPO_seed42
186,0.6944,-256.0903141408573,0.0,0.0,0.4985846991176845,25.001116888072325,-0.0004813727709414611,0.0,0.0024068638547073053,0.0,0.0,0.0,wltp_class3b,PPO_seed42
187,0.8333,-307.54898890112617,0.0,0.0,0.49858276458366546,25.001116788075194,-0.0005780996031976056,0.0,0.0028904980159880278,0.0,0.0,0.0,wltp_class3b,PPO_seed42
188,0.9722,-358.95616870849483,0.0,0.0,0.4985805066891502,25.00111672092595,-0.0006747296404295016,0.0,0.003373648202147508,0.0,0.0,0.0,wltp_class3b,PPO_seed42
189,1.1111,-410.42929294205646,0.0,0.0,0.49857792501866083,25.00111669193135,-0.0007714836333497302,0.0,0.003857418166748651,0.0,0.0,0.0,wltp_class3b,PPO_seed42
190,1.25,-461.9777832031251,0.0,0.0,0.4985750190973043,25.001116706431084,-0.0008683792917351977,0.0,0.004341896458675988,0.0,0.0,0.0,wltp_class3b,PPO_seed42
191,1.3889,-513.6110610930156,0.0,0.0,0.4985717883907775,25.001116769806195,-0.0009654343253628113,0.0,0.004827171626814056,0.0,0.0,0.0,wltp_class3b,PPO_seed42
192,1.3137,-48.12539429447392,0.0,0.0,0.4985714856730293,25.001116587517842,-9.046126747081564e-05,0.0,0.0004523063373540782,0.0,0.0,0.0,wltp_class3b,PPO_seed42
193,1.4153,-441.3162452443858,0.0,0.0,0.4985687097128868,25.001116586010774,-0.0008295418143691463,0.0,0.004147709071845731,0.0,0.0,0.0,wltp_class3b,PPO_seed42
194,1.5327,-515.904885033855,0.0,0.0,0.49856546457404666,25.001116653131408,-0.0009697460244997274,0.0,0.004848730122498637,0.0,0.0,0.0,wltp_class3b,PPO_seed42
195,1.6672,-605.9453840433285,0.0,0.0,0.49856165305970757,25.00111681730554,-0.0011389950827882115,0.0,0.005694975413941057,0.0,0.0,0.0,wltp_class3b,PPO_seed42
196,1.8192,-711.2774868101525,0.0,0.0,0.498557178980202,25.00111711475545,-0.0013369877571619408,0.0,0.006684938785809703,0.0,0.0,0.0,wltp_class3b,PPO_seed42
197,1.9877,-828.9229855796495,0.0,0.0,0.49855196487825143,25.001117586306325,-0.0015581259127437023,0.0,0.0077906295637185105,0.0,0.0,0.0,wltp_class3b,PPO_seed42
198,2.171,-956.3148537943863,0.0,0.0,0.4985459494424457,25.001118276506183,-0.0017975843116435832,0.0,0.008987921558217916,0.0,0.0,0.0,wltp_class3b,PPO_seed42
199,2.3662,-1087.3284524900896,0.0,0.0,0.498539109885429,25.001119224488455,-0.0020438504746054316,0.0,0.010219252373027158,0.0,0.0,0.0,wltp_class3b,PPO_seed42
200,2.5698,-1215.9797756196115,0.0,0.0,0.4985314610596588,25.001120458444166,-0.002285676269961676,0.0,0.011428381349808378,0.0,0.0,0.0,wltp_class3b,PPO_seed42
201,2.7778,-1335.2243242996801,0.0,0.0,0.4985230621287899,25.00112198714316,-0.0025098201584580456,0.0,0.012549100792290227,0.0,0.0,0.0,wltp_class3b,PPO_seed42
202,2.9857,-1436.7889131776128,0.0,0.0,0.49851402429740516,25.00112379053344,-0.002700731039807543,0.0,0.013503655199037715,0.0,0.0,0.0,wltp_class3b,PPO_seed42
203,3.1894,-1516.3274938989193,0.0,0.0,0.49850448610933557,25.001125825886493,-0.002850239650185939,0.0,0.014251198250929693,0.0,0.0,0.0,wltp_class3b,PPO_seed42
204,3.3846,-1566.9239243728834,0.0,0.0,0.49849462961532587,25.001128019898005,-0.0029453457225054203,0.0,0.0147267286125271,0.0,0.0,0.0,wltp_class3b,PPO_seed42
205,3.5679,-1588.402429287871,0.0,0.0,0.498484637974814,25.001130290185767,-0.0029857188520448705,0.0,0.01492859426022435,0.0,0.0,0.0,wltp_class3b,PPO_seed42
206,3.7364,-1580.09176623433,0.0,0.0,0.4984746985727727,25.001132548482943,-0.002970097304951748,0.0,0.01485048652475874,0.0,0.0,0.0,wltp_class3b,PPO_seed42
207,3.8883,-1546.5632404202968,0.0,0.0,0.49846497004192,25.001134720853187,-0.002907073760188528,0.0,0.014535368800942639,0.0,0.0,0.0,wltp_class3b,PPO_seed42
208,4.0229,-1494.3495153812366,0.0,0.0,0.4984555699241113,25.00113675614137,-0.0028089276604910465,0.0,0.014044638302455231,0.0,0.0,0.0,wltp_class3b,PPO_seed42
209,4.1402,-1428.8274380823134,0.0,0.0,0.49844658193989433,25.00113862283779,-0.00268576586105698,0.0,0.0134288293052849,0.0,0.0,0.0,wltp_class3b,PPO_seed42
210,4.2418,-1362.413200890655,0.0,0.0,0.4984380117067921,25.001140325892187,-0.0025609270693433364,0.0,0.012804635346716681,0.0,0.0,0.0,wltp_class3b,PPO_seed42
211,4.3299,-1301.69788552182,0.0,0.0,0.49842982338074576,25.001141886638784,-0.0024468005366951504,0.0,0.01223400268347575,0.0,0.0,0.0,wltp_class3b,PPO_seed42
212,4.4078,-1256.9378875977268,0.0,0.0,0.4984219165988553,25.001143348723705,-0.0023626652022513666,0.0,0.011813326011256831,0.0,0.0,0.0,wltp_class3b,PPO_seed42
213,4.4793,-1234.4008602179422,0.0,0.0,0.4984141515699583,25.001144766530984,-0.002320302368830719,0.0,0.011601511844153593,0.0,0.0,0.0,wltp_class3b,PPO_seed42
214,4.5485,-1238.86243584008,0.0,0.0,0.4984063584599676,25.00114620310548,-0.002328688789173083,0.0,0.011643443945865414,0.0,0.0,0.0,wltp_class3b,PPO_seed42
215,4.62,-1276.640678877669,0.0,0.0,0.4983983276889196,25.001147737838618,-0.002399700524206145,0.0,0.011998502621030723,0.0,0.0,0.0,wltp_class3b,PPO_seed42
216,4.6978,-1346.1730383698725,0.0,0.0,0.49838985950398546,25.001149453869505,-0.0025304004480636703,0.0,0.012652002240318351,0.0,0.0,0.0,wltp_class3b,PPO_seed42
217,4.786,-1451.2197360409273,0.0,0.0,0.4983807304960725,25.00115145775938,-0.0027278566466934725,0.0,0.013639283233467362,0.0,0.0,0.0,wltp_class3b,PPO_seed42
218,4.8875,-1585.9256188970046,0.0,0.0,0.4983707540854269,25.00115386033897,-0.0029810631934154225,0.0,0.014905315967077112,0.0,0.0,0.0,wltp_class3b,PPO_seed42
219,5.0049,-1751.2140424559975,0.0,0.0,0.4983597378805998,25.00115679880225,-0.0032917557189022515,0.0,0.016458778594511256,0.0,0.0,0.0,wltp_class3b,PPO_seed42
220,5.1394,-1939.092500515258,0.0,0.0,0.49834753976396234,25.001160410378127,-0.0036449107152542446,0.0,0.018224553576271223,0.0,0.0,0.0,wltp_class3b,PPO_seed42
221,5.2914,-2145.4015239229548,0.0,0.0,0.4983340437796028,25.001164840134454,-0.004032709631434125,0.0,0.020163548157170627,0.0,0.0,0.0,wltp_class3b,PPO_seed42
222,5.4599,-2359.653175901899,0.0,0.0,0.4983191999436529,25.001170208465204,-0.00443543830056748,0.0,0.022177191502837396,0.0,0.0,0.0,wltp_class3b,PPO_seed42
223,5.6432,-2575.5203086993974,0.0,0.0,0.4983029980712504,25.001176615087232,-0.004841203587780823,0.0,0.02420601793890411,0.0,0.0,0.0,wltp_class3b,PPO_seed42
224,5.8384,-2780.3509148270837,0.0,0.0,0.4982855075657576,25.00118409546848,-0.00522622352411106,0.0,0.026131117620555297,0.0,0.0,0.0,wltp_class3b,PPO_seed42
225,6.042,-2964.821289094812,0.0,0.0,0.4982668564839726,25.001192620073226,-0.0055729723479225795,0.0,0.027864861739612896,0.0,0.0,0.0,wltp_class3b,PPO_seed42
226,6.25,-3119.0284559461825,0.0,0.0,0.49824723518294,25.00120207946986,-0.005862835443507863,0.0,0.02931417721753931,0.0,0.0,0.0,wltp_class3b,PPO_seed42
227,6.458,-3232.8321482642154,0.0,0.0,0.49822689781589474,25.00121227522143,-0.006076752158391383,0.0,0.030383760791956912,0.0,0.0,0.0,wltp_class3b,PPO_seed42
228,6.6616,-3299.584635088801,0.0,0.0,0.4982061403643108,25.001222940401085,-0.006202226757685716,0.0,0.03101113378842858,0.0,0.0,0.0,wltp_class3b,PPO_seed42
229,6.8568,-3317.2765688836016,0.0,0.0,0.49818527146021724,25.001233776361055,-0.0062354822723375974,0.0,0.031177411361687984,0.0,0.0,0.0,wltp_class3b,PPO_seed42
230,7.0401,-3286.1440214681816,0.0,0.0,0.4981645982608505,25.0012444793989,-0.0061769624463687625,0.0,0.030884812231843813,0.0,0.0,0.0,wltp_class3b,PPO_seed42
231,7.2086,-3208.9789308817876,0.0,0.0,0.49814441036907636,25.001254769552965,-0.006031915283612383,0.0,0.030159576418061915,0.0,0.0,0.0,wltp_class3b,PPO_seed42
232,7.3606,-3097.2723824722652,0.0,0.0,0.4981249251046054,25.00126445228816,-0.00582194056855689,0.0,0.029109702842784448,0.0,0.0,0.0,wltp_class3b,PPO_seed42
233,7.4951,-2958.6107118363066,0.0,0.0,0.49810631206563205,25.00127339572429,-0.005561298330519373,0.0,0.027806491652596865,0.0,0.0,0.0,wltp_class3b,PPO_seed42
234,7.6125,-2810.372086371012,0.0,0.0,0.4980886315241155,25.00128157987978,-0.005282654297689872,0.0,0.02641327148844936,0.0,0.0,0.0,wltp_class3b,PPO_seed42
235,7.714,-2664.082400995883,0.0,0.0,0.49807187123964086,25.0012890500652,-0.005007673686082487,0.0,0.025038368430412433,0.0,0.0,0.0,wltp_class3b,PPO_seed42
236,7.8022,-2539.3806134225315,0.0,0.0,0.4980558954162194,25.0012959437494,-0.004773271829741601,0.0,0.023866359148708004,0.0,0.0,0.0,wltp_class3b,PPO_seed42
237,7.88,-2442.854792441776,0.0,0.0,0.4980405268061369,25.001302414216127,-0.00459183231661988,0.0,0.0229591615830994,0.0,0.0,0.0,wltp_class3b,PPO_seed42
238,7.9515,-2392.3696355098773,0.0,0.0,0.4980254757655621,25.001308680908465,-0.004496935405093754,0.0,0.02248467702546877,0.0,0.0,0.0,wltp_class3b,PPO_seed42
239,8.0207,-2389.6881460743857,0.0,0.0,0.49801044155349594,25.001314959900075,-0.0044918950114180185,0.0,0.022459475057090093,0.0,0.0,0.0,wltp_class3b,PPO_seed42
240,8.0922,-2445.4057287071846,0.0,0.0,0.49799505676487577,25.00132151741312,-0.004596627309599971,0.0,0.022983136547999855,0.0,0.0,0.0,wltp_class3b,PPO_seed42
241,8.1701,-2556.3492021680536,0.0,0.0,0.49797897395195295,25.001328625223326,-0.004805167673248221,0.0,0.024025838366241104,0.0,0.0,0.0,wltp_class3b,PPO_seed42
242,8.2119,-2111.5792174639023,0.0,0.0,0.4979656892880353,25.00133379908426,-0.00396913386741335,0.0,0.01984566933706675,0.0,0.0,0.0,wltp_class3b,PPO_seed42
243,8.2672,-2303.82458902879,0.0,0.0,0.4979511951210584,25.00133978566371,-0.0043304973477984775,0.0,0.021652486738992387,0.0,0.0,0.0,wltp_class3b,PPO_seed42
244,8.3383,-2534.343483253878,0.0,0.0,0.49793525064463184,25.001346844880416,-0.004763803539950899,0.0,0.023819017699754492,0.0,0.0,0.0,wltp_class3b,PPO_seed42
245,8.4265,-2792.5968734233097,0.0,0.0,0.49791768135105086,25.001355232508928,-0.005249242243276898,0.0,0.02624621121638449,0.0,0.0,0.0,wltp_class3b,PPO_seed42
246,8.5321,-3067.4820714749335,0.0,0.0,0.49789838257748614,25.00136518164204,-0.005765943743373935,0.0,0.028829718716869675,0.0,0.0,0.0,wltp_class3b,PPO_seed42
247,8.6544,-3346.9327832542895,0.0,0.0,0.4978773255692296,25.00137687564474,-0.006291227036192274,0.0,0.03145613518096137,0.0,0.0,0.0,wltp_class3b,PPO_seed42
248,8.7913,-3611.839593766336,0.0,0.0,0.4978546017931368,25.0013903746745,-0.006789172168733714,0.0,0.03394586084366857,0.0,0.0,0.0,wltp_class3b,PPO_seed42
249,8.9403,-3855.171977873587,0.0,0.0,0.497830346947742,25.00140566539101,-0.007246563868183434,0.0,0.03623281934091717,0.0,0.0,0.0,wltp_class3b,PPO_seed42
250,9.0976,-4055.5873277875544,0.0,0.0,0.4978048310111728,25.001422539887635,-0.007623284450728487,0.0,0.03811642225364243,0.0,0.0,0.0,wltp_class3b,PPO_seed42
251,9.2593,-4207.150530269331,0.0,0.0,0.49777836131041225,25.001440692488053,-0.007908177688476186,0.0,0.039540888442380934,0.0,0.0,0.0,wltp_class3b,PPO_seed42
252,9.4209,-4295.775396160266,0.0,0.0,0.4977513338081578,25.001459658701165,-0.008074765782256138,0.0,0.04037382891128069,0.0,0.0,0.0,wltp_class3b,PPO_seed42
253,9.5783,-4321.752969794014,0.0,0.0,0.4977241426507979,25.001478941667397,-0.008123595807883485,0.0,0.04061797903941742,0.0,0.0,0.0,wltp_class3b,PPO_seed42
254,9.7272,-4276.706215126472,0.0,0.0,0.49769723470605565,25.001497964092458,-0.008038921457004645,0.0,0.04019460728502323,0.0,0.0,0.0,wltp_class3b,PPO_seed42
255,9.8642,-4169.856646575481,0.0,0.0,0.49767099883841015,25.00151623541143,-0.007838076403337372,0.0,0.039190382016686856,0.0,0.0,0.0,wltp_class3b,PPO_seed42
256,9.9864,-4005.799193224971,0.0,0.0,0.4976457950147767,25.001533333528762,-0.007529697731625886,0.0,0.03764848865812943,0.0,0.0,0.0,wltp_class3b,PPO_seed42
257,10.092,-3800.0984261520684,0.0,0.0,0.4976218852816738,25.00154899760239,-0.007143042154421181,0.0,0.035715210772105904,0.0,0.0,0.0,wltp_class3b,PPO_seed42
258,10.1803,-3570.062247816686,0.0,0.0,0.49759942279051494,25.0015631292289,-0.006710643322963696,0.0,0.03355321661481848,0.0,0.0,0.0,wltp_class3b,PPO_seed42
259,10.2513,-3327.8006723575418,0.0,0.0,0.4975784844971448,25.001575736202838,-0.006255264421724704,0.0,0.031276322108623515,0.0,0.0,0.0,wltp_class3b,PPO_seed42
260,10.3066,-3100.907929662345,0.0,0.0,0.49755897373284563,25.00158700349517,-0.005828774303876589,0.0,0.02914387151938294,0.0,0.0,0.0,wltp_class3b,PPO_seed42
261,10.3485,-2903.0533904927142,0.0,0.0,0.4975407078151777,25.001597172244825,-0.005456867275362245,0.0,0.027284336376811224,0.0,0.0,0.0,wltp_class3b,PPO_seed42
262,10.38,-2747.9361075390193,0.0,0.0,0.49752341786082194,25.001606524059323,-0.00516529343522372,0.0,0.0258264671761186,0.0,0.0,0.0,wltp_class3b,PPO_seed42
263,10.4052,-2655.8299742436316,0.0,0.0,0.4975067074170572,25.00161540734484,-0.004992161605721112,0.0,0.02496080802860556,0.0,0.0,0.0,wltp_class3b,PPO_seed42
264,10.4281,-2627.2807412505476,0.0,0.0,0.4974901765910604,25.0016241444561,-0.004938497633929601,0.0,0.024692488169648003,0.0,0.0,0.0,wltp_class3b,PPO_seed42
265,10.4533,-2674.252423067037,0.0,0.0,0.49747335020745886,25.001633111943576,-0.005026790268923002,0.0,0.02513395134461501,0.0,0.0,0.0,wltp_class3b,PPO_seed42
266,10.4849,-2790.7845802362067,0.0,0.0,0.49745579058835193,25.00164267967863,-0.005245835677135727,0.0,0.026229178385678634,0.0,0.0,0.0,wltp_class3b,PPO_seed42
267,10.5267,-2974.351644436365,0.0,0.0,0.49743707594075787,25.00165325348824,-0.005590886549692416,0.0,0.02795443274846208,0.0,0.0,0.0,wltp_class3b,PPO_seed42
268,10.582,-3219.436872687494,0.0,0.0,0.4974168191756264,25.001665279319944,-0.006051573068961456,0.0,0.030257865344807275,0.0,0.0,0.0,wltp_class3b,PPO_seed42
269,10.6531,-3512.322334934708,0.0,0.0,0.4973947195081878,25.001679200905837,-0.006602109652132911,0.0,0.03301054826066455,0.0,0.0,0.0,wltp_class3b,PPO_seed42
270,10.7413,-3838.997019781837,0.0,0.0,0.49737056430136795,25.001695442251116,-0.007216159811619995,0.0,0.03608079905809997,0.0,0.0,0.0,wltp_class3b,PPO_seed42
271,10.8469,-4184.817918346944,0.0,0.0,0.4973442330425983,25.001714375914112,-0.007866199094637113,0.0,0.03933099547318556,0.0,0.0,0.0,wltp_class3b,PPO_seed42
272,10.9692,-4534.106899492026,0.0,0.0,0.49731570385853047,25.0017362786309,-0.00852275732987223,0.0,0.04261378664936115,0.0,0.0,0.0,wltp_class3b,PPO_seed42
273,11.1061,-4862.593248570783,0.0,0.0,0.49728510758440087,25.001761210693395,-0.009140212873253352,0.0,0.04570106436626675,0.0,0.0,0.0,wltp_class3b,PPO_seed42
274,11.2551,-5161.6494495776415,0.0,0.0,0.49725262934116643,25.00178910837339,-0.009702348589431658,0.0,0.048511742947158286,0.0,0.0,0.0,wltp_class3b,PPO_seed42
275,11.4124,-5404.978673582549,0.0,0.0,0.4972186197201083,25.001819586974076,-0.010159734348839378,0.0,0.05079867174419689,0.0,0.0,0.0,wltp_class3b,PPO_seed42
276,11.5741,-5585.986923347061,0.0,0.0,0.4971834708171598,25.00185211177485,-0.010499975419825303,0.0,0.05249987709912651,0.0,0.0,0.0,wltp_class3b,PPO_seed42
277,11.7357,-5688.057417725803,0.0,0.0,0.4971476793049105,25.00188590090155,-0.010691837251364293,0.0,0.05345918625682146,0.0,0.0,0.0,wltp_class3b,PPO_seed42
278,11.8931,-5712.56284152794,0.0,0.0,0.49711173324236185,25.001920136010934,-0.01073790007806004,0.0,0.05368950039030019,0.0,0.0,0.0,wltp_class3b,PPO_seed42
279,12.042,-5650.008882110469,0.0,0.0,0.4970761804556393,25.00195388050621,-0.01062031744757607,0.0,0.053101587237880346,0.0,0.0,0.0,wltp_class3b,PPO_seed42
280,12.179,-5512.521857766414,0.0,0.0,0.4970414924909622,25.001986348065536,-0.010361883191290252,0.0,0.051809415956451256,0.0,0.0,0.0,wltp_class3b,PPO_seed42
281,12.3012,-5306.194255701983,0.0,0.0,0.4970081025766984,25.00201686563048,-0.009974049352823276,0.0,0.04987024676411638,0.0,0.0,0.0,wltp_class3b,PPO_seed42
282,12.4069,-5052.331275134843,0.0,0.0,0.49697630988952585,25.002045038001466,-0.009496863299125646,0.0,0.047484316495628225,0.0,0.0,0.0,wltp_class3b,PPO_seed42
283,12.4951,-4764.184504258099,0.0,0.0,0.49694633022396123,25.00207065348758,-0.008955234030560337,0.0,0.044776170152801685,0.0,0.0,0.0,wltp_class3b,PPO_seed42
284,12.5662,-4470.153196591128,0.0,0.0,0.4969182006658612,25.002093792891195,-0.008402543602614903,0.0,0.04201271801307451,0.0,0.0,0.0,wltp_class3b,PPO_seed42
285,12.6214,-4187.9026398973265,0.0,0.0,0.49689184713115003,25.00211468609531,-0.007871997443416028,0.0,0.03935998721708014,0.0,0.0,0.0,wltp_class3b,PPO_seed42
286,12.6633,-3947.6769973372025,0.0,0.0,0.4968670052065413,25.00213377047782,-0.007420445483716547,0.0,0.03710222741858273,0.0,0.0,0.0,wltp_class3b,PPO_seed42
287,12.6948,-3758.0650284688045,0.0,0.0,0.496843356419842,25.002151491172338,-0.0070640320084000095,0.0,0.035320160042000046,0.0,0.0,0.0,wltp_class3b,PPO_seed42
288,12.72,-3645.6425765759977,0.0,0.0,0.49682041505201624,25.002168426363156,-0.00685271161010526,0.0,0.0342635580505263,0.0,0.0,0.0,wltp_class3b,PPO_seed42
289,12.743,-3612.998125792701,0.0,0.0,0.4967976790849562,25.00218512972163,-0.006791349860512597,0.0,0.03395674930256298,0.0,0.0,0.0,wltp_class3b,PPO_seed42
290,12.7681,-3666.6144731396303,0.0,0.0,0.49677460569685067,25.00220219215747,-0.0068921324683075755,0.0,0.03446066234153788,0.0,0.0,0.0,wltp_class3b,PPO_seed42
291,12.7997,-3811.167874064151,0.0,0.0,0.4967506226302112,25.002220271924035,-0.00716384938733863,0.0,0.035819246936693146,0.0,0.0,0.0,wltp_class3b,PPO_seed42
292,12.8415,-4035.4306761765592,0.0,0.0,0.49672522827102245,25.0022400235641,-0.007585396007850676,0.0,0.03792698003925338,0.0,0.0,0.0,wltp_class3b,PPO_seed42
293,12.8968,-4334.397526837627,0.0,0.0,0.49669795249145204,25.002262168401458,-0.00814736377225118,0.0,0.040736818861255894,0.0,0.0,0.0,wltp_class3b,PPO_seed42
294,12.9679,-4690.988970180296,0.0,0.0,0.49666843262795224,25.00228740855443,-0.008817648440188527,0.0,0.04408824220094263,0.0,0.0,0.0,wltp_class3b,PPO_seed42
295,13.0561,-5087.746500099882,0.0,0.0,0.49663641586590046,25.002316398935765,-0.00956343327086444,0.0,0.0478171663543222,0.0,0.0,0.0,wltp_class3b,PPO_seed42
296,13.1617,-5506.492438426617,0.0,0.0,0.4966017637660104,25.002349698428933,-0.010350549696290633,0.0,0.05175274848145316,0.0,0.0,0.0,wltp_class3b,PPO_seed42
297,13.284,-5927.9236301310675,0.0,0.0,0.49656445934972554,25.002387703239968,-0.011142713590471932,0.0,0.055713567952359655,0.0,0.0,0.0,wltp_class3b,PPO_seed42
298,13.421,-6324.724430036946,0.0,0.0,0.4965246575276139,25.00243048889407,-0.011888579755708546,0.0,0.059442898778542724,0.0,0.0,0.0,wltp_class3b,PPO_seed42
299,13.5699,-6678.044572302751,0.0,0.0,0.496482631836623,25.002477835187452,-0.012552715361471338,0.0,0.06276357680735668,0.0,0.0,0.0,wltp_class3b,PPO_seed42
300,13.7272,-6969.361830320315,0.0,0.0,0.4964387723857398,25.002529186739054,-0.01310030419233142,0.0,0.0655015209616571,0.0,0.0,0.0,wltp_class3b,PPO_seed42
301,13.8889,-7182.861303091286,0.0,0.0,0.4963935688292534,25.00258366521006,-0.013501618990773094,0.0,0.06750809495386546,0.0,0.0,0.0,wltp_class3b,PPO_seed42
302,13.7265,-142.5109003774225,0.0,0.0,0.49639267196162645,25.002589622674,-0.0002678776322883882,0.0,0.0013393881614419407,0.0,0.0,0.0,wltp_class3b,PPO_seed42
303,13.5597,-11.808250895909326,0.0,0.0,0.49639259764941057,25.002595153026807,-2.219596033065663e-05,0.0,0.00011097980165328314,0.0,0.0,0.0,wltp_class3b,PPO_seed42
304,13.3846,0.0,0.0,142.6725278125314,0.49639259764941057,25.002600289349434,0.0,0.0,0.0,0.0,0.0,0.0,wltp_class3b,PPO_seed42
305,13.1975,0.0,0.0,345.7445219208307,0.49639259764941057,25.002605056501462,0.0,0.0,0.0,0.0,0.0,0.0,wltp_class3b,PPO_seed42
306,12.9957,0.0,0.0,583.3997089934516,0.49639259764941057,25.002609478690086,0.0,0.0,0.0,0.0,0.0,0.0,wltp_class3b,PPO_seed42
307,12.7772,0.0,0.0,842.9319677127837,0.49639259764941057,25.002613578535584,0.0,0.0,0.0,0.0,0.0,0.0,wltp_class3b,PPO_seed42
308,12.5414,0.0,0.0,1101.966518254154,0.49639259764941057,25.002617377175344,0.0,0.0,0.0,0.0,0.0,0.0,wltp_class3b,PPO_seed42
309,12.2884,1349.027871719179,0.0,0.0,0.49640108680259676,25.002622616307512,0.07300979414011015,0.0,0.012678833380819352,0.05396111486876716,0.0,0.0,wltp_class3b,PPO_seed42
310,12.0196,1565.3512215779015,0.0,0.0,0.4964109370830648,25.002628086703762,0.0847172788941183,0.0,0.01471194757122088,0.06261404886311606,0.0,0.0,wltp_class3b,PPO_seed42
311,11.7373,1739.2642988190269,0.0,0.0,0.4964218815754335,25.002633748772002,0.0941295069390929,0.0,0.016346468973863035,0.06957057195276108,0.0,0.0,wltp_class3b,PPO_seed42
312,11.4448,1859.4068254526069,0.0,0.0,0.49643358189319664,25.002639484616658,0.10063165661359295,0.0,0.017475628058765104,0.07437627301810427,0.0,0.0,wltp_class3b,PPO_seed42
313,11.1459,1922.491051659076,0.0,0.0,0.49644567897995656,25.002645131355962,0.10404579390858668,0.0,0.01806852492160786,0.07689964206636304,0.0,0.0,wltp_class3b,PPO_seed42
314,10.8448,1927.572636535933,0.0,0.0,0.496457807856475,25.00265050519016,0.10432081081041837,0.0,0.018116284177969295,0.07710290546143732,0.0,0.0,wltp_class3b,PPO_seed42
315,10.5459,1876.9073844336617,0.0,0.0,0.49646961775655607,25.0026554307744,0.10157879212897367,0.0,0.01764010699655697,0.07507629537734647,0.0,0.0,wltp_class3b,PPO_seed42
316,10.2534,1777.670626288059,0.0,0.0,0.49648080307921155,25.00265977405491,0.0962080689324921,0.0,0.016707430698196045,0.07110682505152237,0.0,0.0,wltp_class3b,PPO_seed42
317,9.9712,1637.7263121048013,0.0,0.0,0.49649110771703725,25.00266345276246,0.08863424056037864,0.0,0.01539216458745114,0.06550905248419205,0.0,0.0,wltp_class3b,PPO_seed42
318,9.7024,1469.610150371921,0.0,0.0,0.49650035444605817,25.00266645092577,0.07953574332614351,0.0,0.01381212547342031,0.05878440601487684,0.0,0.0,wltp_class3b,PPO_seed42
319,9.4494,1283.3887095901382,0.0,0.0,0.4965084293843139,25.00266880221308,0.06945738294458507,0.0,0.012061923962313328,0.05133554838360553,0.0,0.0,wltp_class3b,PPO_seed42
320,9.2135,1092.0057273243126,0.0,0.0,0.4965153000902353,25.002670583946784,0.05909967838556693,0.0,0.010263211722972863,0.043680229092972506,0.0,0.0,wltp_class3b,PPO_seed42
321,8.9951,787.1387526392937,0.0,117.76930193470116,0.4965202525803909,25.002671704183665,0.04260018602629801,0.0,0.007397920607512158,0.03148555010557175,0.0,0.0,wltp_class3b,PPO_seed42
322,8.7932,0.0,0.0,735.4220139329864,0.4965202525803909,25.002672140618103,0.0,0.0,0.0,0.0,0.0,0.0,wltp_class3b,PPO_seed42
323,8.6061,0.0,0.0,588.9389624277339,0.4965202525803909,25.002672515926747,0.0,0.0,0.0,0.0,0.0,0.0,wltp_class3b,PPO_seed42
324,8.431,0.0,0.0,474.25484394577154,0.4965202525803909,25.002672834122755,0.0,0.0,0.0,0.0,0.0,0.0,wltp_class3b,PPO_seed42
325,8.2643,0.0,0.0,396.83086539540113,0.4965202525803909,25.0026730989562,0.0,0.0,0.0,0.0,0.0,0.0,wltp_class3b,PPO_seed42
326,8.1019,0.0,0.0,359.09897274111876,0.4965202525803909,25.002673313931314,0.0,0.0,0.0,0.0,0.0,0.0,wltp_class3b,PPO_seed42
327,7.9395,0.0,0.0,360.6270583165505,0.4965202525803909,25.002673482322603,0.0,0.0,0.0,0.0,0.0,0.0,wltp_class3b,PPO_seed42
328,7.7727,0.0,0.0,399.9487282370691,0.4965202525803909,25.002673607189912,0.0,0.0,0.0,0.0,0.0,0.0,wltp_class3b,PPO_seed42
329,7.5976,0.0,0.0,470.19283619794635,0.4965202525803909,25.002673691392495,0.0,0.0,0.0,0.0,0.0,0.0,wltp_class3b,PPO_seed42
330,7.4105,0.0,0.0,566.9899186181405,0.4965202525803909,25.002673737602166,0.0,0.0,0.0,0.0,0.0,0.0,wltp_class3b,PPO_seed42
331,7.2086,361.0627260059118,0.0,318.945736559201,0.49652252419112264,25.00267387161435,0.019540823321733482,0.0,0.0033934466729878933,0.014442509040236473,0.0,0.0,wltp_class3b,PPO_seed42
332,6.9902,797.7302414464511,0.0,0.0,0.4965275430516525,25.002674441301213,0.04317340058595154,0.0,0.007497464675248601,0.03190920965785805,0.0,0.0,wltp_class3b,PPO_seed42
333,6.7543,912.4325672232858,0.0,0.0,0.4965332835167018,25.00267514566401,0.04938112495393391,0.0,0.00857549405285043,0.03649730268893143,0.0,0.0,wltp_class3b,PPO_seed42
334,6.5013,1011.9664623209388,0.0,0.0,0.4965396501459823,25.002675982072343,0.05476792929162494,0.0,0.009510962991738148,0.040478658492837556,0.0,0.0,wltp_class3b,PPO_seed42
335,6.2325,1089.4165755098927,0.0,0.0,0.49654650399455963,25.002676925636585,0.05895955271067825,0.0,0.01023887758937869,0.04357666302039571,0.0,0.0,wltp_class3b,PPO_seed42
336,5.9503,1138.0218482438165,0.0,0.0,0.4965536635851028,25.00267792780168,0.061590084689165346,0.0,0.010695694062441885,0.04552087392975266,0.0,0.0,wltp_class3b,PPO_seed42
337,5.6578,1155.452920080059,0.0,0.0,0.49656093279014013,25.0026789275715,0.0625334595393704,0.0,0.010859519925564463,0.046218116803202355,0.0,0.0,wltp_class3b,PPO_seed42
338,5.3589,1140.2680467442058,0.0,0.0,0.4965681064166695,25.002679858210072,0.06171164962755482,0.0,0.010716804950603438,0.04561072186976823,0.0,0.0,wltp_class3b,PPO_seed42
339,5.0578,1095.355041377994,0.0,0.0,0.4965749974440612,25.00268066204737,0.05928094426946466,0.0,0.01029469023851498,0.04381420165511976,0.0,0.0,wltp_class3b,PPO_seed42
340,4.7589,1024.788201107223,0.0,0.0,0.4965814444874236,25.00268129692277,0.05546184565090068,0.0,0.009631468055519012,0.04099152804428892,0.0,0.0,wltp_class3b,PPO_seed42
341,4.4664,934.8703608129605,0.0,0.0,0.49658732581627096,25.002681741910283,0.05059546509121571,0.0,0.00878637557155038,0.03739481443251842,0.0,0.0,wltp_class3b,PPO_seed42
342,4.1841,832.2932279438464,0.0,0.0,0.49659256179942896,25.002681996135756,0.045043959810073725,0.0,0.007822304773908332,0.033291729117753854,0.0,0.0,wltp_class3b,PPO_seed42
343,3.9153,723.220927421567,0.0,0.0,0.4965971115846501,25.002682074067355,0.03914093410210857,0.0,0.006797189167495931,0.02892883709686268,0.0,0.0,wltp_class3b,PPO_seed42
344,3.6623,614.6417037054628,0.0,0.0,0.49660097828210226,25.002682001799997,0.033264593859187376,0.0,0.005776707741592695,0.024585668148218512,0.0,0.0,wltp_class3b,PPO_seed42
345,3.4265,511.4758162640108,0.0,0.0,0.49660419595392813,25.002681809372596,0.02768122500352142,0.0,0.004807103536315891,0.02045903265056043,0.0,0.0,wltp_class3b,PPO_seed42
346,3.208,418.66394936837526,0.0,0.0,0.4966068297423763,25.002681527084736,0.022658218853786202,0.0,0.003934811554214053,0.01674655797473501,0.0,0.0,wltp_class3b,PPO_seed42
347,3.0062,337.6902923563874,0.0,0.0,0.4966089541250907,25.00268118030891,0.018275900183317866,0.0,0.0031737809431991297,0.013507611694255494,0.0,0.0,wltp_class3b,PPO_seed42
348,2.8191,271.5557364504415,0.0,0.0,0.49661066245672386,25.002680790159662,0.014696678127596074,0.0,0.002552215568143247,0.01086222945801766,0.0,0.0,wltp_class3b,PPO_seed42
349,2.644,220.22055366041033,0.0,0.0,0.49661204784082963,25.0026803718619,0.011918402595846868,0.0,0.002069742045680548,0.008808822146416413,0.0,0.0,wltp_class3b,PPO_seed42
350,2.4772,184.19236366065752,0.0,0.0,0.49661320657342867,25.0026799362623,0.009968546117514382,0.0,0.0017311312374121948,0.007367694546426301,0.0,0.0,wltp_class3b,PPO_seed42
351,2.3148,161.46977033225943,0.0,0.0,0.49661422235929004,25.00267949026348,0.008738792532718823,0.0,0.0015175730294385284,0.006458790813290378,0.0,0.0,wltp_class3b,PPO_seed42
352,2.1524,150.80028034838026,0.0,0.0,0.4966151710234041,25.002679038544162,0.008161356525922113,0.0,0.0014172958679359046,0.00603201121393521,0.0,0.0,wltp_class3b,PPO_seed42
353,1.9857,149.26206232397726,0.0,0.0,0.4966161100095499,25.00267858410578,0.00807810770381946,0.0,0.0014028389316163277,0.00597048249295909,0.0,0.0,wltp_class3b,PPO_seed42
354,1.8105,153.83652376599812,0.0,0.0,0.4966170777717351,25.002678128905654,0.008325678932839507,0.0,0.0014458319902819373,0.006153460950639925,0.0,0.0,wltp_class3b,PPO_seed42
355,1.3889,502.0959000130289,0.0,0.0,0.4966202363767498,25.002677887803067,0.027173581114990842,0.0,0.004718946428693881,0.020083836000521157,0.0,0.0,wltp_class3b,PPO_seed42
356,1.1574,172.27071089153253,0.0,0.0,0.4966213201016155,25.0026774329919,0.009323342684189858,0.0,0.0016190856286798171,0.006890828435661301,0.0,0.0,wltp_class3b,PPO_seed42
357,0.9259,138.00198544747863,0.0,0.0,0.4966221882468869,25.00267696662066,0.007468708956774069,0.0,0.0012970111414236714,0.005520079417899146,0.0,0.0,wltp_class3b,PPO_seed42
358,0.6944,103.60765221858276,0.0,0.0,0.49662284002301094,25.0026764911743,0.005607277298265854,0.0,0.0009737561298738981,0.00414430608874331,0.0,0.0,wltp_class3b,PPO_seed42
359,0.463,69.08217421637917,0.0,0.0,0.496623274605501,25.00267600912135,0.00373874804518419,0.0,0.0006492685546652178,0.0027632869686551667,0.0,0.0,wltp_class3b,PPO_seed42
360,0.2315,34.5827177770474,0.0,0.0,0.49662349215847423,25.00267552293227,0.0018716270869111819,0.0,0.0003250255430173628,0.001383308711081896,0.0,0.0,wltp_class3b,PPO_seed42
361,0.0,0.0,0.0,0.0,0.49662349215847423,25.002675035043538,0.0,0.0,0.0,0.0,0.0,0.0,wltp_class3b,PPO_seed42
362,0.0926,-27.46974081981801,0.0,0.0,0.49662331935200277,25.002674547461872,-5.163485116507145e-05,0.0,0.0002581742558253572,0.0,0.0,0.0,wltp_class3b,PPO_seed42
363,0.1852,-54.94227322521074,0.0,0.0,0.49662297372161995,25.002674061735256,-0.00010327494967144877,0.0,0.0005163747483572438,0.0,0.0,0.0,wltp_class3b,PPO_seed42
364,0.2778,-82.42038880175292,0.0,0.0,0.49662245523226883,25.002673579400206,-0.00015492554286043782,0.0,0.0007746277143021891,0.0,0.0,0.0,wltp_class3b,PPO_seed42
365,0.3704,-109.90687913501927,0.0,0.0,0.4966217638312778,25.002673101985078,-0.0002065918780733445,0.0,0.0010329593903667224,0.0,0.0,0.0,wltp_class3b,PPO_seed42
366,0.463,-137.4045358105845,0.0,0.0,0.4966208994483627,25.00267263101312,-0.00025827920265147463,0.0,0.001291396013257373,0.0,0.0,0.0,wltp_class3b,PPO_seed42
367,0.5556,-164.9161504140233,0.0,0.0,0.49661986199562863,25.00267216800527,-0.000309992763936134,0.0,0.00154996381968067,0.0,0.0,0.0,wltp_class3b,PPO_seed42
368,0.6481,-192.31396068285892,0.0,0.0,0.49661865218885903,25.002671714435238,-0.000361492407298607,0.0,0.0018074620364930349,0.0,0.0,0.0,wltp_class3b,PPO_seed42
369,0.7407,-219.96265884591813,0.0,0.0,0.49661726844959,25.0026712719091,-0.00041346364444721454,0.0,0.0020673182222360727,0.0,0.0,0.0,wltp_class3b,PPO_seed42
370,0.8333,-247.53287112334834,0.0,0.0,0.49661571127133397,25.002670841919205,-0.0004652873517356172,0.0,0.002326436758678086,0.0,0.0,0.0,wltp_class3b,PPO_seed42
371,0.9259,-275.12820465627965,0.0,0.0,0.4966139804957908,25.002670426001114,-0.0005171582794290971,0.0,0.0025857913971454854,0.0,0.0,0.0,wltp_class3b,PPO_seed42
372,1.0185,-302.75145103028717,0.0,0.0,0.49661207594705825,25.002670025699135,-0.0005690816748689609,0.0,0.002845408374344804,0.0,0.0,0.0,wltp_class3b,PPO_seed42
373,1.1111,-330.4054018309453,0.0,0.0,0.49660999743163325,25.002669642568033,-0.0006210627853965138,0.0,0.003105313926982569,0.0,0.0,0.0,wltp_class3b,PPO_seed42
374,1.2037,-358.09284864382886,0.0,0.0,0.49660774473841357,25.00266927817464,-0.0006731068583530618,0.0,0.003365534291765309,0.0,0.0,0.0,wltp_class3b,PPO_seed42
375,1.2963,-385.81658305451253,0.0,0.0,0.4966053176386988,25.002668934099336,-0.0007252191410799108,0.0,0.003626095705399554,0.0,0.0,0.0,wltp_class3b,PPO_seed42
376,1.3889,-413.57939664857105,0.0,0.0,0.49660271588619165,25.002668611937427,-0.0007774048809183667,0.0,0.0038870244045918333,0.0,0.0,0.0,wltp_class3b,PPO_seed42
377,1.5506,-628.8337172130414,0.0,0.0,0.49659876000448905,25.002668502998368,-0.0011820182654380478,0.0,0.005910091327190239,0.0,0.0,0.0,wltp_class3b,PPO_seed42
378,1.7079,-681.4488274632891,0.0,0.0,0.4965944731234906,25.002668461224264,-0.0012809188486152053,0.0,0.006404594243076026,0.0,0.0,0.0,wltp_class3b,PPO_seed42
379,1.8568,-717.1749522392921,0.0,0.0,0.49658996148747536,25.002668469001602,-0.00134807321849491,0.0,0.00674036609247455,0.0,0.0,0.0,wltp_class3b,PPO_seed42
380,1.9938,-733.7990197057798,0.0,0.0,0.4965853452635961,25.002668502166912,-0.001379321465612368,0.0,0.00689660732806184,0.0,0.0,0.0,wltp_class3b,PPO_seed42
381,2.116,-730.6812321075746,0.0,0.0,0.4965807486448393,25.00266853378507,-0.0013734609626082231,0.0,0.006867304813041115,0.0,0.0,0.0,wltp_class3b,PPO_seed42
382,2.2217,-710.7540086121182,0.0,0.0,0.4965762773776875,25.002668541088372,-0.0013360037755866885,0.0,0.006680018877933442,0.0,0.0,0.0,wltp_class3b,PPO_seed42
383,2.3099,-676.6308335473026,0.0,0.0,0.49657202076826007,25.00266850642547,-0.001271862469073877,0.0,0.006359312345369385,0.0,0.0,0.0,wltp_class3b,PPO_seed42
384,2.381,-634.5886251638116,0.0,0.0,0.49656802863576716,25.00266842226761,-0.001192835761586112,0.0,0.00596417880793056,0.0,0.0,0.0,wltp_class3b,PPO_seed42
385,2.4363,-589.8287457979875,0.0,0.0,0.49656431807830825,25.002668288663553,-0.001108700649996217,0.0,0.005543503249981085,0.0,0.0,0.0,wltp_class3b,PPO_seed42
386,2.4781,-548.2067202880792,0.0,0.0,0.49656086935730354,25.00266811234029,-0.0010304637599399984,0.0,0.005152318799699992,0.0,0.0,0.0,wltp_class3b,PPO_seed42
387,2.5097,-515.6085019389216,0.0,0.0,0.4965576257058466,25.002667904988986,-0.0009691889134190255,0.0,0.004845944567095127,0.0,0.0,0.0,wltp_class3b,PPO_seed42
388,2.5348,-495.32362138570215,0.0,0.0,0.4965545096624633,25.002667679753817,-0.0009310594386949289,0.0,0.004655297193474644,0.0,0.0,0.0,wltp_class3b,PPO_seed42
389,2.5578,-491.6381063987472,0.0,0.0,0.49655141680220316,25.00266745241362,-0.0009241317789450137,0.0,0.004620658894725068,0.0,0.0,0.0,wltp_class3b,PPO_seed42
390,2.5829,-505.09536942640216,0.0,0.0,0.4965482392811263,25.002667239041834,-0.0009494273861398537,0.0,0.004747136930699268,0.0,0.0,0.0,wltp_class3b,PPO_seed42
391,2.6145,-537.961973302903,0.0,0.0,0.4965448549960745,25.002667059453923,-0.00101120671673478,0.0,0.0050560335836739,0.0,0.0,0.0,wltp_class3b,PPO_seed42
392,2.6563,-589.0523302413006,0.0,0.0,0.4965411493018309,25.002666935916753,-0.001107241222258084,0.0,0.00553620611129042,0.0,0.0,0.0,wltp_class3b,PPO_seed42
393,2.7116,-658.7307281659795,0.0,0.0,0.4965370052608442,25.00266689658498,-0.0012382156544473299,0.0,0.006191078272236649,0.0,0.0,0.0,wltp_class3b,PPO_seed42
394,2.7827,-745.0326433177531,0.0,0.0,0.49653231829347155,25.00266697435528,-0.0014004372994694608,0.0,0.007002186497347304,0.0,0.0,0.0,wltp_class3b,PPO_seed42
395,2.8709,-845.851853745528,0.0,0.0,0.49652699706924336,25.002667207056156,-0.0015899470935066319,0.0,0.00794973546753316,0.0,0.0,0.0,wltp_class3b,PPO_seed42
396,2.9766,-959.1018933099443,0.0,0.0,0.49652096338243584,25.0026676372017,-0.0018028231077254595,0.0,0.009014115538627297,0.0,0.0,0.0,wltp_class3b,PPO_seed42
397,3.0988,-1079.3603496288652,0.0,0.0,0.4965141731383549,25.002668304375938,-0.002028872837648243,0.0,0.010144364188241214,0.0,0.0,0.0,wltp_class3b,PPO_seed42
398,3.2358,-1203.2203552786832,0.0,0.0,0.4965066036737572,25.002669245340513,-0.002261692397140382,0.0,0.01130846198570191,0.0,0.0,0.0,wltp_class3b,PPO_seed42
399,3.3847,-1323.197947057995,0.0,0.0,0.49649827940615565,25.002670480759146,-0.002487214186199239,0.0,0.012436070930996194,0.0,0.0,0.0,wltp_class3b,PPO_seed42
400,3.542,-1433.2355312063407,0.0,0.0,0.4964892628612471,25.002672012292756,-0.002694051750387859,0.0,0.013470258751939293,0.0,0.0,0.0,wltp_class3b,PPO_seed42
401,3.7037,-1526.558304838699,0.0,0.0,0.4964796591857648,25.002673815822686,-0.0028694704978171038,0.0,0.014347352489085518,0.0,0.0,0.0,wltp_class3b,PPO_seed42
402,3.8654,-1595.978522310283,0.0,0.0,0.4964696187464162,25.002675836565775,-0.002999959628402788,0.0,0.014999798142013939,0.0,0.0,0.0,wltp_class3b,PPO_seed42
403,4.0227,-1636.317436982306,0.0,0.0,0.4964593244922615,25.002677994068492,-0.0030757846559817783,0.0,0.01537892327990889,0.0,0.0,0.0,wltp_class3b,PPO_seed42
404,4.1716,-1645.3591915070506,0.0,0.0,0.49644897331569005,25.00268019398106,-0.003092780435163629,0.0,0.015463902175818145,0.0,0.0,0.0,wltp_class3b,PPO_seed42
405,4.3086,-1622.5707687030927,0.0,0.0,0.4964387654657653,25.00268233825934,-0.003049945053953182,0.0,0.015249725269765908,0.0,0.0,0.0,wltp_class3b,PPO_seed42
406,4.4308,-1569.3557578425234,0.0,0.0,0.49642889236460686,25.00268433659754,-0.002949916838049856,0.0,0.01474958419024928,0.0,0.0,0.0,wltp_class3b,PPO_seed42
407,4.5365,-1492.8766207693188,0.0,0.0,0.49641950037664156,25.00268612746425,-0.0028061590615964644,0.0,0.01403079530798232,0.0,0.0,0.0,wltp_class3b,PPO_seed42
408,4.6247,-1398.1965993727777,0.0,0.0,0.49641070401399007,25.002687672273197,-0.0026281890965653715,0.0,0.013140945482826858,0.0,0.0,0.0,wltp_class3b,PPO_seed42
409,4.6958,-1296.6075656134076,0.0,0.0,0.4964025467497323,25.002688969344906,-0.0024372322661906157,0.0,0.012186161330953078,0.0,0.0,0.0,wltp_class3b,PPO_seed42
410,4.7511,-1196.5599316195305,0.0,0.0,0.4963950188929284,25.00269003980643,-0.0022491728037961098,0.0,0.01124586401898055,0.0,0.0,0.0,wltp_class3b,PPO_seed42
411,4.7929,-1107.5567178046683,0.0,0.0,0.49638805096568495,25.0026909236826,-0.0020818735297080232,0.0,0.010409367648540117,0.0,0.0,0.0,wltp_class3b,PPO_seed42
412,4.8245,-1039.169340464398,0.0,0.0,0.4963815132724001,25.00269167430884,-0.0019533258279405977,0.0,0.009766629139702988,0.0,0.0,0.0,wltp_class3b,PPO_seed42
413,4.8496,-996.2309030407689,0.0,0.0,0.49637524570959585,25.002692346478042,-0.0018726144793999415,0.0,0.009363072396999707,0.0,0.0,0.0,wltp_class3b,PPO_seed42
414,4.8726,-985.6769663838934,0.0,0.0,0.4963690445389012,25.00269300215117,-0.0018527762526013036,0.0,0.009263881263006517,0.0,0.0,0.0,wltp_class3b,PPO_seed42
415,4.8977,-1007.4573779415135,0.0,0.0,0.49636270633613505,25.00269370187595,-0.0018937168758299126,0.0,0.009468584379149563,0.0,0.0,0.0,wltp_class3b,PPO_seed42
416,4.9293,-1064.6951341334884,0.0,0.0,0.4963560080281767,25.00269451709496,-0.0020013066431080607,0.0,0.010006533215540304,0.0,0.0,0.0,wltp_class3b,PPO_seed42
417,4.9712,-1154.603286817458,0.0,0.0,0.49634874407387336,25.002695525348418,-0.002170306930108004,0.0,0.010851534650540019,0.0,0.0,0.0,wltp_class3b,PPO_seed42
418,5.0264,-1273.0399791242846,0.0,0.0,0.4963407349879216,25.002696811480185,-0.0023929322915870015,0.0,0.011964661457935006,0.0,0.0,0.0,wltp_class3b,PPO_seed42
419,5.0975,-1419.275709076238,0.0,0.0,0.4963318058723526,25.002698478111302,-0.0026678114832260113,0.0,0.013339057416130055,0.0,0.0,0.0,wltp_class3b,PPO_seed42
420,5.1857,-1584.5284358107324,0.0,0.0,0.4963218370771148,25.002700625121694,-0.00297843690941867,0.0,0.014892184547093349,0.0,0.0,0.0,wltp_class3b,PPO_seed42
421,5.2914,-1764.3031372562916,0.0,0.0,0.49631073722908614,25.002703355665588,-0.0033163592805569397,0.0,0.016581796402784697,0.0,0.0,0.0,wltp_class3b,PPO_seed42
422,5.4136,-1948.1468001362603,0.0,0.0,0.4962984807159873,25.00270674952115,-0.0036619300754440983,0.0,0.01830965037722049,0.0,0.0,0.0,wltp_class3b,PPO_seed42
423,5.5506,-2130.120432684386,0.0,0.0,0.4962850792879419,25.002710867022323,-0.0040039857757225294,0.0,0.020019928878612647,0.0,0.0,0.0,wltp_class3b,PPO_seed42
424,5.6995,-2298.3613830060735,0.0,0.0,0.4962706193266005,25.00271571505791,-0.004320228163545252,0.0,0.021601140817726256,0.0,0.0,0.0,wltp_class3b,PPO_seed42
425,5.8568,-2444.5609310214095,0.0,0.0,0.4962552394879631,25.00272124886395,-0.0045950393440252054,0.0,0.022975196720126028,0.0,0.0,0.0,wltp_class3b,PPO_seed42
426,6.0185,-2560.0178249230535,0.0,0.0,0.49623913317401036,25.00272736290584,-0.004812063580682431,0.0,0.024060317903412155,0.0,0.0,0.0,wltp_class3b,PPO_seed42
427,6.1802,-2635.941432803246,0.0,0.0,0.4962225490973143,25.00273388704134,-0.00495477712932941,0.0,0.024773885646647047,0.0,0.0,0.0,wltp_class3b,PPO_seed42
428,6.3375,-2666.967438485435,0.0,0.0,0.49620576972646924,25.002740606102343,-0.005013096688882397,0.0,0.025065483444411986,0.0,0.0,0.0,wltp_class3b,PPO_seed42
429,6.4864,-2652.1298664525702,0.0,0.0,0.49618908361489533,25.002747290969396,-0.00498520651588829,0.0,0.02492603257944145,0.0,0.0,0.0,wltp_class3b,PPO_seed42
430,6.6234,-2592.5098196375975,0.0,0.0,0.49617277252145336,25.00275372029867,-0.0048731387587172895,0.0,0.024365693793586444,0.0,0.0,0.0,wltp_class3b,PPO_seed42
431,6.7457,-2492.591241862505,0.0,0.0,0.4961570900001764,25.002759707524863,-0.004685321883200197,0.0,0.023426609416000985,0.0,0.0,0.0,wltp_class3b,PPO_seed42
432,6.8513,-2359.394057527712,0.0,0.0,0.49614224544298047,25.002765118755597,-0.004434951235954346,0.0,0.02217475617977173,0.0,0.0,0.0,wltp_class3b,PPO_seed42
433,6.9395,-2206.8844979719943,0.0,0.0,0.49612836037334246,25.002769902084044,-0.004148279131526305,0.0,0.020741395657631525,0.0,0.0,0.0,wltp_class3b,PPO_seed42
434,7.0106,-2047.0880519100685,0.0,0.0,0.496115480654017,25.002774067917663,-0.003847909872011407,0.0,0.019239549360057034,0.0,0.0,0.0,wltp_class3b,PPO_seed42
435,7.0659,-1892.79442901184,0.0,0.0,0.4961035716767968,25.00277767853326,-0.00355788426505985,0.0,0.01778942132529925,0.0,0.0,0.0,wltp_class3b,PPO_seed42
436,7.1077,-1757.1974736777454,0.0,0.0,0.49609251581846514,25.002780835209066,-0.0033030027700709503,0.0,0.01651501385035475,0.0,0.0,0.0,wltp_class3b,PPO_seed42
437,7.1393,-1653.6162320456342,0.0,0.0,0.49608211165237714,25.002783666980044,-0.0031083011880557038,0.0,0.015541505940278517,0.0,0.0,0.0,wltp_class3b,PPO_seed42
438,7.1644,-1588.4970825918037,0.0,0.0,0.49607211718955396,25.002786304545193,-0.002985896771789105,0.0,0.014929483858945524,0.0,0.0,0.0,wltp_class3b,PPO_seed42
439,7.1874,-1571.5080083815617,0.0,0.0,0.49606222960948987,25.00278889443093,-0.002953962421769853,0.0,0.014769812108849265,0.0,0.0,0.0,wltp_class3b,PPO_seed42
440,7.2126,-1603.2346823738276,0.0,0.0,0.496052142404119,25.002791582000576,-0.003013599027018473,0.0,0.015067995135092365,0.0,0.0,0.0,wltp_class3b,PPO_seed42
441,7.2441,-1683.1617565161039,0.0,0.0,0.49604155230532376,25.002794521429173,-0.0031638378881881654,0.0,0.015819189440940826,0.0,0.0,0.0,wltp_class3b,PPO_seed42
442,7.286,-1813.367675184393,0.0,0.0,0.49603014296498676,25.002797897505655,-0.003408585855609761,0.0,0.017042929278048805,0.0,0.0,0.0,wltp_class3b,PPO_seed42
443,7.3413,-1983.635869138155,0.0,0.0,0.4960176623118108,25.00280189540966,-0.0037286388517634495,0.0,0.018643194258817247,0.0,0.0,0.0,wltp_class3b,PPO_seed42
444,7.4123,-2188.394697525034,0.0,0.0,0.4960038933259142,25.002806717270055,-0.00411352386752826,0.0,0.0205676193376413,0.0,0.0,0.0,wltp_class3b,PPO_seed42
445,7.5005,-2420.8955154054593,0.0,0.0,0.49598866144365084,25.002812575537046,-0.00455055548008545,0.0,0.02275277740042725,0.0,0.0,0.0,wltp_class3b,PPO_seed42
446,7.6062,-2669.186101824291,0.0,0.0,0.4959718672974006,25.00281965982192,-0.005017267108692277,0.0,0.025086335543461385,0.0,0.0,0.0,wltp_class3b,PPO_seed42
447,7.7284,-2918.91702861497,0.0,0.0,0.49595350179940023,25.002828103281235,-0.005486686144013102,0.0,0.02743343072006551,0.0,0.0,0.0,wltp_class3b,PPO_seed42
448,7.8654,-3161.5851543208273,0.0,0.0,0.49593360935956904,25.002837990498804,-0.005942829237445164,0.0,0.029714146187225822,0.0,0.0,0.0,wltp_class3b,PPO_seed42
449,8.0143,-3380.8945068785592,0.0,0.0,0.4959123369195924,25.002849291923017,-0.0063550648625536835,0.0,0.031775324312768416,0.0,0.0,0.0,wltp_class3b,PPO_seed42
450,8.1717,-3567.541925933605,0.0,0.0,0.4958898899585292,25.002861885529008,-0.006705905875815047,0.0,0.03352952937907523,0.0,0.0,0.0,wltp_class3b,PPO_seed42
451,8.3333,-3705.5602041327875,0.0,0.0,0.4958665744266254,25.002875501564247,-0.00696533872957291,0.0,0.034826693647864546,0.0,0.0,0.0,wltp_class3b,PPO_seed42
452,8.495,-3792.3296692564386,0.0,0.0,0.4958427127667639,25.002889811644007,-0.007128439227925637,0.0,0.035642196139628185,0.0,0.0,0.0,wltp_class3b,PPO_seed42
453,8.6523,-3817.0060525371905,0.0,0.0,0.4958186956663235,25.002904381665076,-0.007174823407024794,0.0,0.03587411703512397,0.0,0.0,0.0,wltp_class3b,PPO_seed42
454,8.8013,-3782.5153278252815,0.0,0.0,0.49579489541560867,25.00291878698493,-0.007109991217716695,0.0,0.035549956088583475,0.0,0.0,0.0,wltp_class3b,PPO_seed42
455,8.9382,-3685.8330064071333,0.0,0.0,0.4957717033482706,25.00293259055039,-0.006928257530840476,0.0,0.03464128765420238,0.0,0.0,0.0,wltp_class3b,PPO_seed42
456,9.0605,-3542.178218441713,0.0,0.0,0.49574941504729514,25.002945487973193,-0.0066582297339129945,0.0,0.03329114866956497,0.0,0.0,0.0,wltp_class3b,PPO_seed42
457,9.1661,-3355.6849750073825,0.0,0.0,0.4957283000905524,25.002957236755606,-0.006307678524449967,0.0,0.03153839262224983,0.0,0.0,0.0,wltp_class3b,PPO_seed42
458,9.2543,-3146.3017499094663,0.0,0.0,0.4957085025383876,25.002967755657643,-0.00591410103366441,0.0,0.02957050516832205,0.0,0.0,0.0,wltp_class3b,PPO_seed42
459,9.3254,-2929.6373046182853,0.0,0.0,0.49569006823532424,25.002977075528047,-0.005506837038756176,0.0,0.027534185193780876,0.0,0.0,0.0,wltp_class3b,PPO_seed42
460,9.3807,-2722.139458539403,0.0,0.0,0.49567293952718366,25.00298532014652,-0.005116803493495119,0.0,0.025584017467475594,0.0,0.0,0.0,wltp_class3b,PPO_seed42
461,9.4225,-2540.7362084718143,0.0,0.0,0.495656952237525,25.002992684117444,-0.004775819940736493,0.0,0.023879099703682464,0.0,0.0,0.0,wltp_class3b,PPO_seed42
462,9.4541,-2402.556397247125,0.0,0.0,0.49564183440285414,25.002999414285803,-0.00451608345347204,0.0,0.0225804172673602,0.0,0.0,0.0,wltp_class3b,PPO_seed42
463,9.4793,-2317.238898418898,0.0,0.0,0.49562725340237623,25.003005768256536,-0.004355712215073116,0.0,0.02177856107536558,0.0,0.0,0.0,wltp_class3b,PPO_seed42
464,9.5022,-2291.2603329562476,0.0,0.0,0.49561283585689475,25.003012009062445,-0.004306880325105729,0.0,0.02153440162552864,0.0,0.0,0.0,wltp_class3b,PPO_seed42
465,9.5274,-2334.100856840293,0.0,0.0,0.4955981487298721,25.00301843603276,-0.004387407625639649,0.0,0.021937038128198243,0.0,0.0,0.0,wltp_class3b,PPO_seed42
466,9.5589,-2438.862701015213,0.0,0.0,0.49558280238376046,25.00302533701353,-0.004584328385366942,0.0,0.02292164192683471,0.0,0.0,0.0,wltp_class3b,PPO_seed42
467,9.6008,-2609.3889362975733,0.0,0.0,0.4955663829939312,25.00303305881509,-0.0049048664216119805,0.0,0.0245243321080599,0.0,0.0,0.0,wltp_class3b,PPO_seed42
468,9.6561,-2831.7202096490014,0.0,0.0,0.49554856456747226,25.00304194024259,-0.005322782348964289,0.0,0.02661391174482144,0.0,0.0,0.0,wltp_class3b,PPO_seed42
469,9.7271,-3097.942798117546,0.0,0.0,0.49552907090078746,25.00305234159854,-0.0058232007483412515,0.0,0.029116003741706257,0.0,0.0,0.0,wltp_class3b,PPO_seed42
470,9.8154,-3400.1330686545684,0.0,0.0,0.4955076756408815,25.00306464069148,-0.006391227572658963,0.0,0.03195613786329481,0.0,0.0,0.0,wltp_class3b,PPO_seed42
471,9.921,-3715.814740911757,0.0,0.0,0.49548429385720977,25.003079120445914,-0.0069846141746461605,0.0,0.0349230708732308,0.0,0.0,0.0,wltp_class3b,PPO_seed42
472,10.0432,-4035.278255629521,0.0,0.0,0.49545890170963874,25.0030960146154,-0.007585109503063009,0.0,0.037925547515315045,0.0,0.0,0.0,wltp_class3b,PPO_seed42
473,10.1802,-4341.221740752488,0.0,0.0,0.49543158422554,25.003115421919734,-0.008160191242015955,0.0,0.04080095621007977,0.0,0.0,0.0,wltp_class3b,PPO_seed42
474,10.3291,-4614.404539239944,0.0,0.0,0.49540254750476714,25.00313724892095,-0.008673692742932225,0.0,0.043368463714661125,0.0,0.0,0.0,wltp_class3b,PPO_seed42
475,10.4865,-4843.508167560396,0.0,0.0,0.49537206887490604,25.003161246121063,-0.009104338660827813,0.0,0.04552169330413906,0.0,0.0,0.0,wltp_class3b,PPO_seed42
476,10.6481,-5009.025165254645,0.0,0.0,0.49534054842772274,25.003186919280974,-0.009415460836944821,0.0,0.047077304184724104,0.0,0.0,0.0,wltp_class3b,PPO_seed42
477,10.8098,-5108.750452234363,0.0,0.0,0.4953084001472868,25.00321368954924,-0.00960291438389918,0.0,0.048014571919495895,0.0,0.0,0.0,wltp_class3b,PPO_seed42
478,10.9672,-5131.8073809153975,0.0,0.0,0.4952761064809425,25.00324083109675,-0.009646254475404882,0.0,0.04823127237702441,0.0,0.0,0.0,wltp_class3b,PPO_seed42
479,11.1161,-5075.919549315122,0.0,0.0,0.49524416422290807,25.00326758114125,-0.00954120216036677,0.0,0.04770601080183385,0.0,0.0,0.0,wltp_class3b,PPO_seed42
480,11.2531,-4950.377540857826,0.0,0.0,0.49521301172367077,25.003293283346785,-0.009305220941462078,0.0,0.04652610470731039,0.0,0.0,0.0,wltp_class3b,PPO_seed42
481,11.3753,-4760.68138816966,0.0,0.0,0.49518305273897145,25.00331737533965,-0.00894864922588282,0.0,0.0447432461294141,0.0,0.0,0.0,wltp_class3b,PPO_seed42
482,11.4647,-4226.858870580554,0.0,0.0,0.49515645291586113,25.003337045061947,-0.007945223440940891,0.0,0.03972611720470445,0.0,0.0,0.0,wltp_class3b,PPO_seed42
483,11.5367,-3952.3394354648462,0.0,0.0,0.4951315805337762,25.003354667351058,-0.007429209465159486,0.0,0.037146047325797425,0.0,0.0,0.0,wltp_class3b,PPO_seed42
484,11.5916,-3671.4353239890224,0.0,0.0,0.4951084758139646,25.003370318683324,-0.006901194218024479,0.0,0.03450597109012239,0.0,0.0,0.0,wltp_class3b,PPO_seed42
485,11.6307,-3404.150861826496,0.0,0.0,0.49508705308261597,25.003384213939103,-0.0063987798154633395,0.0,0.031993899077316694,0.0,0.0,0.0,wltp_class3b,PPO_seed42
486,11.6563,-3170.9330892380926,0.0,0.0,0.49506709798235415,25.003396671041003,-0.005960400543680626,0.0,0.029802002718403126,0.0,0.0,0.0,wltp_class3b,PPO_seed42
487,11.6717,-2992.3884357390434,0.0,0.0,0.4950482664684355,25.003408082151587,-0.005624790292742563,0.0,0.028123951463712812,0.0,0.0,0.0,wltp_class3b,PPO_seed42
488,11.6806,-2877.9888694026013,0.0,0.0,0.4950301548799753,25.003418840115785,-0.005409753513914664,0.0,0.02704876756957332,0.0,0.0,0.0,wltp_class3b,PPO_seed42
489,11.6874,-2842.573700781365,0.0,0.0,0.495012266164135,25.00342938093128,-0.005343183648085273,0.0,0.026715918240426365,0.0,0.0,0.0,wltp_class3b,PPO_seed42
490,11.6964,-2886.23270281627,0.0,0.0,0.4949941026976796,25.00344013128052,-0.005425249441383967,0.0,0.02712624720691983,0.0,0.0,0.0,wltp_class3b,PPO_seed42
491,11.7117,-3007.240615951304,0.0,0.0,0.4949751777096285,25.00345153343019,-0.005652707924720496,0.0,0.02826353962360248,0.0,0.0,0.0,wltp_class3b,PPO_seed42
492,11.7374,-3207.869460183969,0.0,0.0,0.49495499012497207,25.003464101995593,-0.006029829812375882,0.0,0.030149149061879408,0.0,0.0,0.0,wltp_class3b,PPO_seed42
493,11.7764,-3468.496921190216,0.0,0.0,0.49493316234659956,25.00347831849863,-0.006519731054868827,0.0,0.032598655274344135,0.0,0.0,0.0,wltp_class3b,PPO_seed42
494,11.8313,-3786.2792238570264,0.0,0.0,0.49490933466434467,25.00349473671703,-0.007117066210257568,0.0,0.03558533105128784,0.0,0.0,0.0,wltp_class3b,PPO_seed42
495,11.9033,-4137.867844707363,0.0,0.0,0.4948832942924073,25.00351383388418,-0.007777947076517598,0.0,0.03888973538258799,0.0,0.0,0.0,wltp_class3b,PPO_seed42
496,11.9928,-4510.480075186859,0.0,0.0,0.4948549088776862,25.00353604758488,-0.008478346005990336,0.0,0.04239173002995168,0.0,0.0,0.0,wltp_class3b,PPO_seed42
497,12.0988,-4878.986685900921,0.0,0.0,0.49482420420049256,25.003561628673676,-0.009171027605076919,0.0,0.045855138025384594,0.0,0.0,0.0,wltp_class3b,PPO_seed42
498,12.2196,-5230.05726959015,0.0,0.0,0.49479128992702454,25.00359068710174,-0.009830934717274718,0.0,0.04915467358637359,0.0,0.0,0.0,wltp_class3b,PPO_seed42
499,12.3523,-5539.1090752471155,0.0,0.0,0.49475643042902256,25.00362303876808,-0.010411859163998338,0.0,0.052059295819991684,0.0,0.0,0.0,wltp_class3b,PPO_seed42
500,12.4934,-5791.293342636832,0.0,0.0,0.49471998353384505,25.00365826005225,-0.010885889741798556,0.0,0.05442944870899278,0.0,0.0,0.0,wltp_class3b,PPO_seed42
501,12.6389,-5972.327265728708,0.0,0.0,0.4946823969705705,25.003695680202078,-0.011226179070918624,0.0,0.05613089535459312,0.0,0.0,0.0,wltp_class3b,PPO_seed42
502,12.7844,-6068.791511159484,0.0,0.0,0.49464420294351835,25.00373439558737,-0.011407502840525345,0.0,0.057037514202626725,0.0,0.0,0.0,wltp_class3b,PPO_seed42
503,12.9255,-6074.77946058347,0.0,0.0,0.4946059708572103,25.003773381434172,-0.011418758384555396,0.0,0.05709379192277697,0.0,0.0,0.0,wltp_class3b,PPO_seed42
504,13.0582,-5992.902069473531,0.0,0.0,0.4945682537123846,25.0038116317288,-0.01126485351404799,0.0,0.05632426757023995,0.0,0.0,0.0,wltp_class3b,PPO_seed42
505,13.179,-5828.859441908743,0.0,0.0,0.4945315686614573,25.003848236244274,-0.010956502710354782,0.0,0.0547825135517739,0.0,0.0,0.0,wltp_class3b,PPO_seed42
506,13.285,-5591.728145179297,0.0,0.0,0.4944963757530319,25.003882449597278,-0.010510767190186648,0.0,0.05255383595093324,0.0,0.0,0.0,wltp_class3b,PPO_seed42
507,13.3745,-5304.819385149398,0.0,0.0,0.4944629883352527,25.003913851409692,-0.00997146500967932,0.0,0.0498573250483966,0.0,0.0,0.0,wltp_class3b,PPO_seed42
508,13.4465,-4982.549029143081,0.0,0.0,0.49443162903087134,25.003942233378336,-0.009365693663802783,0.0,0.04682846831901392,0.0,0.0,0.0,wltp_class3b,PPO_seed42
509,13.5013,-4653.302956794362,0.0,0.0,0.49440234180537757,25.003967697942098,-0.008746810069162335,0.0,0.043734050345811674,0.0,0.0,0.0,wltp_class3b,PPO_seed42
510,13.5404,-4344.481321926937,0.0,0.0,0.4943749981634101,25.003990584897082,-0.008166318274298754,0.0,0.040831591371493774,0.0,0.0,0.0,wltp_class3b,PPO_seed42
511,13.5661,-4075.4871185109523,0.0,0.0,0.4943493474778224,25.00401135008671,-0.007660690072389008,0.0,0.03830345036194504,0.0,0.0,0.0,wltp_class3b,PPO_seed42
512,13.5814,-3863.6720924470897,0.0,0.0,0.49432502989952043,25.00403051967183,-0.007262541527156184,0.0,0.03631270763578092,0.0,0.0,0.0,wltp_class3b,PPO_seed42
513,13.5904,-3734.993937117258,0.0,0.0,0.494301522193401,25.004048740122045,-0.0070206652953331925,0.0,0.03510332647666596,0.0,0.0,0.0,wltp_class3b,PPO_seed42
514,13.5971,-3689.639168131501,0.0,0.0,0.49427829994038736,25.004066606942697,-0.006935411970171994,0.0,0.03467705985085997,0.0,0.0,0.0,wltp_class3b,PPO_seed42
515,13.6061,-3742.7128880655328,0.0,0.0,0.4942547436434119,25.00408480917475,-0.007035174601626941,0.0,0.035175873008134705,0.0,0.0,0.0,wltp_class3b,PPO_seed42
516,13.6214,-3883.736241955439,0.0,0.0,0.49423029974982297,25.004103997611598,-0.007300256093901201,0.0,0.036501280469506,0.0,0.0,0.0,wltp_class3b,PPO_seed42
517,13.6471,-4117.44762539526,0.0,0.0,0.49420438487499835,25.00412493826087,-0.007739563205630188,0.0,0.038697816028150936,0.0,0.0,0.0,wltp_class3b,PPO_seed42
518,13.6862,-4423.096410163837,0.0,0.0,0.49417654622488627,25.00414835402253,-0.008314090996548567,0.0,0.04157045498274283,0.0,0.0,0.0,wltp_class3b,PPO_seed42
519,13.741,-4788.494111030253,0.0,0.0,0.49414640770520807,25.004174987988247,-0.009000928780132056,0.0,0.04500464390066028,0.0,0.0,0.0,wltp_class3b,PPO_seed42
520,13.813,-5199.216596298447,0.0,0.0,0.4941136839905915,25.004205569939256,-0.009772963526876781,0.0,0.048864817634383904,0.0,0.0,0.0,wltp_class3b,PPO_seed42
521,13.9025,-5631.568527949184,0.0,0.0,0.49407823887696856,25.004240685956425,-0.01058565512772403,0.0,0.05292827563862015,0.0,0.0,0.0,wltp_class3b,PPO_seed42
522,14.0085,-6058.3431648670785,0.0,0.0,0.49404010738620924,25.004280664294473,-0.01138786309185541,0.0,0.05693931545927705,0.0,0.0,0.0,wltp_class3b,PPO_seed42
523,14.1293,-6464.015496324005,0.0,0.0,0.4939994222481089,25.00432562902059,-0.012150405068278206,0.0,0.06075202534139102,0.0,0.0,0.0,wltp_class3b,PPO_seed42
524,14.262,-6820.214881302241,0.0,0.0,0.4939564947595724,25.004375286810355,-0.012819952784402712,0.0,0.06409976392201355,0.0,0.0,0.0,wltp_class3b,PPO_seed42
525,14.4031,-7110.025917010779,0.0,0.0,0.4939117426965613,25.004429011921374,-0.013364710370321015,0.0,0.06682355185160507,0.0,0.0,0.0,wltp_class3b,PPO_seed42
526,14.5486,-7317.339219427123,0.0,0.0,0.49386568525151386,25.00448583976584,-0.01375439702899835,0.0,0.06877198514499175,0.0,0.0,0.0,wltp_class3b,PPO_seed42
527,14.6941,-7427.154146273313,0.0,0.0,0.4938189360649808,25.00454448938558,-0.013960816064423521,0.0,0.0698040803221176,0.0,0.0,0.0,wltp_class3b,PPO_seed42
528,14.8352,-7433.153964767993,0.0,0.0,0.49377214857435847,25.004603519982638,-0.013972093918736828,0.0,0.06986046959368414,0.0,0.0,0.0,wltp_class3b,PPO_seed42
529,14.9679,-7338.748993410925,0.0,0.0,0.49372595479009856,25.00466152331397,-0.013794640965058131,0.0,0.06897320482529065,0.0,0.0,0.0,wltp_class3b,PPO_seed42
530,15.0887,-7150.770032687369,0.0,0.0,0.4936809437618044,25.0047172260347,-0.013441297053923627,0.0,0.06720648526961813,0.0,0.0,0.0,wltp_class3b,PPO_seed42
531,15.1947,-6879.7697941037995,0.0,0.0,0.49363763814346384,25.00476958112739,-0.012931898109217669,0.0,0.06465949054608834,0.0,0.0,0.0,wltp_class3b,PPO_seed42
532,15.2842,-6552.429095243961,0.0,0.0,0.49359639266288724,25.004817989855955,-0.012316596043691655,0.0,0.061582980218458275,0.0,0.0,0.0,wltp_class3b,PPO_seed42
533,15.3562,-6185.116815300409,0.0,0.0,0.49355745901815157,25.004862142990355,-0.011626159427256408,0.0,0.05813079713628204,0.0,0.0,0.0,wltp_class3b,PPO_seed42
534,15.4111,-5812.547226334999,0.0,0.0,0.4935208703887572,25.00490219112264,-0.010925840651005637,0.0,0.05462920325502819,0.0,0.0,0.0,wltp_class3b,PPO_seed42
535,15.4501,-5456.020447369639,0.0,0.0,0.4934865258639031,25.00493851553133,-0.0102556775326497,0.0,0.05127838766324849,0.0,0.0,0.0,wltp_class3b,PPO_seed42
536,15.4758,-5152.126337396415,0.0,0.0,0.4934540941924553,25.00497182350494,-0.009684448002624841,0.0,0.0484222400131242,0.0,0.0,0.0,wltp_class3b,PPO_seed42
537,15.4911,-4910.909054096526,0.0,0.0,0.4934231808796481,25.005002832125133,-0.009231032056572419,0.0,0.04615516028286209,0.0,0.0,0.0,wltp_class3b,PPO_seed42
538,15.5001,-4764.394481761021,0.0,0.0,0.49339318981844604,25.00503246908952,-0.008955628725114701,0.0,0.0447781436255735,0.0,0.0,0.0,wltp_class3b,PPO_seed42
539,15.5069,-4715.332441523405,0.0,0.0,0.49336350757738046,25.005061619932885,-0.008863406844968806,0.0,0.04431703422484403,0.0,0.0,0.0,wltp_class3b,PPO_seed42
540,15.5158,-4771.233909526927,0.0,0.0,0.49333347343248685,25.005091222837812,-0.008968484792343847,0.0,0.04484242396171924,0.0,0.0,0.0,wltp_class3b,PPO_seed42
541,15.5312,-4937.358453587956,0.0,0.0,0.49330239353945954,25.005122310840584,-0.009280748972909694,0.0,0.046403744864548464,0.0,0.0,0.0,wltp_class3b,PPO_seed42
542,15.1601,3165.3924721299722,0.0,0.0,0.4933223192116457,25.00513978338999,0.17131199258941007,0.0,0.029749929249341844,0.12661569888519889,0.0,0.0,wltp_class3b,PPO_seed42
543,14.8025,2933.825775146928,0.0,0.0,0.493340786709684,25.005154973451372,0.15877953330456832,0.0,0.027573550518298198,0.11735303100587713,0.0,0.0,wltp_class3b,PPO_seed42
544,14.4607,2671.2065900632933,0.0,0.0,0.493357600679703,25.00516793074005,0.14456650402462845,0.0,0.025105325094579824,0.10684826360253173,0.0,0.0,wltp_class3b,PPO_seed42
545,14.136,2395.8710535817877,0.0,0.0,0.4933726811896861,25.005178826474445,0.12966526198256922,0.0,0.022517585090054394,0.09583484214327151,0.0,0.0,wltp_class3b,PPO_seed42
546,13.8288,2122.8807514286223,0.0,0.0,0.4933860431053676,25.005187902886604,0.11489094472769341,0.0,0.019951886761547202,0.0849152300571449,0.0,0.0,wltp_class3b,PPO_seed42
547,13.5381,1873.5097276964589,0.0,0.0,0.49339783518316127,25.005195463766103,0.10139490992450459,0.0,0.017608174132485516,0.07494038910785836,0.0,0.0,wltp_class3b,PPO_seed42
548,13.2622,1656.8662348515104,0.0,0.0,0.49340826348862776,25.00520179729487,0.08967009893579828,0.0,0.015572051079431489,0.06627464939406041,0.0,0.0,wltp_class3b,PPO_seed42
549,12.9983,1487.2035662418448,0.0,0.0,0.49341762377671444,25.005207181280074,0.08048790428427668,0.0,0.013977477126333128,0.059488142649673795,0.0,0.0,wltp_class3b,PPO_seed42
550,12.7427,1374.873861363509,0.0,0.0,0.49342627693506996,25.005211865296964,0.07440858687289124,0.0,0.012921746817326211,0.054994954454540355,0.0,0.0,wltp_class3b,PPO_seed42
551,12.4915,1319.61840691961,0.0,0.0,0.49343458220123987,25.005216052541968,0.07141814506020566,0.0,0.012402428636462499,0.0527847362767844,0.0,0.0,wltp_class3b,PPO_seed42
552,12.2403,1325.1636958018398,0.0,0.0,0.4934429222465776,25.00521992988736,0.07171825776226799,0.0,0.012454546013175187,0.05300654783207359,0.0,0.0,wltp_class3b,PPO_seed42
553,11.9847,1387.8601302867394,0.0,0.0,0.49345165675501557,25.005223669726007,0.07511140765266126,0.0,0.013043798216980634,0.055514405211469574,0.0,0.0,wltp_class3b,PPO_seed42
554,11.7208,1497.1910003746182,0.0,0.0,0.49346107920772236,25.005227429455342,0.08102842722328196,0.0,0.014071343988483254,0.05988764001498473,0.0,0.0,wltp_class3b,PPO_seed42
555,11.4449,1646.6284391258287,0.0,0.0,0.49347144199034637,25.005231371209195,0.08911602635208808,0.0,0.015475831194791623,0.06586513756503315,0.0,0.0,wltp_class3b,PPO_seed42
556,11.1542,1820.6114884394217,0.0,0.0,0.4934828995476914,25.00523563459099,0.09853204130666884,0.0,0.017111010229693812,0.07282445953757687,0.0,0.0,wltp_class3b,PPO_seed42
557,10.847,2001.8519849821894,0.0,0.0,0.4934954975196628,25.005240316411815,0.10834083148798346,0.0,0.018814398355095765,0.08007407939928758,0.0,0.0,wltp_class3b,PPO_seed42
558,10.5223,2178.966792298312,0.0,0.0,0.4935092099085267,25.0052454738733,0.11792633812754325,0.0,0.020479011205811203,0.08715867169193249,0.0,0.0,wltp_class3b,PPO_seed42
559,10.1805,2333.556209026475,0.0,0.0,0.49352389492838306,25.005251079077507,0.12629276385392907,0.0,0.02193191925776762,0.09334224836105899,0.0,0.0,wltp_class3b,PPO_seed42
560,9.8229,2455.0580452177587,0.0,0.0,0.49353934433354957,25.005257036553246,0.13286847977050698,0.0,0.023073853808437583,0.09820232180871034,0.0,0.0,wltp_class3b,PPO_seed42
561,9.4518,2533.742269952693,0.0,0.0,0.4935552886599221,25.005263182731692,0.1371268936775901,0.0,0.023813367198803503,0.10134969079810771,0.0,0.0,wltp_class3b,PPO_seed42
562,9.0705,2562.1752893667926,0.0,0.0,0.4935714116800289,25.0052693001833,0.1386656972395652,0.0,0.02408059482487587,0.1024870115746717,0.0,0.0,wltp_class3b,PPO_seed42
563,8.6828,2540.1121947567426,0.0,0.0,0.49358739564156184,25.005275163220055,0.13747163592375214,0.0,0.02387323491312728,0.1016044877902697,0.0,0.0,wltp_class3b,PPO_seed42
564,8.2928,2470.5445389904726,0.0,0.0,0.49360294163230084,25.005280566850423,0.13370661347107834,0.0,0.023219403561940532,0.0988217815596189,0.0,0.0,wltp_class3b,PPO_seed42
565,7.9051,2355.6236599954573,0.0,0.0,0.4936177642907465,25.00528533416285,0.12748706093719775,0.0,0.02213932011273926,0.0942249463998183,0.0,0.0,wltp_class3b,PPO_seed42
566,7.5238,2206.7443371040285,0.0,0.0,0.49363164996703635,25.005289364513498,0.11942966720657741,0.0,0.02074007835624087,0.08826977348416114,0.0,0.0,wltp_class3b,PPO_seed42
567,7.1527,2032.623073237438,0.0,0.0,0.4936444398648497,25.00529261802591,0.11000617203882014,0.0,0.019103600312381935,0.08130492292949752,0.0,0.0,wltp_class3b,PPO_seed42
568,6.7951,1842.5587113721501,0.0,0.0,0.49365603370152167,25.00529511040913,0.09971983161245666,0.0,0.017317281121918705,0.073702348454886,0.0,0.0,wltp_class3b,PPO_seed42
569,6.4533,1648.0073368879182,0.0,0.0,0.4936664032781627,25.005296908306867,0.08919065271367846,0.0,0.015488790760224795,0.06592029347551673,0.0,0.0,wltp_class3b,PPO_seed42
570,6.1287,1457.609589400161,0.0,0.0,0.493675574761055,25.005298105151958,0.07888626935716059,0.0,0.013699338246242115,0.05830438357600644,0.0,0.0,wltp_class3b,PPO_seed42
571,5.8214,1280.7469871828641,0.0,0.0,0.493683633341436,25.00529881071511,0.06931441213340041,0.0,0.01203709574419985,0.05122987948731456,0.0,0.0,wltp_class3b,PPO_seed42
572,5.5308,1121.0626905256293,0.0,0.0,0.49369068712806974,25.005299127220503,0.060672249972958496,0.0,0.010536303482383734,0.04484250762102517,0.0,0.0,wltp_class3b,PPO_seed42
573,5.2549,985.2198687593103,0.0,0.0,0.49369688614936974,25.005299152281395,0.053320395603981316,0.0,0.009259585232700285,0.039408794750372414,0.0,0.0,wltp_class3b,PPO_seed42
574,4.9909,874.9003133922618,0.0,0.0,0.49370239101050234,25.005298966688606,0.04734986808870301,0.0,0.00822274730631825,0.03499601253569047,0.0,0.0,wltp_class3b,PPO_seed42
575,4.7353,790.5106630647133,0.0,0.0,0.4937073648708898,25.005298634876016,0.042782674832630124,0.0,0.00742961149496911,0.031620426522588535,0.0,0.0,wltp_class3b,PPO_seed42
576,4.4841,730.8589448609647,0.0,0.0,0.49371196338660667,25.005298206433462,0.03955430590307687,0.0,0.006868975045685758,0.029234357794438587,0.0,0.0,wltp_class3b,PPO_seed42
577,4.2329,693.826534387201,0.0,0.0,0.49371632888073075,25.00529771919732,0.03755010071066972,0.0,0.006520926075067679,0.027753061375488042,0.0,0.0,wltp_class3b,PPO_seed42
578,3.9774,674.622016527514,0.0,0.0,0.4937205735270998,25.005297199670846,0.036510746428308614,0.0,0.006340432486160846,0.02698488066110056,0.0,0.0,wltp_class3b,PPO_seed42
579,3.7134,668.3764090403587,0.0,0.0,0.49372477886301447,25.005296665928764,0.03617273227272558,0.0,0.006281733167672544,0.026735056361614346,0.0,0.0,wltp_class3b,PPO_seed42
580,3.4375,667.3932937622072,0.0,0.0,0.49372897800004617,25.005296125608314,0.03611952577819825,0.0,0.00627249336242676,0.02669573175048829,0.0,0.0,wltp_class3b,PPO_seed42
581,3.1468,665.6561272384635,0.0,0.0,0.493733166194296,25.005295578590026,0.036025509803477136,0.0,0.006256166609384055,0.02662624508953854,0.0,0.0,wltp_class3b,PPO_seed42
582,2.8396,655.3517453855271,0.0,0.0,0.49373728954295837,25.005295014948956,0.035467833558534015,0.0,0.00615932091527751,0.026214069815421084,0.0,0.0,wltp_class3b,PPO_seed42
583,2.5149,631.5509001571677,0.0,0.0,0.4937412631299874,25.005294419312555,0.03417972465662626,0.0,0.005935628760875636,0.02526203600628671,0.0,0.0,wltp_class3b,PPO_seed42
584,2.1731,588.8051001902239,0.0,0.0,0.49374496775947646,25.005293771996104,0.031866309106535574,0.0,0.005533882520584812,0.023552204007608955,0.0,0.0,wltp_class3b,PPO_seed42
585,1.8155,525.1323466625427,0.0,0.0,0.4937482717662721,25.00529305588821,0.028420320535917153,0.0,0.004935454385926153,0.021005293866501705,0.0,0.0,wltp_class3b,PPO_seed42
586,1.2812,625.0353146006344,0.0,0.0,0.4937522043301956,25.005292447322116,0.033827099206732075,0.0,0.0058743920545172405,0.025001412584025374,0.0,0.0,wltp_class3b,PPO_seed42
587,0.9609,238.7591055471426,0.0,0.0,0.4937537065383992,25.005291522187985,0.012921714599461146,0.0,0.0022439765558941974,0.009550364221885705,0.0,0.0,wltp_class3b,PPO_seed42
588,0.6406,159.31137112507935,0.0,0.0,0.49375470888178125,25.005290566974846,0.008621979318483616,0.0,0.001497287322604129,0.006372454845003174,0.0,0.0,wltp_class3b,PPO_seed42
589,0.3203,79.69727579063489,0.0,0.0,0.49375521031479896,25.005289593745342,0.004313240534894661,0.0,0.0007490345469044632,0.0031878910316253954,0.0,0.0,wltp_class3b,PPO_seed42
590,0.0,0.0,0.0,0.0,0.49375521031479896,25.005288614590558,0.0,0.0,0.0,0.0,0.0,0.0,wltp_class3b,PPO_seed42
591,0.1594,-63.85092874105591,0.0,0.0,0.49375480858277593,25.00528763944714,-0.0001200205427463457,0.0,0.0006001027137317285,0.0,0.0,0.0,wltp_class3b,PPO_seed42
592,0.3188,-127.71609659511404,0.0,0.0,0.49375400502904554,25.005286676080445,-0.0002400678507426956,0.0,0.0012003392537134779,0.0,0.0,0.0,wltp_class3b,PPO_seed42
593,0.4781,-191.49527581866678,0.0,0.0,0.4937528001942648,25.0052857322261,-0.0003599535259749376,0.0,0.0017997676298746879,0.0,0.0,0.0,wltp_class3b,PPO_seed42
594,0.6375,-255.5059790863443,0.0,0.0,0.4937511926211369,25.00528481575213,-0.0004802743967788427,0.0,0.0024013719838942133,0.0,0.0,0.0,wltp_class3b,PPO_seed42
595,0.7969,-319.4992587619757,0.0,0.0,0.4937491824184288,25.00528393447844,-0.0006005625164698791,0.0,0.0030028125823493954,0.0,0.0,0.0,wltp_class3b,PPO_seed42
596,0.9563,-383.5637250696737,0.0,0.0,0.4937467691371615,25.00528309630797,-0.0007209844456196875,0.0,0.003604922228098437,0.0,0.0,0.0,wltp_class3b,PPO_seed42
597,1.1157,-447.7136171224405,0.0,0.0,0.4937439522385399,25.00528230921295,-0.0008415669494782716,0.0,0.004207834747391358,0.0,0.0,0.0,wltp_class3b,PPO_seed42
598,1.275,-511.7244993574219,0.0,0.0,0.4937407325956419,25.00528158101625,-0.0009618881566868832,0.0,0.004809440783434416,0.0,0.0,0.0,wltp_class3b,PPO_seed42
599,1.3006,-251.55347598861772,0.0,0.0,0.4937391498815125,25.005280666005778,-0.00047284487967785285,0.0,0.002364224398389264,0.0,0.0,0.0,wltp_class3b,PPO_seed42
600,1.5247,-766.2565608009998,0.0,0.0,0.49373432877627316,25.00528024703813,-0.0014403318812048868,0.0,0.007201659406024434,0.0,0.0,0.0,wltp_class3b,PPO_seed42
601,1.7532,-893.8611491380293,0.0,0.0,0.49372870479992037,25.00528003025658,-0.0016801901299587016,0.0,0.008400950649793508,0.0,0.0,0.0,wltp_class3b,PPO_seed42
602,1.9816,-1010.9920959309788,0.0,0.0,0.4937223438442957,25.005280026996452,-0.001900361082577028,0.0,0.00950180541288514,0.0,0.0,0.0,wltp_class3b,PPO_seed42
603,2.2058,-1112.178846055918,0.0,0.0,0.49371534622100416,25.005280230221256,-0.002090561740706613,0.0,0.010452808703533064,0.0,0.0,0.0,wltp_class3b,PPO_seed42
604,2.4215,-1190.3348059166653,0.0,0.0,0.49370785683011464,25.005280607824485,-0.00223747143969298,0.0,0.0111873571984649,0.0,0.0,0.0,wltp_class3b,PPO_seed42
605,2.6252,-1243.0450663335398,0.0,0.0,0.4937000357676988,25.00528111181889,-0.0023365508765668046,0.0,0.011682754382834021,0.0,0.0,0.0,wltp_class3b,PPO_seed42
606,2.8143,-1270.3652044388007,0.0,0.0,0.4936920427823886,25.00528168668071,-0.002387904519621806,0.0,0.011939522598109029,0.0,0.0,0.0,wltp_class3b,PPO_seed42
607,2.9867,-1272.3483777243684,0.0,0.0,0.4936840372907432,25.005282272946072,-0.00239163228895558,0.0,0.011958161444777899,0.0,0.0,0.0,wltp_class3b,PPO_seed42
608,3.1417,-1255.092446457732,0.0,0.0,0.4936761403444351,25.00528282510675,-0.0023591963279280675,0.0,0.011795981639640338,0.0,0.0,0.0,wltp_class3b,PPO_seed42
609,3.2796,-1224.647071310867,0.0,0.0,0.4936684349327171,25.005283313301412,-0.002301968179155765,0.0,0.011509840895778825,0.0,0.0,0.0,wltp_class3b,PPO_seed42
610,3.4016,-1187.695284181168,0.0,0.0,0.49366096199647524,25.00528372471542,-0.0022325099326713687,0.0,0.011162549663356842,0.0,0.0,0.0,wltp_class3b,PPO_seed42
611,3.5103,-1154.5699234521053,0.0,0.0,0.4936536974629157,25.005284070205327,-0.0021702442170152356,0.0,0.010851221085076178,0.0,0.0,0.0,wltp_class3b,PPO_seed42
612,3.6086,-1130.002261689024,0.0,0.0,0.49364658748959533,25.005284369943265,-0.0021240644016710976,0.0,0.010620322008355488,0.0,0.0,0.0,wltp_class3b,PPO_seed42
613,3.7006,-1124.0035267629776,0.0,0.0,0.49363951524249833,25.005284664114008,-0.0021127885841409357,0.0,0.010563942920704677,0.0,0.0,0.0,wltp_class3b,PPO_seed42
614,3.7903,-1139.1800849438528,0.0,0.0,0.4936323474868744,25.00528499802861,-0.0021413159491425805,0.0,0.010706579745712902,0.0,0.0,0.0,wltp_class3b,PPO_seed42
615,3.8823,-1182.3266037846856,0.0,0.0,0.49362490823410593,25.005285434190892,-0.0022224184281667025,0.0,0.011112092140833512,0.0,0.0,0.0,wltp_class3b,PPO_seed42
616,3.9806,-1253.0758599192557,0.0,0.0,0.49361702380413436,25.00528604141467,-0.0023554057517279244,0.0,0.011777028758639622,0.0,0.0,0.0,wltp_class3b,PPO_seed42
617,4.0892,-1354.8806421877089,0.0,0.0,0.4936084987894781,25.005286908809442,-0.0025467681244129865,0.0,0.012733840622064932,0.0,0.0,0.0,wltp_class3b,PPO_seed42
618,4.2113,-1486.2744519964886,0.0,0.0,0.49359914700713914,25.00528813977101,-0.0027937489699182117,0.0,0.013968744849591057,0.0,0.0,0.0,wltp_class3b,PPO_seed42
619,4.3492,-1644.8449536731941,0.0,0.0,0.4935887974494974,25.00528985276307,-0.0030918138226939743,0.0,0.01545906911346987,0.0,0.0,0.0,wltp_class3b,PPO_seed42
620,4.5042,-1826.8986866439486,0.0,0.0,0.49357730234492253,25.00529217848865,-0.0034340200876765955,0.0,0.017170100438382976,0.0,0.0,0.0,wltp_class3b,PPO_seed42
621,4.6766,-2027.7411679022061,0.0,0.0,0.49356454345614154,25.005295254480473,-0.0038115435486883575,0.0,0.019057717743441786,0.0,0.0,0.0,wltp_class3b,PPO_seed42
622,4.8656,-2240.4726347712894,0.0,0.0,0.49355044595633624,25.005299211016972,-0.004211414727013702,0.0,0.02105707363506851,0.0,0.0,0.0,wltp_class3b,PPO_seed42
623,5.0694,-2457.040126778904,0.0,0.0,0.4935349856860105,25.005304155836612,-0.004618496478907714,0.0,0.02309248239453857,0.0,0.0,0.0,wltp_class3b,PPO_seed42
624,5.2851,-2666.335522501864,0.0,0.0,0.49351820837820837,25.00531014577663,-0.005011908876883204,0.0,0.025059544384416016,0.0,0.0,0.0,wltp_class3b,PPO_seed42
625,5.5092,-2859.1898931030814,0.0,0.0,0.49350021745899825,25.005317179723708,-0.0053744170922990255,0.0,0.026872085461495127,0.0,0.0,0.0,wltp_class3b,PPO_seed42
626,5.7377,-3025.689436701863,0.0,0.0,0.4934811787370827,25.005325181885198,-0.005687386159214029,0.0,0.028436930796070143,0.0,0.0,0.0,wltp_class3b,PPO_seed42
627,5.9662,-3155.534809118258,0.0,0.0,0.49346132283294003,25.0053339898358,-0.005931456408117027,0.0,0.029657282040585133,0.0,0.0,0.0,wltp_class3b,PPO_seed42
628,6.1903,-3241.5742072668218,0.0,0.0,0.4934409253765207,25.00534336969534,-0.006093184600125605,0.0,0.030465923000628024,0.0,0.0,0.0,wltp_class3b,PPO_seed42
629,6.406,-3281.020015167633,0.0,0.0,0.4934202795481356,25.005353047951818,-0.006167330855578258,0.0,0.030836654277891288,0.0,0.0,0.0,wltp_class3b,PPO_seed42
630,6.6098,-3273.3211719926253,0.0,0.0,0.49339968200584594,25.005362735992772,-0.0061528593458507995,0.0,0.030764296729253997,0.0,0.0,0.0,wltp_class3b,PPO_seed42
631,6.7988,-3220.490606910767,0.0,0.0,0.4933794167512624,25.00537215800441,-0.00605355377238866,0.0,0.0302677688619433,0.0,0.0,0.0,wltp_class3b,PPO_seed42
632,6.9712,-3131.839231943356,0.0,0.0,0.4933597092047903,25.00538110511593,-0.005886915849517587,0.0,0.02943457924758793,0.0,0.0,0.0,wltp_class3b,PPO_seed42
633,7.1262,-3017.7153303207974,0.0,0.0,0.493340719674596,25.00538944391292,-0.005672397237445108,0.0,0.02836198618722554,0.0,0.0,0.0,wltp_class3b,PPO_seed42
634,7.2641,-2891.333076708364,0.0,0.0,0.4933225253190999,25.005397128315398,-0.005434836610354068,0.0,0.02717418305177034,0.0,0.0,0.0,wltp_class3b,PPO_seed42
635,7.3862,-2766.1381570462795,0.0,0.0,0.49330511868673216,25.005404190394,-0.005199507813996767,0.0,0.02599753906998383,0.0,0.0,0.0,wltp_class3b,PPO_seed42
636,7.4948,-2656.515376518827,0.0,0.0,0.49328840180349265,25.00541073317184,-0.004993449955862457,0.0,0.024967249779312285,0.0,0.0,0.0,wltp_class3b,PPO_seed42
637,7.5931,-2576.298108447077,0.0,0.0,0.49327218964077096,25.005416917536365,-0.004842665617381724,0.0,0.02421332808690862,0.0,0.0,0.0,wltp_class3b,PPO_seed42
638,7.6851,-2538.528835209859,0.0,0.0,0.49325621509070333,25.005422954391644,-0.0047716707428756755,0.0,0.023858353714378375,0.0,0.0,0.0,wltp_class3b,PPO_seed42
639,7.7748,-2546.659519228232,0.0,0.0,0.4932401893167463,25.005429063673112,-0.004786953983511715,0.0,0.023934769917558572,0.0,0.0,0.0,wltp_class3b,PPO_seed42
640,7.8668,-2611.573427101049,0.0,0.0,0.4932237549893525,25.005435522837985,-0.0049089726073328,0.0,0.024544863036663995,0.0,0.0,0.0,wltp_class3b,PPO_seed42
641,7.9651,-2729.5279321441694,0.0,0.0,0.4932065783237577,25.005442613150766,-0.005130691601774755,0.0,0.025653458008873774,0.0,0.0,0.0,wltp_class3b,PPO_seed42
642,8.0738,-2905.6420417878603,0.0,0.0,0.49318829331428693,25.005450681677488,-0.005461733161255377,0.0,0.02730866580627688,0.0,0.0,0.0,wltp_class3b,PPO_seed42
643,8.1958,-3128.642281711134,0.0,0.0,0.4931686048894876,25.005460069231667,-0.005880906544569801,0.0,0.029404532722849003,0.0,0.0,0.0,wltp_class3b,PPO_seed42
644,8.3337,-3398.5348870582366,0.0,0.0,0.49314721792932226,25.005471178165752,-0.0063882234719139785,0.0,0.03194111735956989,0.0,0.0,0.0,wltp_class3b,PPO_seed42
645,8.4887,-3700.513904340861,0.0,0.0,0.49312393047676645,25.005484381100448,-0.006955853203648235,0.0,0.034779266018241176,0.0,0.0,0.0,wltp_class3b,PPO_seed42
646,8.6611,-4025.101055855007,0.0,0.0,0.49309860021186913,25.005500035266742,-0.007565979428298886,0.0,0.03782989714149443,0.0,0.0,0.0,wltp_class3b,PPO_seed42
647,8.8502,-4360.0629904611305,0.0,0.0,0.4930711617908493,25.005518440151462,-0.008195607124926937,0.0,0.04097803562463469,0.0,0.0,0.0,wltp_class3b,PPO_seed42
648,9.0539,-4685.388639515807,0.0,0.0,0.4930416757954497,25.0055397384596,-0.008807121502849262,0.0,0.0440356075142463,0.0,0.0,0.0,wltp_class3b,PPO_seed42
649,9.2696,-4991.5135520106505,0.0,0.0,0.49301026299650713,25.005563965142642,-0.009382544270696713,0.0,0.04691272135348356,0.0,0.0,0.0,wltp_class3b,PPO_seed42
650,9.4938,-5261.172422219889,0.0,0.0,0.4929771528221834,25.005590949600716,-0.009889421846277988,0.0,0.04944710923138994,0.0,0.0,0.0,wltp_class3b,PPO_seed42
651,9.7222,-5476.265961314962,0.0,0.0,0.49294268861463464,25.00562027651537,-0.01029373300999053,0.0,0.05146866504995265,0.0,0.0,0.0,wltp_class3b,PPO_seed42
652,9.8905,-4665.542806366831,0.0,0.0,0.49291332625415074,25.005641992001706,-0.008769817305200812,0.0,0.043849086526004055,0.0,0.0,0.0,wltp_class3b,PPO_seed42
653,10.0545,-4694.922426886341,0.0,0.0,0.4928837787455656,25.00566409157074,-0.008825042155801393,0.0,0.04412521077900696,0.0,0.0,0.0,wltp_class3b,PPO_seed42
654,10.21,-4651.385913324014,0.0,0.0,0.4928545049911934,25.00568593080803,-0.008743206603992509,0.0,0.04371603301996254,0.0,0.0,0.0,wltp_class3b,PPO_seed42
655,10.3536,-4543.064142666397,0.0,0.0,0.49282591273924964,25.005706948569525,-0.008539594253132325,0.0,0.042697971265661626,0.0,0.0,0.0,wltp_class3b,PPO_seed42
656,10.4824,-4374.736064789323,0.0,0.0,0.4927983796757028,25.005726658742823,-0.008223188091709254,0.0,0.04111594045854627,0.0,0.0,0.0,wltp_class3b,PPO_seed42
657,10.5947,-4164.367036146011,0.0,0.0,0.4927721704295056,25.00574476966633,-0.007827757586740623,0.0,0.03913878793370311,0.0,0.0,0.0,wltp_class3b,PPO_seed42
658,10.6895,-3923.275640276014,0.0,0.0,0.49274747839865174,25.00576112074459,-0.007374578271195516,0.0,0.03687289135597758,0.0,0.0,0.0,wltp_class3b,PPO_seed42
659,10.7672,-3675.9041774204925,0.0,0.0,0.49272434314822966,25.005775760690447,-0.006909594318459573,0.0,0.03454797159229786,0.0,0.0,0.0,wltp_class3b,PPO_seed42
660,10.8291,-3439.364123350137,0.0,0.0,0.49270269654325605,25.00578885768642,-0.0064649701566731905,0.0,0.03232485078336595,0.0,0.0,0.0,wltp_class3b,PPO_seed42
661,10.8776,-3234.740580819193,0.0,0.0,0.4926823377368999,25.005800694907336,-0.006080339437630062,0.0,0.03040169718815031,0.0,0.0,0.0,wltp_class3b,PPO_seed42
662,10.9157,-3074.7897271354736,0.0,0.0,0.4926629855895026,25.005811594961138,-0.005779679938224575,0.0,0.028898399691122872,0.0,0.0,0.0,wltp_class3b,PPO_seed42
663,10.9475,-2980.9216858451623,0.0,0.0,0.49264422420256565,25.00582196362279,-0.005603236251588651,0.0,0.028016181257943255,0.0,0.0,0.0,wltp_class3b,PPO_seed42
664,10.9771,-2955.5897102230324,0.0,0.0,0.49262562222978024,25.005832189959143,-0.005555619756058332,0.0,0.02777809878029166,0.0,0.0,0.0,wltp_class3b,PPO_seed42
665,11.0089,-3006.3368559879905,0.0,0.0,0.4926067008437975,25.005842700898455,-0.005651009127796975,0.0,0.02825504563898487,0.0,0.0,0.0,wltp_class3b,PPO_seed42
666,11.047,-3130.441418898911,0.0,0.0,0.4925869983405887,25.005853934361447,-0.0058842883813889305,0.0,0.02942144190694465,0.0,0.0,0.0,wltp_class3b,PPO_seed42
667,11.0955,-3330.667664776897,0.0,0.0,0.49256603561093626,25.005866402248312,-0.006260653505219731,0.0,0.03130326752609865,0.0,0.0,0.0,wltp_class3b,PPO_seed42
668,11.1574,-3590.8242082963575,0.0,0.0,0.492543435442373,25.005880597645117,-0.006749669564466838,0.0,0.033748347822334185,0.0,0.0,0.0,wltp_class3b,PPO_seed42
669,11.2351,-3903.418722582171,0.0,0.0,0.4925188677677181,25.005897050572326,-0.007337253237936412,0.0,0.03668626618968206,0.0,0.0,0.0,wltp_class3b,PPO_seed42
670,11.3299,-4251.932067681636,0.0,0.0,0.49249210647736386,25.005916254301816,-0.007992353510679768,0.0,0.039961767553398836,0.0,0.0,0.0,wltp_class3b,PPO_seed42
671,11.4422,-4622.704444069961,0.0,0.0,0.4924630114234192,25.00593865590308,-0.00868929406780068,0.0,0.043446470339003396,0.0,0.0,0.0,wltp_class3b,PPO_seed42
672,11.571,-4991.826236694413,0.0,0.0,0.4924315929333537,25.005964524532814,-0.009383132023861679,0.0,0.04691566011930839,0.0,0.0,0.0,wltp_class3b,PPO_seed42
673,11.7146,-5346.425424022937,0.0,0.0,0.4923979423450511,25.00599399568737,-0.010049671849667175,0.0,0.05024835924833587,0.0,0.0,0.0,wltp_class3b,PPO_seed42
674,11.8701,-5662.63111782201,0.0,0.0,0.4923623012394612,25.00602691865892,-0.010644043454552651,0.0,0.05322021727276326,0.0,0.0,0.0,wltp_class3b,PPO_seed42
675,12.0341,-5927.628703752078,0.0,0.0,0.49232499186081735,25.006062927600823,-0.011142159217579094,0.0,0.05571079608789547,0.0,0.0,0.0,wltp_class3b,PPO_seed42
676,12.2024,-6121.313892280167,0.0,0.0,0.49228646300671874,25.006101342923696,-0.011506229120827383,0.0,0.05753114560413691,0.0,0.0,0.0,wltp_class3b,PPO_seed42
677,12.3707,-6235.7194774608,0.0,0.0,0.4922472136443369,25.006141307343366,-0.01172127721327218,0.0,0.0586063860663609,0.0,0.0,0.0,wltp_class3b,PPO_seed42
678,12.5346,-6262.525578168929,0.0,0.0,0.4922077951353476,25.00618180718022,-0.011771664620618289,0.0,0.05885832310309144,0.0,0.0,0.0,wltp_class3b,PPO_seed42
679,12.6902,-6205.607590084203,0.0,0.0,0.49216873447770515,25.0062218536211,-0.011664675921210909,0.0,0.05832337960605454,0.0,0.0,0.0,wltp_class3b,PPO_seed42
680,12.8337,-6061.764865447781,0.0,0.0,0.49213057884302375,25.00626044073871,-0.01139429485986425,0.0,0.05697147429932125,0.0,0.0,0.0,wltp_class3b,PPO_seed42
681,12.9626,-5853.5096568316685,0.0,0.0,0.4920937337244719,25.00629687458663,-0.011002837700811409,0.0,0.05501418850405704,0.0,0.0,0.0,wltp_class3b,PPO_seed42
682,13.0748,-5586.903119631044,0.0,0.0,0.4920585664780548,25.006330595215516,-0.010501697593291438,0.0,0.052508487966457185,0.0,0.0,0.0,wltp_class3b,PPO_seed42
683,13.1697,-5292.262651172209,0.0,0.0,0.4920252536329613,25.006361428236836,-0.009947862126263552,0.0,0.04973931063131776,0.0,0.0,0.0,wltp_class3b,PPO_seed42
684,13.2474,-4984.978179545172,0.0,0.0,0.4919938748433051,25.006389388398464,-0.009370259735987164,0.0,0.04685129867993582,0.0,0.0,0.0,wltp_class3b,PPO_seed42
685,13.3093,-4693.978006663405,0.0,0.0,0.4919643276629225,25.00641476770052,-0.00882326692981843,0.0,0.04411633464909215,0.0,0.0,0.0,wltp_class3b,PPO_seed42
686,13.3577,-4440.6384614131775,0.0,0.0,0.49193637507690785,25.00643801236421,-0.008347064777092439,0.0,0.041735323885462194,0.0,0.0,0.0,wltp_class3b,PPO_seed42
687,13.3959,-4248.811431717819,0.0,0.0,0.49190962991664117,25.006459709818554,-0.007986487653604922,0.0,0.03993243826802461,0.0,0.0,0.0,wltp_class3b,PPO_seed42
688,13.4277,-4131.928695808873,0.0,0.0,0.49188362045093326,25.00648049176308,-0.007766783262798634,0.0,0.03883391631399317,0.0,0.0,0.0,wltp_class3b,PPO_seed42
689,13.4572,-4099.113383594811,0.0,0.0,0.4918578175090309,25.006501018447896,-0.007705100345103029,0.0,0.038525501725515145,0.0,0.0,0.0,wltp_class3b,PPO_seed42
690,13.489,-4163.83327184433,0.0,0.0,0.4918316071328896,25.00652204870914,-0.00782675427038408,0.0,0.03913377135192039,0.0,0.0,0.0,wltp_class3b,PPO_seed42
691,13.5272,-4318.4759459353,0.0,0.0,0.4918044232710924,25.00654432417983,-0.008117435988600189,0.0,0.04058717994300094,0.0,0.0,0.0,wltp_class3b,PPO_seed42
692,13.5757,-4561.928659865371,0.0,0.0,0.49177570686444605,25.006568664116458,-0.008575053871927389,0.0,0.042875269359636946,0.0,0.0,0.0,wltp_class3b,PPO_seed42
693,13.6375,-4878.279509926185,0.0,0.0,0.4917449990010776,25.006595871325654,-0.009169698326928918,0.0,0.04584849163464459,0.0,0.0,0.0,wltp_class3b,PPO_seed42
694,13.7152,-5262.376331619436,0.0,0.0,0.4917118731844917,25.00662683464739,-0.009891684833871123,0.0,0.04945842416935561,0.0,0.0,0.0,wltp_class3b,PPO_seed42
695,13.8101,-5689.42324946378,0.0,0.0,0.49167605898489825,25.0066623290395,-0.010694404604255227,0.0,0.05347202302127613,0.0,0.0,0.0,wltp_class3b,PPO_seed42
696,13.9223,-6135.6953477279985,0.0,0.0,0.4916374353000511,25.00670296136571,-0.011533261931819548,0.0,0.057666309659097734,0.0,0.0,0.0,wltp_class3b,PPO_seed42
697,14.0512,-6587.209731250862,0.0,0.0,0.4915959690345068,25.006749214565595,-0.012381973179042974,0.0,0.06190986589521487,0.0,0.0,0.0,wltp_class3b,PPO_seed42
698,14.1948,-7012.854318060715,0.0,0.0,0.49155182293252175,25.006801171852622,-0.01318205698883593,0.0,0.06591028494417965,0.0,0.0,0.0,wltp_class3b,PPO_seed42
699,14.3503,-7392.642270552146,0.0,0.0,0.4915052855570512,25.006858571764344,-0.013895944117579224,0.0,0.06947972058789612,0.0,0.0,0.0,wltp_class3b,PPO_seed42
700,14.5143,-7709.299000983868,0.0,0.0,0.4914567542273737,25.0069207975153,-0.014491163535683964,0.0,0.07245581767841981,0.0,0.0,0.0,wltp_class3b,PPO_seed42
701,14.6825,-7936.814552870548,0.0,0.0,0.49140679002215065,25.006986721317134,-0.014918824347501032,0.0,0.07459412173750515,0.0,0.0,0.0,wltp_class3b,PPO_seed42
702,14.8508,-8073.354056452026,0.0,0.0,0.49135596560578,25.00705506311797,-0.015175477549721856,0.0,0.07587738774860928,0.0,0.0,0.0,wltp_class3b,PPO_seed42
703,15.0148,-8105.1696674347595,0.0,0.0,0.4913049402289827,25.007124251334375,-0.015235281329764587,0.0,0.07617640664882293,0.0,0.0,0.0,wltp_class3b,PPO_seed42
704,15.1703,-8030.249166238972,0.0,0.0,0.4912543858548758,25.007192652947122,-0.01509445331999807,0.0,0.07547226659999035,0.0,0.0,0.0,wltp_class3b,PPO_seed42
705,15.3139,-7862.066042113562,0.0,0.0,0.4912048896669192,25.007258868089167,-0.01477831962803301,0.0,0.07389159814016505,0.0,0.0,0.0,wltp_class3b,PPO_seed42
706,15.4428,-7610.991647963137,0.0,0.0,0.4911569735886579,25.00732172379021,-0.014306375278126199,0.0,0.071531876390631,0.0,0.0,0.0,wltp_class3b,PPO_seed42
707,15.555,-7293.905229175789,0.0,0.0,0.4911110533023732,25.007380387636697,-0.013710348175142462,0.0,0.06855174087571231,0.0,0.0,0.0,wltp_class3b,PPO_seed42
708,15.6498,-6941.897257842307,0.0,0.0,0.49106734876636954,25.007434545483214,-0.013048679056094562,0.0,0.06524339528047281,0.0,0.0,0.0,wltp_class3b,PPO_seed42
709,15.7275,-6580.479647854628,0.0,0.0,0.4910259193209526,25.007484265909767,-0.012369322646343286,0.0,0.061846613231716425,0.0,0.0,0.0,wltp_class3b,PPO_seed42
710,15.7894,-6236.360167226431,0.0,0.0,0.49098665614948617,25.007529950680944,-0.011722481517342917,0.0,0.05861240758671458,0.0,0.0,0.0,wltp_class3b,PPO_seed42
711,15.8379,-5939.619400873155,0.0,0.0,0.490949261036588,25.00757230808035,-0.011164698121942021,0.0,0.055823490609710105,0.0,0.0,0.0,wltp_class3b,PPO_seed42
712,15.8761,-5710.845006786519,0.0,0.0,0.4909133061300869,25.007612195643258,-0.010734671065388194,0.0,0.053673355326940966,0.0,0.0,0.0,wltp_class3b,PPO_seed42
713,15.9078,-5570.794066831598,0.0,0.0,0.4908782328740728,25.007650610703305,-0.010471417418856387,0.0,0.05235708709428193,0.0,0.0,0.0,wltp_class3b,PPO_seed42
714,15.9374,-5537.900375921988,0.0,0.0,0.49084336663628664,25.007688685067723,-0.010409587172785692,0.0,0.05204793586392845,0.0,0.0,0.0,wltp_class3b,PPO_seed42
715,15.9692,-5613.094518194724,0.0,0.0,0.49080802690701414,25.00772755445494,-0.010550929545478805,0.0,0.05275464772739402,0.0,0.0,0.0,wltp_class3b,PPO_seed42
716,16.0074,-5797.341512150532,0.0,0.0,0.4907715270828433,25.007768425097115,-0.010897258481485964,0.0,0.05448629240742982,0.0,0.0,0.0,wltp_class3b,PPO_seed42
717,16.0558,-6084.22232439927,0.0,0.0,0.49073322095444805,25.007812556828107,-0.011436508128570057,0.0,0.057182540642850284,0.0,0.0,0.0,wltp_class3b,PPO_seed42
718,16.1177,-6464.959254036213,0.0,0.0,0.49069251755395255,25.007861281562533,-0.01215217904894025,0.0,0.06076089524470125,0.0,0.0,0.0,wltp_class3b,PPO_seed42
719,16.1954,-6917.998767972788,0.0,0.0,0.490648961588333,25.00791586250548,-0.013003757082655618,0.0,0.06501878541327809,0.0,0.0,0.0,wltp_class3b,PPO_seed42
720,16.2902,-7421.208970733334,0.0,0.0,0.49060223708074074,25.0079774459029,-0.013949640922431082,0.0,0.0697482046121554,0.0,0.0,0.0,wltp_class3b,PPO_seed42
721,16.4025,-7954.16757000804,0.0,0.0,0.49055215660879065,25.00804701934891,-0.014951442800766993,0.0,0.07475721400383496,0.0,0.0,0.0,wltp_class3b,PPO_seed42
722,16.2238,-468.11022244295646,0.0,0.0,0.4905492092966765,25.0080571639088,-0.0008799064331634519,0.0,0.0043995321658172595,0.0,0.0,0.0,wltp_class3b,PPO_seed42
723,16.0598,-780.7890529176581,0.0,0.0,0.490544293378678,25.008066987609087,-0.0014676485957098835,0.0,0.007338242978549418,0.0,0.0,0.0,wltp_class3b,PPO_seed42
724,15.9078,-1025.0518401649324,0.0,0.0,0.49053783965502046,25.008076620841756,-0.0019267891732423542,0.0,0.00963394586621177,0.0,0.0,0.0,wltp_class3b,PPO_seed42
725,15.7643,-1182.2615172896296,0.0,0.0,0.49053039623893807,25.008086041210948,-0.002222296085130883,0.0,0.011111480425654414,0.0,0.0,0.0,wltp_class3b,PPO_seed42
726,15.625,-1233.86476304795,0.0,0.0,0.49052262802911195,25.008095088851103,-0.0023192946673833647,0.0,0.011596473336916824,0.0,0.0,0.0,wltp_class3b,PPO_seed42
727,15.4857,-1183.540540510212,0.0,0.0,0.49051517673973066,25.008103564959224,-0.0022247002641169397,0.0,0.011123501320584699,0.0,0.0,0.0,wltp_class3b,PPO_seed42
728,15.3422,-1032.567912902061,0.0,0.0,0.49050867601281906,25.008111288546548,-0.0019409171295151522,0.0,0.00970458564757576,0.0,0.0,0.0,wltp_class3b,PPO_seed42
729,15.1902,-780.1816817631742,0.0,0.0,0.4905037642883553,25.008118151842456,-0.0014665069206074705,0.0,0.007332534603037352,0.0,0.0,0.0,wltp_class3b,PPO_seed42
730,15.0262,-447.63770102121396,0.0,0.0,0.49050094616729517,25.008124199608602,-0.0008414242500398759,0.0,0.004207121250199379,0.0,0.0,0.0,wltp_class3b,PPO_seed42
731,14.8475,-56.356879066987645,0.0,0.0,0.49050059137486723,25.008129623182583,-0.00010593398320862341,0.0,0.000529669916043117,0.0,0.0,0.0,wltp_class3b,PPO_seed42
732,14.6522,0.0,0.0,267.9845826895881,0.49050059137486723,25.00813459440974,0.0,0.0,0.0,0.0,0.0,0.0,wltp_class3b,PPO_seed42
733,14.4395,0.0,0.0,583.1867030892781,0.49050059137486723,25.00813914013178,0.0,0.0,0.0,0.0,0.0,0.0,wltp_class3b,PPO_seed42
734,14.2097,377.28119641542435,0.0,508.23659256734015,0.4905029664373616,25.008143423046203,0.02041857181803176,0.0,0.0035458759061600034,0.015091247856616974,0.0,0.0,wltp_class3b,PPO_seed42
735,13.964,1159.6582308872098,0.0,0.0,0.49051026662194813,25.008148438962376,0.06276105222500852,0.0,0.010899043523376032,0.04638632923548839,0.0,0.0,wltp_class3b,PPO_seed42
736,13.7049,1385.2750218034034,0.0,0.0,0.4905189869494156,25.008153552852537,0.07497150080406689,0.0,0.013019502084618453,0.055411000872136136,0.0,0.0,wltp_class3b,PPO_seed42
737,13.4356,1552.9723685023132,0.0,0.0,0.49052876277334573,25.00815870249446,0.08404733164270414,0.0,0.014595604967127003,0.06211889474009253,0.0,0.0,wltp_class3b,PPO_seed42
738,13.1598,1657.6208838599887,0.0,0.0,0.4905391971781738,25.00816375975027,0.08971094076709922,0.0,0.015579143645300645,0.06630483535439954,0.0,0.0,wltp_class3b,PPO_seed42
739,12.8819,1692.2457503754604,0.0,0.0,0.4905498493658181,25.008168541304467,0.09158484895641024,0.0,0.015904565323077637,0.06768983001501841,0.0,0.0,wltp_class3b,PPO_seed42
740,12.6061,1663.7515018678057,0.0,0.0,0.4905603220236942,25.00817287585945,0.09004273165747718,0.0,0.015636762235599677,0.06655006007471223,0.0,0.0,wltp_class3b,PPO_seed42
741,12.3367,1574.7403137161164,0.0,0.0,0.4905702342394413,25.0081766125539,0.08522541938442561,0.0,0.014800190918384552,0.06298961254864466,0.0,0.0,wltp_class3b,PPO_seed42
742,12.0776,1434.5721532758735,0.0,0.0,0.49057926403442537,25.008179657850008,0.07763947638556193,0.0,0.013482820989434902,0.05738288613103494,0.0,0.0,wltp_class3b,PPO_seed42
743,11.832,1255.8129018461593,0.0,0.0,0.4905871685369302,25.008181988736037,0.06796497193600493,0.0,0.011802752836899993,0.05023251607384637,0.0,0.0,wltp_class3b,PPO_seed42
744,11.6021,1053.7714674435667,0.0,0.0,0.4905938012407206,25.008183650570786,0.05703042874179543,0.0,0.009903867175221492,0.04215085869774267,0.0,0.0,wltp_class3b,PPO_seed42
745,11.3894,838.5456065566308,0.0,0.0,0.4905990791983797,25.008184729200195,0.04538234042101223,0.0,0.007881067730795402,0.03354182426226523,0.0,0.0,wltp_class3b,PPO_seed42
746,11.1942,0.0,0.0,625.5869284381988,0.4905990791983797,25.008184971591742,0.0,0.0,0.0,0.0,0.0,0.0,wltp_class3b,PPO_seed42
747,11.0155,0.0,0.0,430.4785154945539,0.4905990791983797,25.00818509868635,0.0,0.0,0.0,0.0,0.0,0.0,wltp_class3b,PPO_seed42
748,10.8515,0.0,0.0,261.82847539929094,0.4905990791983797,25.008185118060783,0.0,0.0,0.0,0.0,0.0,0.0,wltp_class3b,PPO_seed42
749,10.6995,0.0,0.0,129.14647462352625,0.4905990791983797,25.0081850367951,0.0,0.0,0.0,0.0,0.0,0.0,wltp_class3b,PPO_seed42
750,10.5559,0.0,0.0,41.69635921547079,0.4905990791983797,25.008184861505228,0.0,0.0,0.0,0.0,0.0,0.0,wltp_class3b,PPO_seed42
751,10.4167,0.0,0.0,2.6428441726642244,0.4905990791983797,25.008184598373365,0.0,0.0,0.0,0.0,0.0,0.0,wltp_class3b,PPO_seed42
752,10.2774,0.0,0.0,16.257711392560676,0.4905990791983797,25.00818425317644,0.0,0.0,0.0,0.0,0.0,0.0,wltp_class3b,PPO_seed42
753,10.1338,0.0,0.0,77.36618701492067,0.4905990791983797,25.00818383131267,0.0,0.0,0.0,0.0,0.0,0.0,wltp_class3b,PPO_seed42
754,9.9818,0.0,0.0,182.990631938096,0.4905990791983797,25.008183337826377,0.0,0.0,0.0,0.0,0.0,0.0,wltp_class3b,PPO_seed42
755,9.8179,0.0,0.0,324.2806553260151,0.4905990791983797,25.008182777431198,0.0,0.0,0.0,0.0,0.0,0.0,wltp_class3b,PPO_seed42
756,9.6392,0.0,0.0,492.29744453683526,0.4905990791983797,25.008182154531767,0.0,0.0,0.0,0.0,0.0,0.0,wltp_class3b,PPO_seed42
757,9.4439,672.7531425618552,0.0,0.0,0.4906033133063784,25.008181901609728,0.0364096024072198,0.0,0.006322867881220443,0.026910125702474207,0.0,0.0,wltp_class3b,PPO_seed42
758,9.2312,852.9686135370752,0.0,0.0,0.49060868159831816,25.008181831114538,0.04616291789654035,0.0,0.008016622307679277,0.034118744541483004,0.0,0.0,wltp_class3b,PPO_seed42
759,9.0013,1021.044796497221,0.0,0.0,0.4906151076553931,25.008181981248594,0.0552592514675714,0.0,0.009596285681364858,0.04084179185988884,0.0,0.0,wltp_class3b,PPO_seed42
760,8.7557,1163.2555939655347,0.0,0.0,0.49062242867366684,25.0081823492695,0.06295574259672118,0.0,0.010932853326743748,0.046530223758621383,0.0,0.0,wltp_class3b,PPO_seed42
761,8.4966,1273.3245032373322,0.0,0.0,0.49063044235173575,25.008182897717038,0.06891270506994222,0.0,0.011967335556741844,0.05093298012949329,0.0,0.0,wltp_class3b,PPO_seed42
762,8.2273,1342.5876924414279,0.0,0.0,0.49063889186820964,25.008183548229262,0.07266124970070224,0.0,0.012618305380088608,0.05370350769765712,0.0,0.0,wltp_class3b,PPO_seed42
763,7.9515,1370.4365264328862,0.0,0.0,0.49064751657878464,25.008184206026606,0.07416843697190913,0.0,0.012880042541662464,0.05481746105731545,0.0,0.0,wltp_class3b,PPO_seed42
764,7.6735,1355.493226311136,0.0,0.0,0.4906560471760005,25.008184767119566,0.0733597010750944,0.0,0.012739597991646014,0.05421972905244544,0.0,0.0,wltp_class3b,PPO_seed42
765,7.3977,1301.5192505043706,0.0,0.0,0.49066423803206705,25.008185140975986,0.07043861327165758,0.0,0.012232323782935813,0.052060770020174826,0.0,0.0,wltp_class3b,PPO_seed42
766,7.1284,1214.009611329136,0.0,0.0,0.49067187810711094,25.008185261813914,0.06570256528080541,0.0,0.011409864768130978,0.04856038445316544,0.0,0.0,wltp_class3b,PPO_seed42
767,6.8693,1101.9192327611465,0.0,0.0,0.49067881272117253,25.00818509896978,0.05963620028131377,0.0,0.01035638376655213,0.04407676931044586,0.0,0.0,wltp_class3b,PPO_seed42
768,6.6237,971.6322126409322,0.0,0.0,0.4906849273729939,25.00818464867946,0.052585027568341575,0.0,0.009131881697753122,0.03886528850563729,0.0,0.0,wltp_class3b,PPO_seed42
769,6.3938,833.552356793322,0.0,0.0,0.49069017303481033,25.008183936351763,0.04511210424209272,0.0,0.00783413869166656,0.03334209427173288,0.0,0.0,wltp_class3b,PPO_seed42
770,6.1811,693.7250765521318,0.0,0.0,0.49069453872245267,25.00818300067223,0.03754460978212214,0.0,0.0065199725239862005,0.027749003062085272,0.0,0.0,wltp_class3b,PPO_seed42
771,5.9858,561.1553716537969,0.0,0.0,0.4906980701193398,25.008181890464545,0.03036989748243632,0.0,0.00527401665088155,0.02244621486615188,0.0,0.0,wltp_class3b,PPO_seed42
772,5.8071,441.6000616294582,0.0,0.0,0.49070084913458156,25.00818065312894,0.023899528147434887,0.0,0.004150376519073855,0.017664002465178328,0.0,0.0,wltp_class3b,PPO_seed42
773,5.6432,340.06270253643385,0.0,0.0,0.49070298916247707,25.00817932975051,0.0184042957357688,0.0,0.003196078031357461,0.013602508101457354,0.0,0.0,wltp_class3b,PPO_seed42
774,5.4912,261.6371954173406,0.0,0.0,0.49070463565113603,25.00817795292029,0.014159883703864793,0.0,0.0024589961975313964,0.010465487816693623,0.0,0.0,wltp_class3b,PPO_seed42
775,5.3476,207.99642702917657,0.0,0.0,0.490705944574184,25.00817654505393,0.011256829186135435,0.0,0.001954853637492261,0.008319857081167063,0.0,0.0,wltp_class3b,PPO_seed42
776,5.2083,180.72617559089332,0.0,0.0,0.49070708188296974,25.008175121106085,0.009780954976716166,0.0,0.0016985542818692982,0.007229047023635733,0.0,0.0,wltp_class3b,PPO_seed42
777,5.0691,178.38776040801892,0.0,0.0,0.49070820447396557,25.008173691077886,0.009654399243736242,0.0,0.0016765766955640876,0.007135510416320757,0.0,0.0,wltp_class3b,PPO_seed42
778,4.9255,200.58959089923403,0.0,0.0,0.4907094667783483,25.008172264191018,0.010855968987163057,0.0,0.0018852405159702447,0.008023583635969361,0.0,0.0,wltp_class3b,PPO_seed42
779,4.7735,242.27749812597938,0.0,0.0,0.4907109914206536,25.008170850179436,0.013112131063990973,0.0,0.0022770441553193552,0.009691099925039175,0.0,0.0,wltp_class3b,PPO_seed42
780,4.6095,298.89794017198454,0.0,0.0,0.49071287236939154,25.00816946064523,0.016176446416225145,0.0,0.0028091911670299298,0.011955917606879382,0.0,0.0,wltp_class3b,PPO_seed42
781,4.4308,363.2789007533804,0.0,0.0,0.49071515845929503,25.00816810693685,0.019660763365585206,0.0,0.0034142753830204925,0.014531156030135217,0.0,0.0,wltp_class3b,PPO_seed42
782,4.2356,428.57140828584835,0.0,0.0,0.4907178554245394,25.00816679764758,0.023194413510086737,0.0,0.0040279267696038375,0.017142856331433934,0.0,0.0,wltp_class3b,PPO_seed42
783,4.0229,488.8798993255084,0.0,0.0,0.4907209318988559,25.008165536290726,0.02645832718304518,0.0,0.004594735895916432,0.019555195973020335,0.0,0.0,wltp_class3b,PPO_seed42
784,3.793,536.8852383205533,0.0,0.0,0.49072431045759735,25.0081643172926,0.029056390567152948,0.0,0.005045913893990162,0.02147540953282213,0.0,0.0,wltp_class3b,PPO_seed42
785,3.5474,567.1970372361716,0.0,0.0,0.4907278797557316,25.00816312604547,0.03069687424079671,0.0,0.00533079922214447,0.022687881489446865,0.0,0.0,wltp_class3b,PPO_seed42
786,3.2883,577.9454868074461,0.0,0.0,0.49073151668284754,25.008161942973782,0.031278583564210496,0.0,0.005431818485032388,0.02311781947229784,0.0,0.0,wltp_class3b,PPO_seed42
787,3.0189,567.5863987547654,0.0,0.0,0.49073508841242464,25.008160745734216,0.030717946603284217,0.0,0.005334458634913208,0.022703455950190615,0.0,0.0,wltp_class3b,PPO_seed42
788,2.7431,537.2346194765228,0.0,0.0,0.4907384691347445,25.008159514400933,0.029075299180391055,0.0,0.005049197551471079,0.02148938477906091,0.0,0.0,wltp_class3b,PPO_seed42
789,2.4652,490.1115530127219,0.0,0.0,0.49074155331284075,25.008158235465068,0.02652498465101934,0.0,0.004606311588465432,0.019604462120508877,0.0,0.0,wltp_class3b,PPO_seed42
790,2.1894,431.31548245265867,0.0,0.0,0.49074426749290856,25.00815690399143,0.023342923629279977,0.0,0.004053716940344536,0.017252619298106345,0.0,0.0,wltp_class3b,PPO_seed42
791,1.9201,365.18109763079013,0.0,0.0,0.49074656549868173,25.008155521838876,0.019763710832679904,0.0,0.003432153173221712,0.014607243905231606,0.0,0.0,wltp_class3b,PPO_seed42
792,1.661,297.5781804788737,0.0,0.0,0.49074843809105506,25.00815409680399,0.016105020624713782,0.0,0.0027967874105157306,0.011903127219154949,0.0,0.0,wltp_class3b,PPO_seed42
793,1.4153,232.77003622404206,0.0,0.0,0.49074990285858144,25.008152639018103,0.012597584366471088,0.0,0.002187688310376335,0.009310801448961683,0.0,0.0,wltp_class3b,PPO_seed42
794,1.1855,174.16307522724344,0.0,0.0,0.49075099882510936,25.008151158619143,0.009425758011170663,0.0,0.0016368710077748444,0.006966523009089737,0.0,0.0,wltp_class3b,PPO_seed42
795,1.25,-317.3111165364583,0.0,0.0,0.4907490020637139,25.00814974486184,-0.0005964494671737939,0.0,0.0029822473358689693,0.0,0.0,0.0,wltp_class3b,PPO_seed42
796,1.0417,128.09388090812703,0.0,0.0,0.4907498081280349,25.008148251889253,0.006932479359223296,0.0,0.0012038898581590886,0.005123755236325082,0.0,0.0,wltp_class3b,PPO_seed42
797,0.8333,102.69842879118926,0.0,0.0,0.49075045438443754,25.008146753476865,0.005558069852924663,0.0,0.0009652107969096734,0.00410793715164757,0.0,0.0,wltp_class3b,PPO_seed42
798,0.625,77.03699951171878,0.0,0.0,0.4907509391594319,25.008145250855325,0.00416926558259663,0.0,0.0007240319502981088,0.003081479980468751,0.0,0.0,wltp_class3b,PPO_seed42
799,0.4167,51.4002548117404,0.0,0.0,0.4907512626085409,25.008143745311138,0.002781797249134642,0.0,0.00048308510161410153,0.0020560101924696162,0.0,0.0,wltp_class3b,PPO_seed42
800,0.2083,25.728735797927524,0.0,0.0,0.49075142451307624,25.00814223811551,0.001392446919349491,0.0,0.00024181142667225117,0.0010291494319171009,0.0,0.0,wltp_class3b,PPO_seed42
801,0.0,0.0,0.0,0.0,0.49075142451307624,25.008140730538287,0.0,0.0,0.0,0.0,0.0,0.0,wltp_class3b,PPO_seed42
802,0.1562,-61.79148199738392,0.0,0.0,0.49075103567474976,25.00813922683688,-0.00011614940225072165,0.0,0.0005807470112536082,0.0,0.0,0.0,wltp_class3b,PPO_seed42
803,0.3125,-123.68454869588214,0.0,0.0,0.49075025735874506,25.008137734297737,-0.0002324897531877484,0.0,0.0011624487659387419,0.0,0.0,0.0,wltp_class3b,PPO_seed42
804,0.4688,-185.58015782992055,0.0,0.0,0.4907490895487116,25.00813626021074,-0.00034883488313894843,0.0,0.0017441744156947421,0.0,0.0,0.0,wltp_class3b,PPO_seed42
805,0.625,-247.37916734483505,0.0,0.0,0.49074753285193856,25.00813481183091,-0.0004649984348587125,0.0,0.0023249921742935623,0.0,0.0,0.0,wltp_class3b,PPO_seed42
806,0.7812,-309.3047130638377,0.0,0.0,0.490745586471349,25.008133396527786,-0.0005813998365861612,0.0,0.0029069991829308054,0.0,0.0,0.0,wltp_class3b,PPO_seed42
807,0.9375,-371.4828147888183,0.0,0.0,0.4907432488166318,25.008132021828427,-0.0006982759676481547,0.0,0.0034913798382407734,0.0,0.0,0.0,wltp_class3b,PPO_seed42
808,1.0938,-433.619917153753,0.0,0.0,0.4907405201445352,25.00813069513848,-0.0008150750322438966,0.0,0.004075375161219483,0.0,0.0,0.0,wltp_class3b,PPO_seed42
809,1.25,-495.61667209201363,0.0,0.0,0.4907374013367812,25.008129423791104,-0.0009316102858872437,0.0,0.004658051429436218,0.0,0.0,0.0,wltp_class3b,PPO_seed42
810,1.6203,-1183.0791891941258,0.0,0.0,0.4907299564660683,25.008129245413972,-0.0022238330623949734,0.0,0.011119165311974866,0.0,0.0,0.0,wltp_class3b,PPO_seed42
811,1.7258,-549.5919187761899,0.0,0.0,0.4907264979854263,25.008128031217854,-0.0010330675164965976,0.0,0.005165337582482988,0.0,0.0,0.0,wltp_class3b,PPO_seed42
812,1.821,-551.0927823094016,0.0,0.0,0.49072303005485723,25.00812682010991,-0.0010358886885515068,0.0,0.005179443442757534,0.0,0.0,0.0,wltp_class3b,PPO_seed42
813,1.9098,-559.3241196315811,0.0,0.0,0.4907195103207105,25.008125619269528,-0.0010513611271270322,0.0,0.005256805635635161,0.0,0.0,0.0,wltp_class3b,PPO_seed42
814,1.9964,-578.2503010256704,0.0,0.0,0.4907158714819011,25.0081244405281,-0.0010869366560632904,0.0,0.0054346832803164515,0.0,0.0,0.0,wltp_class3b,PPO_seed42
815,2.0852,-611.5497805009854,0.0,0.0,0.49071202308893797,25.008123301148572,-0.0011495296625958372,0.0,0.005747648312979186,0.0,0.0,0.0,wltp_class3b,PPO_seed42
816,2.1805,-662.0661534074676,0.0,0.0,0.49070785679735035,25.00812222473232,-0.0012444852507659167,0.0,0.006222426253829583,0.0,0.0,0.0,wltp_class3b,PPO_seed42
817,2.286,-731.0015576613475,0.0,0.0,0.49070325669692294,25.00812124157614,-0.0013740630783108038,0.0,0.0068703153915540185,0.0,0.0,0.0,wltp_class3b,PPO_seed42
818,2.4049,-819.9373591842818,0.0,0.0,0.49069809692501704,25.00812039176153,-0.0015412356375644398,0.0,0.007706178187822198,0.0,0.0,0.0,wltp_class3b,PPO_seed42
819,2.5396,-929.2714143148229,0.0,0.0,0.49069224911391884,25.008119726330076,-0.0017467507787872613,0.0,0.008733753893936306,0.0,0.0,0.0,wltp_class3b,PPO_seed42
820,2.6915,-1058.1192781526831,0.0,0.0,0.4906855904598786,25.008119307415907,-0.001988946011565194,0.0,0.009944730057825969,0.0,0.0,0.0,wltp_class3b,PPO_seed42
821,2.8608,-1203.6848672030599,0.0,0.0,0.49067801575258735,25.008119205296353,-0.002262565539855376,0.0,0.011312827699276879,0.0,0.0,0.0,wltp_class3b,PPO_seed42
822,3.0467,-1362.5356262925109,0.0,0.0,0.49066944138031,25.008119495485406,-0.002561157192279156,0.0,0.012805785961395779,0.0,0.0,0.0,wltp_class3b,PPO_seed42
823,3.2473,-1528.904664595167,0.0,0.0,0.490659820019804,25.008120249078544,-0.0028738809484871565,0.0,0.014369404742435782,0.0,0.0,0.0,wltp_class3b,PPO_seed42
824,3.4599,-1696.477420326854,0.0,0.0,0.4906491440832791,25.008121524290257,-0.003188867331441455,0.0,0.015944336657207275,0.0,0.0,0.0,wltp_class3b,PPO_seed42
825,3.6809,-1856.3402309749479,0.0,0.0,0.4906374620754348,25.008123349406283,-0.003489361336419075,0.0,0.017446806682095375,0.0,0.0,0.0,wltp_class3b,PPO_seed42
826,3.9062,-2000.003510509824,0.0,0.0,0.4906248759262692,25.00812571375959,-0.003759405094943279,0.0,0.018797025474716393,0.0,0.0,0.0,wltp_class3b,PPO_seed42
827,4.1316,-2120.4387591921227,0.0,0.0,0.49061153179814077,25.008128565349796,-0.0039857871413385764,0.0,0.019928935706692883,0.0,0.0,0.0,wltp_class3b,PPO_seed42
828,4.3526,-2208.8523671179896,0.0,0.0,0.4905976311956106,25.008131799440953,-0.004151978133680432,0.0,0.02075989066840216,0.0,0.0,0.0,wltp_class3b,PPO_seed42
829,4.5652,-2262.1620499269616,0.0,0.0,0.4905833950252672,25.00813528177303,-0.004252184304373988,0.0,0.021260921521869938,0.0,0.0,0.0,wltp_class3b,PPO_seed42
830,4.7658,-2277.8294938344,0.0,0.0,0.4905690601733515,25.008138856074137,-0.004281634386906767,0.0,0.021408171934533836,0.0,0.0,0.0,wltp_class3b,PPO_seed42
831,4.9517,-2258.693618446477,0.0,0.0,0.4905548456660948,25.008142374214422,-0.004245664696327965,0.0,0.021228323481639822,0.0,0.0,0.0,wltp_class3b,PPO_seed42
832,5.121,-2208.800486841978,0.0,0.0,0.49054094507207474,25.008145708001035,-0.004151880614364621,0.0,0.020759403071823102,0.0,0.0,0.0,wltp_class3b,PPO_seed42
833,5.2729,-2136.476608649905,0.0,0.0,0.4905274995628681,25.008148770767484,-0.004015933474905836,0.0,0.02007966737452918,0.0,0.0,0.0,wltp_class3b,PPO_seed42
834,5.4076,-2050.929678104803,0.0,0.0,0.490514592365506,25.00815152001252,-0.0038551309738812088,0.0,0.019275654869406043,0.0,0.0,0.0,wltp_class3b,PPO_seed42
835,5.5265,-1964.4055525099045,0.0,0.0,0.49050222964030316,25.008153964498895,-0.0036924916400562116,0.0,0.018462458200281057,0.0,0.0,0.0,wltp_class3b,PPO_seed42
836,5.632,-1888.3947987235201,0.0,0.0,0.49049034523219365,25.00815615414324,-0.003549614283314888,0.0,0.01774807141657444,0.0,0.0,0.0,wltp_class3b,PPO_seed42
837,5.7273,-1833.1084426296484,0.0,0.0,0.49047880872194843,25.00815816968703,-0.0034456925613339257,0.0,0.017228462806669627,0.0,0.0,0.0,wltp_class3b,PPO_seed42
838,5.8161,-1806.2163597311185,0.0,0.0,0.4904674414177612,25.008160111862793,-0.0033951435333291705,0.0,0.01697571766664585,0.0,0.0,0.0,wltp_class3b,PPO_seed42
839,5.9027,-1816.420125114349,0.0,0.0,0.4904560098617513,25.0081621074912,-0.003414323543448025,0.0,0.017071617717240122,0.0,0.0,0.0,wltp_class3b,PPO_seed42
840,5.9915,-1867.9586185956275,0.0,0.0,0.49044425391506846,25.008164301364125,-0.0035112004108940366,0.0,0.017556002054470183,0.0,0.0,0.0,wltp_class3b,PPO_seed42
841,6.0867,-1962.336403845516,0.0,0.0,0.49043190396579356,25.00816685697547,-0.0036886022628675116,0.0,0.018443011314337558,0.0,0.0,0.0,wltp_class3b,PPO_seed42
842,6.1922,-2100.2624155183266,0.0,0.0,0.49041868593568233,25.008169964718164,-0.003947861683305126,0.0,0.019739308416525627,0.0,0.0,0.0,wltp_class3b,PPO_seed42
843,6.3112,-2278.662302500072,0.0,0.0,0.4904043450895524,25.008173837043618,-0.004283199816729459,0.0,0.021415999083647295,0.0,0.0,0.0,wltp_class3b,PPO_seed42
844,6.4459,-2491.209391289569,0.0,0.0,0.49038866650332913,25.008178698773868,-0.004682724419717235,0.0,0.023413622098586172,0.0,0.0,0.0,wltp_class3b,PPO_seed42
845,6.5978,-2734.1033835814346,0.0,0.0,0.4903714591638521,25.00818479745505,-0.005139292074401194,0.0,0.025696460372005965,0.0,0.0,0.0,wltp_class3b,PPO_seed42
846,6.7671,-2996.3955602359883,0.0,0.0,0.4903526009578376,25.00819236150567,-0.005632322481646595,0.0,0.028161612408232974,0.0,0.0,0.0,wltp_class3b,PPO_seed42
847,6.953,-3268.643332282397,0.0,0.0,0.4903320291940129,25.008201590791757,-0.006144066414064656,0.0,0.030720332070323278,0.0,0.0,0.0,wltp_class3b,PPO_seed42
848,7.1536,-3538.3871142749244,0.0,0.0,0.4903097595928252,25.00821261788287,-0.006651103598261137,0.0,0.03325551799130568,0.0,0.0,0.0,wltp_class3b,PPO_seed42
849,7.3662,-3794.371895137553,0.0,0.0,0.49028587870828216,25.008225491166034,-0.00713227799837886,0.0,0.0356613899918943,0.0,0.0,0.0,wltp_class3b,PPO_seed42
850,7.5872,-4022.04166232987,0.0,0.0,0.49026056470753376,25.008240128266355,-0.007560228688589982,0.0,0.03780114344294991,0.0,0.0,0.0,wltp_class3b,PPO_seed42
851,7.8125,-4209.615039825438,0.0,0.0,0.49023406991306867,25.008256315872558,-0.007912810225235786,0.0,0.039564051126178924,0.0,0.0,0.0,wltp_class3b,PPO_seed42
852,8.0378,-4347.832696624628,0.0,0.0,0.49020670493419466,25.008273720743716,-0.008172617850798173,0.0,0.04086308925399086,0.0,0.0,0.0,wltp_class3b,PPO_seed42
853,8.2588,-4429.563553578482,0.0,0.0,0.49017882527611595,25.008291909486214,-0.00832624728116256,0.0,0.0416312364058128,0.0,0.0,0.0,wltp_class3b,PPO_seed42
854,8.4714,-4450.5532313182175,0.0,0.0,0.49015081323702503,25.008310384418213,-0.008365701562628228,0.0,0.04182850781314114,0.0,0.0,0.0,wltp_class3b,PPO_seed42
855,8.672,-4411.538420203085,0.0,0.0,0.4901230464952805,25.008328643995366,-0.008292365451509558,0.0,0.04146182725754779,0.0,0.0,0.0,wltp_class3b,PPO_seed42
856,8.8579,-4320.471466020299,0.0,0.0,0.4900958526918927,25.008346261847002,-0.00812118696620357,0.0,0.04060593483101785,0.0,0.0,0.0,wltp_class3b,PPO_seed42
857,9.0272,-4185.962283018887,0.0,0.0,0.4900695052877873,25.008362903659652,-0.00786835015605054,0.0,0.0393417507802527,0.0,0.0,0.0,wltp_class3b,PPO_seed42
858,9.1791,-4022.826142919138,0.0,0.0,0.4900441845013704,25.00837837814951,-0.007561703276163794,0.0,0.03780851638081897,0.0,0.0,0.0,wltp_class3b,PPO_seed42
859,9.3138,-3846.2583748240477,0.0,0.0,0.4900199749106936,25.00839262888967,-0.007229808975233173,0.0,0.03614904487616586,0.0,0.0,0.0,wltp_class3b,PPO_seed42
860,9.4328,-3677.3614704943107,0.0,0.0,0.4899968282667985,25.00840575816062,-0.0069123335911547195,0.0,0.034561667955773596,0.0,0.0,0.0,wltp_class3b,PPO_seed42
861,9.5383,-3529.372373639094,0.0,0.0,0.48997461299755074,25.0084179491546,-0.006634158597065966,0.0,0.03317079298532983,0.0,0.0,0.0,wltp_class3b,PPO_seed42
862,9.6335,-3420.550996742537,0.0,0.0,0.4899530825888043,25.008429486295828,-0.006429607136734092,0.0,0.03214803568367046,0.0,0.0,0.0,wltp_class3b,PPO_seed42
863,9.7223,-3365.0819082376524,0.0,0.0,0.48993190123406277,25.00844072200927,-0.006325341932777543,0.0,0.03162670966388771,0.0,0.0,0.0,wltp_class3b,PPO_seed42
864,9.8089,-3371.209172625541,0.0,0.0,0.48991068122557313,25.0084520474136,-0.006336859347040491,0.0,0.031684296735202455,0.0,0.0,0.0,wltp_class3b,PPO_seed42
865,9.8977,-3445.749924806764,0.0,0.0,0.4898889919355774,25.008463903703763,-0.006476973542869857,0.0,0.032384867714349286,0.0,0.0,0.0,wltp_class3b,PPO_seed42
866,9.993,-3591.0672153244313,0.0,0.0,0.4898663878515592,25.008476781057123,-0.006750126344594796,0.0,0.033750631722973976,0.0,0.0,0.0,wltp_class3b,PPO_seed42
867,10.0985,-3801.7516710498167,0.0,0.0,0.48984245749884736,25.00849119326349,-0.007146149757612437,0.0,0.035730748788062185,0.0,0.0,0.0,wltp_class3b,PPO_seed42
868,10.2174,-4073.9515100863737,0.0,0.0,0.4898168136354025,25.00850770655298,-0.007657803590387921,0.0,0.038289017951939605,0.0,0.0,0.0,wltp_class3b,PPO_seed42
869,10.3521,-4398.89848513872,0.0,0.0,0.48978912419742227,25.008526913029517,-0.008268606175072784,0.0,0.041343030875363916,0.0,0.0,0.0,wltp_class3b,PPO_seed42
870,10.504,-4763.984422749381,0.0,0.0,0.4897591364696654,25.008549391832528,-0.008954857937498837,0.0,0.04477428968749419,0.0,0.0,0.0,wltp_class3b,PPO_seed42
871,10.6733,-5152.0823652310655,0.0,0.0,0.48972670553074443,25.008575641038345,-0.009684365348178695,0.0,0.04842182674089347,0.0,0.0,0.0,wltp_class3b,PPO_seed42
872,10.8592,-5547.6969273496015,0.0,0.0,0.4896917839861897,25.00860604871701,-0.010428001743138349,0.0,0.052140008715691744,0.0,0.0,0.0,wltp_class3b,PPO_seed42
873,11.0598,-5931.5740741083355,0.0,0.0,0.4896544456332154,25.008640804734032,-0.011149575327271309,0.0,0.05574787663635654,0.0,0.0,0.0,wltp_class3b,PPO_seed42
874,11.2724,-6287.373629030649,0.0,0.0,0.4896148671261512,25.00867987894804,-0.011818371483140319,0.0,0.05909185741570159,0.0,0.0,0.0,wltp_class3b,PPO_seed42
875,11.4934,-6594.704250547138,0.0,0.0,0.4895733534870299,25.00872292868696,-0.012396060621329207,0.0,0.06198030310664603,0.0,0.0,0.0,wltp_class3b,PPO_seed42
876,11.7187,-6838.272910759318,0.0,0.0,0.48953030602299846,25.008769326015617,-0.01285389644879571,0.0,0.06426948224397855,0.0,0.0,0.0,wltp_class3b,PPO_seed42
877,11.9441,-7008.988167795625,0.0,0.0,0.4894861832963611,25.008818230108464,-0.01317478978908952,0.0,0.0658739489454476,0.0,0.0,0.0,wltp_class3b,PPO_seed42
878,12.1651,-7093.391358923186,0.0,0.0,0.4894415286240361,25.00886854334372,-0.013333442403990951,0.0,0.06666721201995475,0.0,0.0,0.0,wltp_class3b,PPO_seed42
879,12.3777,-7093.46550841068,0.0,0.0,0.4893968728748336,25.008919146437403,-0.013333581782726842,0.0,0.06666790891363421,0.0,0.0,0.0,wltp_class3b,PPO_seed42
880,12.5783,-7010.528585317103,0.0,0.0,0.48935273865493245,25.00896893012069,-0.013177685310746435,0.0,0.06588842655373217,0.0,0.0,0.0,wltp_class3b,PPO_seed42
881,12.7642,-6857.501646225738,0.0,0.0,0.489309567258168,25.009016983964518,-0.012890040688394245,0.0,0.06445020344197122,0.0,0.0,0.0,wltp_class3b,PPO_seed42
882,12.887,-5682.330853734961,0.0,0.0,0.48927379372734303,25.009051346256996,-0.010681073033336394,0.0,0.05340536516668196,0.0,0.0,0.0,wltp_class3b,PPO_seed42
883,12.9923,-5395.828010245633,0.0,0.0,0.48923982364596547,25.009082856384847,-0.010142533853845176,0.0,0.05071266926922587,0.0,0.0,0.0,wltp_class3b,PPO_seed42
884,13.0805,-5102.142763545035,0.0,0.0,0.4892077022964143,25.00911157057771,-0.009590493916438037,0.0,0.04795246958219018,0.0,0.0,0.0,wltp_class3b,PPO_seed42
885,13.1529,-4821.751837522294,0.0,0.0,0.4891773460399407,25.009137742985615,-0.009063443303613335,0.0,0.04531721651806667,0.0,0.0,0.0,wltp_class3b,PPO_seed42
886,13.2119,-4580.028341586999,0.0,0.0,0.48914851148615013,25.009161827599325,-0.00860907583005075,0.0,0.04304537915025375,0.0,0.0,0.0,wltp_class3b,PPO_seed42
887,13.2606,-4394.463743343933,0.0,0.0,0.4891208451105789,25.00918437473666,-0.008260270194255513,0.0,0.041301350971277566,0.0,0.0,0.0,wltp_class3b,PPO_seed42
888,13.3029,-4284.802568571573,0.0,0.0,0.4890938690697779,25.009206041270403,-0.00805414016648792,0.0,0.040270700832439596,0.0,0.0,0.0,wltp_class3b,PPO_seed42
889,13.343,-4260.409891945913,0.0,0.0,0.48906704654762256,25.009227519998557,-0.008008289270575024,0.0,0.04004144635287512,0.0,0.0,0.0,wltp_class3b,PPO_seed42
890,13.3852,-4326.455853429073,0.0,0.0,0.4890398081662756,25.009249542692437,-0.008132435814716302,0.0,0.04066217907358151,0.0,0.0,0.0,wltp_class3b,PPO_seed42
891,13.4339,-4488.309813303726,0.0,0.0,0.48901155073160796,25.009272929383403,-0.008436672581397981,0.0,0.0421833629069899,0.0,0.0,0.0,wltp_class3b,PPO_seed42
892,13.4929,-4736.768701935417,0.0,0.0,0.4889817289760676,25.009298514535452,-0.008903700567547777,0.0,0.04451850283773888,0.0,0.0,0.0,wltp_class3b,PPO_seed42
893,13.5653,-5060.517939630019,0.0,0.0,0.48894986885080793,25.009327154221126,-0.009512251766221842,0.0,0.047561258831109204,0.0,0.0,0.0,wltp_class3b,PPO_seed42
894,13.6535,-5448.2000291183,0.0,0.0,0.48891556779401246,25.009359732490406,-0.010240977498342671,0.0,0.05120488749171335,0.0,0.0,0.0,wltp_class3b,PPO_seed42
895,13.7589,-5881.678824362204,0.0,0.0,0.48887853740669024,25.009397077699752,-0.01105578726383873,0.0,0.055278936319193644,0.0,0.0,0.0,wltp_class3b,PPO_seed42
896,13.8817,-6337.514220470535,0.0,0.0,0.4888386368470143,25.009439853434166,-0.011912620715170179,0.0,0.059563103575850894,0.0,0.0,0.0,wltp_class3b,PPO_seed42
897,14.021,-6792.915449824596,0.0,0.0,0.48879586874704123,25.009488489807538,-0.012768638063580069,0.0,0.06384319031790034,0.0,0.0,0.0,wltp_class3b,PPO_seed42
898,14.1751,-7230.006160895885,0.0,0.0,0.48875034827906333,25.009543171114768,-0.013590237144541138,0.0,0.06795118572270568,0.0,0.0,0.0,wltp_class3b,PPO_seed42
899,14.3412,-7622.2307530565195,0.0,0.0,0.48870235780968835,25.009603650935603,-0.014327501415519773,0.0,0.07163750707759886,0.0,0.0,0.0,wltp_class3b,PPO_seed42
900,14.5156,-7945.140638999565,0.0,0.0,0.48865233364838323,25.009669210490845,-0.014934474885337529,0.0,0.07467237442668764,0.0,0.0,0.0,wltp_class3b,PPO_seed42
901,14.6944,-8188.551614902756,0.0,0.0,0.4886007762507353,25.00973883914482,-0.015392014313726984,0.0,0.07696007156863492,0.0,0.0,0.0,wltp_class3b,PPO_seed42
902,14.8732,-8334.26297301999,0.0,0.0,0.4885483007022689,25.009811120517192,-0.015665907844022536,0.0,0.07832953922011268,0.0,0.0,0.0,wltp_class3b,PPO_seed42
903,15.0477,-8377.42941383014,0.0,0.0,0.48849555263900885,25.009884469710887,-0.015747047770357406,0.0,0.07873523885178703,0.0,0.0,0.0,wltp_class3b,PPO_seed42
904,15.2138,-8315.916692533836,0.0,0.0,0.48844319118062235,25.00995723112205,-0.01563142235438691,0.0,0.07815711177193455,0.0,0.0,0.0,wltp_class3b,PPO_seed42
905,15.3679,-8155.717911825492,0.0,0.0,0.4883918377552682,25.01002786550015,-0.015330296826739646,0.0,0.07665148413369822,0.0,0.0,0.0,wltp_class3b,PPO_seed42
906,15.5072,-7911.714431200838,0.0,0.0,0.4883420201263367,25.010095133707505,-0.014871643667670749,0.0,0.07435821833835374,0.0,0.0,0.0,wltp_class3b,PPO_seed42
907,15.63,-7608.215515519249,0.0,0.0,0.4882941130151477,25.010158251636195,-0.01430115698405874,0.0,0.07150578492029369,0.0,0.0,0.0,wltp_class3b,PPO_seed42
908,15.7354,-7264.097723599734,0.0,0.0,0.4882483722941417,25.010216789232036,-0.01365431902932281,0.0,0.06827159514661404,0.0,0.0,0.0,wltp_class3b,PPO_seed42
909,15.8236,-6907.253770206415,0.0,0.0,0.48820487820197533,25.010270754757528,-0.01298355971843311,0.0,0.06491779859216555,0.0,0.0,0.0,wltp_class3b,PPO_seed42
910,15.896,-6569.559665470344,0.0,0.0,0.4881635102491666,25.010320576588544,-0.012348796363666061,0.0,0.0617439818183303,0.0,0.0,0.0,wltp_class3b,PPO_seed42
911,15.9549,-6276.387899879702,0.0,0.0,0.4881239881611095,25.010366950439472,-0.01179772161631523,0.0,0.05898860808157615,0.0,0.0,0.0,wltp_class3b,PPO_seed42
912,16.0036,-6056.21672436248,0.0,0.0,0.488085852317141,25.010410830414052,-0.011383866023237744,0.0,0.05691933011618872,0.0,0.0,0.0,wltp_class3b,PPO_seed42
913,16.0459,-5925.224940535098,0.0,0.0,0.48804854119747854,25.010453271025025,-0.011137640865667478,0.0,0.05568820432833738,0.0,0.0,0.0,wltp_class3b,PPO_seed42
914,16.086,-5897.127635264952,0.0,0.0,0.4880114068979679,25.01049542584581,-0.011084826382076978,0.0,0.05542413191038489,0.0,0.0,0.0,wltp_class3b,PPO_seed42
915,16.1283,-5980.707322629762,0.0,0.0,0.48797374619069983,25.010538545377177,-0.01124193105757474,0.0,0.0562096552878737,0.0,0.0,0.0,wltp_class3b,PPO_seed42
916,16.177,-6174.730396285047,0.0,0.0,0.4879348635948851,25.010583933416672,-0.01160663608324257,0.0,0.05803318041621285,0.0,0.0,0.0,wltp_class3b,PPO_seed42
917,16.236,-6475.580917015699,0.0,0.0,0.48789408637685433,25.010632985326975,-0.012172144580856577,0.0,0.060860722904282884,0.0,0.0,0.0,wltp_class3b,PPO_seed42
918,16.3084,-6866.912623619234,0.0,0.0,0.48785084471064455,25.010687079616517,-0.012907730495524877,0.0,0.06453865247762439,0.0,0.0,0.0,wltp_class3b,PPO_seed42
919,16.3966,-7334.756894504622,0.0,0.0,0.4878046567041022,25.010747612934,-0.01378713701974553,0.0,0.06893568509872765,0.0,0.0,0.0,wltp_class3b,PPO_seed42
920,16.5019,-7854.308647627461,0.0,0.0,0.48775519663609124,25.01081582516462,-0.014763738059450117,0.0,0.07381869029725058,0.0,0.0,0.0,wltp_class3b,PPO_seed42
921,16.6247,-8404.945710674105,0.0,0.0,0.4877022686190911,25.010892786643144,-0.015798770132846064,0.0,0.07899385066423031,0.0,0.0,0.0,wltp_class3b,PPO_seed42
922,16.7641,-8954.028908747348,0.0,0.0,0.48764588227891603,25.010979114482126,-0.01683088140741983,0.0,0.08415440703709914,0.0,0.0,0.0,wltp_class3b,PPO_seed42
923,16.9182,-9474.65425455097,0.0,0.0,0.4875862166523557,25.01107493753257,-0.017809500478479266,0.0,0.08904750239239632,0.0,0.0,0.0,wltp_class3b,PPO_seed42
924,17.0842,-9940.370294932594,0.0,0.0,0.4875236173534971,25.01117979840287,-0.01868490656942217,0.0,0.09342453284711084,0.0,0.0,0.0,wltp_class3b,PPO_seed42
925,17.2587,-10330.705582909537,0.0,0.0,0.4874585589335699,25.011292686414105,-0.019418619516747254,0.0,0.09709309758373626,0.0,0.0,0.0,wltp_class3b,PPO_seed42
926,17.4375,-10617.756140716525,0.0,0.0,0.48739169170654345,25.01141185145217,-0.01995818823442956,0.0,0.09979094117214779,0.0,0.0,0.0,wltp_class3b,PPO_seed42
927,17.6163,-10791.325086848909,0.0,0.0,0.4873237302568828,25.011535151617263,-0.020284445651971635,0.0,0.10142222825985817,0.0,0.0,0.0,wltp_class3b,PPO_seed42
928,17.7908,-10843.628153441741,0.0,0.0,0.487255438255714,25.01166015604463,-0.020382759686920566,0.0,0.10191379843460283,0.0,0.0,0.0,wltp_class3b,PPO_seed42
929,17.9568,-10769.815859058654,0.0,0.0,0.48718760998375804,25.011784279740986,-0.020244014772666644,0.0,0.1012200738633332,0.0,0.0,0.0,wltp_class3b,PPO_seed42
930,18.1109,-10585.969518654387,0.0,0.0,0.4871209385080847,25.01190529240259,-0.019898438944839072,0.0,0.09949219472419536,0.0,0.0,0.0,wltp_class3b,PPO_seed42
931,18.2503,-10304.33123197834,0.0,0.0,0.4870560398469706,25.01202129897653,-0.01936904366913222,0.0,0.0968452183456611,0.0,0.0,0.0,wltp_class3b,PPO_seed42
932,18.3731,-9947.649194427837,0.0,0.0,0.4869933867855364,25.012130972429826,-0.01869858871133052,0.0,0.09349294355665261,0.0,0.0,0.0,wltp_class3b,PPO_seed42
933,18.4784,-9543.65409251351,0.0,0.0,0.48693327747453075,25.012233625646108,-0.01793919942201788,0.0,0.08969599711008938,0.0,0.0,0.0,wltp_class3b,PPO_seed42
934,18.5666,-9130.882271918033,0.0,0.0,0.4868757673520467,25.01232933759521,-0.01716331254119931,0.0,0.08581656270599655,0.0,0.0,0.0,wltp_class3b,PPO_seed42
935,18.639,-8737.802286061886,0.0,0.0,0.48682073253510716,25.01241867748777,-0.01642444038733437,0.0,0.08212220193667186,0.0,0.0,0.0,wltp_class3b,PPO_seed42
936,18.698,-8399.846888964115,0.0,0.0,0.4867678259449554,25.012502737833223,-0.015789185881511496,0.0,0.07894592940755747,0.0,0.0,0.0,wltp_class3b,PPO_seed42
937,18.7467,-8141.392353127289,0.0,0.0,0.4867165469380027,25.01258289165742,-0.015303369084825734,0.0,0.07651684542412866,0.0,0.0,0.0,wltp_class3b,PPO_seed42
938,18.789,-7990.188191960835,0.0,0.0,0.48666622005698174,25.012660829918786,-0.015019150736768487,0.0,0.07509575368384243,0.0,0.0,0.0,wltp_class3b,PPO_seed42
939,18.8291,-7959.446933274697,0.0,0.0,0.4866160865912579,25.01273837040623,-0.014961366415929881,0.0,0.0748068320796494,0.0,0.0,0.0,wltp_class3b,PPO_seed42
940,18.8714,-8059.544440065191,0.0,0.0,0.4865653224442899,25.012817490020456,-0.015149519624182692,0.0,0.07574759812091346,0.0,0.0,0.0,wltp_class3b,PPO_seed42
941,18.9201,-8289.107108940472,0.0,0.0,0.48651311213762605,25.01290024154728,-0.015581028400264048,0.0,0.07790514200132023,0.0,0.0,0.0,wltp_class3b,PPO_seed42
942,18.979,-8640.870037321887,0.0,0.0,0.4864586859161728,25.01298874993223,-0.01624223691225919,0.0,0.08121118456129593,0.0,0.0,0.0,wltp_class3b,PPO_seed42
943,19.0514,-9104.649246597332,0.0,0.0,0.486401338131115,25.013085229243824,-0.017114002343228067,0.0,0.08557001171614033,0.0,0.0,0.0,wltp_class3b,PPO_seed42
944,19.1396,-9654.985945046556,0.0,0.0,0.48634052344807,25.01319174101147,-0.01814846982151608,0.0,0.0907423491075804,0.0,0.0,0.0,wltp_class3b,PPO_seed42
945,19.245,-10268.688559042106,0.0,0.0,0.4862758425677827,25.01331018000468,-0.019302046163612984,0.0,0.09651023081806491,0.0,0.0,0.0,wltp_class3b,PPO_seed42
946,19.3678,-10912.245293293443,0.0,0.0,0.4862071072355633,25.01344197846578,-0.020511739273107978,0.0,0.10255869636553988,0.0,0.0,0.0,wltp_class3b,PPO_seed42
947,19.5071,-11553.310676489695,0.0,0.0,0.4861343329075374,25.01358797370263,-0.021716749391897924,0.0,0.10858374695948961,0.0,0.0,0.0,wltp_class3b,PPO_seed42
948,19.6612,-12166.75944603768,0.0,0.0,0.48605769328814685,25.0137484137959,-0.022869848582777595,0.0,0.11434924291388797,0.0,0.0,0.0,wltp_class3b,PPO_seed42
949,19.8273,-12715.857919462835,0.0,0.0,0.4859775934729636,25.01392255938078,-0.023901988570418864,0.0,0.1195099428520943,0.0,0.0,0.0,wltp_class3b,PPO_seed42
950,20.0018,-13170.58461946922,0.0,0.0,0.4858946276980078,25.01410870857405,-0.02475673800652109,0.0,0.12378369003260545,0.0,0.0,0.0,wltp_class3b,PPO_seed42
951,20.1806,-13508.262824606125,0.0,0.0,0.4858095331021929,25.014304317018986,-0.02539147147482354,0.0,0.1269573573741177,0.0,0.0,0.0,wltp_class3b,PPO_seed42
952,20.3594,-13714.419441957449,0.0,0.0,0.4857231380732577,25.01450621671007,-0.025778983913453853,0.0,0.12889491956726926,0.0,0.0,0.0,wltp_class3b,PPO_seed42
953,20.5338,-13777.164792762831,0.0,0.0,0.4856363459898301,25.014710748448717,-0.025896926302185777,0.0,0.12948463151092887,0.0,0.0,0.0,wltp_class3b,PPO_seed42
954,20.6999,-13704.42340477523,0.0,0.0,0.4855500104063124,25.0149143779746,-0.025760194369878253,0.0,0.12880097184939127,0.0,0.0,0.0,wltp_class3b,PPO_seed42
955,20.854,-13495.418560912578,0.0,0.0,0.4854649898610536,25.01511357798407,-0.025367328122016128,0.0,0.12683664061008063,0.0,0.0,0.0,wltp_class3b,PPO_seed42
956,20.9933,-13173.960219803634,0.0,0.0,0.4853819929724205,25.01530554741682,-0.024763083119931643,0.0,0.12381541559965821,0.0,0.0,0.0,wltp_class3b,PPO_seed42
957,21.1161,-12773.02321453341,0.0,0.0,0.4853015206713462,25.0154884632974,-0.0240094421325816,0.0,0.120047210662908,0.0,0.0,0.0,wltp_class3b,PPO_seed42
958,21.2215,-12317.873233169981,0.0,0.0,0.4852239147389677,25.01566125553218,-0.023153897054830792,0.0,0.11576948527415395,0.0,0.0,0.0,wltp_class3b,PPO_seed42
959,21.3097,-11845.75581964185,0.0,0.0,0.4851492823061124,25.01582381794172,-0.022266458307597464,0.0,0.11133229153798732,0.0,0.0,0.0,wltp_class3b,PPO_seed42
960,21.3821,-11399.203211915597,0.0,0.0,0.4850774625194847,25.015977004848185,-0.021427073706608266,0.0,0.10713536853304133,0.0,0.0,0.0,wltp_class3b,PPO_seed42
961,21.4411,-11015.47219119253,0.0,0.0,0.4850080597583015,25.01612239004067,-0.020705774795474682,0.0,0.1035288739773734,0.0,0.0,0.0,wltp_class3b,PPO_seed42
962,21.0368,3286.744728438899,0.0,0.0,0.4850287679875694,25.016163187504482,0.1778796131977684,0.0,0.030890457974049802,0.13146978913755597,0.0,0.0,wltp_class3b,PPO_seed42
963,20.6262,3516.9953300627476,0.0,0.0,0.48505092598161337,25.016202543662622,0.1903408450059523,0.0,0.033054467387807776,0.1406798132025099,0.0,0.0,wltp_class3b,PPO_seed42
964,20.2134,3640.1813653149384,0.0,0.0,0.48507385912462514,25.01623998474015,0.19700771028223252,0.0,0.0342122308770201,0.14560725461259755,0.0,0.0,wltp_class3b,PPO_seed42
965,19.8028,3654.7149014911843,0.0,0.0,0.4850968828909506,25.016274964837596,0.19779426963107927,0.0,0.03434882426213519,0.14618859605964737,0.0,0.0,wltp_class3b,PPO_seed42
966,19.3986,3570.746777901066,0.0,0.0,0.4851193767917695,25.01630700760206,0.1932498895288111,0.0,0.033559650168243096,0.14282987111604264,0.0,0.0,wltp_class3b,PPO_seed42
967,19.0046,3402.4306863069305,0.0,0.0,0.48514080957386563,25.0163357789099,0.18414057203035553,0.0,0.03197773201416288,0.13609722745227723,0.0,0.0,wltp_class3b,PPO_seed42
968,18.6241,3165.2115681819505,0.0,0.0,0.48516074733238146,25.016361116356325,0.17130220201333593,0.0,0.02974822902426645,0.12660846272727802,0.0,0.0,wltp_class3b,PPO_seed42
969,18.2594,2883.7339588717196,0.0,0.0,0.4851789114359374,25.016383078524235,0.15606854914254614,0.0,0.027102762771350746,0.11534935835486879,0.0,0.0,wltp_class3b,PPO_seed42
970,17.9118,2580.8027728145134,0.0,0.0,0.4851951669118368,25.0164018947819,0.13967382224600652,0.0,0.024255665158031143,0.10323211091258054,0.0,0.0,wltp_class3b,PPO_seed42
971,17.5817,2275.5462810928852,0.0,0.0,0.4852094992665108,25.016417899080267,0.12315324910756831,0.0,0.021386713168166215,0.09102185124371541,0.0,0.0,wltp_class3b,PPO_seed42
972,17.2682,1993.5154753365987,0.0,0.0,0.4852220549214009,25.01643150897366,0.10788965707874314,0.0,0.018736047700531944,0.07974061901346395,0.0,0.0,wltp_class3b,PPO_seed42
973,16.9693,1754.7912599657348,0.0,0.0,0.4852331067445112,25.016443152812464,0.09496983074611547,0.0,0.016492399059828335,0.07019165039862939,0.0,0.0,wltp_class3b,PPO_seed42
974,16.6825,1566.9799414403005,0.0,0.0,0.48524297547597306,25.016453203813466,0.0848054257029119,0.0,0.01472725508872463,0.06267919765761203,0.0,0.0,wltp_class3b,PPO_seed42
975,16.404,1452.1002372884107,0.0,0.0,0.4852521204936712,25.016462023533467,0.07858810156392466,0.0,0.01364755862113168,0.05808400949153643,0.0,0.0,wltp_class3b,PPO_seed42
976,16.1299,1409.0327159452322,0.0,0.0,0.4852609940883592,25.01646990513446,0.07625727435619384,0.0,0.013242788683695791,0.05636130863780929,0.0,0.0,wltp_class3b,PPO_seed42
977,15.8558,1443.7364960156297,0.0,0.0,0.4852700860454179,25.016477125362105,0.07813545337083083,0.0,0.013568952030222084,0.057749459840625184,0.0,0.0,wltp_class3b,PPO_seed42
978,15.5774,1550.918924350759,0.0,0.0,0.48527985278727265,25.016483947174006,0.08393619862764483,0.0,0.014576305679988336,0.06203675697403036,0.0,0.0,wltp_class3b,PPO_seed42
979,15.2905,1725.049366720808,0.0,0.0,0.4852907158788297,25.016490648691864,0.09336019053876973,0.0,0.016212869987977517,0.06900197466883232,0.0,0.0,wltp_class3b,PPO_seed42
980,14.9917,1948.3778738861358,0.0,0.0,0.48530298508369885,25.016497499940034,0.1054467965130256,0.0,0.01831182212299,0.07793511495544543,0.0,0.0,wltp_class3b,PPO_seed42
981,14.6782,2206.896537635351,0.0,0.0,0.48531688193669476,25.01650476935026,0.11943790434510716,0.0,0.02074150881236232,0.08827586150541403,0.0,0.0,wltp_class3b,PPO_seed42
982,14.348,2483.632648631311,0.0,0.0,0.48533252108155167,25.01651269399803,0.1344149459011141,0.0,0.02334241211119653,0.09934530594525244,0.0,0.0,wltp_class3b,PPO_seed42
983,14.0005,2752.9414639101046,0.0,0.0,0.4853498556740565,25.016521404514364,0.1489900199791348,0.0,0.02587350999915512,0.11011765855640418,0.0,0.0,wltp_class3b,PPO_seed42
984,13.6357,3003.41313368696,0.0,0.0,0.48536876702845577,25.01653095684185,0.16254562207728374,0.0,0.028227567045930074,0.1201365253474784,0.0,0.0,wltp_class3b,PPO_seed42
985,13.2553,3208.427743054369,0.0,0.0,0.4853889688546421,25.016541220018397,0.17364107439477702,0.0,0.030154396081338054,0.12833710972217474,0.0,0.0,wltp_class3b,PPO_seed42
986,12.8613,3364.79765924409,0.0,0.0,0.48541015481286476,25.016551993634916,0.18210386128751097,0.0,0.03162403815079032,0.1345919063697636,0.0,0.0,wltp_class3b,PPO_seed42
987,12.4571,3455.1434615819126,0.0,0.0,0.48543190916173123,25.016562923060075,0.1869934032817038,0.0,0.03247315283441647,0.1382057384632765,0.0,0.0,wltp_class3b,PPO_seed42
988,12.0465,3478.7412709217447,0.0,0.0,0.4854538116336444,25.016573618089314,0.18827052382026102,0.0,0.03269493675678332,0.13914965083686978,0.0,0.0,wltp_class3b,PPO_seed42
989,11.6336,3437.462781568391,0.0,0.0,0.4854754537761645,25.016583693569135,0.18603651956187428,0.0,0.03230698102977811,0.13749851126273566,0.0,0.0,wltp_class3b,PPO_seed42
990,11.223,3331.665812274833,0.0,0.0,0.48549642941820764,25.01659278232519,0.18031075576506952,0.0,0.03131264861160558,0.13326663249099333,0.0,0.0,wltp_class3b,PPO_seed42
991,10.8188,3174.790710184482,0.0,0.0,0.48551641703146375,25.01660063607089,0.1718206280594579,0.0,0.029838258554365435,0.1269916284073793,0.0,0.0,wltp_class3b,PPO_seed42
992,10.4249,2975.741947561691,0.0,0.0,0.48553515116437307,25.01660710014584,0.16104804916202292,0.0,0.027967499507158752,0.11902967790246764,0.0,0.0,wltp_class3b,PPO_seed42
993,10.0444,2749.3886245605336,0.0,0.0,0.4855524599855012,25.01661214195378,0.14879773924501294,0.0,0.025840118651884715,0.10997554498242135,0.0,0.0,wltp_class3b,PPO_seed42
994,9.6797,2507.6457786038527,0.0,0.0,0.4855682466775077,25.016615816864906,0.13571454371722202,0.0,0.02356809942296854,0.1003058311441541,0.0,0.0,wltp_class3b,PPO_seed42
995,9.3321,2264.885790311138,0.0,0.0,0.4855825049006473,25.01661825894796,0.12257630014029751,0.0,0.021286520585630995,0.09059543161244552,0.0,0.0,wltp_class3b,PPO_seed42
996,9.0019,2032.3092710625015,0.0,0.0,0.48559529881977265,25.016619642647772,0.10998918897073598,0.0,0.019100651043820503,0.08129237084250006,0.0,0.0,wltp_class3b,PPO_seed42
997,8.6884,1819.353074826771,0.0,0.0,0.48560675199779496,25.016620157540363,0.09846393558348193,0.0,0.017099183034086193,0.07277412299307084,0.0,0.0,wltp_class3b,PPO_seed42
998,8.3896,1636.719585419764,0.0,0.0,0.48561705536058186,25.01661999900768,0.08857975620940949,0.0,0.015382702870486502,0.06546878341679056,0.0,0.0,wltp_class3b,PPO_seed42
999,8.1027,1488.9306033216512,0.0,0.0,0.48562642828834307,25.01661934051215,0.08058137205044545,0.0,0.013993708677835068,0.05955722413286605,0.0,0.0,wltp_class3b,PPO_seed42
1000,7.8243,1377.9220842995728,0.0,0.0,0.4856351023383212,25.016618328608676,0.07457355761494981,0.0,0.012950395529131324,0.055116883371982915,0.0,0.0,wltp_class3b,PPO_seed42
1001,7.5502,1306.7126696731775,0.0,0.0,0.4856433280614253,25.016617091900905,0.07071968267900398,0.0,0.012281134113469714,0.0522685067869271,0.0,0.0,wltp_class3b,PPO_seed42
1002,7.2761,1271.7491745448503,0.0,0.0,0.48565133363370905,25.016615732498632,0.06882744780732206,0.0,0.011952529835947842,0.05086996698179402,0.0,0.0,wltp_class3b,PPO_seed42
1003,6.9976,1269.2916065660124,0.0,0.0,0.48565932368210996,25.016614334934097,0.06869444348918916,0.0,0.011929432392537711,0.0507716642626405,0.0,0.0,wltp_class3b,PPO_seed42
1004,6.7108,1290.783811488586,0.0,0.0,0.48566744896873,25.016612961291774,0.06985760808341987,0.0,0.012131426799704756,0.05163135245954344,0.0,0.0,wltp_class3b,PPO_seed42
1005,6.412,1330.0958065511015,0.0,0.0,0.48567582166500095,25.016611660452572,0.07198518507935961,0.0,0.012500900437510353,0.05320383226204406,0.0,0.0,wltp_class3b,PPO_seed42
1006,6.0984,1376.2241430761462,0.0,0.0,0.4856844846755771,25.0166104560754,0.07448166452527895,0.0,0.012934437434926187,0.05504896572304585,0.0,0.0,wltp_class3b,PPO_seed42
1007,5.7683,1417.8616022763376,0.0,0.0,0.4856934097282549,25.016609342945696,0.07673509633973744,0.0,0.013325766938687384,0.056714464091053504,0.0,0.0,wltp_class3b,PPO_seed42
1008,5.4207,1447.5610151324368,0.0,0.0,0.4857025216739088,25.016608294285973,0.07834243749566376,0.0,0.013604896758763503,0.05790244060529747,0.0,0.0,wltp_class3b,PPO_seed42
1009,5.056,1455.1530442037658,0.0,0.0,0.4857116813527896,25.01660725318431,0.07875332039232111,0.0,0.013676250415448926,0.05820612176815063,0.0,0.0,wltp_class3b,PPO_seed42
1010,4.6755,1435.684080990153,0.0,0.0,0.48572071842734643,25.016606148282527,0.07769965424787309,0.0,0.013493271437877378,0.05742736323960612,0.0,0.0,wltp_class3b,PPO_seed42
1011,4.2816,1385.3625066103757,0.0,0.0,0.4857294386971648,25.01660490116391,0.07497623550813147,0.0,0.013020324310247891,0.05541450026441503,0.0,0.0,wltp_class3b,PPO_seed42
1012,3.8773,1305.105133779105,0.0,0.0,0.48573765373665945,25.016603444294304,0.07063268235294735,0.0,0.012266025693412641,0.0522042053511642,0.0,0.0,wltp_class3b,PPO_seed42
1013,3.4667,1195.767868052654,0.0,0.0,0.48574518051096227,25.016601725401774,0.06471531664844363,0.0,0.011238419812524943,0.047830714722106156,0.0,0.0,wltp_class3b,PPO_seed42
1014,3.0539,1064.3737059074765,0.0,0.0,0.4857518801937182,25.016599723972735,0.057604225076105374,0.0,0.010003512273566509,0.04257494823629906,0.0,0.0,wltp_class3b,PPO_seed42
1015,2.6433,917.3631855961872,0.0,0.0,0.4857576544991453,25.016597446641715,0.04964797150316808,0.0,0.008621834451091985,0.03669452742384749,0.0,0.0,wltp_class3b,PPO_seed42
1016,2.2391,762.8990438757286,0.0,0.0,0.4857624565209726,25.01659492435755,0.0412883256978759,0.0,0.007170103795824517,0.030515961755029145,0.0,0.0,wltp_class3b,PPO_seed42
1017,1.8451,608.8308209615396,0.0,0.0,0.4857662887599059,25.016592203198936,0.03295010713745235,0.0,0.005722094181969358,0.024353232838461587,0.0,0.0,wltp_class3b,PPO_seed42
1018,1.4646,461.90997625080104,0.0,0.0,0.4857691962111923,25.016589334446447,0.02499870683498696,0.0,0.0043412591752894835,0.018476399050032042,0.0,0.0,wltp_class3b,PPO_seed42
1019,1.3728,0.0,14.969402807783673,0.0,0.4857691962111923,25.016586264964417,-0.00021103481401950667,0.00014068987601300445,0.0,0.0,0.0,0.0,wltp_class3b,PPO_seed42
1020,1.0296,282.1770814971357,0.0,0.0,0.48577097234778893,25.016583271257083,0.015271508515912649,0.0,0.002652040239634734,0.011287083259885427,0.0,0.0,wltp_class3b,PPO_seed42
1021,0.6864,188.28860014729958,0.0,0.0,0.48577215751148584,25.016580236689286,0.010190235668122273,0.0,0.0017696297006325149,0.007531544005891983,0.0,0.0,wltp_class3b,PPO_seed42
1022,0.3432,94.19546381841243,0.0,0.0,0.4857727504151591,25.01657717773011,0.005097886831315283,0.0,0.0008852957125790642,0.0037678185527364972,0.0,0.0,wltp_class3b,PPO_seed42
1023,0.0,0.0,0.0,0.0,0.4857727504151591,25.016574110938883,0.0,0.0,0.0,0.0,0.0,0.0,wltp_class3b,PPO_seed42
1024,0.1781,-76.52298578801864,0.0,0.0,0.4857722687489589,25.0165710500587,-0.0001438401988496591,0.0,0.0007192009942482955,0.0,0.0,0.0,wltp_class3b,PPO_seed42
1025,0.3561,-152.9674528956552,0.0,0.0,0.48577130591025697,25.01656800601264,-0.00028753280619484066,0.0,0.0014376640309742032,0.0,0.0,0.0,wltp_class3b,PPO_seed42
1026,0.5342,-229.60538832491878,0.0,0.0,0.485769860680397,25.016564989838873,-0.00043158907579871953,0.0,0.0021579453789935974,0.0,0.0,0.0,wltp_class3b,PPO_seed42
1027,0.7123,-306.2475034533628,0.0,0.0,0.4857679330318343,25.01656201259054,-0.0005756532019800053,0.0,0.0028782660099000265,0.0,0.0,0.0,wltp_class3b,PPO_seed42
1028,0.8903,-382.78745810272716,0.0,0.0,0.48576552360604147,25.01655908529538,-0.0007195252971855774,0.0,0.003597626485927887,0.0,0.0,0.0,wltp_class3b,PPO_seed42
1029,1.0684,-459.7467332660173,0.0,0.0,0.4857626297617494,25.016556219448137,-0.0008641855888458972,0.0,0.004320927944229486,0.0,0.0,0.0,wltp_class3b,PPO_seed42
1030,1.2464,-536.4495413842641,0.0,0.0,0.48575925311107027,25.01655342610404,-0.0010083637995944815,0.0,0.005041818997972407,0.0,0.0,0.0,wltp_class3b,PPO_seed42
1031,1.6887,-1422.380533776181,0.0,0.0,0.4857503000015346,25.016552275970245,-0.0026736476198800396,0.0,0.013368238099400197,0.0,0.0,0.0,wltp_class3b,PPO_seed42
1032,1.8798,-849.5516184561735,0.0,0.0,0.48574495251100896,25.016549894645905,-0.0015969015384514542,0.0,0.00798450769225727,0.0,0.0,0.0,wltp_class3b,PPO_seed42
1033,2.0535,-873.2938046001242,0.0,0.0,0.4857394555601323,25.016547553547124,-0.0016415297078949704,0.0,0.008207648539474852,0.0,0.0,0.0,wltp_class3b,PPO_seed42
1034,2.21,-881.5829750240133,0.0,0.0,0.48573390641740605,25.016545228209953,-0.0016571108553082956,0.0,0.008285554276541478,0.0,0.0,0.0,wltp_class3b,PPO_seed42
1035,2.3508,-881.2217829411024,0.0,0.0,0.485728359532885,25.016542904703797,-0.001656431922821621,0.0,0.008282159614108105,0.0,0.0,0.0,wltp_class3b,PPO_seed42
1036,2.4781,-877.7940202880795,0.0,0.0,0.48572283420974155,25.01654057830781,-0.0016499887599399994,0.0,0.008249943799699996,0.0,0.0,0.0,wltp_class3b,PPO_seed42
1037,2.5951,-878.5611454833339,0.0,0.0,0.48571730404357005,25.016538256335824,-0.001651430724592733,0.0,0.008257153622963665,0.0,0.0,0.0,wltp_class3b,PPO_seed42
1038,2.7058,-890.4517441243481,0.0,0.0,0.48571169901707445,25.016535957729907,-0.0016737814739179475,0.0,0.008368907369589737,0.0,0.0,0.0,wltp_class3b,PPO_seed42
1039,2.8142,-917.0432299790407,0.0,0.0,0.4857059265938101,25.01653370840186,-0.001723765469885415,0.0,0.008618827349427075,0.0,0.0,0.0,wltp_class3b,PPO_seed42
1040,2.9248,-964.1807896873707,0.0,0.0,0.48569985744312094,25.01653154718468,-0.0018123699054273888,0.0,0.009061849527136944,0.0,0.0,0.0,wltp_class3b,PPO_seed42
1041,3.0419,-1034.7859956388613,0.0,0.0,0.48569334384266755,25.01652952425444,-0.0019450864579677847,0.0,0.009725432289838923,0.0,0.0,0.0,wltp_class3b,PPO_seed42
1042,3.1692,-1129.843528790465,0.0,0.0,0.48568623187005266,25.01652770149028,-0.002123766031561024,0.0,0.01061883015780512,0.0,0.0,0.0,wltp_class3b,PPO_seed42
1043,3.3099,-1250.7651920099636,0.0,0.0,0.485678358713831,25.016526157559568,-0.002351062390996172,0.0,0.011755311954980861,0.0,0.0,0.0,wltp_class3b,PPO_seed42
1044,3.4665,-1397.8357582724843,0.0,0.0,0.4856695597672274,25.01652498996367,-0.0026275108238204593,0.0,0.013137554119102297,0.0,0.0,0.0,wltp_class3b,PPO_seed42
1045,3.6401,-1566.7302886616026,0.0,0.0,0.485659697644349,25.01652430559377,-0.0029449817456045162,0.0,0.01472490872802258,0.0,0.0,0.0,wltp_class3b,PPO_seed42
1046,3.8313,-1757.1239181698918,0.0,0.0,0.4856486370006672,25.016524231641764,-0.003302864507838142,0.0,0.01651432253919071,0.0,0.0,0.0,wltp_class3b,PPO_seed42
1047,4.039,-1959.916399225515,0.0,0.0,0.48563629977145367,25.01652488523528,-0.003684053382002848,0.0,0.01842026691001424,0.0,0.0,0.0,wltp_class3b,PPO_seed42
1048,4.2614,-2169.889042357898,0.0,0.0,0.4856226407390648,25.0165263768566,-0.00407873880142462,0.0,0.0203936940071231,0.0,0.0,0.0,wltp_class3b,PPO_seed42
1049,4.4958,-2378.573752019621,0.0,0.0,0.4856076679881008,25.016528787902676,-0.004471003293269965,0.0,0.022355016466349825,0.0,0.0,0.0,wltp_class3b,PPO_seed42
1050,4.7386,-2575.174119006352,0.0,0.0,0.48559145756353844,25.016532145992095,-0.004840552855275099,0.0,0.02420276427637549,0.0,0.0,0.0,wltp_class3b,PPO_seed42
1051,4.9858,-2750.66188998681,0.0,0.0,0.4855741423429963,25.016536418505087,-0.005170417086441372,0.0,0.02585208543220686,0.0,0.0,0.0,wltp_class3b,PPO_seed42
1052,5.2329,-2893.915191515085,0.0,0.0,0.485555925218749,25.0165414908696,-0.0054396902096148225,0.0,0.02719845104807411,0.0,0.0,0.0,wltp_class3b,PPO_seed42
1053,5.4757,-2999.9052172655825,0.0,0.0,0.48553704074525117,25.016547193531007,-0.005638919581326283,0.0,0.028194597906631414,0.0,0.0,0.0,wltp_class3b,PPO_seed42
1054,5.7101,-3062.4838603919225,0.0,0.0,0.4855177621872124,25.016553298355067,-0.005756548609759254,0.0,0.028782743048796265,0.0,0.0,0.0,wltp_class3b,PPO_seed42
1055,5.9325,-3080.0240727814944,0.0,0.0,0.4854983730610357,25.016559551468767,-0.005789518933799802,0.0,0.02894759466899901,0.0,0.0,0.0,wltp_class3b,PPO_seed42
1056,6.1403,-3057.482548518609,0.0,0.0,0.48547912568952184,25.016565722080507,-0.0057471476475913705,0.0,0.02873573823795685,0.0,0.0,0.0,wltp_class3b,PPO_seed42
1057,6.3314,-2997.0046538187967,0.0,0.0,0.48546025889816063,25.016571595475952,-0.005633467394396234,0.0,0.02816733697198117,0.0,0.0,0.0,wltp_class3b,PPO_seed42
1058,6.5051,-2911.654162680149,0.0,0.0,0.4854419292797454,25.016577040494024,-0.00547303414037622,0.0,0.0273651707018811,0.0,0.0,0.0,wltp_class3b,PPO_seed42
1059,6.6616,-2811.5114084221395,0.0,0.0,0.4854242299722135,25.01658199048407,-0.005284795880492744,0.0,0.02642397940246372,0.0,0.0,0.0,wltp_class3b,PPO_seed42
1060,6.8024,-2712.3622059076547,0.0,0.0,0.48540715473795215,25.01658646718838,-0.005098425199074539,0.0,0.025492125995372695,0.0,0.0,0.0,wltp_class3b,PPO_seed42
1061,6.9297,-2624.695779110512,0.0,0.0,0.4853906313043637,25.01659054344426,-0.004933638682538557,0.0,0.02466819341269278,0.0,0.0,0.0,wltp_class3b,PPO_seed42
1062,7.0467,-2562.8589694983225,0.0,0.0,0.48537449707681013,25.016594355834236,-0.004817404078004366,0.0,0.024087020390021828,0.0,0.0,0.0,wltp_class3b,PPO_seed42
1063,7.1573,-2538.41731358928,0.0,0.0,0.48535851664602747,25.01659808792028,-0.004771461115769324,0.0,0.02385730557884662,0.0,0.0,0.0,wltp_class3b,PPO_seed42
1064,7.2658,-2559.825637858211,0.0,0.0,0.4853424013700783,25.016601960063973,-0.004811702326801149,0.0,0.02405851163400574,0.0,0.0,0.0,wltp_class3b,PPO_seed42
1065,7.3764,-2629.887131907532,0.0,0.0,0.48532584495313075,25.01660621362503,-0.0049433968644878425,0.0,0.02471698432243921,0.0,0.0,0.0,wltp_class3b,PPO_seed42
1066,7.4934,-2753.8407749105518,0.0,0.0,0.48530850811040216,25.016611138303578,-0.005176392434042391,0.0,0.025881962170211954,0.0,0.0,0.0,wltp_class3b,PPO_seed42
1067,7.6207,-2931.315915583649,0.0,0.0,0.4852900538823203,25.01661706167107,-0.005509992322525656,0.0,0.02754996161262828,0.0,0.0,0.0,wltp_class3b,PPO_seed42
1068,7.7615,-3158.316326171314,0.0,0.0,0.48527017045846815,25.0166243434518,-0.00593668482363029,0.0,0.029683424118151447,0.0,0.0,0.0,wltp_class3b,PPO_seed42
1069,7.918,-3426.759486311107,0.0,0.0,0.4852485969024154,25.01663335685484,-0.0064412772299080965,0.0,0.03220638614954048,0.0,0.0,0.0,wltp_class3b,PPO_seed42
1070,8.0917,-3731.6167495163936,0.0,0.0,0.48522510392550144,25.016644504760954,-0.007014317198339086,0.0,0.03507158599169543,0.0,0.0,0.0,wltp_class3b,PPO_seed42
1071,8.2828,-4059.1203774890632,0.0,0.0,0.48519954890495176,25.016658149154186,-0.0076299255215959835,0.0,0.038149627607979915,0.0,0.0,0.0,wltp_class3b,PPO_seed42
1072,8.4905,-4397.482959123805,0.0,0.0,0.4851718634185371,25.016674597584803,-0.008265945411886853,0.0,0.04132972705943426,0.0,0.0,0.0,wltp_class3b,PPO_seed42
1073,8.713,-4732.857513640802,0.0,0.0,0.4851420662140786,25.016694055605683,-0.008896348709851131,0.0,0.04448174354925565,0.0,0.0,0.0,wltp_class3b,PPO_seed42
1074,8.9474,-5047.511821174798,0.0,0.0,0.48511028767513853,25.016716554207445,-0.009487804175140599,0.0,0.04743902087570299,0.0,0.0,0.0,wltp_class3b,PPO_seed42
1075,9.1902,-5328.283113891943,0.0,0.0,0.4850767410594179,25.016741954486182,-0.01001556976295478,0.0,0.050077848814773895,0.0,0.0,0.0,wltp_class3b,PPO_seed42
1076,9.4373,-5560.124672320169,0.0,0.0,0.4850417343669753,25.016769904184148,-0.010451362166015356,0.0,0.05225681083007678,0.0,0.0,0.0,wltp_class3b,PPO_seed42
1077,9.6845,-5734.096534928177,0.0,0.0,0.4850056318996367,25.01679988774428,-0.010778376945353716,0.0,0.05389188472676858,0.0,0.0,0.0,wltp_class3b,PPO_seed42
1078,9.9273,-5837.60815239263,0.0,0.0,0.48496887725139265,25.016831190450144,-0.010972947654873364,0.0,0.05486473827436682,0.0,0.0,0.0,wltp_class3b,PPO_seed42
1079,10.1617,-5870.702334685234,0.0,0.0,0.4849319137721822,25.016863052808954,-0.011035154764445929,0.0,0.05517577382222964,0.0,0.0,0.0,wltp_class3b,PPO_seed42
1080,10.3841,-5833.155703618891,0.0,0.0,0.48489518624406414,25.016894695219595,-0.010964578390261073,0.0,0.05482289195130536,0.0,0.0,0.0,wltp_class3b,PPO_seed42
1081,10.5918,-5734.668954611432,0.0,0.0,0.4848590783943338,25.016925453506243,-0.010779452922201942,0.0,0.0538972646110097,0.0,0.0,0.0,wltp_class3b,PPO_seed42
1082,10.7829,-5585.5054134545635,0.0,0.0,0.4848239093470758,25.016954801339097,-0.010499070326042415,0.0,0.052495351630212066,0.0,0.0,0.0,wltp_class3b,PPO_seed42
1083,10.9566,-5403.166090685009,0.0,0.0,0.48478988804446743,25.016982429851996,-0.010156327238129717,0.0,0.050781636190648585,0.0,0.0,0.0,wltp_class3b,PPO_seed42
1084,11.1132,-5207.286981244956,0.0,0.0,0.4847570997950802,25.017008254653653,-0.009788133423392777,0.0,0.048940667116963876,0.0,0.0,0.0,wltp_class3b,PPO_seed42
1085,11.2539,-5015.620652020532,0.0,0.0,0.4847255181251851,25.017032373005044,-0.009427858368459649,0.0,0.04713929184229824,0.0,0.0,0.0,wltp_class3b,PPO_seed42
1086,11.3812,-4854.33684294213,0.0,0.0,0.484694951772405,25.017055117255904,-0.009124693313800995,0.0,0.045623466569004976,0.0,0.0,0.0,wltp_class3b,PPO_seed42
1087,11.4983,-4739.894028826011,0.0,0.0,0.48466510582836625,25.017076941242394,-0.008909575242154157,0.0,0.04454787621077078,0.0,0.0,0.0,wltp_class3b,PPO_seed42
1088,11.6089,-4685.49172836369,0.0,0.0,0.48463560225687685,25.0170983886081,-0.008807315278879116,0.0,0.04403657639439558,0.0,0.0,0.0,wltp_class3b,PPO_seed42
1089,11.7173,-4706.504781443321,0.0,0.0,0.4846059661945811,25.01712012577878,-0.008846813498953611,0.0,0.044234067494768055,0.0,0.0,0.0,wltp_class3b,PPO_seed42
1090,11.8279,-4809.455461772154,0.0,0.0,0.48457568169164383,25.01714289338863,-0.009040329815361193,0.0,0.04520164907680596,0.0,0.0,0.0,wltp_class3b,PPO_seed42
1091,11.945,-4997.332454484805,0.0,0.0,0.48454421396076863,25.017167514759898,-0.009393482057302265,0.0,0.04696741028651132,0.0,0.0,0.0,wltp_class3b,PPO_seed42
1092,12.0723,-5263.764730055268,0.0,0.0,0.48451106831255564,25.01719484715536,-0.009894294605367046,0.0,0.04947147302683522,0.0,0.0,0.0,wltp_class3b,PPO_seed42
1093,12.213,-5604.138640835672,0.0,0.0,0.48447577908824685,25.0172258243063,-0.010534095189540738,0.0,0.05267047594770369,0.0,0.0,0.0,wltp_class3b,PPO_seed42
1094,12.3696,-6009.84102724339,0.0,0.0,0.48443793484244607,25.017261431259353,-0.011296693660231937,0.0,0.05648346830115968,0.0,0.0,0.0,wltp_class3b,PPO_seed42
1095,12.5433,-6459.691478186481,0.0,0.0,0.4843972574789947,25.017302550099416,-0.012142277214636243,0.0,0.06071138607318121,0.0,0.0,0.0,wltp_class3b,PPO_seed42
1096,12.7344,-6938.8289625490825,0.0,0.0,0.48435356246090155,25.01734998490164,-0.01304291158373888,0.0,0.06521455791869439,0.0,0.0,0.0,wltp_class3b,PPO_seed42
1097,12.9421,-7426.639141353005,0.0,0.0,0.4843067950439529,25.017404332853452,-0.01395984801006204,0.0,0.0697992400503102,0.0,0.0,0.0,wltp_class3b,PPO_seed42
1098,13.1645,-7900.075872703991,0.0,0.0,0.48425704559904953,25.01746587207347,-0.01484976667801502,0.0,0.0742488333900751,0.0,0.0,0.0,wltp_class3b,PPO_seed42
1099,13.3989,-8339.738343062885,0.0,0.0,0.48420452666856134,25.01753453553751,-0.015676199892975348,0.0,0.07838099946487674,0.0,0.0,0.0,wltp_class3b,PPO_seed42
1100,13.6417,-8721.594149746868,0.0,0.0,0.48414960214708014,25.017609772703086,-0.0163939739656896,0.0,0.081969869828448,0.0,0.0,0.0,wltp_class3b,PPO_seed42
1101,13.8889,-9030.085003091279,0.0,0.0,0.4840927339323709,25.01769063706771,-0.01697384399077308,0.0,0.0848692199538654,0.0,0.0,0.0,wltp_class3b,PPO_seed42
1102,14.0413,-7093.56789861849,0.0,0.0,0.48404806042004755,25.017742380582074,-0.013333774245523478,0.0,0.06666887122761739,0.0,0.0,0.0,wltp_class3b,PPO_seed42
1103,14.1894,-7108.237894447094,0.0,0.0,0.48400329405830705,25.01779458239095,-0.013361349425652433,0.0,0.06680674712826216,0.0,0.0,0.0,wltp_class3b,PPO_seed42
1104,14.329,-7022.136538524057,0.0,0.0,0.48395906950034295,25.017845889179508,-0.013199504771661761,0.0,0.0659975238583088,0.0,0.0,0.0,wltp_class3b,PPO_seed42
1105,14.4568,-6850.567838608706,0.0,0.0,0.4839159250493349,25.017895184175202,-0.012877007215429899,0.0,0.06438503607714949,0.0,0.0,0.0,wltp_class3b,PPO_seed42
1106,14.5697,-6594.351209593906,0.0,0.0,0.4838743938730408,25.017941434389716,-0.012395397010514862,0.0,0.061976985052574304,0.0,0.0,0.0,wltp_class3b,PPO_seed42
1107,14.6661,-6285.77260266651,0.0,0.0,0.48383480582146815,25.01798410404395,-0.011815362035087424,0.0,0.05907681017543712,0.0,0.0,0.0,wltp_class3b,PPO_seed42
1108,14.7451,-5940.605602866743,0.0,0.0,0.4837973914079503,25.018022920616605,-0.011166551885087863,0.0,0.05583275942543931,0.0,0.0,0.0,wltp_class3b,PPO_seed42
1109,14.8069,-5585.182679593101,0.0,0.0,0.48376221530032876,25.01805795761498,-0.01049846368344568,0.0,0.052492318417228394,0.0,0.0,0.0,wltp_class3b,PPO_seed42
1110,14.8529,-5249.356857486978,0.0,0.0,0.48372915413985657,25.01808960497342,-0.009867212138133418,0.0,0.04933606069066709,0.0,0.0,0.0,wltp_class3b,PPO_seed42
1111,14.8855,-4959.054477871839,0.0,0.0,0.4836979212665643,25.01811846156271,-0.009321530973443305,0.0,0.046607654867216526,0.0,0.0,0.0,wltp_class3b,PPO_seed42
1112,14.9078,-4733.431247853566,0.0,0.0,0.4836681093601336,25.01814522911486,-0.008897427157619485,0.0,0.044487135788097425,0.0,0.0,0.0,wltp_class3b,PPO_seed42
1113,14.9237,-4594.0537693740725,0.0,0.0,0.4836391752567425,25.018170722438644,-0.008635439416116678,0.0,0.04317719708058339,0.0,0.0,0.0,wltp_class3b,PPO_seed42
1114,14.9374,-4550.732723345634,0.0,0.0,0.48361051399093896,25.018195783486195,-0.008554008878469238,0.0,0.04277004439234619,0.0,0.0,0.0,wltp_class3b,PPO_seed42
1115,14.9533,-4610.914483072543,0.0,0.0,0.48358147368797627,25.018221307243643,-0.008667132486978464,0.0,0.04333566243489232,0.0,0.0,0.0,wltp_class3b,PPO_seed42
1116,14.9756,-4772.7378157092435,0.0,0.0,0.48355141418448844,25.018248219276867,-0.008971311683663993,0.0,0.04485655841831996,0.0,0.0,0.0,wltp_class3b,PPO_seed42
1117,15.0082,-5032.188245468591,0.0,0.0,0.48351972058854703,25.018277511639134,-0.009459000461407126,0.0,0.04729500230703563,0.0,0.0,0.0,wltp_class3b,PPO_seed42
1118,15.0542,-5373.606778424492,0.0,0.0,0.48348587661583786,25.018310171082884,-0.01010076462109867,0.0,0.050503823105493346,0.0,0.0,0.0,wltp_class3b,PPO_seed42
1119,15.116,-5783.698703276681,0.0,0.0,0.48344944969657505,25.01834720596382,-0.010871614103903537,0.0,0.05435807051951768,0.0,0.0,0.0,wltp_class3b,PPO_seed42
1120,15.195,-6241.796800052603,0.0,0.0,0.48341013740675837,25.018389546729207,-0.011732700751978579,0.0,0.05866350375989289,0.0,0.0,0.0,wltp_class3b,PPO_seed42
1121,15.2914,-6721.615992419504,0.0,0.0,0.48336780285151737,25.018437918034646,-0.012634616527104332,0.0,0.06317308263552165,0.0,0.0,0.0,wltp_class3b,PPO_seed42
1122,15.4044,-7200.372040077165,0.0,0.0,0.4833224526208071,25.01849279435368,-0.013534533909919483,0.0,0.06767266954959741,0.0,0.0,0.0,wltp_class3b,PPO_seed42
1123,15.5321,-7651.184295070997,0.0,0.0,0.48327426259754525,25.018554256464384,-0.014381925366674805,0.0,0.07190962683337403,0.0,0.0,0.0,wltp_class3b,PPO_seed42
1124,15.6717,-8050.053932022634,0.0,0.0,0.4832235598190174,25.018621943621262,-0.015131680323350816,0.0,0.07565840161675408,0.0,0.0,0.0,wltp_class3b,PPO_seed42
1125,15.8198,-8378.534178906602,0.0,0.0,0.48317078752135556,25.018695078086377,-0.015749124396440984,0.0,0.07874562198220492,0.0,0.0,0.0,wltp_class3b,PPO_seed42
1126,15.9722,-8611.430546175223,0.0,0.0,0.4831165476538206,25.018772330528265,-0.016186899522885757,0.0,0.08093449761442878,0.0,0.0,0.0,wltp_class3b,PPO_seed42
1127,16.1246,-8739.814254415101,0.0,0.0,0.4830614984433366,25.01885208534263,-0.016428222282735154,0.0,0.08214111141367576,0.0,0.0,0.0,wltp_class3b,PPO_seed42
1128,16.2727,-8756.990662016275,0.0,0.0,0.48300634032971246,25.018932526132104,-0.016460508763188487,0.0,0.08230254381594243,0.0,0.0,0.0,wltp_class3b,PPO_seed42
1129,16.4124,-8661.625644498006,0.0,0.0,0.4829517822046352,25.01901178898977,-0.01628125121146242,0.0,0.0814062560573121,0.0,0.0,0.0,wltp_class3b,PPO_seed42
1130,16.5401,-8461.054108590206,0.0,0.0,0.48289848680475833,25.019088173230156,-0.01590423704622219,0.0,0.07952118523111096,0.0,0.0,0.0,wltp_class3b,PPO_seed42
1131,16.6531,-8174.658839297388,0.0,0.0,0.48284699481421745,25.01916038344624,-0.01536590007386727,0.0,0.07682950036933635,0.0,0.0,0.0,wltp_class3b,PPO_seed42
1132,16.7495,-7821.073097741742,0.0,0.0,0.48279772957116945,25.01922752776429,-0.014701265221319064,0.0,0.07350632610659531,0.0,0.0,0.0,wltp_class3b,PPO_seed42
1133,16.8284,-7425.932534636622,0.0,0.0,0.4827509529455024,25.019289200262875,-0.013958519801948538,0.0,0.06979259900974269,0.0,0.0,0.0,wltp_class3b,PPO_seed42
1134,16.8902,-7024.547302786518,0.0,0.0,0.4827067043837469,25.019345551999297,-0.013204036283433305,0.0,0.06602018141716652,0.0,0.0,0.0,wltp_class3b,PPO_seed42
1135,16.9363,-6645.57342258551,0.0,0.0,0.4826648428112686,25.019397108521183,-0.012491679365762239,0.0,0.062458396828811186,0.0,0.0,0.0,wltp_class3b,PPO_seed42
1136,16.9688,-6310.297947840791,0.0,0.0,0.48262509304408774,25.019444605759816,-0.011861462307971412,0.0,0.059307311539857056,0.0,0.0,0.0,wltp_class3b,PPO_seed42
1137,16.9911,-6056.5384680677635,0.0,0.0,0.4825869416579565,25.019489136984625,-0.011384470804638655,0.0,0.05692235402319327,0.0,0.0,0.0,wltp_class3b,PPO_seed42
1138,17.007,-5898.278937302581,0.0,0.0,0.482549787118981,25.01953184715983,-0.01108699048365147,0.0,0.05543495241825734,0.0,0.0,0.0,wltp_class3b,PPO_seed42
1139,17.0207,-5849.431086306958,0.0,0.0,0.4825129402412314,25.019573964242152,-0.010995171214862702,0.0,0.05497585607431351,0.0,0.0,0.0,wltp_class3b,PPO_seed42
1140,17.0366,-5918.604165330193,0.0,0.0,0.4824756575894897,25.01961679865166,-0.011125195799492844,0.0,0.055625978997464215,0.0,0.0,0.0,wltp_class3b,PPO_seed42
1141,17.0589,-6103.782235541515,0.0,0.0,0.4824372084094037,25.01966170080364,-0.011473274878837434,0.0,0.05736637439418717,0.0,0.0,0.0,wltp_class3b,PPO_seed42
1142,17.0915,-6400.440158936908,0.0,0.0,0.48239689043188005,25.019710104330578,-0.012030902554392686,0.0,0.060154512771963424,0.0,0.0,0.0,wltp_class3b,PPO_seed42
1143,17.1375,-6790.699198086979,0.0,0.0,0.48235411398716754,25.019763415286487,-0.012764472176855224,0.0,0.06382236088427612,0.0,0.0,0.0,wltp_class3b,PPO_seed42
1144,17.1994,-7262.046045929564,0.0,0.0,0.48230836820409906,25.019823087077768,-0.013650462492348803,0.0,0.06825231246174401,0.0,0.0,0.0,wltp_class3b,PPO_seed42
1145,17.2783,-7779.81598881527,0.0,0.0,0.48225936054567775,25.01989028828018,-0.014623714264690358,0.0,0.07311857132345179,0.0,0.0,0.0,wltp_class3b,PPO_seed42
1146,17.3747,-8330.20912292525,0.0,0.0,0.48220688537914597,25.019966111653087,-0.015658287825047464,0.0,0.07829143912523731,0.0,0.0,0.0,wltp_class3b,PPO_seed42
1147,17.4877,-8876.325464777654,0.0,0.0,0.48215096949517394,25.020051133813205,-0.016684822302213635,0.0,0.08342411151106817,0.0,0.0,0.0,wltp_class3b,PPO_seed42
1148,17.6154,-9390.217903015808,0.0,0.0,0.48209181572415344,25.020145418945045,-0.0176507855319846,0.0,0.088253927659923,0.0,0.0,0.0,wltp_class3b,PPO_seed42
1149,17.7551,-9847.523745824086,0.0,0.0,0.4820297803718229,25.02024847703721,-0.018510382980872344,0.0,0.09255191490436171,0.0,0.0,0.0,wltp_class3b,PPO_seed42
1150,17.9031,-10216.120556872806,0.0,0.0,0.48196542212071836,25.020359039601317,-0.019203234129460164,0.0,0.09601617064730081,0.0,0.0,0.0,wltp_class3b,PPO_seed42
1151,18.0556,-10487.548095710124,0.0,0.0,0.4818993529880901,25.020475470837663,-0.019713436270131814,0.0,0.09856718135065906,0.0,0.0,0.0,wltp_class3b,PPO_seed42
1152,18.208,-10632.200600326147,0.0,0.0,0.4818323715503748,25.020595372379184,-0.01998533947429727,0.0,0.09992669737148634,0.0,0.0,0.0,wltp_class3b,PPO_seed42
1153,18.356,-10651.190631216663,0.0,0.0,0.4817652694408099,25.02071624397456,-0.020021035021083954,0.0,0.10010517510541976,0.0,0.0,0.0,wltp_class3b,PPO_seed42
1154,18.4957,-10549.246950639677,0.0,0.0,0.48169880856704456,25.020835645779517,-0.01982941156135278,0.0,0.09914705780676389,0.0,0.0,0.0,wltp_class3b,PPO_seed42
1155,18.6234,-10326.17200823537,0.0,0.0,0.4816337521419737,25.020951183728435,-0.01941009775984092,0.0,0.0970504887992046,0.0,0.0,0.0,wltp_class3b,PPO_seed42
1156,18.7364,-10006.736961095216,0.0,0.0,0.48157070736936713,25.02106106612755,-0.0188096559419083,0.0,0.0940482797095415,0.0,0.0,0.0,wltp_class3b,PPO_seed42
1157,18.8328,-9611.883521976455,0.0,0.0,0.48151014954923504,25.021164040911906,-0.01806745022927905,0.0,0.09033725114639525,0.0,0.0,0.0,wltp_class3b,PPO_seed42
1158,18.9117,-9170.335067260994,0.0,0.0,0.4814523730323954,25.021259511216854,-0.017237471930941717,0.0,0.08618735965470858,0.0,0.0,0.0,wltp_class3b,PPO_seed42
1159,18.9736,-8724.676446076755,0.0,0.0,0.48139740386836233,25.021347692903074,-0.016399767755783376,0.0,0.08199883877891688,0.0,0.0,0.0,wltp_class3b,PPO_seed42
1160,19.0196,-8294.888068339695,0.0,0.0,0.4813451422044749,25.021429126639696,-0.015591894865300177,0.0,0.07795947432650088,0.0,0.0,0.0,wltp_class3b,PPO_seed42
1161,19.0522,-7925.828999498338,0.0,0.0,0.48129520553223293,25.021504991260983,-0.0148981748110871,0.0,0.0744908740554355,0.0,0.0,0.0,wltp_class3b,PPO_seed42
1162,19.0745,-7638.992907190676,0.0,0.0,0.48124707589221283,25.021576661765025,-0.014359009224042624,0.0,0.07179504612021312,0.0,0.0,0.0,wltp_class3b,PPO_seed42
1163,19.0904,-7462.093050863886,0.0,0.0,0.48120006068807925,25.02164578697205,-0.014026490697112568,0.0,0.07013245348556284,0.0,0.0,0.0,wltp_class3b,PPO_seed42
1164,19.1041,-7407.927190815389,0.0,0.0,0.4811533866622631,25.02171410572682,-0.013924675170705617,0.0,0.06962337585352808,0.0,0.0,0.0,wltp_class3b,PPO_seed42
1165,19.12,-7486.334653802729,0.0,0.0,0.48110621853748653,25.021783481279176,-0.014072057619929943,0.0,0.07036028809964971,0.0,0.0,0.0,wltp_class3b,PPO_seed42
1166,19.1423,-7695.208879339743,0.0,0.0,0.48105773428191023,25.021855828776967,-0.014464678344623578,0.0,0.07232339172311789,0.0,0.0,0.0,wltp_class3b,PPO_seed42
1167,19.1749,-8029.573556468115,0.0,0.0,0.4810071431883203,25.021933164927056,-0.015093183376819766,0.0,0.07546591688409883,0.0,0.0,0.0,wltp_class3b,PPO_seed42
1168,19.2209,-8469.377403524839,0.0,0.0,0.4809537808512228,25.02201744346587,-0.015919882337452704,0.0,0.07959941168726352,0.0,0.0,0.0,wltp_class3b,PPO_seed42
1169,19.2827,-8997.420373742729,0.0,0.0,0.4808970912000663,25.022110605085814,-0.016912444311546482,0.0,0.08456222155773241,0.0,0.0,0.0,wltp_class3b,PPO_seed42
1170,19.3617,-9586.95096788556,0.0,0.0,0.48083668667745144,25.022214382354075,-0.018020584526100676,0.0,0.09010292263050337,0.0,0.0,0.0,wltp_class3b,PPO_seed42
1171,19.458,-10200.89327815925,0.0,0.0,0.48077241329390086,25.02233000486493,-0.019174611425111374,0.0,0.09587305712555687,0.0,0.0,0.0,wltp_class3b,PPO_seed42
1172,19.571,-10819.120963499732,0.0,0.0,0.4807042438441995,25.02245837752012,-0.020336693540413033,0.0,0.10168346770206516,0.0,0.0,0.0,wltp_class3b,PPO_seed42
1173,19.6987,-11398.042139271629,0.0,0.0,0.4806324257712655,25.02259947636379,-0.021424891239232385,0.0,0.10712445619616193,0.0,0.0,0.0,wltp_class3b,PPO_seed42
1174,19.8384,-11913.397863166254,0.0,0.0,0.48055735937719357,25.02275259209913,-0.022393605005951608,0.0,0.11196802502975803,0.0,0.0,0.0,wltp_class3b,PPO_seed42
1175,19.9865,-12332.565903234905,0.0,0.0,0.4804796505425777,25.022916053411613,-0.02318151485570471,0.0,0.11590757427852354,0.0,0.0,0.0,wltp_class3b,PPO_seed42
1176,20.1389,-12633.472106297464,0.0,0.0,0.4804000442902083,25.023087412357803,-0.023747128019356138,0.0,0.11873564009678068,0.0,0.0,0.0,wltp_class3b,PPO_seed42
1177,20.2913,-12802.335292910266,0.0,0.0,0.48031937255095775,25.023263661159817,-0.024064540024267417,0.0,0.12032270012133708,0.0,0.0,0.0,wltp_class3b,PPO_seed42
1178,20.4394,-12831.304419632688,0.0,0.0,0.48023851680989765,25.02344144807309,-0.024118993269986257,0.0,0.12059496634993128,0.0,0.0,0.0,wltp_class3b,PPO_seed42
1179,20.579,-12715.89006707416,0.0,0.0,0.4801583869293218,25.0236172616347,-0.023902048998259703,0.0,0.1195102449912985,0.0,0.0,0.0,wltp_class3b,PPO_seed42
1180,20.7068,-12478.79300478046,0.0,0.0,0.4800797498050145,25.023788192301065,-0.0234563778285347,0.0,0.1172818891426735,0.0,0.0,0.0,wltp_class3b,PPO_seed42
1181,20.8197,-12121.47225454634,0.0,0.0,0.48000336320367076,25.02395150244718,-0.02278472228298184,0.0,0.1139236114149092,0.0,0.0,0.0,wltp_class3b,PPO_seed42
1182,20.9161,-11690.060690358916,0.0,0.0,0.47992969422465587,25.024105694765527,-0.02197379829014834,0.0,0.1098689914507417,0.0,0.0,0.0,wltp_class3b,PPO_seed42
1183,20.9951,-11206.67919029285,0.0,0.0,0.4798590705843061,25.024249908254085,-0.021065186447918896,0.0,0.10532593223959447,0.0,0.0,0.0,wltp_class3b,PPO_seed42
1184,21.0569,-10708.342858786606,0.0,0.0,0.4797915867338596,25.02438416554126,-0.020128464020275575,0.0,0.10064232010137787,0.0,0.0,0.0,wltp_class3b,PPO_seed42
1185,21.1029,-10237.054345726108,0.0,0.0,0.47972707240617346,25.024509344427045,-0.019242583356628026,0.0,0.09621291678314012,0.0,0.0,0.0,wltp_class3b,PPO_seed42
1186,21.1355,-9829.36404672046,0.0,0.0,0.47966512695953506,25.024626938825794,-0.018476248208121167,0.0,0.09238124104060583,0.0,0.0,0.0,wltp_class3b,PPO_seed42
1187,21.1578,-9512.432674291666,0.0,0.0,0.47960517854430595,25.024738801088848,-0.017880512545661028,0.0,0.08940256272830513,0.0,0.0,0.0,wltp_class3b,PPO_seed42
1188,21.1737,-9317.136008541833,0.0,0.0,0.4795464606887361,25.02484718715307,-0.017513413549890663,0.0,0.08756706774945332,0.0,0.0,0.0,wltp_class3b,PPO_seed42
1189,21.1874,-9257.86144586707,0.0,0.0,0.4794881162097898,25.024954498813678,-0.017401995198998255,0.0,0.08700997599499127,0.0,0.0,0.0,wltp_class3b,PPO_seed42
1190,21.2033,-9345.745471013428,0.0,0.0,0.47942921770254526,25.02506332014241,-0.017567190734987647,0.0,0.08783595367493824,0.0,0.0,0.0,wltp_class3b,PPO_seed42
1191,21.2256,-9578.654994869812,0.0,0.0,0.47936885116620714,25.025176302175204,-0.01800499059186055,0.0,0.09002495295930274,0.0,0.0,0.0,wltp_class3b,PPO_seed42
1192,21.2582,-9951.222066094842,0.0,0.0,0.4793061363886977,25.025296217445383,-0.01870530463551662,0.0,0.0935265231775831,0.0,0.0,0.0,wltp_class3b,PPO_seed42
1193,21.3042,-10441.270266621817,0.0,0.0,0.47924033287249956,25.02542572338546,-0.019626447869589884,0.0,0.09813223934794942,0.0,0.0,0.0,wltp_class3b,PPO_seed42
1194,21.366,-11029.701861527663,0.0,0.0,0.4791708204302437,25.025567428409285,-0.02073252229610463,0.0,0.10366261148052315,0.0,0.0,0.0,wltp_class3b,PPO_seed42
1195,21.445,-11686.755329039153,0.0,0.0,0.4790971663892125,25.025723628748118,-0.021967585204960817,0.0,0.10983792602480408,0.0,0.0,0.0,wltp_class3b,PPO_seed42
1196,21.5414,-12374.649432560585,0.0,0.0,0.4790191761401145,25.025896001712752,-0.023260619234136443,0.0,0.1163030961706822,0.0,0.0,0.0,wltp_class3b,PPO_seed42
1197,21.6544,-13060.662550943187,0.0,0.0,0.4789368612640995,25.026085538701878,-0.024550117576960878,0.0,0.12275058788480439,0.0,0.0,0.0,wltp_class3b,PPO_seed42
1198,21.7821,-13706.564280268745,0.0,0.0,0.47885047427172905,25.026292226716453,-0.025764218571933735,0.0,0.12882109285966867,0.0,0.0,0.0,wltp_class3b,PPO_seed42
1199,21.9217,-14278.572975258776,0.0,0.0,0.478760480593556,25.026514979525064,-0.026839422885824766,0.0,0.13419711442912383,0.0,0.0,0.0,wltp_class3b,PPO_seed42
1200,22.0698,-14751.102552920156,0.0,0.0,0.4786675069573893,25.026751736677248,-0.02772763637766947,0.0,0.13863818188834734,0.0,0.0,0.0,wltp_class3b,PPO_seed42
1201,22.2222,-15089.501085158756,0.0,0.0,0.4785723985590094,25.02699915370492,-0.02836372384428338,0.0,0.1418186192214169,0.0,0.0,0.0,wltp_class3b,PPO_seed42
1202,22.3396,-14021.43333837039,0.0,0.0,0.47848402031846476,25.027218189152045,-0.02635607770370374,0.0,0.1317803885185187,0.0,0.0,0.0,wltp_class3b,PPO_seed42
1203,22.4527,-14008.887026116663,0.0,0.0,0.478395719712277,25.02743774522485,-0.02633249440999373,0.0,0.13166247204996864,0.0,0.0,0.0,wltp_class3b,PPO_seed42
1204,22.5574,-13841.751503229234,0.0,0.0,0.47830847120059916,25.027653713717665,-0.026018329893288034,0.0,0.13009164946644017,0.0,0.0,0.0,wltp_class3b,PPO_seed42
1205,22.6501,-13531.452038606401,0.0,0.0,0.4782231773157986,25.02786238873279,-0.025435060222944363,0.0,0.1271753011147218,0.0,0.0,0.0,wltp_class3b,PPO_seed42
1206,22.7281,-13105.472387272153,0.0,0.0,0.47814056742107136,25.028060965146445,-0.024634346592616832,0.0,0.12317173296308415,0.0,0.0,0.0,wltp_class3b,PPO_seed42
1207,22.7895,-12589.721964488697,0.0,0.0,0.47806120760532805,25.02824750907639,-0.023664890910693043,0.0,0.1183244545534652,0.0,0.0,0.0,wltp_class3b,PPO_seed42
1208,22.8334,-12019.19489144702,0.0,0.0,0.4779854433906942,25.02842112696709,-0.022592471600464323,0.0,0.11296235800232161,0.0,0.0,0.0,wltp_class3b,PPO_seed42
1209,22.8602,-11441.62424665498,0.0,0.0,0.4779133194040872,25.028582127148525,-0.02150681249371237,0.0,0.10753406246856184,0.0,0.0,0.0,wltp_class3b,PPO_seed42
1210,22.8713,-10895.414801393583,0.0,0.0,0.4778446381554101,25.028731636393,-0.020480103010138317,0.0,0.10240051505069157,0.0,0.0,0.0,wltp_class3b,PPO_seed42
1211,22.8688,-10408.889372058471,0.0,0.0,0.4777790235792927,25.028871255518226,-0.0195655815264257,0.0,0.0978279076321285,0.0,0.0,0.0,wltp_class3b,PPO_seed42
1212,22.8561,-10032.68152369718,0.0,0.0,0.477715780391956,25.029003402141875,-0.018858423916724022,0.0,0.0942921195836201,0.0,0.0,0.0,wltp_class3b,PPO_seed42
1213,22.837,-9785.263986519993,0.0,0.0,0.47765409682009086,25.02913063289803,-0.018393353358120288,0.0,0.09196676679060144,0.0,0.0,0.0,wltp_class3b,PPO_seed42
1214,22.8157,-9685.056807860541,0.0,0.0,0.4775930449386966,25.029255697412914,-0.01820499399973786,0.0,0.0910249699986893,0.0,0.0,0.0,wltp_class3b,PPO_seed42
1215,22.7966,-9743.326765025084,0.0,0.0,0.47753162576642494,25.029381508763354,-0.01831452399440805,0.0,0.09157261997204026,0.0,0.0,0.0,wltp_class3b,PPO_seed42
1216,22.7839,-9956.996947138481,0.0,0.0,0.47746885968433883,25.029511014566545,-0.018716159675072334,0.0,0.09358079837536167,0.0,0.0,0.0,wltp_class3b,PPO_seed42
1217,22.7815,-10319.49854999266,0.0,0.0,0.47740380844577174,25.02964726031919,-0.01939755366539974,0.0,0.0969877683269987,0.0,0.0,0.0,wltp_class3b,PPO_seed42
1218,22.7925,-10806.27357517746,0.0,0.0,0.47733568856946357,25.029793128650265,-0.020312544314243345,0.0,0.10156272157121672,0.0,0.0,0.0,wltp_class3b,PPO_seed42
1219,22.8194,-11399.833054729348,0.0,0.0,0.4772638267747038,25.029951495056714,-0.021428257621671706,0.0,0.10714128810835853,0.0,0.0,0.0,wltp_class3b,PPO_seed42
1220,22.8633,-12053.238510043537,0.0,0.0,0.4771878456195665,25.030124542065213,-0.02265646336474349,0.0,0.11328231682371745,0.0,0.0,0.0,wltp_class3b,PPO_seed42
1221,22.9247,-12747.434163106236,0.0,0.0,0.477107487742776,25.030314224215573,-0.02396134241185383,0.0,0.11980671205926914,0.0,0.0,0.0,wltp_class3b,PPO_seed42
1222,23.0027,-13433.072395950247,0.0,0.0,0.47702280682432374,25.030521403017808,-0.025250136082613246,0.0,0.12625068041306622,0.0,0.0,0.0,wltp_class3b,PPO_seed42
1223,23.0954,-14073.15221503801,0.0,0.0,0.4769340897788891,25.03074591159749,-0.026453293637289495,0.0,0.13226646818644747,0.0,0.0,0.0,wltp_class3b,PPO_seed42
1224,23.2001,-14635.912978938404,0.0,0.0,0.4768418237479449,25.03098651986788,-0.02751111462206467,0.0,0.13755557311032335,0.0,0.0,0.0,wltp_class3b,PPO_seed42
1225,23.3131,-15079.997186745712,0.0,0.0,0.4767467566299847,25.03124054286424,-0.028345859373582166,0.0,0.14172929686791083,0.0,0.0,0.0,wltp_class3b,PPO_seed42
1226,23.4306,-15395.422752549966,0.0,0.0,0.4766496993210311,25.031504671953286,-0.028938764572462347,0.0,0.14469382286231172,0.0,0.0,0.0,wltp_class3b,PPO_seed42
1227,23.548,-15544.999887783524,0.0,0.0,0.476551697259547,25.03177423369397,-0.029219924601096847,0.0,0.14609962300548424,0.0,0.0,0.0,wltp_class3b,PPO_seed42
1228,23.661,-15531.61047017604,0.0,0.0,0.4764537778284755,25.032044453682623,-0.029194756522887295,0.0,0.14597378261443647,0.0,0.0,0.0,wltp_class3b,PPO_seed42
1229,23.7657,-15362.645466475347,0.0,0.0,0.4763569219246982,25.03231074117023,-0.028877153132472456,0.0,0.14438576566236228,0.0,0.0,0.0,wltp_class3b,PPO_seed42
1230,23.8584,-15038.930271846817,0.0,0.0,0.47626210534183205,25.032568636007063,-0.028268665924524095,0.0,0.14134332962262047,0.0,0.0,0.0,wltp_class3b,PPO_seed42
1231,23.9364,-14593.039052474094,0.0,0.0,0.47617009858817577,25.032814822908144,-0.027430524534725744,0.0,0.1371526226736287,0.0,0.0,0.0,wltp_class3b,PPO_seed42
1232,23.9978,-14052.181447210844,0.0,0.0,0.47608150067341076,25.033046989577695,-0.026413874900772263,0.0,0.1320693745038613,0.0,0.0,0.0,wltp_class3b,PPO_seed42
1233,24.0417,-13453.128555718944,0.0,0.0,0.4759966787934867,25.033264030266643,-0.02528783563105065,0.0,0.12643917815525324,0.0,0.0,0.0,wltp_class3b,PPO_seed42
1234,24.0686,-12849.952254066302,0.0,0.0,0.4759156592174254,25.033466341940155,-0.024154045590350195,0.0,0.12077022795175096,0.0,0.0,0.0,wltp_class3b,PPO_seed42
1235,24.0796,-12267.729148498292,0.0,0.0,0.4758383100741796,25.033654922793968,-0.02305964125657574,0.0,0.11529820628287869,0.0,0.0,0.0,wltp_class3b,PPO_seed42
1236,24.0772,-11762.99999515573,0.0,0.0,0.4757641429587723,25.03383197309264,-0.022110902246533327,0.0,0.11055451123266663,0.0,0.0,0.0,wltp_class3b,PPO_seed42
1237,24.0645,-11362.607379354282,0.0,0.0,0.47569250016951037,25.03400007636054,-0.021358284547658424,0.0,0.10679142273829212,0.0,0.0,0.0,wltp_class3b,PPO_seed42
1238,24.0454,-11101.256636400227,0.0,0.0,0.4756225051345857,25.034162343351333,-0.020867023752632007,0.0,0.10433511876316003,0.0,0.0,0.0,wltp_class3b,PPO_seed42
1239,24.0241,-10994.793776261718,0.0,0.0,0.4755531813239965,25.03432205162027,-0.020666905594476915,0.0,0.10333452797238457,0.0,0.0,0.0,wltp_class3b,PPO_seed42
1240,24.005,-11055.29951257596,0.0,0.0,0.4754834759943475,25.03448268416273,-0.020780638181533764,0.0,0.10390319090766881,0.0,0.0,0.0,wltp_class3b,PPO_seed42
1241,23.9923,-11279.737738362788,0.0,0.0,0.4754123555027172,25.034647763623465,-0.021202514545794717,0.0,0.10601257272897358,0.0,0.0,0.0,wltp_class3b,PPO_seed42
1242,23.9899,-11661.362136162787,0.0,0.0,0.475338828698132,25.03482091705447,-0.021919853639403734,0.0,0.10959926819701866,0.0,0.0,0.0,wltp_class3b,PPO_seed42
1243,24.0009,-12174.418723240287,0.0,0.0,0.4752620667621197,25.03500555769783,-0.02288424572037648,0.0,0.1144212286018824,0.0,0.0,0.0,wltp_class3b,PPO_seed42
1244,24.0277,-12796.682766407208,0.0,0.0,0.4751813809532587,25.03520497460605,-0.02405391497444964,0.0,0.1202695748722482,0.0,0.0,0.0,wltp_class3b,PPO_seed42
1245,24.0717,-13494.019489526863,0.0,0.0,0.4750962976994721,25.035421993600885,-0.02536469828858433,0.0,0.12682349144292165,0.0,0.0,0.0,wltp_class3b,PPO_seed42
1246,24.133,-14219.61436999045,0.0,0.0,0.47500663855298997,25.035658488432247,-0.026728598439831677,0.0,0.13364299219915837,0.0,0.0,0.0,wltp_class3b,PPO_seed42
1247,24.211,-14948.016830254463,0.0,0.0,0.4749123855018974,25.035915730282426,-0.028097775996718918,0.0,0.14048887998359458,0.0,0.0,0.0,wltp_class3b,PPO_seed42
1248,24.3037,-15625.04100384408,0.0,0.0,0.4748138621745872,25.03619338839321,-0.029370377826774586,0.0,0.14685188913387293,0.0,0.0,0.0,wltp_class3b,PPO_seed42
1249,24.4084,-16220.92092988145,0.0,0.0,0.4747115799002941,25.036489998840718,-0.030490452875717014,0.0,0.15245226437858506,0.0,0.0,0.0,wltp_class3b,PPO_seed42
1250,24.5215,-16696.012578180682,0.0,0.0,0.47460630002877263,25.03680253838933,-0.031383482289813316,0.0,0.15691741144906657,0.0,0.0,0.0,wltp_class3b,PPO_seed42
1251,24.6389,-17024.078139641493,0.0,0.0,0.4744989494362017,25.0371267714552,-0.03200014687902537,0.0,0.16000073439512683,0.0,0.0,0.0,wltp_class3b,PPO_seed42
1252,24.7563,-17189.316032946874,0.0,0.0,0.4743905547471753,25.037457627375677,-0.03231074442283247,0.0,0.16155372211416236,0.0,0.0,0.0,wltp_class3b,PPO_seed42
1253,24.8694,-17183.28755992148,0.0,0.0,0.47428219592349236,25.037789557536996,-0.03229941270661932,0.0,0.1614970635330966,0.0,0.0,0.0,wltp_class3b,PPO_seed42
1254,24.974,-17001.642876260972,0.0,0.0,0.47417498048647144,25.03811682657816,-0.03195797533131762,0.0,0.1597898766565881,0.0,0.0,0.0,wltp_class3b,PPO_seed42
1255,25.0668,-16672.912035747926,0.0,0.0,0.4740698361637882,25.03843473045014,-0.03134006021757129,0.0,0.15670030108785646,0.0,0.0,0.0,wltp_class3b,PPO_seed42
1256,25.1447,-16199.55880646103,0.0,0.0,0.4739676752387638,25.038738871602074,-0.030450298508385393,0.0,0.15225149254192696,0.0,0.0,0.0,wltp_class3b,PPO_seed42
1257,25.2061,-15637.820579990064,0.0,0.0,0.4738690554106131,25.039026867483287,-0.02939439958644749,0.0,0.14697199793223745,0.0,0.0,0.0,wltp_class3b,PPO_seed42
1258,25.2501,-15014.529164998308,0.0,0.0,0.4737743651883199,25.039297358457755,-0.028222799182327646,0.0,0.14111399591163823,0.0,0.0,0.0,wltp_class3b,PPO_seed42
1259,25.2769,-14374.224022066948,0.0,0.0,0.47368371218771976,25.039550403072926,-0.02701921808659201,0.0,0.13509609043296003,0.0,0.0,0.0,wltp_class3b,PPO_seed42
1260,25.2879,-13767.200779234146,0.0,0.0,0.47359688679888706,25.03978743545042,-0.025878196953447646,0.0,0.12939098476723823,0.0,0.0,0.0,wltp_class3b,PPO_seed42
1261,25.2855,-13237.033635353466,0.0,0.0,0.47351340455369256,25.040010885579587,-0.024881642171717042,0.0,0.12440821085858521,0.0,0.0,0.0,wltp_class3b,PPO_seed42
1262,25.2728,-12815.95013676419,0.0,0.0,0.4734325776762046,25.04022376572661,-0.024090131836022915,0.0,0.12045065918011456,0.0,0.0,0.0,wltp_class3b,PPO_seed42
1263,25.2537,-12540.569297546626,0.0,0.0,0.4733534873866493,25.040429738011017,-0.023572498679598923,0.0,0.11786249339799461,0.0,0.0,0.0,wltp_class3b,PPO_seed42
1264,25.2324,-12427.741937126613,0.0,0.0,0.47327510857464583,25.0406326839228,-0.023360417175050024,0.0,0.11680208587525012,0.0,0.0,0.0,wltp_class3b,PPO_seed42
1265,25.2133,-12490.385224055666,0.0,0.0,0.47319633461181504,25.04083674053685,-0.02347816771439035,0.0,0.11739083857195175,0.0,0.0,0.0,wltp_class3b,PPO_seed42
1266,25.2006,-12725.525411178285,0.0,0.0,0.4731160775718905,25.041046091021105,-0.023920160547327606,0.0,0.11960080273663802,0.0,0.0,0.0,wltp_class3b,PPO_seed42
1267,25.1982,-13126.2587018315,0.0,0.0,0.4730332930147336,25.04126502961119,-0.02467341861246523,0.0,0.12336709306232614,0.0,0.0,0.0,wltp_class3b,PPO_seed42
1268,25.2092,-13665.651140747279,0.0,0.0,0.47294710630623404,25.04149757658242,-0.025687314174336992,0.0,0.12843657087168495,0.0,0.0,0.0,wltp_class3b,PPO_seed42
1269,25.236,-14320.415287969734,0.0,0.0,0.47285678961818867,25.041747582533553,-0.02691807384956717,0.0,0.13459036924783585,0.0,0.0,0.0,wltp_class3b,PPO_seed42
1270,25.28,-15054.68893684624,0.0,0.0,0.4727618412329051,25.04201833184771,-0.028298287475274887,0.0,0.14149143737637443,0.0,0.0,0.0,wltp_class3b,PPO_seed42
1271,25.3414,-15823.313946054159,0.0,0.0,0.4726620441792111,25.042312101131287,-0.029743071327169475,0.0,0.14871535663584737,0.0,0.0,0.0,wltp_class3b,PPO_seed42
1272,25.4194,-16587.37623808069,0.0,0.0,0.4725574268712545,25.04263009526845,-0.031179278643008818,0.0,0.1558963932150441,0.0,0.0,0.0,wltp_class3b,PPO_seed42
1273,25.5121,-17301.823707807172,0.0,0.0,0.4724483018477675,25.04297201054351,-0.03252222501467514,0.0,0.1626111250733757,0.0,0.0,0.0,wltp_class3b,PPO_seed42
1274,25.6167,-17927.23130259069,0.0,0.0,0.47233523032042346,25.043335977702768,-0.033697803200358444,0.0,0.16848901600179222,0.0,0.0,0.0,wltp_class3b,PPO_seed42
1275,25.7298,-18434.14087211615,0.0,0.0,0.47221895935161085,25.0437187465147,-0.03465064073706044,0.0,0.17325320368530217,0.0,0.0,0.0,wltp_class3b,PPO_seed42
1276,25.8472,-18782.848674843506,0.0,0.0,0.4721004865162794,25.044115265379432,-0.035306106531660726,0.0,0.17653053265830362,0.0,0.0,0.0,wltp_class3b,PPO_seed42
1277,25.9646,-18960.705175248084,0.0,0.0,0.4719808893014966,25.044519659190637,-0.03564042326174452,0.0,0.1782021163087226,0.0,0.0,0.0,wltp_class3b,PPO_seed42
1278,26.0777,-18958.806316984985,0.0,0.0,0.4718613014993343,25.044925501062067,-0.035636853979295086,0.0,0.17818426989647543,0.0,0.0,0.0,wltp_class3b,PPO_seed42
1279,26.1824,-18776.75246829543,0.0,0.0,0.4717428595702732,25.045326290799704,-0.03529464749679592,0.0,0.1764732374839796,0.0,0.0,0.0,wltp_class3b,PPO_seed42
1280,26.2751,-18427.632276854572,0.0,0.0,0.47162661755208446,25.045716112271123,-0.034638406535440924,0.0,0.17319203267720462,0.0,0.0,0.0,wltp_class3b,PPO_seed42
1281,26.3531,-17943.11746803525,0.0,0.0,0.4715134298101311,25.046090404834114,-0.03372766441360009,0.0,0.16863832206800045,0.0,0.0,0.0,wltp_class3b,PPO_seed42
1282,26.4145,-17352.988975611748,0.0,0.0,0.47140396292180464,25.046445918644235,-0.03261840033009727,0.0,0.16309200165048635,0.0,0.0,0.0,wltp_class3b,PPO_seed42
1283,26.4584,-16697.558143318485,0.0,0.0,0.4712986292082022,25.046781004063842,-0.03138638748744076,0.0,0.15693193743720382,0.0,0.0,0.0,wltp_class3b,PPO_seed42
1284,26.4852,-16031.985008512102,0.0,0.0,0.47119749302179037,25.047095916204277,-0.03013531016637613,0.0,0.15067655083188064,0.0,0.0,0.0,wltp_class3b,PPO_seed42
1285,26.4963,-15400.736116100066,0.0,0.0,0.47110033816590074,25.047392251641934,-0.02894875209793246,0.0,0.14474376048966228,0.0,0.0,0.0,wltp_class3b,PPO_seed42
1286,26.4938,-14836.735375194883,0.0,0.0,0.47100674068977605,25.04767243034643,-0.02788860032931369,0.0,0.13944300164656845,0.0,0.0,0.0,wltp_class3b,PPO_seed42
1287,26.4811,-14399.017063054838,0.0,0.0,0.47091590416334866,25.047940300117993,-0.02706582154709556,0.0,0.1353291077354778,0.0,0.0,0.0,wltp_class3b,PPO_seed42
1288,26.462,-14109.508088115588,0.0,0.0,0.4708268937582477,25.04820003241133,-0.026521631744578174,0.0,0.13260815872289086,0.0,0.0,0.0,wltp_class3b,PPO_seed42
1289,26.4407,-13990.206895452411,0.0,0.0,0.4707386358019863,25.04845619590236,-0.026297381382429347,0.0,0.13148690691214673,0.0,0.0,0.0,wltp_class3b,PPO_seed42
1290,26.4216,-14054.889693537683,0.0,0.0,0.47064996965062866,25.04871367409734,-0.02641896558935655,0.0,0.13209482794678273,0.0,0.0,0.0,wltp_class3b,PPO_seed42
1291,26.4089,-14300.666653455633,0.0,0.0,0.4705597528269996,25.048977404568607,-0.026880952356119616,0.0,0.13440476178059807,0.0,0.0,0.0,wltp_class3b,PPO_seed42
1292,26.4065,-14720.496517868114,0.0,0.0,0.47046688720841223,25.049252442755304,-0.027670106236594202,0.0,0.138350531182971,0.0,0.0,0.0,wltp_class3b,PPO_seed42
1293,26.4175,-15286.281271137495,0.0,0.0,0.47037045185888815,25.04954349978823,-0.028733611411912587,0.0,0.14366805705956293,0.0,0.0,0.0,wltp_class3b,PPO_seed42
1294,26.4444,-15977.93901669645,0.0,0.0,0.4702696524569028,25.049855192433785,-0.03003371995619633,0.0,0.15016859978098165,0.0,0.0,0.0,wltp_class3b,PPO_seed42
1295,26.4883,-16740.9991081069,0.0,0.0,0.470164038239107,25.05019093452988,-0.031468043436291164,0.0,0.1573402171814558,0.0,0.0,0.0,wltp_class3b,PPO_seed42
1296,26.5497,-17553.20859908192,0.0,0.0,0.470053298765249,25.05055372610204,-0.03299475300579309,0.0,0.16497376502896544,0.0,0.0,0.0,wltp_class3b,PPO_seed42
1297,26.6277,-18357.081870567636,0.0,0.0,0.4699374862037564,25.050944796508738,-0.034505792989788786,0.0,0.17252896494894393,0.0,0.0,0.0,wltp_class3b,PPO_seed42
1298,26.7204,-19109.425384206963,0.0,0.0,0.4698169252051149,25.05136375785185,-0.03591997252670482,0.0,0.1795998626335241,0.0,0.0,0.0,wltp_class3b,PPO_seed42
1299,26.8251,-19773.15874814575,0.0,0.0,0.46969217437546673,25.051808583645354,-0.03716759163185292,0.0,0.18583795815926457,0.0,0.0,0.0,wltp_class3b,PPO_seed42
1300,26.9381,-20300.148724685972,0.0,0.0,0.4695640960558307,25.052275017039523,-0.03815817429452251,0.0,0.19079087147261253,0.0,0.0,0.0,wltp_class3b,PPO_seed42
1301,27.0556,-20678.662596869144,0.0,0.0,0.46943362671753175,25.052757877343243,-0.03886966653546832,0.0,0.19434833267734158,0.0,0.0,0.0,wltp_class3b,PPO_seed42
1302,27.0207,-14216.400118570125,0.0,0.0,0.4693439281269942,25.0530280057148,-0.026722556613853622,0.0,0.1336127830692681,0.0,0.0,0.0,wltp_class3b,PPO_seed42
1303,26.9816,-13986.16579708493,0.0,0.0,0.4692556822168337,25.053291312435572,-0.02628978533286641,0.0,0.13144892666433206,0.0,0.0,0.0,wltp_class3b,PPO_seed42
1304,26.934,-13564.861389317193,0.0,0.0,0.4691700946001787,25.05354287120268,-0.02549785975435563,0.0,0.12748929877177814,0.0,0.0,0.0,wltp_class3b,PPO_seed42
1305,26.8745,-12987.00158238086,0.0,0.0,0.469088153165015,25.053779000701464,-0.02441165710973846,0.0,0.1220582855486923,0.0,0.0,0.0,wltp_class3b,PPO_seed42
1306,26.8003,-12275.767892193075,0.0,0.0,0.4690106995553846,25.05399702688196,-0.023074751677054653,0.0,0.11537375838527326,0.0,0.0,0.0,wltp_class3b,PPO_seed42
1307,26.7095,-11468.437004729,0.0,0.0,0.4689383402164469,25.054195590843346,-0.021557212414904135,0.0,0.10778606207452067,0.0,0.0,0.0,wltp_class3b,PPO_seed42
1308,26.6012,-10607.798300109996,0.0,0.0,0.46887141159219436,25.05437461652918,-0.019939470488928565,0.0,0.09969735244464283,0.0,0.0,0.0,wltp_class3b,PPO_seed42
1309,26.4758,-9750.27902979755,0.0,0.0,0.4688098940675812,25.054535329414875,-0.018327592161273592,0.0,0.09163796080636795,0.0,0.0,0.0,wltp_class3b,PPO_seed42
1310,26.3346,-8935.967007614907,0.0,0.0,0.4687535150583177,25.054679637117584,-0.016796930465441555,0.0,0.08398465232720777,0.0,0.0,0.0,wltp_class3b,PPO_seed42
1311,26.1799,-8209.070913808324,0.0,0.0,0.4687017230231411,25.054809966429847,-0.015430584424451738,0.0,0.07715292212225869,0.0,0.0,0.0,wltp_class3b,PPO_seed42
1312,26.015,-7613.3912491574965,0.0,0.0,0.46865369006021024,25.054929059303667,-0.014310885806687025,0.0,0.07155442903343512,0.0,0.0,0.0,wltp_class3b,PPO_seed42
1313,25.8437,-7171.447045757088,0.0,0.0,0.46860844619722164,25.055039575421645,-0.01348016361984415,0.0,0.06740081809922074,0.0,0.0,0.0,wltp_class3b,PPO_seed42
1314,25.6702,-6901.0155375661125,0.0,0.0,0.4685649093287497,25.05514407982987,-0.012971833717229535,0.0,0.06485916858614767,0.0,0.0,0.0,wltp_class3b,PPO_seed42
1315,25.4989,-6811.262802906072,0.0,0.0,0.4685219395581185,25.055245052013227,-0.012803125569372315,0.0,0.06401562784686157,0.0,0.0,0.0,wltp_class3b,PPO_seed42
1316,25.3339,-6890.952386134696,0.0,0.0,0.46847846791515274,25.055344789060257,-0.01295291801905018,0.0,0.0647645900952509,0.0,0.0,0.0,wltp_class3b,PPO_seed42
1317,25.1793,-7141.026328787601,0.0,0.0,0.46843341952374606,25.055445726123864,-0.013422981821029327,0.0,0.06711490910514663,0.0,0.0,0.0,wltp_class3b,PPO_seed42
1318,25.0381,-7518.856678456769,0.0,0.0,0.4683859884458918,25.055549973766226,-0.014133189245219491,0.0,0.07066594622609745,0.0,0.0,0.0,wltp_class3b,PPO_seed42
1319,24.9127,-8002.060118997466,0.0,0.0,0.46833550995194445,25.055659603344896,-0.015041466389092982,0.0,0.0752073319454649,0.0,0.0,0.0,wltp_class3b,PPO_seed42
1320,24.8044,-8548.81258719093,0.0,0.0,0.4682815831385449,25.055776312610583,-0.016069196592464155,0.0,0.08034598296232077,0.0,0.0,0.0,wltp_class3b,PPO_seed42
1321,24.7136,-9125.166966472038,0.0,0.0,0.46822402122528667,25.055901411440132,-0.017152569485849697,0.0,0.08576284742924847,0.0,0.0,0.0,wltp_class3b,PPO_seed42
1322,24.6394,-9681.143058464635,0.0,0.0,0.4681629526838873,25.05603537901245,-0.018197637327941045,0.0,0.09098818663970522,0.0,0.0,0.0,wltp_class3b,PPO_seed42
1323,24.5798,-10173.710086623965,0.0,0.0,0.4680987774026142,25.056177776834247,-0.01912351520042099,0.0,0.09561757600210494,0.0,0.0,0.0,wltp_class3b,PPO_seed42
1324,24.5323,-10582.26785033772,0.0,0.0,0.46803202520543885,25.056327544143844,-0.019891480921687445,0.0,0.09945740460843722,0.0,0.0,0.0,wltp_class3b,PPO_seed42
1325,24.4931,-10854.010161340377,0.0,0.0,0.46796355901626374,25.056482299185888,-0.02040227473936161,0.0,0.10201137369680806,0.0,0.0,0.0,wltp_class3b,PPO_seed42
1326,24.4583,-10981.578257695235,0.0,0.0,0.4678942882002075,25.056639248965745,-0.020642064394163977,0.0,0.10321032197081988,0.0,0.0,0.0,wltp_class3b,PPO_seed42
1327,24.4235,-10941.608828270977,0.0,0.0,0.46782526952806924,25.05679496396368,-0.0205669338877274,0.0,0.102834669438637,0.0,0.0,0.0,wltp_class3b,PPO_seed42
1328,24.3844,-10733.720153810813,0.0,0.0,0.4677575622188916,25.05694599572721,-0.020176165702651905,0.0,0.10088082851325952,0.0,0.0,0.0,wltp_class3b,PPO_seed42
1329,24.3368,-10357.909032730066,0.0,0.0,0.46769222554929707,25.05708904780405,-0.019469753820921178,0.0,0.09734876910460588,0.0,0.0,0.0,wltp_class3b,PPO_seed42
1330,24.2773,-9842.037853727923,0.0,0.0,0.4676301430712913,25.05722165975549,-0.018500071153623916,0.0,0.09250035576811957,0.0,0.0,0.0,wltp_class3b,PPO_seed42
1331,24.2031,-9207.49672376884,0.0,0.0,0.4675720634205844,25.057342123029517,-0.01730732466873842,0.0,0.08653662334369211,0.0,0.0,0.0,wltp_class3b,PPO_seed42
1332,24.1122,-8484.483117418153,0.0,0.0,0.46751854474430726,25.057449618964785,-0.015948276536500286,0.0,0.07974138268250143,0.0,0.0,0.0,wltp_class3b,PPO_seed42
1333,24.004,-7727.209307950388,0.0,0.0,0.4674698032060577,25.057544472239815,-0.014524829526222536,0.0,0.07262414763111268,0.0,0.0,0.0,wltp_class3b,PPO_seed42
1334,23.8786,-6963.942314337857,0.0,0.0,0.46742587663437357,25.05762753054189,-0.013090117132214016,0.0,0.06545058566107008,0.0,0.0,0.0,wltp_class3b,PPO_seed42
1335,23.7374,-6245.833941102451,0.0,0.0,0.46738648017476014,25.05770028278734,-0.011740289362974533,0.0,0.05870144681487266,0.0,0.0,0.0,wltp_class3b,PPO_seed42
1336,23.5827,-5608.73518909472,0.0,0.0,0.4673511028131652,25.057764438079293,-0.010542735317847218,0.0,0.05271367658923609,0.0,0.0,0.0,wltp_class3b,PPO_seed42
1337,23.4178,-5091.6045397335965,0.0,0.0,0.4673189877939368,25.057821819251192,-0.009570685225063151,0.0,0.047853426125315755,0.0,0.0,0.0,wltp_class3b,PPO_seed42
1338,23.2465,-4714.043300734754,0.0,0.0,0.46728925473567307,25.057874110832493,-0.008860983647997657,0.0,0.044304918239988285,0.0,0.0,0.0,wltp_class3b,PPO_seed42
1339,23.073,-4491.248052621189,0.0,0.0,0.46726092743105807,25.05792286813834,-0.008442195587633814,0.0,0.042210977938169074,0.0,0.0,0.0,wltp_class3b,PPO_seed42
1340,22.9016,-4426.950913635881,0.0,0.0,0.4672330061680462,25.05796952275657,-0.008321336303826844,0.0,0.04160668151913422,0.0,0.0,0.0,wltp_class3b,PPO_seed42
1341,22.7367,-4524.704699985913,0.0,0.0,0.4672044688652718,25.0580155167757,-0.008505084022529912,0.0,0.04252542011264956,0.0,0.0,0.0,wltp_class3b,PPO_seed42
1342,22.5821,-4763.0456634289085,0.0,0.0,0.46717442884766797,25.05806222253432,-0.008953093352309979,0.0,0.04476546676154989,0.0,0.0,0.0,wltp_class3b,PPO_seed42
1343,22.4409,-5117.437473283027,0.0,0.0,0.4671421542108686,25.05811099005421,-0.00961924337083276,0.0,0.04809621685416379,0.0,0.0,0.0,wltp_class3b,PPO_seed42
1344,22.3155,-5563.91840854818,0.0,0.0,0.4671070641813009,25.058163167396394,-0.010458493249150715,0.0,0.05229246624575357,0.0,0.0,0.0,wltp_class3b,PPO_seed42
1345,22.2072,-6064.883762293642,0.0,0.0,0.46706881514273435,25.05821991265197,-0.01140015744792038,0.0,0.0570007872396019,0.0,0.0,0.0,wltp_class3b,PPO_seed42
1346,22.1164,-6589.987707253756,0.0,0.0,0.4670272548442572,25.058282159986337,-0.01238719493844691,0.0,0.061935974692234545,0.0,0.0,0.0,wltp_class3b,PPO_seed42
1347,22.0421,-7091.219610506212,0.0,0.0,0.4669825337974976,25.058350261669634,-0.013329360170124462,0.0,0.0666468008506223,0.0,0.0,0.0,wltp_class3b,PPO_seed42
1348,21.9826,-7544.424923304111,0.0,0.0,0.46693495482802355,25.05842414052435,-0.014181249855834797,0.0,0.07090624927917398,0.0,0.0,0.0,wltp_class3b,PPO_seed42
1349,21.9351,-7910.765492255049,0.0,0.0,0.46688506568317917,25.058502991958164,-0.014869859947847836,0.0,0.07434929973923918,0.0,0.0,0.0,wltp_class3b,PPO_seed42
1350,21.8959,-8157.284305374728,0.0,0.0,0.46683362195375766,25.058585293340244,-0.015333241175516408,0.0,0.07666620587758204,0.0,0.0,0.0,wltp_class3b,PPO_seed42
1351,21.8611,-8274.440823516725,0.0,0.0,0.466781439411378,25.05866917360825,-0.01555346019458031,0.0,0.07776730097290155,0.0,0.0,0.0,wltp_class3b,PPO_seed42
1352,21.8263,-8241.825148856624,0.0,0.0,0.4667294625635274,25.058752324970797,-0.015492152535444781,0.0,0.0774607626772239,0.0,0.0,0.0,wltp_class3b,PPO_seed42
1353,21.7872,-8059.558072869013,0.0,0.0,0.4666786351833867,25.058832436337987,-0.015149545249753786,0.0,0.07574772624876892,0.0,0.0,0.0,wltp_class3b,PPO_seed42
1354,21.7396,-7728.111389802863,0.0,0.0,0.4666298980938856,25.05890732767598,-0.014526525168802377,0.0,0.07263262584401188,0.0,0.0,0.0,wltp_class3b,PPO_seed42
1355,21.6801,-7272.81777789442,0.0,0.0,0.4665840323763869,25.058975420737926,-0.013670710108824098,0.0,0.06835355054412048,0.0,0.0,0.0,wltp_class3b,PPO_seed42
1356,21.6058,-6709.762852445349,0.0,0.0,0.466541717673336,25.05903564100432,-0.012612336188807048,0.0,0.06306168094403523,0.0,0.0,0.0,wltp_class3b,PPO_seed42
1357,21.515,-6079.985600298685,0.0,0.0,0.4665033748095568,25.059087714917244,-0.011428544361463695,0.0,0.05714272180731847,0.0,0.0,0.0,wltp_class3b,PPO_seed42
1358,21.4067,-5408.335695986328,0.0,0.0,0.4664692678775337,25.059131855879844,-0.010166044541327683,0.0,0.050830222706638416,0.0,0.0,0.0,wltp_class3b,PPO_seed42
1359,21.2813,-4743.81859153725,0.0,0.0,0.46643935189859803,25.059168876123067,-0.008916952239731673,0.0,0.04458476119865836,0.0,0.0,0.0,wltp_class3b,PPO_seed42
1360,21.1401,-4118.568776454675,0.0,0.0,0.46641337921959375,25.059199821156437,-0.007741670632433599,0.0,0.038708353162167995,0.0,0.0,0.0,wltp_class3b,PPO_seed42
1361,20.9855,-3570.934875205881,0.0,0.0,0.4663908603353761,25.059225871584893,-0.006712283600011054,0.0,0.03356141800005527,0.0,0.0,0.0,wltp_class3b,PPO_seed42
1362,20.8206,-3125.1781756938612,0.0,0.0,0.4663711527413602,25.05924813221196,-0.005874395067093724,0.0,0.02937197533546862,0.0,0.0,0.0,wltp_class3b,PPO_seed42
1363,20.6493,-2807.9374687943277,0.0,0.0,0.4663534459574024,25.059267616408736,-0.005278077948861519,0.0,0.02639038974430759,0.0,0.0,0.0,wltp_class3b,PPO_seed42
1364,20.4757,-2625.4167947547026,0.0,0.0,0.46633689040404347,25.0592851646532,-0.004934993975102824,0.0,0.02467496987551412,0.0,0.0,0.0,wltp_class3b,PPO_seed42
1365,20.3044,-2592.985378702396,0.0,0.0,0.46632053961706055,25.05930157952073,-0.004874032666733827,0.0,0.024370163333669134,0.0,0.0,0.0,wltp_class3b,PPO_seed42
1366,20.1395,-2693.724033887784,0.0,0.0,0.46630355385497657,25.05931757535417,-0.005063391041142452,0.0,0.02531695520571226,0.0,0.0,0.0,wltp_class3b,PPO_seed42
1367,19.9849,-2920.6064603551963,0.0,0.0,0.4662851377107466,25.059333924179196,-0.005489861767584956,0.0,0.027449308837924777,0.0,0.0,0.0,wltp_class3b,PPO_seed42
1368,19.8437,-3248.2111288703954,0.0,0.0,0.4662646560950589,25.059351420163935,-0.006105660016673676,0.0,0.03052830008336838,0.0,0.0,0.0,wltp_class3b,PPO_seed42
1369,19.7183,-3654.995659206272,0.0,0.0,0.4662416097623897,25.05937090582721,-0.006870292592492992,0.0,0.03435146296246496,0.0,0.0,0.0,wltp_class3b,PPO_seed42
1370,19.61,-4107.605530620964,0.0,0.0,0.46621570977881693,25.059393151603118,-0.007721063027483015,0.0,0.038605315137415074,0.0,0.0,0.0,wltp_class3b,PPO_seed42
1371,19.5192,-4579.30569127169,0.0,0.0,0.4661868357732094,25.05941881281828,-0.00860771746479641,0.0,0.04303858732398205,0.0,0.0,0.0,wltp_class3b,PPO_seed42
1372,19.4449,-5027.974576322731,0.0,0.0,0.4661551329482321,25.05944818813103,-0.009451080030681826,0.0,0.04725540015340913,0.0,0.0,0.0,wltp_class3b,PPO_seed42
1373,19.3854,-5432.640370532942,0.0,0.0,0.46612087872508473,25.059481290667588,-0.010211730019798764,0.0,0.05105865009899382,0.0,0.0,0.0,wltp_class3b,PPO_seed42
1374,19.3378,-5756.379082525849,0.0,0.0,0.4660845833303288,25.059517615093217,-0.010820261433319267,0.0,0.05410130716659633,0.0,0.0,0.0,wltp_class3b,PPO_seed42
1375,19.2987,-5982.828487177242,0.0,0.0,0.4660468601573805,25.059556304097562,-0.011245918208979779,0.0,0.05622959104489889,0.0,0.0,0.0,wltp_class3b,PPO_seed42
1376,19.2639,-6085.746114379894,0.0,0.0,0.46600848807181894,25.059596052988205,-0.011439372395450929,0.0,0.05719686197725464,0.0,0.0,0.0,wltp_class3b,PPO_seed42
1377,19.2291,-6059.6589017569395,0.0,0.0,0.46597028046350925,25.059635400844186,-0.011390336281498006,0.0,0.05695168140749003,0.0,0.0,0.0,wltp_class3b,PPO_seed42
1378,19.1899,-5899.027147874498,0.0,0.0,0.4659330856695105,25.059672823258776,-0.011088396894500937,0.0,0.05544198447250468,0.0,0.0,0.0,wltp_class3b,PPO_seed42
1379,19.1424,-5616.852768632174,0.0,0.0,0.46589767006367677,25.059707037148563,-0.010557993926000327,0.0,0.05278996963000163,0.0,0.0,0.0,wltp_class3b,PPO_seed42
1380,19.0829,-5217.747956310387,0.0,0.0,0.465864770949044,25.05973698315635,-0.009807796910357871,0.0,0.04903898455178935,0.0,0.0,0.0,wltp_class3b,PPO_seed42
1381,19.0086,-4728.288791000714,0.0,0.0,0.46583495806249414,25.05976209028278,-0.008887760885339688,0.0,0.04443880442669844,0.0,0.0,0.0,wltp_class3b,PPO_seed42
1382,18.9178,-4181.972153370927,0.0,0.0,0.46580858992773444,25.059782294169548,-0.007860849912351368,0.0,0.039304249561756835,0.0,0.0,0.0,wltp_class3b,PPO_seed42
1383,18.8095,-3600.9622288189034,0.0,0.0,0.4657858853027449,25.059797854311,-0.006768725994020496,0.0,0.03384362997010248,0.0,0.0,0.0,wltp_class3b,PPO_seed42
1384,18.6841,-3028.483442813888,0.0,0.0,0.46576679038952906,25.05980939186641,-0.005692638050402045,0.0,0.028463190252010225,0.0,0.0,0.0,wltp_class3b,PPO_seed42
1385,18.5429,-2492.73994469911,0.0,0.0,0.46575107354213374,25.059817639809896,-0.004685601399810357,0.0,0.023428006999051783,0.0,0.0,0.0,wltp_class3b,PPO_seed42
1386,18.3883,-2027.1437424607032,0.0,0.0,0.4657382924394544,25.059823357525993,-0.0038104205685351566,0.0,0.01905210284267578,0.0,0.0,0.0,wltp_class3b,PPO_seed42
1387,18.2234,-1652.518758468328,0.0,0.0,0.4657278734654287,25.05982719840025,-0.0031062382677976095,0.0,0.015531191338988046,0.0,0.0,0.0,wltp_class3b,PPO_seed42
1388,18.052,-1388.6821641268182,0.0,0.0,0.46571911806909994,25.059829690384724,-0.0026103048197872523,0.0,0.01305152409893626,0.0,0.0,0.0,wltp_class3b,PPO_seed42
1389,17.8785,-1251.6251451912153,0.0,0.0,0.4657112268986831,25.059831250514918,-0.00235267884434439,0.0,0.011763394221721948,0.0,0.0,0.0,wltp_class3b,PPO_seed42
1390,17.7072,-1236.9824773565927,0.0,0.0,0.4657034281509213,25.05983220442216,-0.002325155032625174,0.0,0.01162577516312587,0.0,0.0,0.0,wltp_class3b,PPO_seed42
1391,17.5423,-1340.3578181592188,0.0,0.0,0.4656949777670133,25.059832871361326,-0.0025194695830060504,0.0,0.012597347915030251,0.0,0.0,0.0,wltp_class3b,PPO_seed42
1392,17.3876,-1549.3662262074897,0.0,0.0,0.46568520979323735,25.059833615946342,-0.0029123425304652065,0.0,0.014561712652326031,0.0,0.0,0.0,wltp_class3b,PPO_seed42
1393,17.2464,-1849.53866485284,0.0,0.0,0.46567354951195894,25.059834886759585,-0.003476576437693308,0.0,0.01738288218846654,0.0,0.0,0.0,wltp_class3b,PPO_seed42
1394,17.121,-2213.6511904164026,0.0,0.0,0.46565959384375183,25.0598371793766,-0.004160998478226321,0.0,0.020804992391131604,0.0,0.0,0.0,wltp_class3b,PPO_seed42
1395,17.0128,-2618.030929158477,0.0,0.0,0.4656430889492264,25.059841006166316,-0.004921110769094882,0.0,0.024605553845474408,0.0,0.0,0.0,wltp_class3b,PPO_seed42
1396,16.9219,-3028.8437516734534,0.0,0.0,0.46562399428069956,25.059846776149236,-0.005693315322694462,0.0,0.028466576613472308,0.0,0.0,0.0,wltp_class3b,PPO_seed42
1397,16.8477,-3428.492092736343,0.0,0.0,0.4656023802180772,25.059854794682398,-0.0064445340089029,0.0,0.0322226700445145,0.0,0.0,0.0,wltp_class3b,PPO_seed42
1398,16.7882,-3780.586554184929,0.0,0.0,0.46557854653689396,25.05986507406106,-0.007106365703355129,0.0,0.035531828516775645,0.0,0.0,0.0,wltp_class3b,PPO_seed42
1399,16.7406,-4064.099122295549,0.0,0.0,0.4655529255701212,25.059877360162822,-0.007639284064465318,0.0,0.03819642032232659,0.0,0.0,0.0,wltp_class3b,PPO_seed42
1400,16.7015,-4262.641259289446,0.0,0.0,0.4655260529656763,25.059891145434563,-0.008012483570092944,0.0,0.040062417850464715,0.0,0.0,0.0,wltp_class3b,PPO_seed42
1401,16.6667,-4353.900731714636,0.0,0.0,0.46549860503669876,25.059905630504886,-0.00818402393179443,0.0,0.040920119658972146,0.0,0.0,0.0,wltp_class3b,PPO_seed42
1402,16.5193,-1374.5987465113742,0.0,0.0,0.4654899392650293,25.05990387276484,-0.0025838322302845383,0.0,0.01291916115142269,0.0,0.0,0.0,wltp_class3b,PPO_seed42
1403,16.3676,-1204.646865725825,0.0,0.0,0.4654823449817419,25.059901349140542,-0.00226437380775531,0.0,0.01132186903877655,0.0,0.0,0.0,wltp_class3b,PPO_seed42
1404,16.2075,-931.5565551399641,0.0,0.0,0.46547647236178974,25.059897924110356,-0.0017510461562781278,0.0,0.008755230781390639,0.0,0.0,0.0,wltp_class3b,PPO_seed42
1405,16.0354,-570.1984609945771,0.0,0.0,0.4654728778155023,25.05989362887784,-0.0010718016184108592,0.0,0.005359008092054296,0.0,0.0,0.0,wltp_class3b,PPO_seed42
1406,15.8486,-145.84097159054704,0.0,0.0,0.4654719584407569,25.059888675996355,-0.0002741371646438854,0.0,0.001370685823219427,0.0,0.0,0.0,wltp_class3b,PPO_seed42
1407,15.6452,229.4997753009144,0.0,0.0,0.46547340517844155,25.05988336650041,0.012420596861774299,0.0,0.0021569527753845337,0.009179991012036575,0.0,0.0,wltp_class3b,PPO_seed42
1408,15.4244,571.4934185085402,0.0,0.0,0.4654770077522445,25.059877921489615,0.03092939568740205,0.0,0.005371178745381017,0.02285973674034161,0.0,0.0,wltp_class3b,PPO_seed42
1409,15.1864,901.9033262432052,0.0,0.0,0.46548269307916224,25.059872539874632,0.04881127926540294,0.0,0.008476535021082756,0.03607613304972821,0.0,0.0,wltp_class3b,PPO_seed42
1410,14.9326,1199.2355385993965,0.0,0.0,0.4654902525857184,25.059867352929384,0.06490298802134177,0.0,0.011271010701122148,0.04796942154397586,0.0,0.0,wltp_class3b,PPO_seed42
1411,14.6654,1446.8069448341998,0.0,0.0,0.46549937254309265,25.059862394867206,0.07830162698433511,0.0,0.013597809631900375,0.057872277793367996,0.0,0.0,wltp_class3b,PPO_seed42
1412,14.388,1632.7305864501154,0.0,0.0,0.4655096643081083,25.05985759847783,0.08836387038547315,0.0,0.015345212278666498,0.06530922345800462,0.0,0.0,wltp_class3b,PPO_seed42
1413,14.1041,1751.32391169447,0.0,0.0,0.46552070343844126,25.059852818034557,0.09478217681486312,0.0,0.016459811200135996,0.0700529564677788,0.0,0.0,wltp_class3b,PPO_seed42
1414,13.818,1796.4165068894504,0.0,0.0,0.4655320266211464,25.0598478462334,0.09722260162849823,0.0,0.016883613786554983,0.07185666027557802,0.0,0.0,wltp_class3b,PPO_seed42
1415,13.5341,1770.4987887251382,0.0,0.0,0.4655431862656335,25.059842469491034,0.09581992692664319,0.0,0.016640026209822727,0.07081995154900553,0.0,0.0,wltp_class3b,PPO_seed42
1416,13.2566,1680.7530101158268,0.0,0.0,0.4655537800743349,25.059836510470056,0.09096285839709564,0.0,0.01579655084695326,0.06723012040463307,0.0,0.0,wltp_class3b,PPO_seed42
1417,12.9894,1535.4615878016332,0.0,0.0,0.4655634579721394,25.059829849983426,0.08309964292478313,0.0,0.014431029960541665,0.06141846351206533,0.0,0.0,wltp_class3b,PPO_seed42
1418,12.7357,1347.9753062300663,0.0,0.0,0.4655719540459264,25.059822449012636,0.07295282897927832,0.0,0.012668940848026939,0.053919012249202654,0.0,0.0,wltp_class3b,PPO_seed42
1419,12.4977,1134.690477818948,0.0,0.0,0.4655791057326265,25.059814347645478,0.06140978991985554,0.0,0.010664384190027706,0.04538761911275792,0.0,0.0,wltp_class3b,PPO_seed42
1420,12.2769,906.4744873184441,0.0,0.0,0.465584818964875,25.059805633846466,0.04905867187758015,0.0,0.008519497061263571,0.036258979492737764,0.0,0.0,wltp_class3b,PPO_seed42
1421,12.0735,681.3963076130021,0.0,0.0,0.46558911355569765,25.059796435550123,0.036877373099236006,0.0,0.006404100635460546,0.027255852304520087,0.0,0.0,wltp_class3b,PPO_seed42
1422,11.8867,472.30171039030324,0.0,0.0,0.4655920902739841,25.05978688493577,0.025561110611950395,0.0,0.004438925849532926,0.01889206841561213,0.0,0.0,wltp_class3b,PPO_seed42
1423,11.7146,292.6688211034808,0.0,0.0,0.46559393482773986,25.059777099215506,0.015839324618818457,0.0,0.0027506468148823385,0.011706752844139232,0.0,0.0,wltp_class3b,PPO_seed42
1424,11.5545,151.53675062362439,0.0,0.0,0.46559488988597,25.059767164640164,0.008201214518713145,0.0,0.0014242175810491014,0.006061470024944975,0.0,0.0,wltp_class3b,PPO_seed42
1425,11.4028,59.02361618527873,0.0,0.0,0.4655952618791938,25.05975713434437,0.003194375859410799,0.0,0.0005547332348240483,0.0023609446474111492,0.0,0.0,wltp_class3b,PPO_seed42
1426,11.2554,19.913897133640322,0.0,0.0,0.46559538738477435,25.05974703288203,0.0010777461020146093,0.0,0.00018716068734624363,0.0007965558853456129,0.0,0.0,wltp_class3b,PPO_seed42
1427,11.108,35.10104045641574,0.0,0.0,0.46559560860481614,25.05973687012399,0.0018996788662051162,0.0,0.0003298969967708246,0.0014040416182566295,0.0,0.0,wltp_class3b,PPO_seed42
1428,10.9563,102.85894265641134,0.0,0.0,0.4655962568574528,25.05972665783012,0.005566756911585329,0.0,0.0009667193858685277,0.004114357706256453,0.0,0.0,wltp_class3b,PPO_seed42
1429,10.7962,218.78902040482083,0.0,0.0,0.4655976357343279,25.059716424161778,0.011840927585518048,0.0,0.002056287785759594,0.008751560816192834,0.0,0.0,wltp_class3b,PPO_seed42
1430,10.6241,374.61259223146754,0.0,0.0,0.4655999966472209,25.059706221573926,0.020274146157008295,0.0,0.003520795039769432,0.014984503689258702,0.0,0.0,wltp_class3b,PPO_seed42
1431,10.4373,557.1897442936587,0.0,0.0,0.46560350819172003,25.059696122874044,0.030155276537035754,0.0,0.005236745717045664,0.022287589771746347,0.0,0.0,wltp_class3b,PPO_seed42
1432,10.2339,754.7533723330687,0.0,0.0,0.46560826480013945,25.059686211376857,0.040847479504161115,0.0,0.007093546732453653,0.030190134893322746,0.0,0.0,wltp_class3b,PPO_seed42
1433,10.0131,952.4900537352722,0.0,0.0,0.4656142675445531,25.05967656048175,0.05154904817132699,0.0,0.00895197418924128,0.03809960214941089,0.0,0.0,wltp_class3b,PPO_seed42
1434,9.7752,1136.48916274649,0.0,0.0,0.4656214298289418,25.059667214332457,0.061507135289091984,0.0,0.010681289123557236,0.0454595665098596,0.0,0.0,wltp_class3b,PPO_seed42
1435,9.5214,1296.2119165116178,0.0,0.0,0.4656295986419213,25.059658177754383,0.07015137875977914,0.0,0.01218244282435731,0.051848476660464715,0.0,0.0,wltp_class3b,PPO_seed42
1436,9.2542,1418.3102466077335,0.0,0.0,0.46563853685550355,25.059649398648585,0.07675937710588318,0.0,0.013329983520749374,0.05673240986430934,0.0,0.0,wltp_class3b,PPO_seed42
1437,8.9767,1498.495087851368,0.0,0.0,0.4656479803184212,25.05964078789407,0.08109900482973043,0.0,0.014083600449730902,0.05993980351405472,0.0,0.0,wltp_class3b,PPO_seed42
1438,8.6928,1531.8102571087256,0.0,0.0,0.4656576336536084,25.059632223923348,0.0829020318095384,0.0,0.01439671294275118,0.06127241028434902,0.0,0.0,wltp_class3b,PPO_seed42
1439,8.4067,1519.460036035484,0.0,0.0,0.4656672090819919,25.05962358061614,0.08223363413070235,0.0,0.014280639436423723,0.06077840144141936,0.0,0.0,wltp_class3b,PPO_seed42
1440,8.1229,1463.3165788912697,0.0,0.0,0.46567643063077646,25.059614740738155,0.07919513334480721,0.0,0.013752975365519452,0.05853266315565079,0.0,0.0,wltp_class3b,PPO_seed42
1441,7.8454,1372.6354475324777,0.0,0.0,0.4656850806608849,25.059605625211773,0.07428744324314866,0.0,0.012900709093350353,0.0549054179012991,0.0,0.0,wltp_class3b,PPO_seed42
1442,7.5782,1251.6399939161552,0.0,0.0,0.46569296815249434,25.059596182547722,0.06773913290382319,0.0,0.011763533777407473,0.050065599756646206,0.0,0.0,wltp_class3b,PPO_seed42
1443,7.3244,1111.4845602525497,0.0,0.0,0.4656999723801953,25.059586405091764,0.060153878681938736,0.0,0.010446283461020204,0.044459382410101986,0.0,0.0,wltp_class3b,PPO_seed42
1444,7.0864,960.2208233490674,0.0,0.0,0.4657060233582751,25.05957631443258,0.051967439747869076,0.0,0.00902463179839349,0.038408832933962696,0.0,0.0,wltp_class3b,PPO_seed42
1445,6.8656,806.9661292109737,0.0,0.0,0.46571110855438824,25.059565954892484,0.043673249609478104,0.0,0.0075842681316820836,0.032278645168438945,0.0,0.0,wltp_class3b,PPO_seed42
1446,6.6622,660.9598653829954,0.0,0.0,0.4657152736571903,25.0595553833184,0.035771346699449626,0.0,0.006212028809990559,0.026438394615319816,0.0,0.0,wltp_class3b,PPO_seed42
1447,6.4754,528.7410981815831,0.0,0.0,0.4657186055591681,25.059544656374577,0.02861562725346643,0.0,0.0049693712235111195,0.021149643927263324,0.0,0.0,wltp_class3b,PPO_seed42
1448,6.3034,416.05659307338124,0.0,0.0,0.4657212273637266,25.05953382426237,0.02251710794693382,0.0,0.003910306325877643,0.01664226372293525,0.0,0.0,wltp_class3b,PPO_seed42
1449,6.1432,329.4618607420416,0.0,0.0,0.4657233034816614,25.05952292821095,0.017830574989633197,0.0,0.0030964460596056543,0.013178474429681664,0.0,0.0,wltp_class3b,PPO_seed42
1450,5.9915,268.94023461114784,0.0,0.0,0.4657249982166024,25.059511996156953,0.014555126381436407,0.0,0.0025276337839393592,0.010757609384445914,0.0,0.0,wltp_class3b,PPO_seed42
1451,5.8442,237.8267077059416,0.0,0.0,0.4657264968861334,25.059501048226068,0.012871252947874945,0.0,0.002235213418288925,0.009513068308237664,0.0,0.0,wltp_class3b,PPO_seed42
1452,5.6968,236.55494934775913,0.0,0.0,0.4657279875393229,25.05949009926457,0.012802425003046392,0.0,0.0022232608021405934,0.009462197973910366,0.0,0.0,wltp_class3b,PPO_seed42
1453,5.5451,260.9505746892534,0.0,0.0,0.465729631919286,25.059479161613808,0.01412272358355824,0.0,0.00245254299519975,0.010438022987570137,0.0,0.0,wltp_class3b,PPO_seed42
1454,5.385,308.05398073282817,0.0,0.0,0.46573157311834246,25.059468249306136,0.016671974085074412,0.0,0.0028952441798198135,0.012322159229313127,0.0,0.0,wltp_class3b,PPO_seed42
1455,5.2129,372.2814608028579,0.0,0.0,0.4657339190423151,25.05945737840662,0.020147984622999784,0.0,0.003498885909801296,0.014891258432114316,0.0,0.0,wltp_class3b,PPO_seed42
1456,5.0261,445.7464602886733,0.0,0.0,0.4657367278993163,25.059446564487565,0.0241239324899088,0.0,0.004189346431284524,0.017829858411546932,0.0,0.0,wltp_class3b,PPO_seed42
1457,4.8227,521.4471973517014,0.0,0.0,0.4657400137753949,25.059435820043298,0.028220879146898848,0.0,0.004900819523982156,0.020857887894068058,0.0,0.0,wltp_class3b,PPO_seed42
1458,4.6019,591.2955145427131,0.0,0.0,0.4657437397891746,25.059425149467913,0.03200109108028909,0.0,0.005557288670514221,0.023651820581708526,0.0,0.0,wltp_class3b,PPO_seed42
1459,4.3639,648.7098194797815,0.0,0.0,0.4657478275859531,25.059414546785227,0.03510837053094336,0.0,0.006096896799622006,0.025948392779191257,0.0,0.0,wltp_class3b,PPO_seed42
1460,4.1101,687.44318120197,0.0,0.0,0.4657521594471446,25.059403993869452,0.03720463171647955,0.0,0.006460932154153854,0.0274977272480788,0.0,0.0,wltp_class3b,PPO_seed42
1461,3.8429,703.871631684796,0.0,0.0,0.4657565948192243,25.059393463702413,0.03809374439749745,0.0,0.006615334884255601,0.02815486526739184,0.0,0.0,wltp_class3b,PPO_seed42
1462,3.5655,696.8862485853501,0.0,0.0,0.46576098616235434,25.059382925749677,0.037715693363288345,0.0,0.006549682787456298,0.027875449943414007,0.0,0.0,wltp_class3b,PPO_seed42
1463,3.2816,667.9785711228094,0.0,0.0,0.46576519533690003,25.059372352282054,0.03615120116497731,0.0,0.006277994089500088,0.026719142844912377,0.0,0.0,wltp_class3b,PPO_seed42
1464,2.9955,619.3926327839931,0.0,0.0,0.4657690983449137,25.059361721748026,0.03352171556976829,0.0,0.0058213593306766275,0.024775705311359725,0.0,0.0,wltp_class3b,PPO_seed42
1465,2.7116,555.8615621204945,0.0,0.0,0.4657726010143849,25.05935102291189,0.03008339491837082,0.0,0.005224262801884347,0.022234462484819778,0.0,0.0,wltp_class3b,PPO_seed42
1466,2.4341,482.9944907116144,0.0,0.0,0.46577564451868314,25.059340254939475,0.02613980709881353,0.0,0.004539421905184346,0.019319779628464574,0.0,0.0,wltp_class3b,PPO_seed42
1467,2.1669,406.100970078831,0.0,0.0,0.4657782034883118,25.05932942482385,0.021978306636296435,0.0,0.003816738440590517,0.01624403880315324,0.0,0.0,wltp_class3b,PPO_seed42
1468,1.9132,330.4627152051791,0.0,0.0,0.4657802858351544,25.059318544515797,0.01788474153418706,0.0,0.003105852586514841,0.013218508608207164,0.0,0.0,wltp_class3b,PPO_seed42
1469,1.6752,260.50038822127425,0.0,0.0,0.4657819273265224,25.059307627531492,0.01409835935651678,0.0,0.0024483119193728785,0.01042001552885097,0.0,0.0,wltp_class3b,PPO_seed42
1470,1.4544,198.57153691975367,0.0,0.0,0.46578317858481527,25.059296685980364,0.01074675129886005,0.0,0.0018662738432307677,0.007942861476790146,0.0,0.0,wltp_class3b,PPO_seed42
1471,1.251,146.71195290186563,0.0,0.0,0.4657841030601189,25.059285729698335,0.007940095014944578,0.0,0.001378871737799489,0.0058684781160746255,0.0,0.0,wltp_class3b,PPO_seed42
1472,1.2987,0.0,295.82865226772253,0.0,0.4657841030601189,25.059274755119716,-0.0041705167143005996,0.0027803444762003996,0.0,0.0,0.0,0.0,wltp_class3b,PPO_seed42
1473,1.0823,142.86555822993856,0.0,0.0,0.4657850032983156,25.059263801658624,0.007731926978489456,0.0,0.0013427214119355127,0.005714622329197542,0.0,0.0,wltp_class3b,PPO_seed42
1474,0.8658,114.53819471621922,0.0,0.0,0.46578572503728743,25.059252843398106,0.006198841545619142,0.0,0.0010764867924456694,0.004581527788648769,0.0,0.0,wltp_class3b,PPO_seed42
1475,0.6494,85.92736141001937,0.0,0.0,0.46578626649092136,25.059241881741727,0.004650414642325709,0.0,0.0008075879831768738,0.0034370944564007747,0.0,0.0,wltp_class3b,PPO_seed42
1476,0.4329,57.371776739527384,0.0,0.0,0.4657866280074133,25.059230918177022,0.0031049778118129178,0.0,0.0005392084280030769,0.002294871069581095,0.0,0.0,wltp_class3b,PPO_seed42
1477,0.2165,28.681102726885893,0.0,0.0,0.4657868087355283,25.059219954175873,0.0015522299054746213,0.0,0.0002695592361549426,0.0011472441090754357,0.0,0.0,wltp_class3b,PPO_seed42
1478,0.0,0.0,0.0,0.0,0.4657868087355283,25.059208991237078,0.0,0.0,0.0,0.0,0.0,0.0,wltp_class3b,PPO_seed42
1479,0.3044,-190.6047494753745,0.0,0.0,0.46578560767793337,25.059198064552827,-0.00035827960427701973,0.0,0.0017913980213850986,0.0,0.0,0.0,wltp_class3b,PPO_seed42
1480,0.6088,-381.30866246966264,0.0,0.0,0.46578320493553543,25.05918724272719,-0.0007167456061459824,0.0,0.003583728030729912,0.0,0.0,0.0,wltp_class3b,PPO_seed42
1481,0.9132,-572.210902501778,0.0,0.0,0.4657795992539775,25.05917659470465,-0.001075584403198831,0.0,0.005377922015994154,0.0,0.0,0.0,wltp_class3b,PPO_seed42
1482,1.2177,-763.662924836866,0.0,0.0,0.4657747871620598,25.059166190348527,-0.0014354566256332068,0.0,0.007177283128166034,0.0,0.0,0.0,wltp_class3b,PPO_seed42
1483,1.7949,-1888.8709640959635,0.0,0.0,0.46576288472957994,25.05915861890479,-0.0035505093310074505,0.0,0.01775254665503725,0.0,0.0,0.0,wltp_class3b,PPO_seed42
1484,2.0778,-1236.6990735730928,0.0,0.0,0.4657550918069353,25.059149115193957,-0.0023246223187464153,0.0,0.011623111593732076,0.0,0.0,0.0,wltp_class3b,PPO_seed42
1485,2.3449,-1339.666726820603,0.0,0.0,0.46574665000961973,25.05913986657122,-0.0025181705391364717,0.0,0.012590852695682359,0.0,0.0,0.0,wltp_class3b,PPO_seed42
1486,2.5986,-1432.3515894275222,0.0,0.0,0.4657376241265006,25.059130866352323,-0.0026923902056908314,0.0,0.013461951028454155,0.0,0.0,0.0,wltp_class3b,PPO_seed42
1487,2.842,-1523.1840718775711,0.0,0.0,0.4657280258232975,25.059122126866047,-0.0028631279546570887,0.0,0.014315639773285442,0.0,0.0,0.0,wltp_class3b,PPO_seed42
1488,3.079,-1622.0839923856029,0.0,0.0,0.4657178042559171,25.05911369005968,-0.0030490300608751932,0.0,0.015245150304375966,0.0,0.0,0.0,wltp_class3b,PPO_seed42
1489,3.3137,-1736.786608675034,0.0,0.0,0.46570685983495247,25.05910562804119,-0.003264636482471868,0.0,0.01632318241235934,0.0,0.0,0.0,wltp_class3b,PPO_seed42
1490,3.5507,-1877.0921805553478,0.0,0.0,0.4656950312114818,25.059098058321084,-0.003528368760442383,0.0,0.017641843802211916,0.0,0.0,0.0,wltp_class3b,PPO_seed42
1491,3.7941,-2047.5134074893447,0.0,0.0,0.4656821285950764,25.059091136785753,-0.0038487094125739564,0.0,0.019243547062869782,0.0,0.0,0.0,wltp_class3b,PPO_seed42
1492,4.0478,-2253.9979482036597,0.0,0.0,0.4656679247096911,25.05908507451926,-0.00423683824850312,0.0,0.0211841912425156,0.0,0.0,0.0,wltp_class3b,PPO_seed42
1493,4.3149,-2498.32051227676,0.0,0.0,0.4656521810880653,25.05908013420198,-0.00469609118849015,0.0,0.02348045594245075,0.0,0.0,0.0,wltp_class3b,PPO_seed42
1494,4.5978,-2781.915846867428,0.0,0.0,0.46563465021231887,25.059076639743022,-0.005229165125690655,0.0,0.026145825628453273,0.0,0.0,0.0,wltp_class3b,PPO_seed42
1495,4.8978,-3101.888879168606,0.0,0.0,0.46561510279748214,25.059074962709925,-0.005830618193925951,0.0,0.029153090969629755,0.0,0.0,0.0,wltp_class3b,PPO_seed42
1496,5.2153,-3454.753327441195,0.0,0.0,0.4655933315160856,25.059075519632177,-0.0064938972320323215,0.0,0.032469486160161605,0.0,0.0,0.0,wltp_class3b,PPO_seed42
1497,5.5493,-3830.1267740353755,0.0,0.0,0.46556919445602335,25.059078719379276,-0.007199486417359728,0.0,0.03599743208679864,0.0,0.0,0.0,wltp_class3b,PPO_seed42
1498,5.8981,-4220.45536099512,0.0,0.0,0.4655425972969184,25.05908496034344,-0.00793318676878782,0.0,0.0396659338439391,0.0,0.0,0.0,wltp_class3b,PPO_seed42
1499,6.2589,-4611.549233958829,0.0,0.0,0.46551353513215415,25.059094551870157,-0.00866832562774216,0.0,0.0433416281387108,0.0,0.0,0.0,wltp_class3b,PPO_seed42
1500,6.628,-4987.549653013584,0.0,0.0,0.4654821029917899,25.059107656634808,-0.009375093332732301,0.0,0.046875466663661505,0.0,0.0,0.0,wltp_class3b,PPO_seed42
1501,7.0015,-5337.413339834341,0.0,0.0,0.4654484655021487,25.059124294643198,-0.010032731841793874,0.0,0.05016365920896937,0.0,0.0,0.0,wltp_class3b,PPO_seed42
1502,7.375,-5645.345969807941,0.0,0.0,0.4654128868350066,25.05914426553779,-0.010611552574826958,0.0,0.05305776287413479,0.0,0.0,0.0,wltp_class3b,PPO_seed42
1503,7.7442,-5901.487555685953,0.0,0.0,0.4653756933168793,25.05916718525756,-0.0110930217212142,0.0,0.05546510860607099,0.0,0.0,0.0,wltp_class3b,PPO_seed42
1504,8.1049,-6096.344837598662,0.0,0.0,0.46533727112502354,25.05919248374152,-0.011459294807516283,0.0,0.05729647403758141,0.0,0.0,0.0,wltp_class3b,PPO_seed42
1505,8.4537,-6230.827614679161,0.0,0.0,0.4652980007280721,25.059219532120984,-0.011712081982479626,0.0,0.05856040991239813,0.0,0.0,0.0,wltp_class3b,PPO_seed42
1506,8.7878,-6305.791296894173,0.0,0.0,0.4652582572295202,25.059247663228554,-0.011852991159575513,0.0,0.059264955797877564,0.0,0.0,0.0,wltp_class3b,PPO_seed42
1507,9.1052,-6327.312868576633,0.0,0.0,0.46521837745706596,25.05927625444881,-0.011893445241685402,0.0,0.059467226208427,0.0,0.0,0.0,wltp_class3b,PPO_seed42
1508,9.4053,-6313.363134172605,0.0,0.0,0.46517858499345693,25.059304888338076,-0.011867223936414671,0.0,0.059336119682073356,0.0,0.0,0.0,wltp_class3b,PPO_seed42
1509,9.6882,-6274.712221417528,0.0,0.0,0.46513903555206354,25.05933327554159,-0.01179457184476979,0.0,0.05897285922384895,0.0,0.0,0.0,wltp_class3b,PPO_seed42
1510,9.9553,-6233.6310192288165,0.0,0.0,0.46509974448043157,25.05936139266711,-0.011717351539903791,0.0,0.05858675769951895,0.0,0.0,0.0,wltp_class3b,PPO_seed42
1511,10.2089,-6208.628564355413,0.0,0.0,0.4650606104604145,25.059389433388027,-0.011670354444277093,0.0,0.05835177222138546,0.0,0.0,0.0,wltp_class3b,PPO_seed42
1512,10.4523,-6221.6114491708995,0.0,0.0,0.46502139408377485,25.059417847323044,-0.011694758363103195,0.0,0.05847379181551597,0.0,0.0,0.0,wltp_class3b,PPO_seed42
1513,10.6893,-6287.648614832681,0.0,0.0,0.4649817609424048,25.059447268190095,-0.011818888373745642,0.0,0.059094441868728205,0.0,0.0,0.0,wltp_class3b,PPO_seed42
1514,10.9241,-6420.862027424754,0.0,0.0,0.4649412875910294,25.05947852467888,-0.0120692895252345,0.0,0.0603464476261725,0.0,0.0,0.0,wltp_class3b,PPO_seed42
1515,11.1611,-6632.590665580014,0.0,0.0,0.46489947908313706,25.059512643648535,-0.012467275687180477,0.0,0.06233637843590238,0.0,0.0,0.0,wltp_class3b,PPO_seed42
1516,11.4045,-6927.475332649693,0.0,0.0,0.464855811186953,25.0595508135957,-0.013021570174153558,0.0,0.06510785087076779,0.0,0.0,0.0,wltp_class3b,PPO_seed42
1517,11.6581,-7306.448896633043,0.0,0.0,0.46480975375417305,25.05959438258535,-0.013733926497430533,0.0,0.06866963248715266,0.0,0.0,0.0,wltp_class3b,PPO_seed42
1518,11.9252,-7768.292973920246,0.0,0.0,0.46476078427638967,25.059644870025526,-0.014602054462256105,0.0,0.07301027231128052,0.0,0.0,0.0,wltp_class3b,PPO_seed42
1519,12.2081,-8301.465909519879,0.0,0.0,0.46470845295685587,25.05970383983841,-0.015604259228420826,0.0,0.07802129614210412,0.0,0.0,0.0,wltp_class3b,PPO_seed42
1520,12.5082,-8894.560664952443,0.0,0.0,0.46465238186260277,25.059772888358477,-0.01671909899427151,0.0,0.08359549497135756,0.0,0.0,0.0,wltp_class3b,PPO_seed42
1521,12.8256,-9525.844308765687,0.0,0.0,0.4645923300212722,25.059853429323685,-0.017905722384897908,0.0,0.08952861192448953,0.0,0.0,0.0,wltp_class3b,PPO_seed42
1522,13.1597,-10182.792018598611,0.0,0.0,0.464528135381503,25.05994677895662,-0.019140586501125212,0.0,0.09570293250562605,0.0,0.0,0.0,wltp_class3b,PPO_seed42
1523,13.5085,-10835.211128542642,0.0,0.0,0.4644598262039886,25.060053734394963,-0.020366938211546323,0.0,0.1018346910577316,0.0,0.0,0.0,wltp_class3b,PPO_seed42
1524,13.8692,-11461.51705128851,0.0,0.0,0.46438756681546123,25.06017461015448,-0.021544204983625023,0.0,0.1077210249181251,0.0,0.0,0.0,wltp_class3b,PPO_seed42
1525,14.2384,-12041.466653601254,0.0,0.0,0.4643116491721649,25.060309166453294,-0.02263433581503995,0.0,0.11317167907519975,0.0,0.0,0.0,wltp_class3b,PPO_seed42
1526,14.6119,-12547.33453182771,0.0,0.0,0.4642325400571611,25.060456348349994,-0.023585215285390433,0.0,0.11792607642695216,0.0,0.0,0.0,wltp_class3b,PPO_seed42
1527,14.9854,-12965.129814430942,0.0,0.0,0.46415079451585817,25.06061453793021,-0.02437054476396794,0.0,0.12185272381983968,0.0,0.0,0.0,wltp_class3b,PPO_seed42
1528,15.3545,-13280.129850830517,0.0,0.0,0.4640670604898116,25.060781528011926,-0.024962650095546088,0.0,0.12481325047773043,0.0,0.0,0.0,wltp_class3b,PPO_seed42
1529,15.7153,-13492.511581613677,0.0,0.0,0.4639819848886081,25.06095491969194,-0.02536186387521368,0.0,0.1268093193760684,0.0,0.0,0.0,wltp_class3b,PPO_seed42
1530,16.0641,-13596.452417650024,0.0,0.0,0.4638962514228654,25.061132025621266,-0.025557241386560195,0.0,0.12778620693280096,0.0,0.0,0.0,wltp_class3b,PPO_seed42
1531,16.3981,-13605.805197977423,0.0,0.0,0.46381045654200226,25.06131043555393,-0.02557482180070944,0.0,0.1278741090035472,0.0,0.0,0.0,wltp_class3b,PPO_seed42
1532,16.7156,-13543.184033214675,0.0,0.0,0.46372505417020443,25.0614882993147,-0.025457112844388487,0.0,0.12728556422194243,0.0,0.0,0.0,wltp_class3b,PPO_seed42
1533,17.0156,-13423.939663414381,0.0,0.0,0.4636404014842958,25.061664169569635,-0.0252329692921323,0.0,0.12616484646066148,0.0,0.0,0.0,wltp_class3b,PPO_seed42
1534,17.2985,-13285.381653935223,0.0,0.0,0.46355662041753876,25.061837565620014,-0.024972521905893278,0.0,0.12486260952946639,0.0,0.0,0.0,wltp_class3b,PPO_seed42
1535,17.5656,-13154.64088699806,0.0,0.0,0.46347366181351213,25.062008692938846,-0.024726768584582823,0.0,0.1236338429229141,0.0,0.0,0.0,wltp_class3b,PPO_seed42
1536,17.8193,-13066.933697431454,0.0,0.0,0.46339125441001866,25.062178622802147,-0.02456190544629973,0.0,0.12280952723149863,0.0,0.0,0.0,wltp_class3b,PPO_seed42
1537,18.0627,-13048.452049712696,0.0,0.0,0.4633089617239346,25.062349058847598,-0.024527165506978754,0.0,0.12263582753489376,0.0,0.0,0.0,wltp_class3b,PPO_seed42
1538,18.2997,-13129.885042842634,0.0,0.0,0.4632261536689606,25.062522472944217,-0.024680235042937284,0.0,0.12340117521468641,0.0,0.0,0.0,wltp_class3b,PPO_seed42
1539,18.5344,-13325.856047572603,0.0,0.0,0.463142107858524,25.062701770717876,-0.025048601593181587,0.0,0.12524300796590793,0.0,0.0,0.0,wltp_class3b,PPO_seed42
1540,18.7714,-13660.663780084556,0.0,0.0,0.4630559485708138,25.06289063729713,-0.025677939436249166,0.0,0.12838969718124582,0.0,0.0,0.0,wltp_class3b,PPO_seed42
1541,19.0148,-14129.571811747894,0.0,0.0,0.4629668298574742,25.063092922645346,-0.026559345510804314,0.0,0.13279672755402155,0.0,0.0,0.0,wltp_class3b,PPO_seed42
1542,19.2685,-14736.475169424148,0.0,0.0,0.46287388109913885,25.06331297205989,-0.027700141295910054,0.0,0.13850070647955026,0.0,0.0,0.0,wltp_class3b,PPO_seed42
1543,19.5356,-15466.604742456502,0.0,0.0,0.4627763247164709,25.063555204075964,-0.029072565305369363,0.0,0.14536282652684682,0.0,0.0,0.0,wltp_class3b,PPO_seed42
1544,19.8185,-16306.96393869878,0.0,0.0,0.46267346499061623,25.063824176317407,-0.030652187854696956,0.0,0.15326093927348478,0.0,0.0,0.0,wltp_class3b,PPO_seed42
1545,20.1185,-17230.20104044295,0.0,0.0,0.4625647786129366,25.06412410643025,-0.03238759594068224,0.0,0.16193797970341117,0.0,0.0,0.0,wltp_class3b,PPO_seed42
1546,20.436,-18212.618865434175,0.0,0.0,0.4624498916488028,25.064458852107457,-0.03423424598765822,0.0,0.17117122993829112,0.0,0.0,0.0,wltp_class3b,PPO_seed42
1547,20.77,-19210.875446621336,0.0,0.0,0.4623287034809275,25.064831039109716,-0.036110668132746875,0.0,0.18055334066373435,0.0,0.0,0.0,wltp_class3b,PPO_seed42
1548,21.1188,-20200.499041276165,0.0,0.0,0.4622012678162775,25.065242455957634,-0.03797086285954167,0.0,0.18985431429770833,0.0,0.0,0.0,wltp_class3b,PPO_seed42
1549,21.4796,-21140.0059179746,0.0,0.0,0.46206790004537207,25.06569318110421,-0.03973685322927556,0.0,0.1986842661463778,0.0,0.0,0.0,wltp_class3b,PPO_seed42
1550,21.8487,-21990.10392662615,0.0,0.0,0.4619291634817165,25.066181377343767,-0.041334781816966454,0.0,0.20667390908483224,0.0,0.0,0.0,wltp_class3b,PPO_seed42
1551,22.2222,-22732.456405158748,0.0,0.0,0.46178573721820465,25.06670396704997,-0.042730181212704416,0.0,0.21365090606352208,0.0,0.0,0.0,wltp_class3b,PPO_seed42
1552,22.4128,-16662.47005762177,0.0,0.0,0.46168060375212583,25.067002097507842,-0.031320432439138665,0.0,0.1566021621956933,0.0,0.0,0.0,wltp_class3b,PPO_seed42
1553,22.5991,-16760.85397550104,0.0,0.0,0.46157484719894226,25.06730470459156,-0.03150536461560346,0.0,0.15752682307801727,0.0,0.0,0.0,wltp_class3b,PPO_seed42
1554,22.777,-16702.91323626597,0.0,0.0,0.46146945394070116,25.067606815266767,-0.03139645345162776,0.0,0.1569822672581388,0.0,0.0,0.0,wltp_class3b,PPO_seed42
1555,22.9429,-16498.2728248276,0.0,0.0,0.4613653497460355,25.067903766260553,-0.03101179102411203,0.0,0.15505895512056014,0.0,0.0,0.0,wltp_class3b,PPO_seed42
1556,23.094,-16169.38567002477,0.0,0.0,0.4612633188081091,25.068191714027567,-0.03039358208651273,0.0,0.15196791043256364,0.0,0.0,0.0,wltp_class3b,PPO_seed42
1557,23.2286,-15752.290667651181,0.0,0.0,0.4611639179841122,25.0684680915006,-0.029609568924156355,0.0,0.14804784462078177,0.0,0.0,0.0,wltp_class3b,PPO_seed42
1558,23.3458,-15274.54665687607,0.0,0.0,0.46106753026785036,25.068731316786927,-0.028711553866308404,0.0,0.14355776933154202,0.0,0.0,0.0,wltp_class3b,PPO_seed42
1559,23.4458,-14776.952163842112,0.0,0.0,0.4609742812126782,25.068981102567623,-0.02777622587188367,0.0,0.13888112935941835,0.0,0.0,0.0,wltp_class3b,PPO_seed42
1560,23.53,-14306.239905259172,0.0,0.0,0.4608840014512987,25.069218484378986,-0.02689142839334431,0.0,0.13445714196672154,0.0,0.0,0.0,wltp_class3b,PPO_seed42
1561,23.6008,-13903.486471399186,0.0,0.0,0.460796262361188,25.069445521495357,-0.026134373066539825,0.0,0.13067186533269912,0.0,0.0,0.0,wltp_class3b,PPO_seed42
1562,23.6613,-13599.664727415118,0.0,0.0,0.46071043980836496,25.069664940910034,-0.025563279562810372,0.0,0.12781639781405185,0.0,0.0,0.0,wltp_class3b,PPO_seed42
1563,23.7154,-13430.276638415931,0.0,0.0,0.4606256855582175,25.06988023660452,-0.025244880899278066,0.0,0.12622440449639033,0.0,0.0,0.0,wltp_class3b,PPO_seed42
1564,23.7673,-13412.651327137846,0.0,0.0,0.460541041950784,25.070095256948374,-0.025211750614920765,0.0,0.12605875307460382,0.0,0.0,0.0,wltp_class3b,PPO_seed42
1565,23.8214,-13560.640266355258,0.0,0.0,0.4604554638453902,25.070314238793085,-0.025489925312697854,0.0,0.12744962656348927,0.0,0.0,0.0,wltp_class3b,PPO_seed42
1566,23.8819,-13873.225053364748,0.0,0.0,0.46036791245638203,25.070541581367294,-0.026077490701813436,0.0,0.13038745350906716,0.0,0.0,0.0,wltp_class3b,PPO_seed42
1567,23.9526,-14341.808999755125,0.0,0.0,0.4602774031746099,25.070781790763004,-0.02695828759352467,0.0,0.13479143796762336,0.0,0.0,0.0,wltp_class3b,PPO_seed42
1568,24.0369,-14957.77781280479,0.0,0.0,0.4601830056731798,25.07103958952854,-0.028116123708279685,0.0,0.14058061854139842,0.0,0.0,0.0,wltp_class3b,PPO_seed42
1569,24.1369,-15677.616200482005,0.0,0.0,0.46008406415878306,25.071318959749195,-0.029469203384364675,0.0,0.14734601692182336,0.0,0.0,0.0,wltp_class3b,PPO_seed42
1570,24.254,-16479.36485610518,0.0,0.0,0.45998006134339336,25.07162364975284,-0.030976249729521017,0.0,0.15488124864760508,0.0,0.0,0.0,wltp_class3b,PPO_seed42
1571,24.3886,-17328.296065396094,0.0,0.0,0.45987069903185196,25.071956658983204,-0.03257198508533101,0.0,0.16285992542665503,0.0,0.0,0.0,wltp_class3b,PPO_seed42
1572,24.5398,-18175.77473892523,0.0,0.0,0.45975598591487155,25.072319543884596,-0.034164990110761705,0.0,0.17082495055380853,0.0,0.0,0.0,wltp_class3b,PPO_seed42
1573,24.7057,-18981.858704348375,0.0,0.0,0.4596361827449143,25.07271240837527,-0.03568018553448943,0.0,0.17840092767244714,0.0,0.0,0.0,wltp_class3b,PPO_seed42
1574,24.8835,-19707.644449705385,0.0,0.0,0.4595117958238327,25.073133692454714,-0.037044444454333435,0.0,0.18522222227166715,0.0,0.0,0.0,wltp_class3b,PPO_seed42
1575,25.0698,-20323.380085407087,0.0,0.0,0.4593835192900701,25.073580326874044,-0.038201842265802796,0.0,0.19100921132901397,0.0,0.0,0.0,wltp_class3b,PPO_seed42
1576,25.2604,-20788.848386613492,0.0,0.0,0.45925230122024346,25.074047227663993,-0.03907678268160431,0.0,0.19538391340802155,0.0,0.0,0.0,wltp_class3b,PPO_seed42
1577,25.451,-21089.85387560576,0.0,0.0,0.4591191794351396,25.074528292489056,-0.039642582472943166,0.0,0.1982129123647158,0.0,0.0,0.0,wltp_class3b,PPO_seed42
1578,25.6373,-21215.724813825742,0.0,0.0,0.4589852592825004,25.075016650081086,-0.03987918198087546,0.0,0.19939590990437728,0.0,0.0,0.0,wltp_class3b,PPO_seed42
1579,25.8152,-21164.084517230036,0.0,0.0,0.45885166129037985,25.075505147158054,-0.0397821137541918,0.0,0.19891056877095897,0.0,0.0,0.0,wltp_class3b,PPO_seed42
1580,25.9811,-20945.93240808781,0.0,0.0,0.4587194367274458,25.075987058724124,-0.0393720533986613,0.0,0.1968602669933065,0.0,0.0,0.0,wltp_class3b,PPO_seed42
1581,26.1322,-20586.702312901296,0.0,0.0,0.4585894764584049,25.076456803863564,-0.03869680885883703,0.0,0.19348404429418511,0.0,0.0,0.0,wltp_class3b,PPO_seed42
1582,26.2668,-20127.110764465364,0.0,0.0,0.45846241442241076,25.07691059900273,-0.03783291497079956,0.0,0.1891645748539978,0.0,0.0,0.0,wltp_class3b,PPO_seed42
1583,26.384,-19598.18726461789,0.0,0.0,0.4583386887316541,25.077346044948598,-0.036838697865823104,0.0,0.1841934893291155,0.0,0.0,0.0,wltp_class3b,PPO_seed42
1584,26.484,-19045.91702181564,0.0,0.0,0.4582184472108219,25.07776259382304,-0.035800595905668496,0.0,0.1790029795283425,0.0,0.0,0.0,wltp_class3b,PPO_seed42
1585,26.5682,-18523.023520717772,0.0,0.0,0.4581015048078705,25.078161622526892,-0.034817713384807845,0.0,0.1740885669240392,0.0,0.0,0.0,wltp_class3b,PPO_seed42
1586,26.639,-18075.910745618206,0.0,0.0,0.4579873834485514,25.078546029970973,-0.03397727583762821,0.0,0.16988637918814103,0.0,0.0,0.0,wltp_class3b,PPO_seed42
1587,26.6995,-17739.66316496553,0.0,0.0,0.45787538347416873,25.078919737819746,-0.0333452315130931,0.0,0.1667261575654655,0.0,0.0,0.0,wltp_class3b,PPO_seed42
1588,26.7536,-17554.5947852189,0.0,0.0,0.4577645506100923,25.079287846402774,-0.03299735861883252,0.0,0.1649867930941626,0.0,0.0,0.0,wltp_class3b,PPO_seed42
1589,26.8055,-17540.575777976745,0.0,0.0,0.4576538050253315,25.079656019395344,-0.03297100710146005,0.0,0.16485503550730024,0.0,0.0,0.0,wltp_class3b,PPO_seed42
1590,26.8595,-17709.261405987305,0.0,0.0,0.4575419931945003,25.08003036584567,-0.0332880853496002,0.0,0.166440426748001,0.0,0.0,0.0,wltp_class3b,PPO_seed42
1591,26.9201,-18077.004810406466,0.0,0.0,0.45742785823067816,25.08041780285377,-0.033979332350388095,0.0,0.16989666175194046,0.0,0.0,0.0,wltp_class3b,PPO_seed42
1592,26.9908,-18608.81646017469,0.0,0.0,0.45731036404104436,25.080824498134128,-0.03497897830859904,0.0,0.1748948915429952,0.0,0.0,0.0,wltp_class3b,PPO_seed42
1593,27.075,-19307.66524842509,0.0,0.0,0.4571884556713174,25.081257286882828,-0.03629260385042311,0.0,0.18146301925211553,0.0,0.0,0.0,wltp_class3b,PPO_seed42
1594,27.1751,-20137.650553082247,0.0,0.0,0.4570613047122181,25.08172235339126,-0.037852726603538056,0.0,0.18926363301769028,0.0,0.0,0.0,wltp_class3b,PPO_seed42
1595,27.2922,-21048.152099452887,0.0,0.0,0.45692840225404496,25.082224518774748,-0.03956419567566333,0.0,0.1978209783783166,0.0,0.0,0.0,wltp_class3b,PPO_seed42
1596,27.4268,-22016.941559652092,0.0,0.0,0.4567893796424336,25.08276811890319,-0.041385228495586644,0.0,0.2069261424779332,0.0,0.0,0.0,wltp_class3b,PPO_seed42
1597,27.578,-22984.83765323809,0.0,0.0,0.4566442418304056,25.083355238681197,-0.04320458205495882,0.0,0.2160229102747941,0.0,0.0,0.0,wltp_class3b,PPO_seed42
1598,27.7439,-23906.72029826206,0.0,0.0,0.456493278649981,25.08398590026498,-0.044937444169665525,0.0,0.22468722084832762,0.0,0.0,0.0,wltp_class3b,PPO_seed42
1599,27.9217,-24738.720951093892,0.0,0.0,0.4563370569696972,25.08465779594618,-0.04650135517122912,0.0,0.2325067758561456,0.0,0.0,0.0,wltp_class3b,PPO_seed42
1600,28.108,-25447.354171384046,0.0,0.0,0.45617635519390654,25.085366530546565,-0.04783337250260159,0.0,0.23916686251300795,0.0,0.0,0.0,wltp_class3b,PPO_seed42
1601,28.2986,-25987.471117511388,0.0,0.0,0.4560122369817066,25.08610492160385,-0.048848629920134196,0.0,0.24424314960067095,0.0,0.0,0.0,wltp_class3b,PPO_seed42
1602,28.4892,-26343.19111245608,0.0,0.0,0.45584586648359904,25.086864398886192,-0.04951727652717308,0.0,0.2475863826358654,0.0,0.0,0.0,wltp_class3b,PPO_seed42
1603,28.6755,-26502.59500720534,0.0,0.0,0.4556784833559917,25.08763533621537,-0.049816907908280715,0.0,0.24908453954140355,0.0,0.0,0.0,wltp_class3b,PPO_seed42
1604,28.8533,-26458.35091652295,0.0,0.0,0.455511373809654,25.088407472547786,-0.049733742324291265,0.0,0.24866871162145632,0.0,0.0,0.0,wltp_class3b,PPO_seed42
1605,29.0193,-26241.262694634912,0.0,0.0,0.45534562974413084,25.089172047126166,-0.049325681756832544,0.0,0.2466284087841627,0.0,0.0,0.0,wltp_class3b,PPO_seed42
1606,29.1704,-25852.079147224085,0.0,0.0,0.455182338529923,25.08992047165332,-0.04859413373538363,0.0,0.2429706686769181,0.0,0.0,0.0,wltp_class3b,PPO_seed42
1607,29.305,-25354.359184829824,0.0,0.0,0.4550221862463789,25.090647530398336,-0.04765856989629666,0.0,0.2382928494814833,0.0,0.0,0.0,wltp_class3b,PPO_seed42
1608,29.4222,-24778.05965120413,0.0,0.0,0.4548656698346942,25.0913496812529,-0.04657530009624837,0.0,0.23287650048124184,0.0,0.0,0.0,wltp_class3b,PPO_seed42
1609,29.5222,-24174.358927655772,0.0,0.0,0.4547129629928935,25.092025962885284,-0.04544052430010484,0.0,0.22720262150052417,0.0,0.0,0.0,wltp_class3b,PPO_seed42
1610,29.6064,-23602.016700560012,0.0,0.0,0.45456386821699585,25.092678140236533,-0.04436469304616544,0.0,0.2218234652308272,0.0,0.0,0.0,wltp_class3b,PPO_seed42
1611,29.6772,-23112.84223468852,0.0,0.0,0.4544178606453913,25.093310175759797,-0.04344519217046715,0.0,0.21722596085233573,0.0,0.0,0.0,wltp_class3b,PPO_seed42
1612,29.7377,-22746.132205125723,0.0,0.0,0.45427416706143314,25.093927546744027,-0.042755887603619785,0.0,0.2137794380180989,0.0,0.0,0.0,wltp_class3b,PPO_seed42
1613,29.7918,-22547.13922517272,0.0,0.0,0.4541317282441924,25.094537480612054,-0.042381840648820904,0.0,0.2119092032441045,0.0,0.0,0.0,wltp_class3b,PPO_seed42
1614,29.8437,-22538.41081658907,0.0,0.0,0.4539893423807426,25.09514806647399,-0.04236543386576893,0.0,0.21182716932884463,0.0,0.0,0.0,wltp_class3b,PPO_seed42
1615,29.8977,-22733.374541573354,0.0,0.0,0.4538457226730505,25.095768059212404,-0.04273190703303262,0.0,0.2136595351651631,0.0,0.0,0.0,wltp_class3b,PPO_seed42
1616,29.9583,-23150.699271298963,0.0,0.0,0.4536994642165271,25.096407362904376,-0.04351635201371986,0.0,0.21758176006859928,0.0,0.0,0.0,wltp_class3b,PPO_seed42
1617,30.029,-23751.747991866017,0.0,0.0,0.4535494060223899,25.09707476599561,-0.04464614284185342,0.0,0.22323071420926707,0.0,0.0,0.0,wltp_class3b,PPO_seed42
1618,30.1132,-24540.07826771667,0.0,0.0,0.4533943644591798,25.097779940733652,-0.04612796666864036,0.0,0.2306398333432018,0.0,0.0,0.0,wltp_class3b,PPO_seed42
1619,30.2133,-25475.835378873464,0.0,0.0,0.4532334075083161,25.09853155275572,-0.04788690860690501,0.0,0.23943454303452505,0.0,0.0,0.0,wltp_class3b,PPO_seed42
1620,30.3304,-26502.64465490557,0.0,0.0,0.45306595915993414,25.09933627189254,-0.049817001231025504,0.0,0.24908500615512752,0.0,0.0,0.0,wltp_class3b,PPO_seed42
1621,30.465,-27595.66049811709,0.0,0.0,0.45289160024925806,25.100200035954398,-0.051871542289693776,0.0,0.25935771144846886,0.0,0.0,0.0,wltp_class3b,PPO_seed42
1622,30.6162,-28688.880858521665,0.0,0.0,0.4527103285240546,25.101125611219793,-0.05392646777917606,0.0,0.2696323388958803,0.0,0.0,0.0,wltp_class3b,PPO_seed42
1623,30.7821,-29731.94608445447,0.0,0.0,0.45252245989224354,25.102112905639725,-0.05588711670010239,0.0,0.27943558350051195,0.0,0.0,0.0,wltp_class3b,PPO_seed42
1624,30.9599,-30675.93173308277,0.0,0.0,0.4523286194353099,25.103158636921595,-0.057661525814065355,0.0,0.28830762907032675,0.0,0.0,0.0,wltp_class3b,PPO_seed42
1625,31.1462,-31483.50847414993,0.0,0.0,0.45212966822905243,25.104256693566814,-0.05917952720704875,0.0,0.2958976360352437,0.0,0.0,0.0,wltp_class3b,PPO_seed42
1626,31.3368,-32104.459547954735,0.0,0.0,0.45192678486661536,25.105397184165636,-0.060346728473599134,0.0,0.30173364236799566,0.0,0.0,0.0,wltp_class3b,PPO_seed42
1627,31.5274,-32521.079531608353,0.0,0.0,0.4517212601013636,25.106568355787932,-0.06112984874362473,0.0,0.30564924371812363,0.0,0.0,0.0,wltp_class3b,PPO_seed42
1628,31.7137,-32720.062319075423,0.0,0.0,0.45151446908846776,25.10775702589842,-0.061503876539615455,0.0,0.30751938269807727,0.0,0.0,0.0,wltp_class3b,PPO_seed42
1629,31.8915,-32693.16028683553,0.0,0.0,0.451307839442505,25.10894912808846,-0.06145330880984123,0.0,0.3072665440492061,0.0,0.0,0.0,wltp_class3b,PPO_seed42
1630,32.0575,-32474.305830126563,0.0,0.0,0.4511025846462697,25.110132605112547,-0.0610419282521176,0.0,0.30520964126058797,0.0,0.0,0.0,wltp_class3b,PPO_seed42
1631,32.2086,-32064.11393642875,0.0,0.0,0.45089991456828604,25.111295567326426,-0.06027089085794878,0.0,0.3013544542897439,0.0,0.0,0.0,wltp_class3b,PPO_seed42
1632,32.2864,-28555.12534517533,0.0,0.0,0.45071941740017424,25.112259870793906,-0.05367504764130701,0.0,0.268375238206535,0.0,0.0,0.0,wltp_class3b,PPO_seed42
1633,32.3467,-27801.777694952507,0.0,0.0,0.45054367801350753,25.113185946158218,-0.05225898062960998,0.0,0.2612949031480499,0.0,0.0,0.0,wltp_class3b,PPO_seed42
1634,32.3898,-27025.16910168678,0.0,0.0,0.4503728442000576,25.114073175378607,-0.050799190040764636,0.0,0.25399595020382315,0.0,0.0,0.0,wltp_class3b,PPO_seed42
1635,32.4172,-26290.06072880742,0.0,0.0,0.45020665433217405,25.11492428863227,-0.04941740738497635,0.0,0.24708703692488176,0.0,0.0,0.0,wltp_class3b,PPO_seed42
1636,32.4311,-25637.409791673486,0.0,0.0,0.45004458777651013,25.115743881507534,-0.04819061990916069,0.0,0.24095309954580343,0.0,0.0,0.0,wltp_class3b,PPO_seed42
1637,32.4348,-25130.263931721038,0.0,0.0,0.44988572522280385,25.11653932391358,-0.04723733821752075,0.0,0.23618669108760373,0.0,0.0,0.0,wltp_class3b,PPO_seed42
1638,32.432,-24796.719351016483,0.0,0.0,0.44972896959856984,25.11731898905145,-0.0466103747199558,0.0,0.23305187359977897,0.0,0.0,0.0,wltp_class3b,PPO_seed42
1639,32.4271,-24681.005725777577,0.0,0.0,0.4495729440762608,25.118093111364775,-0.046392867905596956,0.0,0.23196433952798476,0.0,0.0,0.0,wltp_class3b,PPO_seed42
1640,32.4243,-24781.34399655236,0.0,0.0,0.44941628291000246,25.118871828827366,-0.04658147367773,0.0,0.23290736838865,0.0,0.0,0.0,wltp_class3b,PPO_seed42
1641,32.428,-25116.614421335853,0.0,0.0,0.4492575008404102,25.119666435686295,-0.04721168124311251,0.0,0.23605840621556254,0.0,0.0,0.0,wltp_class3b,PPO_seed42
1642,32.4419,-25659.2660666791,0.0,0.0,0.44909528660721426,25.120487460108972,-0.04823170313285546,0.0,0.24115851566427726,0.0,0.0,0.0,wltp_class3b,PPO_seed42
1643,32.4693,-26396.631246950616,0.0,0.0,0.44892840886718305,25.121345550066376,-0.04961772790780192,0.0,0.24808863953900956,0.0,0.0,0.0,wltp_class3b,PPO_seed42
1644,32.5125,-27284.31678267145,0.0,0.0,0.4487559167533582,25.122249964925636,-0.05128630974186363,0.0,0.2564315487093181,0.0,0.0,0.0,wltp_class3b,PPO_seed42
1645,32.5728,-28276.263640490375,0.0,0.0,0.4485771504259898,25.123208316061618,-0.05315087150468115,0.0,0.26575435752340576,0.0,0.0,0.0,wltp_class3b,PPO_seed42
1646,32.6505,-29324.412036973787,0.0,0.0,0.4483917537505523,25.12422616366177,-0.05512107525746952,0.0,0.2756053762873476,0.0,0.0,0.0,wltp_class3b,PPO_seed42
1647,32.7448,-30372.97174316429,0.0,0.0,0.4481997232158881,25.125306189017174,-0.057092052148805056,0.0,0.28546026074402525,0.0,0.0,0.0,wltp_class3b,PPO_seed42
1648,32.8539,-31368.315033628372,0.0,0.0,0.4480013943296019,25.126447851697343,-0.058962998183511986,0.0,0.2948149909175599,0.0,0.0,0.0,wltp_class3b,PPO_seed42
1649,32.9749,-32248.15027862824,0.0,0.0,0.44779749647922223,25.127646428151234,-0.06061682383200798,0.0,0.30308411916003986,0.0,0.0,0.0,wltp_class3b,PPO_seed42
1650,33.1043,-32973.1244828961,0.0,0.0,0.4475890079997329,25.128894057167678,-0.06197955729867688,0.0,0.3098977864933844,0.0,0.0,0.0,wltp_class3b,PPO_seed42
1651,33.2381,-33506.77280513903,0.0,0.0,0.44737713799258205,25.130179800169017,-0.06298265564875759,0.0,0.3149132782437879,0.0,0.0,0.0,wltp_class3b,PPO_seed42
1652,33.3719,-33815.93260790657,0.0,0.0,0.44716330552155514,25.131489868624676,-0.06356378309756876,0.0,0.31781891548784375,0.0,0.0,0.0,wltp_class3b,PPO_seed42
1653,33.5013,-33887.625816682965,0.0,0.0,0.4469490120391779,25.132809093350374,-0.06369854476820107,0.0,0.3184927238410053,0.0,0.0,0.0,wltp_class3b,PPO_seed42
1654,33.6223,-33730.702576443306,0.0,0.0,0.4467357033705611,25.134122626887926,-0.06340357627150998,0.0,0.3170178813575499,0.0,0.0,0.0,wltp_class3b,PPO_seed42
1655,33.7314,-33360.98899332954,0.0,0.0,0.4465247255715764,25.13541669061048,-0.06270862592731118,0.0,0.31354312963655584,0.0,0.0,0.0,wltp_class3b,PPO_seed42
1656,33.8257,-32801.77953286672,0.0,0.0,0.44631727765088847,25.136679281952322,-0.061657480324937446,0.0,0.3082874016246872,0.0,0.0,0.0,wltp_class3b,PPO_seed42
1657,33.9034,-32106.21212004554,0.0,0.0,0.4461142227629449,25.13790214597609,-0.06035002278204049,0.0,0.30175011391020246,0.0,0.0,0.0,wltp_class3b,PPO_seed42
1658,33.9637,-31325.47538362247,0.0,0.0,0.4459161004322629,25.139080552916816,-0.05888247252560615,0.0,0.2944123626280307,0.0,0.0,0.0,wltp_class3b,PPO_seed42
1659,34.0069,-30519.247313218344,0.0,0.0,0.44572307277026324,25.140213587426146,-0.05736700622785404,0.0,0.28683503113927017,0.0,0.0,0.0,wltp_class3b,PPO_seed42
1660,34.0343,-29744.52950096685,0.0,0.0,0.44553494131845933,25.141303686608246,-0.055910769738659494,0.0,0.27955384869329747,0.0,0.0,0.0,wltp_class3b,PPO_seed42
1661,34.0482,-29060.545709143204,0.0,0.0,0.4453511329297373,25.142356470072706,-0.05462508591944211,0.0,0.27312542959721053,0.0,0.0,0.0,wltp_class3b,PPO_seed42
1662,34.0519,-28528.44112013076,0.0,0.0,0.4451706875655909,25.14338060775766,-0.05362488932355406,0.0,0.2681244466177703,0.0,0.0,0.0,wltp_class3b,PPO_seed42
1663,34.0491,-28178.016686566356,0.0,0.0,0.4449924565151466,25.14438602447523,-0.052966196779260066,0.0,0.26483098389630033,0.0,0.0,0.0,wltp_class3b,PPO_seed42
1664,34.0442,-28056.094585520346,0.0,0.0,0.44481499472689595,25.14538491975916,-0.05273701989759464,0.0,0.2636850994879732,0.0,0.0,0.0,wltp_class3b,PPO_seed42
1665,34.0414,-28161.186330455985,0.0,0.0,0.4446368663647186,25.146389410154313,-0.0529345607715338,0.0,0.264672803857669,0.0,0.0,0.0,wltp_class3b,PPO_seed42
1666,34.0451,-28513.506547580902,0.0,0.0,0.4444565075374376,25.14741300164849,-0.0535968168187611,0.0,0.2679840840938055,0.0,0.0,0.0,wltp_class3b,PPO_seed42
1667,34.059,-29084.443278381255,0.0,0.0,0.4442725351271095,25.14846826730762,-0.05467000616237078,0.0,0.2733500308118539,0.0,0.0,0.0,wltp_class3b,PPO_seed42
1668,34.0864,-29860.949373078965,0.0,0.0,0.4440836483453499,25.149567887295085,-0.0561296040847349,0.0,0.2806480204236745,0.0,0.0,0.0,wltp_class3b,PPO_seed42
1669,34.1295,-30791.022395913053,0.0,0.0,0.44388887514071307,25.150722517919547,-0.057877861646453116,0.0,0.28938930823226555,0.0,0.0,0.0,wltp_class3b,PPO_seed42
1670,34.1898,-31842.723379859643,0.0,0.0,0.4436874453132845,25.151941778154328,-0.059854743195224894,0.0,0.29927371597612445,0.0,0.0,0.0,wltp_class3b,PPO_seed42
1671,34.2676,-32954.9652749748,0.0,0.0,0.44347897491822363,25.153232235679553,-0.06194542344920076,0.0,0.30972711724600377,0.0,0.0,0.0,wltp_class3b,PPO_seed42
1672,34.3619,-34057.91511315755,0.0,0.0,0.44326352165750943,25.154596320086533,-0.06401863743074727,0.0,0.32009318715373636,0.0,0.0,0.0,wltp_class3b,PPO_seed42
1673,34.471,-35111.3335554655,0.0,0.0,0.4430413977594238,25.1560336821993,-0.06599874728470959,0.0,0.3299937364235479,0.0,0.0,0.0,wltp_class3b,PPO_seed42
1674,34.592,-36044.301932702954,0.0,0.0,0.4428133641406403,25.157538737979515,-0.06775244724192285,0.0,0.3387622362096142,0.0,0.0,0.0,wltp_class3b,PPO_seed42
1675,34.7214,-36815.30766148269,0.0,0.0,0.4425804444956696,25.159102244922156,-0.06920170613060657,0.0,0.34600853065303283,0.0,0.0,0.0,wltp_class3b,PPO_seed42
1676,34.8552,-37385.872385421564,0.0,0.0,0.44234390619299147,25.160711373968706,-0.07027419621319843,0.0,0.3513709810659921,0.0,0.0,0.0,wltp_class3b,PPO_seed42
1677,34.9889,-37715.28822501381,0.0,0.0,0.44210527447031706,25.16234955725276,-0.07089339891919888,0.0,0.3544669945959944,0.0,0.0,0.0,wltp_class3b,PPO_seed42
1678,35.1183,-37806.548573109685,0.0,0.0,0.4418660560047983,25.163999814410335,-0.0710649409268979,0.0,0.3553247046344895,0.0,0.0,0.0,wltp_class3b,PPO_seed42
1679,35.2394,-37657.87327422102,0.0,0.0,0.4416277691143826,25.165644740598133,-0.07078547607936282,0.0,0.3539273803968141,0.0,0.0,0.0,wltp_class3b,PPO_seed42
1680,35.3484,-37268.38337077717,0.0,0.0,0.44139193804699095,25.167266900271276,-0.07005335220070896,0.0,0.3502667610035448,0.0,0.0,0.0,wltp_class3b,PPO_seed42
1681,35.4428,-36701.751549233515,0.0,0.0,0.4411596844670128,25.16885369197226,-0.06898825479179233,0.0,0.3449412739589616,0.0,0.0,0.0,wltp_class3b,PPO_seed42
1682,35.5205,-35974.230514466544,0.0,0.0,0.44093202740693455,25.170394085228764,-0.06762073404974915,0.0,0.3381036702487457,0.0,0.0,0.0,wltp_class3b,PPO_seed42
1683,35.5808,-35161.63472330784,0.0,0.0,0.44070950627387834,25.171882708840812,-0.06609329835208241,0.0,0.33046649176041204,0.0,0.0,0.0,wltp_class3b,PPO_seed42
1684,35.624,-34320.937364088495,0.0,0.0,0.4404922999510402,25.173318277994824,-0.06451304015806109,0.0,0.32256520079030543,0.0,0.0,0.0,wltp_class3b,PPO_seed42
1685,35.6513,-33506.111724786824,0.0,0.0,0.4402802456927562,25.174703097201903,-0.0629814130165166,0.0,0.3149070650825829,0.0,0.0,0.0,wltp_class3b,PPO_seed42
1686,35.6653,-32802.259515884456,0.0,0.0,0.4400726420459592,25.176044723331437,-0.061658382548654994,0.0,0.30829191274327494,0.0,0.0,0.0,wltp_class3b,PPO_seed42
1687,35.6689,-32233.894298080795,0.0,0.0,0.43986863222809053,25.1773518770777,-0.06059002687609172,0.0,0.3029501343804586,0.0,0.0,0.0,wltp_class3b,PPO_seed42
1688,35.6662,-31877.900325744664,0.0,0.0,0.43966687266217097,25.178637639856035,-0.05992086527395614,0.0,0.2996043263697807,0.0,0.0,0.0,wltp_class3b,PPO_seed42
1689,35.6612,-31738.391275189653,0.0,0.0,0.43946599350031895,25.179915079462056,-0.0596586302165219,0.0,0.2982931510826095,0.0,0.0,0.0,wltp_class3b,PPO_seed42
1690,35.6585,-31859.542978489015,0.0,0.0,0.43926434507527706,25.18119995128483,-0.05988635898212222,0.0,0.29943179491061106,0.0,0.0,0.0,wltp_class3b,PPO_seed42
1691,35.6621,-32217.613289047644,0.0,0.0,0.4390604277430131,25.182506922920798,-0.06055942347565346,0.0,0.3027971173782673,0.0,0.0,0.0,wltp_class3b,PPO_seed42
1692,35.676,-32822.50857494989,0.0,0.0,0.43885267892742746,25.18385194385356,-0.061696444689755436,0.0,0.3084822234487772,0.0,0.0,0.0,wltp_class3b,PPO_seed42
1693,35.7034,-33638.40504846763,0.0,0.0,0.438639762545217,25.185249687664804,-0.06323008467757074,0.0,0.3161504233878537,0.0,0.0,0.0,wltp_class3b,PPO_seed42
1694,35.7466,-34622.331277606514,0.0,0.0,0.4384206142637016,25.186713111168515,-0.06507957007068894,0.0,0.3253978503534447,0.0,0.0,0.0,wltp_class3b,PPO_seed42
1695,35.8069,-35723.72605282816,0.0,0.0,0.4381944895676531,25.188252770975165,-0.0671498610015567,0.0,0.3357493050077835,0.0,0.0,0.0,wltp_class3b,PPO_seed42
1696,35.8846,-36889.65083026061,0.0,0.0,0.43796097885105684,25.189876298053626,-0.0693414489290613,0.0,0.3467072446453065,0.0,0.0,0.0,wltp_class3b,PPO_seed42
1697,35.979,-38064.36924326362,0.0,0.0,0.43772002518884995,25.191587724786018,-0.07154956624673613,0.0,0.35774783123368065,0.0,0.0,0.0,wltp_class3b,PPO_seed42
1698,36.088,-39165.39428362719,0.0,0.0,0.4374720937614372,25.19338494424148,-0.07361916218726915,0.0,0.36809581093634575,0.0,0.0,0.0,wltp_class3b,PPO_seed42
1699,36.209,-40158.21853441449,0.0,0.0,0.43721786826486114,25.19526266174146,-0.07548537318498966,0.0,0.37742686592494823,0.0,0.0,0.0,wltp_class3b,PPO_seed42
1700,36.3385,-40982.36266829595,0.0,0.0,0.4369584154161832,25.19721012324196,-0.07703451629378938,0.0,0.3851725814689469,0.0,0.0,0.0,wltp_class3b,PPO_seed42
1701,36.4722,-41579.477895835844,0.0,0.0,0.43669517160235816,25.19921098764831,-0.07815691333803731,0.0,0.3907845666901865,0.0,0.0,0.0,wltp_class3b,PPO_seed42
1702,36.2007,-18033.726291648378,0.0,0.0,0.43658099349476276,25.199873904120995,-0.033897981751218755,0.0,0.16948990875609377,0.0,0.0,0.0,wltp_class3b,PPO_seed42
1703,35.9249,-17237.29470967062,0.0,0.0,0.43647186244701963,25.200498029277046,-0.032400929905395906,0.0,0.16200464952697952,0.0,0.0,0.0,wltp_class3b,PPO_seed42
1704,35.6407,-16210.46844039532,0.0,0.0,0.436369236751658,25.201077344851,-0.030470805339088948,0.0,0.15235402669544473,0.0,0.0,0.0,wltp_class3b,PPO_seed42
1705,35.3445,-14980.530565436176,0.0,0.0,0.4362744018467424,25.201607823032823,-0.028158892040293565,0.0,0.14079446020146782,0.0,0.0,0.0,wltp_class3b,PPO_seed42
1706,35.0336,-13598.4870344192,0.0,0.0,0.43618832012721903,25.20208808233181,-0.02556106585417143,0.0,0.12780532927085714,0.0,0.0,0.0,wltp_class3b,PPO_seed42
1707,34.7061,-12110.700763310035,0.0,0.0,0.43611166034282467,25.202518958002813,-0.022764475119003827,0.0,0.11382237559501912,0.0,0.0,0.0,wltp_class3b,PPO_seed42
1708,34.3612,-10580.680884992653,0.0,0.0,0.43604468908673594,25.202903450850688,-0.01988849790412153,0.0,0.09944248952060764,0.0,0.0,0.0,wltp_class3b,PPO_seed42
1709,33.9991,-9066.380421928223,0.0,0.0,0.4359873060163172,25.20324596531619,-0.017042068462271097,0.0,0.08521034231135548,0.0,0.0,0.0,wltp_class3b,PPO_seed42
1710,33.6213,-7641.234367608813,0.0,0.0,0.43593894594244514,25.203551908931644,-0.014363222495505288,0.0,0.07181611247752644,0.0,0.0,0.0,wltp_class3b,PPO_seed42
1711,33.2299,-6339.804053791476,0.0,0.0,0.4358988249550964,25.203826494004463,-0.011916924913141872,0.0,0.05958462456570936,0.0,0.0,0.0,wltp_class3b,PPO_seed42
1712,32.8284,-5237.245775249996,0.0,0.0,0.43586568361629796,25.20407488556988,-0.00984444694595864,0.0,0.049222234729793195,0.0,0.0,0.0,wltp_class3b,PPO_seed42
1713,32.4204,-2656.433494389057,1682.1872169846974,0.0,0.43584887481807844,25.204289938410103,-0.02870834139431257,0.015810030234818584,0.02496648021042347,0.0,0.0,0.0,wltp_class3b,PPO_seed42
1714,32.0102,-811.1486449837685,2867.3040964515294,0.0,0.4358437425911095,25.204484292507093,-0.04194723565483127,0.02694834677116099,0.007623577490448952,0.0,0.0,0.0,wltp_class3b,PPO_seed42
1715,31.6022,-1561.7621406912806,1697.3525562235072,0.0,0.43583386192403795,25.20466560614949,-0.026864485549563128,0.015952561618641985,0.014678215608000757,0.0,0.0,0.0,wltp_class3b,PPO_seed42
1716,31.2006,-3067.2095339153298,0.0,0.0,0.4358144582900123,25.204840213827275,-0.005765431454728064,0.0,0.028827157273640318,0.0,0.0,0.0,wltp_class3b,PPO_seed42
1717,30.8093,-3084.330081504641,0.0,0.0,0.43579494762387505,25.20500322294447,-0.0057976129351591,0.0,0.028988064675795497,0.0,0.0,0.0,wltp_class3b,PPO_seed42
1718,30.4314,-3268.151335582245,0.0,0.0,0.4357742754564187,25.205156376446457,-0.006143141608237302,0.0,0.03071570804118651,0.0,0.0,0.0,wltp_class3b,PPO_seed42
1719,30.0694,-3587.103260680415,0.0,0.0,0.43575158717751505,25.20530141458285,-0.006742675302030855,0.0,0.033713376510154276,0.0,0.0,0.0,wltp_class3b,PPO_seed42
1720,29.7244,-3972.6937931470743,0.0,0.0,0.4357264614896566,25.205439813852415,-0.007467469535990741,0.0,0.037337347679953704,0.0,0.0,0.0,wltp_class3b,PPO_seed42
1721,29.3969,-4395.650776564585,0.0,0.0,0.4356986622653054,25.20557292591682,-0.008262501459707866,0.0,0.04131250729853933,0.0,0.0,0.0,wltp_class3b,PPO_seed42
1722,29.086,-4790.342912124919,0.0,0.0,0.4356683684360347,25.20570154868204,-0.009004403970159624,0.0,0.045022019850798116,0.0,0.0,0.0,wltp_class3b,PPO_seed42
1723,28.7898,-5110.693988489166,0.0,0.0,0.43563605025741575,25.20582589661886,-0.009606567647536028,0.0,0.048032838237680134,0.0,0.0,0.0,wltp_class3b,PPO_seed42
1724,28.5056,-5320.3656734602255,0.0,0.0,0.4356024076916774,25.205945595060474,-0.010000687356128244,0.0,0.05000343678064122,0.0,0.0,0.0,wltp_class3b,PPO_seed42
1725,28.2298,-5378.924018550147,0.0,0.0,0.4355683962801895,25.206059629659084,-0.010110759433364938,0.0,0.050553797166824684,0.0,0.0,0.0,wltp_class3b,PPO_seed42
1726,27.9583,-5264.287570746423,0.0,0.0,0.4355351110779677,25.206166615409263,-0.009895277388621096,0.0,0.04947638694310548,0.0,0.0,0.0,wltp_class3b,PPO_seed42
1727,27.6869,-4972.485258010201,0.0,0.0,0.43550367213844793,25.206265147368317,-0.009346776800771053,0.0,0.04673388400385527,0.0,0.0,0.0,wltp_class3b,PPO_seed42
1728,27.411,-4486.895273090353,0.0,0.0,0.4354753044948218,25.206353887292003,-0.008434013671222469,0.0,0.04217006835611234,0.0,0.0,0.0,wltp_class3b,PPO_seed42
1729,27.1268,-3843.768036920046,0.0,0.0,0.4354510038778587,25.206432217778367,-0.007225127888947455,0.0,0.036125639444737276,0.0,0.0,0.0,wltp_class3b,PPO_seed42
1730,26.8306,-3049.694028020509,0.0,0.0,0.4354317242425677,25.206500081531953,-0.005732507571467122,0.0,0.02866253785733561,0.0,0.0,0.0,wltp_class3b,PPO_seed42
1731,26.5197,-2150.191919494189,0.0,0.0,0.4354181316724333,25.206558244905068,-0.004041714134387573,0.0,0.020208570671937865,0.0,0.0,0.0,wltp_class3b,PPO_seed42
1732,26.1922,0.0,1182.350917767279,0.0,0.4354181316724333,25.206606741699712,-0.016668480983561263,0.01111232065570751,0.0,0.0,0.0,0.0,wltp_class3b,PPO_seed42
1733,25.8473,0.0,195.3446305705603,0.0,0.4354181316724333,25.20664954267906,-0.0027539186640586507,0.0018359457760391005,0.0,0.0,0.0,0.0,wltp_class3b,PPO_seed42
1734,25.4852,552.1209975716274,0.0,0.0,0.4354216214461623,25.206687312696417,0.029880954440004315,0.0,0.005189107120034092,0.022084839902865097,0.0,0.0,wltp_class3b,PPO_seed42
1735,25.1074,1187.8897022064364,0.0,0.0,0.4354291293401087,25.206720982597005,0.06428894794347315,0.0,0.011164376900436432,0.047515588088257454,0.0,0.0,wltp_class3b,PPO_seed42
1736,24.7161,1746.3772067077127,0.0,0.0,0.4354401665373345,25.206751201558593,0.09451445965324898,0.0,0.016413319611914595,0.06985508826830851,0.0,0.0,wltp_class3b,PPO_seed42
1737,24.3145,2200.4811986455625,0.0,0.0,0.4354540730104733,25.20677828652933,0.11909070426955456,0.0,0.02068121427298461,0.0880192479458225,0.0,0.0,wltp_class3b,PPO_seed42
1738,23.9065,2533.3506250876003,0.0,0.0,0.43547008234376094,25.206802234233823,0.13710569773970332,0.0,0.02380968632601128,0.10133402500350401,0.0,0.0,wltp_class3b,PPO_seed42
1739,23.4963,2740.5287418390853,0.0,0.0,0.43548740007944575,25.206822818826904,0.14831823972750177,0.0,0.02575684907743501,0.10962114967356341,0.0,0.0,wltp_class3b,PPO_seed42
1740,23.0883,2821.1886476097443,0.0,0.0,0.4355052266603505,25.20683968738035,0.1526835780864281,0.0,0.02651493089858782,0.11284754590438976,0.0,0.0,wltp_class3b,PPO_seed42
1741,22.6867,2785.4497243016776,0.0,0.0,0.4355228265923915,25.20685250250615,0.1507493768084472,0.0,0.026179038762233812,0.1114179889720671,0.0,0.0,wltp_class3b,PPO_seed42
1742,22.2954,2645.7698779396096,0.0,0.0,0.435539543201639,25.206861025186775,0.1431898615143557,0.0,0.02486625825131212,0.10583079511758438,0.0,0.0,wltp_class3b,PPO_seed42
1743,21.9175,2426.4826817362095,0.0,0.0,0.4355548736418825,25.206865215613636,0.13132197250479125,0.0,0.02280528836218242,0.09705930726944838,0.0,0.0,wltp_class3b,PPO_seed42
1744,21.5555,2145.660498014689,0.0,0.0,0.4355684293025328,25.206865202392486,0.11612379146398294,0.0,0.020165982124198206,0.08582641992058757,0.0,0.0,wltp_class3b,PPO_seed42
1745,21.2105,1839.4994147306907,0.0,0.0,0.43558005027830315,25.206861327730866,0.09955426155813167,0.0,0.01728852833393506,0.07357997658922763,0.0,0.0,wltp_class3b,PPO_seed42
1746,20.883,1523.2457438052913,0.0,0.0,0.43558967298365836,25.206854002885056,0.08243851777376304,0.0,0.014316219396666273,0.06092982975221165,0.0,0.0,wltp_class3b,PPO_seed42
1747,20.5721,1229.9520694141324,0.0,0.0,0.4355974426196396,25.20684371240147,0.06656537590708966,0.0,0.011559699900508763,0.049198082776565295,0.0,0.0,wltp_class3b,PPO_seed42
1748,20.276,979.6186483832115,0.0,0.0,0.4356036306969097,25.20683091299877,0.05301725587264929,0.0,0.00920694218405274,0.03918474593532846,0.0,0.0,wltp_class3b,PPO_seed42
1749,19.9917,798.2293656010635,0.0,0.0,0.43560867281972193,25.206816011481344,0.04320041333531169,0.0,0.0075021556917393185,0.03192917462404254,0.0,0.0,wltp_class3b,PPO_seed42
1750,19.7159,690.614578907928,0.0,0.0,0.43561303505614213,25.20679932058563,0.037376268714129815,0.0,0.006490738523570752,0.02762458315631712,0.0,0.0,wltp_class3b,PPO_seed42
1751,19.4444,674.6788660258635,0.0,0.0,0.43561729652060005,25.206781104275606,0.03651382314025688,0.0,0.006340966785957363,0.02698715464103454,0.0,0.0,wltp_class3b,PPO_seed42
1752,19.1167,1968.5049227612844,0.0,0.0,0.43562972983705184,25.206764749335818,0.10653607845139643,0.0,0.018500986116177485,0.07874019691045138,0.0,0.0,wltp_class3b,PPO_seed42
1753,18.7846,2126.6306677683965,0.0,0.0,0.4356431614966889,25.206747499155274,0.11509389132779638,0.0,0.01998713033616914,0.08506522671073587,0.0,0.0,wltp_class3b,PPO_seed42
1754,18.4441,2360.243969810679,0.0,0.0,0.43565806820677255,25.206729824221398,0.1277371134939644,0.0,0.022182744077168037,0.09440975879242716,0.0,0.0,wltp_class3b,PPO_seed42
1755,18.0917,2654.5471818101137,0.0,0.0,0.4356748331743452,25.20671220564516,0.143664891839618,0.0,0.02494875170874167,0.10618188727240455,0.0,0.0,wltp_class3b,PPO_seed42
1756,17.7245,2992.8159174293014,0.0,0.0,0.4356937339486767,25.206695120582616,0.16197209754628653,0.0,0.02812796914877163,0.11971263669717205,0.0,0.0,wltp_class3b,PPO_seed42
1757,17.3407,3348.865967936761,0.0,0.0,0.43571488269248265,25.206678957300543,0.1812416333624722,0.0,0.03147430420993196,0.13395463871747043,0.0,0.0,wltp_class3b,PPO_seed42
1758,16.9395,3699.7913191739726,0.0,0.0,0.43573824690392116,25.206663976868708,0.20023381891288916,0.0,0.03477247480426666,0.14799165276695891,0.0,0.0,wltp_class3b,PPO_seed42
1759,16.5212,4022.4017550861918,0.0,0.0,0.43576364764066355,25.206650253732167,0.21769359273015346,0.0,0.037804527773366466,0.16089607020344768,0.0,0.0,wltp_class3b,PPO_seed42
1760,16.087,4299.257586244499,0.0,0.0,0.43579079585249686,25.20663767133554,0.23267711357735263,0.0,0.04040655626169642,0.17197030344977995,0.0,0.0,wltp_class3b,PPO_seed42
1761,15.6395,4506.306946155334,0.0,0.0,0.4358192506451113,25.206625838976738,0.24388268720621126,0.0,0.04235250889243735,0.18025227784621337,0.0,0.0,wltp_class3b,PPO_seed42
1762,15.1816,4641.597789129718,0.0,0.0,0.43584855884546075,25.206614272405304,0.2512046683169602,0.0,0.04362403937151991,0.18566391156518872,0.0,0.0,wltp_class3b,PPO_seed42
1763,14.7174,4689.697156984788,0.0,0.0,0.4358781698843147,25.206602298186134,0.2538078205712519,0.0,0.044076101099481096,0.18758788627939152,0.0,0.0,wltp_class3b,PPO_seed42
1764,14.2509,4659.005980206507,0.0,0.0,0.4359075862924804,25.206589297174933,0.25214680485358226,0.0,0.04378765018991078,0.18636023920826028,0.0,0.0,wltp_class3b,PPO_seed42
1765,13.7866,4548.9606973062955,0.0,0.0,0.4359363070921858,25.206574659960328,0.24619112104669713,0.0,0.042753390012277216,0.18195842789225183,0.0,0.0,wltp_class3b,PPO_seed42
1766,13.3288,4370.677817138095,0.0,0.0,0.43596390153641856,25.20655791850894,0.2365423979530827,0.0,0.04107779903325277,0.17482711268552378,0.0,0.0,wltp_class3b,PPO_seed42
1767,12.8812,4140.504196648252,0.0,0.0,0.4359900421171973,25.206538799688463,0.22408533238702344,0.0,0.038914513126393345,0.1656201678659301,0.0,0.0,wltp_class3b,PPO_seed42
1768,12.4471,3870.5061085037887,0.0,0.0,0.43601447752524464,25.206517182097684,0.20947295465421256,0.0,0.036376937109998016,0.15482024434015154,0.0,0.0,wltp_class3b,PPO_seed42
1769,12.0287,3580.8585220138943,0.0,0.0,0.43603708382932543,25.20649313655249,0.19379714016132338,0.0,0.033654685357273444,0.14323434088055578,0.0,0.0,wltp_class3b,PPO_seed42
1770,11.6275,3283.989669427945,0.0,0.0,0.43605781555646106,25.206466836498258,0.17773050857550637,0.0,0.030864564562292716,0.13135958677711781,0.0,0.0,wltp_class3b,PPO_seed42
1771,11.2438,2996.870554133422,0.0,0.0,0.43607673436182237,25.206438556664384,0.16219153570415315,0.0,0.028166076636592312,0.11987482216533688,0.0,0.0,wltp_class3b,PPO_seed42
1772,10.8766,2735.27165127893,0.0,0.0,0.43609400144167776,25.206408630153003,0.1480337244053063,0.0,0.025707440331568892,0.10941086605115721,0.0,0.0,wltp_class3b,PPO_seed42
1773,10.5241,2506.8497121180026,0.0,0.0,0.4361098263085638,25.206377381222055,0.13567146035958932,0.0,0.023560617595094008,0.1002739884847201,0.0,0.0,wltp_class3b,PPO_seed42
1774,10.1836,2319.168240343506,0.0,0.0,0.43612446620187495,25.206345117808002,0.12551408266159816,0.0,0.021796693988190848,0.09276672961374025,0.0,0.0,wltp_class3b,PPO_seed42
1775,9.8516,2177.4191374637753,0.0,0.0,0.43613821111687334,25.20631212009113,0.11784257858243799,0.0,0.02046446557766706,0.08709676549855101,0.0,0.0,wltp_class3b,PPO_seed42
1776,9.5238,2085.687532087794,0.0,0.0,0.43615137681901,25.206278642519408,0.11287803651103713,0.0,0.01960232642939656,0.08342750128351176,0.0,0.0,wltp_class3b,PPO_seed42
1777,9.1961,2036.6924424016127,0.0,0.0,0.43616423309813557,25.206244881078774,0.1102264075218557,0.0,0.01914184626317305,0.0814676976960645,0.0,0.0,wltp_class3b,PPO_seed42
1778,8.864,2029.2523034748392,0.0,0.0,0.43617704227369797,25.20621101225894,0.10982374496550294,0.0,0.019071920145440218,0.08117009213899357,0.0,0.0,wltp_class3b,PPO_seed42
1779,8.5235,2052.7798756103307,0.0,0.0,0.4361899998256734,25.20617716697123,0.11109706424543729,0.0,0.019293043943706116,0.08211119502441323,0.0,0.0,wltp_class3b,PPO_seed42
1780,8.171,2097.9893303292297,0.0,0.0,0.436203242613069,25.206143441542324,0.11354381353165259,0.0,0.019717944833921332,0.08391957321316919,0.0,0.0,wltp_class3b,PPO_seed42
1781,7.8039,2150.6497854234944,0.0,0.0,0.43621681766343195,25.206109878405904,0.11639381319908505,0.0,0.020212873923153143,0.08602599141693978,0.0,0.0,wltp_class3b,PPO_seed42
1782,7.4201,2201.9564450803878,0.0,0.0,0.4362307164266739,25.20607648470805,0.11917054505029046,0.0,0.020695079371056278,0.08807825780321552,0.0,0.0,wltp_class3b,PPO_seed42
1783,7.0189,2236.8364461948368,0.0,0.0,0.4362448352140094,25.206043202470937,0.12105826120083032,0.0,0.0210228989304026,0.08947345784779347,0.0,0.0,wltp_class3b,PPO_seed42
1784,6.6005,2246.5177121789925,0.0,0.0,0.4362590149722159,25.20600993272587,0.12158221422755178,0.0,0.021113888272358952,0.0898607084871597,0.0,0.0,wltp_class3b,PPO_seed42
1785,6.1664,2221.6173240818766,0.0,0.0,0.4362730374305195,25.20597653517789,0.12023459773489735,0.0,0.02087986206843869,0.08886469296327507,0.0,0.0,wltp_class3b,PPO_seed42
1786,5.7188,2159.660358173735,0.0,0.0,0.4362866687045522,25.20594286399382,0.11688146810627476,0.0,0.020297559757271946,0.08638641432694939,0.0,0.0,wltp_class3b,PPO_seed42
1787,5.261,2058.0341626922204,0.0,0.0,0.4362996584270444,25.205908775711436,0.11138142784254587,0.0,0.019342426341092296,0.08232136650768881,0.0,0.0,wltp_class3b,PPO_seed42
1788,4.7967,1920.7762311974982,0.0,0.0,0.4363117817209682,25.205874163936333,0.1039529873094706,0.0,0.01805240818794641,0.07683104924789992,0.0,0.0,wltp_class3b,PPO_seed42
1789,4.3303,1751.9741244177494,0.0,0.0,0.4363228395133152,25.20583896292196,0.09481736652299969,0.0,0.016465922221971328,0.07007896497670997,0.0,0.0,wltp_class3b,PPO_seed42
1790,3.866,1561.2394501091371,0.0,0.0,0.4363326933983418,25.205803164803978,0.08449474858560577,0.0,0.014673303102529484,0.062449578004365486,0.0,0.0,wltp_class3b,PPO_seed42
1791,3.4082,1356.3388552643314,0.0,0.0,0.4363412539900053,25.205766804577262,0.07340546676836585,0.0,0.012747545632183567,0.054253554210573256,0.0,0.0,wltp_class3b,PPO_seed42
1792,2.9606,1147.9491720596077,0.0,0.0,0.4363484992875526,25.205729956088266,0.06212735443973726,0.0,0.010788995978003832,0.04591796688238431,0.0,0.0,wltp_class3b,PPO_seed42
1793,2.5264,944.2147249339231,0.0,0.0,0.43635445868979356,25.205692711112782,0.051101184887777276,0.0,0.00887419854261206,0.037768588997356925,0.0,0.0,wltp_class3b,PPO_seed42
1794,2.1081,752.0627455024429,0.0,0.0,0.43635920531268624,25.205655165274223,0.04070186197087657,0.0,0.007068258886301155,0.030082509820097716,0.0,0.0,wltp_class3b,PPO_seed42
1795,1.7069,577.3466699264021,0.0,0.0,0.436362849212024,25.20561740747612,0.0312461754145131,0.0,0.005426190506827087,0.023093866797056085,0.0,0.0,wltp_class3b,PPO_seed42
1796,1.3231,422.39364439206975,0.0,0.0,0.43636551512780963,25.205579510860975,0.02286007107018134,0.0,0.003969865078872836,0.01689574577568279,0.0,0.0,wltp_class3b,PPO_seed42
1797,1.1905,45.289071735257004,0.0,0.0,0.43636580096719557,25.20554145443351,0.002451058183085563,0.0,0.00042564917044414475,0.0018115628694102802,0.0,0.0,wltp_class3b,PPO_seed42
1798,0.7937,265.31662821937834,0.0,0.0,0.4363674754986272,25.205503469510724,0.014359015713707407,0.0,0.0024935773328888943,0.010612665128775133,0.0,0.0,wltp_class3b,PPO_seed42
1799,0.3968,132.76514269268017,0.0,0.0,0.4363683134382829,25.20546544176045,0.0071852894518940735,0.0,0.0012477926944800767,0.0053106057077072066,0.0,0.0,wltp_class3b,PPO_seed42
